"","predValues","predValues","predValues","predValues","predValues","predValues","predValues","predValues","predValues","predValues","predValues","predValues","predValues","predValues","predValues","predValues","predValues","predValues","predValues","predValues","predValues","predValues","predValues","predValues","predValues","predValues","predValues","predValues","predValues","predValues","predValues","predValues","predValues","predValues","predValues","predValues","predValues","predValues","predValues","predValues","predValues","predValues","predValues","predValues","predValues","predValues","predValues","predValues","predValues","predValues","predValues","predValues","predValues","predValues","predValues","predValues","predValues","predValues","predValues","predValues","predValues","predValues","predValues","predValues","predValues","predValues","predValues","predValues","predValues","predValues","predValues","predValues","predValues","predValues","predValues","predValues","predValues","predValues","predValues","predValues","predValues","predValues","predValues","predValues","predValues","predValues","predValues","predValues","predValues","predValues","predValues","predValues","predValues","predValues","predValues","predValues","predValues","predValues","predValues","predValues"
"DC-2010-001-A",-0.0999174436649117,-0.0761584253858588,-0.0658289965251951,-0.0526533849525362,-0.0728251584832575,-0.0401552356420065,-0.061409137900687,-0.0456057477073226,-0.0527404459749506,-0.066394976404353,-0.0595067097326983,-0.0720547365109394,-0.0149014059840261,-0.0494571200471346,-0.0563791136019188,-0.0862153542917267,-0.0583960813618083,-0.0615881523444168,-0.0651217115123482,-0.0520169231520999,-0.0633335993976957,-0.0560606891398452,-0.0321477641641285,-0.103393839549002,-0.0763092323808377,-0.0898620985212852,-0.062233359732385,-0.0579176293155857,-0.0713070077548306,-0.0740666405192069,-0.0578896791046418,-0.0320521347163541,-0.0853393197018804,-0.0706612862815549,-0.081947587508926,-0.0847537138108061,-0.0599218958025032,-0.0804499712321318,-0.0498907546051362,-0.0647623691177122,-0.0616488635896684,-0.062694381856046,-0.0630733785422344,-0.0690903968570574,-0.0734332038172479,-0.0501540296580868,-0.075436856676583,-0.0790589924971682,-0.0913711566195196,-0.0585652189749845,-0.0798302388909483,-0.0648126747814599,-0.086402810587917,-0.0681928614897201,-0.0815356369613419,-0.0793208425845507,-0.0858781042161317,-0.0829733253707464,-0.0611280314682895,-0.0646888632317588,-0.135096629376331,-0.105699754341171,-0.0871053001332893,-0.0449107809689221,-0.0722979624147842,-0.0637001674967326,-0.093673298663545,-0.094398417831019,-0.0855322252340319,-0.0705708082093843,-0.0663301704901774,-0.0773498003394635,-0.0288558609002234,-0.0761675913139832,-0.076314911520251,-0.0461017260864245,-0.0814390781263958,-0.0323024034942632,-0.0827910357298751,-0.0604025093061283,-0.127028714291294,-0.0680040238324883,-0.0803789153530574,-0.106048574604602,-0.0896637048093589,-0.0545937746159899,-0.0841033127962382,-0.0739065839809972,-0.0944658166879853,-0.0646270870661057,-0.0768270645959503,-0.098199908491951,-0.0146415025752916,-0.0871740093770489,-0.0471341491092933,-0.0851821155286428,-0.0447473499627523,-0.0749263607417245,-0.072473780934328,-0.0780303538298626
"DC-2010-001-E",-0.00469628761440122,-0.0419425658027159,-0.0257076566855042,-0.042482757972004,0.0193247017574144,-0.0240608194420576,-0.0242902041127398,-0.0256638649394421,-0.0185017805748069,-0.0499781025464101,-0.0119009275798356,-0.0280308658647021,-0.0272126702188908,-0.0180584779290517,0.00549364769389699,-0.0394498404011334,-0.00946121285789622,-0.0285687063350579,-0.0212687711414264,-0.0550836597503955,0.00266168947772913,-0.0319078691833679,-0.0449610814181046,-0.0314341831701832,-0.0195747472934736,-0.0372281322033386,-0.0404703867782349,-0.0390212827618342,-0.0511867664954725,-0.0456848279900207,-0.019364775258323,-0.0251891518763191,0.016303244139795,-0.0312261516001495,-0.0241563417739741,-0.0327379754002722,-0.00776514469523573,-0.0221226110455586,0.000593648108862324,-0.0629658398278218,-0.0199803026783161,-0.0212666090718391,-0.0175894065724058,-0.0380052155834492,-0.00895341982974025,-0.0187075257472127,-0.0459202245692726,-0.0823469665462359,-0.0158135092066196,-0.00614436908668987,-0.0161970022718726,-0.0151932859721083,-0.0078526732843862,-0.000889633284488666,-0.0389623689295184,-0.0232072180709973,-0.0133195232738082,-0.0221234319812395,-0.0362348775449256,-0.0357478139472939,-0.0294325207435611,-0.050777237988413,-0.0026527329905095,-0.0161942838831305,-0.030586462293935,-0.0570436573908985,-0.0153496989919013,-0.00383717870092697,-0.0522971755246286,-0.0322823123650639,-0.00380155031077877,-0.0188107379186273,-0.031932457872508,-0.00571213338036396,-0.0118290074919069,-0.0228123648424984,-0.0313769509179065,-0.02443019358461,-0.00047414160841306,0.000236084824301847,-0.0230274053350125,-0.0265962592001601,0.0100083440561367,-0.0219289791494287,0.000138156972572235,-0.0129977582241721,-0.0373056994894672,-0.00524049970814386,-0.031679468128484,-0.0140326943537159,-0.020058329437664,-0.0494909601805791,-0.0312468599080282,-0.0215460823909356,-0.0237763421107024,-0.0615137087303084,-0.0108427707252656,-0.0752957256180973,-0.0297625534065129,-0.0128368779367615
"KY-2009-001-B20-e",-0.0364747749984105,-0.0380968556018762,-0.0435041983721373,-0.032449548372086,-0.0262363773637139,-0.0417427564765316,-0.0297606309483449,-0.0427990132612853,-0.0564139364162088,-0.0589856885811631,-0.0343912687318286,-0.0477646672735661,-0.0419955714906671,-0.022945935702083,-0.0492734565357572,-0.0384063443465334,-0.0438170523784477,-0.0328461980825252,-0.0521480234117055,-0.0352077852588042,-0.0503315379618101,-0.0236828725403119,-0.0337253344562964,-0.0968383801790526,-0.0259544900606098,-0.0333917985162395,-0.0340567714826691,-0.0338961105112326,-0.0840882801291878,-0.043422526689851,-0.0429312942037114,-0.0973485716440591,-0.0402280654078819,-0.0461922000502909,-0.0312960827325024,-0.0364154751030168,-0.0314098572033311,-0.0375483392991277,-0.0346005350136219,-0.0293375158509327,-0.0367649722377996,-0.0396953940932559,-0.0449533023833305,-0.0520518777603507,-0.0461511127158344,-0.0320537139459119,-0.0357651042236832,-0.0532089074532978,-0.0750222642093596,-0.0359021864942823,-0.0243131458620178,-0.0297891730176208,-0.0349761421316549,-0.058227014074209,-0.0191505173417716,-0.0215546674532763,-0.0271952215498648,-0.0268895223560681,-0.0272015025737048,-0.0290523213599667,-0.0474796304235033,-0.0471449429813621,-0.040189495639925,-0.0358731402141395,-0.0279032543827579,-0.0420409621571613,-0.0338589433825976,-0.0455331570383459,-0.0282640910969592,-0.0360810714087071,-0.0403542842073814,-0.0422619940917816,-0.0421866090476178,-0.0289786708245485,-0.054889980032815,-0.0348305193571819,-0.0550434358653893,-0.0300730781118595,-0.0459057189743699,-0.0350043617904903,-0.0477816795223763,-0.0569692080326222,-0.0379021520931478,-0.0364815304270381,-0.0555014365268636,-0.0343829771078777,-0.0338211850438042,-0.0385682112788561,-0.020956996880833,-0.0500509095063719,-0.0379574295714944,-0.0448117237123526,-0.0212402330051027,-0.0430949313598838,-0.0132376547661214,-0.0209610503633673,-0.0351861016933053,-0.0413363891043136,-0.0473752999842378,-0.0338995851287903
"KY-2009-001-C",0.0505303241584341,0.0437396989093677,0.0385118806959078,0.0352393797331442,0.0178834346294039,0.0389352259385098,0.026309734611362,0.0421789314654722,0.0541766650439518,0.0231047841147639,0.0543768728240785,0.0468303007135626,0.0259695057850989,0.030993311056838,0.0396025534448099,0.0192190315807377,0.0389451454544999,0.0256306372436323,0.0287192256686992,0.0278662237424219,0.038965744853145,0.0273806395129087,0.0658177382784121,0.00129089623981996,0.045122460964581,0.035944803647703,0.0485693674879542,0.0733728614286213,0.0115371760916958,0.0287778935403551,0.0282821850831574,-0.00486483811925785,0.0414603391231185,0.0198751462144768,0.0740843786288334,0.0460051399396835,0.0381653562735119,0.0348989460992885,0.0266633956454639,0.0401795432214445,0.0465148868460586,0.0220284916471163,0.0372068266349258,0.0699361081719165,0.0297169622754921,0.036470393499525,0.0394223507372344,0.016036773173987,0.0176145572891831,0.0268967725986127,0.0328776542525077,0.0102973274301099,0.0565976619976755,0.0294332022190251,0.0333275035846752,0.0300866015326704,0.0315179662195394,0.0385379908317309,0.0359549023109357,0.0384488906531906,0.0392292912067103,0.0316705769952581,0.0414880946219524,0.0187846862335229,0.0388236806359867,0.0132602859728014,0.0319839014249491,0.0298831385432696,0.0356942524426282,0.0344577577471072,0.0499269722302259,0.039863710552445,0.0175297370061187,0.0233852572904514,0.0361547295947226,0.0244639550876316,0.0470557666008232,0.0313517691550961,0.0541251830159806,0.0540454584538751,0.0460042106915028,0.0251124946542664,0.0349939459301496,0.0204899904031114,0.0614623672469852,0.0359808040334134,0.0314755156283104,0.0271984849284063,0.0373490577912699,0.0473697232398188,0.0256115010079992,0.0350182990728816,0.0868914942856977,0.0584445515054319,0.0479386659131237,0.044037509331698,0.01883364650856,0.0251970893392551,0.042849944446036,0.00792617823291148
"KY-2009-001-D",0.215816854581293,-0.0834565899148228,0.226920857737875,0.225204710599241,0.236836285028316,0.194657286386759,0.193285173672412,0.20779049447668,-0.068779730322082,0.193468049097396,0.207454979614346,0.216593544314728,0.213549435394513,0.220139688772925,0.262576274386127,0.235148148287462,0.196776119538467,0.234625873480125,0.260606962315307,0.191156719013396,0.215164586639439,0.226473320877094,0.189885185931709,0.213319438958603,0.172431007198653,0.201598290802509,0.189820400673634,0.215932101741993,0.224078799094773,0.239286668903376,0.204597249744255,0.259835003708911,0.154350403699458,0.201671473693697,0.222710643095428,0.195746993773254,0.221752013146066,0.204723734287295,0.158410191400507,0.249696029585703,0.177959562951207,0.208307835266322,0.236150700082259,0.231816398217504,0.190148474002767,0.195997377353623,0.215518730936049,0.227502302401167,0.205617767384041,0.189823289323859,0.263234507531659,0.176726742951626,0.237924725826668,0.199791856555678,0.25249030873506,0.199470426246668,0.178111138531154,0.191300233696604,0.216752586104726,0.213824313536374,0.201119468475047,0.184160457083137,0.235372663934764,0.211153365887253,0.244827319808811,0.206694579435932,0.244771665075091,0.187305186738425,0.192544503507689,-0.0576242484925682,0.181004053273864,0.217309804200452,0.206539790156663,-0.093563787714945,0.217708897304814,0.246943324643305,0.198528577736207,0.201241698148436,0.254518824510651,0.215034512928704,0.2180880411589,0.187389842584323,0.209042370253266,0.241970685810942,0.217929760733824,0.204870613282824,0.191794731718908,0.183020974710305,0.193658662072454,0.240667198784564,0.262595536212701,0.257767690103475,0.230875078057256,0.207430862838965,-0.0615331327195023,0.238621040376485,0.215642064353688,-0.0735935688336495,-0.0722973159746671,0.177360333592525
"NC-2010-001-009",0.0886258225092056,-0.0557126054559929,0.071345049111132,0.0816272543551083,0.0583104918064046,-0.0416381268496629,0.0857915919281347,-0.036878453081622,0.0850434699998116,0.0858874866198213,0.0668077308765293,0.0721790529286147,0.0803309415141567,0.0725972200918326,0.0760351283573241,0.119731891158149,0.0847782202745475,-0.0315022051942808,-0.0407553499917446,0.0943738430295147,0.0843648821725452,0.0870682268949272,0.0706817166896883,0.0838853454339842,0.0828693764403681,0.0829967617382368,0.0885697996185616,0.0881290410204633,0.0738712096781922,0.0845488565911635,0.0850046172338409,0.0763564365517337,0.0573371826785068,0.0776470785192027,-0.0274121142609299,0.071497466930253,0.0746559028491301,0.0697177625631063,-0.0262956835157404,0.0984613947308091,0.0815053805120063,0.0847861517949121,0.0615386215255907,0.0760724390950408,-0.0261146066586255,-0.0269542764656056,0.101269371402044,0.0929910282891381,0.0786981021827526,0.0930977978599849,-0.0526424210057749,0.0629564368710638,0.0637812351116927,0.0814038273982218,0.0823348785875525,-0.0378581555671611,0.104738008227891,0.0741880853440856,0.0900994144193218,0.0942098251381668,0.077624035609488,-0.0548251944206944,0.0740519627769922,0.0538128762052424,0.106614078199718,0.0729925275966237,0.0980764210668899,0.0594109327893519,0.0669793307892888,0.0716616373614839,0.0916955459374323,0.0775910493719942,0.0501936689847027,0.0755836103642397,0.0684584946828803,0.110469918289493,0.0953844468275495,0.0948166363164759,0.0535909305695989,0.0932569689498747,0.0912885160776827,0.0736760553487522,0.0852192083088431,0.0823540163274459,0.10600571326525,0.0844222135148102,0.0876355197783938,0.134727544799485,0.0794840577082957,0.0928970337782781,0.0782576344704527,0.0906029375393831,0.0790325643305079,0.0742472667118173,0.0807794951768841,0.0892467194392458,0.0881772716682969,0.0740998024189173,0.0898524578927282,0.0719779865382875
"NC-2010-001-010",-0.0711729510278313,-0.0812535157793658,-0.060895228767777,-0.0818577157034243,-0.0869788255337194,-0.0664088826139569,-0.104176220481011,-0.0813370762053485,-0.0670159024516849,-0.0746241130660873,-0.0781449681800176,-0.059286926299474,-0.0708921454825718,-0.0447028063743868,-0.0795265235473489,-0.0582762925444358,-0.0911913869709632,-0.0902102312068216,-0.0766479003035953,-0.0761313729873207,-0.0682299702282401,-0.0607796091694067,-0.0572040977283907,-0.123938529052804,-0.0690009082550117,-0.0494869602333942,-0.0640873745493897,-0.0755495664470919,-0.0758969691923274,-0.0678588371533719,-0.0794333318481418,-0.0656416807245279,-0.0886675476718181,-0.0807404302619317,-0.0543207275658203,-0.0682597004336034,-0.0810920425662762,-0.0808587957354334,-0.0761967958932005,-0.0799920414349348,-0.0501229563915298,-0.0766330090601579,-0.0721023201780106,-0.087803440318245,-0.0833969364378911,-0.0543207279708442,-0.0575775075266649,-0.0789639795596239,-0.0755407409364577,-0.0720252194583889,-0.0732851524200407,-0.0624403853003512,-0.0428181611883328,-0.0808529242331547,-0.0710797946478179,-0.0552859052631742,-0.0876764306243356,-0.0826840652884405,-0.0766115058440986,-0.0805606154791629,-0.0837784359068103,-0.0708908779819818,-0.0631378715139281,-0.0526481650265625,-0.0820479585876459,-0.059743924693433,-0.0703982367372196,-0.0723908047158797,-0.0729178272319456,-0.071164042418971,-0.0646122171333869,-0.0770648110380129,-0.0747987022517046,-0.0628897323317047,-0.138919796820618,-0.0674860801362512,-0.0741073941560733,-0.0579937815151824,-0.0574763054955401,-0.0283323109194342,-0.0716491168057856,-0.0839704701351702,-0.0724273979689879,-0.0688585132014342,-0.0345958460397512,-0.0722092105581973,-0.0681376317408019,-0.0656283022329096,-0.0795288681877451,-0.0678297003597168,-0.0791191974038378,-0.091727235274803,-0.073659013652491,-0.101229501559614,-0.0927917059721672,-0.0722829893410977,-0.0662115052778621,-0.0577449168176846,-0.0783792089070588,-0.0636901959157928
"NC-2010-001-5-B18-a",0.060894794552347,-0.0852615242610261,0.0423268877525796,0.0656910081152402,0.0355877667534571,0.0362873890445196,0.0615886534300701,0.0556245475963524,0.0668094039924461,0.0608901846642971,0.0552598608668858,0.0443242682299347,0.0442744553882607,0.046911819895446,-0.0847397857173923,0.0463706656794633,0.0444479522619795,0.0425274679236121,0.0280208599290704,0.0299513502789463,0.0424121471935048,0.0386497167099143,0.0557612458320369,0.0276478109091375,0.0210073290968007,0.0383331063913712,0.0280389828074685,-0.0797119605658541,0.0439095341194583,0.0837159053006806,0.0746130612007856,0.0714731502291311,0.0388348749835605,0.0592338560486951,0.0869999360583586,0.0657124904464129,0.0471985735114547,0.0497387319620182,0.0651521029016837,0.036753660679362,0.0467138466677875,0.0623566767614009,0.0699523574946011,0.0519480624200318,0.0486261529214841,0.0303724113487217,0.0921929105235551,0.0628645151086333,0.0350636155179579,0.0776553231968155,0.0432060104573191,0.036627238596539,0.0661301977308666,-0.082040360315243,0.0381292616315242,0.0589053645922376,0.0527526022749846,0.0798953765429609,0.0556787368081719,0.0449980878181368,0.0421513585733419,0.0598823505336169,0.0284894597110926,0.0655283589436241,-0.0948487695812088,0.0229057272671927,-0.040594971392392,0.0540394872769365,0.0818208226625213,0.0520521042020751,0.0621666276810496,0.0469922979205043,0.100094016305857,0.0470977519583949,-0.124347034551033,0.048633703725596,0.0353996941782924,0.0477486345288466,0.0664849633205254,0.0435301591390044,0.0334899386547685,0.0689697511869575,0.0398453520884335,0.0769504311325955,0.0248737128630502,0.0738978792983315,0.071960861545784,0.0540133103470808,-0.103396310710816,0.0508631980005484,0.0411605637757449,0.0816577469942047,0.0599100623011115,-0.0778202261747611,0.074361059369902,0.0421096862733652,0.0563628620102899,0.0459078897904062,0.0609688078782148,0.0459378368421728
"NC-2010-001-5-C",0.0479049129421321,0.0562518847983258,0.0917976174506042,0.04712472919605,0.0574544282489807,0.0738458332862885,0.0672634692163432,0.0638868751499166,0.0525323518485219,0.0467348344533129,0.0674116011165614,0.0557442599781193,0.0547383126809326,0.0839022531195963,0.0384287563797734,0.0708450552600898,0.0418740389900225,0.0659730787791322,0.0418606214673102,0.0645962206009946,0.0440316826654866,0.0472198905517029,0.0688501006249564,0.0716618215568865,0.0638784494788843,0.05796727136759,-0.0719623950617462,0.0652608221223981,0.062464585414597,0.0883935481996346,0.0547652653910386,-0.143132620589204,0.068710982290868,0.0506606021574893,0.0561701720371341,0.0569354029546126,0.0820604873057231,0.0663871516201478,0.0649609601838437,0.0342440157557137,0.0548622188889607,0.059850418782424,0.0676915048501097,0.0446887900386955,0.0288420033975977,0.0579741807297382,0.0706614410000504,0.066968382361318,0.0536963041084769,0.0561658650802091,-0.10021763005332,0.0344807625287385,0.0644239815231575,0.072597273192253,0.0854498772253707,0.0549636434661426,0.0832539176134297,0.0524801636604822,0.0615965489515758,0.0677819379874181,0.0390229962047072,0.0553036240141002,0.0596043898321597,0.0568010796078933,0.0570602119479007,0.0866600244078484,0.0662360682877223,0.0633215955502624,0.0484029557480934,0.0421382003263496,0.0621764372450691,0.0389436521976284,0.0652009008647151,0.0595618685487485,0.0549428606942486,0.0530292956997677,0.0539805408949375,0.0719947329983541,0.0619911751541529,0.0817217415781157,0.0856189521729951,0.0738147963052141,-0.0870633580785225,-0.1131319850625,0.0393944609835556,-0.0752735369420944,-0.113067072235596,0.0507539123459018,0.0468055079835981,0.0539272489451671,0.0847224275406171,0.063462375367376,0.0546631350918029,0.0596194861773347,0.0534081815987686,0.0733661084152758,0.0464949079203263,0.0543204316039196,0.0450045117769616,0.0393766063383257
"NC-2010-001-B",-0.0399014269945451,-0.0465002443367989,-0.0151869651432969,-0.0364870311363712,-0.0318979630744422,-0.0389594094239934,-0.0366223297041212,-0.0325185782416619,-0.0350325713664218,-0.0423986437013901,-0.0362960322726672,-0.0354418363770149,-0.0416961945249281,-0.0459908901024247,-0.0436454032898848,-0.0431519295052653,-0.0718144361859831,-0.0318445370566892,-0.0316536760621237,0.0148966980736437,-0.0510064065105468,-0.0403900617350769,-0.0304224699852049,-0.0357436644448728,-0.0193623496762304,-0.037261599533987,-0.0406365237666186,-0.0276956455331507,-0.0436389754090136,-0.0297494587277841,-0.0434659353685798,-0.0319687007583044,-0.0451869750141599,-0.0399313706031925,-0.0302552087431144,-0.0383696997279665,-0.0252370663912758,-0.026388035022649,-0.0220046176107023,-0.0392507097634405,-0.0397135022405658,-0.0387611935118002,-0.0201988774450229,-0.0412449326433989,-0.0229575394893722,-0.0254626143006817,-0.0396616808060069,-0.0187888660605236,-0.0406532097606509,-0.0397205902151709,-0.0357351219369335,-0.0405214568878491,-0.0469980041350571,-0.0383206019775307,-0.0389187507841038,-0.0349991390296085,-0.0351734658556011,-0.0255128449027752,-0.0306584695614531,-0.0192660989460071,-0.0463809458788903,-0.039985015314091,-0.0431812232904976,-0.028955470447597,-0.0331638744999844,-0.0110246159795379,-0.0411691665487375,-0.0319308381841617,-0.0238289865032028,-0.0446498769481733,-0.0408773900162118,-0.0555557155615539,-0.0463443754166563,-0.0286585697038786,-0.0439864356323944,-0.0384107260537553,-0.0471634733817676,-0.044969257780414,-0.025638908232736,-0.0425843417903398,-0.0311746215920356,-0.0313258438127918,-0.0282100329310035,-0.0411617049504465,-0.0259418167158601,-0.0309668795313197,-0.0442573265066271,-0.0367103528628639,-0.0573859998464765,-0.0275636202598577,-0.0557725455243921,-0.0186339099226385,-0.0151002046885236,-0.035374491374226,-0.0150626044523593,-0.034445516164088,-0.0483845981007462,-0.0269453675457175,-0.0201000618265491,-0.0436560405027746
"NC-2010-001-B44-e",0.0173829554465331,0.0825771923761889,0.00963224070089412,0.0127745274219345,0.00583692459831504,0.000983167470075379,0.0112766868673435,0.0132957727734396,0.00586831341191278,0.05728486681788,-0.00473925969446635,0.0197734411387507,0.0243656467957477,-0.00286232401063513,0.0232666358135246,0.0187673849126138,-0.0195706026711812,0.0142460276012141,-0.0170599649020201,0.0035424408823464,0.0154884767043521,0.011578263322521,0.00885555720701817,-0.00974248931678473,0.0824721675793212,0.00814586854353312,0.0141358112611377,0.0116945872868153,-0.00400635633641201,0.000651348001682763,0.00969841003860962,-0.00814875539453638,-0.00109202465185169,0.0108775153789078,0.071631682770478,0.0416329248337585,0.000797955562111623,0.00540161194936864,0.00847655087824352,0.00114770061426861,-0.00266137561131444,0.000216000685130538,0.00310253739706582,0.00479119272853142,0.0120205369537793,0.0146381807125289,-0.00556311396103461,0.00670177631960151,-0.00578202422727406,-0.00355225690418533,0.0143792691523435,0.0130782863267966,-0.00294327098106425,0.00533766425293528,-0.0142930998525676,0.0322508555492765,-0.00586114050886195,-0.00189760124976035,0.00322103848647778,0.0903300739419715,0.0162342720429589,0.0123541237452952,0.00444811721649723,0.00983140729877818,0.063118957998124,-0.00423235783849607,0.0103712346213285,0.0584082137750378,0.00467377255630472,0.0156203412438371,0.0257378542156395,-0.0112776815186192,-0.00679500174420487,0.00657822705787138,0.0105587337066766,-0.00185982360139164,0.0160390484408054,0.0927346513895374,0.00751256333517739,0.0105993315939295,-0.0107738011453829,-0.0232414131200446,0.0111823183263926,0.00418074409512806,0.0291676896639602,0.0108331364764409,0.0228959313775883,0.0089073670031027,0.0534931531043058,0.0200213610679963,-0.00223260866458765,0.00816063620686131,0.0156757750788215,0.0104741614618917,0.00844099318435762,-0.00382331157261115,-0.014924322147808,0.0800328530588956,0.00850657195820576,-0.00763815251510561
"NC-2010-002-001",0.00176694401837613,0.0243757416263398,-0.000543402033988213,-0.0180535877292487,0.0119697124836499,0.000228566805304749,0.0155014095614218,0.0380664643596094,0.00279136342633888,0.0134555926614613,0.0150062221360012,-0.0065448050834955,0.000492597571857165,-0.00667803809014619,0.0106394065255719,0.00277634716799378,0.0115758204830878,0.0147353667228589,0.00823874563451583,0.00382221543614716,0.0311481125029704,0.0259674733306623,-0.0022481071831751,0.014268669974524,-0.00452751434484128,0.0369386969227381,0.0266307443051545,0.0144404292892407,0.0277053766447147,0.0273056712539608,-0.0106155151426735,-0.000751935999800976,-0.0150666019914329,-0.0134887770854835,0.0278258807525396,0.00518762628358061,0.000856457461882098,-0.0155858262390361,-0.00132250888646933,0.00820757592858783,-0.0311304552753516,-0.00786650199171991,0.0091297424080162,0.0112009787655138,-0.00470753573139039,-0.0157036555530515,0.0111905286930956,-0.0136777568464647,0.0189425528902017,0.0139689341649874,-0.00226805002287823,-0.0103488312729146,0.00870189384406674,0.0202496652871449,0.0116619035376593,0.0152680711624663,-0.00646294669399264,-0.00681819166292688,0.0187041493764656,-0.00776627264215823,0.00073538505743991,0.0117806158758542,0.0101022497930646,-0.00440387642256721,0.0100763402106052,0.0260095956981499,-0.00421704470020294,-0.0110123958824744,0.0189733897327791,0.0263590434858826,0.00304512177047468,-0.00960093220481399,-0.00352402280460736,-0.0301049998646108,0.0314878248239604,0.0328093161135677,-0.0126833822822296,0.00873875010648446,0.00510431959408989,0.0101126292532872,0.0356368696411127,0.0191381685081789,0.0212890045494332,0.0209329366527092,0.0248112254348207,0.0171553308928715,0.00959423913100996,0.0330489620841273,0.019208054106184,-0.00488986403358383,0.012907298122621,-0.000466154238878825,0.0189392801485796,-0.00614314705429011,0.00315017016726331,0.0325490654962251,-0.00172701671913779,0.00290468867834708,-0.00132183244019631,0.0215561813161122
"NC-2010-003-D",-0.116287270095058,-0.118601192327406,-0.125493074757565,-0.134657575375328,-0.110729619070155,-0.126270247941289,-0.113004001176539,-0.119063751050043,-0.155906568480522,-0.125446296942986,-0.129563236680635,-0.124203010185534,-0.127734417262999,-0.12011926532206,-0.133891801674833,-0.153835985306347,-0.119512976092027,-0.127663644383579,-0.138747702540355,-0.110870669483744,-0.159417388707826,-0.105304738341898,-0.132666370664696,-0.108946443059682,-0.0977826052056492,-0.128720602407575,-0.11141774729778,-0.0898661084417107,-0.0913192078161475,-0.130821865770836,-0.112592096090519,-0.182191037086654,-0.0968338431588275,-0.181886326912513,-0.111055390500468,-0.104514105232954,-0.120946910950231,-0.0893322285384102,-0.114578247599005,-0.11837903330867,-0.131697593910172,-0.0968283268894794,-0.0872468959978836,-0.117089657239909,-0.130800520843737,-0.145277890573838,-0.129077502452179,-0.137359237063034,-0.125107488256757,-0.106004352934954,-0.127667602056947,-0.118871347553602,-0.130981595927947,-0.159789451955682,-0.109140362014232,-0.138272375005758,-0.146720487859792,-0.0972768582021835,-0.1262610977442,-0.113716423597346,-0.146407774671423,-0.119001175200108,-0.112360076038275,-0.13733247797339,-0.126498142611079,-0.126113107772709,-0.111773361930718,-0.109629697200947,-0.125706518036996,-0.12171711780807,-0.0969118759975138,-0.118175200115125,-0.202528452920519,-0.123067835306396,-0.131360826708182,-0.0962158219676916,-0.108544137154032,-0.176722328388747,-0.119740769958703,-0.115258286637978,-0.191040387126297,-0.121923466836194,-0.141742752796127,-0.121518372255802,-0.110003270023898,-0.0754854950663533,-0.0955333220345862,-0.135199527827885,-0.137888112723686,-0.0995950058122695,-0.124739365535517,-0.130266640021242,-0.119893725432449,-0.100099074366249,-0.120064690169139,-0.102380774192541,-0.135830078480791,-0.125059238981808,-0.118857881831859,-0.131534748960562
"NC-2010-003-E",-0.0806055776962553,-0.0530016710891473,-0.0965659163728105,-0.0998177041635709,-0.0542944953236639,-0.0531237496469128,-0.0372213125267726,-0.0469905724482723,-0.0392281214668192,-0.0966781384335485,-0.0282420609505896,-0.0412502490516198,-0.0534931936072786,-0.0363554526643283,-0.0185095836486972,-0.0670127937014456,-0.0589735745238087,-0.0456715308998498,-0.0555553373058667,-0.024455599081022,-0.0842029188650192,-0.0807000562568213,-0.0361413656342363,-0.0626216675735081,-0.080964237859084,-0.0544961952393477,-0.0898058811683925,-0.055508827727127,-0.0364157280199504,-0.0384626312080341,-0.0332472370764072,-0.0489250357290895,-0.0405793641147368,-0.0314377821042374,-0.0448848403985353,-0.0364596027823757,-0.0132559956585112,-0.0662291795870859,-0.040159166607507,-0.011915508288877,-0.0547892503578061,-0.0563924160414362,-0.0261883913174041,-0.0158147404235476,-0.0332488084940943,-0.0503120097549714,-0.0220424728004154,-0.0641843144242393,-0.0427020975975573,-0.102409013585003,-0.0402803912148871,-0.0242272229752775,-0.0458843147992486,-0.0524472494987183,-0.0792178554588654,-0.0704699957687185,-0.0345394998367123,-0.0619663162013069,-0.0455948640658661,-0.0179612439972989,-0.0662647993903414,-0.0539738408081962,-0.064997810831782,-0.0553452878628397,-0.0415574459348105,-0.0282154261728412,-0.0573502968322113,-0.0655124305819893,-0.0639378507259336,-0.0378350651718936,-0.0321504324511245,-0.0485331870968834,-0.0256601002842505,-0.115175583635975,-0.0350525047004695,-0.0430956068548114,-0.107296752716623,-0.104837444683487,-0.0807497821518961,-0.0461591741320232,-0.0652612951057881,-0.0751308766781333,-0.0675322039047172,-0.0963256103469338,-0.0549161197696433,-0.0805004028865301,-0.0503830841281386,-0.0470093527730399,-0.0962931017425821,-0.0553970957539972,-0.00519851874903692,-0.0878215315317906,-0.0304551497676921,-0.0279102709962704,-0.0476717311481872,-0.0427532890573912,-0.0560168018847765,-0.00631804581907632,-0.0262509441402614,-0.0587774248779169
"NC-2010-004-E",-0.0190420182587922,-0.0383230320429421,-0.0380971160015157,-0.0675685818493732,-0.0483580385287069,-0.0178716913173045,-0.0484088369090724,-0.0142472213914523,-0.0362244661940701,-0.0162479798816521,-0.00668478679399103,-0.0278855877494869,-0.0297648716883237,-0.0617890906585685,-0.045599591657878,-0.0345775585799949,-0.0358237781825848,-0.0328883438708849,-0.0441530295105564,-0.0556361402466026,-0.030741056962149,-0.034817047574613,0.00627561933181807,-0.0489069141643016,-0.0095468949522114,-0.0390697471745366,-0.0540175994730605,-0.0389811255880624,-0.0165489872235395,-0.033650746431684,-0.0271900912526885,-0.0262323504436069,-0.0233921320824916,-0.0224211800410499,-0.00907518375023047,-0.0512844687028143,-0.0159260249243303,-0.0274048750416609,-0.00649487306860897,-0.0347218332766708,-0.014133282050052,-0.030271686213987,-0.0195272523715866,-0.0442849221312711,-0.0268675098093681,-0.0476728133997024,-0.0511514805242195,-0.0579369402664669,-0.0565874727911409,-0.0526459288583953,-0.0427219425372861,-0.0249219550800145,-0.0153192203316522,-0.0117209849480935,-0.0508321628223286,-0.00179294452555318,-0.0204820987649477,-0.0441107509331688,-0.0215473221444873,-0.0195360016756385,-0.0114965930753097,-0.0163163677150895,-0.0366782231423721,-0.0445557002585763,-0.0216916245473513,-0.0396573567681017,-0.0439860207402083,-0.0273983621016055,-0.0211452972320382,-0.0587414246306186,-0.0342039040467913,-0.0449546323284363,-0.0132580216930527,-0.00254735744546195,-0.00869588386222806,-0.0103279968501826,-0.0237566006778357,-0.0117860190257847,-0.0264420863854937,-0.0284698597376069,-0.0383895239491178,-0.0348620633893993,-0.0474387103229098,-0.0539658038162428,-0.0163350340036512,-0.0498722514283555,-0.0577718393944878,0.0155044215815543,-0.0443204992959339,-0.0361553121512755,-0.000985774026378655,-0.0311794037250066,-0.013767442264699,-0.00647413149999135,-0.0370029657889144,-0.0249596560168611,-0.0286603622358604,-0.0262940171308697,-0.0060902108662849,-0.0380949892083872
"PA-2010-001-005",-0.0215147545732255,-0.0181980380893143,0.00339233992520239,0.00342982492152796,-0.00187458453736884,0.0231433829902442,0.00259439431374917,0.0100467524156912,-0.0106043705874332,-0.0444971471105153,0.0120216142128239,-0.0329339414836657,0.019591738127431,-0.0339994610531364,0.00447753540700417,0.0000130129044087126,0.00549841158604313,0.00327113597084618,-0.0276404942034896,-0.041414450287805,-0.0212634779090575,-0.000988518064711783,-0.0438225590566722,0.028413402585871,0.00420439833293803,0.00282410051646052,0.0237373354527651,0.00630271698409563,0.0110229401633357,-0.0253473211442334,0.0402897434510119,0.018819783546644,0.00786229391964919,0.00309983892283232,0.00589271779910964,0.00211173505359914,-0.00140274924001949,0.0485973300431747,-0.0196977839216546,-0.00220640112742283,0.0373699268260102,0.00422609798473949,0.0281725332736785,-0.00660230261118819,-0.0174128021976863,0.0209610138234874,0.0169325868048257,-0.0505540114924149,-0.0281034285644971,-0.0215509368698955,-0.0247166661723966,0.00151465909165633,0.0375171398348893,-0.00469468310592977,0.00865254380296023,0.0154772304006731,-0.0264259588031095,-0.0241925794774425,-0.0218816172598934,0.0209341109220282,-0.0257097713718573,0.0112909951055318,-0.000400059076310322,0.0146855544345861,0.00355443439274883,-0.0317258588381268,-0.0230860989933472,-0.0060376542665237,-0.00845623334489896,0.00318012473165376,0.0148556652497165,-0.0210298456481063,0.00330907550321859,0.0316522946436685,-0.019672693866995,-0.023812848673925,0.0133863987731982,0.00636269953238046,-0.0175244551746318,0.0121777361124407,0.0151597789955031,-0.0606882120435368,0.0022606848906384,0.00253445210108075,0.0363269758462799,0.0235865836767593,0.00354216816214428,-0.00611672473043631,0.0627619961951993,-0.0140834167195312,-0.0118855584677079,0.011951078937252,-0.0380714585932474,-0.00033555747481174,-0.00585462941159371,-0.0376857665368131,0.030602134517332,-0.0143596007811305,0.0131154509389589,-0.0211293998226244
"PA-2010-002-004",-0.081899241971188,0.0848734765553946,-0.0682618148666561,-0.0602693422904663,-0.0743779333019209,0.0756971439962391,-0.0609382016226343,0.0267315882821928,-0.0743645891562542,-0.0420479220305938,-0.0630915506816042,-0.0718505961354157,-0.0655683124842104,-0.089662372284375,-0.0493095221576647,-0.0611912933091686,-0.0625634436366196,-0.0588530005771664,-0.0688862938374707,-0.0362883252970161,-0.0848012309087031,0.0544407706074749,-0.0745404480261998,-0.0456813994437097,-0.0780050406064727,-0.0572827467606547,-0.0587402477764449,-0.0550872039821423,-0.05617586946703,-0.0610875666436566,-0.0694461993484044,-0.0930875136315183,-0.0816758968125877,-0.0494135922792921,-0.0710589470061586,-0.0699083705914309,-0.0597004779402864,0.0691132735922764,-0.040668857266944,-0.0533637887752586,-0.0649067298014236,-0.0717690667237549,-0.0539333973120572,-0.0667213509804874,-0.055468503167873,-0.0557326408753674,-0.0768306176585958,-0.0758986755037953,-0.0707986817396519,-0.0693323228146267,-0.0626032711628196,-0.050943497985182,-0.0504849381038823,-0.0563892170860156,-0.0672481131206667,-0.0768283057089481,0.0614939372558441,-0.0627113224190706,-0.0775996727366527,-0.0805751516382143,-0.0408087843523675,-0.0585450371241121,-0.0628981190208532,0.0828615671578682,-0.0734458725126493,-0.0790403306087757,0.0415210333880183,-0.0579515649710436,-0.0582777804757823,-0.0591026661868138,-0.0787372781663895,-0.0749936299646468,-0.0758891837074269,-0.0861702819157565,-0.0701340911046712,-0.0374515202705763,0.0472299766939803,0.0671324194485881,-0.0786410680714388,-0.0532607940834583,-0.0619832521276256,-0.0794694073185418,-0.0620051773974605,-0.0662583611313769,-0.0670091789791311,-0.0794114578404674,-0.0584023877179692,-0.0629877816483219,-0.0565156821984696,-0.0640624099169868,-0.0664485849362502,-0.052005088906979,-0.0590984186165192,-0.0473795975744535,-0.0643068320006554,-0.0447641291462728,-0.0597445194920742,-0.0861104278899584,-0.0583634442066216,0.0283285838132305
"PA-2010-002-013",0.0836636097150605,0.0788565264971604,0.0547826431705449,0.0891514790448905,0.0816570971364555,0.0603293136876713,0.0929854058751976,0.0854379403737154,0.0712126985963738,0.0737381960200291,0.088546236066844,0.0388765609091399,0.0614023412805374,0.073697246503655,0.0814964980081144,0.0639616182664201,0.0565474147858129,0.095375506505373,0.070841580126298,0.0624130403291377,0.0699928452349706,0.06432444038895,0.0956854876098593,0.0769547311162017,0.064156495564973,0.067736875560909,0.114369595739173,0.0346977490578028,0.0542562475036942,0.0861404656952477,0.0714288046988707,0.0656529756257548,0.0569949874522372,0.0611539313231481,0.0817150422945046,0.0753591224614741,0.0728620054832876,0.0743661660538414,0.148326258494354,0.0596612268405874,0.0761742471398739,0.0735431887805417,0.0649253375964415,0.0691918602359087,0.0849261396470066,0.0640979067595809,0.0658997787088822,0.0701879207987464,0.0460242519958396,0.074770402431181,0.0898436459884981,0.0822940966980495,0.0796616749781154,0.078988271195742,0.059628385817606,0.0793150290146123,0.0589607525732165,0.0844958473007435,0.108936835545007,0.0583434915835842,0.0702068982821368,0.0680472496350565,0.0647815659836927,0.0534271386044441,0.0929846817572543,0.0800471712912025,0.058647593548537,0.0744330356548828,0.0637971130714092,0.0580844536304724,0.0769830056720367,0.0973031714540648,0.0701765647155286,0.0597036590357283,0.0671696059459159,0.0649086280832571,0.0763192953470353,0.0885724304442875,0.0796125187338093,0.0650069432347605,0.0677897731200873,0.0688419635127181,0.0624196936057312,0.0734717924469297,0.0653949012964215,0.0842647814137794,0.0903309150973677,0.0671762929222403,0.0702870333392405,0.07966181469007,0.0735179292461037,0.0691689937804508,0.0556807384948173,0.0699931877427061,0.0712711703461093,0.0699076458842252,0.0728343156260954,0.078085633204192,0.0794325175521888,0.0951509095198809
"PA-2010-002-015",0.0801753621899394,0.0647496617444714,0.0682070917511857,0.0395459809021044,0.0562778807117766,0.0783817074900528,0.0284009668137563,0.0536942760289671,0.0643803203132059,0.0737352630711992,0.0662178658944665,0.0628852147988373,0.144713628083924,0.0446484848835475,0.0456927265648754,0.0619065703674268,0.0545378576310143,0.0561061507130155,0.056333973184438,0.0837220213829867,0.0461565504921339,0.0692779971145488,0.0322976483880632,0.072021492381279,0.0487068059857477,0.0539048477968761,0.0592087156677983,0.0588105941703325,0.0709119306724305,0.0634353841513134,0.066998475405586,0.0725104147993222,0.0984091767344619,0.0672724849351202,0.0511847886932013,0.0456758388038374,0.0696278130857091,0.0669230227908776,0.0420923290028958,0.045912067502632,0.0575175010085474,0.0408913092320193,0.061259510365332,0.0569658941436197,0.0655773953599562,0.0597386749162363,0.0670598603638248,0.0543941360131895,0.0578539166844598,0.0598550419161374,0.0486355597169591,0.0444766688455362,0.067650056294941,0.0501773993723182,0.0504873102704849,0.0686044958784995,0.0505783521354468,0.063950524727302,0.0799510130601827,0.0651831932433538,0.161246561925566,0.0715258711764136,0.0614675382928282,0.0702826448127247,0.059605008074384,0.0609195630388647,0.0649624507288587,0.0561633031355827,0.0638765228206269,0.0605340046348303,0.101122415707197,0.0412187418069208,0.0668875787686461,0.157793975875489,0.0905483423492428,0.0698742342057253,0.0357661650134855,0.0489063343822599,0.0374368846374366,0.0718846706629457,0.0761347770989852,0.0569054008317371,0.0624254078625459,0.0663154702879951,0.0696402768699591,0.0620311640444387,0.0411254278840753,0.0638333357788315,0.120397661991728,0.0616208444725686,0.059387835952645,0.0458045275406692,0.0592509626599201,0.0601425431117408,0.0580265339722294,0.065004803497487,0.0547716375164464,0.0364513789140673,0.153453675792059,0.115864234556717
"PA-2010-002-B3-b",-0.0442825514353102,-0.0325294933168161,-0.00119425302843327,-0.0448134822398777,-0.0265970886564357,-0.0498959277176891,-0.0308335245350277,-0.0400790923378337,-0.0490264281547416,-0.0678499468288934,-0.0354573875246847,-0.0505816431442727,-0.0200085285205777,-0.0265933247120318,-0.0478558863709016,-0.0366601893602281,-0.0141256447263334,-0.0308200628352883,-0.0478230067726599,-0.030228486648063,-0.0301369972709921,-0.0182036190743374,-0.0312118237585764,-0.0380623222314655,-0.0508818162118716,-0.0313442085543545,-0.0670271120274548,-0.0429455977736793,-0.0381480238987408,-0.0275610240534164,-0.0237467812796182,-0.0428702272492766,-0.055881793920197,-0.0234663629711906,-0.0316225819472038,-0.0393767739652761,-0.0391193871163314,-0.0395266440891407,-0.0357333233961923,-0.0603977537472458,-0.0359443816486352,-0.0378295774946244,-0.0360449991483247,-0.0471394824170159,-0.0317867900192043,-0.0448963139901792,-0.0131418338532427,-0.0578702862000924,-0.0476880719042952,-0.0443771449368726,-0.0242402250560509,-0.0363635676649241,-0.0211620722385576,-0.0343438129142202,-0.0368034489969678,-0.0195872814352686,-0.0323160901584307,-0.0422249962914577,-0.0473166013146411,-0.00152625546804979,-0.03792392951198,-0.0297133489574806,-0.0484126908843117,-0.0533459515383841,-0.0424378915368166,-0.0567067163658333,-0.0511734738313996,-0.0475542982176979,-0.0341572611724479,-0.0151608609642462,-0.0403514547210451,-0.0513921442649917,-0.024377777311617,-0.0757035024903352,-0.0393196566183682,-0.0345382631440008,-0.0389723274862761,-0.0634642733647232,-0.0277528256484702,-0.04411781793285,-0.0269584388756643,-0.0315841940312065,-0.0363179825759465,-0.0308224720693211,-0.0345464483732309,-0.0416459422029195,-0.0202125131802436,-0.0372686762747313,-0.0289058300766596,-0.0325272658335073,-0.0242261160896271,-0.0596167675252516,-0.0315622344032466,-0.02541228738023,-0.0414654427252267,-0.00353254436131124,-0.0536825247954696,-0.0401325731534051,-0.0302385296360166,-0.0515914299369094
"PA-2010-002-E",-0.377157576937969,-0.305193242146649,-0.331189005042982,-0.337823598492288,-0.279268839558294,-0.326301720204532,-0.298680615950997,-0.302562309110354,-0.301166614211264,-0.308984641135601,-0.301405377112993,-0.298933473900205,-0.340504624657357,-0.285748054312152,-0.30594933783343,-0.115123881099401,-0.296760554172547,-0.319633699952719,-0.271948844907385,-0.289689398656576,-0.315494283479527,-0.30356998801114,-0.31888763439658,-0.0767679067751251,-0.305772592861729,-0.319367878480326,-0.354086975428306,-0.313234668049064,-0.318903400889586,-0.368121502571609,-0.305049098405824,-0.278653017947165,-0.279565014752652,-0.293454520781494,-0.318754951017881,-0.298942202247985,-0.303379982661698,-0.357802238199201,-0.31049553995812,-0.297694893234993,-0.329623850696365,-0.318625851612044,-0.349270850447988,-0.315373871542355,-0.132480515612093,-0.130617288797618,-0.302843161486745,-0.294403679768882,-0.283428773725831,-0.133981648522183,-0.11168757274527,-0.28339409131969,-0.0761516636484033,-0.303925050613184,-0.326242144331903,-0.167247068382298,-0.292392680391205,-0.323010720392822,-0.324962687362697,-0.286769398656645,-0.307352564372125,-0.310647124302169,-0.31095174607735,-0.376372930871832,-0.314777295068565,-0.31028046867903,-0.299896678654544,-0.3296053105105,-0.279638077186764,-0.328325314639281,-0.304654875006335,-0.294077949892943,-0.286479726307009,-0.286392631960468,-0.295800647675492,-0.29274988057059,-0.312620035505952,-0.282727946709115,-0.121237247250187,-0.297099214840552,-0.312789316402597,-0.131673237062103,-0.315899384602832,-0.279452511227593,-0.289031989241344,-0.327591330421774,-0.327180253173019,-0.306766696337483,-0.287195636592107,-0.288773102378541,-0.352305071788105,-0.299540773797836,-0.322970950263269,-0.319864131428222,-0.317953323603981,-0.088790216269605,-0.298126128911447,-0.301127815907015,-0.311555769466678,-0.304284411915051
"PI230189-US56-0022-03",0.143599117217611,0.306881682225394,0.328615762103693,0.338395464847684,0.34374936210032,0.367378825747992,0.365638947850421,0.352894188696826,0.348029699395189,0.300454188864562,0.184610611695792,0.372919975855567,0.332532479328381,0.429781640109787,0.357944805265761,0.372077933663137,0.390811374987286,0.364218029694438,0.125233132084662,0.319880970595422,0.333046668162079,0.35811677318168,0.332985817463888,0.357758924956104,0.380162090689729,0.387609867593892,0.35961314656544,0.394133087555281,0.335562016373653,0.160145228712462,0.39953621569466,0.149130633352726,0.329594144233051,0.291381750151937,0.316982653520095,0.363583476101123,0.350567223836141,0.337391683604589,0.372918112850787,0.354446391549917,0.140702389894521,0.395954110760971,0.305941878205138,0.386291914589572,0.338406336800182,0.324953957766587,0.316396252214923,0.176126867942349,0.377358926053194,0.33789678241028,0.36990488920769,0.356370754568027,0.363464637586,0.351242399985003,0.147550828077294,0.147527378403192,0.359458880144231,0.34943057455672,0.275178099339263,0.123829054720381,0.349237593271523,0.366044463422602,0.296825060457311,0.391782871298786,0.328911058915471,0.272119978109806,0.369669430957161,0.326336394655981,0.324664202718615,0.235048554078468,0.364295330400271,0.369178663051677,0.33670956909727,0.318268241376936,0.330955879747243,0.374117540994356,0.356454836477176,0.319176825374922,0.35166781406689,0.337384377423967,0.341922227895093,0.275839007994742,0.331804351996473,0.359843145795394,0.221157714670168,0.169177761381636,0.34755818611427,0.407764354690008,0.328006330167659,0.316134553645761,0.344362694234708,0.35960624986693,0.342532934172673,0.403084597762034,0.153801014294916,0.347061401497066,0.371027501247463,0.362812516581055,0.3337506402784,0.406407577984993
"PI294602-US64-0004-02",0.166157656893111,0.531598977070775,0.459809292520703,0.49715937714437,0.460973094323603,0.48637412657471,0.456151798809183,0.419810269769299,0.436162156585941,0.438327196614839,0.198514883747959,0.436955133152806,0.423970979348635,0.487528624217078,0.4415530247821,0.500186468788017,0.474919029041963,0.508367778154006,0.142236307411179,0.463248635362836,0.448041621581389,0.446484231869451,0.493908797814092,0.494039929300429,0.45610788568986,0.49256291230833,0.458184711620755,0.479579933358153,0.533638853019561,0.188457671359588,0.472288101958508,0.161485667514693,0.54767259115812,0.465109501300573,0.479899388203773,0.454090006125053,0.506841504359495,0.450933287490862,0.508730535242332,0.493227378124176,0.15969372564705,0.447370089674085,0.498559568731369,0.431517388494375,0.457789435711719,0.476840361798011,0.473639653791011,0.216300599041685,0.464943951382112,0.396410284275054,0.487393723989785,0.420029096953928,0.471579441325576,0.483631038472781,0.177161392171861,0.180931557295574,0.472344004701509,0.463734221345925,0.474703212862154,0.159076933444794,0.43187972001941,0.472053958821481,0.438960294907174,0.416872175035645,0.466880302384733,0.456486961586101,0.433884632040566,0.494160123787437,0.382614457865183,0.271200189886933,0.485454838582376,0.443920949095679,0.465188931347891,0.443450107401112,0.412545482424676,0.529080287872158,0.504908726578282,0.458552347823,0.455664484665627,0.488682320777325,0.471038107285183,0.473201126116305,0.456602116890844,0.429655140094561,0.256894101650805,0.197489382340084,0.489598956492388,0.444175260582916,0.481515800023436,0.489642026245163,0.504850382602352,0.480866875738547,0.489830676282887,0.43275198463774,0.169208975759186,0.453031257516243,0.464288236443655,0.4422165566813,0.508053030004113,0.456608140603028
"PMS-009",0.247810234287592,0.255158242501996,0.279672032000193,0.250032587481769,0.270690322878453,0.272356060829883,0.363414434877125,0.289560456681636,0.280962414872473,0.291363977122549,0.261350194092399,0.326162762185007,0.237919915974085,0.260831043445199,0.285548552670658,0.263766253898816,0.281668043843342,0.276231519708145,0.282715985149371,0.230831606897705,0.290480185061295,0.299404724320912,0.317044179516254,0.258078530304524,0.227556985652542,0.256022624297449,0.286382737513591,0.254081338764805,0.271298865019725,0.225217422829824,0.25244758199298,0.310033166985007,0.214340400547156,0.277110131555864,0.29260534940568,0.276403081816727,0.214418647205675,0.296427754287565,0.263930593070533,0.28162067693145,0.303794969719195,0.273136586910253,0.303789497662507,0.274320659486845,0.279629691088493,0.241484927685391,0.29919500363373,0.291390555287694,0.258157653222014,0.275673399877053,0.276237018161657,0.291173201823655,0.284123260782283,0.229476988001417,0.286448234226593,0.273167480049525,0.284096881377131,0.28422701096215,0.280191589187036,0.303943727250792,0.257041327540285,0.28717888441883,0.273010828648957,0.293545561300495,0.282767206056265,0.288228207838345,0.255384175498261,0.268544268117916,0.273019756082066,0.279090009453082,0.272808891545717,0.282391118485253,0.225103247722925,0.29239528250269,0.25394462054601,0.253976063952795,0.297039302138431,0.306964606318479,0.234391787056925,0.243761649725861,0.218722375933938,0.306005767387482,0.233576253287488,0.271151926674612,0.280388390233412,0.341964367750161,0.245760430320127,0.276426711968388,0.224990550971812,0.196355873079657,0.319137631602584,0.259396538140958,0.242792221405904,0.283397794059262,0.244010734505157,0.250256890006203,0.254775847740992,0.278928803471136,0.271326227287922,0.272642908287488
"PMS-014",0.358307198573431,0.383259342292629,0.349283014674254,0.304995976177406,0.400174673124964,0.329653831998912,0.342589738484018,0.376073991356294,0.326802167276535,0.298270729890639,0.348723400454774,0.328019348251002,0.327904775495005,0.373246574461369,0.358896121921438,0.357967920066287,0.350905945018191,0.377400800063464,0.378981695524607,0.331709532286736,0.346144903156234,0.227576394469431,0.282031228949905,0.351798196229888,0.367267894154884,0.360803607277412,0.319996690404936,0.362927367786738,0.389252817887007,0.333104842767256,0.33469195485034,0.341520175892243,0.313650251245562,0.323469161243963,0.344767040418481,0.359720229908455,0.352971103947768,0.402142250323184,0.356282606197264,0.376170105524339,0.339493361898986,0.330317587704302,0.295878867670116,0.320466088353866,0.377103109999753,0.329775597173339,0.300614057908582,0.351853730380206,0.38312432148708,0.304555829928726,0.349351289236894,0.366748025902356,0.321426768354565,0.352135695858806,0.321272545333257,0.276227158296103,0.342363910972675,0.365894156942101,0.28546072137782,0.347232791431543,0.322287451866257,0.36096174059518,0.366053474933017,0.334986332488933,0.363991666717148,0.341664534141956,0.385626260427928,0.375603890158084,0.286625929815284,0.32639753796781,0.355004400947981,0.33367457162514,0.364712383885134,0.321459818360265,0.394526024150645,0.364518455039545,0.364161391228073,0.320355218605866,0.325858458672983,0.353326134987295,0.386281796389306,0.363973408080338,0.379451051288321,0.314436213196176,0.357803015616945,0.37510696437743,0.345449500521117,0.416527173089923,0.359235468660434,0.319924528309665,0.327533646511024,0.31553783095706,0.321932435280689,0.34188941361217,0.345435194143084,0.361228114362351,0.357382895970087,0.387221365534159,0.361845699012356,0.332157975448151
"PMS-038",0.262287572499894,0.310154403160641,0.266448099115107,0.215624371984888,0.316028088143863,0.266954244866668,0.288174453388372,0.311618389580654,0.250608821335138,0.298600785608819,0.283433070191691,0.295331551847396,0.304741937052851,0.288462600596816,0.303815007443309,0.288530691446804,0.288890537152519,0.26929846941251,0.277124027835834,0.274973030918499,0.319438701272709,0.152263541911824,0.194046023180784,0.279306770682143,0.271814281038277,0.341380207733116,0.208097935465882,0.247742797310644,0.319083780676097,0.267034430302106,0.278221138219504,0.299939213638032,0.269593353894301,0.287140597020682,0.327121989823624,0.285998998872574,0.24555597153618,0.317940822112805,0.296346405294123,0.311312976093535,0.265411258496505,0.320289901335884,0.291742980886591,0.278830379000713,0.30352572403884,0.317157492285906,0.28599746490173,0.300715931488631,0.302119951766517,0.320307265799304,0.286103808141956,0.275041305186147,0.317897210713052,0.299456329436036,0.269059101787894,0.27444897691974,0.279540188092272,0.294716115744762,0.286532719438255,0.283274946614768,0.258671892171572,0.286833012497967,0.290410811437128,0.286746335840153,0.3029715847084,0.226387539244294,0.301065743472171,0.308561873319802,0.291104099661067,0.32048879480731,0.275378494345731,0.306109483437166,0.282288347950193,0.28613795284102,0.282912973414429,0.277078060867381,0.275432151583897,0.21368719779433,0.309421994211366,0.283078326230615,0.271450181807478,0.297879544533924,0.244728184531986,0.309857869058423,0.297837696686296,0.250206873019622,0.288617343797469,0.310229455122767,0.261449610603811,0.280708386655562,0.257763810159446,0.279113703035123,0.291102072736947,0.298746056602767,0.319749282759836,0.30672693555898,0.306540628070126,0.281719402505467,0.289395680155593,0.294386706710399
"PMS-087",0.10678254659272,0.133899685886981,0.101962170074142,0.128876949097866,0.123718337746821,0.139138611472364,0.101065768856853,0.118030486735562,0.0987259669941636,0.111931238845283,0.109411260732652,0.135534610973999,0.131890602678504,0.114870636327499,0.122487293763163,0.121202161321386,0.13396617754771,0.106669472552538,0.119872033704398,0.0899694306930152,0.12254111931494,0.139315164998287,0.175669666485581,0.127126013947206,0.116245866156973,0.118136610784644,0.166586898424322,0.126021977209597,0.0981027382241607,0.0979165676295729,0.124974607085324,0.0982581600529916,0.122968042923074,0.11925066961259,0.116658885522782,0.126863135998011,0.10052633722936,0.117680866131895,0.126770747757,0.148323452135578,0.103946690040595,0.163676241914407,0.0934872760244557,0.116809547304948,0.138494764606336,0.115427424407946,0.131907756621358,0.130606105451851,0.108619684029999,0.153971017944885,0.127946387047477,0.134248842783453,0.0899589352242733,0.114050176698396,0.142798111373012,0.127656471093967,0.1324183956369,0.118956409661977,0.0951367957841134,0.148622550141375,0.117792942598664,0.115125588966488,0.0870769940421314,0.135157927065947,0.105095317263593,0.121470434872789,0.110719946682268,0.112270409938398,0.0735728479942773,0.121777411588897,0.139239792531962,0.129464329436429,0.118219353059423,0.131080134769021,0.110547665070779,0.141612459985273,0.151439025025119,0.108102752901289,0.131305985219613,0.116453273644055,0.119728068744204,0.113927037095624,0.142516230601923,0.135065667958555,0.11253241454641,0.0769014222534194,0.119617034495791,0.129199041472084,0.0976414337752633,0.108681184703934,0.10564016321359,0.101639664435988,0.110832403652622,0.111096132019386,0.115807383938347,0.122028406373399,0.106802929527342,0.115003528378718,0.119975437861778,0.15562970889421
"PMS-130",0.0315741403792375,0.0478623483454757,0.0358822359805177,0.0880223069231678,0.0401549633615676,0.0609559732714842,0.11055544415047,0.095107583673433,0.0411432964174042,0.0592802566752403,0.0264394445741273,0.0315005287246688,0.0313707829065215,0.0182213545317826,0.0408703938352175,0.0637067773780793,0.0598415788698761,0.0412270099442657,0.0584340198786154,0.0503722653992946,0.039158486856983,0.0464479065702916,0.0523357067594241,0.0140103380659816,0.0718209711011817,0.0227379026910423,0.0486523167891084,0.0454787385192635,0.0416457167625205,0.0347592810016345,0.0353177669862367,0.0692527016980096,0.0559013113481208,0.0574635657555035,0.0315798339838647,0.0778601335262312,0.0794095692053933,0.0269824250245648,0.087211399145738,0.0510862726809386,0.0357224072397512,0.0784831764320076,0.0489079510667405,0.0444577805979515,0.0558762717521889,0.0246371268306858,0.042201654672925,0.0572728267311126,0.0385402453554244,0.0359910308856804,0.0554381318298833,0.0671632459295449,0.0751464171393936,0.0288667592310779,0.0447419064121442,0.0415345354185012,0.0430705187513288,0.0768766248841893,0.0538352802809789,0.0530673738075236,0.0956521180944082,0.0341656118261653,0.0657941416115796,0.0399525988636518,0.0684323694506712,0.0713014997494362,0.0529210767157226,0.0529992343967363,0.0224074469584772,0.0347605038688703,0.0276257405997424,0.034418596998784,0.0596138791444022,0.0729165654999386,0.0822000037076494,0.0217782149508902,0.0180800474198197,0.0108129211018021,0.0680698769164193,0.0420219450853878,0.0997479503159299,0.0383863794106187,0.04723196013653,0.0475428081743425,0.0374227292603256,0.0320201693280629,0.0777919186505334,0.0582657706831603,0.0319916817291713,0.061233843893324,0.0348295701089895,0.0525227851610218,0.0236544510712981,0.0612790825615678,0.0194744092914894,0.0425146082640746,0.063118146083797,0.0473210659018756,0.113347630011443,0.0441881026865637
"PMS-131",0.0649317597940268,0.0599627628507878,0.0310861275176832,0.0465783501813685,0.047281331763991,0.015691551819302,0.0412234919886662,0.0510125616282043,0.0123198304185146,0.0667441390560551,0.0385590245106545,0.0387161225048144,0.0142764057391098,0.0300072762201881,0.0633100406365281,0.0318558977792757,0.0563406189264016,0.0383483229911613,0.0456314101874022,0.0529128870812335,0.0406583362034017,0.0437472635955357,0.0586148145593253,0.0394081852950778,0.0255439274809937,0.0541127271710089,0.0473008277145653,0.0594105313490053,0.0394950364023954,0.0293438023120886,0.031138723557778,0.0378323689949915,0.053162117171343,0.0815011517975313,0.0442289751356723,0.0333914278595764,0.060307120949696,0.0197014887388655,0.0486385709355188,0.0468308332124626,0.0180438697596942,0.0468246481348614,0.0845453648100497,0.091156838864477,0.047898296359197,0.127404174358629,0.0252530141228809,0.020508647079688,0.0753635381958926,0.0432552835486649,0.0565401913127843,0.045478071724759,0.0522696640520808,0.0352190739106582,0.0433776948475427,0.0570826765748106,0.0241533175975955,0.0499982093745419,0.0528475278880455,0.0516653429572052,0.0367557806489456,0.0320604247078392,-0.0117109169256968,0.0603720011918128,0.0949079334877767,0.032525364885198,0.0362423712649882,0.00606722388850796,0.0447651702045213,0.00282734983907617,0.034737129510213,0.0379377007062263,0.0122743063371471,0.0403707693931261,0.0349838755863534,0.0329543558216163,0.0452379372266732,0.0535748749253137,0.0291539204676927,0.0496175739666966,0.0434466031530765,0.0743178245766963,0.0577259509012658,0.0375040889746503,0.0553112198836787,0.0547075760670533,0.0497272282570359,0.0556776766281784,0.0423286129420314,0.0223275320423044,0.0742037474155575,0.0569034655172511,0.0400203734919127,0.0606012520625928,0.0261269030023441,0.0778566955752736,0.0505041161415658,0.0485956842581209,0.12637549197929,0.0349844708311329
"PMS-134",0.155527637128309,0.123537643335469,0.163413244255501,0.11472441095158,0.105488582634094,0.193629098125827,0.163966675580106,0.122271035042991,0.123878034723027,0.101482498920029,0.135369462451832,0.152629317427078,0.160003959199241,0.0970136546178625,0.148642211108803,0.120331593727955,0.120287771783501,0.140324701712482,0.132684024562884,0.127983548990271,0.0971471036513367,0.133326205096392,0.138828930526783,0.132795139475188,0.0713680791263878,0.113452635192869,0.187918272779734,0.119580502531133,0.190884389238582,0.0948597742506296,0.130093644427462,0.13404580251288,0.183995304400477,0.118074699855269,0.11172070297421,0.132237857509312,0.143830375260241,0.11156381502533,0.123372693859882,0.107125040451135,0.120115240457187,0.0986318376531648,0.117925163922717,0.132891364975567,0.123317040263026,0.207521643251548,0.117332503286206,0.11987878163332,0.142569853499705,0.129618454653482,0.127718061814081,0.125185697618829,0.150104353068746,0.0991588855835591,0.15787622741249,0.123973957680803,0.085303230203394,0.100632695334902,0.122298443201644,0.145416373784418,0.184707600716484,0.120433047429655,0.180998920273516,0.118133443620506,0.114454835547899,0.127262042932815,0.129056196973681,0.116542275381792,0.121518159984525,0.110765549148856,0.123553792951809,0.0684305546769959,0.129946580333953,0.153142206867285,0.105015284295195,0.120959275321301,0.114776661981664,0.12655779711204,0.125383074802275,0.14449591321668,0.125632359047146,0.151943076001461,0.123639434033489,0.156549743150903,0.161927095615554,0.0989876946131334,0.0872932278655611,0.134334757645209,0.109616226787062,0.115770960275872,0.156767749395271,0.117954096787517,0.0958298635247793,0.109184836332613,0.186998974398397,0.110928107964054,0.133468537037721,0.086718142993354,0.105999876056961,0.126701727835661
"PMS-144",0.125500134305697,0.147907498420219,0.129353130197648,0.138005694672411,0.112102030180873,0.16783187287294,0.175766034298038,0.141220397878119,0.145584899075805,0.130035629800309,0.136943701500271,0.131999524530907,0.131537145848815,0.130750276819001,0.146843333161827,0.148929004367559,0.119117730585233,0.123820286440382,0.131047734987765,0.124028789899103,0.114585978596745,0.123668452737023,0.139683897823753,0.118286177413741,0.109779652906697,0.125512206727738,0.162044176528135,0.123972287187692,0.166595192432712,0.174804332690971,0.134954391818427,0.115192527334915,0.194120627931553,0.12753177413614,0.133930048796372,0.147480400593722,0.108222771438949,0.145612660253073,0.137736188483443,0.129386820675417,0.130432308009595,0.155960931874071,0.153115099136223,0.158826571012345,0.102948533638972,0.186697121524738,0.121042917834299,0.121581490450351,0.14724897634264,0.119878715529008,0.134532386453735,0.108459502649011,0.134442205863825,0.133232506224082,0.115055142000285,0.141253877624882,0.127983006924266,0.15530144013812,0.110589156624479,0.127388725622268,0.123619236800774,0.12245013928703,0.139998376841628,0.1439225631092,0.154646820902572,0.130058614733216,0.114282711405498,0.132798411273854,0.149421063659972,0.109800262457496,0.137355419899005,0.136424088330626,0.122105787587544,0.124287278783652,0.166633343624183,0.129468117816824,0.12959191453912,0.141492844961087,0.126175999213977,0.112236836619007,0.159650173525091,0.139702174566335,0.120148830377834,0.143612239994691,0.171235013325607,0.146607690942912,0.166882532802337,0.0978052740269513,0.138316870962294,0.125619550332203,0.152330200248342,0.112706765078918,0.130435163219123,0.110753160272717,0.177515534736367,0.132824851962643,0.132699323448734,0.131172094761886,0.175025712207519,0.140649139430841
"PMS-159",0.0892059670280105,0.115506345051623,0.0902693026804763,0.129022147002809,0.102338618752077,0.100807908860005,0.104973117867056,0.124890996310044,0.113057590643052,0.123364363788151,0.0956147458731113,0.142231860091416,0.101930294212885,0.139850609668242,0.13357585308783,0.0868377548881671,0.104128205489111,0.114545211813637,0.0775853221122486,0.0717826029137409,0.102853283863584,0.124079785343081,0.11271647229346,0.131576656284588,0.110843680338039,0.122990417712988,0.139173617400153,0.108668434170305,0.129408413671918,0.106643671746335,0.0979670116490612,0.107433460941528,0.100402271022997,0.11904846748606,0.143698724474733,0.12261300170622,0.106047383473894,0.136522471338879,0.0889676448385269,0.0939888064277779,0.140631172920808,0.0797597363481404,0.122277092603799,0.106553522180911,0.112155182012702,0.114031525512473,0.105813297286716,0.142379386149956,0.100745623213785,0.10214532877521,0.123774683625154,0.125056649900803,0.0829922982340351,0.106595729744051,0.125605136099334,0.130802452989212,0.0919473373194523,0.106710683204019,0.112659640868961,0.0949876480650023,0.106827274255914,0.112255719431644,0.129535635149893,0.116801219567288,0.0922002426538885,0.11626131023097,0.111776633408943,0.103265295639354,0.053349390709521,0.130861388408603,0.100465560013864,0.118580539514049,0.129809028124963,0.0882311472201649,0.120613109758402,0.0991832183375372,0.118349235190615,0.0704235977572995,0.0944944321606358,0.101874425351927,0.0934695416021713,0.0924629299606611,0.111328990003549,0.0817301809568665,0.115783672958538,0.106581221137427,0.123426949769703,0.120319784345804,0.0953557501634169,0.0941108998636263,0.113458944085898,0.116011034571263,0.129214064145998,0.082671144278543,0.115167225633619,0.120057745047547,0.101609904814115,0.112289283694911,0.0945313791678844,0.12690137677451
"PMS-164",0.0826770860925042,0.101294045683658,0.0750328461339426,0.0873685366779379,0.0999756074105006,0.0776584469229155,0.0904366108782182,0.0483021714869668,0.0978576399491325,0.0883544300101578,0.0583884527180963,0.0700613625004786,0.0957429735606521,0.0558581888123162,0.0784982147244132,0.086889927483277,0.0879241972446675,0.0823186940014524,0.0710773710425756,0.0990980361497004,0.111554611316295,0.0811351891165557,0.0835161114472892,0.0506320652437378,0.0850172718334084,0.104091601122857,0.0787604059333407,0.0691193451947783,0.0208047854204201,0.070124792025199,0.0906322320110241,0.0894065871617686,0.098021969402909,0.0772331037501506,0.0968746470121543,0.08684654110119,0.0698889214761321,0.0796374010516875,0.0987351781150799,0.0535956670780226,0.0649809722900225,0.0820549314052534,0.0921280204293346,0.0745908317581695,0.092549829550938,0.0797576568605397,0.103614423032845,0.085470991164101,0.132502237359064,0.0885031856813481,0.0909454738702303,0.0699087066718607,0.112865237297734,0.0567964537424377,0.0521889566847656,0.0514113287673688,0.0380425959521301,0.0822127249956763,0.0931624907246033,0.0903823856014762,0.0832063573990836,0.0896664932822142,0.0245853448930955,0.086787312409546,0.0742342022665458,0.0837311916714409,0.0937175572747764,0.105116990609042,0.0279810685209654,0.109886706305484,0.066110329522615,0.0711929043140973,0.0940376004047042,0.0817277864718269,0.0912691348627809,0.0891849173209162,0.0664572286224203,0.072535984783601,0.092759230690424,0.0972829252920598,0.0784221918561738,0.0729283925315131,0.104035187995752,0.119285760177736,0.089016235555822,0.0771648771937755,0.101382573062262,0.0826045522767474,0.0754060495236584,0.100135177250361,0.116791797807873,0.0994023871539374,0.0614252647908245,0.104457975861911,0.0870527494139599,0.0955244052542567,0.0851047657680961,0.0959527797724517,0.0590188315079959,0.0911910545825545
"PMS-178",0.0260639915363801,0.024398201508781,0.0333204625649186,0.0445458392089295,0.0636684721336822,0.0254615915232752,0.0161323141906585,0.0311037346201237,0.0551344932599857,0.0369393308341298,0.0220484880265861,0.0508250201677902,0.0373078208941631,0.0512972105003623,0.0365976651971886,0.018574847597763,0.0476150892650654,0.0597116249694111,-0.0011324523324268,0.0412265690415365,0.0286027980989044,0.0229804099541442,0.0502866656573275,0.0201827360833246,0.0508987571944699,0.0691487019785651,0.0454622670483419,0.0126128385451067,0.0447957923041059,0.0426848716094585,0.0435615346955486,0.0400280081956183,0.0471886256229214,0.0384544858055744,0.0227983877872009,0.0257725960594965,0.0440859919686058,0.0740501143317376,0.037567746419669,0.0547470221373579,0.0560799656838385,-0.00947948542488155,0.0563624286197331,0.0762199706049604,0.0525795560376623,0.0300330861110266,0.0554728389191642,0.0457490125730247,0.0291360187983471,0.0225865680369641,0.0407959869381255,0.0286384185227803,0.0670179208941404,0.00861380119161575,0.0438602665775769,0.0653255958767991,0.0379502194973948,0.0860780311254763,0.0551430668732439,0.00673337665192994,0.0460608223405868,0.0407526780179175,0.0275978944150729,0.0507720932926754,0.0233970527491645,0.07284361491671,0.037790857129802,0.034292214511487,-0.0464452682839563,0.0790896777960875,0.0241665630121556,0.0230881758498605,0.0486913290902506,0.058854303415841,0.0458799524966208,0.0561653000678661,0.0242398610285732,0.0656781901691129,0.0100836394547617,0.0449297500837342,0.0333215906826733,0.0160368753092917,0.0458561115932909,0.0334400676457486,0.0398479221132431,-0.00177593238502885,0.0968418793714954,0.0262942522298151,0.0755936237898159,0.0326605126218339,0.0275483760069693,0.0457309995044959,0.0366244771606575,0.0254962995211402,0.0527092475962605,0.079343977237482,0.0407839587553208,0.0513290263128627,0.0346192272633805,0.0454850692305546
"PMS-183",-0.0218856531965048,0.0366620639078436,0.0296186510767647,-0.0142577610070444,0.0138043460327543,-0.000511168360954979,0.00263496689683937,-0.00595565553236183,0.0101029174661438,0.0241143266498305,0.016554013768375,0.00721399256032317,-0.018352817345795,0.016700802263817,-0.00109374615411215,-0.00405392642721634,0.0252064014834847,0.0040868987489747,-0.00504313773657296,0.0426775870171816,-0.00306875845901934,0.0134073143986762,-0.00150626252948309,0.0377238924136584,-0.00959481020271858,-0.00595373997199754,-0.00616025052988992,0.00750937554490832,-0.0194473606507093,0.0256928664713571,0.00433825723895038,0.0511254979826198,0.00179496689510994,0.0128782558770796,0.0231340601929877,0.0243366907179301,0.0362042912561269,0.0113548678018693,-0.0169896004260946,0.0226179585695601,0.000226700749227501,-0.00439724744418892,0.00599462135317507,0.00459498266616654,0.0220958167796837,0.0426285286673875,0.0213656328289641,0.0172996987241098,0.0129483088856694,0.0327922036025054,-0.0198318054328923,0.00325347565380252,0.0193835148979013,0.0216056414870268,-0.0127491477496583,0.00398630121720837,0.0108226257287215,0.0115020342305576,0.00865214712968352,0.0274930737719439,0.011343695124593,-0.00996676124882275,0.0485484546864695,-0.0553626984837401,0.000389537143868584,0.00205435543392128,0.00459903878938937,0.0208110512024737,0.0234038427610674,-0.00821725918783008,0.0149327013731644,0.011640938627734,-0.00934180333134358,0.0521094469190686,-0.000140783922105675,-0.0110371993440332,-0.00408657880383737,-0.00331084604002442,0.00184471523325031,0.0271912974761643,0.0103718120379295,0.0170155639222522,0.0381862206884994,0.0176574814033505,0.0287132727177308,0.00692594773449183,0.00717252489687742,0.0314799877092343,0.0144389909540392,-0.00936891132103389,0.0116979582507713,-0.00696480463649975,-0.00351697244471154,0.0114701571579835,0.0262247069313401,-0.0118741999973137,-0.00595774340879617,0.00040606462005929,-0.0113534372288418,-0.0148880729609004
"PMS-204",0.0566492363674351,0.0754557145023168,0.0807071645903127,0.0527365945544662,0.0906506081673072,0.0855150930305188,0.0684116254325969,0.0735670347730888,0.0852424623653516,0.0650242615909812,0.0510685776537623,0.0788684054358075,0.0770140901499621,0.0754934580625418,0.0778820169586251,0.117327251761195,0.0560573248838281,0.0708903680305468,0.0876413829298173,0.0923904288481503,0.102440720613464,0.0863431488113498,0.0581551869989861,0.0316419570098799,0.0961258735821384,0.0744591411353376,0.0792296297053214,0.0884272817584323,0.039346038335729,0.0950339447978812,0.0808306042316737,0.0713473321381834,0.050243471470963,0.0672325984633123,0.0712769040415309,0.0810541204300709,0.092274473580268,0.0731763937380923,0.0926647720603142,0.0606531775475253,0.0728999199469216,0.0747525008243139,0.0567482855083766,0.0779641470986578,0.0689937663085068,0.0671714539064568,0.0635641206502823,0.0745886884922962,0.0892962736445234,0.0921162191465716,0.0869848949431336,0.0861597404220667,0.0667771617107591,0.0345772327564635,0.0756066689761692,0.0727515631773262,0.0369176884308377,0.0855391874766177,0.0519294990270276,0.0961336262562061,0.0846964925528748,0.0788274837576698,0.0278385159615607,0.07895141234122,0.0857391111380759,0.0621131944450037,0.0445520709986035,0.0697855192757112,0.0119189885344884,0.0737603759420157,0.09439284194715,0.086406108762322,0.0748861222699473,0.0780946852161215,0.0549974627801324,0.104255859883961,0.0796592297643386,0.0773363348295246,0.0828335637203998,0.0922070008741432,0.10206759192316,0.0878071428603192,0.0903368828043853,0.0847101416070767,0.0844240341251934,0.0282713977472255,0.0716471809190827,0.0946509946320235,0.0550347874919383,0.0687660380143187,0.0769393264966702,0.0835480987932143,0.0687147265400148,0.104832765458921,0.0612578452807431,0.0926046400374786,0.062352303426069,0.068244987659766,0.0871530279880778,0.0796640371143067
"PMS-272",0.104600559605092,0.0972102915725259,0.113552911108025,0.0954648781005171,0.106774586493699,0.114731497472966,0.132275985030439,0.104087899199734,0.0866835313234962,0.100835717686082,0.077660398133914,0.0828480174936161,0.106281441490337,0.117065227680368,0.103239135819979,0.1123313627699,0.121358265338434,0.0935340957948738,0.1234006534946,0.109185752469673,0.101806030293477,0.0874432826762431,0.124632843728602,0.102049878468867,0.0874749449040483,0.0632460482582627,0.0901639669031111,0.0896017475333158,0.0973219306889091,0.106661014657995,0.067051951842437,0.0661350162584332,0.062022099112669,0.107511058943157,0.121949624258258,0.0790621829845982,0.085333846427361,0.087101266873505,0.115571928671223,0.125678776413759,0.0763587456048344,0.0772569203165,0.0967640389552724,0.0907025755107666,0.073341945891243,0.103086511980525,0.0776765155893146,0.092939790877179,0.0946494397984319,0.114692030523822,0.096424120990749,0.080823519935578,0.0956864728316115,0.10245781917048,0.110896591783232,0.108552874206895,0.0999063351227831,0.0928154190377325,0.102612586211618,0.107634285154474,0.114527044301518,0.0822254668613025,0.0908813869822976,0.0935813180406925,0.0646596509202264,0.106264692793893,0.0681487535048772,0.112079759267833,0.0999028750775037,0.097624541625253,0.107094031510842,0.101596510731833,0.0926664459374788,0.0791455132549433,0.0767065301878047,0.0999581976119137,0.0844115476078143,0.130365781388498,0.113275477499836,0.0795638033198328,0.0806852490444469,0.108127206405459,0.0951247659969781,0.103408426212759,0.0978400844971756,0.0501343262721965,0.111756425908207,0.0993983288691892,0.0678668437142151,0.134896804878562,0.105203935694113,0.0994402660783045,0.126581369402992,0.101014634489127,0.0968087094888492,0.0999315746116893,0.118134013224256,0.0883910657293997,0.0785380296782842,0.11721664189584
"PMS-285",0.227831200290575,0.240192664161096,0.228762203449252,0.244592475177683,0.239884257060487,0.231331052584569,0.233675940886273,0.261075209012259,0.236677083942406,0.232030752774949,0.31342736939317,0.218999062079158,0.221150868585205,0.229389911807372,0.23677917638335,0.22153410202967,0.242513451038036,0.241847847353271,0.235657868987301,0.225911857603946,0.223135319074707,0.216565446091475,0.205567480078361,0.25852796693177,0.217962208151924,0.223582984090342,0.223977622963391,0.224209356906838,0.198385828254443,0.219052076206845,0.240537038277955,0.225255253166065,0.23889495831301,0.217777104941154,0.239453086195361,0.262864939579372,0.207612962089783,0.23655272884543,0.233371995876725,0.216847039371682,0.238472505139358,0.215601891029513,0.212502576964389,0.220992541739928,0.230690258913553,0.227531477204136,0.23343534602801,0.218243792508956,0.24119929649673,0.24606690679575,0.23022057338531,0.245508238215403,0.226912055988288,0.248006409694376,0.259446935724521,0.250750183398293,0.260404225241469,0.241423254198167,0.211298190599925,0.278678997225725,0.218888849338862,0.23191232050205,0.221160775193662,0.25658224835935,0.240663442290297,0.237129975789381,0.215964953741458,0.272008932568991,0.227010039161432,0.250243989766813,0.229019061276874,0.29338955908375,0.21705755931541,0.23875001793829,0.216565236680934,0.243331441318365,0.238393705843012,0.210431216140888,0.238487296032869,0.248571153038793,0.254490733146702,0.210197159340481,0.262990259761183,0.214156651399383,0.220168542182658,0.243408927854499,0.164699707515007,0.270684640473075,0.238721825819915,0.242769890162,0.204878738499042,0.250498134674004,0.255762914203086,0.229657798316679,0.240291606809233,0.237685952565027,0.221097731018208,0.227818905397863,0.242291022857801,0.234813390916392
"PMS-293",0.150501055374531,0.161072862405963,0.12093585600305,0.151843335661189,0.132065348265512,0.121031235958176,0.128671495003906,0.180226941788525,0.193110006111883,0.15707081036987,0.166545299491774,0.153897490099699,0.188228048612939,0.159956991542956,0.12835428603984,0.128945227924408,0.144898452218493,0.137604738925507,0.110529505785464,0.168482741608075,0.108775807465474,0.0952391742556866,0.195122853196013,0.150313084864865,0.151304366778235,0.155561183705441,0.144194332505958,0.12375907423064,0.13522298900911,0.145971997200204,0.145035262801692,0.123111858939189,0.138126826352239,0.127574923247629,0.147654851466912,0.135383985529528,0.135190812322102,0.148214328231244,0.209852333072086,0.131751016613565,0.148889711499776,0.154565805478046,0.155692775791358,0.167395833148116,0.12754546454171,0.173471257269159,0.179034603077822,0.14089361891304,0.160827241513002,0.128724174091291,0.146381082532647,0.120727924793136,0.152939870367784,0.12831349757939,0.141686591380636,0.162218301517667,0.140462277607175,0.153914652329044,0.179695008872002,0.146173871098588,0.134250977190385,0.154651209326013,0.174182262275067,0.149139814342875,0.149655240147479,0.121010050169927,0.154738778801133,0.119870720077133,0.145216400422612,0.141573121441929,0.129527295164384,0.135888917833781,0.121204705855146,0.134825324887847,0.130918871722363,0.132976180919971,0.137329368498386,0.157458592857103,0.130929244324432,0.137373314074896,0.144906934822155,0.152773353342879,0.117069085011526,0.102940177752677,0.14297082499975,0.130706511872665,0.0901953525225399,0.139557795028012,0.15023174616942,0.140210633960256,0.13772507736057,0.148433441285917,0.143522553893467,0.136307576583663,0.147122620360146,0.164133498073541,0.15487280163784,0.14150681138787,0.142663407515752,0.149358753443794
"PMS-300",0.063844573003835,0.106856845401329,0.075715138091253,0.113150552548196,0.0845086034677943,0.105612205361116,0.0646468250529359,0.097162395622715,0.0865733272576729,0.0992126347178224,0.0820174667979471,0.0625307978212716,0.0475347212117276,0.0763428486791217,0.0648574894059825,0.112870775896166,0.0764314458888188,0.101226953134881,0.0620780656097701,0.0822443900528715,0.074639914507856,0.061535750686006,0.0928349251642923,0.0888816066137703,0.122488726163024,0.0837826925619994,0.0944391189309594,0.0787250491939243,0.0654384554362762,0.0799908837738904,0.069783561482952,0.0767910691599554,0.0560036265015385,0.106444043474997,0.0852963883102914,0.065563715160371,0.093379071464477,0.100806384897932,0.097947555346166,0.0525224728723279,0.0926079649485534,0.0586104007021187,0.074261016224475,0.0877877143674096,0.0685178451139617,0.0742957657849553,0.0856326237435808,0.0549655127996897,0.0773088569188877,0.0741310734336754,0.046712554927917,0.0996988221019261,0.118640817097739,0.124370085571614,0.0884429380596377,0.0855035906927803,0.0672066928079507,0.0775957872935447,0.0712453071635172,0.0755445875238933,0.117213330901046,0.0813247733277734,0.0694290775793392,0.0731674909297966,0.0971376146769048,0.0655037034999102,0.0666433494857221,0.109302779710482,0.0970756312422216,0.0420976524033442,0.0692226660634899,0.0878630858867345,0.0683935982737083,0.102303190072567,0.095969720712131,0.0671377703541215,0.110698777610279,0.0916988678607452,0.0879859520846556,0.0848660260552945,0.0836315073224005,0.100041039399259,0.0893436622006845,0.0935610570509011,0.0907521613766034,0.0675875532059741,0.0828566878875263,0.0827954179859085,0.0617000937261333,0.0845914418726985,0.0822636825199266,0.067530698265991,0.0702597381422534,0.0841371616031446,0.0614081685813595,0.0612126278291523,0.0757049204611356,0.0944498992624703,0.0586213045151479,0.0890311746819028
"PMS-303",0.161111305478098,0.206327491895148,0.231187290624014,0.213659613536581,0.22247195669566,0.209253163355641,0.205211319562623,0.228982328424865,0.18331984318369,0.194332710598768,0.200166646026686,0.176840732804336,0.155547424820194,0.191674971466174,0.183584433447916,0.205033414699052,0.213245144818866,0.19484375270916,0.185268781956541,0.155399585883644,0.211827064069035,0.192012644197856,0.202882236732084,0.203169282223831,0.194054913508707,0.197276720911219,0.212515359508849,0.1761759773269,0.200571579719486,0.210552554750889,0.177704135260383,0.192961738464869,0.211626648704924,0.217492423503854,0.219850512716279,0.184956851521162,0.171868297414068,0.166370178146014,0.179988245904699,0.187882490705254,0.213387598880162,0.231607437235378,0.190752492332472,0.208516178400518,0.192898950005044,0.212165385988538,0.221238876062134,0.199880181212535,0.193489293877626,0.182366829875948,0.234423717805893,0.177651180459071,0.237774787672419,0.141399922756448,0.21557505679789,0.159512214123855,0.217406946527149,0.176746654208367,0.195301198649853,0.214868312877131,0.198601172231929,0.184094445248104,0.18979057437949,0.210664498682796,0.208035696952959,0.201318037687375,0.200436237978193,0.188492354519689,0.244168803178903,0.171072100457765,0.203074829536277,0.202309813867703,0.182327055581151,0.198305258923051,0.205719048342302,0.207190446908012,0.192723489908235,0.204782781707447,0.189037143508906,0.205688870538395,0.192269981277377,0.2162962220312,0.202162102140408,0.187590843246764,0.20706300719401,0.191551251615037,0.138037599880326,0.18891579459351,0.215585440082318,0.184643974091554,0.183470771278759,0.206453442922268,0.202972081563201,0.199251403807539,0.191660165764508,0.197926804584687,0.211270769117371,0.192269925364369,0.187873292112516,0.217896057068568
"PMS-306",0.126403880612232,0.132266793921805,0.109400059916142,0.0832711113718869,0.1384185493582,0.155606785922609,0.142980975888945,0.15006212608938,0.0958720293204783,0.103196629000424,0.173556517007946,0.113553775661817,0.0986789130579596,0.139936643463152,0.144731407368854,0.115485418254122,0.145897511120137,0.142608907992999,0.109918492542673,0.142278298319343,0.114502251353288,0.0938609572999003,0.126391339368093,0.103826571272724,0.107930846536286,0.147063871921541,0.128162435639148,0.14228718084653,0.110836361366568,0.122681214820255,0.118577605958093,0.105339223583711,0.101587519161577,0.141744988241944,0.128127403356037,0.115829818542937,0.121469403457458,0.081000395563167,0.11946466828092,0.111139600228309,0.146950241127725,0.118179437708422,0.138727410597053,0.084998742010201,0.108921214670915,0.136394336616218,0.118628102786228,0.100271491373734,0.150068338344574,0.113708956366084,0.154553416966175,0.116082563318486,0.139681774508388,0.146389077512081,0.149046414603382,0.135621015281154,0.12001906750181,0.0939426254964681,0.112426255616888,0.146333022482543,0.125122518085578,0.154290841756894,0.146605830397995,0.136616025910171,0.103340981710037,0.101031620122265,0.134968885081081,0.116960479552275,0.0918431796041671,0.14884192585447,0.129111029024664,0.0987288303538387,0.13594190514234,0.121654674750882,0.140149278151478,0.112346526189425,0.101101613524831,0.0716384883285051,0.13450483955005,0.118566823648917,0.120398339749595,0.0747139511293006,0.150890437221374,0.0951585825013399,0.140446398178976,0.117129860899173,0.0918476300831401,0.118618042629762,0.123659345839851,0.0953723138119575,0.135790437282967,0.119892527180114,0.148520053656943,0.0951103502769669,0.140221552621401,0.107832891469549,0.106468831425055,0.123899568795721,0.0897395858724374,0.0632513041342374
"PMS-314",0.135914008439224,0.0896387169686601,0.0783544689191598,0.0767345068210521,0.0985334332903657,0.0706816338358017,0.124749328916974,0.076263315049268,0.0992041198104782,0.0810906421767659,0.0878459244213721,0.08462523011723,0.0665414807795041,0.108201290359895,0.0961099154125306,0.0902099593104343,0.0875061762938845,0.070309550922941,0.103871941010126,0.0624878678571591,0.11588529620837,0.102299387451082,0.0689709640478641,0.0493711948020452,0.087995399792299,0.078544556648232,0.100595091526516,0.0894954736519962,0.0579103128555465,0.0947079360220601,0.0921227654765017,0.089723775303454,0.06506572517491,0.106341402296231,0.072376645838632,0.0945246851258123,0.106219646438832,0.100866706326521,0.124072128697664,0.0636855715220388,0.0754394040503127,0.0854505523805371,0.0809929856731966,0.0789147235791356,0.0810835686323498,0.0735342188351839,0.0811889401294472,0.0912611255735152,0.085916769551073,0.102252158981285,0.113460229160236,0.0613052610946032,0.115429164746217,0.100994245516335,0.104493680788662,0.0622143634462267,0.0579611048435075,0.08596041387551,0.119864514843326,0.0892535504892101,0.082919223738239,0.108668153097705,0.0636495959255781,0.109186220742252,0.0905478934137581,0.0780711415011324,0.131325280342454,0.0905242511946507,0.0510482998732223,0.0826322226333127,0.0896832710212058,0.125293871426394,0.0588515817450876,0.0770934150589494,0.0517618680210697,0.0916524472091866,0.0909365969956793,0.0732731727993102,0.0897678131304279,0.093401120204769,0.0833955603874864,0.0696649142138796,0.100582500638433,0.0707336847306651,0.0947097603398006,0.050533549698715,0.0649609596802252,0.0876783366212997,0.113770771799819,0.0934038750379714,0.078416778598682,0.0815879147204545,0.0827185967662403,0.0904093346706458,0.11369507024125,0.0907419854203057,0.0941397373745106,0.116051801973828,0.0943280084168823,0.0913222119057107
"PMS-347",0.198701950953211,0.27732670792262,0.249902182105392,0.316276085758161,0.284748491747244,0.251454044215851,0.34476711589505,0.23522427573099,0.262559879227869,0.280379864750391,0.24401460868965,0.277570324494809,0.297328999377494,0.268832434716777,0.305217798591359,0.27842683797253,0.264968647290341,0.345686735203621,0.318801728005626,0.298164393772225,0.30068381333882,0.274684195967892,0.244286393182305,0.303705695105421,0.23299013415719,0.285245745199177,0.289715132969217,0.253605240273822,0.311458732951209,0.252038134502257,0.285889207417623,0.338045041201372,0.285815527065886,0.289047774740414,0.296199087593275,0.245407930729313,0.284855393093945,0.288057666226956,0.274347971432545,0.318741722923717,0.326860303733479,0.274677241106736,0.266884209493853,0.210774133345088,0.314818110465443,0.266138920147314,0.239297452612479,0.21240740015807,0.291485093559367,0.278399282132294,0.302264726745015,0.22164631220338,0.266555078506001,0.289119953687975,0.299906649449437,0.275365035749907,0.216235596598414,0.234186266383021,0.245447559107027,0.32238084915948,0.263007351062798,0.241976232534074,0.241084039309048,0.232662317262462,0.268530044350584,0.243264302740817,0.25809317053281,0.271767785459116,0.246763497586222,0.286690151473045,0.252250826613008,0.337360870880592,0.26021333181896,0.236179609506928,0.28226081112002,0.275592437160106,0.278064541355861,0.256964834170585,0.341689911036574,0.259174283387868,0.302397699422303,0.312713264875631,0.296860944028252,0.324710029887907,0.258950648334723,0.275793549003113,0.264774831827347,0.268785676000084,0.273054808243234,0.324875363883753,0.280294119733333,0.271585352354122,0.241872110273839,0.260507330789525,0.192332474890449,0.251400829421542,0.294103425136718,0.284632870217373,0.257042178327718,0.255764068515702
"PMS-359",0.296110908084526,0.281212291416896,0.283430775056643,0.314797983466297,0.298857205198297,0.323708512965506,0.337030736374611,0.266322321212748,0.287544234080857,0.292486317794403,0.366271316464246,0.328354480661736,0.293484780604458,0.283210813612004,0.315121444952333,0.245941653918272,0.288283150468487,0.334121805860424,0.306285251529905,0.329629675468583,0.308471514769514,0.327601226055268,0.296881958176283,0.348415563580299,0.307436753464369,0.272977649862249,0.278710527144778,0.288557210646404,0.301114612440541,0.310738400291906,0.30188897315881,0.35224088922669,0.272112679499362,0.338661999679784,0.278374086604989,0.289252272412282,0.283150663214957,0.301342863746116,0.290138361461152,0.298995121998902,0.304164326688481,0.320802236295424,0.306485525630635,0.262223642837632,0.312118838141758,0.274487997479396,0.298974532371302,0.249873775048193,0.271887929648065,0.303473890357067,0.307555133553184,0.308625844200113,0.296670072462479,0.324899962324501,0.291046946015341,0.305423151711761,0.326005149467873,0.272500763419195,0.303040191156671,0.331476739386,0.270190678436385,0.268733710805608,0.283443953187456,0.269843640845823,0.336918917085751,0.325981191359153,0.25770270786842,0.27926871128355,0.32717507126318,0.264897144086721,0.275600214313153,0.349774521384916,0.298603301773153,0.263117850370576,0.29192405210989,0.278076986237433,0.285855110135309,0.314610677838231,0.328492098418219,0.260413627981977,0.30957225256732,0.308294548937972,0.314345753089477,0.322665299509411,0.275139883175258,0.319136525156653,0.33346598746342,0.297675414834003,0.316406601699952,0.291915208073713,0.329485110830815,0.310832349707805,0.301537391300119,0.262005743782698,0.302035592210148,0.246004243846455,0.303655036244169,0.314533298959974,0.29281252167774,0.294197449699097
"PMS-375",0.377671756606282,0.348819235485396,0.39220334697288,0.412188607548721,0.396497565635467,0.315386537620406,0.387015576025657,0.385985672869981,0.415005688010492,0.414157087815639,0.450032087791789,0.390958084645872,0.388512490731208,0.408515951807226,0.401774007525988,0.324558751393474,0.311497311158175,0.42206337672113,0.418854928921233,0.336363500886197,0.37311105408032,0.38579834013632,0.397871635868952,0.359497917191395,0.288346669391761,0.392646734311487,0.393224793562523,0.407740255309606,0.408427329212388,0.391086918304312,0.346087047836444,0.369648920419533,0.40536131912249,0.322409936399218,0.374601566475562,0.304638962143806,0.423194356836462,0.379808421958558,0.385992492430997,0.366344335755776,0.432553365965334,0.329690504354999,0.401811779351981,0.387836651037645,0.389107710231497,0.379213170549293,0.378222639878408,0.369045868301698,0.296034728618493,0.40198712113733,0.333129447277497,0.403387298002709,0.393382369394333,0.252512784651803,0.38134501215454,0.336379442226652,0.418023802172497,0.387750929652539,0.389378006959153,0.400823177075062,0.374178829707107,0.389966377005015,0.40511190608247,0.333549037750946,0.360646866715027,0.379256015034466,0.370179929964934,0.398546269540786,0.403606970835853,0.390927210960718,0.380397271750071,0.369215998232424,0.300401562467242,0.392414379483701,0.359195591895722,0.4024555701706,0.303585243178562,0.326870072010962,0.388098127303692,0.343384198172046,0.400113837076127,0.362522351385822,0.400813603811875,0.422006213353949,0.39191089082091,0.404451475935166,0.3929980842446,0.401139443253174,0.367118666296414,0.394889797204802,0.403596985670977,0.407167809895012,0.400550223894836,0.374215791323343,0.341765473088429,0.372648628191342,0.387451442044308,0.40487871145197,0.396314023365428,0.352396362821148
"PMS-381",0.190445637643286,0.225434571310628,0.235945123726476,0.271731011714558,0.281310805439205,0.270779113179697,0.273209815867931,0.251236687612699,0.250421149380525,0.282303971705836,0.276605872953797,0.242619266554028,0.242766269859145,0.244916506255442,0.272888983411211,0.282513997485091,0.297492666710657,0.260871030120185,0.189803002523224,0.263350895548544,0.261946440933313,0.193644783250342,0.269331048156483,0.27922374284273,0.286490138003661,0.261671122585435,0.315324439538356,0.257546202979491,0.278937867280144,0.271222698513907,0.271424779440817,0.182308811284777,0.272330036437212,0.313162326060556,0.294792848462112,0.300415062732504,0.248176762152145,0.230889305443915,0.268827562984426,0.257857401407317,0.180708579553057,0.271322237628323,0.266601414734561,0.27215235400366,0.268679987727314,0.259323059966647,0.288619727758979,0.286619773396619,0.309879785325295,0.27319311662958,0.278593137648112,0.277394161910543,0.294540116404586,0.276952762060837,0.256986831819359,0.324057222758197,0.262805535311683,0.300034778860193,0.301379175087851,0.177295531490246,0.308226116634653,0.268624104226932,0.218850006376777,0.291101651733311,0.280791616183087,0.285469453654112,0.273051102772007,0.223712532251173,0.219797135209038,0.29644790182664,0.312440520118888,0.26555314279606,0.257592508842978,0.284862022117952,0.24096493230089,0.279699597655094,0.294792523912512,0.308731403856214,0.262317829028052,0.333438590249635,0.244538981819259,0.18452535695058,0.27324974716547,0.263632323903725,0.262095082613326,0.254871921788465,0.281695560974907,0.26703561455364,0.288992250236198,0.203099859473933,0.273404722989413,0.246735957582715,0.263532541849066,0.290291248201502,0.188539085030179,0.273440375856021,0.272518720291835,0.274482060956546,0.280903591659515,0.258143687713092
"PMS-397",0.346199049029941,0.385910044531177,0.335151131631923,0.352859084640585,0.321038794725858,0.333377894024176,0.356994344882932,0.357843450333214,0.322095538619969,0.353318210524313,0.361387894099018,0.299531208813295,0.374351858100126,0.303727832839758,0.326655333934246,0.310500499746433,0.394544969078527,0.305539324825607,0.358123827227866,0.291645476921834,0.298501821544589,0.393295213713996,0.338707471918643,0.3966099057634,0.361460660964604,0.362585384631539,0.357060124029391,0.345722827127542,0.313388098321414,0.356455295554535,0.377975612297169,0.334737236083751,0.368196771109262,0.269267851715972,0.384721921872069,0.368316387457362,0.346805610581519,0.375786391729603,0.335711018064928,0.359300080848885,0.339960154406586,0.394693789964231,0.27121865394579,0.361574702276646,0.272186114192249,0.401941153874028,0.419854472617951,0.344470140154319,0.368241936700708,0.303738992599625,0.369820717479579,0.316229224005969,0.367417582522489,0.358150736226134,0.34951650608922,0.370591502738166,0.332023510919972,0.353232371721513,0.248484067566787,0.324927013492797,0.418464932407378,0.400371175616949,0.43954237220544,0.36422384044805,0.29695544283216,0.248159797845629,0.374517037845157,0.325862904709804,0.360933642252856,0.338480906366526,0.355454923904979,0.31950920554663,0.374768742117337,0.346765896877699,0.394968488005339,0.38682176339726,0.375452782118416,0.374335859086926,0.337074269146462,0.314081696397046,0.291640055553211,0.225010199514231,0.29884476472451,0.409754222706417,0.420580148231636,0.355677839541768,0.4659438436172,0.303506949146784,0.287374391377696,0.422376148118609,0.335764025304645,0.384732853571127,0.381595073667896,0.35334300938132,0.378770801666982,0.340359835312526,0.382441396026028,0.347457500653494,0.435168880539987,0.383002920762123
"PMS-425",0.233461412796317,0.206873923628601,0.206857427667768,0.232734571003109,0.219728822113585,0.234941037028603,0.246507873611048,0.229045988655286,0.220984990515179,0.227330404111856,0.183022560506038,0.236697969672774,0.236124583003557,0.206973094273929,0.228075524060293,0.19885472670993,0.264307323669098,0.217169449036345,0.230803939386372,0.216726649698998,0.207132035715026,0.192148411227422,0.176952280543332,0.235238563252677,0.20110136009121,0.228129837769134,0.230124848966428,0.196220461326213,0.230957307920801,0.197394677809176,0.239528879831609,0.212848450775695,0.224657455830808,0.221172561545511,0.22845953692421,0.231202626397132,0.209241800278415,0.218960978656947,0.223542029130706,0.247444648061468,0.240549417901195,0.215762012237352,0.175180703582428,0.197019776408724,0.215009406386871,0.253981397500281,0.18807357456412,0.211272236034951,0.208316447217774,0.187573102093031,0.191441744656136,0.22909354798891,0.224500301789308,0.214538543605252,0.221780677961674,0.229386065821708,0.218909115812607,0.228566895993196,0.204787035001681,0.178262815215164,0.200524961154167,0.216522738986448,0.232153904106275,0.22570326183631,0.213367318884343,0.226606962773198,0.230632658942697,0.231428081994054,0.225618417072098,0.252885974308615,0.259414322135953,0.192736794968873,0.167168657382804,0.206779859383862,0.213990722056255,0.179239002534372,0.224323012483205,0.208020709170846,0.204804561954226,0.195212675222665,0.214820397416357,0.168481277150487,0.231819059072906,0.183198134664113,0.206074632534097,0.20940991646728,0.248499620794864,0.185521528029572,0.169779808609766,0.16304818024594,0.230228353367285,0.226635477576782,0.221624741748494,0.225096594749542,0.210651655036626,0.214638104741471,0.181980920572061,0.259987388453349,0.223871646861014,0.228160877387089
"PMS-436",0.0735087046014253,-0.263027872793831,-0.276506118725645,-0.209906682512902,-0.243828844685446,-0.322880419414498,-0.267668110252599,0.0981427714011026,-0.209339391417157,-0.278096757378448,-0.296330667129967,-0.273126790690861,-0.264624466621013,-0.318058919326516,-0.267869072449699,0.0831474731173015,-0.249192425298488,0.0956871282048473,-0.209798912187794,-0.270304225062377,0.091917454295501,-0.25107716764637,-0.324249948549635,-0.330862903075445,-0.268624404247616,-0.289472797735147,-0.271165819785412,-0.288205801984363,-0.239791077096223,-0.291954749172674,-0.278036998048066,-0.281378606662024,-0.229071452080789,-0.178306144704241,-0.229896144028419,-0.279987687676434,-0.246055381673402,-0.27275296335477,-0.230590020822279,-0.241535675655058,-0.234914783427604,-0.265630326229933,-0.315612030295942,-0.245759336200369,-0.320850805972469,-0.260213555593703,0.107028341288338,-0.289292350999152,-0.23852243808901,-0.199809961396477,-0.226198710234602,-0.222550497506007,-0.305885547336517,-0.287979140984969,-0.255525208827218,-0.240319982186327,-0.291180587817577,-0.26174777645531,-0.30569052425496,-0.245590999008611,-0.311380919674843,-0.247639612777637,-0.219662824472388,-0.214178799024062,-0.313024004869986,-0.173972786441384,0.0801315267504475,-0.232538104689244,-0.230220498728894,-0.263115279787283,-0.24629752868119,-0.250817992759184,-0.178171241694778,-0.218809535689771,-0.32145379729307,-0.256137994130239,-0.276054664691148,-0.288822465278278,-0.2345842731724,-0.227194005647304,0.146486421216884,-0.337167109196828,-0.279955746475178,-0.20495246556224,-0.257482187852022,-0.277793148633714,-0.29104178441954,-0.266471312107203,-0.244250100763704,-0.24780787082406,-0.26722195561991,0.0801491719097636,-0.23211641805024,-0.311670250364843,-0.315519787498357,-0.272839609370038,0.104274355222476,-0.265363116191063,-0.228758566743535,-0.295509673203084
"PMS-438",0.0861890019570014,-0.238384817472123,-0.218169155878841,-0.308234710352981,-0.195300960694111,-0.201567144366666,-0.330063109420655,0.109381018902407,-0.229269649036211,-0.261513072450338,-0.222548269743551,-0.24862377955664,-0.252789058290556,-0.260077607129595,-0.218237735987386,0.0943589213246424,-0.26953759313482,0.115327034628851,-0.215800147274889,-0.201949656876621,0.101978725881252,-0.217647940934993,-0.270575854625778,-0.242584357488597,-0.216424034363573,-0.245062261674623,-0.209626046678884,-0.219998137054677,-0.20877295437931,-0.312913843078357,-0.184401823697973,-0.216820636486212,-0.26566966733048,-0.198406000222888,-0.212163805855644,-0.228099275392381,-0.217185046067152,-0.241594649306062,-0.226813271146054,-0.281382111964177,-0.216241949194337,-0.232908443629041,-0.196542450946588,-0.220454292350154,-0.246231030816134,-0.218489687161407,0.12206517068681,-0.222203351076116,-0.25133923828275,-0.232384426732721,-0.223829262397636,-0.245719897171984,-0.210002138627183,-0.255619003597169,-0.198136562172619,-0.253322903404611,-0.226719332652596,-0.259531231523568,-0.215039824396113,-0.209413256409572,-0.197177548753104,-0.269056847201191,-0.227731854012641,-0.244808963146576,-0.288829502350131,-0.208786488362033,0.0981576278803772,-0.216909732314269,-0.182113645950233,-0.195333555379908,-0.21607070582509,-0.224240637528064,-0.225218225051738,-0.187630621101086,-0.195950109243336,-0.228255429682386,-0.180997527813149,-0.184983123513892,-0.191443451538592,-0.223422270627197,0.162163314216596,-0.244981448579263,-0.214714864889612,-0.260820593890833,-0.234543159652052,-0.283310109124007,-0.213907297243699,-0.20324319907735,-0.220469411865403,-0.199386539006246,-0.209508601709977,0.0942952907032537,-0.198618948436574,-0.185704398726481,-0.228692007330028,-0.21752044710705,0.118049878531899,-0.223168386601646,-0.262002847963244,-0.237960382131977
"UI10-00012-Cabaret",0.357797415934753,0.291804620832298,0.329054066873603,0.305686757649204,0.325545848364647,0.289992165246775,0.313501320050161,0.321402042142085,0.31633108342714,0.295641165126054,0.313352524550555,0.305384714287007,0.334684161115908,0.284524936221095,0.359564674463585,0.2581731027954,0.27179437557798,0.331712571973554,0.316111386674559,0.355891364440726,0.261435202724221,0.0607209023628226,0.303096158783714,0.336569028438634,0.31670038754463,0.321730658603046,0.322205734882326,0.310407554203983,0.311469392246726,0.333300900212538,0.311109559343307,0.387337542017826,0.324033329552998,0.36321923157648,0.274939583440035,0.296482723465678,0.0770973480851432,0.308173328887601,0.0930212245109043,0.283780973208659,0.079828640091776,0.309039667445006,0.321468077209372,0.310357616972249,0.309897670501142,0.287149883045554,0.290690518392382,0.313010632602305,0.100564613365272,0.321425757315653,0.126838570685941,0.293036533495998,0.304212849269847,0.311275345424493,0.288202419268678,0.0565444084267869,0.343979467199916,0.300301384629601,0.0595179691782071,0.332648241636999,0.280808855631775,0.286970823059737,0.323644208278876,0.319064660065683,0.330544644708356,0.299625390084676,0.282680968970899,0.287960832961261,0.300172856243328,0.389150275405636,0.286224780901317,0.285822930979704,0.328213013847165,0.311030848472174,0.0491348799189506,0.369111086007595,0.316388476161977,0.296872948806704,0.308688392703734,0.3246157165497,0.301152509142148,0.36651245523272,0.298411675097987,0.293133386169174,0.30333552683954,0.315449293360759,0.318592460566922,0.297631965130377,0.293526584941869,0.273923921018492,0.309095037939629,0.290445392975221,0.288979109769212,0.286101802221698,0.309731021503192,0.307666609370494,0.319557797324045,0.319402738354204,0.0650995999462244,0.327512550636242
"UI10-00015-Cosmopolitan",0.0144525847113904,0.11883029382187,0.0059767609970955,-0.0721174923643476,-0.012155989196439,0.0251137254567428,0.0131306744158384,0.0379181238431575,-0.0926186673685628,0.0265181287630441,0.00294519638867907,-0.00549522118225354,0.0053421350032182,0.0248155692261706,0.0291175248947986,0.0172991695349823,0.0162467998397689,0.0286597825809311,0.0083684805955777,-0.0124782998508704,0.0193545389851554,-0.00335080670715802,-0.0026155317672455,0.0139843529385421,0.0831264565204967,0.00105250422221211,-0.00319129527533746,-0.0703337168421576,0.00666006520686152,-0.0818179991766566,0.133412714055387,-0.0137729123200378,0.0262826298029428,0.018827180737375,-0.0168190864091187,-0.00601004657419729,0.0102382409438106,0.042835391577934,0.0194296905629407,0.134172776771433,-0.00847565921338211,0.0245364859025375,-0.00563839091342388,0.000908182673117357,0.112651574954921,0.00894483628099465,0.0183856887761075,-0.0697234639495013,0.133347913100872,0.0106014006992071,0.000481993985293408,-0.0818123572694102,0.101077950171028,-0.00664110887993885,0.0422779507043018,0.110947057933181,0.115646500430981,0.0134405559200792,0.0165935463431059,-0.0606859056828734,0.0362369142777888,0.0242870356526266,-0.00885091595115518,-0.101362513170728,-0.083961918653786,-0.00894753280332718,0.00902630864949748,0.0165481534560221,0.0000791105812356727,-0.00351247632637482,-0.0110882730652991,0.0128524581806026,0.0215675627917838,0.0165808410245956,0.0251221009585023,0.0299772796551975,0.0660673672505888,0.0119940215046044,0.0229732217436879,0.0136716470033042,-0.00835838064587801,0.0109927563112294,0.00439898447551145,0.00100742534517442,0.00327970687292103,0.0338324623028684,0.00293271264767688,0.0955221246349894,0.0213670965637796,0.106295824511609,0.0053200023025877,-0.0108058234412957,-0.00120330556024802,0.0115778855576713,-0.0707968567682387,-0.00726269830414525,0.00601291068799919,-0.0136153730159149,-0.000638184384453656,-0.00422148727849967
"UI10-00017-condensatus",-0.0418942579555334,-0.0880761644328406,-0.0787063404509067,-0.0503176030425304,-0.0761364226447782,-0.0507021009399549,-0.0573221276868344,-0.00854262999558863,-0.0615245720242383,-0.0460752796054104,-0.0330793302559614,-0.0757053285815951,-0.0625715391510668,-0.0743597598093371,-0.0298139691291742,-0.106819559524437,-0.0555978886987496,-0.0658305832374831,-0.0712239937120207,-0.0736964262343971,-0.0390111609578929,-0.0755137509991437,-0.0435300686632879,-0.0462329394287027,-0.112709590417048,-0.0533322843540969,-0.0665130281637045,-0.057392872715601,-0.0630076162317106,-0.0379330409177484,-0.0696850422170889,-0.0720755171754914,-0.0596070191350687,-0.064212172216409,-0.0584495466558078,-0.044720120553286,-0.0725770333058602,-0.076430767626606,-0.0851631340595412,-0.0596820053884909,-0.0721997723974396,-0.0315326344678643,-0.038579026471863,-0.0570677318853424,-0.0631562698706724,-0.0737717821242044,-0.0585203373962061,-0.0457366959649175,-0.0754859057109619,-0.0634784820065808,-0.0764409051510745,-0.111541131193112,-0.0768470324886011,-0.075441042906916,-0.059173266848296,-0.0374049853421193,-0.057357705140038,-0.0536060658063476,-0.0262699113573355,-0.0667530870617151,-0.0769132624029288,-0.0458929950690372,-0.0679996720605644,-0.0500326127473178,-0.0591148650475233,-0.0538518206374504,-0.0612649031941527,-0.0677185529181172,-0.0719983068270529,-0.0743927390465758,-0.0770001065701766,-0.0757674120469159,-0.054253087005164,-0.0918619049172174,-0.0395560995376272,-0.0603717051868618,-0.0454065237117413,-0.0591701665173262,-0.0241724258131871,-0.0676086376961048,-0.0413870070798957,-0.0706479691564436,-0.068582779613385,-0.0516939216249837,-0.0895631429686631,-0.10329257803188,-0.0792404754791594,-0.0625647448193772,-0.020794738340979,-0.0374311434615815,-0.0591229414160995,-0.107921464417865,-0.067779589838684,-0.0241323701382015,-0.0748655088686545,-0.065574768251582,-0.0494856902305464,-0.0299857655049994,-0.0473104658631769,-0.0653765834201922
"UI10-00020-Adagio",-0.103129941695539,-0.112658710680503,-0.122454610227929,-0.10574231417681,-0.102983975484505,-0.125249253189378,-0.126576660660566,-0.110943645555163,-0.10970174465391,-0.177772710967942,0.0519468831773,-0.114687786940654,-0.123885312591393,-0.113662694857242,-0.149902028109249,-0.116389561106233,-0.153628529549471,-0.11909386734084,-0.119563693943194,0.0655679755288845,-0.15088842345944,-0.13279853068078,-0.12164577827502,-0.123414937310084,-0.137152963889263,-0.133839636233452,0.0574911514879966,-0.123805632147942,-0.124536898440781,-0.142116686095093,-0.121741675018341,-0.100058565963287,-0.122745362284812,-0.1277567598851,-0.113900091044955,-0.112937193492857,-0.162252832650134,-0.147048238833314,-0.127416645411829,-0.0937227071781438,-0.132739353117446,-0.150337124811467,-0.108926284382061,-0.134579425066631,-0.117199442793028,0.0264317921201525,-0.123008774773571,-0.123076893499822,-0.136206707048208,-0.122980955887742,-0.151581217117748,-0.130890981663377,-0.116973540281035,0.0679215172140868,-0.124476792296566,-0.122736149718756,-0.109062179116105,-0.130183453943385,-0.119908335724047,-0.134660164221056,-0.104382483401403,-0.137212223926984,-0.105616856000737,-0.129392560207597,-0.120125840355332,-0.12295383792591,-0.156156985045794,-0.106953581812751,0.0291720267038369,-0.127430479265302,-0.118957493699358,-0.148790060177468,-0.0728868032635687,-0.120297764258514,-0.116889074850091,-0.121735612099489,-0.0998880160170239,-0.152909087268519,0.0549936105521279,-0.142998070640488,-0.119932165890852,-0.146448734613949,-0.100416281854397,-0.121835665785881,-0.0972338980125938,-0.13168849058661,-0.103852082134905,-0.13280984526657,-0.11081144443394,-0.161688923174796,-0.132994788993848,-0.136519758992446,-0.114032623189661,-0.131471095642874,-0.157864585641807,-0.112855004980414,-0.136212692260074,-0.0941039721834552,-0.118273499624923,-0.102405756250981
"UI10-00021-Allegro",-0.292564191579036,-0.289625052302557,-0.292464688880936,-0.299149144668269,-0.306367079075111,-0.293557267112511,-0.293601706199361,-0.296776204700579,-0.294723631644647,-0.279935060043005,-0.277151161991779,-0.297484575410969,-0.296572784327819,-0.286414463006213,-0.30056571187186,-0.287951362883429,-0.298809721910574,-0.299225068471116,-0.311385534662844,-0.280302111595618,-0.307145168306241,-0.278938792023183,-0.280423587171847,-0.287383716052071,-0.288032714826814,-0.29560868450496,-0.27736708094754,-0.29812343797173,-0.28650120700577,-0.296361288799863,-0.290150911074375,-0.266343447867844,-0.284122800731919,-0.29729778202855,-0.309817608977121,-0.296390472138215,-0.300313125728936,-0.303265849196063,-0.290951997775962,-0.293497746633014,-0.291553597719753,-0.305265971142604,-0.280749564672388,-0.306964108470068,-0.294108373284375,-0.29292418153801,-0.302881409559839,-0.27310185435275,-0.287700072787477,-0.301415945365151,-0.25966352772299,-0.281978790226684,-0.306175192098305,-0.287710340122186,-0.287348200093782,-0.279349049798948,-0.272588975513348,-0.301385367696132,-0.291895165749735,-0.299242408367973,-0.304598186194395,-0.285500059892141,-0.301065884693016,-0.296691574818752,-0.291840099091151,-0.290123105963962,-0.280352816695195,-0.273458403758987,-0.307603685114531,-0.277724272555011,-0.313061248275865,-0.286351733090582,-0.289780333177368,-0.305714225326473,-0.297746198519805,-0.30577864316431,-0.289159883545148,-0.297482679826261,-0.290945408202387,-0.298127357167042,-0.292056389664845,-0.323328430067761,-0.297880104363581,-0.289498694184519,-0.298891800535268,-0.282613488313888,-0.308231243465207,-0.29387642543875,-0.301125401662329,-0.283960081119441,-0.284824338058104,-0.295083110788649,-0.316619972163397,-0.288727072069435,-0.296296403674602,-0.308754842161407,-0.289531128986958,-0.274428189094393,-0.310693596447197,-0.284906272862018
"UI10-00022-Altweibersommer",0.0740740839193364,0.0540794963688742,0.0940525589267875,0.0967260943010105,0.0771994743513208,0.0475526725604796,0.075077555218045,0.0557597521132455,0.0597139087626126,0.0640390348098992,0.0620724429409705,0.0736587793727562,0.0962702724009321,0.0701240238164982,0.049136359923815,0.117780265713196,0.0659450439284259,0.0635002005225542,0.0715509364632431,0.079587384112412,0.0622648661539565,0.0788623560744152,0.0858983344242133,0.0633687770216179,0.0698877152182412,0.0530767933784814,0.0549152860714567,0.0797286094005031,0.0849703567804939,0.0804406441993571,0.0843719579283016,0.0505088472200383,0.0680102558933035,0.0582457012490838,0.0982862816338581,0.0585732826119184,0.0537170166000404,0.0851061747485742,0.0734667286295747,0.0681769516421254,0.0828191642037733,0.0620390145162463,0.0856705952066154,0.0768504959700042,0.0833877948382781,0.0883735136769141,0.0720767475650628,0.0278618069968611,0.103330892471225,0.0820139409565094,0.042059400792533,0.0645461332170828,0.0489645810196396,0.0809081508771838,0.079355544425177,0.0628836080543638,0.0654415296119363,0.0599607511030386,0.0538231080210929,0.0761073983328307,0.0676197561458668,0.08460969481654,0.0668969764317563,0.0203333654832072,0.0784168235816029,0.0485505384456888,0.0668024147418786,0.0819430595993865,0.0925612060175922,0.0540396142654681,0.0258549804480156,0.0669089687955177,0.0719354762781687,0.070202820776995,0.0546028461489563,0.0636867054479592,0.0727462123459208,0.0545948247019658,0.0661138593259839,0.107394039131895,0.0701035546003625,0.0540423390992069,0.065154546194767,0.0647536994385068,0.0554065225219647,0.0491473626781609,0.0673785585592312,0.0589543600825603,0.0775809218001159,0.0566150844857026,0.0695370214238622,0.0884261467116079,0.0800319197687636,0.100213751284367,0.0115118229847865,0.0824499921886826,0.0414212627340155,0.0400772963182197,0.0687613577992885,0.0641066801658906
"UI10-00023-Andante",0.104809853913915,0.0835332219827309,0.106949758022568,0.10530038274494,0.122325561133713,0.0884347500486057,0.111333670406123,0.111893996095546,0.0430291604611584,0.10117891123916,0.0858560728488055,0.106732312703257,0.0812119296877518,0.0884932195655916,0.0564109700941105,0.0637159165670035,0.0910804359664341,0.127650479787353,0.106228208508709,0.0969781857464354,0.090605930410029,0.137305870449279,0.0973895633247927,0.0911058781494904,0.107472707626562,0.0740548814704593,0.107989575866028,0.100759105751287,0.1029668757841,0.0955205467534609,0.104697783838465,0.115326565869716,0.0905317452660618,0.0875533311306305,0.0964506209732098,0.0901078064013235,0.0884226886978247,0.0854398787215332,0.112421408773129,0.117076312283375,0.10083456731881,0.09381872972186,0.0651199572570785,0.0989288845183099,0.0929490806944102,0.0868766312433309,0.0910590332866153,0.100422573697222,0.0716143124394966,0.0925396822494491,0.089632993280619,0.126795209345823,0.0737461014365323,0.120291126155085,0.104324881253876,0.0901232450703062,0.0969618969425811,0.0863254678985511,0.0961905546077558,0.0919459861291646,0.0675634289761663,0.0830863779550644,0.0905078930214605,0.092312350043972,0.0875102880510885,0.0694834010337729,0.0966585927777622,0.0598648443299005,0.100758565650805,0.108079316042644,0.091682379597692,0.103793578908986,0.0864431560733824,0.122577657694472,0.11138249647849,0.0817600276982574,0.134707525419338,0.10769123741173,0.0586829773659424,0.0751384659247773,0.10468521808396,0.104736339980651,0.0916037669374506,0.0981287409920991,0.0765095818400209,0.0950540594088504,0.100190075040691,0.0688605108635688,0.0852631570023029,0.0869827587082708,0.101090974615915,0.0913207793151703,0.0821341911497381,0.0962064665875452,0.102507905572725,0.118332328734808,0.0850523637654955,0.0812457518443603,0.0786417122748308,0.119205663554197
"UI10-00024-Arabesque",0.022296377441436,0.0292283871570027,0.0265125701723751,0.0230052279228195,0.0103379843215403,-0.0454919753626762,0.0351256508868558,0.022619383425506,0.0115568707034592,0.0316220352291325,0.0333001594858435,-0.0460503086640106,0.0272980182080193,0.0249021605888439,0.017115280156151,0.00314381017240619,0.016109841469707,-0.0151168349032898,-0.0238425223753542,-0.0257433692847808,-0.00891560179435104,-0.00597634612874672,0.0123206079550449,-0.015758348438911,-0.0104227333931816,0.013096061133655,-0.0384216918173624,-0.0268211619622584,0.0292612929774378,0.0194594118874871,-0.00437562528740647,0.0133004150095782,-0.0000519321169074414,0.00745588731677583,-0.00235870459938459,-0.00531677074777294,-0.00874365824580951,0.0256014641314444,0.0169049338261811,0.0227634243417197,0.00187263039651962,0.00456120929349298,0.0436054438589373,0.0136324704824143,0.0580019858405099,0.0387070092885618,0.0311427337651863,0.00307855092752337,0.020030691371312,0.00480369088536052,0.00796619059600978,-0.0923117984734799,0.00454615562327397,0.00311515282355823,0.000450853428875506,0.0207714420067512,-0.0156467712738264,-0.0232596679294512,0.0254061422658543,0.0571854698053966,0.0277096974740963,-0.0140008362782565,0.00755997229553141,-0.0150184943147806,-0.000850627287477162,-0.0219366555545032,0.0225506331871294,-0.0050497513487514,0.00252804893847163,0.0190361458120905,0.0193987809774787,0.00998168833035574,0.00944600533806463,-0.0235448510301292,0.00616133005241297,-0.0015293628821571,0.0480843269210075,0.0392960136479325,0.00705952547438383,-0.00207893038396025,0.0178106592701519,0.0176877959184174,-0.00995679892734427,-0.0128716241453894,0.0723810131560188,0.0323615322988771,0.0387129257971839,0.0380885311374044,0.00774399765955011,-0.0129670254221532,0.0290952356307754,-0.0147694537652669,-0.00380822955058646,0.01447976952827,-0.00172947696376093,0.074397319155948,0.0101461608039694,0.0486339807424933,0.0315897370365044,0.0132128075831739
"UI10-00025-Autumn-Light",-0.107520000964774,-0.0775492240373245,0.0477181442413139,0.0714196797977826,0.0585386098183988,0.055484381728966,0.0592743661205376,0.0539673031473169,0.0470866146750585,0.0691529645214013,-0.0581529058098866,0.0279755106392041,0.0540206376263112,0.0636239583459324,-0.088210180485363,0.0920233686660782,0.100062843868432,0.024750413233937,-0.0548075133066697,0.132495213521378,0.02633203424632,0.0787227980302631,0.0747962681380506,0.0705791919987122,0.0788655632085579,0.083708049667217,0.0597071581347178,0.0605896546510539,0.0620535814662709,0.167909796229646,0.090134632408767,0.0575187710689741,0.0690978100702315,0.0710564476064911,0.0674328829494887,0.0655379651442248,0.0743026695058675,0.117136484896883,0.0575391335645595,0.114374065265842,0.072827500379582,0.0757204854694507,0.0683527825832572,0.0625855900071492,-0.0640038620051386,-0.103454623015371,-0.102583641735751,0.0790562342828686,0.0756061561842187,0.0480636828666074,0.0820879601396163,-0.0734447482266334,0.0537529870817399,0.0900414728861368,0.0702552729478041,0.0169781658004949,-0.118330074626634,0.0752470348917081,0.101150889321929,0.0773640458574046,0.0524185817265343,0.0686749200851893,0.0909897796443307,0.179375589762434,-0.0395680609608616,0.0902463913309276,0.0633547199167335,0.0811844002617456,0.0333198975924897,0.132296573635527,0.0646904293251079,0.048079406484326,-0.143979582776667,0.0934076302016444,0.0894187565419701,0.0615395189989197,0.0749048936951871,0.0704928163695915,0.100194154006133,0.0774036836315114,0.0550615807283852,0.0723687994119227,0.0675172312743674,0.0716438341264277,0.0844459699977127,-0.0787798196414173,0.0403114960847229,0.0573742627769057,0.0761894636869761,0.0696330909284166,0.114476734179555,0.0367579200383858,0.0709733607836776,0.0691682399309044,0.0532889127826275,0.10773068502975,0.0664555850046163,0.0930561836621634,0.0804766459725635,0.0499479298548168
"UI10-00026-Ben-Graz",0.100803905374188,0.134033924775654,0.147991367915025,0.0993036095035714,0.134106844940152,0.183822680197665,0.139474817748228,0.159293487928164,0.0774580724707742,0.119172965122104,0.13652902978492,0.135186536427777,0.154928500933571,0.151347398552758,0.139629115211516,0.129582960817728,0.169322270732483,0.147951164788322,0.15170395867941,0.129619348961273,0.183650282389859,0.0951428916917484,0.107664391173747,0.173684625599583,0.136104268498058,0.164305058273097,0.0456304834004512,0.127511554049287,0.129646530591698,0.148835397663432,0.196671578566139,0.150153850290472,0.0689610976232453,0.124412441771443,0.0787352713526396,0.191841847170246,0.154625288031763,0.131352958828753,0.120625267323837,0.195731640846057,0.121372248064199,0.115699284003167,0.138882109679508,0.11455132501736,0.150340966175481,0.157390131134341,0.112563654632833,0.13826134247295,0.14242426896674,0.140994064809841,0.160883690761235,0.157979173691007,0.123143955033351,0.11385740871549,0.0249784984291209,0.16247402167146,0.130398818637645,0.117723017081083,0.157123637504693,0.128683118456875,0.181821744169793,0.129795933131784,0.142990258693044,0.22153572464146,0.100004825413551,0.122792305234058,0.119000133374461,0.160902161515927,0.120170377923856,0.140583289779005,0.212350241768676,0.136375654363889,0.134616193883755,0.226753474601291,0.130697516359192,0.121488372075869,0.117682253994004,0.199953428232434,0.166897453758199,0.160635853128336,0.135099403119146,0.146640391619924,0.163700383947252,0.108818698493005,0.297425139314293,0.101609949269265,0.173761080629869,0.168565488773863,0.111010701061781,0.161706763244716,0.123841582131501,0.105776681873451,0.124023343481193,0.168050159661468,0.111946178942993,0.172043076701055,0.184840101815467,0.16827405179533,0.143799023545306,0.137153978096898
"UI10-00027-Ben-Rotkopf",-0.304516155547217,-0.295120014916042,-0.299341663750834,-0.250182407477051,-0.282265720491425,-0.299865091969054,-0.291053211960379,-0.312241442330676,-0.288036274259132,-0.296134636885571,-0.297327604766518,-0.314993473336203,-0.283111384990967,-0.299605718927954,-0.299956223248529,-0.289959431015257,-0.286102003929455,-0.312336116497981,-0.303989447680875,-0.353682350028208,-0.294034831325786,-0.290181609078797,-0.306795376551904,-0.311094941326898,-0.298998895030433,-0.272045573243223,-0.262104328600894,-0.272066244634153,-0.284631308383898,-0.320379239892089,-0.255369904265972,-0.298379954005484,-0.305213139074817,-0.304607272683294,-0.264942323022252,-0.2914640652835,-0.321221036573378,-0.287664383264637,-0.296251002116691,-0.296657868435455,-0.293250230685664,-0.290942869394444,-0.266027209294071,-0.31361162832137,-0.302754339484048,-0.279724267415923,-0.281885714257885,-0.292589126299821,-0.299937867555168,-0.297320484661895,-0.299176366398377,-0.29305177716939,-0.318472964632647,-0.302535940506848,-0.285805585069976,-0.285312258661747,-0.286967689823108,-0.285651021156675,-0.309628949719052,-0.318964473039102,-0.299542346922121,-0.291259520255994,-0.298531359191425,-0.286384412864301,-0.294251081996614,-0.290767820913631,-0.303308083596794,-0.308527241906302,-0.30699108357882,-0.318470870945534,-0.300131011356196,-0.283839372447995,-0.294277165585297,-0.317234131731436,-0.29774041025417,-0.307367687922345,-0.293603762086872,-0.288542251163569,-0.319833450287869,-0.288757509806862,-0.284805236756416,-0.325441520057381,-0.284183141786986,-0.303203139373604,-0.289297853862818,-0.287339417841965,-0.274113340076213,-0.357602523347744,-0.320954114860308,-0.296265520124549,-0.307459313270744,-0.298002734062224,-0.271919745868339,-0.305522614430064,-0.294598498306895,-0.300277780587329,-0.292855948541936,-0.287453255292369,-0.309738517457436,-0.291556819512208
"UI10-00028-Berlin",0.40599310452252,0.34048320082573,0.435988292721557,0.417564056201576,0.395288133060533,0.413568477690739,0.431737342732281,0.461202421339892,0.413004988051808,0.409038245141087,0.417647837667147,0.391434551344077,0.410066885478969,0.432503128354588,0.422912289580645,0.41082144793241,0.416994902230842,0.399850944159702,0.441997470412469,0.416347609341801,0.392627193365064,0.419826896152778,0.428737483998197,0.441117806666224,0.291167509901758,0.419923756258864,0.416139521764417,0.402987803618803,0.409036633226847,0.409752926839313,0.346587936518026,0.384446987899719,0.413756578449529,0.418152310343852,0.411585501177755,0.39350994935974,0.404733497759497,0.414468286536235,0.388618092494344,0.354296622963354,0.397629251562626,0.409022342309143,0.427638275376001,0.389632164037193,0.337479375410277,0.388501878183417,0.398936273006353,0.391930912513414,0.356065944602882,0.397905538702051,0.429400321241946,0.440507432141235,0.331594358889705,0.413267030687066,0.408441688522869,0.341370332401822,0.348471255804522,0.389445866318265,0.460146258620663,0.404504384655683,0.409424647530805,0.405082362224267,0.424411532024109,0.40995715311412,0.420699665080662,0.42742725666737,0.410045241565386,0.413686305220325,0.443351199542118,0.429968404285949,0.393743748480945,0.400105464337818,0.408433124544428,0.414210957958919,0.408030332475287,0.41086047347436,0.273171287454747,0.40770263424693,0.41078437400288,0.39342093718438,0.418554207466019,0.421358166053646,0.399769569347582,0.409100942832256,0.444683577326405,0.399076797691213,0.409211564539974,0.336043717902299,0.432032215641681,0.336039719639343,0.42805604223978,0.404042801984803,0.425416007846683,0.415838561479991,0.420628315816321,0.413695417542483,0.401202945282088,0.441113310562421,0.404991178354127,0.419688835616832
"UI10-00029-Bitsy-Ben",-0.455278213176849,-0.515345563335248,-0.545098583704039,-0.261295767304424,-0.499367877240682,-0.460504775693516,-0.528666149167354,-0.473257530706356,-0.439413270343696,-0.316488879335266,-0.515306738207598,-0.510131187011908,-0.133127154099828,-0.256035548146014,-0.478156356705473,-0.491997798245628,-0.577032722637895,-0.609699260726479,-0.500537118555556,-0.494755122396451,-0.535190026726646,-0.482884150772074,-0.521486944802023,-0.597248286576113,-0.495116856847381,-0.25356502618532,-0.553251688666399,-0.502541209120635,-0.501533564598478,-0.546456187389744,-0.497090424999311,-0.571388515841463,-0.573575035670133,-0.481063735412205,-0.511991614135029,-0.563132854881206,-0.582933136687484,-0.521761882813914,-0.521648845017706,-0.517446516614385,-0.481315184757012,-0.257395844343217,-0.497334843155097,-0.589247758264661,-0.497922443567285,-0.267814770154764,-0.491969590568072,-0.498807318749732,-0.489146555572332,-0.511072763112602,-0.502595865342685,-0.562219671645776,-0.488021087805076,-0.51639945488695,-0.512183189949939,-0.514305701135415,-0.481960023575844,-0.517266458525695,-0.53302066566798,-0.532854621120802,-0.547506038341783,-0.528527751452321,-0.564541317544574,-0.466715746150141,-0.597267855775293,-0.501037369360237,-0.551718056453586,-0.524430588204066,-0.611283711627424,-0.547366890485631,-0.528248650307841,-0.492205323145713,-0.525251081279251,-0.519923938669448,-0.532883112747042,-0.529953492284375,-0.279315322269581,-0.247215416444696,-0.476505911181617,-0.530175982305842,-0.546969659971011,-0.541559865021224,-0.572634722190253,-0.421234459015877,-0.243474733075081,-0.517816913545902,-0.470070008277243,-0.500256560544069,-0.589477776420465,-0.56223306892402,-0.503848408758747,-0.550458239558938,-0.518180175895888,-0.504351264469746,-0.531254614896018,-0.263307963311471,-0.570434164269267,-0.518827103444401,-0.500283261995292,-0.511790213975539
"UI10-00030-Blondo",0.108881133795573,0.118766180608777,0.128774131961473,0.143062320043556,0.127919519163454,0.11478161657078,0.097878914472814,0.125492334887888,0.129418748301086,0.134226830353513,0.16138594203069,0.158385334812311,0.135468113548399,0.124985471349618,0.129154591307616,0.128543330541079,0.112939452396931,0.116927570612211,0.115063915482802,0.132304855970159,0.114219177587829,0.0984248027286845,0.122306470664724,0.163622674864583,0.0924294990163086,0.0906890292802087,0.11654231052271,0.101981377361318,0.131330893357876,0.125741501534752,0.107169867512701,0.152779868804915,0.127274382615485,0.125537651456701,0.128855524961714,0.155930228124404,0.138410712919845,0.118465048191583,0.142888284566749,0.119696069884067,0.138848432326176,0.112930950935395,0.0902337152904045,0.106670789152333,0.112346707975636,0.119300770258574,0.134782435570518,0.171525436586312,0.129944031465724,0.13268133917021,0.125794368018736,0.131711843482851,0.137936933000057,0.134272262015533,0.130108564481385,0.12932944305604,0.123233021214013,0.138877299977286,0.106235701600749,0.11364720501779,0.0944562677907486,0.123734803230054,0.139598774047266,0.12156335498053,0.115068780523155,0.113216957607665,0.134329190281843,0.114938496864888,0.128742748416741,0.140891567840591,0.167848515853691,0.149586999906407,0.136980699697977,0.175331263726446,0.145959315774082,0.130292208839058,0.130450446572009,0.13085174605948,0.12511851913219,0.115591813800022,0.120332948820233,0.108510662029989,0.101864158367747,0.159874516923927,0.172561818775328,0.131896978593799,0.144634148091294,0.108928836649546,0.12960515725316,0.127047059453352,0.120368297712895,0.102953807020377,0.124086295605819,0.114526416628494,0.137967974312749,0.127108057065931,0.130905455904095,0.123297561196834,0.125150407044376,0.132603757387417
"UI10-00031-Bluetenwunder",-0.0950849737283982,-0.0919421979144985,-0.126390901979199,-0.140709481490956,-0.118066319839291,-0.110650106099642,-0.0828462434298945,-0.15802786139917,-0.0437503464868272,-0.0896175235558227,-0.118337502189549,-0.105784392781584,-0.13092640676525,-0.125329078342163,-0.201834129396737,-0.0866859676415492,-0.129866801206341,-0.0894901045546482,-0.117789408117297,-0.188224471651549,-0.219763968309082,-0.0733137184007094,-0.0937178997322789,-0.0930739435565005,-0.193488375954643,-0.161545588786509,-0.1192025528432,-0.212045306515808,-0.109916334857159,-0.0670192588076895,-0.131170695395447,-0.109774782310339,-0.0842951558080944,-0.129104521292786,-0.0725446427553905,-0.106973105030952,-0.0811002254871829,-0.0827803584337746,-0.0780681848816599,-0.0883905690567852,-0.165309805222387,-0.0954220113472541,-0.106217657006279,-0.0830050984043516,-0.102613077836394,-0.118000877269468,-0.0865976463934583,-0.0575064677089848,-0.121888467389393,-0.0632521642728315,-0.116008473135827,-0.0935435636168065,-0.177207541795752,-0.0919085469987689,-0.0873258857441709,-0.150814883936519,-0.0962965845034015,-0.137569404480358,-0.12460707157165,-0.24397765239426,-0.0949519458439889,-0.125609108043442,-0.121758343561202,-0.0969625902008541,-0.151868405225429,-0.096791852169968,-0.125682349100211,-0.133649463230958,-0.105377675554495,-0.10131147308352,-0.111634490623273,-0.112101648239683,-0.0657596196203615,-0.0866908296204254,-0.0918144377270228,-0.116740320166872,-0.227909507411285,-0.105874343538931,-0.198224538700531,-0.0838069616536082,-0.0948812630980059,-0.205927765692956,-0.0969288590612825,-0.111423659096044,-0.0904450292593372,-0.0963636669860763,-0.113642509649887,-0.124917440143619,-0.123511923849512,-0.0939090458693858,-0.11133236985585,-0.0973716767076727,-0.106388553837542,-0.0865593366080415,-0.11985054303465,-0.133912223320151,-0.146502658594051,-0.205777713207648,-0.106156292048729,-0.106109630877281
"UI10-00032-Bodacious-Ben",0.0770990982561399,0.0180105340038879,0.0643603974308322,0.0112690065502416,0.0388790972888813,0.0627243807897414,0.0629300176874274,0.0463805102459916,0.0995082922511463,0.0346552713171909,0.080896405204135,0.0711115234152732,0.087288520872518,0.102653365190933,0.0664139199924163,0.133141943618655,0.0931898219992664,0.156194649070591,0.0960309482700769,0.0407241822899512,0.0447437043599688,0.103402446395374,0.100272496231026,0.046788763951434,0.0637352513744865,0.0646206079059545,0.136881618091234,0.105326944380804,0.0606489865551705,0.0258839936904291,0.0293600119139265,0.0301343791196485,-0.00311395204425991,0.0510510749215675,0.0210390506434855,0.0403395265080127,0.0457615566130003,0.0546183180685474,0.0668336825436871,0.0776354492905787,0.0651356471405033,0.0614510795489744,0.0435901070756478,0.0364902503613513,0.0652748622979628,0.0456298961554897,0.0615870072783355,0.0526585389205352,0.0898763950814233,0.0405750515973238,0.0549418447659329,0.0480647088825272,0.0554913630265432,0.0644188116042237,0.0550876950882101,-0.0155514779136264,0.0343858371370369,0.0441861769978723,0.0427184737020838,0.0563539027482512,0.0488313429831573,0.0457900166752378,0.0584478854140229,0.0366445221024755,0.103522115855943,0.0700644063692341,0.0810995354106636,0.0627951748053413,0.0609416683696554,0.0510712467409784,0.093831547830534,0.0665716145717455,0.036184594795104,0.0715446756277467,0.107770318043102,0.111639266891439,0.0851480839389462,0.0915266491035732,0.073395756479049,0.0649219998086248,0.0671426508919604,0.0486025613531649,0.067571148716447,0.0584189558350331,0.0322154339645368,0.0613664871747113,0.0287142451927346,0.0832819274389814,0.0771227953364585,0.0201363592342268,0.0544403460281263,0.0294839076090519,0.124227235593455,0.0531346891255591,0.0270084144040377,0.0622500965902834,0.065840718143018,0.0468220755938605,0.0455098177251529,0.0279628769517379
"UI10-00033-Border-Bandit",-0.0686018138818653,-0.0617387127955741,-0.0756726306382123,-0.0485788214848967,-0.0875519903430674,-0.0469350646472165,-0.0694990668459114,-0.0570151991171218,-0.0426367013923223,-0.0352204055990922,-0.0660968811767191,-0.0392791375163195,-0.0605065891386998,-0.0759091356320247,-0.0882868385067186,-0.0687315260184228,-0.0491430161979878,-0.0286297829050809,-0.0572355112097691,-0.0533877692746228,-0.0650203738059596,-0.0102493221104319,-0.0334153092690211,-0.0631471488539431,-0.0742581816117769,-0.0584520757549056,-0.0355214727845817,-0.0683807835745077,-0.098149979642494,-0.0726610878763482,-0.0914607382103088,-0.0664950181348128,-0.0604830926089505,-0.129005119132544,-0.0162019211006499,-0.0472504863662863,-0.0674479234258659,-0.0598742774888506,-0.0586320071919858,-0.0616378558801467,-0.0445770620557553,-0.0640437566808256,-0.048672144225564,-0.0384744948032576,-0.0465752094806794,-0.067426282631131,-0.0979730646732946,-0.0340443471337899,-0.0452521071612717,-0.0445500977036436,-0.046624705852993,-0.0642661050201188,-0.0285976164623611,-0.0605669186583089,-0.0928770999976418,-0.0733539562147323,-0.0784560248859912,-0.0580554091273164,-0.0563517979810115,-0.0545852982236286,-0.0723847123722981,-0.0639850571711138,-0.0695841326802178,0.0181462878064218,-0.04297555247708,-0.0617458004469296,-0.0657507017073436,-0.0661693398116583,-0.050882449280821,-0.0513172406738781,-0.0656357433748189,-0.0932175316652315,-0.12578117124501,-0.0614548804698328,-0.0594430538060731,-0.038427239219621,-0.0637132480796767,-0.0433696103151254,-0.0670254700912335,-0.0602024229686713,-0.0561367252784098,-0.0958711723619717,-0.0712603447218346,-0.0368306777107178,-0.0706619961737277,-0.0549283895911158,-0.0774222355977575,-0.0577803888124179,-0.0635627519512915,-0.0982091894888864,-0.0507848511016697,-0.0552505017053534,-0.0731332069404729,-0.056967875574797,-0.0572670472711976,-0.0293530417945745,-0.0533221098442581,-0.0731882580881523,-0.0563185550423075,-0.0736666648494644
"UI10-00036-Dixieland",-0.254895386553968,-0.223880099578885,-0.195923264338603,-0.243060875459794,-0.259495362853034,-0.209726687280308,-0.237403544821844,-0.222768855629736,-0.197112396717166,-0.209291916214959,-0.19453679134602,-0.200257451482738,-0.198128221750701,-0.219139912108836,-0.233530510378805,-0.208270807359202,-0.208386305784729,-0.234029864770616,-0.209203105371511,-0.192572440749163,-0.182141654815857,-0.204954327958999,-0.171381015187286,-0.193222626027348,-0.233627320171183,-0.19571989790157,-0.227713969213512,-0.203513373967682,-0.22080396853856,-0.215444134536916,-0.223132918526266,-0.254367295814763,-0.210671133293116,-0.187063570594926,-0.217005562155356,-0.22053698095332,-0.214683881191008,-0.210911525192556,-0.22620759277436,-0.218767075961306,-0.185755273599179,-0.215074610565719,-0.239092259617617,-0.21026393442014,-0.186724996312253,-0.216876811044689,-0.220863364559948,-0.209237740649533,-0.225922698219893,-0.174656798864089,-0.23773522253639,-0.217416614379388,-0.180878586383405,-0.199540017611097,-0.236809668774171,-0.221334364173447,-0.209671982383545,-0.215974675929815,-0.206107826371787,-0.219759040029056,-0.213644717460296,-0.211190702299428,-0.204860194474959,-0.211904434312202,-0.181465524871782,-0.248357363847309,-0.191826459314767,-0.228155985006096,-0.15606036586504,-0.224328227810325,-0.251352231970344,-0.220640564977451,-0.182159282076724,-0.242991912764065,-0.213185341320103,-0.219723912148256,-0.224345218416652,-0.197210687460434,-0.211872583870421,-0.207318039205992,-0.242687664120289,-0.212476860163857,-0.193802593013506,-0.231624689496973,-0.229475505667566,-0.195714274360833,-0.17889676919692,-0.259837482551548,-0.195680221509542,-0.128146491105437,-0.233909634219796,-0.23978543639035,-0.229730156701508,-0.166038960614702,-0.204965970124868,-0.222108110956735,-0.239338060999723,-0.216661329526764,-0.204200788610308,-0.237890366594541
"UI10-00038-Emerald-Shadow",0.136533993806426,0.141406037152384,0.136085103048365,0.134669915111368,0.140639344031194,0.115829890575754,0.134048614956433,0.12916697640184,0.13255901617206,0.15159674732796,0.146093335466217,0.142811353601487,0.131140171459861,0.133723591998222,0.140397582222283,0.136855052365549,0.128073800678661,0.110176479386672,0.130463863453658,0.134409300969647,0.151030196873127,0.06582301903202,0.157175908696673,0.136043209421304,0.1222753703069,0.144566172353593,0.118554142981494,0.157681355565156,0.143402686036242,0.13980921250311,0.1242946697293,0.1178028436956,0.113543813321138,0.114255365058745,0.122535344335773,0.130109969526332,0.0709438177253452,0.135406533593451,0.0953371930126478,0.146731076445278,0.0710281233588606,0.130435315643928,0.125807085101033,0.135224263827792,0.134196524515722,0.142964722295142,0.145143375258383,0.116076264806493,0.098215238110086,0.163817691292709,0.127686067681519,0.146237086416271,0.132940879935328,0.137039393032315,0.145047195357135,0.0532687320387337,0.126530361654908,0.133755358130038,0.0581316865732473,0.120941644856044,0.138834002808137,0.135373518041322,0.152622205160469,0.135400174446606,0.143516414570697,0.131332633892177,0.142916283105156,0.137277427654066,0.156509218693289,0.142784932442283,0.149294426515919,0.138962234145139,0.142737370735092,0.126441272551288,0.0438927159682814,0.137883981731409,0.129387562125964,0.136382106060174,0.144474480492016,0.13859623504088,0.133851270106117,0.1287458905452,0.150437140144302,0.14292092058366,0.123545842574969,0.149456221893146,0.132057972900782,0.118990965423569,0.133076920164023,0.128229659636603,0.133431452005113,0.136316375423965,0.148296925877889,0.148078481171002,0.139495151079756,0.134519799973641,0.12829802244563,0.119870054281603,0.0633120039457437,0.154007522626858
"UI10-00039-Emmanuel-LePage",-0.0705276625172356,-0.0474949032855115,-0.0548034800012417,-0.0854366049724857,-0.0650117194138642,-0.0250923781044451,-0.079504588963921,-0.103320204359469,-0.0724718524113565,-0.134190644519047,-0.0821607789435587,-0.0530070666148251,-0.109860173398115,-0.0944065434609273,-0.0861020625432872,-0.0694585305246246,-0.00329460093116547,-0.108559469904414,-0.032845113940755,-0.151761568323492,-0.0537306072746026,-0.0659188197845278,-0.121530483206645,-0.0589432440851335,-0.104918140236859,-0.0760962030914445,-0.0624773846832851,-0.0911013055799709,-0.0903539822104728,-0.0897983019398951,-0.0259695295627287,-0.0483213138584359,-0.0740251816384557,-0.0829428668583516,-0.0446538676796499,-0.0266760051497002,-0.0402035475202729,-0.0490603081521771,-0.0926889475653607,-0.0472001077527212,-0.0839870090436991,-0.0894359804230311,-0.0729947463031085,-0.0440886879439062,-0.0596221101581849,-0.0441004327170233,-0.0623511900992399,0.00730003334292626,-0.0744819799438915,-0.0618420474882727,-0.168285502018015,-0.0688055408089948,-0.0601520326715567,-0.051544780372152,-0.0339499746788701,-0.0632936668051223,-0.0592327051913915,-0.0832880584734857,-0.116822201466482,-0.122078499188181,-0.0974465035678403,-0.00372280365642807,-0.0949691869228611,-0.0358958782278344,-0.0662761966611017,-0.041575539192567,-0.0579908115493703,-0.1175486845171,-0.0155156030091464,-0.0528761034883274,-0.0343102906655882,-0.0673447656893352,-0.0423277226587229,-0.0923748114040956,-0.0272529486923104,-0.0200872627243295,-0.0759049894710248,-0.0839914974773281,-0.0452790772893002,-0.125936743123418,-0.0638481772437707,-0.104193693391185,-0.0938839259758017,-0.0431973993069634,-0.0888574084170166,-0.0523489062826802,-0.0804134549617419,-0.0714555350162318,-0.0782148112694392,-0.065655367353897,-0.0617875314958207,-0.0663714392636865,-0.0633851622471205,-0.0877528691293078,-0.0807669628701174,-0.0912842834896555,-0.0602039407581364,-0.107262803087373,-0.0532122853720342,-0.00853677481795571
"UI10-00042-Giraffe",-0.265411185721676,-0.28310965684328,-0.272798274432615,-0.259008857680044,-0.268715857783698,-0.261370574341143,-0.25942020279821,-0.276129678190511,-0.242835633267149,-0.272271834339666,-0.269246426387824,-0.276584048272384,-0.278866271297975,-0.276518043366421,-0.262585101393028,-0.291701849987484,-0.275123089451086,-0.278338716237189,-0.265123872846685,-0.282605206988536,-0.282931982452677,-0.291849023005288,-0.276570871019374,-0.285705422085196,-0.30816410126612,-0.279377952596974,-0.249061726649033,-0.276468681449125,-0.267062031873294,-0.279013460451689,-0.267949831110608,-0.234389021018437,-0.290380550332314,-0.282387651950684,-0.254257090453373,-0.264730316424633,-0.264623148534687,-0.27389423160354,-0.263717816771362,-0.27756615697517,-0.266194871687075,-0.242043055899582,-0.259845806803378,-0.219486114009041,-0.263915703220197,-0.276118140153078,-0.289674799447909,-0.284007330148212,-0.291826045839336,-0.277509860135521,-0.27796693337115,-0.259997765270928,-0.282202331536104,-0.274987564098947,-0.289619694888983,-0.239914748583427,-0.265070813542545,-0.297306545638956,-0.266264509449831,-0.244459636379423,-0.277809801166084,-0.276384681528214,-0.299754804117334,-0.251301121301454,-0.307110371227688,-0.283679426804295,-0.282511264131985,-0.26852326741273,-0.282328072537504,-0.256442130542083,-0.276735965148204,-0.276095885952204,-0.287742838085644,-0.275797265896503,-0.286217813343387,-0.262567307622986,-0.269041949162329,-0.278969140642885,-0.280696407226283,-0.262081424335099,-0.251675408659221,-0.265289685469531,-0.241766817685645,-0.271118976854574,-0.282778876491769,-0.260988335267738,-0.282042265136937,-0.27641798629639,-0.221475300768749,-0.270900808252303,-0.293571546972391,-0.272176769410905,-0.287191793614342,-0.286180048808556,-0.312031461568519,-0.270786400448688,-0.299789459537478,-0.267150849046463,-0.269126772723092,-0.293374723275078
"UI10-00043-Gold-and-Silver",-0.140676330792002,-0.122429411760987,-0.143045965071186,-0.178714105702519,-0.191480840516714,-0.160155085569169,-0.177866389302623,-0.178550037875659,-0.144347020764033,-0.218688560662532,-0.171818245730262,-0.184178987830252,-0.154741257023839,-0.172038466432754,-0.177201757964894,-0.167903829652884,-0.17771589133298,-0.166974849289347,-0.157590089376282,-0.150306990551014,-0.153907684338287,-0.190817651649458,-0.171074783508748,-0.199502218006339,-0.162356529143874,-0.148999417337137,-0.17764343558866,-0.237291485118108,-0.183300905293381,-0.181007863117187,-0.173753549310817,-0.149071047062872,-0.235546260856532,-0.171628574217041,-0.174490619145689,-0.163351378285238,-0.197873788135841,-0.105409430034437,-0.200975958435253,-0.183649145421863,-0.157181607362437,-0.18906027400261,-0.209689326924048,-0.168739608148491,-0.0763736676398836,-0.170947182035022,-0.189921677065095,-0.180701532110957,-0.175243854035355,-0.0804141339930514,-0.182632709870298,-0.194301431591751,-0.19145686094999,-0.234075537352327,-0.184760657292672,-0.177745063820545,-0.168155847068174,-0.203551313990698,-0.180749160316926,-0.195827637792868,-0.181791157251206,-0.175899998607541,-0.169089649950841,-0.166357520563394,-0.202857780617926,-0.172042746892685,-0.162888229127728,-0.201282887301793,-0.193707245641245,-0.205309609299872,-0.21512160781272,-0.148479135895968,-0.142508623174264,-0.173820947857193,-0.164449353556843,-0.178713941653682,-0.177901294862817,-0.208587521078213,-0.171857086576499,-0.186211642397981,-0.186634353606418,-0.133083099073179,-0.215337988872775,-0.232549958696915,-0.154609345923214,-0.181259220337027,-0.159685053197225,-0.186758656204477,-0.177481385342296,-0.15166908872906,-0.141234949693091,-0.16676111995115,-0.1640686623114,-0.122243175010844,-0.13390875609468,-0.178732436597655,-0.157735987767428,-0.153279845091503,-0.174571455830799,-0.168064830338384
"UI10-00047-Goliath",-0.395854100549959,-0.383627078233931,-0.380016412308654,-0.37340379783717,-0.408977168071821,-0.378011042108416,-0.396517975802718,-0.405729024223198,-0.370126376362811,-0.402607803706551,-0.426905623023304,-0.416620660477041,-0.400585896878882,-0.409085434394622,-0.397457198044457,-0.404746545729852,-0.411294706374887,-0.385128139132552,-0.393177546986582,-0.392609852529383,-0.350767549394194,-0.377086922171154,-0.374130248795407,-0.418659368739961,-0.377033212888703,-0.3995866347377,-0.387369197852537,-0.378958336199567,-0.404119234048757,-0.417008363255019,-0.407646770204302,-0.40608353311994,-0.419518794739112,-0.416930341593393,-0.410732592629178,-0.391888572468142,-0.381146228929463,-0.422324751500492,-0.401375285643871,-0.404205130135486,-0.317567340465289,-0.41363989779457,-0.401351857171379,-0.398965989727282,-0.380740316686147,-0.39404345641208,-0.386171375025432,-0.419988528435009,-0.403818594044765,-0.380347495350174,-0.364790017834488,-0.390489267410098,-0.295898749950574,-0.407208275600488,-0.401674131265808,-0.378935950475907,-0.393132174097676,-0.417060326576436,-0.384898973090035,-0.378452478838283,-0.395261856524604,-0.385904244297611,-0.419324987688305,-0.466962467981298,-0.397542490995946,-0.436901638720281,-0.37204555425674,-0.387366138362137,-0.361111120539372,-0.394990041067635,-0.379437527979236,-0.383172311719149,-0.370158283472293,-0.368081747563686,-0.388267990405039,-0.410999604116224,-0.375815275324483,-0.424599099772273,-0.373181984339674,-0.405520796198678,-0.425397596640002,-0.361749589408584,-0.383510865055922,-0.40414256245337,-0.376052485901136,-0.40696323068364,-0.395024984390834,-0.432253624808806,-0.431328919463325,-0.379502655478873,-0.443416651287368,-0.40893483853811,-0.391259495174469,-0.405389637735104,-0.426102494498779,-0.412236915328006,-0.387264843694974,-0.378588331385884,-0.400049442363743,-0.374840384365411
"UI10-00048-Gracillimus",-0.00914403492709498,0.00949109531307868,-0.00670239187206314,-0.0101386742965112,-0.0332085042770132,-0.167793898039575,0.0198196009696204,0.0140996781521292,0.00423853154286556,0.0110480917177919,-0.00229381275350618,0.0195320004790121,-0.00398309932587353,0.00601531834527964,0.0135459779979194,0.00881231862553388,-0.0225442720688353,-0.0190270268319308,-0.0284409172985799,-0.0312640505871812,-0.0105438966606072,-0.004628813290726,-0.0122398670719221,0.0177970560631592,0.0224342222904196,-0.172758674003358,0.00492461413876738,-0.000722050021763278,-0.0000638431443816126,0.155439924789939,0.0908001512177327,-0.0112942543135255,-0.00866329757706677,-0.0000817760290113675,0.0662836673068716,-0.00114490835870649,-0.00036350933109869,0.0067927709102652,-0.179499058592141,0.106663044177058,0.0120340339476424,-0.198874663191428,0.0154164782014869,0.00680546851376037,-0.0059392158543832,0.00768742160209045,0.0312178029595694,0.0237604932387101,-0.0159192081616457,0.0162099702907909,-0.0246447425995926,0.00502246886737014,-0.000336014016509598,-0.175082387353161,-0.0174747444872452,0.0134296525281164,-0.109655978195764,-0.022481547309453,0.0939238336506184,-0.000487353758707561,-0.211848300656352,-0.0254303830771673,-0.183957235530655,0.175472522094556,0.00854601742829231,-0.00932258967258496,-0.0205281536090101,0.0756080380190706,-0.0134262962546202,0.00307141081987051,0.00400861480735144,-0.00549600091596665,-0.0566143749566035,0.00591295265784079,-0.00693665474409489,-0.03720621989145,-0.0026080125752349,-0.00608323902472464,0.0107338753257092,-0.178520879734042,-0.190152591420841,0.00324577639451921,0.0059471152805484,-0.186589702410238,0.0784162507287142,-0.083474254241241,-0.195401343736108,0.00790640661129185,-0.0140306044374456,-0.0220281721339191,0.00775300083728123,-0.0113871462202663,0.0031556663892987,0.00774420161879222,0.0353720835808149,0.106438776344044,-0.205547497736587,-0.00138601506618364,-0.0435644656577569,0.0217924811279531
"UI10-00051-Gracillimus-Nana",-0.0837888808596357,-0.074093199093543,-0.106504466296616,-0.0840498405469727,-0.129498305039958,-0.110266116964421,-0.0912746585922303,-0.116901668409429,-0.128474969481351,-0.0559800454699982,-0.10018116884554,-0.10319611163121,-0.116320915251793,-0.117368429081307,-0.103828089735804,-0.0754306932935396,-0.0714818839971374,-0.0963003130310495,-0.113540464207235,-0.0994946488957712,-0.0921055283348,-0.0857898024623781,-0.116794913591004,-0.0920306082637214,-0.123580252487721,-0.119990094096867,-0.0947358476033423,-0.078156502556586,-0.169201934652978,-0.0634909618885953,-0.109294105801789,-0.177909893439359,-0.083524179410729,-0.13482656877623,-0.151918136853523,-0.0893239922238489,-0.0807536097913505,-0.0454914482585889,-0.127693794285778,-0.0863322313726728,-0.111937871025757,-0.121211804149171,-0.0984925634646671,-0.107686761063692,-0.0732450260662783,-0.0708497608264945,-0.0687966578366576,-0.0827101945765479,-0.196928803448206,-0.0840736581533433,-0.0430675105748164,-0.121132943075426,-0.087533014699751,-0.125773273085037,-0.0981049980160626,-0.119268487699439,-0.129274487215222,-0.142322528797233,-0.0527476283965669,-0.126172611481901,-0.0690342640361043,-0.121266342654595,-0.0964458604841299,-0.119643606942324,-0.129134390771772,-0.107184070898906,-0.130704748280117,-0.125598131358104,-0.178268262537214,-0.0608032923285128,-0.108795362461356,-0.0575808165523648,-0.126760596483528,-0.116377506720092,-0.0825815930331842,-0.117466457711439,-0.115661875587748,-0.103066631754586,-0.0994483822876991,-0.112751134291593,-0.071983476993783,-0.141134992075064,-0.113251708004917,-0.0997725226303999,-0.201684996853586,-0.0813029006721452,-0.184012390251141,-0.115945017280237,-0.0965474647428936,-0.121134515135204,-0.0627294966214269,-0.132664441783263,-0.145413306756719,-0.0954462187537103,-0.0818940968725864,-0.110530589755565,-0.0868445277656107,-0.11755370304419,-0.119090790031072,-0.160459670667024
"UI10-00052-Graziella",-0.384349199315287,-0.370096753416822,-0.384315512031485,-0.245470241357956,-0.378639940905233,-0.408273972648758,-0.375731160880526,-0.36009947436886,-0.339470493331113,-0.28833337029964,-0.362470471454284,-0.395282572813719,-0.0989778583213134,-0.24003149025283,-0.355290563637416,-0.341245901007694,-0.407030902830878,-0.371094210182752,-0.377141704655689,-0.379056406300079,-0.409516463670691,-0.31274741457977,-0.368445084494548,-0.376376507214152,-0.346891282792545,-0.223839144486111,-0.394188439814943,-0.401225870155182,-0.358413571018822,-0.346392844166271,-0.401402446247335,-0.360020214322575,-0.365006820532512,-0.337853371875923,-0.361547009576033,-0.403706773197454,-0.376062531577519,-0.374724987783077,-0.410572013907235,-0.387605464483039,-0.387524961987719,-0.228113667416407,-0.36597860155546,-0.420122034762293,-0.396093985576541,-0.248545387475731,-0.386729580600568,-0.388841406137858,-0.365810993572937,-0.390764260632428,-0.406776858258413,-0.426860875289405,-0.388525565132086,-0.391976033613182,-0.378705063155688,-0.376448922615133,-0.343995216612591,-0.361590082722241,-0.356099471295001,-0.427178651904834,-0.419174711324047,-0.377251488922842,-0.338454578186406,-0.309672232512059,-0.371340394488801,-0.343839304096696,-0.391696483176542,-0.376940833856606,-0.423354240175983,-0.317122410901636,-0.408246512497073,-0.393852643906091,-0.302307451514302,-0.404916199421907,-0.412253390707071,-0.385122123191351,-0.253565811096093,-0.221500064657559,-0.373851035145361,-0.371627213039533,-0.41142146520374,-0.326379937330135,-0.379883215815939,-0.422465097291533,-0.221436180560803,-0.386689907354201,-0.365591746255181,-0.367245072559915,-0.385301576026128,-0.389040926730249,-0.340208113088061,-0.381751326588223,-0.370010209915706,-0.349592636709094,-0.41487235611719,-0.233757804063751,-0.423814911285961,-0.392639730938052,-0.393912150583896,-0.364243753050139
"UI10-00053-Grosse-Fontaine",0.0155161750575305,0.00134787277847964,0.0341727320965685,0.0103469692852176,-0.01177373261538,-0.0207367877845975,0.0229487327099319,-0.0409710820169238,-0.0138784385317589,0.0152461815017223,0.0410487262321707,-0.00235594356021726,0.00684523959351869,-0.00664691562604539,-0.0318433983521212,0.00920963128556133,-0.00154967714624262,-0.0911894374848514,0.0266875736090597,-0.0536337839416998,-0.0705636112016494,0.00714516290462831,-0.090170065633232,0.0260422121601846,-0.0915384245475165,0.00846866372181812,-0.0125875908002033,-0.015804004233212,0.0392886093471255,0.0058262435212895,-0.00636775181439973,0.00808181285780717,-0.136809881972893,0.0260899701911662,-0.0345721046906641,0.00357081610899444,0.00969047147775938,0.00762602675470149,0.00176744612312537,0.013628513924914,0.0185536111470373,-0.0116089181060716,0.0319957480750676,0.0143624961448266,0.0351341062119444,0.0148494092164963,0.0000793872212129197,0.0286166407754027,-0.00915098202136647,0.00466063250425504,-0.0105312687764111,-0.0368162599879886,0.0101502937832123,0.00639469186334663,-0.00187897143141711,-0.117369689005746,-0.000508556752541384,-0.0218627617308143,-0.010191523725611,0.0347215149127362,0.019246547801198,0.0127440289031165,0.0253573361571732,-0.00468029437115373,0.00864463767609152,0.00601753825607906,-0.0848205359633273,0.029697112924778,0.00517105045957233,-0.00316487950287748,0.010190209170627,0.0166795208176747,-0.0440680326907955,-0.0174199590912421,0.00298655737757769,-0.0168136643532223,-0.0095695356783866,-0.00340732427074243,-0.0184942730237393,0.00859002075563819,-0.0132444425309919,-0.0103252936837007,0.0298183192871541,0.0117291224273549,0.0148599952937049,0.0160926734210908,0.000327341818376448,0.00287804419332921,0.00390665624209154,-0.0317107586109078,0.0213852774610056,-0.00466032027650991,0.0341361845207877,0.0043065439616327,-0.0104895795609814,-0.0091487137397275,-0.0847158293035275,-0.00920313847960604,-0.0142125604895611,-0.0050929949173949
"UI10-00056-Huron-Blush",-0.0300099056762854,-0.0225390104027039,-0.0209034746343045,-0.0446435172212413,0.0465284076700766,-0.0406809145747135,-0.0346694935532315,-0.0169782455524104,-0.0693754704033772,-0.00485651091564566,0.00864076028491016,0.016275753247971,0.072060855703739,0.0141749351550702,0.0126388662669743,-0.0566452574969108,-0.0311164077200867,-0.0386441974767668,-0.0210292278673461,0.0119966468127272,0.00593483552496025,-0.0163664202508054,-0.0418294230929742,-0.0334180061369341,-0.0394398974638382,0.0274789872378799,-0.00911377480876233,-0.0400807919837512,-0.0338603890872606,-0.0385868799415884,-0.0327122159880055,-0.0226226431868263,-0.0331576495905726,-0.00541458150862231,-0.0231345494438679,-0.0530972057181907,0.0013178786723059,-0.0458928251851098,0.00530829583249967,-0.0238680622833597,-0.0271504566789323,-0.0257066408851512,-0.0472940571439993,-0.0105693208523343,-0.0110068630448056,-0.0253508296809067,-0.0570184400558332,-0.00209854022123906,0.0103688808077679,-0.0129085424781581,-0.0383200328288832,0.0354968508995025,0.00173760529931182,0.0558120696026923,-0.00913183175736971,-0.0589459311947422,-0.0303548467750377,-0.0305027152485981,0.0206926654100624,-0.0156640463288068,-0.0300906746010854,-0.0153091021150609,-0.00172485953075477,-0.00454219319679347,-0.0138925343843323,0.0173105116483622,-0.0482988378381889,-0.0524424206189672,-0.00122278881937798,-0.0262369587904553,-0.000892103520911472,-0.0330091349995254,0.0294045478123026,-0.0124015981535464,-0.0210974069821413,-0.00799180651951789,-0.00658785832556426,0.0294902593034801,-0.0157305290547697,-0.00283877000330928,-0.002678047362824,-0.0115611341548533,-0.00209830513797347,-0.0124149801344409,0.0248365307694954,-0.0465568370023478,-0.0203520220716648,0.0128649485114137,-0.0297355808445682,0.00080441768097908,0.0000158432307696028,-0.0198991064599199,-0.0403936226443969,-0.00406818615538063,-0.0127291891855151,0.0467911098123859,-0.0312943279722691,-0.00196449833446152,-0.0304638034843597,-0.0115945299005941
"UI10-00057-Huron-Sentinel",-0.405367199843665,-0.481252460842836,-0.482161586762782,-0.477563775018831,-0.500179607547973,-0.390300334204836,-0.437310015515774,-0.446918038441367,-0.355572399664404,-0.471787153759897,-0.432341881552896,-0.440364016425445,-0.206380006947783,-0.456455732670525,-0.459909240740422,-0.341788284253999,-0.462001825066048,-0.419794696839392,-0.480771741332552,-0.443466506819918,-0.493554799238784,-0.281422430925345,-0.461621540506565,-0.456280231431968,-0.297150803597167,-0.47713047726139,-0.498135607271513,-0.460635242798748,-0.43640170613532,-0.433157520944285,-0.485319659289865,-0.376097765244973,-0.404483875218067,-0.448029153439247,-0.451193822935541,-0.475252139319566,-0.516941524326797,-0.449952322267572,-0.426781713718755,-0.505618574456287,-0.461961509295003,-0.437930589719327,-0.433250856675091,-0.427781026852767,-0.443307400304803,-0.412723452494531,-0.46626022526289,-0.469739595619887,-0.467704565549124,-0.473018529021036,-0.424134270172258,-0.430081675502845,-0.49158791770882,-0.443557139393897,-0.371262176497984,-0.450565886765684,-0.363686200688878,-0.394342484255888,-0.360040518348957,-0.462998380051428,-0.442722342968401,-0.45108840079851,-0.42158722768165,-0.325239385163355,-0.465328248127434,-0.405444770674446,-0.478048848754484,-0.443892098773603,-0.442315146173676,-0.323818192093562,-0.440797452578988,-0.392968474554178,-0.299977078640011,-0.403488023393546,-0.496127891862508,-0.434104982835869,-0.435709651458867,-0.451202922514537,-0.489111527604391,-0.471601478585056,-0.487237699862406,-0.463695222037245,-0.426079439936508,-0.381269011715321,-0.553032326551956,-0.428282425172811,-0.412021780961914,-0.40202443018404,-0.513646463102162,-0.4857592585811,-0.35140677500453,-0.439071905630406,-0.476613086288784,-0.493536294073785,-0.437056968765365,-0.479334910895487,-0.533590469425766,-0.434621313098109,-0.450051343735424,-0.522073358891353
"UI10-00060-July",0.101648398250337,0.0963706322057303,0.149411755855902,0.142793999614566,0.165107347459397,0.132453176598516,0.159530282527224,0.0603590611606665,0.123247143872905,0.119695614520391,0.0972443576777136,0.11246547119294,0.138339765261817,0.142717629587578,0.116349938726124,0.123697224627325,0.154778235769301,0.134215795751386,0.13638396929793,0.0943304854308757,0.125307805648953,0.129051290680859,0.109484423256387,0.128566984247041,0.155958612829143,0.108651177024178,0.101965538331782,0.123385869541878,0.127394481199382,0.101476011529975,0.0991591324555708,0.104098961797239,0.141423633780668,0.131242211923222,0.133073500140491,0.175024876402165,0.110652176597536,0.11045356595142,0.121551688653189,0.126464610418816,0.119169538549993,0.0629303300091627,0.127192026944105,0.171092458034484,0.123393027091635,0.118719309809058,0.0985184191904318,0.105626576204067,0.111575194252213,0.12577945096108,0.162224602739144,0.102362776740195,0.128972264221107,0.0974478089338137,0.127728823788978,0.141133657538758,0.178428973839283,0.121162114385926,0.108485518051357,0.145215239473817,0.143750323192402,0.157874284255004,0.152343997572144,0.0722526293888006,0.121342913490317,0.0839861734480437,0.109472028441847,0.059964838978421,0.116180330926153,0.0902325545431902,0.138827432281993,0.179987323975082,0.127976055932299,0.0676977937273232,0.134298111510617,0.0590295907994312,0.0956414399792279,0.129411007961583,0.123778236716301,0.128898586789935,0.0618564952127643,0.112465482902004,0.0954534220205027,0.125440167402971,0.137437634162315,0.143726835296527,0.106085731940974,0.109352598325689,0.176011422350134,0.110768007754574,0.143664993948946,0.0854153629765441,0.114600906677079,0.104373227868058,0.121957208179898,0.124864253435751,0.0736102371788369,0.149813621164957,0.0956376630450032,0.0995134966029664
"UI10-00061-Kaskade",0.0164777847805719,-0.0169724113374189,0.0139168544046231,0.0161325438718757,0.00433974553066325,0.042463116035009,0.0275789629778648,0.0200658961680499,0.0369826308430019,-0.0098451694732371,0.0257963120741531,0.0337753978766232,0.0200920439220562,0.040622991234954,0.035368406225438,-0.0147616264382728,0.0543807617425631,-0.117421030732384,0.0236052582234498,-0.0796205893756742,-0.0838984751871378,0.0290522515286737,-0.11430898152443,0.0366122816285509,-0.117126607392055,0.0291657368993879,0.019984793371005,0.0218982272393231,0.0364427727635246,0.0176360894757183,-0.00448957590687174,0.034658935568232,-0.153743734862669,0.00383971657566271,0.0869769071850401,0.0149656881724968,0.0227538770646478,0.0387039032260609,0.0137243299138702,0.0725063204176482,-0.00350416522299518,-0.00335547250308327,0.0322953482128689,0.0372579487830685,0.00905282034433295,0.0294361147766733,0.0357485065199961,0.0566941943996737,0.0300956442103366,0.000696703101297855,0.044348701164494,0.0249252168298798,0.0109857641611496,0.0186807173278132,0.100409558736477,-0.137646201802794,0.0472817289532728,0.0257596125379687,0.0171681558040588,0.0689292721002,0.00808487206956555,0.0115808408486733,0.0101956142376013,0.0568550852765548,0.0442995743798673,0.00168981167120786,-0.0978550822208253,-0.00343950719715447,0.0257819587857577,0.00244781836045561,0.00661826547832522,0.0559977573031498,0.0277173871708704,0.024644443560323,0.0583668450259146,0.0247326325380206,0.0154267199690351,0.0267569998214116,0.0123604155496221,0.0141048326875226,-0.024004352543403,0.00418530454839364,0.037938641383756,0.0267065899233447,0.0337993894747351,0.0415625100876318,0.0173699906134581,0.0337665635561389,0.0181557895849413,0.0140381948455634,0.03361857778388,0.00810738811898865,0.0140177580226563,0.00217066119254308,0.043224507201257,0.0371244969275395,-0.108885301104214,0.081880828202913,0.0280045519702988,0.0368267025660799
"UI10-00062-Kirk-Alexander",0.224360784316384,0.233508103190229,0.245413687770198,0.274837791303825,0.248683668252653,0.234521200901731,0.275153671049676,0.25333131614912,0.267009824953407,0.278131992909027,0.233055609489808,0.235930518202006,0.223419099731721,0.235744024373631,0.281021083685273,0.22678618681656,0.283678978572916,0.287910691907482,0.242959241644323,0.224102287437685,0.250227990417699,0.314966542134588,0.297413040643776,0.253887530410221,0.216677126889104,0.283954252753915,0.249676565270101,0.249925056436585,0.254333605746813,0.238524552770155,0.320784172263331,0.313891569709832,0.286490528878296,0.235319517361505,0.231508399229558,0.300559992548587,0.29844203940727,0.239235089920993,0.287443333216044,0.217072329233142,0.262407772784686,0.301863329563519,0.236668727825404,0.282003093279371,0.241691380077597,0.241035749977898,0.26135058097287,0.246499194772518,0.269352209952415,0.228214069486358,0.241920517415552,0.249235004812573,0.242018330709869,0.294202211820391,0.208138184860976,0.257598815451707,0.235455639496058,0.241231433375838,0.215821864681339,0.275466082751995,0.246115045183659,0.26462852945579,0.25461171960946,0.334887610803105,0.233582195985183,0.294439745930931,0.242171074002215,0.232480657107217,0.225569780198253,0.269066453066013,0.270182454007767,0.261962337208985,0.19820028856473,0.245888538311833,0.18872042987998,0.267541746535075,0.289047753857891,0.276393471696622,0.252949795121503,0.253018477299108,0.303296590394372,0.230834848985598,0.254857599118638,0.298508239882719,0.219361674597577,0.227318750881966,0.314731688908172,0.21191754756594,0.266823254034238,0.241620996523906,0.298600546444307,0.213763932209532,0.265312666183836,0.224330918133454,0.252780108887145,0.274139022723231,0.33213881606874,0.259451785906813,0.263601988049254,0.248714314713764
"UI10-00063-Kleine-Fontaine",0.0114110985601586,0.00720445753177895,0.0556842076792401,0.0401089453815248,0.0285501472223177,0.0378707812548943,0.0459651877162143,0.0283422996274267,0.0225475337888107,0.0566705819558993,0.0420739722703887,0.0814338539818269,0.0392457027079031,0.0499940641369069,0.0442302027364855,0.0540808384309621,0.0525936820994246,0.0406332881320317,0.0045005568518061,0.053205334611899,0.0218740192977005,0.0481701873453136,0.0250861519363968,0.0455848823842497,0.0553193515565619,0.0276310698662166,0.00568178891194515,0.0637901091023712,0.0361385668233888,0.0643667147852456,0.0386459545423145,-0.0356805666711937,0.0153603598914085,0.0795211993891677,0.0223043302552498,0.0697735249937935,0.044373764046514,0.00910259187934714,0.048337578986146,0.0283669235309734,0.0305852677717727,0.0318507497235943,0.0321979827600162,-0.00131992815340369,0.0419479296396481,0.0342675346255435,0.0112047484489024,0.0507566693651152,0.00239832989244334,0.0778181768865464,0.0461669338376822,0.0117059694271156,0.0422768665436098,0.0575512009957838,0.0471551686048725,0.0305883694985479,0.0331021103418646,0.0426337128657863,0.079138387163763,0.0183790294798389,0.0261195481979751,0.0424040564022483,0.0538889071902879,-0.00212063848481412,0.0246112172921548,0.0399938233707178,0.0348209813750383,0.0295865955760241,0.0373224565228676,0.0307749537424345,0.0642588702865898,0.029826698106728,0.0116386023976325,-0.00880961813363682,0.0466001042656301,0.0437268606741603,0.018778059675552,0.0384970104042542,0.0404041114375932,0.0633142063712445,0.0543347283836913,0.0280859748717023,0.0323405162467057,0.0192199437208625,0.0346245418686198,0.027396265335206,0.0237802769443549,0.0759056425291627,0.0674804375049046,0.0317680832656019,0.0440875556592049,0.0059422427362993,0.0695232948399499,0.0418331105147983,0.050493172521478,0.030728532030076,0.0362989093880835,0.0886606661353239,0.0498396759539095,0.0218588549737909
"UI10-00064-Kleine-Silberspinne",-0.360201539208264,-0.296471429535665,-0.308012054595018,-0.328406377123992,-0.279732256103821,-0.278156881533967,-0.286304258024574,-0.27889715412499,-0.240968991303239,-0.298378534805687,-0.138791011634523,-0.292088422347371,-0.277031714448903,-0.357854692915058,-0.249299447475935,-0.317279808196648,-0.27358474094533,-0.411046640688623,-0.269646554779511,-0.108616551653444,-0.248836720141854,-0.363622859003385,-0.281217406649931,-0.276849786811969,-0.318817211613186,-0.294447651414442,-0.10785775663153,-0.313315643499078,-0.346991514288252,-0.293057615766256,-0.303600427869486,-0.298563246787754,-0.271204686853524,-0.254546132005956,-0.274246123936797,-0.335185215128649,-0.287040704669796,-0.307347138924881,-0.325665478851465,-0.272946502125656,-0.309251215654148,-0.300191923370115,-0.29152571894787,-0.282183974890191,-0.337672205234075,-0.130550791441491,-0.294866746423295,-0.295267292414435,-0.32357822718645,-0.303583621625305,-0.266211862963062,-0.27428236158181,-0.304489786473618,-0.14077785361775,-0.271291026321717,-0.33374946564532,-0.285420313808147,-0.313995813837329,-0.303212246369441,-0.261364192193568,-0.304651360309069,-0.279514471067062,-0.268700042357561,-0.237422547626802,-0.363101224930781,-0.278735864064964,-0.32041760966233,-0.26665475911126,-0.157934577592821,-0.365176251685457,-0.289516671512281,-0.288892457524941,-0.259870221367694,-0.300151590194976,-0.250739468019738,-0.307506621901432,-0.296300063300866,-0.296263472589091,-0.111044514506293,-0.352444455608555,-0.32326156506537,-0.248127035003511,-0.353954721094351,-0.316698952217535,-0.348567465313917,-0.324251463135165,-0.298632314837288,-0.273645289256325,-0.301600634636851,-0.282221078868794,-0.297128184691695,-0.288033129463324,-0.333350496846374,-0.294731158453039,-0.29187791890338,-0.267923598429215,-0.290351718980173,-0.276277597883529,-0.259833725192681,-0.280200314108397
"UI10-00066-Little-Nickey",0.00509824365655671,-0.0195670654870935,0.0228849466974518,-0.00738332239810724,0.0601282299667876,0.013101370322935,0.015416651483371,0.0322258343255239,0.013263175953683,-0.00149389633513324,0.0520517297293672,-0.00960131589563249,-0.0589083200967419,-0.00472209163675499,0.00827323168003685,0.00116096724589229,0.017176713611769,0.0382807240356156,-0.020294688439991,0.0044201148794725,0.0113537814134678,0.00633151933425745,-0.0306998783111599,0.0295259147313032,-0.00843477876963712,-0.0716417770797431,0.019322649517082,-0.00359851094471653,0.00254055310119455,0.0161679910789611,0.0418557574419361,-0.0130111000205163,0.0362830731712691,-0.000946107507835217,0.0160567774097151,0.0185165313184518,0.0124615341216955,0.0325390507764729,-0.00446362199180917,0.00327813879216781,0.0162342349366131,0.0182678937348773,-0.00290188830697944,0.0145875144428563,0.0132916714415356,0.0159582946185521,0.0184247483557421,-0.00921667460153835,-0.00227711529463584,0.00206632419733913,0.0232874346135735,-0.00388141856779309,0.0235003239037549,-0.0021309374395863,0.0171332484603304,0.0110266772026733,0.00471996762984633,0.00369286247779241,0.0175159334914854,0.0189082348695353,0.00639720382042496,0.013735875238799,0.0366811456615647,0.00497590239151889,0.011239753723076,0.0113996032964178,0.0100909211405921,0.0360112094314091,-0.0161204134363157,-0.0104216000253209,-0.0071562127119025,0.0105751009247145,-0.00945370819245422,0.0191851542742947,0.0176776893899905,0.00668163490827183,0.0161258278583229,0.0301663128762638,0.0192180686866399,0.00585742747129651,0.0319519035626653,-0.0020446119919726,0.0416690157722638,0.0130554708303596,0.0142895984073264,0.00911557074705892,-0.035255663004647,-0.0228488988885419,-0.0155461459887397,0.013003117297768,-0.00995887631453981,-0.0205709015297044,0.00691380186640736,-0.0216177022369615,0.0322053034572766,-0.00464564457519021,0.0391441830617552,0.0271811538263068,0.0241531256505479,0.0240974875493348
"UI10-00071-Morning-Light",-0.093494644455932,-0.0617887279754336,-0.155863310282322,-0.14044552795338,-0.138938467621664,-0.170033280216911,-0.206406962695087,-0.184375522396932,-0.135033879969138,-0.153288814575134,-0.0420312232843468,-0.144393040823464,-0.145099820924565,-0.175772551475896,-0.082225617216908,-0.150649826021923,-0.157027490819882,-0.144113942455009,-0.0556306422760976,-0.143910822357601,-0.153766931712886,-0.11493769380971,-0.160313676954984,-0.176610518513433,-0.138171776048869,-0.172393774081289,-0.158572097031187,-0.13142422098963,-0.120192671108903,-0.171243051481304,-0.152299225176651,-0.156929900397588,-0.195796396086814,-0.157045642599638,-0.139876170663619,-0.152834067154565,-0.146308280013126,-0.157503475620669,-0.179163272429894,-0.14950895364745,-0.157134366774875,-0.189673025142907,-0.132665190569506,-0.15580753582918,-0.0581540098432508,-0.0899901025864673,-0.0895541280420021,-0.169812032694129,-0.11380625912522,-0.158948064286792,-0.142032139155285,-0.0611441630256634,-0.155289211604337,-0.176040446706104,-0.138748738197045,-0.12693684618548,-0.103865224238415,-0.136446307594223,-0.158914173576946,-0.152957855006483,-0.207616723748755,-0.152567006827477,-0.17490615981612,-0.160514935790952,-0.025767737861252,-0.153955847573457,-0.156205393945937,-0.109961487146262,-0.147504793756767,-0.146955430577805,-0.136876606481185,-0.157389839301172,-0.135154221864432,-0.17011106228988,-0.163594257350656,-0.127325270240451,-0.154322688428533,-0.160802974918148,-0.134314156337897,-0.169376054170546,-0.193649635948824,-0.156449290770513,-0.118923227658347,-0.183876191844077,-0.164878447020193,-0.0740488759164954,-0.187962559065375,-0.149489702884408,-0.145468235236756,-0.153292481302796,-0.121455169031503,-0.158979552415097,-0.147918301990047,-0.16194801388885,-0.14495670731407,-0.167070137527237,-0.19774725209813,-0.162311250438773,-0.130499310847568,-0.122714825830408
"UI10-00072-Mt-Washington",-0.289259774614443,-0.293148930778735,-0.275514706891915,-0.270686947042915,-0.30327036921638,-0.273800296952252,-0.297723798731348,-0.299362325000038,-0.285250378528423,-0.304151030296124,-0.297513098374859,-0.351152894896811,-0.323383429717239,-0.247133926090532,-0.251523858097181,-0.287525305125598,-0.309885574384078,-0.293548498270005,-0.279291609433417,-0.305225778895066,-0.275233001437093,-0.357300111364226,-0.29957114070699,-0.29532309738888,-0.276244205714895,-0.287532033587258,-0.33227778828855,-0.249509969577163,-0.29186025491492,-0.284341145855065,-0.285727835461884,-0.293336710174981,-0.400380096514031,-0.247131388470807,-0.334628242913629,-0.31603043103143,-0.267617590541036,-0.28578431498894,-0.311580686263583,-0.33034682745178,-0.274295759570655,-0.301859599332304,-0.314387830052037,-0.274280280996671,-0.261371405301393,-0.286177079768403,-0.320208744018006,-0.287057935704731,-0.272001535188127,-0.293412805564291,-0.274565252561618,-0.246655482301991,-0.272186856997935,-0.27297644032784,-0.3519900389238,-0.302207394175068,-0.286986735836866,-0.287297136438914,-0.314962716393457,-0.366170869247255,-0.28033829346536,-0.321893049649378,-0.294667885045558,-0.232880211954901,-0.295395174146736,-0.316951282294303,-0.331613206947477,-0.361543922823843,-0.284419960260328,-0.260488733622257,-0.32111632097169,-0.255408569459967,-0.212641157849727,-0.320624101388357,-0.254167140757556,-0.359833532412413,-0.267965959926295,-0.331845502277847,-0.283863172213471,-0.300704251361833,-0.303085277719782,-0.254045762207839,-0.334972327431555,-0.343302708007511,-0.242017695732836,-0.244925390958023,-0.3213741768713,-0.287371500471172,-0.269535794368916,-0.362520857956887,-0.295888152371788,-0.281008500928897,-0.232762959147598,-0.286179695341869,-0.309908758640077,-0.246482345567237,-0.297676302474253,-0.295288683171529,-0.274279578712502,-0.301157362253427
"UI10-00073-Mysterious-Maiden",0.158257537035612,0.0931039447900585,-0.0204532213601032,0.123310359023201,0.0928980972482611,0.113962456020551,0.142502085031831,0.101033541768846,0.0997913135287147,0.117359247147424,0.132548757155963,0.132567134417415,0.104534682016604,0.144759040735534,0.0828002598760262,0.0509742150592473,0.119159250825393,0.0723791599133529,0.110427489675074,0.0947884647885129,0.138481228937459,0.0824674267464021,0.0958335522218298,0.126303594750218,0.129408220361343,-0.0181695993603152,0.1055774939585,0.113992968693105,0.111370771494186,0.0942542522863186,0.154371400659017,0.12395064229985,0.182462931418653,0.0261507118884834,0.108162408789427,0.110870745760104,0.0924091626624812,0.090971016625518,0.102202228804681,0.0725465284345242,0.147930409126519,0.0901100116893191,0.126007801264514,0.120821361891113,0.135755405389889,0.0620264388614518,0.110727367421047,0.0735890480021253,0.124091088103736,0.119539241758599,0.133553193346466,0.0913732752395436,0.0990915746184066,-0.0205487739289928,0.084768964550904,0.135406830468108,0.0977142163526111,0.10166420709576,0.110402149016535,0.0970649672983469,0.17380226102775,0.0442006490210718,0.165824950703767,0.100045908835385,0.00844845479520693,0.0858393788759671,0.057841501184957,0.116232199400216,0.0237733520707384,0.0445497731353926,0.13879650375696,0.0812172657834406,0.119023124489988,0.120232036796462,0.0191450841530683,0.0991235997134041,0.0962365519859872,0.129085373694728,0.109714006244311,0.120557619130988,0.0543194899697959,0.050196003535109,0.0947713948955034,0.155985704731141,0.208863758004635,0.109967673839217,0.108548831930335,-0.0157722552998413,0.102366099792837,0.106283649086982,0.0924919886484919,0.0668180476843089,0.158632058005077,0.0871928833214753,0.114533600512862,0.105627883480777,0.108609964432225,0.117171255804503,0.121627500668286,0.0491571528838186
"UI10-00074-Nippon",-0.145659766435988,-0.136606830676669,-0.127514323485639,-0.108548797233814,-0.122771888323905,-0.127682600155163,-0.165305367057998,-0.122962254670452,-0.120741334803655,-0.148178362921138,-0.105923277331103,-0.105339577463264,-0.126902122572824,-0.155900717472711,-0.130715553485583,-0.0757810791831429,-0.112770281996528,-0.13397619809863,-0.100166222514697,-0.116439994923338,-0.107698666234364,-0.12696863732979,-0.169891555720789,-0.180715141338311,-0.0854228328231751,-0.128569819880956,-0.134772625077714,-0.132631232035033,-0.123471141806401,-0.185360941695833,-0.105005325325013,-0.0616929507396689,-0.106999092914351,-0.131254542224124,-0.145395028755897,-0.158495125292005,-0.150256771551818,-0.132034454033784,-0.11756479591538,-0.167028382434679,-0.16150207574882,-0.127358224719286,-0.130063757184879,-0.160617007096792,-0.0830261276863941,-0.158854305112513,-0.147660395758533,-0.123430147518723,-0.151854186368864,-0.127827376968205,-0.112877403875952,-0.0713066232938933,-0.138648021126497,-0.109468838747498,-0.154548269464955,-0.0968363636191752,-0.126792236873112,-0.117458787335491,-0.123309335396774,-0.123697239482223,-0.137726268313482,-0.119935157397824,-0.0987195439266253,-0.0676530937291411,-0.113184370302523,-0.12167900342364,-0.141759531820928,-0.136253706522708,-0.142163601080186,-0.19331103367544,-0.131363104256701,-0.0967790186255302,-0.124845417313198,-0.135795703239191,-0.1599642369787,-0.136204891490745,-0.150782584135922,-0.124640407527236,-0.15084183086646,-0.0910677425732929,-0.148134393556631,-0.119449319067215,-0.162261097479991,-0.121965704621525,-0.148032703610147,-0.119107719407637,-0.157754956447189,-0.117036363416388,-0.122185961315494,-0.164993337880307,-0.160103689844217,-0.115192319153557,-0.142179977336108,-0.0621391910339698,-0.104181370426319,-0.11286520505234,-0.174233979522146,-0.1502575065565,-0.0784285717174774,-0.160529165464276
"UI10-00075-November-Sunset",-0.0882133763369808,-0.0856137120227734,-0.0573008020650696,-0.0622435926567032,-0.0743775845144016,-0.157006913349929,-0.069027839550817,-0.0733040368176526,-0.0830653502123174,-0.0663530734970501,-0.0481485230436705,-0.0787344920597808,-0.0650274695298746,-0.0436781060007392,-0.0703574804803694,-0.0742406357734359,-0.0681998710922363,-0.0128354583426813,-0.0852638400076429,-0.0576631161666044,-0.0789459377418024,0.0034654621944578,-0.0101787134649384,-0.0687853387113713,-0.0614211889576393,-0.0375163504006162,-0.0824133654019049,-0.071539834570641,-0.0787788736175097,-0.0617334739841326,-0.0725164492190713,-0.0546233982398721,-0.050017235558747,-0.0791470539598854,-0.098028262313955,-0.0296132064661173,-0.0910002030708323,-0.0481913910367218,-0.0671646218398355,-0.0704720530599183,-0.0938729857106856,-0.0959836487992324,-0.0377921283108397,0.00316293359439353,-0.07535763838339,-0.076573901690208,-0.0588359360311091,0.0003942139720512,-0.0893591257059307,-0.0481994377216012,-0.137832589654984,-0.0992487051877706,-0.081188173418266,-0.0643997177962034,-0.0604724885052231,-0.0873856183831196,-0.0693279813918998,-0.0793605405103652,-0.0722791105495558,-0.0783704005940135,-0.0629731797016888,-0.0480682871814195,-0.0697123546414806,0.0680902040395824,0.00471563312502578,-0.072734655860144,-0.0727390790441688,-0.0683306438254499,-0.0590266256066729,-0.0727742793007775,-0.106821012775939,-0.0778063565573142,-0.0590889818764598,-0.0921854755078689,-0.0837624161966035,-0.0796510738360157,-0.0961640779967583,-0.0612383865439551,-0.0598114905334457,-0.102119235460558,-0.0191463978638444,-0.06675422810172,-0.0741726531202763,-0.0580393802501448,-0.0711965792786614,-0.0417085214535458,-0.0564647593005419,-0.0655164236265088,-0.101482561676708,-0.0718111540333489,-0.0261266315872399,-0.0552906276907349,-0.0779704618723498,-0.0638461010510597,-0.0584050495263119,-0.013517819635005,-0.0550437284319322,-0.0664086434676424,-0.084083991729071,-0.127565489542362
"UI10-00078-Puenktchen",-0.0517702258465674,-0.0132320809567103,-0.0498553019322664,0.00116341879326926,0.00967304094447721,0.0342624539314207,-0.287888540446058,-0.30813863583846,-0.0631766228863674,0.0244860013508599,-0.0237491305172053,-0.00811658228381852,0.0478746863639324,-0.0295721202937719,0.000104914585582171,-0.00560580656964171,-0.00472768868380335,-0.0156303501517251,-0.0259288455634601,-0.355097117658494,-0.0141724725326279,-0.0180220278372813,-0.0345232330043304,-0.304953006831858,-0.0312823592691396,-0.00872256276204621,0.00462504773128931,-0.0299623505495916,-0.0176507932341538,0.00266824590655517,0.0049793929723824,-0.0111938411720972,0.0241463766200604,-0.0207042427857849,0.0275756967503899,0.0243053825168013,-0.0093213321435198,0.00576866703267965,-0.0128248309684844,0.0363686486980942,-0.0191343068947964,0.0266143836472772,-0.0102811039629088,-0.000609632164470749,-0.0327852541685866,-0.00441168754449278,-0.0627581344755793,-0.00711795793764981,-0.009377176680773,-0.0138867921957788,0.00921116530804873,0.0378183795636395,0.000105358502611667,-0.0080648244964189,-0.275897025666031,-0.00621096168950884,-0.0268321782910332,-0.0114493509414014,0.00813259838491483,-0.319779216983797,-0.0295009061505924,-0.00947455849635467,0.0100431052421337,0.0209690913387365,-0.0162706419022698,0.0132697736327037,-0.00273560203633735,-0.0312759667341588,-0.0241486905422112,-0.00248623977599811,-0.000348923978514806,0.00737144371640313,-0.0496323707635317,0.0749170938577897,-0.0087242518009201,-0.306218054340988,0.0237439429474066,0.0209336452962857,-0.0101014667722416,-0.0233162567811669,0.00280517305924259,0.010884237197311,-0.0171855981293273,-0.0105967591958674,0.119925312042934,-0.0440396698316114,-0.0281915420274381,-0.359128277606985,-0.320368278060974,0.00980474034193957,-0.0195029293492881,-0.00623250681677442,0.0200770422654041,-0.0272697465632977,-0.0240322323295486,-0.028735137712063,0.0173766638580612,0.0496972370290271,-0.00435636792879407,-0.0415352348259446
"UI10-00079-Rigoletto",-0.256808784095302,-0.266077333775706,-0.246443167418684,-0.285839864599552,-0.278519714918665,-0.262280997281277,-0.281408338491383,-0.237500820548468,-0.275243754223159,-0.234072668792539,-0.220108279844644,-0.287091379997477,-0.27120580028817,-0.255010358482164,-0.265109842153566,-0.245772263103116,-0.254404150064497,-0.238763765525275,-0.245685321804261,-0.281879278854521,-0.291467443918236,-0.247243862388965,-0.183118382621455,-0.271731206074388,-0.232113631430093,-0.274050144436448,-0.252043385435612,-0.247833896085423,-0.252696986064257,-0.268379677023616,-0.217346372150835,-0.228748830469119,-0.257606187521706,-0.251216877312095,-0.261073321218906,-0.262013464753183,-0.263790848099361,-0.260727624140865,-0.290487517545516,-0.25234274282728,-0.257792304253173,-0.238716017637878,-0.242801252202987,-0.226790565331125,-0.249383409269548,-0.252352074591077,-0.232547524674345,-0.26406149172833,-0.263727602291272,-0.250254922890672,-0.235181229996585,-0.254917384600343,-0.257694531688672,-0.262539870631471,-0.277515110995076,-0.290872417548062,-0.255491709286474,-0.28976189965513,-0.263237680322439,-0.283964454958468,-0.268716358703799,-0.276358604068264,-0.258395298842607,-0.251215560452178,-0.201044167590162,-0.228758436877096,-0.278379962738888,-0.25721827144038,-0.176128732128369,-0.252964788496835,-0.229005987561968,-0.243102885684776,-0.270406982059623,-0.227873182683792,-0.286299560076521,-0.265528710937215,-0.263759429898358,-0.265240175045931,-0.25520588780298,-0.255015876657578,-0.281881588828989,-0.259438879486197,-0.307449997350301,-0.222418904941918,-0.24749199429935,-0.284353919536676,-0.268668423111738,-0.242527999056947,-0.289822671470226,-0.140365864357141,-0.258910081159064,-0.224599723792275,-0.275589947381095,-0.186823506749421,-0.25905586899635,-0.313236596165746,-0.227097528872356,-0.260376735967762,-0.256495060923622,-0.234645351473828
"UI10-00080-Roland",0.286175713352159,0.228896636426197,0.23664208034929,0.278718958798463,0.331820835697229,0.269193358471257,0.224396365465183,0.231430339388366,0.246991439539502,0.266842621017545,0.246579554708422,0.293572656018801,0.27546792881037,0.250414957121804,0.184266631124336,0.226894588825218,0.259377747757968,0.334436754949459,0.267053933454531,0.255610460871561,0.236168559983926,0.227202540172298,0.263504951004713,0.247946874560099,0.250538169063443,0.324067797042569,0.185677435862323,0.293784134857931,0.269959657427335,0.258058803323839,0.211854243991264,0.261140823276013,0.225625203093629,0.230287608530186,0.187815952534644,0.242952081430126,0.260717830976589,0.235001600498932,0.262673070600787,0.251748225802569,0.236012529984945,0.226847247721132,0.255924936509741,0.262817374463522,0.250851936142028,0.253878336370426,0.273705086584301,0.242181413474379,0.24154757686091,0.320940486324018,0.276879487325561,0.22716935321649,0.213982889656419,0.235773557014319,0.236373401916031,0.255887977535291,0.217937113362114,0.278786926026523,0.269365798204764,0.248402842337762,0.278156679009793,0.206216530104906,0.243569611542729,0.262164112341366,0.257740259269704,0.219498149485432,0.245313538986992,0.244948934151734,0.340564813370329,0.247067652952884,0.234100906073116,0.259614311212087,0.245244783539492,0.247809341635367,0.25460753645591,0.24490935905271,0.199556515924371,0.189860826281549,0.307612715562833,0.286344842794926,0.280929353043861,0.264922473295463,0.166552055228473,0.243611934213191,0.234956916963262,0.237303873319137,0.215796438938279,0.28005916053202,0.258096592540583,0.367993788561382,0.291628899975948,0.186978899364805,0.222258209863716,0.240870905209734,0.269817002405876,0.331252751679509,0.266398496678858,0.207258760417241,0.246457734609814,0.23009656109776
"UI10-00081-Roter-Pfeil",-0.205039205332955,-0.167221956882344,-0.191748089332882,-0.163432135823515,-0.186345201312842,-0.288202364823353,-0.125173810833923,-0.0963915524931583,-0.141272841228443,-0.181185215697952,-0.162473395936914,-0.169304077009839,-0.17521223691629,-0.148562549686313,-0.161753310290433,-0.186200402795411,-0.1378683164597,-0.0948132354774053,-0.18482565073008,-0.170065316932379,-0.158189462618838,-0.126895806794985,-0.179547758076991,-0.304770755262723,-0.145077302335512,-0.168922628835851,-0.166010219517152,-0.186083767620138,-0.17118097269015,-0.146253102672069,-0.173399483252198,-0.171647995012321,-0.137768021511988,-0.119332526666348,-0.16317237154699,-0.170915555745533,-0.18139743051343,-0.159971463699333,-0.146183905210825,-0.149004854348486,-0.183220726359513,-0.154004826921541,-0.185102184500408,-0.167371201134004,-0.188804741207496,-0.174488232755133,-0.297349747484228,-0.124708488155792,-0.158021661017053,-0.177212780262118,-0.173766562113524,-0.178420823196727,-0.175937366370429,-0.33460559398076,-0.158046061838119,-0.157152522263023,-0.169009567698239,-0.182664910054305,-0.151540115031955,-0.169605537350074,-0.150586956618707,-0.109768724564951,-0.192911925826517,-0.186826366386419,-0.153377783045719,-0.14853001613938,-0.169337448500951,-0.278730956530794,-0.190834304780785,-0.173643854432244,-0.173245027618958,-0.162800449119956,-0.0952724207854042,-0.137612457793401,-0.166996342872203,-0.0885286153984714,-0.174439315273282,-0.113970358668234,-0.203735826390547,-0.178680781727399,-0.168127790408233,-0.175240110973721,-0.173103446072762,-0.159992964394026,-0.164301237562719,-0.158958707341018,-0.170712886674481,-0.149532469508878,-0.173058090321562,-0.18119603658201,-0.172596970001106,-0.129030491149131,-0.150495693884164,-0.172469379815119,-0.157756871050331,-0.184808123495291,-0.164398859527458,-0.0990011468884662,-0.251712995272495,-0.153435462225468
"UI10-00082-Rotsilber",0.0656108804722018,0.0275940140138265,0.0372250905538824,0.0416032797570601,0.00432242842653221,0.0432340911673457,0.045782950762314,0.0506271945941431,0.0579122658256859,0.00890969691649501,0.0220582533263025,-0.0100138948263529,0.0380804641507436,0.0384406009901397,0.0248272348851872,0.0355683124348035,0.0311201858556321,0.0459324401443769,-0.00290751125359307,0.0243760421883536,0.041643670098451,0.0473960455136299,0.0405099928737273,0.0623193985648516,0.0306678915056898,0.0537238298973155,0.047105056356779,0.0475741269498036,0.0364866936120229,0.0461792139466826,0.0206729454119124,-0.0562391223781288,0.00496817706454608,0.0163986950067622,0.0103300604005517,0.0113085226372425,-0.000917883327197305,0.0131236441896507,0.0373715488681677,0.0316596549137285,-0.00606263491143322,0.0807817377863875,0.0128553916021456,-0.0111153873391353,0.035899976149557,0.0387474371160684,0.031923476642799,0.0343575257403016,0.0384291763672851,0.0335976044868306,0.0283324186832881,0.0527425062840582,0.0348390808137374,0.0414851636513266,0.0489611166164154,0.0359033183775781,0.0282038807850314,0.0100432268014869,0.0351808259827757,0.0665957212028354,0.0175182995344473,0.00046789458448152,0.0405226191660457,0.0377433728562016,0.00800771464013407,0.0270757788268697,0.0335042169518797,0.00196970043824821,0.0367885879467213,0.030375037104116,0.0303338007743228,0.0238278199404063,0.0306829741584792,-0.00815938740662249,0.0265721197331391,0.0205408678528235,0.0343626409895156,0.014588028995206,0.0406901794704488,0.0131398379891895,0.0310003680310682,0.0164814041184954,0.0391377214564859,0.0235671125532127,0.0550098775792877,0.0551253924474976,0.0261908607432812,0.0260313167830334,0.0575585400956895,0.0456469014834672,0.0352302327093923,0.0566604562856824,0.0546541528814753,0.0279169328511411,0.0437876684364349,0.0412198794832376,0.0408907179820895,0.0659775269042251,0.0449288634746661,0.00762113470919359
"UI10-00083-Sarabande",-0.125823657024085,-0.121457351785356,-0.130668768896839,-0.197033656315419,-0.204477591427234,-0.20804524097181,-0.203009030382167,-0.203464838209223,-0.217169669505211,-0.21393783473956,-0.206248033029225,-0.168287303389633,-0.20798085889796,-0.235720131051557,-0.256803182233627,-0.186185078154905,-0.187663448111484,-0.203407365740012,-0.196434808547941,-0.201605044931348,-0.21332373924684,-0.211496482794174,-0.211620332652159,-0.211555312304989,-0.206332045862894,-0.225170661397779,-0.22654162588004,-0.174769677749675,-0.182139822403398,-0.207390275217572,-0.195913821210064,-0.198798492647357,-0.21270748571564,-0.232280144861583,-0.231206949285747,-0.202539840647774,-0.168474895197036,-0.0988704626385421,-0.211070801685511,-0.196022838080639,-0.20538491535436,-0.200013036824176,-0.223015557454713,-0.197147759280658,-0.058512654517948,-0.172032290177946,-0.163802267700215,-0.220259622967312,-0.214100617354201,-0.0746149525981333,-0.197765840450459,-0.214208309430647,-0.215668799787548,-0.211654829932305,-0.246470394731608,-0.222208912053387,-0.217478724118559,-0.19970115687002,-0.150326497047735,-0.221478926288335,-0.209324400107752,-0.222130231410277,-0.223174149547652,-0.210182320606342,-0.21822155974599,-0.189288246801232,-0.212122182868205,-0.200426436869302,-0.207476090121563,-0.203217818556014,-0.197803150323413,-0.214348985316701,-0.208388891250578,-0.24807234172916,-0.21753737326093,-0.192510843328924,-0.199967968163695,-0.193686358567558,-0.230575343307891,-0.206408324455512,-0.19865402662723,-0.128838106554087,-0.219494624034531,-0.228427718125496,-0.222639912933671,-0.183049393822637,-0.216039499431709,-0.197231729219092,-0.218589750026005,-0.214647487327227,-0.134472775883475,-0.202888556109548,-0.212526027380072,-0.1165676309582,-0.212759198958203,-0.180088027237934,-0.19035221028467,-0.212950011973628,-0.233098074718854,-0.225188477300344
"UI10-00084-Silberfeder",-0.23710618723205,-0.295163971070578,-0.289642810169752,-0.24546898687522,-0.263014831439276,-0.210204062647895,-0.26620512461124,-0.288129117959676,-0.295145431083462,-0.323861668826916,-0.295602224978955,-0.307906334483875,-0.308601344511353,-0.292393817870592,-0.237255253075497,-0.308294045777431,-0.290569590564265,-0.298519803996927,-0.272779701113294,-0.34520516506458,-0.27468545791789,-0.31489837946982,-0.299273973020595,-0.301907592958856,-0.284174314084589,-0.306569697739141,-0.294068864880761,-0.288905060491163,-0.305695954997476,-0.287282163435432,-0.301174022610069,-0.256718461511792,-0.297644232521762,-0.290424228741136,-0.270526107378461,-0.287742673925591,-0.2936791785257,-0.311258117602926,-0.291521128642753,-0.223038830119239,-0.302304808715944,-0.275921822355236,-0.305096442405507,-0.310826865834486,-0.257232756453646,-0.298269598108601,-0.218426602150843,-0.295207160597592,-0.283121721783833,-0.307365434087382,-0.239862196332668,-0.282407479902624,-0.291522794064672,-0.301679372529489,-0.238581813328253,-0.28237882405936,-0.28547014791894,-0.290066459949877,-0.285430788706453,-0.282380898271638,-0.327131338152196,-0.317431531099514,-0.258608365976218,-0.299817411614345,-0.301990002304288,-0.251095845173482,-0.263818046076605,-0.284225138759914,-0.278682132814865,-0.280541750013914,-0.261022190411808,-0.281844984758007,-0.329334648338609,-0.243150890922358,-0.273025181103439,-0.291177358405061,-0.292509381711371,-0.31421234195432,-0.292837761429899,-0.245117291771344,-0.250349598195862,-0.25273819299571,-0.285438007685391,-0.317743514183307,-0.234196252482564,-0.271168167837622,-0.316077705427588,-0.256358885135625,-0.279797671632652,-0.292666647624885,-0.33892619728299,-0.290131152221553,-0.297897718133967,-0.290874617069723,-0.294951739835453,-0.291751843660895,-0.243074399093046,-0.301504250218484,-0.291049619573165,-0.308098936742086
"UI10-00085-Silberfeder",0.188315203389624,0.200246027162916,0.161422960480845,0.186539932730016,0.180077507191523,0.207671884548837,0.140720135534864,0.184575924404077,0.198823822888392,0.219736721375027,0.229111862541846,0.228068950918711,0.186527884849123,0.186725295924977,0.192562734575877,0.21357304908575,0.170065619906959,0.222260596842499,0.218345085513003,0.199940618377343,0.186878593912122,0.195630637339985,0.172879334751847,0.194404385433173,0.18538877166156,0.182963915950326,0.194699917412658,0.210864512876776,0.213386549625865,0.196000248293279,0.234512352271153,0.163084139740583,0.204322130694763,0.231154269471973,0.178891399756741,0.171260888505495,0.191903491901749,0.19807713836894,0.187181927279253,0.218495482564048,0.177653306006387,0.162555049607066,0.191886118317985,0.207223857397686,0.202741832985871,0.203283355163927,0.159260422633511,0.228884840619972,0.212873817330928,0.217695233063487,0.21418427562586,0.243367553355072,0.215207351629733,0.190600562208419,0.175487578516636,0.199832156957695,0.247299339468328,0.194336347104801,0.195721930232581,0.179823393669266,0.181967511112763,0.15668068795079,0.195808078526837,0.191485722211507,0.184587024220876,0.154648044420789,0.186927428084464,0.223152789299202,0.196408504239314,0.20110067875866,0.19203313192507,0.234094718380804,0.210853218979873,0.195345851133878,0.204406005375045,0.109486211365193,0.185092955545267,0.20940881426044,0.210746019129986,0.169500352621855,0.244132115926796,0.115965191244593,0.232456682005907,0.215775479844446,0.182843195766744,0.204199099127155,0.182681654285263,0.178548221755012,0.173582944626547,0.263528580697085,0.157587884452513,0.194501749161439,0.180765929877337,0.195931833065168,0.208670749601381,0.194531666038007,0.195700572064509,0.221249719485099,0.165560336905853,0.204447797059235
"UI10-00086-Silberfeil",-0.228962089398207,-0.225748546296972,-0.246388583145709,-0.222439325990674,-0.220857755249826,-0.248022762805938,-0.237154608342291,-0.225810063424372,-0.240977211033791,-0.195342321771712,-0.236886987184512,-0.244327732277946,-0.267159518049676,-0.212620098368443,-0.219136366170067,-0.236181532551984,-0.217124035891201,-0.232185445982974,-0.236235057830636,-0.307817530739329,-0.233147061484103,-0.198729628045606,-0.243449092544723,-0.228624847026103,-0.245795428526588,-0.264766931944877,-0.198730387676952,-0.172351179898007,-0.193200557920311,-0.205574260804168,-0.244557459680989,-0.22618524852382,-0.221961531986566,-0.237753946321999,-0.240963514748897,-0.215203234945539,-0.250451372433365,-0.242960095881975,-0.223992608803761,-0.216170361851609,-0.23815675873095,-0.193871869027004,-0.229115598801999,-0.239722209339889,-0.152123878077089,-0.231318944765143,-0.230072229981755,-0.167919159505414,-0.226991081338877,-0.205630140149849,-0.228026738002843,-0.232489301161503,-0.249698812482416,-0.217698597175366,-0.238244316682794,-0.225877543450785,-0.232251970299613,-0.195606359472742,-0.222207600141628,-0.213108015849096,-0.215923897411685,-0.217581831087726,-0.223096755128974,-0.199708030811083,-0.222705543590288,-0.230644701376269,-0.15663231590092,-0.235971880246408,-0.215283793681608,-0.235036043393298,-0.230218256743671,-0.18884377746002,-0.22797194848704,-0.226456856261624,-0.167697406310308,-0.238865859061625,-0.207058901073717,-0.208092436829734,-0.251718665311799,-0.23377099956952,-0.251276823288827,-0.239682232066693,-0.213263589212884,-0.213329650047517,-0.246797449932431,-0.245574781956428,-0.19494620986231,-0.223932672307236,-0.268723996552995,-0.0951265005202873,-0.230263298939209,-0.255293247759466,-0.233756659882753,-0.226499696590949,-0.172967508867919,-0.208217022624342,-0.167785543077826,-0.243823151119,-0.216960107198193,-0.184381010316051
"UI10-00087-Silberspinne",-0.0916093678384281,-0.0816093615593885,-0.0534395040918453,-0.0949068907230174,-0.0908417961669067,-0.174174611806972,-0.0615460307580914,-0.0890734995937802,-0.0810621857871542,-0.0998820952875517,-0.0544897218078043,-0.12792980523396,-0.0878314477719399,-0.0837646272254633,-0.0567198924962325,-0.173599712924608,-0.0698359057610568,-0.0655077495352138,-0.106459465083016,-0.0154008087189985,-0.0619560363521917,-0.0903948086473336,-0.0974682177711647,-0.0866389829751177,-0.0986147893911029,-0.0538241750896401,-0.102248667640049,-0.0910672635357596,-0.0959349314305164,-0.081380858582308,-0.0934910966545292,-0.0875578570696978,-0.107667548665523,-0.144665590147651,-0.104515859996484,-0.0936324540617443,-0.0945004870808872,-0.00430472679918088,-0.121718597281108,-0.0391561003573635,-0.0664415020711348,-0.0804321471445172,-0.139764606660566,-0.0731186202403123,-0.0434823596842051,-0.0886247749128024,-0.0968272029073693,-0.115647584241841,-0.103324524361142,-0.0814243993679277,-0.0173408214870345,-0.131999038892572,-0.0813322479998949,-0.0733563140581124,-0.126871182295408,-0.0975426443926014,-0.0834335531079063,-0.0912445112695715,-0.105575873461115,-0.101089863607486,-0.0643954835880558,-0.0785813461870753,-0.102929263940391,-0.0672129836346192,-0.101301121916774,-0.0771425557289321,-0.106979245640997,-0.108425939242165,-0.0863809755524639,-0.0731424439786277,-0.0939923829092805,-0.0785457620000448,-0.0949008030807078,-0.105392507061886,-0.0689113905958129,-0.112011789102376,-0.088350602254559,-0.0901207012038151,-0.0967019246425345,-0.077207624233666,-0.0971925752322929,-0.099076528631631,-0.115644587503367,-0.052296558606992,-0.0618559234847912,-0.0801168249941962,-0.0755676804727548,-0.0666930381069669,-0.0829762622013541,-0.107963119793291,-0.083502311290531,-0.100109106437709,-0.0382349350881633,-0.0497740429209737,-0.113105309584254,-0.0877220955272731,-0.0736353804726644,-0.0609870842312488,-0.0506402902586041,-0.0993843885007362
"UI10-00088-Silberturm",0.104256765940389,0.133846803856136,0.402593937040707,0.029749428384007,0.136602585989884,0.133584885329064,0.121994887355135,0.129195254431628,0.00807533404709545,0.121524756187931,0.0998159957397725,0.140770356263501,0.136127708496319,0.124506871051663,0.116055318537288,0.152140883111813,0.128061078908748,0.143016767712466,0.410857694795342,0.143427916997502,0.127807127349439,0.136236788893706,0.128875402768932,0.152899471532208,0.260757220897762,0.392417459918841,0.383255412316383,0.032818795159865,0.149609182822651,0.0230312088474627,0.122676658350979,0.149406272123979,0.150487004379594,0.141789430707513,0.133396991305232,0.140112174942544,0.146924861604176,0.138291040105646,0.133406931665724,0.118667658083935,0.373889263255496,0.12375034082688,0.120705918751431,0.143235853594221,0.10943754528006,0.141839135111291,0.137791213588152,0.0222874925596783,0.132206372965132,0.122393394484953,0.397243147342186,0.00967190739341355,0.121918059097374,0.121784831044567,0.127623520571723,0.14341070031973,0.14601940348747,0.13278056707982,0.142262482548532,0.0296736790692791,0.155007814996735,0.379846509546475,0.141873835880127,0.0149510992655595,0.0120326545146703,0.129865222243626,0.12167509447818,0.126722577874356,0.134102031762244,0.138854513885844,0.144714291416535,0.131258441659538,0.139197496862272,0.138847713580358,0.138186214180929,0.13538838912762,0.242566939044511,0.383168813738618,0.103081835000082,0.134553888821038,0.147501621741174,0.145396920939803,0.111660665352178,0.128901601885428,0.13131943314875,0.139341397281378,0.149596181174104,0.136961988468223,0.397322233544216,0.115777225270563,0.127670608888699,0.156250606590531,0.149585306759153,0.129420956007222,0.0238957674849276,0.140678916307402,0.112008917657086,0.0883728986091569,0.115446056463091,0.138934078157577
"UI10-00089-Sirene",-0.42078422849491,-0.419457465714158,-0.393541656542436,-0.445159588981774,-0.416408628754605,-0.31145132327901,-0.407804766139307,-0.404707394265474,-0.448168036744346,-0.417340966280353,-0.462065317151528,-0.420752673545513,-0.410305219508397,-0.433594346124639,-0.430761171511198,-0.401692145768463,-0.427982951253723,-0.392583686571766,-0.420002924792906,-0.43105874549792,-0.424623580552971,-0.408909587652837,-0.420098673196324,-0.325094549542366,-0.409286276617429,-0.418732230970385,-0.414677902134626,-0.423265419038526,-0.389867381588296,-0.399961149986033,-0.419001975023891,-0.441654967592249,-0.391482096846119,-0.406658175715956,-0.430279230418604,-0.427351395818643,-0.40341222839235,-0.40487370987033,-0.421452417424139,-0.425680549895799,-0.427311075625696,-0.403289145313253,-0.438548675853261,-0.429614401702001,-0.423900419613885,-0.428070283787958,-0.31523027443716,-0.425599560610547,-0.406742838827066,-0.425677797221607,-0.426410238056279,-0.403280782256312,-0.402109715636071,-0.353381888602942,-0.435831647428714,-0.434888080589678,-0.428874328984176,-0.433853569186015,-0.409765523656025,-0.443166446087544,-0.404201016532731,-0.424094180354366,-0.427539762900956,-0.466095722505787,-0.456389960435643,-0.417178454104701,-0.389855926439477,-0.298544067260808,-0.42078927424926,-0.415927527905395,-0.386439601169048,-0.388422689422887,-0.412890977721778,-0.449930070118763,-0.423141886351525,-0.417485614064817,-0.411388591943571,-0.428534351519519,-0.414163784396263,-0.418631799622099,-0.41701022701493,-0.476553356856886,-0.406283546549289,-0.428456077418202,-0.406432498823505,-0.423348146683856,-0.393121217231489,-0.435301689574812,-0.429875841652094,-0.445158215374014,-0.426924860831518,-0.424876662466313,-0.428275478900294,-0.415177676219093,-0.433287214513304,-0.401325477295248,-0.39987470720711,-0.421033657791465,-0.285028557619234,-0.40213901750985
"UI10-00092-Strictus",0.0333397501825124,0.0820877011500533,0.115508944794404,0.0998206604406476,0.0285133225210545,0.0167377592977864,0.0249245039078209,0.0155937254821149,0.109015663881057,0.159598274017239,0.0559144891544108,-0.077824160843495,0.016164709625118,0.0549215937062232,0.0407856439295628,0.109748956407721,0.0547072732612377,0.0355207981107224,0.0752721937345936,0.0450228182925596,0.0426888454236177,-0.0112978368885985,0.0661864496000618,0.0437218370796837,0.00400888035313433,0.0971182677622444,0.0956232931337889,0.0126949437595847,0.0446521524199974,0.00615952195834993,0.0423520826650858,0.0480765863007229,-0.0139024359501451,0.0873870141548683,0.0436788646195661,0.0978586245944555,0.130630764553305,0.0976879271257826,0.0690057589280401,0.0592269582630689,0.054055753680788,0.102141809561866,-0.00618146276213584,0.0680016901769175,0.0745128226895326,0.095010895339126,0.0864839638275596,0.00132576221345571,0.0469328344838751,0.0214471990899965,0.0402424077614416,0.0193041559741603,0.0396837980457865,0.0945493137899155,0.0580901290483498,0.0545587405016416,0.0467034138312325,0.0729670739136239,0.0663866869380046,0.129051033613389,0.0913233412137143,0.0328545977614007,0.0682564284198258,-0.0244265884511277,0.0401024403820042,0.0299946897402163,0.0375274525434141,0.0618786179004436,0.0512217306356445,0.10213295219087,0.0483829035860917,0.0796182855607529,0.0456367402780912,0.110373288117955,-0.015645893042352,0.0632476973525836,0.0501511878103866,0.065894560327469,0.0584864184027887,0.0671149607488761,0.0562018198085946,0.069395387108104,0.0866870391787649,0.107875282887844,0.0866206430122717,0.0783708687743271,0.0555840717890872,0.0651925197085874,0.0660811912158204,0.0567735653330414,0.0660911320677482,0.102922659980111,0.0626912378248277,0.0795481360872625,0.0995882268133829,0.0641338049325066,0.0158788210129238,0.0799120422440882,-0.0472609004323016,0.0363780037325254
"UI10-00094-Super-Stripe",0.0584601559596801,-0.0143661507657436,-0.00578185777667422,-0.00684273589180447,-0.0249856011894248,-0.00535040640575522,-0.00285535095007289,0.00116575464661098,0.014708643234368,-0.00670496139789328,0.0021517759397408,-0.0028473697935194,-0.0271400829637294,-0.0450167894721602,-0.0217002111617935,-0.00507201545900686,-0.0114469497378957,-0.0245270323062129,0.00321620845889199,-0.0425701140089571,-0.0523139249500965,-0.0493420218017056,-0.0118631748380555,-0.0306980924457632,-0.0083936803376627,-0.075215805664985,0.0122293380039016,0.0320897304820233,-0.0208454650905705,-0.00297671470367046,-0.014032771881136,-0.031741183498531,-0.0202426448535985,-0.0173085385764655,-0.0000563357025537749,-0.0131754145233569,-0.0141412850178167,-0.00536177174886382,-0.0126929248531946,0.0085596462784355,-0.00815885293431998,-0.0071088924166519,-0.0449812607479826,0.0177694162940283,-0.0366021096927158,0.00648898248824535,-0.0158109105872705,-0.0136046740026059,0.011736971751008,-0.0293273020534516,-0.00801842698764676,-0.0211348068943441,-0.0424728397022212,0.016327307647799,-0.0143889185665879,-0.0059196016744153,-0.02041117899847,-0.0283036759074094,0.00907357030788147,0.0287020403345934,-0.00447809956430924,-0.0079300145030244,-0.0153997300540785,0.0108874883512154,-0.00990213499667285,-0.0595035826695221,0.0100061909754491,0.000944238477081525,-0.0117138516237613,0.00816456624107135,-0.0491305296570266,0.0339563776207637,-0.0230101517103933,-0.0072376803571347,-0.00665259547422691,-0.0118448099434705,-0.0347131078968639,-0.0306649146217003,-0.0720854770538328,-0.0576534902432892,0.00751512676342239,0.00632743858469152,-0.0136959272089933,-0.010589469260916,-0.0268712234783739,-0.0163618486150134,-0.0553585894461442,-0.0315146715132768,-0.039125029804239,0.0243862781855175,0.00519184794210422,-0.0246424529533457,-0.00521159270079696,0.00173532191449871,-0.0299372731503649,-0.0240148286867639,-0.00256377300050499,-0.0197718578351585,0.00187538841392366,0.00292089268621102
"UI10-00096-Undine",-0.307912523062709,-0.269410873407959,-0.262251615483107,-0.275907293846052,-0.270790417188551,-0.282296572081989,-0.307513677273567,-0.263814513933542,-0.257387844302482,-0.270502682141583,-0.277486237348596,-0.304974163767107,-0.224744046564977,-0.315733049880869,-0.298535788053121,-0.245222708210497,-0.287336852320737,-0.290481017178874,-0.259592161701945,-0.289430654857756,-0.259620243969087,-0.28039721274001,-0.331483322863619,-0.290650642524226,-0.273542221698623,-0.287923239692883,-0.297542812508744,-0.283835718920179,-0.270758624294882,-0.293838906198145,-0.270869139956551,-0.283367444130952,-0.251623111225932,-0.26203652498387,-0.276553698302243,-0.260417613551197,-0.26783132990048,-0.314164428992912,-0.274435320750351,-0.30696172727356,-0.276587514246048,-0.227266516931436,-0.253643832159884,-0.280358998431739,-0.265779249865183,-0.216488685806533,-0.30387655158017,-0.257850201278416,-0.261963293491015,-0.250075083592743,-0.289797383317254,-0.264121292104,-0.274161333688167,-0.282700063588731,-0.26576844906439,-0.322526019154827,-0.291959246239454,-0.255344747745864,-0.243369526945521,-0.292310355036963,-0.273611144331582,-0.274331417587168,-0.285748669501319,-0.284900134431181,-0.280230822522776,-0.254526490922333,-0.274009454009929,-0.266471494164528,-0.282410750842034,-0.273358131708279,-0.25793633737554,-0.296941048261191,-0.218462125531606,-0.287876044549018,-0.245932688859621,-0.306779127011641,-0.294309450960622,-0.329257796596516,-0.288237223217355,-0.264388466325507,-0.305491222520836,-0.287428185749553,-0.255027799691687,-0.283017847285001,-0.268621184645622,-0.286045430441084,-0.249718865422216,-0.266337686050148,-0.285728450046621,-0.300188360125047,-0.298715682489399,-0.223123593634997,-0.321692105436867,-0.26202589133562,-0.242074382331246,-0.265146268870218,-0.296944624416149,-0.25625480816091,-0.317051552614,-0.310221607474941
"UI10-00097-Variegatus",-0.294227964885505,-0.267428446059207,-0.256852654264449,-0.282754699119648,-0.266851761880099,-0.224564764125167,-0.288681589721644,-0.280847268370066,-0.290624177872891,-0.232732016554164,-0.251252227476294,-0.23423914754815,-0.211563641341497,-0.256292712669398,-0.268125881225046,-0.219072559565834,-0.289630459633804,-0.243884605840315,-0.273591738662248,-0.260776676210889,-0.283114970753268,-0.285464672189656,-0.270738273970494,-0.295108903127867,-0.307724704393744,-0.278008205160569,-0.245080393474213,-0.220548800103866,-0.262345520079953,-0.290296172977954,-0.304443373698309,-0.273753502807979,-0.267004171975203,-0.269281682532064,-0.2376349767802,-0.248917334765563,-0.2601885168849,-0.256332085499168,-0.273789280935256,-0.294524474696927,-0.249142553951184,-0.274618360264098,-0.266807507372086,-0.237019477687935,-0.293515458948711,-0.27606302715177,-0.27090620927899,-0.301064889373264,-0.284444686157682,-0.258132092498982,-0.295811138936613,-0.302264508795395,-0.193611477436549,-0.291287889438799,-0.252742033274004,-0.246669367142737,-0.284442525336245,-0.26081800781174,-0.217106556020715,-0.255042574886971,-0.247406997344876,-0.278507506989682,-0.266381926256452,-0.274085941145,-0.259564514416297,-0.280444332600564,-0.279184599639381,-0.241609253377902,-0.293494429944195,-0.261978165086019,-0.230967446660474,-0.283859817612736,-0.193954744221984,-0.232141650283576,-0.256320328771147,-0.26236376432622,-0.252143141697852,-0.321847163904275,-0.226130350213138,-0.284369963106216,-0.293930979845472,-0.26093957056709,-0.201510859871469,-0.281136549061109,-0.258313284407596,-0.29175604629681,-0.269154369266035,-0.275041725565192,-0.201306805305036,-0.27373763752012,-0.237877640861834,-0.217879842290854,-0.271822658277507,-0.258487240176822,-0.264914081885538,-0.293121842029626,-0.274057686425972,-0.31112997865804,-0.270113515382322,-0.226561373380554
"UI10-00099-Wetterfahne",-0.0949655585665289,-0.0584975848975617,-0.0307804495581514,-0.0474228538854009,-0.0313714622882253,-0.0610498931750527,-0.0762745052540447,-0.0609219063808235,-0.0406347797807857,-0.089365530824784,-0.0573009285579428,-0.0213263135147496,0.00771480515722256,-0.0591715642590639,-0.0246624237137917,-0.0815349849714845,-0.0928346569381461,-0.0107557465242432,-0.0385942804660936,-0.0965479475914638,-0.0427190380831384,-0.046768406813755,-0.0675261706348953,-0.00935581803175475,-0.0520921907152925,-0.0835338485059437,-0.0133389051654892,-0.0338912632158538,-0.0577120782700454,-0.0599477580803659,-0.0761473170961311,-0.0327069730835219,-0.0161855345565548,-0.0538552067870508,-0.0441413356905825,-0.0499299177166328,-0.0741230991977,-0.0515957297569764,-0.0200871663439499,-0.0387017270029544,-0.0471927345644521,-0.0499829938685054,-0.0118826723186924,-0.0595715870021906,-0.0421086593458687,-0.050751121058724,-0.0572753703841171,-0.0646843012265055,-0.0512566384271136,-0.0613839478943606,-0.0336887231688979,-0.0445313781279853,-0.037337320875348,-0.0398337906755399,-0.0324807592379478,-0.0407049599954389,-0.0280675422684285,-0.056986624888628,-0.0613106681000167,-0.0587816819126596,-0.0466647862626281,-0.0460556805813611,-0.0525941868225914,-0.0312928742989432,-0.0706216996302189,-0.0136922022188249,-0.0195484246001153,-0.00685957491313524,-0.0560634711289751,-0.0375956812674618,-0.0464293666915067,-0.0818988620273533,-0.0462352534149562,-0.0174233450894184,-0.0432917454202841,-0.0287706183008981,-0.0287498172382198,-0.0614091977317523,-0.0419940915699404,-0.0548351597307245,-0.0504282633269625,-0.04898439959254,-0.0454276660317562,-0.0353648882812304,-0.0216215100366477,-0.026272382399378,-0.0375047930783973,-0.00743369202508793,-0.0749747519718359,-0.0784728705213315,-0.0458299933015379,-0.0392965490920182,-0.0647926799229042,-0.04973532938086,-0.0434601202813607,-0.0432634356443449,-0.0144689038549014,-0.0491864092006299,-0.0308584361623557,-0.0258839897532353
"UI10-00101-Yaku-Jima-Dwarf",-0.444763482194638,-0.354979499833454,-0.29756857391701,-0.420174096303954,-0.248171932374604,-0.327596564944087,-0.35738918521843,-0.286485944264693,-0.385228517925607,-0.29611081916223,-0.406798347889983,-0.351125585665523,-0.299156611157627,-0.368756974285506,-0.358995416543742,-0.311361900333323,-0.281177351989254,-0.379438540879379,-0.386520012524535,-0.320141001404964,-0.345798695200991,-0.240465335231157,-0.314109775940341,-0.31414329942056,-0.320789066111196,-0.363690996756235,-0.344098487849358,-0.319677106048245,-0.253218406124048,-0.303531166949846,-0.379339171821288,-0.384056301701137,-0.319032168993758,-0.295421794608171,-0.376046438015313,-0.270090684277588,-0.333474590595545,-0.356683068265819,-0.283790542039489,-0.250441150407733,-0.260940117083437,-0.320831802305868,-0.289070173013422,-0.293942071374482,-0.353609981403075,-0.350483095181509,-0.393135591741721,-0.331070514381489,-0.316570168413568,-0.379029091037793,-0.374014728706037,-0.382520504500646,-0.328457373970005,-0.299811006766568,-0.333032577820101,-0.35760166566114,-0.224402150409789,-0.392776970677565,-0.250515400677363,-0.288945073315409,-0.391869997867323,-0.31256887278531,-0.311646027889332,-0.224618981768352,-0.345632347721538,-0.29562576868484,-0.35862944320731,-0.298893997896787,-0.359050098045202,-0.35146710681612,-0.355933485470957,-0.346388950311645,-0.139179516261825,-0.384742095157485,-0.425912592033028,-0.360798960585703,-0.392715178484087,-0.346234886212859,-0.400481193480015,-0.412428454774004,-0.36017464662692,-0.329723644242454,-0.390994561938061,-0.241008326309364,-0.327577731455845,-0.362014409350858,-0.293305042971216,-0.383215545454636,-0.336028934040199,-0.284600000966364,-0.300568055358554,-0.298025739289588,-0.387734369975869,-0.356643406017593,-0.289583098027736,-0.378931725499974,-0.379948816941569,-0.39638329171215,-0.299551855500001,-0.35423395516849
"UI10-00102-Zebrinus",0.202387306662853,0.228384593940844,0.182190741137479,0.181961264127121,0.210980260426494,0.193570678273834,0.19284985178206,0.209911515721353,0.19501669444026,0.173919182999396,0.191079208717666,0.213034540306679,0.192230957648971,0.224887739772253,0.213098258897303,0.189088772800644,0.194455782097061,0.190349164138645,0.223054753311478,0.222886985071413,0.176161950577632,0.185226414851172,0.153417221228853,0.205185345561937,0.1834784285521,0.190284774557016,0.225119330017218,0.20887034224188,0.244441964025384,0.182209479426048,0.184173525240827,0.197229839632434,0.216096962598304,0.218614035288899,0.201212948796707,0.184274142809826,0.19090159130112,0.209020810521862,0.21014170337045,0.206480843488667,0.214687702433606,0.212910964087417,0.195672068534079,0.180614845454302,0.221680703712586,0.198860301096237,0.20863710753583,0.197072836009441,0.225948980971829,0.162495160939895,0.181081923696993,0.216534079040819,0.238518478264445,0.209022835529696,0.19022163519792,0.204106449901462,0.210360468001831,0.200895690847244,0.201056371905901,0.210566612925369,0.213837931644898,0.207119482059087,0.211090430040524,0.20777278881954,0.236047182352976,0.220822603346416,0.191404807567781,0.202886170380598,0.207651200293724,0.237103052525895,0.293805483421481,0.200630688209031,0.20471171554763,0.211865679055647,0.182753739192076,0.206071429981674,0.202231949567468,0.15911673024141,0.205059215243511,0.209965468249463,0.208584449256406,0.251437879410846,0.208655291303745,0.210668061013995,0.221714847461378,0.207941895697349,0.174707627625742,0.206394734403879,0.199555711894079,0.201993192235428,0.19060660920009,0.193986333490849,0.205234142602964,0.222017571047005,0.235491617904517,0.19557960356689,0.202804908937696,0.231841907050575,0.221596154837353,0.228014180046654
"UI10-00104-Zwergzebra",-0.293454468966916,-0.324275183645986,-0.329248489004115,-0.278303398524635,-0.299613142605456,-0.305438260976048,-0.318739595417914,-0.314061919954798,-0.310542209643988,-0.330942545469053,-0.295094484300491,-0.313740915334826,-0.297963771908243,-0.310485346422166,-0.330108202406403,-0.313678134118924,-0.30986465567762,-0.317009768249494,-0.299155991611952,-0.300159593841702,-0.29646810582419,-0.315343691495254,-0.29805748445024,-0.301486282893387,-0.30042289469509,-0.33612205271774,-0.315346112174164,-0.315146888461141,-0.298515343725659,-0.277166805349983,-0.293994204694961,-0.309730803388429,-0.326441801373752,-0.299070931904352,-0.297341340844227,-0.314252086589636,-0.310073983926087,-0.264638487936947,-0.321981395201682,-0.302462239118666,-0.288762315416441,-0.307655386332069,-0.311127231923826,-0.235492912973022,-0.294227230266366,-0.340963642759979,-0.316262111563324,-0.291959732633777,-0.291330912387568,-0.319136842463721,-0.305270443409113,-0.316601370751651,-0.292585118779919,-0.285991423211458,-0.306735382226371,-0.317970617051911,-0.313429631193948,-0.250905128071494,-0.323881117811545,-0.331648653478678,-0.295231088026502,-0.323466967289049,-0.300938328015154,-0.310748550877068,-0.329109091011577,-0.320222942122821,-0.326869990455252,-0.308176374834399,-0.304986351126023,-0.318817983462556,-0.305911425094065,-0.327012792457599,-0.283012450769813,-0.281735883493104,-0.263803643784546,-0.314609270507697,-0.330480783397541,-0.310470296268042,-0.317585077868605,-0.302226992285659,-0.295340113811402,-0.313449593356869,-0.314041623010942,-0.304953564727297,-0.307490720219564,-0.289255085292224,-0.302852505872255,-0.309797890638972,-0.242901206922333,-0.280236880519819,-0.274042594396765,-0.309755095295015,-0.304082687679158,-0.324606546410693,-0.318835949837911,-0.292737428036952,-0.317978629649414,-0.312775695930525,-0.30004760840137,-0.31128215890121
"UI10-00106-transmorrisonensis",0.186197598626498,0.257404422966961,0.236485076304421,0.248807405706177,0.210395199111661,0.267948164070226,0.221157805977398,0.210846590747783,0.258463008343327,0.265180154333485,0.229453484319167,0.186170424074904,0.244946029620797,0.266255304639541,0.202713686857236,0.247440895021892,0.240530523658485,0.232089164724433,0.250304989537946,0.189393730776073,0.235332030586758,0.21759421570354,0.2208313891439,0.232062521049624,0.186727437131318,0.183577514040459,0.160165825443769,0.234771498808499,0.233280694147768,0.235044054254423,0.250311758263787,0.240899770340151,0.255225755945104,0.266267784887868,0.242456805880649,0.238604312076116,0.234627654109173,0.162305329349551,0.246975669801293,0.219546787469091,0.203226623921942,0.234071541042843,0.227733419724589,0.228116768121937,0.174057832404319,0.205829650482987,0.21595961193033,0.266658060894164,0.234982364002242,0.251759320545329,0.20473381303245,0.21768556358578,0.193092694510516,0.197535480001054,0.262832999736287,0.232888137076901,0.168050482226115,0.249458462523475,0.226842174829675,0.234218284429009,0.212233558339535,0.239732902553588,0.237035521032296,0.206494616426155,0.205409683090887,0.234929133234594,0.248629961111698,0.236317178870458,0.271804487202807,0.15499936440782,0.190596905823052,0.245388404044197,0.265071836211614,0.186637198072059,0.247921962050804,0.206276108945247,0.209003296381735,0.231750274649949,0.247371177769227,0.247734675257478,0.23841757891084,0.280284643463451,0.244638343737697,0.231658879158808,0.210762272110891,0.221401706895357,0.207370989654791,0.235560506850543,0.223838739508481,0.237218592987601,0.255371155599626,0.217259498064293,0.242930080307878,0.186643549642905,0.226851685792924,0.205095210957563,0.184227395146911,0.240501795983899,0.207769156232771,0.197312860340623
"UI11-00009-Positano",-0.268021790224403,-0.286815236995577,-0.215266619361962,-0.235771771314855,-0.208536289001691,-0.263131834384416,-0.224321079260427,-0.201064782664135,-0.149466388029672,-0.226010433856653,-0.291825031943939,-0.202206063819217,-0.223846564720341,-0.206124750163806,-0.17112575175919,-0.176012779234327,-0.20437540426402,-0.214251188335193,-0.157757250244861,-0.160248000197843,-0.262759307444755,-0.261214550144579,-0.24111429185092,-0.206690083096661,-0.259541609937604,-0.212461057032806,-0.27178250737007,-0.222298185264142,-0.220557700689054,-0.21756976086194,-0.195729166584411,-0.212031284353366,-0.204885493766837,-0.286316106649432,-0.240683854970494,-0.212584469389171,-0.215328422610791,-0.229563498305092,-0.142715410233809,-0.20564281574077,-0.236340587408572,-0.213300950555582,-0.226550195334794,-0.231070262451433,-0.263055039131253,-0.287638064279523,-0.210750662075726,-0.219330828682859,-0.180165181844106,-0.238481205486473,-0.21433231713247,-0.182156191907726,-0.211989273041311,-0.192156228918166,-0.207577299296079,-0.22176936550896,-0.254154801792746,-0.236238548887747,-0.217903208913482,-0.215835959493234,-0.278695907191175,-0.216649685057528,-0.134670193822657,-0.200557044992111,-0.201223815294956,-0.187437505976259,-0.262833451168564,-0.227575326803726,-0.263136007270402,-0.227337309337183,-0.236757005837637,-0.223800303473571,-0.234610276465608,-0.222321652266255,-0.247976662037283,-0.249282869109919,-0.202635805790773,-0.263244740366095,-0.202863709216254,-0.170661479685211,-0.200614190367043,-0.137793630111183,-0.179388743861354,-0.226419770251296,-0.223726475254049,-0.295620954532433,-0.164194199227351,-0.312517547536503,-0.269691758139329,-0.25199427521355,-0.164544263733283,-0.237407988843057,-0.172308308228936,-0.206531424109097,-0.186390234880994,-0.215438897108945,-0.24502437655086,-0.219808432459334,-0.185119992745413,-0.172376809923319
"UI11-00024-Flamingo",0.150400898160897,0.13827983281212,0.116221668223939,0.0921435651033004,0.113743794186274,0.14513839022824,0.104531375323725,0.123677549020121,0.129474366697391,0.142495311213649,0.109722878427847,0.130756843056662,0.133295898345202,0.129892703293031,0.107843663448462,0.0821553090172909,0.111640347228592,0.138601567332366,0.134594065672751,0.151760020156872,0.128911376288593,0.0888828123891925,0.0958379549188563,0.139160729555657,0.0936931820326497,0.0961987550745596,0.0955663639127147,0.135720321637334,0.11545038420004,0.110819541048178,0.106002231259098,0.0943655997742945,0.122054923216175,0.11356710522968,0.109937170646948,0.103077117994508,0.122401701712738,0.119717172471549,0.110553248116419,0.134747145241613,0.162444037698261,0.108334724100881,0.123205880802146,0.150580424645725,0.122189392833639,0.135761661025983,0.1157795550756,0.117873170329126,0.130504901089814,0.126389154783365,0.118348808790392,0.0875888125043258,0.118921380544536,0.117319287231702,0.112582520813153,0.124022590533666,0.115255197050774,0.0803450689332014,0.123171548785883,0.125061668666428,0.138195778554045,0.0679481726939582,0.0959127745629449,0.104040142001836,0.144707060455471,0.114166697566099,0.148449603054186,0.109208123160081,0.123198448761407,0.126670352777146,0.125822084523299,0.141333834643004,0.133912891958021,0.128970492727641,0.095990659412867,0.11837998136072,0.0811255803714186,0.122787258149246,0.129148945530789,0.132399858264054,0.097503887562007,0.120301527798508,0.103635987953326,0.141925108405202,0.113973335293796,0.115359127024638,0.0992409095822321,0.107253823566699,0.108444886843197,0.109043235457577,0.156486774002238,0.0942207426519458,0.110728988743199,0.142245844994673,0.155518401758204,0.103413214615126,0.123899912843932,0.0880130633574635,0.139720774008417,0.113704475283222
"UI12-00001-Zwergelefant",-0.271202597265536,-0.226786290513851,-0.267593427054104,-0.223652989775588,-0.240669898562062,-0.239298319237913,-0.235069656438868,-0.237617684451687,-0.216074856023757,-0.253373469089165,-0.268032251420421,-0.242994863015446,-0.258037630532943,-0.259134633359999,-0.250342940616233,-0.224581858538471,-0.255005468950445,-0.253923616963172,-0.273317269032197,-0.243437778274621,-0.256005393720072,-0.252122142491355,-0.269065994645823,-0.233697153655428,-0.262176913307326,-0.24158185896905,-0.232606694925982,-0.249961768445182,-0.266356885734348,-0.245135064913793,-0.255938467865928,-0.215208463110665,-0.246921111291651,-0.25540395444528,-0.228686925309258,-0.247080867214291,-0.242410374659702,-0.220122482082636,-0.268264869478535,-0.240673978653984,-0.258487643739695,-0.229734370338823,-0.240469915164933,-0.202235922764731,-0.238572259880405,-0.247917756258031,-0.256918072665587,-0.256511296121539,-0.243715878861624,-0.259844450307928,-0.250138027391701,-0.23308655170429,-0.258074440844712,-0.265607689058177,-0.245869557381397,-0.234862851513969,-0.254429965308483,-0.208722806844464,-0.223307554002267,-0.22642155722504,-0.231498729660861,-0.253314164285615,-0.239399790583418,-0.221088337981704,-0.263048064409759,-0.245221720382751,-0.257133243293524,-0.266582285319941,-0.245646387307724,-0.250361033058242,-0.254620987819409,-0.246978288795062,-0.281860702084934,-0.232549754877664,-0.230867800142975,-0.228684088018359,-0.272516216973848,-0.247636024021815,-0.263747075642329,-0.264067651059834,-0.26238545602334,-0.254194638193953,-0.221303189413769,-0.27574254746064,-0.277104942516491,-0.242977020171532,-0.264716475013344,-0.248872685033067,-0.200426255579194,-0.279471597728466,-0.249122969679124,-0.254336483691504,-0.253865992149083,-0.252753896089157,-0.249930984631147,-0.249534477983886,-0.270707181834143,-0.268057687450862,-0.240818792483501,-0.240805243441369
"UI12-00002-Malepartus",0.123339906607306,0.121272808868499,0.155044882096714,0.0739282134032334,0.134481154412678,0.129069259080094,0.0947950028971957,0.119567236525039,0.0868682667976219,0.110223429187972,0.120644576574335,0.0770052760906415,0.103292560643194,0.0923731597638703,0.113890074756009,0.120255093696599,0.0736084459028676,0.0684985803675342,0.117595273587889,0.110574602302016,0.145858901876364,0.0789678182992319,0.0879278379560591,0.116120688883163,0.10740907806517,0.113866645212304,0.141377578222792,0.0917889739278212,0.0822667490843923,0.118728475707006,0.103996123445315,0.0922880369747563,0.100847903971866,0.15012790236901,0.0892021340407328,0.122740881940409,0.0792059924219207,0.0893454119112469,0.0838500029786703,0.0932314617812757,0.140880208900054,0.114798179886009,0.0973892672647369,0.108395688503748,0.0894006915326042,0.0798742267337838,0.0958167286536426,0.08237975072785,0.103356421989747,0.110076581536927,0.0887139416790594,0.116577159617064,0.121921554408901,0.108063120718026,0.11655713265324,0.0896952271824955,0.0865903625403052,0.106715610631025,0.11631263688851,0.108646558676659,0.100837553276074,0.111928508483277,0.125712213297457,0.0869679248518548,0.0845692235551911,0.0882768527464554,0.0908719586327244,0.10081958658894,0.12768991352308,0.0812072960057951,0.130503440127259,0.113386548336318,0.0856111488799115,0.0883363826283736,0.104893427928825,0.0799699138789677,0.0893921874309722,0.107054570706085,0.0966062627731722,0.106333829333615,0.114784778541653,0.0776170136136077,0.0939375573415045,0.0811177743940075,0.0792013379005333,0.110223941198399,0.0923560957754001,0.0907130128038414,0.0974702654338126,0.0956136480503911,0.114193509055505,0.088296254662614,0.0910694707414192,0.0677514968706152,0.115405919557551,0.116540348792741,0.0823364563642129,0.100593474609214,0.0693693807072098,0.0851254921448599
