"","predValues","predValues","predValues","predValues","predValues","predValues","predValues","predValues","predValues","predValues","predValues","predValues","predValues","predValues","predValues","predValues","predValues","predValues","predValues","predValues","predValues","predValues","predValues","predValues","predValues","predValues","predValues","predValues","predValues","predValues","predValues","predValues","predValues","predValues","predValues","predValues","predValues","predValues","predValues","predValues","predValues","predValues","predValues","predValues","predValues","predValues","predValues","predValues","predValues","predValues","predValues","predValues","predValues","predValues","predValues","predValues","predValues","predValues","predValues","predValues","predValues","predValues","predValues","predValues","predValues","predValues","predValues","predValues","predValues","predValues","predValues","predValues","predValues","predValues","predValues","predValues","predValues","predValues","predValues","predValues","predValues","predValues","predValues","predValues","predValues","predValues","predValues","predValues","predValues","predValues","predValues","predValues","predValues","predValues","predValues","predValues","predValues","predValues","predValues","predValues"
"CANE9233-US47-0011",2.32002844657702,1.55351370862057,1.97422280881015,2.3119633552597,2.11652486474279,1.92352889515738,2.05522386061662,2.07368095656083,1.68042976336279,2.01741410230548,2.08855048382402,2.28870572404078,2.18599882900565,1.93306740610094,2.17111210144136,1.98825767410861,1.95197015522418,2.0693452304038,1.98895849553721,2.04420645222594,2.07781643591754,1.87254824888446,2.16543976964905,2.10059267364768,2.04316477849728,2.021890864924,1.58146615995676,2.33690009783851,1.8583844019705,2.03681445725874,2.08496177248976,2.12243907389115,1.87174234179416,1.75643757634644,2.19418885907322,2.06439927944246,2.09165645659054,1.61737074013109,1.82556513983503,2.11489528063063,2.17008921893047,2.10221463461867,1.72257365905666,2.12437500410302,2.058506246398,2.04768480525811,2.05942719440025,2.04233469531116,1.83382597341667,2.2206106937369,2.01605747987499,2.07913121476301,2.39497364894343,1.99085315443148,2.165212838566,2.09668083857766,2.12385031972651,2.00625016334433,1.9550051179006,2.08683752560761,1.94692082474535,2.00999086205723,1.69140542506959,2.06394060388851,2.48596438533513,2.14809666405214,2.2321790938364,2.03786010281146,1.66294647665816,2.12823426720491,1.98840041049163,2.27293365805453,2.01813336307794,1.6632095249867,2.09237648983811,1.86630903621011,2.09863307469176,2.03149729040681,2.178080194384,2.24421940451379,2.04267508303477,2.04671241405755,1.94718568044401,2.26717447197942,2.00250286236634,1.76565301753175,1.97809705071856,2.05286597759836,2.05319678184441,2.26756922132584,2.03710632104462,1.98821948721049,2.10242572494413,2.12067568832119,2.1431837696949,2.13443547801343,2.09815855712501,1.94021641909967,1.94927388256717,2.26573243855611
"DC-2010-001-A",-0.218865344838609,-0.489402849594639,-0.56472986844688,-0.382619320083636,-0.406327016112996,-0.55967786616347,-0.567312079406622,-0.142230233741349,-0.4127872577222,-0.391836276964421,-0.488370771110363,-0.563924447797956,-0.486477468592008,-0.299365572707603,-0.397042313289099,-0.439415039271167,-0.335821339136987,-0.48724223683782,-0.454610909337767,-0.448924306807692,-0.399765049924556,-0.45170873664684,-0.468572615133931,-0.533397199242472,-0.294447694386308,-0.571175837590151,-0.457010419239197,-0.414720102758914,-0.348595948794651,-0.332454057494221,-0.439386793052469,-0.499501043427809,-0.374766682053516,-0.343312297975594,-0.477446004228557,-0.35842547955693,-0.497198568971151,-0.510820037367683,-0.664205202407152,-0.339636579063758,-0.506551027944948,-0.366121106366974,-0.410190909836782,-0.515516706996976,-0.480961569256158,-0.508113991681972,-0.55906464494748,-0.623558498668243,-0.452775924301949,-0.367340984194492,-0.555946982234048,-0.476544190701215,-0.592547083887959,-0.527164528361555,-0.54893374593699,-0.376002830092339,-0.467527529716088,-0.52290534984796,-0.496641007392348,-0.480119777501871,-0.542272524787948,-0.505148939013594,-0.458605981154894,-0.530526765699196,-0.284062877412677,-0.338988290313513,-0.424665314934215,-0.589028891460892,-0.621922038356564,-0.445518854292891,-0.345532275677846,-0.406879837856794,-0.595446890282403,-0.386813188491549,-0.461644976706057,-0.379158550819623,-0.578278740502846,-0.383136762368915,-0.328850445470762,-0.0973825744624631,-0.501276724534117,-0.454910531943453,-0.430574587400997,-0.531490109316824,-0.264715373814859,-0.399347705148631,-0.460394387440599,-0.544623783072835,-0.529913141211339,-0.528148100398249,-0.498932126343086,-0.544863018580653,-0.244719265087241,-0.539650819101077,-0.535308699123721,-0.446446033493739,-0.555960941004063,-0.313738011609402,-0.443505308752893,-0.431421396846783
"DC-2010-001-E",-0.00552706430320252,-0.229925119336838,-0.142851975185882,-0.0728857963594731,-0.174321658428306,-0.218379341147702,-0.304375327836453,0.1216385845066,-0.250809270746103,-0.0860212092014911,-0.123590613521681,-0.211744729142052,-0.0306097605389806,-0.000399776369654173,-0.0492159417391492,-0.158456780817702,-0.0571224845876982,-0.297074721947177,-0.0531797954242928,-0.154675048320176,-0.0366435036237549,-0.108766346883171,-0.118023980888431,-0.18985180248097,-0.3648220682413,-0.0527258165272618,-0.22633432681094,-0.0679868679719518,-0.0767058496035871,0.121499973236578,-0.0987788401993888,-0.224711788237818,0.0285833058649598,-0.0405748110006891,-0.207400900376664,-0.173693648021452,-0.154648293018124,-0.111633178641759,-0.244028945247219,-0.014631852902935,-0.128282062918862,-0.313776240281614,-0.0365933750125913,-0.217591866672524,-0.0516297675291432,-0.0398880863447107,-0.338896275327535,-0.144188791297213,-0.12128187729518,-0.288849118909283,-0.148229095011338,-0.0676526588947672,-0.2148056995586,-0.214689220188365,-0.18181088020495,-0.0864598553048152,-0.113686515319646,-0.149147404770581,-0.10000318730745,-0.130903125467092,-0.0156802727121424,-0.110842713544482,-0.187613445618196,-0.0841726305683742,-0.123659963290257,-0.186571205772365,-0.301228088951718,-0.162463067422645,-0.0665347094334312,-0.0988632042494017,0.0829199437699115,-0.259128203767619,-0.266240558288122,0.0697852793704264,-0.210364377290242,-0.126977558524087,-0.121529964915961,-0.0366837839413268,0.00057129641423849,0.245966340877242,-0.0587009162402512,-0.526921667648411,-0.163226909767291,-0.0882685458535249,-0.0168003748054647,-0.0898600516137193,-0.141013789126879,-0.103826464366357,-0.0871353475084369,-0.125545524815461,-0.190693965216373,-0.139090126294212,-0.10852992058545,-0.171542884556687,-0.164101930325907,-0.110774263835484,-0.179608686646854,-0.277556541896805,-0.246653588971428,-0.306933073734348
"KY-2009-001-B20-e",-0.581271160386644,-0.908501406528939,-0.895353872174718,-1.01126969315926,-0.911110687873608,-0.879743032751818,-0.941984656171232,-0.921198534564192,-0.910872246871921,-0.852578823478174,-0.968408388763016,-0.974474162419694,-0.879746468990104,-0.878693203840907,-0.912646986525507,-0.828996320782113,-0.906888291725292,-0.916885562000691,-0.95931766769367,-0.931307173604455,-0.843238996591981,-0.869877343455259,-0.962107090555824,-0.88523646733695,-0.940349626193898,-1.05980427459522,-0.889698069931726,-0.93822374461005,-0.965836021672491,-0.839992852867277,-0.857788475762616,-0.847877936988344,-0.903652569341526,-0.934032687112341,-1.00092358321505,-0.85034982495321,-1.00581484377382,-0.88134484521564,-0.956313944662501,-0.965346704311912,-0.864206108334661,-0.904256099699423,-0.860527840673431,-0.839990543348178,-0.86356333470572,-0.461090551077798,-1.00998895025099,-0.925725249799758,-0.888101410163602,-0.78400681688166,-0.950946391753488,-0.928398425414813,-0.986639746704956,-0.917242976699234,-0.40117050732417,-0.975599403899756,-0.810235788383101,-0.907737397274977,-0.961181641061318,-0.964542896295211,-0.953462661063704,-0.86819852791533,-0.423829615837569,-0.856788659017595,-0.427902398685723,-0.909799435901825,-0.904669714889008,-0.883446056887429,-0.860089318163912,-0.913033042719145,-0.940528824396257,-0.959982217071323,-0.879316443722182,-0.883912798915905,-0.926120801502759,-0.854639560178428,-0.877132948607098,-0.936369971963252,-0.882973977610007,-0.986916648503017,-0.873103881141945,-1.0044711492778,-0.908738921494148,-0.860498376468821,-0.8433051323542,-0.903770085856852,-0.82470431019178,-0.805663274073542,-0.912094044999909,-0.909185438920155,-0.899739490726258,-0.895480244584894,-0.890093948930332,-0.848491211022205,-0.847626736485381,-1.02390013158619,-0.829369450085502,-0.97698617246334,-0.856291067302651,-0.933567339885034
"KY-2009-001-C",0.649976954469427,-0.303604935407639,0.597510527775928,0.621347729695669,0.707217187203412,0.620370542990123,0.596455971408636,0.838156708725344,0.538985523788592,0.531494096891547,0.608956027729018,0.603972242511587,0.580029544431238,0.611396539521202,0.574563854336456,0.720135784123758,-0.354459357251521,0.518676687777265,-0.127138373056039,0.878066374295342,0.628641872687141,0.583041373018565,0.701606222731195,0.516856740617588,0.604540627105237,0.589306358294913,0.788715399866642,0.799085262100063,0.948538778198571,-0.263455701598294,0.66389248444569,0.710886781807374,0.599129782487489,0.540136826265439,0.595437371387459,0.636834392610218,0.566596901799594,0.657657485648205,0.51958596339796,0.780385146094326,0.705690239025327,0.551681049530503,0.650725389067352,0.582317708104136,0.653930981566402,0.550626158021013,0.969939235689221,0.747299704837726,-0.412493540860708,0.661190984808056,0.614612707748018,0.60395323466644,0.730681267000916,0.715985898244664,0.579929291856252,0.646234088700289,0.763093746163631,0.801188559928026,-0.171628642700611,0.727326233738255,0.769952151479593,0.713487315880102,0.612125736440976,-0.217337952503134,0.649319689326147,0.637351262077398,0.746391432694338,0.691459888933092,0.790571304258404,-0.209807587671779,0.778079413701962,0.60407921423582,0.684781576709503,0.700041622854185,0.671347674100698,0.60315288102152,-0.082025702616697,-0.198752662899465,0.696625984413764,0.603342258547492,0.57785403442933,0.589374946169836,0.655475223568348,0.72906389591649,0.629689044413074,0.572580662300887,0.54519822708962,0.595330800947503,0.818845926481378,-0.221689417096856,0.679799428183875,0.635059690226218,0.664853472267389,0.643391743560941,0.570186669457762,0.635535704178173,0.553333347276141,0.642594077815195,0.788766219180658,-0.313388212008729
"KY-2009-001-D",-0.292468674948995,-0.240026147754227,-0.185088325764015,-0.167136718881246,-0.237683590479208,-0.21394266031158,-0.220486853590487,-0.152911042468722,-0.24043462579959,-0.240269414590096,-0.259930328125034,-0.364024192384938,-0.179751040975964,-0.26226166981085,-0.136713662775664,-0.16697416722859,-0.238866622881827,-0.246518760160334,-0.20291060016111,-0.218648708840255,-0.27263316349975,-0.379878852637911,-0.274894154973228,-0.186489475616452,-0.281540079357668,-0.858057814125838,-0.222373264847347,-0.155794647800079,-0.518544349825539,-0.188473264820964,-0.203223728437521,-0.326912430337453,-0.200851898257752,-0.270706755510743,-0.132018861226607,-0.209643716645582,-0.228513101766458,-0.191616576056554,-0.249110806872053,-0.285398676469343,-0.228121984863802,-0.162714754647018,-0.248082332525672,-0.177343602920505,-0.26760556916245,-0.337403090205022,-0.203839416163189,-0.27688840030536,-0.174940323256841,-0.22891116179358,-0.174752182538079,-0.231120238755925,-0.221802982246562,-0.329241904829139,-0.13133082256048,-0.211272394728911,-0.288921395933023,-0.192738608339389,-0.202558244530106,-0.965923168202412,-0.88203882978811,-0.105173061237532,-0.288807126053261,-0.171825523869863,-0.282721150469733,-0.216839163737937,-0.276870498411154,-0.226851245807739,-0.2532204801372,-0.243696509069582,-0.802780996040564,-0.0734278771897156,-0.282309847912314,-0.220796467857897,-0.215740594573105,-0.324528701487769,-0.167886753291748,-0.0462957454505491,-0.684981233569207,-0.247216640537456,-0.234203998535263,-0.229571220513708,-0.237279424230777,-0.223520549077419,-0.203687067779897,-0.119408874126629,-0.300037589416043,-0.274703693582209,-0.196072908933214,-0.201822542507498,-0.226882811356427,-0.315699945327022,-0.359277043475352,-0.667869731743686,-0.28778938677457,-0.190183398509902,-0.19447417085306,-0.148640258063223,-0.29756614635622,-0.227416468719209
"NC-2010-001-009",-0.537998368366607,-0.484693676005542,-0.49428083572749,-0.543625959632509,-0.26771994197171,-0.694147019444264,-0.131202936088818,-0.643724999573098,-0.549954113931016,-0.597888494817014,-0.484106832196436,-0.464974278431816,-0.558466831296204,-0.666376239768521,-0.563240470349245,-0.529898999064568,-0.550604477608293,-0.587865025479758,-0.475627232632455,-0.534638515423937,-0.605527769073334,-0.485116428550922,-0.0693558202314752,-0.545228407608063,-0.65126665679488,-0.517972462472964,-0.582377747224615,-0.596593237525887,-0.613271320626739,-0.550183017983573,-0.464741186975231,-0.593542181215413,-0.584888625414417,-0.553550585975454,-0.500347859072096,-0.506790634777643,-0.677080916067643,-0.566107366934513,-0.482474958663945,-0.472961304734517,-0.536509959475953,-0.48453464100834,-0.471651992086315,-0.557386687455356,-0.529240742611632,-0.634892706030386,-0.341900736847191,-0.65022373548636,-0.520990001213576,-0.58397333229166,-0.534693296807352,-0.582071786729562,-0.582037286139366,-0.55406972817806,-0.54453303081892,-0.412052543585972,-0.293965359508991,-0.522337359242382,-0.552584940888802,-0.47257758891382,-0.534769925191885,-0.580776418332574,-0.277454306020422,-0.498490935306052,-0.577114206064278,-0.557737102126378,-0.599655914834971,-0.266518464252298,-0.410391375730072,-0.470286910761778,-0.511431837802592,-0.552350088549441,-0.536844300900451,-0.208029226888639,-0.531785151845365,-0.635035202080526,-0.519064035574617,-0.274368709511138,-0.511133377951977,-0.644836553405769,-0.610947200067043,-0.503530488009554,-0.553105105696798,-0.589068526924231,-0.583829311481946,-0.588775293872298,-0.5639083008711,-0.677775158558919,-0.480964228981933,-0.513868890960498,-0.589789047059896,-0.574137160850314,-0.605094860388201,-0.58248762038689,-0.656846916821922,-0.459205495445461,-0.529166697736294,-0.605018731141492,-0.585360387971713,-0.552465526116009
"NC-2010-001-010",-0.588000044262119,-0.664155958835781,-0.671844867345868,-0.716562387987188,-0.628561655192743,-0.724283623371304,-0.691334069041317,-0.725982933749988,-0.70135884608353,-0.675933975762652,-0.7098117531688,-0.634358564207108,-0.662475314158908,-0.853795690559246,-0.667102155044321,-0.62731595586989,-0.702804029990018,-0.707630879666538,-0.686926413268227,-0.682767145833028,-0.714670661453824,-0.640538318432727,-0.647359549444269,-0.701573864996249,-0.677871358140172,-0.586964697082861,-0.68550073003859,-0.67172473486445,-0.690375645570928,-0.807675018242248,-0.63667871004201,-0.708243104844688,-0.640678909214566,-0.619458671876839,-0.65083657266062,-0.657319890675476,-0.83940892659357,-0.658496438244293,-0.758937267095465,-0.604662387374086,-0.672056108932904,-0.706147773368342,-0.715838528442032,-0.623379986155404,-0.75087057040232,-0.732855875841264,-0.587708625113098,-0.746344445798994,-0.595235989436369,-0.665959812095148,-0.656420013053244,-0.680510722139728,-0.70054616248467,-0.626784930847759,-0.653794239923409,-0.782814376402516,-0.7168636056913,-0.641397969943733,-0.660740666645685,-0.696573860613052,-0.726686223080651,-0.698039598642359,-0.705809044437788,-0.664353852018406,-0.700623886620324,-0.657210083405194,-0.648889425215867,-0.656454757640664,-0.641248044435548,-0.671839738747556,-0.600122577519634,-0.638499377381842,-0.694849557254411,-0.60330774390239,-0.672748998379146,-0.774388179565404,-0.620936070828633,-0.674518037746558,-0.69674082244553,-0.739187147712591,-0.672887011848406,-0.773936076327776,-0.68071468054139,-0.6832368929393,-0.707688389910455,-0.670623400206842,-0.534616924269094,-0.742872359628542,-0.578634384083644,-0.684922501772865,-0.673400472656458,-0.656321967801949,-0.742641886032424,-0.74653960107774,-0.687756080330101,-0.66397442445202,-0.597073604044422,-0.665174628059079,-0.707146615680097,-0.611801405479075
"NC-2010-001-5-B18-a",0.301438941009889,0.310056577758373,0.253377675874061,0.245539222548112,0.350201891464799,0.417528267269441,0.237483537261203,0.225623989771635,0.244144295219228,0.365923750348803,0.337663026871509,0.338259578184504,0.288818334274689,-0.861067991593772,0.411997868377345,0.457189908475338,0.365504113236136,0.530091621467943,0.514576551411523,0.307757513883596,0.369146168251544,0.334435412442087,-0.826402884874288,0.402318970784845,0.31145035841747,0.216578061815392,0.310759794039624,0.260239537413242,-0.868481170736344,-0.785981320972936,0.067305394638578,0.345610179074362,0.339243616443333,0.383172412983067,0.442406727650567,0.336525929969766,0.344936527285153,0.303215055594167,0.343869563442958,0.48251476594899,0.363290133178932,0.358114756180979,0.409777798030758,0.402116959437895,0.401611412541147,-0.878264413489379,0.556792755480737,-0.904189219080974,0.341902402216544,0.478848138704414,0.369149153673652,0.669175849909625,0.380538001840857,0.450209340282281,0.692862668978602,0.359089350603331,0.24516605248846,0.281487259540221,0.510956032384893,0.365841871233236,0.399529997779726,0.317131459108162,0.396547895958317,0.299065985317835,0.293568503806239,0.780155290746094,0.304680580167833,0.347771902546519,0.305812451996896,0.64868880441986,0.403731545401279,-0.85923853615904,0.688024336942907,0.555750161631635,0.313461195468356,0.429608761405944,0.227582627184685,0.421944118962246,0.344120459844746,-0.780067864069363,0.344657409575631,0.388115820354451,0.285833793443416,0.239362527258391,0.447528784820703,0.389573621396784,0.665883754175005,0.453706076662328,0.40860920242651,0.259952336533306,0.306163950392359,0.315732597549249,0.38409631816182,-0.778842194806703,0.374173183428709,0.307503427090762,0.481896605154743,0.488810935699968,-0.853981771273449,0.218920301355461
"NC-2010-001-5-C",0.226280329655383,0.185376193219676,0.136291820242725,0.215182577417207,0.0659252758000826,0.113612386870735,-0.615404494716577,0.189403910383996,0.0911173197390996,0.179944053349673,-0.68601302445514,0.0059267812783817,0.134116739378201,0.137344435678745,0.0654811351861454,0.0544946726950792,0.136877156467119,0.0551933478181952,0.108018755531283,0.19399360491537,-0.504287103687092,0.140436205524806,0.142069062327674,0.157162699906741,0.110947479737069,-0.627256830558306,-0.588668536811968,0.214437850660593,0.169741317135097,0.131902009466871,0.103948565856366,0.0332204912864628,0.147126099470756,0.450917533734153,0.195932451140176,-0.684521699014159,0.234339342482902,0.163167972273509,0.124996067184144,0.132833131938848,0.260154450115867,0.206698981461118,0.133732611230898,0.0851043051976512,0.0172753145158823,0.119288063584458,0.112259279944307,0.236014200142418,0.0663410682319154,0.173348269412029,0.0978825922994159,0.144022169781775,0.0897215782399712,0.184268569914269,0.116864935761573,0.195163472502174,-0.562033323761887,0.0505479515906108,0.168104614303167,0.14092931857989,0.17181603159413,-0.606032809674604,0.160783263913677,0.229880232719812,-0.652811843659193,0.0447652071275333,0.170970237412765,0.390697391274493,0.191225524629168,-0.739031713443358,0.12700564795156,0.122303938490146,0.326168276545334,0.184784136413025,0.166650833761763,0.0818444516791497,-0.616389027018612,0.0718841186237271,0.186345748736263,0.209341756309842,0.0884798953272223,0.0954727369269767,0.169984423161977,0.132650896312432,0.333030144331671,0.106972982044505,0.112907035915527,0.142410164516957,0.11360877549968,0.112882451502948,0.132740327132758,0.198244732642954,0.133673733248266,-0.557822157605027,0.150545675786944,0.356370088594113,0.0180057354545809,0.14598131868123,0.210060788251696,0.164727539333304
"NC-2010-001-B",-0.463216605175063,-0.441647588483999,-0.416072240350044,-0.543723911432918,-0.509671596844956,-0.486738318476679,-0.408429759295206,-0.484855457844331,-0.527667736329379,-0.537711347835973,-0.424577930626618,-0.489229681385283,-0.470389464568706,-0.45272574252873,-0.447221595827569,-0.500260645562974,-0.517124453883148,-0.536837048279247,-0.446436601606465,-0.433243213835244,-0.462614695765666,-0.441909284107292,-0.436681615955291,-0.526942611160091,-0.477723847702006,-0.476490495843881,-0.461396677642066,-0.488056227742744,-0.423368990883806,-0.432249031087165,-0.421401908265791,-0.493720011735855,-0.464097432107516,-0.492326507220725,-0.449109353641372,-0.50324279131957,-0.432183455201488,-0.51666964410987,-0.453703438148073,-0.427651155474128,-0.598577400434416,-0.43717390013917,-0.488546851042102,-0.45723420518333,-0.473557582087856,-0.491157859172152,-0.532780826140771,-0.384975682447754,-0.479140389921375,-0.486834591747859,-0.379408473329138,-0.424911376860117,-0.555063502708448,-0.477433031050906,-0.43684040807943,-0.563238518091471,-0.449403512157114,-0.541483772848554,-0.569652709026623,-0.486981437899423,-0.472596688396127,-0.495293673523123,-0.507326200148563,-0.376169011196406,-0.483337178634125,-0.414070298616374,-0.431439243587863,-0.418899660693634,-0.512015035591015,-0.483647018594399,-0.474257474039571,-0.381622805127903,-0.494588806984873,-0.435182137456298,-0.378901943776521,-0.376997935868697,-0.372063659731013,-0.500467651479229,-0.468132641727937,-0.475149961378374,-0.388870849731599,-0.391938103490272,-0.520082950769023,-0.41072317491451,-0.623167014990104,-0.488408606163285,-0.480126561075932,-0.424786589539524,-0.425044537881423,-0.411753506142948,-0.416228108906379,-0.517514762771372,-0.452985478822891,-0.476002925295265,-0.38577926082937,-0.470390260788387,-0.492107866999566,-0.387165274683968,-0.461012670418569,-0.440806697796539
"NC-2010-001-B44-e",-0.874145728877635,-0.808725725181696,-0.819822550592873,-0.821302956242555,-0.927392293842594,-0.732433121269119,-0.805187946621178,-0.760566375281833,-0.815413448294162,-0.386330496615376,-0.780281169800952,-0.85999401871162,-0.899963116359261,-0.741365431490084,-0.835697514369921,-0.960031713813463,-0.81679542481024,-0.809229933439816,-0.876025522724659,-0.8521525040371,-0.796806840316448,-0.600282955254327,-0.789576111213205,-0.808650442898965,-0.80565490508232,-0.825309208192879,-0.897999430627182,-0.856052000121623,-0.754014750457279,-0.741170183123431,-0.880368105179798,-0.840741058538173,-0.959862523750456,-0.866782218430003,-0.135862084274047,-0.510134873791385,-0.847870026844464,-0.906346108433096,-0.832041727197213,-0.714948674513781,-0.806998147598333,-0.78717457317761,-0.869887807554804,-0.891259414589393,-0.979908760123639,-0.796764723958825,-0.825191685676227,-0.807523053007825,-0.922432666818155,-0.845563757696544,-0.959247916751461,-0.8268892148436,-0.868081757482482,-0.786596167482161,-0.249360146245935,-1.03534973118893,-0.880206394794483,-0.988607650700561,-0.814610987837279,-0.813852816770513,-0.809837710939832,-0.740859288349581,-0.177001419028055,-0.757145537018554,-0.488716941946355,-0.795755993525459,-0.871847185278814,-0.802723020907679,-0.817351417407555,-0.804417287293732,-0.643885978459486,-0.235112871284836,-0.768105563385552,-0.814042666360859,-0.785452451607027,-0.787412740922447,-0.887273213126245,-0.819323743146573,-0.807780274934013,-0.775553718108603,-0.869740655176916,-0.891515417047114,-0.875291011084203,-0.815534601595175,-0.927996467296192,-0.926463202987523,-0.810417963545068,-0.705623635163392,-0.809651431761877,-0.816225851001191,-0.848346646862736,-0.744874248712906,-0.870907777858013,-0.757442761108445,-0.142964423455602,-0.746949536701361,-0.807130704484179,-0.820525133448593,-0.843696526187421,-0.763972015001495
"NC-2010-002-001",-0.747464053741685,-0.422442144270844,-0.428800697417489,-0.427455634587103,-0.397889662108211,-0.47973731387986,-0.372248860309073,-0.305681380189371,-0.456028192849047,-0.486697838373909,-0.449975023235345,-0.396041404903812,-0.452470907376346,-0.276020497431542,-0.467600471529732,-0.407873524440943,-0.530474063483766,-0.458366049337039,-0.568840753154767,-0.569315861936368,-0.335240987966414,-0.345571665854884,-0.441728034642278,-0.375256186348608,-0.356429380602202,-0.640789315107007,-0.617095649524765,-0.332770675143979,-0.459316938735549,-0.396950983230769,-0.571778922514842,-0.379040432099239,-0.431722041225464,-0.514532735773859,-0.382909489240825,-0.468881537213103,-0.463581183099766,-0.231199403511119,-0.346629803846051,-0.55195379083155,-0.402724523381763,-0.344161060674774,-0.347732341292897,-0.496775320318276,-0.383644066305999,-0.412448467021274,-0.317067232607987,-0.425612771296877,-0.34884982323863,-0.331346081090142,-0.448268920044551,-0.455000515687535,-0.366226213117486,-0.459735151767641,-0.375015674976611,-0.399806284407369,-0.293791237219499,-0.432610959771024,-0.411111312060831,-0.353646824284597,-0.419572761486632,-0.527803728491094,-0.437265275968026,-0.381955362734592,-0.453465117569438,-0.493785670680028,-0.474650770406971,-0.47344908138465,-0.45274353346387,-0.413723770018437,-0.353266680566705,-0.434848225935951,-0.452879486851244,-0.437165084241281,-0.435627204149812,-0.394527764878149,-0.359391118361499,-0.367639434277162,-0.310327703129696,-0.569225057472829,-0.408668820809877,-0.325776721621196,-0.481763136021734,-0.36450295543076,-0.372845032391851,-0.410805792069518,-0.438710452710619,-0.36041593780717,-0.359817265721656,-0.489048237357827,-0.451562150378509,-0.424532591207938,-0.500326503506026,-0.277345192568909,-0.452581545886588,-0.273161325542913,-0.384664263304629,-0.327401274337496,-0.441608322836839,-0.503947485543583
"NC-2010-003-D",-0.890394523352869,-0.837648732672442,-0.978349927347821,-0.981617557632144,-0.705198138438362,-0.824063911221978,-0.890622164353821,-0.784395296643974,-0.804866702277064,-0.85487094612564,-0.725789688444438,-0.930699663833703,-0.943124749650625,-0.826498496302734,-1.00875339150277,-0.920275384154654,-1.10280717465509,-0.961932939334732,-1.09546231428278,-0.933245782786311,-1.01427546079735,-0.811535100479685,-0.946949216292418,-0.970881182720127,-0.824594221118683,-1.02942472319287,-0.998887481093075,-0.676332024591717,-0.920382259569463,-0.89789134248267,-0.938361431428116,-0.906912555843559,-0.869228252700018,-1.05678949443158,-1.01436061289575,-1.06321512971807,-1.00578706038668,-1.01412686279196,-0.968692737631852,-0.89488143467055,-1.00344068125821,-0.839427332843326,-0.890072102541119,-0.907493645900166,-0.907417459558599,-0.988594565461872,-0.812286287231993,-1.29097249394316,-1.03493476885876,-1.07000618117811,-0.983010563455604,-0.99199103344649,-1.06347219666913,-1.27034063981361,-1.02752338571433,-0.902819098531858,-0.856875048552047,-1.1049680286949,-1.18420517281089,-1.02632178929984,-0.972287170491992,-1.1705923969143,-1.09684858758107,-1.0743330908605,-0.940298062803879,-1.01541037801855,-1.06484993355533,-0.991609446558753,-1.03244513766424,-1.00952644539864,-0.934680026179318,-0.84699291921654,-0.938376816694798,-0.922177214902839,-1.01847829872655,-0.811349034503088,-1.00986187601997,-1.1150831396148,-1.02609817419177,-0.924315495401425,-0.895564127812439,-1.04454711136302,-0.863384903742379,-0.843311023891066,-0.732631677828496,-0.932919988826981,-1.03227759813394,-0.924127295912626,-1.0768818280169,-0.784695522266341,-0.948992918941143,-0.94862335040403,-0.855972013477455,-1.03262021125001,-1.03588428788467,-0.980889909975635,-1.04048854047887,-0.889191068069646,-0.992755587342675,-0.95165587029882
"NC-2010-003-E",-0.694685084140379,-0.575500272565214,-0.665168290991925,-0.680743584879446,-0.644834772650267,-0.712979958707179,-0.55741442110171,-0.546367910060973,-0.513178837832053,-0.47226011265369,-0.549037133134272,-0.614931622825432,-0.456771146024358,-0.447503190913231,-0.713391551523841,-0.58421308112498,-0.625751945402197,-0.45942138164181,-0.550280842646597,-0.580870083611218,-0.3904883941199,-0.54745226188052,-0.55260695924305,-0.616852230096169,-0.81871365340735,-0.361774598594746,-0.648852703627056,-0.561262065251565,-0.395648010649527,-0.485011139486264,-0.804777334679096,-0.644863961488616,-0.582595300885169,-0.398465560848345,-0.677264023168982,-0.493465015835518,-0.6112468125454,-0.55584368342379,-0.61245663841499,-0.470779198427723,-0.468441096379999,-0.394394757223181,-0.587065442510969,-0.485760928516861,-0.447767956931124,-0.39190585522312,-0.622604402737369,-0.508772431404763,-0.683510827028913,-0.572796276171392,-0.328467166854626,-0.523126943268312,-0.435624711677164,-0.598757250510631,-0.659566993668928,-0.773905326129281,-0.73267813245173,-0.730066087828294,-0.474530386509845,-0.578137003198283,-0.305235489167403,-0.499937060935759,-0.403702188274055,-0.687699921958324,-0.583586787763514,-0.546879507687922,-0.653704631140733,-0.529036370879721,-0.584004225597893,-0.519345430835848,-0.839328137329529,-0.454450669220261,-0.448693365016957,-0.681720169137087,-0.50958666934901,-0.543160498201737,-0.392466705484016,-0.535956627870701,-0.5052283600589,-0.62828717779664,-0.271736784438424,-0.673177327614596,-0.667401970742068,-0.498716543458734,-0.376159554374345,-0.383572472263128,-0.511255534230539,-0.556828946331311,-0.609220582078505,-0.525764089668477,-0.545466246292585,-0.600008479564828,-0.619622527276188,-0.414335471878891,-0.624914339378005,-0.529113472970735,-0.378547242040568,-0.675044351875069,-0.621533177313515,-0.645818912743886
"NC-2010-004-E",-0.290744308450809,-0.32895545771044,-0.312765052431635,-0.487696374955445,-0.38596170439555,-0.349898342174958,-0.407708394199853,-0.242882977752432,-0.377308176613123,-0.413377744736366,-0.35931513927941,-0.443274649812701,-0.387381736555748,-0.417153945030548,-0.315742382525862,-0.387783891239838,-0.350489089690699,-0.318438539144509,-0.398469048410386,-0.304355555994265,-0.359364103353927,-0.385501279989966,-0.38955732290663,-0.471807782762268,-0.283800355130179,-0.424497604416097,-0.422141790792305,-0.35778866350246,-0.368194907564905,-0.243493372627624,-0.433937467992262,-0.438260814300594,-0.411451349866922,-0.360249050185903,-0.417654515871914,-0.397826454584592,-0.260671755812083,-0.317401415031566,-0.371678379996088,-0.415575976879868,-0.441538502073037,-0.371106022843345,-0.375072987782624,-0.541254621638194,-0.42666598330232,-0.394605056229767,-0.484022454510422,-0.307719477988201,-0.390816534228161,-0.27343344252854,-0.432822208652477,-0.328764074260315,-0.349878441087814,-0.380483751692889,-0.377937005754177,-0.359342444922872,-0.347828785514319,-0.486078149272786,-0.413919773504985,-0.538839199085274,-0.499341626912774,-0.40311064206455,-0.486993388321225,-0.353893660113671,-0.353620586227271,-0.460676781490464,-0.386675218639785,-0.417493405531974,-0.275416545622962,-0.367962415385197,-0.399340802726513,-0.258093028785594,-0.395363677094683,-0.382748692755307,-0.416149210248569,-0.522877267006613,-0.486601215391172,-0.355127208838532,-0.341381594143413,-0.323342175121462,-0.456831660239642,-0.503488426757008,-0.348268059014015,-0.365445496102101,-0.475795354017175,-0.38891293422061,-0.469661996108107,-0.405117049457512,-0.342386839703871,-0.35530748494528,-0.385052084034213,-0.403764774841529,-0.363933838952404,-0.393226946586267,-0.320522695710978,-0.236060032045696,-0.528985438986833,-0.424164281092604,-0.382333435661727,-0.439742646005521
"PA-2010-001-005",-0.136240654796964,-0.318074115278393,-0.145287081892142,-0.148026628034438,-0.108616915857389,-0.121827201428526,-0.106144570032302,-0.163788886296324,-0.180578835527004,-0.130305829376505,0.0651622688965283,-0.171661855008596,-0.0101118583917451,-0.333883245509593,-0.139763541118397,-0.142255131407202,-0.0796101250035466,-0.0909949635739921,-0.1530348291094,-0.20701803601964,-0.143275097138414,-0.145708654365442,-0.111387023735621,-0.0110511270687953,-0.0224811940970677,-0.192740396671193,-0.235913708174463,-0.121585800721927,-0.104168890184657,-0.237450988025412,-0.200480757253494,-0.289583896311465,-0.0598171920715524,-0.00273681728717293,-0.220094329908248,-0.256884030174386,-0.0139217590928338,-0.0187551572338788,-0.0310854944093634,-0.259378886812011,-0.172809632450197,-0.248448587059071,-0.164833720700043,-0.0982172710981291,-0.184643177930667,-0.18331711288139,-0.104489954075965,-0.205783769763416,-0.260379850783707,-0.2316062484136,-0.135166380028464,-0.321495528589536,-0.20321373938748,0.0442805103915513,-0.223787023731207,-0.196119498824254,-0.0918946374222383,-0.0340459959464905,-0.229923456933964,-0.228944321813545,0.0368389504950901,-0.144169728380829,-0.0926995222473564,0.101470149982094,-0.0422635329507617,0.0498242838734595,-0.125734308099747,0.0407978550682306,-0.211304663278499,-0.134661479633116,-0.00364256420117415,-0.236487520871532,-0.193378798793151,0.0493908582677946,-0.110772050762732,0.0113376258327362,-0.15655136198897,-0.109685407233321,-0.319589690419325,-0.38195841815538,-0.0713693989227084,-0.231135927601573,-0.279595401159919,-0.0436442658287239,-0.131155519750373,-0.182691455338286,-0.0671666092103771,-0.222559831431957,-0.176371083868515,-0.0668502001629544,-0.123679221554786,-0.17222015249326,-0.190425184190094,0.00178414552511949,-0.2246780419541,-0.150229198807908,-0.188541388112602,-0.000857735446945347,0.0281615864681522,-0.0696788661155802
"PA-2010-002-004",-0.644804158119894,-0.191926837118962,-0.249717657371358,-0.706446566736602,-0.751133922993104,-0.758923152288614,-0.434042374847911,-0.712425342960854,-0.695342804986776,-0.697711634108049,-0.316286149079254,-0.61742324075621,-0.656400024083271,-0.787565058992982,-0.719147731702215,-0.822017127448435,-0.719679441116557,-0.655990743056563,-0.731171308028314,-0.697237236859552,-0.795589478977634,-0.804871070964912,-0.707259798953865,-0.664883713755492,-0.718905082472179,-0.302119332829413,-0.738696512915828,-0.58137295003027,-0.656747631721469,-0.772146643105123,-0.776014327666549,-0.862698019662444,-0.704918151500376,-0.670681522082908,-0.215779490252404,-0.809761501831357,-0.817440334789337,-0.662544592972978,-0.697994294121977,-0.12725310211951,-0.734081174746596,-0.662561952024294,-0.766163102363072,-0.592726101380644,-0.691712902865556,-0.766741121274355,-0.716923287656809,-0.727459647842975,-0.730196710563423,-0.667785386631179,-0.670501974594262,-0.635167754762359,-0.685797355004782,-0.618462473636049,-0.688935557063731,-0.66100930232636,-0.708119411833339,-0.772316287013187,-0.720778933962894,-0.676827649186742,-0.735074277979144,-0.308839614295042,-0.763981232349821,-0.70847598449637,-0.660605074236009,-0.273561978092143,-0.659646605678639,-0.66134467004518,-0.664079578553816,-0.729230249570597,-0.307378678443678,-0.649432697959494,-0.80503942110168,-0.69697037241882,-0.659850986132255,-0.6771381225821,-0.753559388110179,-0.719597798515561,-0.680357741102565,-0.716099006865229,-0.751956361681762,-0.638223440862621,-0.633949220275142,-0.705484702611562,-0.719566309526255,-0.756441847286128,-0.664034560188888,-0.637157532570447,-0.692185149161432,-0.732032623726596,-0.707680051806224,-0.695232778466036,-0.728418576383778,-0.806268890344693,-0.677875909641672,-0.847203808225318,-0.649396536148847,-0.613022586060722,-0.76367838940931,-0.697820719969361
"PA-2010-002-013",-0.0466526237941362,0.0519752963292518,-0.0901609615744822,-0.0948725033186158,0.019135363680818,-0.14398462376305,-0.0245859805944282,-0.0777279287317566,-0.0924089529009083,-0.0286318041185071,-0.0448134617146628,0.00753136190340938,0.0336218947202881,0.0307520013288664,0.0339129470762121,-0.0143293275023974,0.105224672820142,0.0225933925944719,-0.0300990534008077,0.0334359081271542,-0.0080869636675946,-0.0731246408214506,-0.053498702813232,-0.0687808051713416,-0.0312033880027284,0.0138756646274184,-0.0244340394613533,-0.0664399973704719,0.0462971072461191,-0.153751832030714,0.0475248480468303,0.123240943151351,-0.0291332756830398,0.207891263436347,0.0323936003502387,0.0601476548438583,-0.0319269101879488,0.0631538292557136,-0.0609836940079714,0.0407010265547293,0.0514162535356836,0.0169264181911622,0.0248785109113347,0.218443073226668,0.0129292243438239,0.058751421010542,0.0337241920830583,0.0227873460871419,-0.0153182037182498,0.028604537785622,0.012682779208328,0.000572728088740867,-0.175972965738584,-0.0165394081079285,-0.206923726018425,-0.137445193926669,-0.0325191039645291,0.0297180510367614,-0.0677210758511249,0.242862458201651,-0.00166870494858541,-0.111588066170804,-0.0106626017411513,0.0352251016682836,0.266672744455798,0.0113240045548024,-0.0252741081059922,-0.102327614322771,-0.0638332183974831,0.00232879940965919,-0.0555060189967886,0.00889455443867499,-0.0578995416212621,0.0271145764261234,0.142405897613515,0.391882891018111,0.337362128683597,-0.0229514455954924,0.218482665434317,-0.0956518192769078,0.00323803478926966,0.272979254711781,0.339363550893547,0.0286400254834731,-0.0367514850270021,0.051275817808574,0.133169055917633,0.318441840341001,0.018771137026539,0.0110994223683354,0.0169532712486734,-0.0216732571176647,-0.0329726955961695,-0.0323855477435578,-0.133667870727433,-0.00792585049948711,-0.0528009070120899,0.0585149129090771,0.0889569031386727,-0.0746623928128066
"PA-2010-002-015",-0.529882642768525,-0.589393914004422,0.0255742972032882,-0.28660571349018,0.263375267432039,-0.541589667737195,-0.604685516736215,0.0416088189317347,-0.617533428789982,0.0390039421402014,-0.44931034619672,-0.632285419682401,-0.537643870286055,-0.511450205307065,-0.446851948063011,-0.539865771040127,-0.472767657316892,-0.442486409342951,-0.481119130443069,-0.543363256533509,-0.510519365886964,-0.189495661286566,-0.492607290066048,-0.522047166526045,-0.525583535541034,-0.567361731184778,-0.553744457423542,-0.511465365981999,-0.429321257885544,-0.443529501661176,-0.578400710388973,-0.561746979506858,-0.486199824537601,-0.542651214758603,-0.537040872340005,-0.628004511388506,-0.548832725041812,-0.577963380386113,-0.547675846065944,-0.539488106084794,-0.490718389921705,-0.482409257174862,-0.455154892392252,-0.448481759139315,-0.659565463317981,-0.590475637486092,-0.559644230929634,-0.542505211111956,-0.551629611839749,-0.0318069859353995,-0.48096491597969,-0.548209756066668,-0.516772764416182,-0.52218241324223,-0.464618992161074,-0.486642180478789,-0.488829539621359,-0.568719511241057,-0.567680353157779,0.0258105723964522,-0.527899911756649,-0.467060139155678,-0.458989891534371,-0.637483936546077,-0.4562684701392,-0.558353946516877,-0.486485534896202,-0.0767408587671402,-0.536651190298012,-0.460720601409662,-0.0227793202205718,-0.530488810525755,-0.662760205443125,-0.450710822892407,-0.0095373650524443,-0.503649741516073,-0.51254347072772,-0.0351890827511014,-0.518204249517619,-0.532951991338747,-0.559196843998239,-0.515150066688745,-0.496543681032323,-0.605424402772187,-0.575518691362736,-0.399389566982601,-0.551078838829609,-0.490267779025204,-0.513593266784879,-0.593182888974648,0.0341602665018115,-0.510405510224774,-0.618256891569041,-0.557036008845573,-0.566325239195397,0.0666117238226658,-0.606935230790309,-0.516256426810382,-0.569192080477352,-0.547248881779499
"PA-2010-002-B3-b",-0.387381288462819,-0.363710450803509,-0.339690611132514,-0.388730450596397,-0.4146651576546,-0.477450290008162,-0.410405671177557,-0.346953493431523,-0.422783194945933,-0.40026171562431,-0.444436422573538,-0.334919597329261,-0.390349322187924,-0.38935048869544,-0.344451686796493,-0.383208905589634,-0.531913139178576,-0.476063781483893,-0.385653692858764,-0.367624351108727,-0.369205531201492,-0.430431513907411,-0.41855930284155,-0.332346280625332,-0.858309989328944,-0.154776560322977,-0.768124294242837,-0.92789168211345,-0.437241625786677,-0.460768185170728,-0.880639723554048,-0.536604497255786,-0.468904604501488,-0.407090415335276,-0.786268832394776,-0.534307379059391,-0.481507800637526,-0.409441844478329,-0.303179409049679,-0.842300654542395,-0.428051123335568,-0.371809970249399,-0.401938891510386,-0.3780547935195,-0.447784614803881,-0.46840861727833,-0.40259438912764,-0.398048466635263,-0.39658430199544,-0.855268221277217,-0.372739383972834,-0.456234581666037,-0.363306238410097,-0.33439119253355,-0.394252205672308,-0.385760965306551,-0.324484899606721,-0.336525540057687,-0.411049768853526,-0.415959521266106,-0.337372924012014,-0.397054099208952,-0.305926096323048,-0.352216252708817,-0.332865238348184,-0.402076710957038,-0.28533828202273,-0.345317509282225,-0.388080303860901,-0.877100052660581,-0.392669517496117,-0.554496414822075,-0.527326148360458,-0.39949546086635,-0.443989749497089,-0.801819729983516,-0.319783778735716,-0.335794951728527,-0.366420776040683,-0.793778452289017,-0.434218007786526,-0.422638497713582,-0.42342861486512,-0.418755093403027,-0.455125505034094,-0.33480872245948,-0.407117609104973,-0.688579098109854,-0.436193499059786,-0.330392090567612,-0.53661182469749,-0.395721302994216,-0.871302594263749,-0.461489404054162,-0.365145120112688,-0.37705435018951,-0.267258011475508,-0.8105517140842,-0.320234332572454,-0.456464169736734
"PA-2010-002-E",-1.06178656046187,-0.879134109669182,-0.919266594080577,-0.951077891017421,-0.949990496062983,-0.97136854812367,-0.857143363459082,-1.08938402942836,-0.927947765998965,-0.859290193745476,-0.911674053817862,-0.855514255118335,-0.887170960563392,-0.930776889016273,-1.03912446501452,-0.981562384810688,-0.902497655683528,-0.885491341916362,-0.906702559188451,-1.00359831080291,-1.05510174198681,-0.336396822247981,-1.07226441016135,-0.918905491247293,-1.11427277257803,-1.03117739236296,-1.04756695522826,-1.04956640041092,-0.979373512320368,-0.924839708591105,-1.08372551478359,-0.955074925666207,-1.02149250338845,-1.00889417835383,-0.8499959557429,-0.868679527045266,-1.04188188104566,-0.88909008046198,-1.00634245432518,-1.15739033364585,-1.12220906230358,-0.862236002603922,-0.923457183520073,-1.06864171367871,-0.143827960420499,0.0238315415058492,-1.12128809759319,-0.937516045786849,-0.918386631171321,-0.946107983672157,-0.890049602256585,-0.887031283623073,-1.01178607616067,-0.761797291024153,-0.849392372201199,-0.89019088857277,-0.956461710926079,-0.879815540559472,-1.02222952959574,-0.953280112750067,-1.07476008993045,-1.01507678943368,-0.893253626759612,-0.930270750177741,-0.959228358333361,-0.92131689215017,-0.888698484251357,-0.179317966963456,-0.942166689910783,-0.889744803022329,-1.10609312932092,-0.877325406824603,-0.0954335478878495,-1.01680477767145,-0.924969239568913,-0.987797286872534,-0.960095419810633,-0.961635063937799,-0.871289242005092,-0.848766717856956,-1.00122753288557,-0.962018236772802,-1.06075008802074,-1.02727379028105,-1.0032136760705,-0.843250323882359,-0.762356973166916,-1.05666716210751,-0.132475108047399,-1.01056134403126,-0.998050466906647,-0.99599786095043,-0.979083967758173,-0.905780594204311,-0.956274358989941,-1.08485303382862,-0.23156582962764,-1.04155670432115,-0.929274486048249,-1.10364815617502
"PI230189-US56-0022-03",2.8749411304336,2.98679311384118,2.78670271442883,2.74148136778976,2.86875348646827,2.815403940391,2.63230884283124,2.89394341504293,2.52965800225352,2.5654535477084,2.79981158266407,2.75030070259998,2.60784177783406,2.70517795918123,2.83011973607939,2.53544241802925,2.81015996547997,2.65851818514731,2.97898732349197,2.52559403858838,2.82291019010624,2.84767248064915,2.63845856976071,2.77398288064375,2.90168705531849,2.6520041643412,3.02898010817534,2.71449466295392,2.70877079321598,2.85736418545198,2.80778820718024,2.72007436472508,2.71379204898439,2.76576872536622,3.02777277891269,2.82120039511534,2.79365626914107,2.79756214382063,2.9388341002801,2.91132891366073,2.66351815839912,2.86716492952131,2.67209806299975,2.80384577678741,2.62381925767659,2.65785618624569,2.82228383881695,2.65207376266022,2.5876553066486,2.75284834728488,2.72534125596726,3.05541061042288,2.51535487342787,2.80801557174213,2.74123336024109,2.67377208141961,2.77237909573548,2.65063495816995,2.50234154266167,2.83851498450819,2.52358702789262,2.71712002850978,2.77431494407237,2.46069614398859,2.73719440027715,2.83746209172238,2.56095178740974,2.79309665624255,2.72146006398763,2.72136108696722,2.96188580394322,2.86575785384301,2.60688319629763,2.78234919394755,2.73056095386619,2.76089460812332,2.68304535604239,2.63462631654372,2.79303571207304,2.99349352305269,2.6570535091314,2.91728609537701,2.75917746250454,2.9688746998074,2.59572354378685,2.40081870613737,2.72370458014906,2.99711189840006,2.74658539589657,2.94666898308501,2.94689756654049,2.75893158470369,2.7795814128686,2.89319893022304,2.78214563365514,2.86536191112552,2.65117888646606,2.68756456814136,2.8931545955279,2.69818128869267
"PI294602-US64-0004-02",2.51924222432907,2.51335152887308,2.46824034098352,2.52900015018719,2.76687153778039,2.51237887956183,2.40770008630716,2.57838737717965,2.38459566123094,2.4276459587156,2.41017462196705,2.4921697477465,2.66364591970208,2.54147550775918,2.43971571823738,2.54237144931454,2.51051236943059,2.56812540988286,2.45416920509567,2.5478304208539,2.52844023070496,2.54311276518002,2.43302061000402,2.55272292988298,2.41025437209529,2.45927514855671,2.07379993426471,2.6095206470484,2.42575221580952,2.59659939243542,2.42829455125685,2.56742299567876,2.63693337409291,2.40334811379829,2.63123729268573,2.91128275963881,2.61475231432671,2.48335236190542,2.17008068544713,2.55027420560539,2.55976225483612,2.35703308717407,1.93338400218186,2.39986078680513,2.50091331711554,2.61224898642278,2.58616134197886,2.56923134556882,2.52473171033538,2.55473861553759,2.41368134566477,2.49787507239961,2.46146058271221,2.25650280381585,2.23238877024803,2.4289529988608,2.3707358795288,2.50648018745991,2.55756235026732,2.46897034791421,2.47249693916531,2.39648271700533,2.48600388397328,2.46950821233537,2.51702941228693,2.5182852022522,2.43668869521522,2.51539897409149,2.6507807055441,2.50725254440908,2.63854817604894,2.56169689336983,2.59682470541035,2.5273299770465,2.43045760102698,2.57835268196026,2.40361616738856,2.46145283893148,2.49821497731144,2.58918473632161,2.45223988070929,2.46343416138517,2.60229584012677,2.55977931341724,2.65975621353285,2.545834421739,2.58763328895168,2.62243398352154,2.55134155486271,2.27575924955637,2.45860176596508,2.41183192345363,2.64604797163813,2.67537348723252,2.56577417753879,2.59706585021947,2.4823008577919,2.50771625238668,2.43004357892884,2.51051929812962
"PI294605-US64-0007-01",1.25898077710453,1.35804690758184,1.23543317480642,1.24985626905693,1.25493628639753,1.26194131982634,1.17725024879611,1.27443082618214,1.41032449017388,1.4157701051275,1.36177183965892,1.16232369225365,1.35169101675738,1.26134809643337,1.13577806746203,1.15595871650865,1.46555197250275,1.37061277847181,1.36064385445323,1.35924392933237,1.3755260213969,1.21290869513332,1.31912545066484,1.15188984043754,1.20174131342973,1.46738610194403,1.2796414440735,1.27119161044717,1.19433659551601,1.34026906751267,1.29441370465096,1.24427217669696,1.32315897708781,1.25233669849917,1.53128716118754,1.39278444545863,1.37777386290324,1.048971068317,1.39247171104835,1.2572007756453,1.37303617020846,1.33108371389447,1.28200102594164,1.47161930894387,1.15251076140713,1.21299825993073,1.29926570142905,1.31022364033929,1.05898927197227,1.2263731871278,1.21073530662236,1.32208616993015,1.31273566992684,1.37866411382589,1.22265586762095,1.17796433819545,1.15859924855057,1.38110086509446,1.27818398162313,1.48206937872171,1.14421528109419,1.34329943983653,1.32091455831538,1.30273413987614,1.37206576503535,1.28617350356624,1.36347186857523,1.28813791970937,1.28293384183195,1.18768503595891,1.27506930119738,1.24169141474398,1.25639953826695,1.47687280863633,1.15890622788809,1.31442753731424,1.22178330117634,1.43387802535598,1.1951156753212,1.35941582098604,1.29855257642837,1.38616762733714,1.22293813979951,1.42473729265577,1.2987287419237,1.30740180680238,1.28979913150311,1.3623032251167,1.34953799960471,1.36545327605418,1.32245407825959,1.31220050040793,1.26213269741442,1.26317817396973,1.40544813158473,1.32676691857041,1.26402373537694,1.34417370831063,1.48344871272722,1.36027213136449
"PI295762",1.7423720783335,1.37878765977983,1.82518942047775,1.73777898889483,1.58829762903753,1.75522558748551,1.74284875625823,1.81116088803632,1.47357470896231,1.77969369242545,1.78811433203102,1.63090292923644,1.87747858129822,1.93342612382991,1.85536071783854,1.61892762804576,1.63948084522171,1.73911070427852,1.77681153322057,1.87579781063951,1.63323998287441,1.62356943394081,1.74261596557537,1.92435263308629,1.89643619020808,1.84934396623396,1.31173217478401,1.89540205503245,1.49858907817445,1.74881589253122,1.80383833565262,1.76883782507541,1.48756129469636,1.51290727478631,1.70367958696283,1.72572648312596,1.74081686163915,1.52437107242586,1.74138265179983,1.79195453662658,1.80175417244623,1.85979761594361,1.73754935844353,1.84997760033288,1.88211070336788,1.84354250071368,1.6140387066514,1.97306048228414,1.53243390607921,1.7065824377772,1.76585376781318,1.75568683279033,1.66428970648187,1.79551475107837,1.85171706278755,1.63747674035212,1.85316914825604,1.68269813252434,1.68354193671854,1.74479807282731,1.85421901234683,1.68800729743434,1.50358492367497,1.82298017543547,1.81691497010614,1.8342049470141,1.77333143754767,1.7165827030662,1.37575628886269,1.95214908453766,1.6564300565195,1.75349793722231,1.73011284188166,1.38081981511104,1.818610998675,1.66091611840596,1.71288189508003,1.82308256443205,1.68636088585645,1.81702098883205,1.85246050821364,1.7020560141298,1.77360130546717,1.67495247904313,1.56464870388703,1.53724098741348,1.76217683005641,1.62931378864412,1.7283220411092,1.58956240212637,1.85005054462585,1.693172864781,1.79315732139937,1.60947213247982,1.94330180004877,1.78566694019914,1.75222699286726,1.72638812630939,1.71054007494878,1.81177632083965
"PI295764-Gracillimus",2.71781072435078,2.6272836676331,2.55010688464771,2.44361782509869,2.24618042086178,2.75274789431979,2.52756956921568,2.56450173202888,2.57678854038913,2.41802963889558,2.46941554502157,2.25530413881622,2.48028812483993,2.45061689422547,2.57311585325887,2.35691027661889,2.56934700237311,2.57775457143024,2.43793862819474,2.7579725151329,2.52839903261918,2.58959943601201,2.78547499493128,2.69298867019586,2.44968586662712,2.54636972707809,2.51136574407965,2.47566460875218,2.60508555903643,2.35009576920808,2.49399671106752,2.4835112880288,2.6459829599853,2.4112324848115,2.60526610662393,2.46472574212476,2.42296265232296,2.65314668159084,2.66578545215248,2.56543230211684,2.47972592274687,2.3986802591905,2.02499111001795,2.53059673510747,2.48022293476191,2.77326961087824,2.70497785822946,2.44453044414455,2.40849767593642,2.6974195344591,2.62998418951587,2.75107615199458,2.67457622278407,2.54667999746231,2.22363749969911,2.62212970810726,2.52573544826577,2.53839759454337,2.38923339227174,2.70949630670635,2.63450029269961,2.42796462404203,2.74608110884713,2.4059747092785,2.63778503218356,2.57776836256605,2.49978093684334,2.61831596845759,2.39126497615576,2.56889502566689,2.3588341921962,2.6297440149767,2.43959001728425,2.52446604560726,2.63953362839187,2.65698825529178,2.29321148822908,2.43570129609998,2.38021805403235,2.53951609148357,2.58296868916472,2.44632621670571,2.65048815380692,2.60803113031677,2.31190195303396,2.620279243999,2.47385940390411,2.526438478131,2.48279660196891,2.63527569426429,2.71766153496776,2.63519266032962,2.68849210010548,2.28679485569466,2.60183139065139,2.52875479806552,2.60405903310961,2.76004448905038,2.38950049813974,2.50741531991211
"PI423566-M75-062",1.86175981608531,1.4755888818016,2.04595634252385,1.85006935348486,2.08479724589365,1.85594433595431,2.12957278993945,2.0720928327059,1.75797396274942,1.865851550794,2.06047649807146,1.70731916115208,1.98973480273517,1.87522651790046,2.08692339979947,2.13621246106719,2.10343275706423,2.22518566072463,1.82433670921635,2.10900822193021,2.13542303592909,2.23412140051979,2.02831532706858,2.24942381519786,2.04625945057447,1.99803966982427,2.35592582039313,2.02912819656155,1.97163914915541,2.20148276191042,2.17038833769226,2.14172762587662,2.16823219299102,2.04085169051084,1.94000703278114,1.93217360633141,2.39294970047015,1.68045941482307,2.16391084071748,2.14788460307176,1.97293087555608,2.02306143481275,2.08257573332593,1.96329419560678,2.03417983700718,1.97816166713998,2.05120337610184,1.91961731211313,2.03486054111374,1.88003443561374,2.09479045713446,1.92010033342985,2.17791411680552,2.09309067345581,1.71467926605364,1.94325247804087,1.85776000095616,2.01157584265088,2.11477835796945,1.99036630248108,1.97964715880068,2.06709013063297,1.93100451296928,2.12948166194093,1.97411448475897,2.03826343938918,2.08005082602101,2.09839926554111,1.89880819989637,1.97689233270415,2.07297803767814,2.01411431401927,2.03394116343875,1.6852227177,2.31902722150982,2.25603451937588,2.02426769680774,2.13444021971121,2.01095805631857,1.95290911862298,2.04025698438293,2.07930286540507,2.07605004826374,2.12645650832767,1.80436779949508,2.22162738769716,1.96802233232897,2.07405003511041,2.00396913270345,1.99766000566433,2.14348410000411,2.20648993078432,2.09420969108638,2.23945957285177,2.05894091774777,2.18914367533229,2.11802001154121,1.81199974418519,1.83037133184601,2.23054806842223
"PMS-009",1.5193021086564,1.13807947963074,1.60036319363933,1.46299993805345,1.49310725258431,1.42344073936624,1.36793217027485,1.45227909923463,1.439840239346,1.51821178979,1.50239555539725,1.4802393073197,1.52424543635439,1.51221848197188,1.6115879399155,1.32935665897386,1.54238314232149,1.49880521232963,1.54340773461547,1.38174885305071,1.53820843569694,1.73053578864184,1.45359704216351,1.4311077932108,1.48081494801851,1.49186813890901,1.16471055742542,1.44071111278493,1.62325294795879,1.34700187312243,1.36841320395926,1.46372368611377,1.50790838474158,1.35556325752903,1.49003075618533,1.42414254363901,1.45913929779951,1.46762439162912,1.25971928322795,1.4047610310736,1.24227633942707,1.38024424468102,1.73102009628209,1.37067466611871,1.6089937420182,1.35768425852318,1.44958329524415,1.57911244657712,1.43131862650397,1.66055350970184,1.25575351140986,1.49278046127349,1.40285929537178,1.49262393238939,1.44827166774015,1.34597714825444,1.56667797882482,1.3378383952602,1.35499905833761,1.36919803491816,1.45524303806381,1.40679694643156,1.54982421221028,1.35427753937642,1.54511123423943,1.51628373114326,1.50226003010408,1.46479060594801,1.56195818764813,1.46470915566627,1.39122245503119,1.43392585268343,1.41138958306146,1.49510450521841,1.44496380476922,1.70256477538531,1.43956963915822,1.52718158575054,1.53572328575767,1.48259154787518,1.54152774007736,1.50484406087096,1.38378259230613,1.53290099605932,1.5567312237721,1.68142005837216,1.47518583289036,1.36761564920145,1.55413421896523,1.60851441038138,1.42258823511562,1.37792227099397,1.53575065845354,1.50117943001738,1.37252096401151,1.41906614064305,1.44831969904512,1.42163616664442,1.50848643389312,1.55385266550461
"PMS-014",1.7276964714543,1.68519171906464,1.70240507884491,1.65875074594011,1.70834967091431,1.48632871694452,1.55630691831906,1.6256244326709,1.65707760507401,1.68217445649735,1.55208299994155,1.56937450545172,1.77413794097226,1.52193646767873,1.63598666014222,1.471807932368,1.70464200052258,1.80094339133795,1.63613348724348,1.57161111245823,1.68119541719855,1.55231386836549,1.70985977432921,1.6242609214551,1.69935371306216,1.66295443474976,1.72806961241964,1.51968192065083,1.66672633860687,1.63258873271777,1.74639459751419,1.70914918920005,1.65533065393718,1.63991005667591,1.58167024015477,1.61973776870311,1.67931379695195,1.62843982615501,1.70440768684372,1.64238617887388,1.59368545679981,1.69540386180037,1.32198110495909,1.68779380179927,1.51835668944109,1.67466573624161,1.76291617353979,1.51489182761536,1.63444298627158,1.65915873691907,1.72947294450113,1.65025436274255,1.72274829924477,1.6432700448346,1.61666757461856,1.59297293369954,1.68778258399675,1.65929034512907,1.51723294439966,1.6617248168612,1.70884594208232,1.572822177003,1.7519563736897,1.52792260289566,1.66193677167399,1.60929909806058,1.67476104719504,1.65782734557947,1.51962112553399,1.52179114784309,1.75524960281018,1.63575278815483,1.65765520864248,1.67603046011597,1.53210825515621,1.63888100624292,1.69762156159553,1.71935991930399,1.65571582112114,1.69779882352062,1.65872550875424,1.70166189700907,1.7124878272987,1.65426720493842,1.59160726009753,1.69461978309282,1.6680508961969,1.81931345470658,1.74188015062309,1.58771076723281,1.67636275374353,1.69437298651231,1.46794121206807,1.66270534203843,1.64335557012002,1.63733832169867,1.47074818652098,1.55735182060567,1.70135924862086,1.63945367204364
"PMS-038",1.51719109662714,1.78804902913433,1.70769491039435,1.73676704054848,1.68808809497464,1.70926472420621,1.44141755700454,1.7459360386203,1.79679880253297,1.58894254317771,1.53230729723419,1.715214953344,1.71089298476577,1.67992702213957,1.67450639039117,1.37024576700022,1.80161304777814,1.66526625210006,1.67553698332567,1.68883000910236,1.72353000004255,1.73562447153775,1.7688790950956,1.71459042258332,1.75419369798143,1.6512570738781,1.73952668865772,1.41799936439371,1.74720132999209,1.58978913620271,1.87312200805974,1.66864565980928,1.67460808350913,1.49040680862518,1.52228439633559,1.75812070168393,1.66763897904917,1.66701070232889,1.47397940394204,1.64227691561143,1.65406262116434,1.68036403208684,1.32974106938855,1.68128704930509,1.72819248358106,1.66823597050292,1.64787408404821,1.6391156453343,1.77289505789701,1.49048866174975,1.70313217717469,1.59572384169577,1.55267378673229,1.62054376538492,1.63735093828982,1.69853437162543,1.61080410907275,1.70288652163613,1.81229165750012,1.72935790715013,1.63228289245631,1.39725407264218,1.50655000489927,1.74084929945742,1.74211755386431,1.78268143324255,1.70760451273303,1.62679320777845,1.64352651311948,1.39905944359413,1.69646594212119,1.51816284630643,1.58290022043855,1.74539853421794,1.68124983557861,1.69333856033465,1.73832381998094,1.70303490781067,1.6624550172371,1.67462127215029,1.66583087903539,1.7142905747547,1.77497614136591,1.55950345582603,1.57582767886086,1.67949182693701,1.50258840383368,1.43006045334871,1.66149948409781,1.80124577487315,1.65788356046239,1.68774222953182,1.63514250452401,1.70452038081505,1.69129506720813,1.64847237360891,1.39585560978321,1.68651621803621,1.57988796067887,1.64958599628715
"PMS-087",0.71837540794401,0.671004732566221,0.680694148047079,0.76261164673914,0.556555483613626,0.737658299129905,0.678867906800825,0.775839053338968,0.891353145438278,0.695475729743003,0.714937687971054,0.622873790193286,0.705800960774506,0.7032883653671,0.559442136539394,0.792834302411947,0.696665321979755,0.748708059792931,0.795955472161708,0.726150919353661,0.675209893241772,0.66997413762626,0.668968906867637,0.84642710505072,0.687400287302486,0.730054880998795,0.667069069255337,0.790017550001829,0.829718560215447,0.756952657139939,0.692012268544166,0.773760840391779,0.622679080515156,0.813873252974609,0.872562015482583,0.698902105704877,0.646428155938868,0.835656692577319,0.896642453916919,0.793354174464763,0.650312991417559,0.63884882964582,0.618196534593014,0.723156750422548,0.788842852658216,0.737006906659609,0.726036803670445,0.725922497352493,0.923104753602831,0.78208279666402,0.652623888693345,0.669434579591427,1.0577027333749,0.722314314836319,0.776386930838421,0.684525140420799,0.849572527379103,0.659396361225049,0.754381224783716,0.737193525259166,0.608883430497105,0.755711666704241,0.781101661103848,0.563029749579515,0.79402700082606,0.680927250107815,0.690599717059966,0.748423204034163,0.741169821549117,0.823769329624748,0.699269761367008,0.738977816243138,0.832638296870373,0.737632582590532,0.76978225631488,0.66880258161838,0.730353659170799,0.849273795830766,0.883272845943164,0.8010354284046,0.888012197092373,0.651813357286133,0.685465418196616,0.94356092005959,0.767669703966585,0.788492563477022,0.718513310387589,0.76346543438282,0.640034341239069,0.699971500016855,0.892283563158342,0.71275464228067,0.498380895149559,0.70728755929474,0.706220142752041,0.593647543765118,0.747821945006615,0.803330395075333,0.667762035507975,0.775966029917307
"PMS-130",0.238035267919695,0.36663035336464,0.277220635585117,0.379750096858883,0.178193540086636,0.249891321902298,0.244352074737981,0.188919459330959,0.24408499662599,0.233231549736989,0.147120484646631,0.212857043813132,0.160131800705239,0.447414085483526,0.412049070947515,0.306811449554351,0.231024555206814,0.396231966426995,0.192495911356788,0.230582815937833,0.233164984518562,0.206563420462848,0.312022902999932,0.167737371050674,0.0289685028698514,0.141285818458515,0.365824038608702,0.313147893661058,0.159981660709296,0.240826358433322,0.496885529231813,0.152110649701313,0.164445038527005,0.374627268737565,0.0531714440144201,0.362196662077828,0.319042328690705,0.339350265594919,0.24265276635922,0.122663972826636,0.185129625334019,0.104314618370332,0.222512050300421,0.248945769293011,0.211316765521693,0.162606185318422,0.34946513656526,0.172750778469869,0.184045753588504,0.127522754040939,0.368660715518259,0.178531885613702,0.326581506327402,0.225558747896631,0.19700368775851,0.329317250085776,0.168118706294328,0.33810245748785,0.310932273288494,0.286857695030147,0.30708540073637,0.28974878588524,0.124959957573544,0.22072928896958,0.24358976378262,0.210761145107749,0.258792970205007,0.301782734428726,0.156275754464159,0.221708900255025,0.197235705124991,0.240758744415553,0.315072399331938,0.306013318150788,0.223817381593478,0.245215748574554,0.113952359935832,0.203338777249112,0.267041596140874,0.323746630162829,0.339244990922466,0.521073731098568,0.390514380690479,0.238471847085855,0.144739781135314,0.27895669283753,0.240068017107889,0.18723765481545,0.207037046445838,0.529418320898679,0.338327386050013,0.192934880034587,0.273422772433561,0.30720330154598,0.18759897652715,0.273850228380579,0.29082982085989,0.280458550956883,0.102643483337777,0.2269393039761
"PMS-131",0.237714942756534,0.0161933858655614,0.1666529600581,0.526784142498925,0.196516022620318,0.364645011257689,0.149178597874316,0.177313941240689,0.209943685879391,0.175214582207052,0.0687370133495576,0.163805042218223,0.240547425226255,0.0380212979878111,0.0806506898167727,0.0981602019197058,0.202917023466271,0.0452345303151094,0.19332444958072,0.11263610146686,0.020930371232626,0.0608728001363215,0.200451581859401,0.274508722049319,0.3690687432381,0.115236530189357,0.130306418687991,0.322689534328739,0.200623808217451,0.0417186653671787,0.557266254098844,-0.116812116728493,0.0278741865822061,0.186482384645599,0.115022498869064,0.0618794232106298,0.254113692698367,0.177124121828356,0.22256960385357,0.125449568105941,0.157322458156291,0.0484180872442732,0.0800286351145563,0.0941817156948743,0.0146349126522159,0.108626894911553,0.0757933788973279,0.159117808152693,0.0676037068222184,0.165726086462153,0.363206967366804,0.0263672628693618,0.0536980678043603,0.0949776742293021,0.247279279665867,0.163906044928938,0.00554331337850204,0.17101362975393,0.213926454288372,0.121966707528148,0.472559039823283,0.0777825270039343,0.162916722434709,0.200831687701152,0.132411819230756,0.160676932391719,0.150685832788875,0.297382235028794,0.0267309001287445,0.268263982692762,-0.0481187752645423,0.355107780539304,0.180380088212985,0.134923186273075,0.0719439270239503,0.248390338812391,0.0616178778034534,0.13381554576795,0.1928112519213,0.168289854245844,0.440805272393201,0.493411370032076,0.405583336632631,-0.0065138629401691,0.115997684483346,0.125979639929449,0.145663584371917,0.200344538139577,0.309353215339406,0.0228280680810632,0.0832285132028351,0.196325309162196,0.430552117330902,-0.0454081118943277,0.124429572352105,0.297980856073312,0.414382951905404,0.305223500095205,-0.0333915071722433,0.254613941872685
"PMS-134",0.795757255203766,0.777552377933511,0.748279124533823,0.742625150276674,0.876549558150566,0.739534837810724,0.753797012442729,0.775802826172105,0.672147429003417,0.795855204668643,0.742350438571227,0.751080693655848,0.852936869202586,1.05337094863419,1.08160587927818,0.705284375620287,0.742848795903313,0.727025479638705,0.706302272784227,0.767298005903571,0.795135572523171,0.643168006815628,0.714789187594078,0.679536624758786,0.623748269059596,0.665938110335323,0.599590741401932,0.664884676568428,0.803510827687028,0.758294378300171,0.720585316088328,0.897191335870434,0.639395192290674,0.972123386143848,0.70002107862777,0.673403986614901,0.933543093796669,0.873955701708765,0.697402519785828,0.740259767084798,0.740122141867321,0.746060306063574,0.678380661301958,0.805576187209838,0.798628306230561,0.79500184359822,0.590293618202998,0.71316608072026,0.791934371768049,0.774343915526197,0.678681382352279,0.78574541107722,0.736048366326165,0.717153566606365,0.676827383624192,0.834227739768661,0.801649299731324,0.882246879375792,0.767514179676372,0.675539803734948,0.678468911127304,0.596878600026364,0.691696892399221,0.773431162190414,0.68257928420026,0.790744238525037,0.641344732001495,0.74387205659007,0.628400624204278,0.722522603951475,0.712147828513859,0.69526782955227,0.773938878783001,0.68928055004726,0.800380410820118,0.692672876283695,0.741713433859897,0.761619599787477,0.83077083756279,0.785574733897259,0.800751473526636,1.19138212002444,0.785609125725093,0.654747166016292,0.726053178534691,0.749970509344637,0.798787889434956,0.764767355346928,0.778411931767952,1.16364565489711,0.857128244468887,0.806591040932896,0.751113753270029,0.777091419689599,0.683156953074429,0.636228086018983,0.882621773776953,0.669206103870845,0.828248788694752,0.635995903234881
"PMS-144",0.598347521196787,0.581383586748365,0.529563474662528,0.45915007357386,0.579437286953385,0.512641161031994,0.64578102971237,0.555484365796527,0.545575745741062,0.48926105002071,0.447254362428932,0.477204021778017,0.664094288277085,0.446089380506107,0.878275606976476,0.540080298099331,0.715884270351236,0.780858136564844,0.572726260906145,0.55196040306347,0.466806484297472,0.679655496901209,0.569614790603658,0.468288019566428,0.51518449017536,0.485525782456851,0.448962007614633,0.474423530821659,0.589775477113983,0.47468234202465,0.562292675508017,0.729094645060932,0.50617550471733,0.511665705590134,0.569437495374542,0.444509846833211,0.767624550691689,0.607881615105717,0.54214177652203,0.574846100692066,0.721005614932819,0.511139519372786,0.764836278630408,0.616919809486662,0.490541417098335,0.556111493855963,0.695915049157119,0.434062232623663,0.453762260898643,0.586334389426906,0.454637562165625,0.689421008325742,0.525825932046846,0.523596253122063,0.547541203294892,0.422549008312602,0.678385294611165,0.784443481377757,0.511861850950084,0.51873313466498,0.561309813787417,0.519344892049908,0.51830179050583,0.655920886438025,0.43616187683057,0.623080813083956,0.528783618292765,0.705585952158614,0.577133337654476,0.519276104184108,0.551275744998189,0.645360885849085,0.499995376081298,0.503338512249049,0.581855069539309,0.546931951120195,0.461704081176908,0.508808248928073,0.696168012947322,0.586308611376875,0.5065712921991,0.354629409418618,0.513620534440478,0.533357806965305,0.500042557199093,0.41720581534731,0.563010041514946,0.44884856903055,0.446968897903428,0.483393242258794,0.708291683805342,0.483655543958268,0.637791920374491,0.73818852583385,0.561400989902683,0.464467266534425,0.342813102436508,0.742700947759592,0.715294567946227,0.545157918821916
"PMS-159",0.85458595063072,0.84741593188937,0.926587576370006,0.755954630614463,1.03230629119715,0.953078137448219,0.961746871719484,1.00444460150178,0.82983295834318,0.785891913559829,0.962918349821947,0.914567338007006,1.04441086654893,0.69623557302002,0.774643319311651,0.712197115496239,1.08596497743924,1.05829803308545,0.768877875339511,0.836192638546088,1.04077219759089,0.740972694242259,0.843563490467523,0.929801504295288,0.982113582634088,0.811435564907395,1.11591185888782,0.91030173219051,0.772554165343887,0.793090664958867,0.823079908594213,0.765338770788005,0.890522702533194,0.75037725846603,0.919572181062561,0.978501514860606,1.03386473170534,0.839119693106617,0.841023910059427,0.861926750272207,0.732425439867516,0.967191314575355,1.25869013295192,0.925461122919737,0.818635429776568,0.837183109821332,1.05527168680198,0.870761488195988,0.850534169447787,0.774014147405539,0.990718680337184,0.725889022368602,1.01009462319679,0.752549478840083,0.795203796458821,1.02528503166753,0.838767131600244,0.781753143780166,0.87573731251493,0.837287193921057,0.778185315361045,0.73342846400837,0.931524427195425,0.92512883404032,1.03212366194641,0.843288786334458,0.741162487188933,0.97085545763247,0.869315528422935,0.878601930638059,0.975029256364822,0.971154172230007,0.920212759691309,0.790799964709983,0.843342426984191,0.945703776285677,0.800388165629443,0.728608631442523,0.725638600687993,0.748558729157539,0.957690110930197,0.965986901443358,0.847261300668023,0.89608346371737,0.78125226165121,0.822410326783716,0.906459413415307,0.749922713770166,0.824324174498385,0.860718739663243,0.778957506685579,0.828097969734476,0.905568460058754,0.824526552746275,0.802224666352133,0.877550969832938,0.963758921566156,0.902643338060547,0.767711185650249,0.682028648828798
"PMS-161",0.471857182404494,0.361521207983669,0.381460344272312,0.334882099055293,0.397646002170352,0.479652646084075,0.507782166224858,0.690064318059644,0.547384623620883,0.350477930408,0.485035228996947,0.335511272014159,0.683334158847533,0.390781160473304,0.178457103895795,0.522190074720994,0.379917440108885,0.819352001764737,0.47588241813777,0.225348453427085,0.543891495812985,0.398211474894366,0.64807527458083,0.32884327140446,0.420256700377896,0.562190543494073,0.365463252844704,0.457549054883911,0.465098664949877,0.288358153296295,0.344295861064918,0.412954289783917,0.372863088578324,0.272168312277353,0.39646358622588,0.42295049680338,0.458104477330664,0.5075862680107,0.370675857773206,0.368322536841369,0.46057848045806,0.321311203054905,0.455956768533119,0.43953534551201,0.280436612507977,0.480493827793712,0.562099282016698,0.560651956660409,0.452863767052828,0.403047718289075,0.249334601542812,0.460492518240849,0.366545544060092,0.592608959790758,0.528400595323385,0.438661044055544,0.411190037122415,0.417758640222285,0.401115814995324,0.512157747365372,0.448153759681457,0.507634023454099,0.463302894873269,0.494374412731544,0.398040656277268,0.371496616527146,0.613864915451413,0.249594901849398,0.488195703037211,0.357467514727991,0.479934965305452,0.688284762666434,0.365070301636589,0.448461691824265,0.755140452602477,0.395167768887793,0.330889353720738,0.31144312782009,0.367525284676193,0.439514396725348,0.795073127779733,0.387425234072158,0.358918479606331,0.287422543702024,0.129159801972201,0.410091692396717,0.517803816667227,0.461216756279911,0.566382045808281,0.472859469859895,0.350042675671764,0.36371622148711,0.513846689816381,0.222636799382248,0.513576477552035,0.652511350079316,0.172278712606606,0.547362163676904,0.265077332247426,0.373435263878433
"PMS-164",0.230738605041329,0.192724071958341,0.0391091386102367,0.109631635755215,0.194523527447423,0.176059579376005,0.252582361511206,0.0154512494500531,0.215525906005134,0.238253080273883,0.265769288547745,0.397764912045853,0.318062675928973,0.209340726641205,0.290876556654125,0.206629363562009,0.317723941867887,0.160868251740404,0.31461879936708,0.236779301182338,0.239287668811435,0.321317854298432,0.120479555487472,0.064409857968962,0.191865156720495,0.240893186562178,0.235848943317781,0.148050372937041,0.171746757738684,0.18572304369236,0.117495651676267,0.0462428981287999,0.422089891588838,0.265666029990952,0.24212498194335,0.219715260592641,0.143959037320203,0.0465314151493633,0.319853952806153,0.449175859352628,0.250406750374985,-0.055648200490158,0.429721154828889,0.186465147135392,0.198309278362761,0.273466543304611,0.2443720013789,0.2962851255286,0.359219061868795,0.325491822428575,0.101416515105953,0.321353046808303,0.259568008584288,0.147829202594205,0.159462882277456,0.269630091140032,0.19206810372277,0.316065488284003,0.202694588783572,0.155980510853363,0.322142815218066,0.185589902546038,0.202113729789496,0.331406674952986,0.2702432174618,0.173300053980854,0.239712324127685,0.214254929055721,0.263669946022869,0.0730432733657203,0.232103764012992,0.166149590521559,0.210202069245913,0.153404093175514,0.355759965488473,0.330049417383921,0.310104553752517,0.215036615617986,0.202996328219895,0.264935169968807,0.131414071311287,0.130120676212595,0.20489970061429,0.291142645414458,-0.146332091307857,0.171752116929512,0.380506614334541,0.189171369674073,0.332242833780864,0.110888664649413,0.0728759507529057,0.111730195181692,0.225091035240423,0.142942090446225,0.231875532631793,0.137350411869288,0.368008631885379,0.02403400724326,0.326193913129301,0.371932207899696
"PMS-178",-0.00358063688607151,0.141534567089966,-0.0181143953250097,0.00440813801002321,-0.0180498797813064,0.194886693437041,-0.0978457612326763,0.089030215805343,-0.023979748228984,-0.148601681395645,-0.0282247755337804,0.169343121738304,-0.128420403284481,0.00873142872145516,-0.0857456185744244,0.060424237113647,-0.133522521112804,-0.103213423541378,0.0208061510817807,0.0885163244566318,-0.030529062609095,-0.115063092440776,-0.157448519241074,0.01495222495561,0.110716698826701,0.150862876974886,0.0364656087832732,-0.0388745748158623,0.0272520940338121,0.0347999697229841,-0.0741724492678945,0.174057338951316,0.0462933384588817,-0.0248609855542498,0.0986602460758177,0.0634918915188789,-0.0219381649975779,0.0866484685901933,0.038040655531631,0.104628624256354,0.0203767198333853,0.0636234971545849,-0.0977111341964131,0.12463660810269,-0.0150071819864588,0.00605249393191934,0.220607866044827,0.204245014729774,-0.0122293470411745,-0.218467030534079,-0.168095614467391,0.113913900855286,0.0202787384731545,-0.0732910826067678,0.139392078347092,0.156890731657909,-0.158193753612062,-0.0807868354151902,-0.206032767042147,0.163022124118846,-0.0143120229627923,0.0727922934174131,-0.245577989107946,0.138388336924864,0.0262815902455786,0.11492560436491,-0.312961663754536,0.275099967068153,-0.0235281291091875,0.0498237558163719,0.0517475317562828,-0.000979644911388036,-0.0105550694910186,-0.139149398319368,0.0522311014135265,-0.203477960228311,-0.00668676953189506,-0.0349686154479209,-0.0789495461978149,0.0138461946349458,-0.0526868956099903,-0.0442731165929244,-0.0418468521796694,0.168902034398229,0.153657578171414,-0.0230030187753176,-0.152259789661746,0.0186554296558279,0.0216354188538557,0.448668294687403,-0.100858240291694,0.170317465801394,-0.0623262119936444,0.0287902831425593,0.0312400191152596,-0.0116485750824542,-0.0426648322922771,-0.13469790520182,0.196511161637242,0.115498053683908
"PMS-183",0.590571440498223,0.652966838378816,0.357626550120044,0.471226970996511,0.63867503531693,0.791738291324807,0.53952086241227,0.583827345474012,0.552830166001158,0.707930306767347,0.751257885171295,0.577401244397082,0.542698278318597,0.582514872898842,0.555910642060164,0.576344211262876,0.807738866984938,0.588417326460213,0.595687641132766,0.661533989268788,0.685837195448294,0.634798715756798,0.565470623958974,0.75257901977492,0.777581386171064,0.608551997727223,0.697087631170123,0.704198916058394,0.36877856813299,0.547097906434455,0.631213089696505,0.620737631591091,0.595783673035847,0.628310804379965,0.611412218046514,0.559991047654703,0.580465432886175,0.580326382391691,0.604512303607913,0.698777948880639,0.667634874828778,0.394869858434804,0.565138161180533,0.231903954369309,0.625109703643005,0.563847683748744,0.472651816130034,0.482247398727012,0.664361893966749,0.725479939274515,0.487966677070132,0.548256456629577,0.627147913452114,0.526067059470276,0.612448440476853,0.62778369832161,0.577419636335995,0.529893338055508,0.660833140903123,0.518227237203247,0.492605363144497,0.567182301015425,0.640748413038097,0.591643613128095,0.515043961664798,0.515260840544699,0.563483076370724,0.597126655569668,0.556142274902752,0.491546123306371,0.729355104320466,0.666358769890899,0.562282512013371,0.622458716048724,0.588450576165636,0.682199097273574,0.57474110336197,0.535592078039286,0.686875646783117,0.609801160001233,0.489117681115081,0.577202139569813,0.482161540218175,0.551994683998343,0.398005561674216,0.585806144658897,0.41240664254636,0.537674827324069,0.562556921248155,0.542742160167767,0.315413435072362,0.450440530948785,0.56259418376904,0.424985110274392,0.658235074994894,0.424166242051398,0.44764676685963,0.498641485563206,0.645727279754551,0.54103876509618
"PMS-204",0.595537395991656,0.535403268654292,0.507522755301522,0.570237696244839,0.572645668426136,0.4801055600321,0.744743660420443,0.618168570927399,0.664406455777551,0.537520321190308,0.437793331955128,0.539516401147817,0.602247663286895,0.564780715871512,0.552269918150252,0.544824160773324,0.500401176983392,0.649353331840982,0.576113557886338,0.291760496010064,0.436345978165554,0.722985191295122,0.698816873048944,0.597872212370383,0.475286930369834,0.399164177631942,0.536478677580077,0.388603217487401,0.509781965648577,0.566843048290373,0.57840316692928,0.605655999379149,0.543740878620309,0.465111708304675,0.522817621436346,0.5282274935386,0.504486925904067,0.60195663395314,0.577110529725287,0.572730010345151,0.651939553089977,0.658569992761089,0.467699994423373,0.583191101751023,0.505234172996942,0.504324504973866,0.515500809944411,0.464113244399369,0.682594621493036,0.26020938331223,0.482777464689303,0.509924705659563,0.441872130895253,0.347256538634668,0.426931946649543,0.619408210359093,0.631177080996497,0.533300357344029,0.490147384637214,0.534848297265358,0.485717106325132,0.538538284178528,0.586772258081322,0.748777677205105,0.575565914386269,0.648757809829949,0.603701683223493,0.557638802582997,0.596785834320496,0.625608816180887,0.61352771628659,0.559865844862518,0.459838755089485,0.582946024491772,0.665644183377606,0.439771684369449,0.609340611495891,0.5482183973686,0.395521741504504,0.523678431929258,0.500071525890747,0.681031811849349,0.78476979305967,0.388179313259565,0.311797724921082,0.670565312918958,0.659293849798783,0.409754581799796,0.537442361659904,0.597298553233324,0.404584082886587,0.613716763885272,0.604108628841897,0.452275909089705,0.475062425509518,0.793753233073457,0.537634766118303,0.435408989958678,0.729466990875575,0.639314936338213
"PMS-272",0.981824253153417,0.841873955311548,1.07982529015875,0.799620123654062,0.880885095209334,0.828930714880272,0.825923641032509,0.856337312468103,0.858778072708501,0.867177769179367,0.752003299842468,0.798543848238472,1.02147176598823,0.683447606722367,0.874500291018345,1.0199638716642,0.872894949227407,0.816351046276777,0.973820171176505,0.852028381117344,0.81278179618596,0.944493451640994,0.856051019462854,0.779763760014998,0.983265571158173,0.930863428024307,0.975562481468272,0.845460246230013,0.905251864960808,0.920459128498305,0.814146662057428,1.04187991325027,0.808595283583557,0.713988171964359,0.813758150580744,0.961654903516317,1.19503394144565,0.892314022463265,0.85839833461096,1.0202130629874,1.00559856450114,1.00979600373574,1.08167152208042,0.884466521424558,0.802659871066825,1.01337793959908,0.887413789959598,0.716792066895145,0.783429060524295,0.959279591143047,0.865797503095048,1.00575590945566,0.831931212385737,1.03586534311872,0.774523672924665,0.925822586887252,0.950956430448322,0.802301677680857,0.84955651897062,0.978618833345323,0.984382989085005,0.818868067542544,0.83770387184932,0.898465500553147,0.933789225443093,0.841146623637008,0.894876726737713,0.959107217029817,0.884755922505226,0.799968422841329,0.981263779450596,0.910062725278767,0.889938496903486,0.906915694128255,0.88762362581757,0.875072607280408,0.895872093361588,0.94415788627572,0.874446341978934,0.849480395244346,0.759389218517911,0.891474534914862,0.791475978558146,0.906194734628214,1.12943643908698,0.797978314146416,0.874518984437277,0.931021518149344,0.789389682213194,1.12386400579063,0.962575084748552,0.921322762844915,0.805444315996301,0.806517678674445,0.896311324464002,0.929769042196871,1.0077582665196,0.867967858261514,0.883645692322784,0.998689572390232
"PMS-285",1.59857005396148,1.54627456190827,1.46907290504688,1.49315227247936,1.54277890093805,1.27128383524079,1.2575907526248,1.3670655135893,1.4469672703134,1.40458223296271,1.45396823237368,1.49854754633062,1.37573877696554,1.44497394415066,1.53915328842212,1.43830278582331,1.79134917751591,1.50640709855562,1.71089242120045,1.52056321969208,1.50235497587683,1.28078223424655,1.52203700903803,1.37054477561436,1.40666271330547,1.51524306955233,1.54023742695135,1.3465921940761,1.43796674194766,1.6287711266542,1.34018538432555,1.51643582124615,1.4927104825591,1.69964950241252,1.69938618532723,1.64509283639596,1.4399256173606,1.65872494676296,1.42491644781137,1.48712697850635,1.66346697291991,1.50367371613584,1.50581904049383,1.49263965744966,1.31245673391098,1.38168222655833,1.44954565789463,1.63064276604158,1.43811941598127,1.56533719755775,1.58078085736507,1.54743478125288,1.54254878074725,1.56048502911082,1.69911836423319,1.55772549635398,1.63823513369431,1.50855942604823,1.43546157400976,1.55618139744418,1.48876519492825,1.4797253706209,1.37316654416173,1.59806668540977,1.30382118312673,1.6149185209488,1.57658326630536,1.51944888466787,1.52786046803729,1.49287699549452,1.42548015867143,1.66110322021828,1.68087124762062,1.49695762283974,1.48419494422269,1.38687294210441,1.37169406351814,1.66499938593818,1.57120923622042,1.34611201742184,1.56111469593195,1.228808071651,1.51092779563431,1.56015891856847,1.53842325389588,1.58592844051973,1.38316739722217,1.54302961068271,1.52799087575116,1.40265812187949,1.58144989664884,1.39332572269798,1.62432899696845,1.58138724526006,1.55189389144001,1.49995497670779,1.54000949534433,1.57090372499644,1.42041676752909,1.49499456491816
"PMS-293",1.24384461314921,1.16640713861439,1.05529947633412,1.26187590944419,1.17494041608433,1.12186717062964,1.04453252002572,1.06135704639413,1.25943947186119,1.25897158795834,1.33408792260927,1.11071896137695,1.32523619348049,1.25936144139756,1.21729982121118,1.14062024577702,1.1910535070247,1.57106283683301,1.17072828558242,1.26334162179193,1.16390007005091,1.10497280480896,1.33231743155842,1.2493071716992,1.21089780215248,1.26870198925516,1.20345390978938,1.16215747079714,1.18092007741942,1.26871943746665,1.3035970792392,1.31293440885222,1.20517724954194,1.28245702238939,1.2103388220897,1.1578352410588,1.20193973269787,1.19069339449437,1.12291146064059,1.17164065277302,1.21650077200256,1.24056895277103,1.2589045416384,1.17927630665906,1.20174299625402,1.33390151174873,1.36003611142751,1.20480357223638,1.24922577041542,1.46741453276224,1.29768854815784,1.19930191612097,1.14473654208923,1.15103407685093,1.32551953751496,1.15121653309531,1.17247853365528,1.1810249864041,1.19735259642928,1.21580739234882,1.19355338295682,1.45830191907451,1.21354838133382,1.16388415757492,1.27520017713781,1.25975678414345,1.45198265479653,1.15259519197705,1.11249053805786,1.26274619336812,1.26642917491849,1.22087953317757,1.25887811421084,1.24651968588719,1.14193269625161,1.17042430932083,1.2147064231225,1.32692032063905,1.24777445541675,1.32934494906978,1.17142892079996,1.21031111624282,1.14505708457679,1.03918993612385,1.03616332523541,1.09679347227588,1.21632754435925,1.23690662868539,1.33864539086008,1.24674893303268,1.3398978020058,1.25563299460097,1.08180119382479,1.29784429648425,1.31699452658909,1.20064764620341,1.30819335444625,1.25067526754055,1.12298446654862,1.2493331195414
"PMS-300",0.468231230312984,0.564913940582989,0.771432330576947,0.630882934301947,0.641511321626794,0.745097565942844,0.779544997260401,0.557639457156134,0.625306274221032,0.682360703488396,0.528877341680217,0.973822660033441,0.554681852710606,0.595319355657872,0.562843552207524,0.509621902306577,0.69917505799248,0.47067681276615,0.488427372845233,0.805704145839269,0.697636377000435,0.536271471122525,0.62486994854338,0.643602627895439,0.650600304222902,0.663118046185497,0.709059828165452,0.4889241692751,0.83733700860112,0.656166029116094,0.584405092862192,0.49807023957302,0.672585988996088,0.646718073138174,0.765617346990479,0.871881757528141,0.630086404013426,0.58806543098064,0.609313596758419,0.652082794715096,0.704761622267843,0.691957066100808,0.736458002403502,0.515313176332676,0.610343348597683,0.521972185980896,0.58289860109639,0.700078242443251,0.560684013880408,0.554516459861752,0.533358571643847,0.552607391308513,0.550621394228234,0.64003439401713,0.709091223359943,0.490857728916778,0.540022952410037,0.663715243728034,0.554028718085016,0.599403121018457,0.560665392398289,0.498046865389197,0.859175127283847,0.700147421939337,0.608976956438707,0.802838971954489,0.678322853327419,0.706280139582525,0.552091903797761,0.613084405885095,0.766431709616938,0.635554300765111,0.748240439138986,0.594296841051027,0.780080628456987,0.50629287814309,0.545884020804805,0.705562504132556,0.617954755241039,0.637441412768768,0.541924450156756,0.605665804753567,0.657748563473268,0.655362666470801,0.661953982957564,0.60664459729664,0.574184513020513,0.446334370768422,0.669734123741269,0.618049040636703,0.831182563167621,0.518620835199456,0.562516394390074,0.580093948046475,0.559628500584192,0.683540302870607,0.690300817245837,1.02966192639114,0.704119324083539,0.625690226883871
"PMS-303",1.12323710984895,1.21309274845843,0.964757728883908,1.04374922783218,1.06170229575504,1.1618570985277,1.08145107486664,0.96203717202697,1.12285094105802,1.08372554246219,1.00796857531741,1.03238399024939,1.12362397135604,1.20797434259387,1.10475391310768,1.03643529632185,1.0772366270511,0.876494308567565,1.22649701724046,1.13348481543187,1.07895375783737,1.13940204257761,1.12858093737498,0.932567627649874,1.07997486884654,1.12310307671749,1.31756370926286,1.1570226644913,1.28494933863689,1.27788233320209,1.13021131421866,1.00519707975632,1.04691399429994,1.1439938069962,1.14629511522725,1.09302641096866,1.06548472313504,1.14136069861116,1.16507467582072,0.97028732792798,1.21079779528619,1.06123134567159,1.12596324696877,0.99900909739663,1.12781829938252,1.1167503181189,1.1024204747123,1.14628412157274,1.04892309702077,1.18266119955899,1.07397256571368,1.0967186894218,0.947155893367349,1.11010399389037,1.27868806851624,1.04629509813165,1.17413800602517,1.23510271592987,1.24239973712736,1.04810431526868,0.924111146284921,1.02426469678751,1.09626955705104,1.11118530769913,1.1240579630262,0.981609993024001,1.20742287596448,1.21593120552,1.07470921125868,1.17803911412587,1.26028265501167,1.16316026748037,1.06237404977548,1.01935676519103,1.1618424398126,0.880483076923508,1.18983558582201,1.14499794475232,1.18463422687757,1.24046921279701,1.06918452417506,1.19384394638164,1.028416054994,1.19981517432034,0.859351014694565,1.28165553075747,0.867524758387669,1.1845236019805,1.05555180538062,1.16947607357979,1.14475892029969,1.17968770662664,0.913370359160997,1.18651436120159,1.17058981290709,0.928965668639544,1.11402457930133,0.932085924743899,1.18301576070045,1.16197395901093
"PMS-306",0.879538612096849,0.874963643460481,0.862823747255914,0.80048266620319,0.908681813387833,0.805895480947761,0.991258601827265,0.838349110215675,0.897631776476699,0.859024947822478,0.841783975080709,0.922012638190551,0.996257614174071,0.894437934867269,0.930256631503333,0.82149213964091,0.778211220767083,0.712884924303389,0.731072710453145,0.660195243144608,0.8066523658574,0.906615373463154,0.809963819947685,0.717639546155353,0.752784653648203,0.689570059804409,0.890501678300869,0.868012541461199,0.724220569644913,0.851706145233556,0.936048978952897,0.820338443084912,0.855023748134998,0.893203427374103,0.96139352109824,0.814191884930686,0.746248359664503,0.971165258351925,0.856531620134663,0.774534889412389,0.804672866543331,0.733988924617603,0.798279064226732,0.561879099365605,0.843226114109001,0.785236223879728,0.887274036454584,0.757355545582736,0.733444179675652,0.525139509023736,0.820074803926104,0.863339190512823,0.941091034925563,0.811114370721389,0.717100288517489,0.856328303171084,0.903871771687681,0.933061111404321,0.964921199576961,0.923276125185269,0.902790712782633,0.785659856876115,0.855387606858468,0.867806807008904,0.742653183138649,0.871124637021725,0.919490156281523,0.670017372653478,1.05373754847926,0.803356309641729,0.949256896194146,0.907959773046263,0.799552280745785,0.768546570070275,0.826740157937176,0.747303720022245,0.894300300678683,0.810674581180477,0.834564435967499,0.92435897362349,0.632167541062177,0.777506510815991,0.800465571487696,0.859634304539525,0.86239788985977,0.803410899081088,0.876290084694606,0.862449399053251,0.819495647184908,0.937765628741881,0.50171028874888,0.698753709385577,0.778257488195421,0.889471318681807,0.80032961448141,0.731044925226788,0.819786016693579,0.8093876789397,0.710014969982817,0.898485742563904
"PMS-314",1.0798222847895,0.978045366690303,1.07908468306509,1.20837105053912,1.14817745128443,1.1000597116686,1.20776421473333,1.24861291796998,1.18050993321326,1.01787133823556,1.1165862693315,1.21812998414096,1.26435752693251,1.17714289834636,1.19449315164012,1.05764421056618,1.02592127029184,1.11417270057714,0.941954214078372,1.18244887929054,1.10072331398422,1.17337809087132,1.08906020900335,1.1488242232508,0.860273238398328,1.05219374709517,1.10953740867609,0.978042734885929,1.16237604814908,1.06491306073077,1.27791619662224,0.911792850652323,1.02008398983139,1.15018254326341,1.10404588686473,1.23123138037132,1.18341495541914,1.15655207162814,1.20127824283488,1.17164528726944,0.914665081412248,1.13174982231018,1.38435041485202,1.28093007676918,1.13124684079861,1.15763419087375,1.10521555626655,1.13529771840713,1.12646071323408,0.753884838083651,1.18205943763669,1.02065029416819,0.923833694375394,1.13544010153527,0.850344757658507,1.20906449360269,1.11400306565254,1.16019053801858,1.26434748812353,0.993572545332311,1.11152993439143,1.03127846181195,1.18512977331984,1.18628731221406,1.11489387574856,1.15064199566734,1.03748833767739,0.979034307234373,0.987090052192108,1.24779226001384,1.04602905803734,1.14385921888252,1.10532363846757,1.07374096998834,0.998044771234019,1.23007407312017,1.11246101528953,1.29336128389753,1.10859714984613,1.11819043333742,0.958946626425153,1.09096437301429,1.09189704786276,1.01874203354882,1.12153949088147,1.05807336970392,0.956010694676922,0.994198620150304,0.984574681498391,1.13895736148815,0.800875673937295,0.969917940004532,1.23724418045038,1.10447319949796,1.09895166458301,1.17002056793126,1.11173103265763,1.13766185224436,1.00602251381618,1.07362623174355
"PMS-347",1.23391148989992,1.44291554790367,1.32755178927922,1.51842249236194,1.37151633453166,1.54066138790671,1.224938051329,1.4114309423129,1.45121880949904,1.42736948040839,1.47802518960424,1.40804614808368,1.43368586186452,1.36414539580642,1.47934496805089,1.23955352949792,1.60825761092949,1.40931798984708,1.52273933130504,1.40869802891324,1.52622817732974,1.66615118725349,1.33636322387119,1.57788920348574,1.49026996887688,1.3362865910092,1.60374905570758,1.25562492258579,1.36550861454353,1.30932818816083,1.37935467352808,1.43268218250215,1.33524289937519,1.52740749895502,1.36239678984508,1.37883005635441,1.50935091542078,1.53652779918449,1.46102233528184,1.47512865451178,1.34076620873847,1.42012128707949,1.48243828234486,1.60759743358833,1.31246229328149,1.4698267419814,1.50857651057881,1.35627638077718,1.41074410351438,1.44634333445601,1.46965468647107,1.54171909182093,1.38752876873938,1.37755430474568,1.52079389117259,1.51812898489766,1.32266305433912,1.3422259593128,1.37089760209912,1.41983433291619,1.29936189866679,1.44772433415627,1.4945487511753,1.4294209029037,1.4317056676219,1.51929330631188,1.41298960217347,1.30035864718157,1.85299986022836,1.42128382795911,1.52031393581781,1.54682627277106,1.40419106163623,1.40242017348119,1.54524004518295,1.40972883185155,1.44580314344883,1.47929121195465,1.51284273200362,1.53649635067233,1.46615905300073,1.35691918920999,1.51575585149363,1.4502734236819,1.47953823278785,1.25555035828581,1.53241110170247,1.50711858938984,1.439973955586,1.40076303574008,1.37096706888333,1.50522768212927,1.44713419534083,1.47483360960822,1.41004627468237,1.3738229536223,1.31497449352337,1.42200019773325,1.56628859960096,1.42135002719553
"PMS-359",1.89964522198629,1.9442214954838,1.7085417642132,1.92842219970023,1.87617280122201,1.96030819645312,1.86792366023195,1.89717397959933,1.96697595289444,1.95384017564852,1.84665914746768,1.9422324017615,1.74929524201961,1.89072847202189,1.82819382982035,1.93016607672598,1.67948153343971,2.07538198829256,1.97977286560324,1.95378325550298,1.89013143857717,1.7038948664005,1.87804942554709,1.87339271180223,1.77180753503694,1.89076541217557,1.71382253895384,1.84132072424798,1.78839729849721,1.92873763693722,1.89108179314666,1.83842800125424,1.95441824767525,1.83441666067818,2.03239031895057,1.77866248745052,1.90456670055665,1.77553916988055,1.93930405008465,2.04050839930161,1.81510966358657,1.67133780172168,2.05924579383973,1.85211437794863,1.96618442662804,1.85169792397755,1.77349873034531,1.91257121199006,1.94244336753667,1.85709598197711,2.06472542431738,1.836490142468,1.85166875891661,1.86865317633046,1.74936860467397,1.89281221188012,1.89322662752794,1.83595712356969,1.88247951217327,1.90262151199795,1.99897780182324,1.74628301811193,2.06032672059487,1.52082884166604,2.01448803724079,2.00996576124546,1.75719705568316,1.62776073422622,1.99636295529495,2.0729438560124,1.91651567395107,1.9318811624439,1.67813185456479,1.78754212411743,2.12981916462947,1.94923378057906,2.00571751230754,1.81789234628661,1.90898199072514,1.80942373211719,1.78778331372491,1.83574795612343,1.80987876249497,2.02789304439889,1.66349789050946,1.81705851167989,1.92627670283476,1.92799284111827,1.74314749112581,2.01496287940588,1.73734623834974,1.90388398419008,1.88102366645933,2.00670659935858,2.01809887003299,1.86606400053701,1.77147024276384,1.86493168913171,1.94696941968608,1.94176661451635
"PMS-375",1.68168752419306,1.75555751238496,1.6853856536258,1.82132343911148,1.76316055751727,1.57618326569297,1.7339345214819,1.58949598141405,1.56015817887582,1.63146315586959,1.63234750831174,1.73642309741555,1.60630761820075,1.6792554947299,1.56902216860775,1.55850629762331,1.59940956827165,1.77093564809377,1.68012118307277,1.73776398485257,1.6461916825233,1.48891926561421,1.69564354586968,1.67194248071633,1.47101335219905,1.74401881193808,1.53757276184782,1.65046497903622,1.66055422126859,1.70030290871453,1.64524451238058,1.65143638786919,1.55369116364953,1.67340924971367,1.69257727487006,1.72854829807333,1.72410668048943,1.87285796375613,1.82614176171437,1.77100843754054,1.75180774067387,1.63426917607588,1.73403974002696,1.71841990720491,1.56682318141855,1.7260621933741,1.69188651409642,1.5410820079449,1.80706837483268,1.72376487560117,1.70779679068384,1.7801852253509,1.54586775814122,1.52912747017162,1.68758917293644,1.58575761843177,1.56255139647406,1.64805386944396,1.6253843615212,1.67600369332403,1.53884724956111,1.67868984436686,1.76714717154783,1.72286674347045,1.60200108217724,1.67561186788537,1.70811954269072,1.71396965315813,1.76871336545299,1.55625229274634,1.44831170703148,1.68287721534454,1.66154037955175,1.68553805118848,1.64618718253393,1.63929743133859,1.55395694164307,1.5299247952735,1.68788794853663,1.79791905319069,1.63604084297241,1.62088462483413,1.74267319259848,1.63761583984554,1.54509348439342,1.71063274960499,1.60667756823365,1.78375909517703,1.52625779415059,1.72713564630837,1.71606765154426,1.43109579876954,1.68607008261309,1.58376176655484,1.70103919689377,1.7517105804229,1.83943413718398,1.65206429632762,1.47829355022948,1.60779481038491
"PMS-381",1.62691809318009,2.07867988784218,1.76891001386399,1.85134770236349,1.90443126892038,1.85817887957033,1.82882224015133,1.83978368458218,1.78154672227096,1.80500852341144,1.83309192365647,1.74449609437558,1.75675220141758,1.81611382216312,1.8042198185919,2.0493370025572,1.95756206912622,1.77202184346879,2.13632329786911,1.77017535088785,1.80466314982554,1.80546345340631,1.80404090761602,1.91773080188988,1.81141642697819,2.03445323668033,1.7721810301004,1.65352233064158,1.70544969983531,1.73757806873393,1.66327330978895,1.78782136849156,1.87439941070851,1.84992217511754,2.08930864048829,1.62164433094511,1.81953503845029,1.7035799251965,1.6071596288589,1.8671982335203,1.83638819864354,1.84748620836936,2.05118548868919,1.91009164448226,2.15085899907479,1.70351362238827,1.63363756404944,1.869113377012,1.96755838702533,1.93127419022105,1.88933580264733,1.76187325003522,1.96230138675884,1.94569414970398,1.88045515773973,1.8759321335786,1.78389790507138,1.78587126805303,1.78371027934776,1.78053973984133,1.91659452592943,1.64972522269632,1.73533178467105,1.76787775927095,1.80750298660363,1.7507137122156,1.73254488222874,1.79177228921913,1.81331270525209,1.88388727010736,1.8025297561696,1.99284088106298,1.82940498875146,1.7774630537452,1.88952560102541,1.81520417492513,1.85302031327591,2.07550629633399,1.87053136976583,1.75462202862636,1.97848531530603,1.80635020627737,1.71057378231991,1.86724702553734,1.82835276932454,1.66108825042029,1.76355223370763,1.65600929423484,1.83045309620168,1.78412519031107,1.87648900798434,1.7195027768439,1.52719232365507,1.77524512225939,1.71099506579279,1.86576575588656,1.61272429355785,1.72779425402253,1.81109323222667,1.87486747644217
"PMS-397",1.67452510772111,1.57719565271153,2.01397573220166,1.84019936015501,1.91687940833003,1.91619104763414,2.060807470086,1.87982511564643,1.88659244744819,1.88457131354298,1.72253464511675,2.00444157858358,1.81851832124799,1.71989513381045,1.92961934983911,1.85527954199353,1.85446363404916,1.89114452038121,1.91147868422863,2.03791498277554,2.02872821124747,1.82885529773315,1.9501599442239,1.86167104173222,1.84985411562174,1.74350712669037,1.87962819312314,1.8817209529186,2.05544780727083,1.83716860095164,1.85500129940219,1.90596734784979,1.98981696055315,1.60777616576474,1.73177331831974,1.87237867872881,1.95319824139067,1.95908753519939,1.70458383697888,1.77380459533472,2.04158002758717,1.91898455299045,1.7368162957425,1.86841299683223,1.70764279316455,2.0078356379509,1.72590125865863,1.88323389333295,2.05575787685406,1.94416306945861,1.83803960387431,2.00301897808103,1.88477304750728,2.0115028187603,1.89206668086725,2.02260103258295,1.91379614799841,1.89828730031639,1.9957078529934,1.8331969941229,1.84543942442869,1.94909198846478,1.77483835826863,1.89259251235912,1.90464711946309,1.91070236801932,1.78045058121551,1.90362540916309,1.86335959870359,1.85438942968478,2.03320102343365,2.08882374054953,1.92015465717943,1.93749429719253,2.03269059067874,1.98425183462658,1.78448777662593,1.88324394911279,2.00099868852956,1.91215503056951,1.82996622482664,2.01022825868943,1.86189480630704,1.94762853497432,2.00423261561502,2.04775682715372,1.93243537935051,1.97412434663448,1.85339828184243,1.82027662244565,1.86582548074836,1.81511848615246,1.74441916117398,1.71546171995534,1.94186969178972,1.94907782716549,1.84903649349541,1.65545264240966,1.89521044858674,1.95247203032918
"PMS-425",1.11267016867403,1.22613542797639,0.757395861533669,1.12241202480857,1.15135996541866,1.03002274060595,1.19601666045088,1.19270156336677,1.07905893368694,1.12327535711255,1.18643576718021,0.968329415549192,1.17212088160877,1.10328259725783,1.08738569880922,1.16029430629457,1.1362102589461,1.05307581242474,1.18904645215626,1.04343744279706,1.12805706239193,1.04812972739523,1.05129962982504,1.09333629526582,1.31800909329198,1.10525263418058,1.13821813982538,0.923621584496342,0.903615674020838,1.11294065579662,1.36109763103088,1.16490013388773,1.2129043676836,1.09020396734103,1.04818049004258,1.110744316439,1.08386037384509,1.23501774118132,1.07965875158074,1.2605084940493,1.22738442550866,1.33122221072234,1.13326680055678,1.05266979803401,1.07981301821343,0.992000535129237,1.02565844002294,0.971006781119449,1.12831267253729,1.17248099084798,1.09205941135918,1.0012950486806,1.33674765799164,1.20380212457843,1.16445053238265,1.01837524109838,1.22889413492936,1.07896528542054,1.03614084970444,1.15131542076148,0.963286119804279,1.17938690206465,1.25620645815385,1.16951199427514,1.17771040713586,1.2171351172437,1.17327448943534,1.1569653190276,1.00047544812784,1.16376451929407,1.14582396063209,1.17680360274035,1.18854022419467,1.09359081871561,1.170850198302,1.23548828405226,1.16657877778584,1.04309136886443,1.24238131107925,1.24439213921126,1.14498140080921,1.09197155435255,0.924789961870108,1.23936802207202,1.08726228522114,1.09416262893979,0.984013934752653,1.15992112858075,1.19312826487723,1.09324238622324,1.1147293705075,1.07064575998907,1.08327889212175,1.20073314439274,1.0873386413298,1.28833379707507,1.01376868140265,1.13872072613922,1.12085874221873,1.04017595184494
"PMS-436",-0.898646864606893,-0.841194947901466,-0.655091874885853,0.72265059511974,-0.550874943855205,-0.881470783844376,-0.68205242419567,-0.715099915863643,-0.84599410274646,-0.641484726625757,-0.793871954831862,0.725299230277359,-0.593071735616345,-0.684194327165422,-0.81768677146072,-0.616371815744086,-0.636588085255709,-0.903015965684748,-0.595143479211146,-0.599659789271224,-0.676178922004688,-0.805934208003395,-0.612625751314702,-0.803696977202127,-0.6080346899521,-0.585289254002498,-0.670918998953238,-0.697498872609774,-0.643848576571396,-0.850173588976979,-0.966012779489186,-0.741843758952182,-0.805649954776692,-0.712725977951212,-0.563569140544068,-0.853416065285126,-0.647459154417638,-0.774406220006785,-0.650602163351771,-0.703410430782167,-0.657305441538475,-0.735088198589463,-0.531106197485613,-0.984605591941211,-0.807012046724958,-0.564410646614748,-0.531507176333527,0.747011619209079,-0.573164790160067,-0.740050435817798,-0.621853250140053,-0.636340320004325,-0.687282385898574,-0.893760439892324,-1.09432719175998,-0.914196350342053,-0.610161555874801,-0.68882761810217,-0.73306063637786,-0.709668432939467,-0.697652010770243,-0.594976140333827,-0.56054905269723,-0.695110041065806,-0.602015645881174,-0.723368485641777,-0.667561880728525,-0.794923356926857,-0.577414373824047,-0.770691454551058,-0.828153782253511,-0.810254182348221,-0.769854927314813,-0.855243528860399,-0.74340056663385,-0.699290949168591,0.708955655962277,0.64425391579266,-0.778377203268434,-0.734465384658636,-0.729413997298484,-0.850438236026643,-0.713896528483482,-0.972551200213953,-0.579838533177685,-0.703631938367244,-0.995422017214232,-0.721629923760977,-0.738652235189392,-0.723698827507655,-0.74620357261145,-0.591180821332914,-0.734171575239533,0.728727139411069,-0.798675312944262,-0.656400405810567,-0.917390821229867,-0.853467742803185,-0.76580319723573,-0.603770546794706
"PMS-438",-0.519274552246247,-0.28444713626881,-0.548482597789475,0.909096038855089,-0.57416876391417,-0.531263275731604,-0.473444271137901,-0.44946452498651,-0.468584194934706,-0.528207758770933,-0.718493361969656,0.941668756474033,-0.466017787741626,-0.67990349847138,-0.530560502743258,-0.524731894200748,-0.504080727991262,-0.517291348426685,-0.461279985553014,-0.502183039687942,-0.549248093354438,-0.593409479919926,-0.46847906285187,-0.554016240306585,-0.694041420585902,-0.463281073754253,-0.501998407114699,-0.604368620659887,-0.630910145968825,-0.786667172885014,-0.408351578074425,-0.368972542105614,-0.545514493175678,-0.558031109422321,-0.639975973776172,-0.38529636419646,-0.535058951344485,-0.554653790910779,-0.510628515914666,-0.531411354145727,-0.738924903792571,-0.390281318964847,-0.416517845383425,-0.339578058082513,-0.609747954697916,-0.504718290641599,-0.3606556906809,0.846207578443378,-0.45816085401758,-0.482696683220125,-0.500109154180062,-0.460955454179528,-0.490944886869894,-0.388470415122261,-0.460681904845054,-0.561112197417004,-0.413399284219196,-0.621518192247181,-0.836882084568204,-0.549380846794406,-0.540426360222489,-0.585294211841856,-0.618621712926994,-0.402423430847169,-0.482222019931566,-0.449268079575878,-0.730982250584942,-0.562908106917163,-0.714992454436126,-0.480146373915046,-0.447972085793535,-0.493377482013488,-0.590500002321356,-0.586741342284358,-0.526902839214993,-0.718655192012266,0.854972919431677,0.785401064670147,-0.493772950162244,-0.373500263091725,-0.657898173959217,-0.500950059757683,-0.688375464429848,-0.763113453418833,-0.879065940493979,-0.713316002090619,-0.548323478655001,-0.824362549872327,-0.48539473615104,-0.525557400586697,-0.526832381207457,-0.916354165704521,-0.39993940312047,0.929140465459166,-0.705290511801016,-0.585029292568266,-0.643204774382487,-0.529910540846465,-0.746095597013907,-0.549467988411962
"UI10-00012-Cabaret",0.551328284345921,0.253836447588087,0.100358245981245,0.711902511933648,0.521400238641852,0.4537840945518,0.530301972204961,0.553206989151407,0.598839144408242,0.656721709217017,0.462571134788198,0.604588456366096,0.560680116163048,0.475610388739754,0.558945918311174,0.620792593505038,0.469206428832932,0.534558991771506,0.520117725993916,0.59786233633831,0.213654623634177,0.538406039988745,0.509422813932213,0.613709530555163,0.502023608474724,0.572851329887466,0.510700031859725,0.533652398866089,0.226592778644503,0.524570752951972,0.515085507423287,0.572487123067744,0.6697800056198,0.575284768751053,0.49115016053097,0.117657163318737,0.601572860558369,0.520411456476057,0.644932601878191,0.450286711438684,0.545561456989655,0.568498870182723,0.527804269784586,0.503915644151347,0.506542195228167,0.207467499837343,0.535662720737843,0.575637419291145,0.582984607200702,0.442598152441456,0.589570973829245,0.612304054493318,0.606128196902516,0.496405285850251,0.525147514581159,0.565184224699201,0.430792369189078,0.562471147958548,0.551915423860905,0.554221161578434,0.585599447812805,0.543859474925762,0.54053586449576,0.495557208699452,0.696172580897678,0.151082592067882,0.238216666542327,0.524050523795198,0.580070127898424,0.469233953386278,0.6004720685811,0.579431976753709,0.557395960683595,0.631507256079265,0.502407139559459,0.531664090220534,0.668500674134054,0.471934371541831,0.528309665853485,0.587815508380245,0.123892250806025,0.622200601991703,0.616803461282234,0.637889319574835,0.564469043830835,0.175242527135152,0.550084546806083,0.563607228653515,0.506535249621136,0.520465544173091,0.516477822168201,0.492553189452677,0.513746771809344,0.632788525500105,0.546068137015759,0.547158355539261,0.542648651394775,0.516792026741322,0.578298594161183,0.541926896336196
"UI10-00015-Cosmopolitan",-0.0412626063932731,0.558191848709184,0.144245118154799,0.108483045736314,0.177222618097093,0.0159937882942908,0.0656805409013023,0.115366053518281,0.114215035294542,0.0691694855725129,0.195737406963119,0.0389024643266381,-0.249350032082889,0.112927912358624,0.461700339858055,-0.29647275280926,0.116567146129118,0.0927202867845234,-0.469541128938402,0.0545606701635493,0.633171116426123,-0.259196350199608,0.0695530416573387,0.424556580727011,-0.206678828211026,0.0383818143862786,0.431588260245762,0.139751451422839,0.0675463001402752,-0.00702807468844599,0.0584587542488576,0.0465297882354351,0.050841448560172,0.164159807676741,0.0584626183756437,0.0265566445549742,0.0719159926899745,-0.00102901643913382,0.179345726346398,-0.019719574436715,0.0383158585714881,0.0507113367068795,0.151306913427837,0.0951289397672215,0.124674631002164,0.0492219514029199,0.0324125814150419,0.136684634064131,0.166508212948601,0.145116913813147,0.178490304444232,0.0435028504855759,0.0848039659644452,0.206979662944314,0.148320820053781,0.0554038645536677,0.537318537175676,0.126586163080787,-0.00813692196991812,0.127546553120876,0.219066175232525,0.433761255766563,-0.00347204658825854,0.125908476508839,0.0605512600377886,0.0583889002501483,0.0957352624127412,0.0681620746849523,0.615322223137391,0.0572065645579687,-0.161193376804786,0.557025391950575,0.0646310276633826,0.130048428277198,0.065761715509444,0.080342059497857,0.14316892285061,0.072190641631273,0.0490840523606509,-0.26336282708355,0.177517778928294,-0.0215589141133515,0.506197318278973,0.100715507906817,0.146190852531055,0.536465781526646,-0.0908345738312598,0.13586160533335,0.0947799365931058,0.101768000148349,0.158200446347272,0.116426448725358,0.126455345545233,0.422100349384965,-0.206552130196199,0.139980322988973,0.207969635905832,0.0882225156050419,0.106359898235545,0.497301445164595
"UI10-00017-condensatus",-0.672462376419037,-0.843297688471401,-0.675626519443294,-0.834168283518744,-0.640176064178231,-0.649946593876095,-0.750790466032576,-0.569904160360816,-0.564758894586041,-0.668974797126585,-0.636488736507613,-0.388651783749494,-0.75628454014453,-0.866925021868391,-0.761565552994509,-0.998105087372125,-0.538893375216657,-0.680182771062217,-0.642426405131122,-0.548733817974443,-0.506894097697157,-0.814267078314147,-0.729240913578186,-0.703429751009664,-0.63577235773375,-0.765019769067543,-0.636658135035153,-0.463157186455396,-0.71975501467123,-0.246972177838951,-0.479772096792942,-0.732643506764188,-0.363811279672125,-0.629669241242064,-0.547156740168409,-0.537357785220893,-0.722958408993642,-0.452750314576872,-0.896130043215133,-0.645786587277905,-0.719414211910446,-0.664986753462109,-0.701540355220496,-0.328316196500497,-0.663447980088724,-0.760917480480385,-0.736557533853528,-0.639844437217741,-0.723990546083865,-0.669928783365273,-0.683686695583798,-0.770773534355519,-0.740474605167287,-0.745980741648822,-0.816610812395151,-0.757633454427823,-0.551602740675209,-0.716707694777983,-0.707425285211561,-0.325569056717747,-0.669061425756059,-0.343151629451373,-0.729121247625449,-0.732745062019367,-0.303420416858905,-0.785022555162494,-0.557491759244371,-0.693535543837764,-0.703391834692345,-0.569578688591953,-0.36103870127728,-0.682225314723792,-0.753566942332882,-0.429751848355755,-0.663337327449738,-0.592635518146457,-0.633501454897988,-0.650557448677511,-0.579050216355842,-0.79091343102333,-0.796738326450658,-0.539439708275106,-0.723872547799572,-0.686237371210992,-0.791427635290576,-0.738417354030847,-0.803957001083484,-0.794352755102038,-0.837983782957112,-0.736858064064897,-0.593481483413624,-0.929576453322014,-0.575530887881573,-0.673895322811907,-0.397588651411302,-0.672322954288077,-0.651242394890814,-0.516955117852139,-0.819524564973767,-0.640662188423393
"UI10-00020-Adagio",-0.308901058870305,-0.402178533686482,-0.208663427840106,0.246428296066001,-0.136627557896957,-0.389228501637141,-0.275559729805595,-0.121766353621118,-0.217287355135499,-0.295852960268912,-0.215583063346956,-0.170297786886395,-0.376561116547288,0.318351801238498,-0.269677494177094,-0.409406233042197,-0.312276221085684,-0.366675727212245,-0.330774924881147,-0.330514036390814,-0.115917700658435,-0.194016222108572,-0.421068771021256,-0.342400216361628,-0.274386873877992,-0.201351313047796,-0.279219121765479,-0.242421628616589,-0.310636247014049,-0.319244621916787,-0.223622043279962,-0.464285291569049,-0.312242455847301,-0.103021948484335,-0.695042535901961,0.11209776022296,-0.0662913096201745,-0.463859019402667,-0.151241448721035,-0.374818762108592,-0.242226231951059,-0.181901985062105,-0.205258845794759,-0.476462738338048,-0.411946264651806,-0.262627975588023,-0.694791993796597,-0.248284504589373,-0.28935411426397,-0.241646175756532,-0.234454328797063,-0.332028360875175,-0.130325029739033,-0.159131138514849,-0.321214322311534,-0.220899918287715,-0.281579448167806,-0.149493085815033,-0.418803810333736,-0.154118527119725,-0.299056060250852,-0.597460863545565,-0.160639125226293,-0.202326163488339,-0.141895311400772,-0.437720507324602,-0.390645364873306,-0.492110431180884,-0.155065574973551,-0.539271348545935,-0.256233460419516,-0.189669152478045,-0.655372381360101,0.239290252002522,-0.334009220417222,-0.330915500524556,-0.165791348750618,-0.12167229966087,-0.452008103391866,-0.281621186134151,-0.125559104021323,-0.137723061637239,-0.20488407416142,-0.248071904590717,-0.170918330432399,-0.320783552866887,-0.198952132258221,-0.141435694979374,-0.325257293647553,-0.361455230637222,-0.299883254996621,-0.346787278302418,-0.18591533063655,-0.114797764757348,-0.184639730385792,0.232065728790642,-0.13306037167281,-0.177925190308686,-0.162695971529548,-0.272593475435158
"UI10-00021-Allegro",-1.54998814056401,-1.55288674801262,-1.60899260204099,-1.593075251778,-1.61594089736841,-1.63301660189265,-1.53315079046834,-1.59799390953458,-1.58045876101741,-1.63271727621547,-1.47680604276762,-1.58948124636943,-1.51589862873013,-1.50654102518512,-1.5500185171047,-1.25450141063134,-1.62388273472845,-1.58301187400556,-1.55428288876566,-1.63941426566294,-1.5824855050625,-1.82876489204495,-1.55845790308293,-1.54560449909776,-1.52344834293631,-1.56251822318906,-1.50763674841624,-1.59298631668761,-1.50439762797775,-1.68870970942665,-1.5362644038039,-1.51524829247892,-1.53261543534782,-1.45973002232683,-1.56288280721796,-1.4783499062249,-1.51305775042521,-1.48183170745419,-1.56983394366229,-1.64528305080116,-1.61534271314456,-1.54113889414517,-1.55369797499169,-1.56090677016627,-1.59764994321355,-1.71285215812068,-1.52648162489638,-1.60154709060977,-1.59295054032236,-1.47861727716987,-1.54539025134808,-1.57292997075041,-1.50224418831876,-1.57786559601576,-1.54537366644368,-1.52270515072782,-1.57490914943388,-1.54626422984235,-1.51976859279961,-1.71815739640092,-1.62440737636432,-1.56557030154984,-1.3316612612575,-1.60297135414671,-1.61096023315577,-1.58179543957852,-1.6137225903137,-1.72121836732489,-1.64159954199112,-1.63549164073008,-1.30810910939186,-1.47651728519653,-1.43159438122827,-1.55407288703775,-1.51478652762039,-1.56948736795056,-1.47273516034884,-1.59215469091034,-1.53156535283503,-1.50056369133815,-1.64938011573056,-1.5293229159557,-1.62440768822808,-1.60634038678219,-1.53771233984304,-1.58885962529674,-1.61051051349394,-1.65290760382616,-1.60253167542266,-1.64138790599394,-1.58436557728184,-1.56090318918093,-1.60152302839546,-1.56953321912929,-1.62090087567294,-1.55010927121723,-1.69253298614939,-1.56757077232379,-1.55997491629386,-1.53500839236045
"UI10-00022-Altweibersommer",-0.0106701820888309,-0.072068964451471,-0.109223600299025,-0.0891275389821157,0.0462565048085559,-0.0319056507041316,-0.0395105734949762,-0.0384618305563181,-0.0362396904075589,0.166246528099658,-0.177243050540262,-0.00875300856992619,-0.0714947704233694,-0.0416810181520024,-0.028632627892705,0.0195877369414031,-0.11727257896735,0.0502049612353496,-0.108298897458681,-0.0737889402931205,-0.0298774354108334,0.0854647434017368,-0.0735633014834204,-0.052345054278129,-0.0387124539948793,-0.101502380898608,0.0185268188390238,0.0215011816461985,-0.0828465675075722,-0.105035201536886,0.00320903799114879,-0.0064810932458957,0.0129398325193005,-0.0187122594747806,0.0151292380393239,-0.0536629387887473,-0.067600183926858,-0.0778408296527889,-0.0946605068883494,0.0621370761706193,0.0157001552766962,0.0180569248082459,0.0097149527031945,-0.018671397216235,-0.114221587151145,0.0587699644515436,-0.110724664883978,-0.075083706326268,-0.0188194319446508,-0.104449149423898,-0.0676533626025251,-0.00865203468986021,0.00814441589965507,-0.0163807196836931,-0.093796212393215,-0.067673008767107,-0.0312587674042751,0.0502767678323542,-0.136690387520757,0.0419319893933818,-0.0548716449043897,-0.137687270027548,-0.140706829466119,0.0286341774575926,-0.0761457668226594,-0.0352527399312791,-0.0151357399349322,-0.13689070166477,-0.128537440955396,-0.107686505815544,-0.142359394101841,0.00075038119232488,-0.0667891817842976,0.042500850384056,0.0538589775200674,-0.148136821257947,-0.0655436234932973,-0.0712997958279348,0.0958359019790047,-0.0582391173957087,-0.162669170948393,-0.0145678307659411,-0.0143211508593875,-0.0314124389190852,-0.095428542474108,0.00617479752121225,0.0108757559808823,-0.0652243124523913,0.0364092655277354,-0.0325298336925174,-0.0228012272581635,-0.207722719203877,0.00837282552949162,-0.163852447330573,-0.0697917342854138,0.0539471873755889,-0.0835841110329033,0.000449014162447369,-0.13560365128115,-0.127421485240816
"UI10-00023-Andante",-0.0986076028296955,0.146274113288722,-0.171437012554096,-0.139975932670317,-0.036175856038603,-0.170232676220572,-0.0190430919372181,-0.0335417539448224,-0.0903929114403165,-0.247189796120802,0.139941622889048,-0.0597736977135644,0.0553615167500887,-0.115524740954186,-0.176524240442344,-0.204493682509584,-0.0134889484566696,-0.0164709469256103,-0.0330417737204045,-0.00942810785052371,-0.207922515549167,-0.159498760316141,-0.0628232677401226,-0.116520201618793,-0.0378378235602096,-0.0445235148981374,0.01085928485866,-0.0484065249724366,0.00793239980747,-0.151848360618935,-0.314201619904504,-0.18217864379039,0.0514200320028549,0.0912537918982853,-0.0703548407401693,-0.0614660822673318,-0.118153058976154,-0.101158009713205,-0.0875472118386569,-0.153777440886592,-0.0511856230870235,0.106993406483282,-0.0957862316406256,-0.0790260527431645,0.0269937428376939,0.0029221661568417,-0.0336240965422148,-0.131887824880586,0.0624568941983348,-0.10848554147874,-0.0924855289505092,-0.131193324775181,-0.0870579916406909,-0.0218914080942431,-0.00232956673782117,0.0154206884834231,-0.0853453736239731,-0.0358243211104439,-0.120564365051439,-0.318213833073139,-0.0816802161560481,-0.154457412171252,-0.191440288444484,-0.0674692712469607,-0.0897153279933564,-0.074932776384191,-0.01545321870297,-0.0842997146312944,-0.0658493943847459,0.039176065674462,-0.226911130991262,-0.219997130685812,0.0787087165056388,-0.0810413997025979,-0.18937149407343,-0.00984127983726738,-0.143525535555545,-0.102460939115148,-0.17446869556214,-0.140980567725461,-0.0562465923752563,-0.130004606431752,-0.110447526709621,-0.107263731506412,0.0212481651884694,-0.143974854453584,-0.13348010268965,-0.0837130685354635,-0.074000506915549,-0.10612040072733,-0.00963532116150791,-0.030807514234401,-0.0594660019030752,-0.159716525982346,-0.174995719856676,0.00915893914196853,-0.059659114118122,-0.0451783286152168,-0.167202521699431,-0.0636053826308748
"UI10-00024-Arabesque",-0.0607321504875605,-0.298494350841782,-0.207926441144591,-0.374229093967734,-0.277251827931433,-0.143919742588476,-0.660818310127714,-0.154050127916383,-0.258557813575738,-0.133354737599153,-0.20370771409498,-0.194024670787815,-0.611795888962174,-0.225816612432785,-0.0838612816260021,-0.304605345407341,-0.0919885436231316,-0.155547198178469,-0.256994222527624,-0.209599541350463,-0.174127896175366,-0.0578031713239912,-0.166253137639214,-0.29313224113597,-0.15142617412203,-0.325375562866803,-0.0573521303232544,-0.369249896595525,-0.177697976084739,-0.133138081552453,-0.229421775362741,-0.197149653861124,0.0142052403571756,-0.176417970637806,-0.280075714766701,-0.251450440866997,-0.224164175772281,-0.521229858004917,-0.154464798914506,-0.131154801877496,-0.138159898535473,-0.169820963549678,-0.117664960466385,-0.171861889858452,-0.221895148917762,-0.268740710924582,-0.202238637252879,-0.317609654300312,-0.340173533632037,-0.151766273328038,-0.50386164628228,-0.0918127009701549,-0.268287145918827,-0.338977342717375,-1.00602908827072,-0.31093361471213,-0.0373980804064318,-0.232702998778045,-0.464266604883407,-0.229978950388121,-0.309908130925195,-0.236215178995535,-0.650980265055948,-0.256691949074126,-0.309892480972159,-0.265542283994981,-0.300485911629616,-0.619704563490677,-0.32701129279712,-0.246575771439902,-0.59040988069861,-0.269838954133779,-0.38205873859478,-0.271066509594293,-0.303313719633755,-0.496286906279428,-0.16023535685954,-0.209183049379718,-0.210201858741698,-0.166331657890925,-0.331814208639513,-0.253658953348016,-0.227161041102528,-0.645440763006278,-0.129831069865487,-0.226445773147131,-0.0558467148198107,-0.23273642316669,-0.144573437356254,-0.133272891688152,-0.0930097691398644,-0.255922547998669,-0.200964135920414,-0.295807706713478,-0.261182302399455,-0.153756319412782,0.0170282700525037,-0.277931217565476,-0.302375374508632,-0.123509178648143
"UI10-00025-Autumn-Light",-0.230011240663258,-0.171251022128117,-0.255487307133958,-0.485639529563055,-0.348301952759878,-0.9635757974973,-0.352398900615478,-0.418827237835409,-0.345656659096841,-0.55097969245145,-0.197333443404503,-0.201351381267368,-0.431713934540003,-0.350011440806041,-0.254484067220469,-0.0865658245898799,-0.388063601921649,-0.375170228354009,-0.295467501918512,-0.169418003788984,-0.343959474410947,-0.377589433764104,-0.301397576877333,-0.326149816635637,-0.284031727516524,-0.276820031172457,-0.464614923840857,-0.29431782541428,-0.30236042463813,-0.206424093901816,-0.226763813285729,-0.317113745624609,-0.357775264957267,-0.215000675740894,-0.376674579321667,-0.914380009328664,-0.473413751852152,-0.310519928403328,-0.130630826998622,-0.388993437215661,-0.362823668891721,-0.387385098867275,-0.326597376284486,-0.343362458096617,-0.206068823874425,-0.0752872534450603,-0.22531935987871,-0.327283403045831,-0.193221641864864,-0.251883180883468,-0.349632329823372,0.0632997616913728,-0.320600207193382,-0.254740982211447,-0.166066221024833,-0.225928708965947,-0.471415545781348,-0.327956306088717,-0.433838110887298,-0.318454685620765,-0.391123450243232,-0.201844792426134,-0.430836224248309,-0.358558872628347,-0.158651273306794,-0.0665831715528309,-0.231365622946926,-0.403636972356768,-1.2842494052626,-0.409348123957049,-0.12716493379788,-0.216009773971709,-0.343221151579399,-0.305380930453762,-0.205941113664206,-0.867442342232391,-0.329209977672041,-0.376443884769414,-0.177891913148971,-0.326189810286683,-0.0512634524108316,-0.442595899806586,-0.31222206316865,-0.291646342548614,-0.512256766428621,-0.83603975646849,-0.343282532794894,-0.29848376514443,-0.162494922441757,-0.35705458377198,-0.440431494425669,-0.332830531417053,-0.664750559284533,-0.252604935453696,-0.276936046376235,-0.334526822857405,-0.193856581982832,-0.466229494063353,-0.360170843813518,-0.631710863346679
"UI10-00026-Ben-Graz",-0.373139751529854,-0.394233086320758,-0.375956656422636,-0.508670724944795,-0.301463442174703,-0.358499338502396,-0.357239546010556,-0.209164752404467,-0.343480858433363,-0.575322924741613,0.0609352823261421,-0.546619405250648,-0.410027966017434,-0.47657695508673,-0.303829590666154,-0.487725701819403,-0.217182702900442,-0.341361286759884,-0.479691753024245,-0.343443841106985,-0.273479017013446,-0.318972829138976,-0.341815459125642,-0.622279176204649,-0.31325043959128,-0.0421784365562278,0.132529323984999,-0.379986788150048,-0.249533412760316,-0.367181405344665,-0.401309028316004,-0.768126647631961,-0.356206359105333,-0.403547047580669,-0.323280295982262,-0.355667581846405,-0.290004353220185,-0.260626946091537,-0.197599094925122,-0.417370644005754,-0.66202384468468,-0.409149682805914,-0.673027237649035,-0.281176558963645,-0.312436980332249,-0.3686026013046,-0.445355592968688,0.08818184588387,-0.316822901307393,-0.805792660284744,-0.262862840169822,-0.26980399987669,-0.207344313099242,-0.322216357280912,-0.396051125268417,-0.312773484825352,-0.481124817816537,-0.662517106425313,-0.22075487471256,-0.341797636522754,-0.226998879082266,-0.645283295206809,-0.471431355854637,-0.365381564983393,-0.516629819388109,-0.384621245976247,-0.634877548358365,-0.440899665930408,-0.335899736689128,-0.393823004459441,-0.336767989939841,-0.236241772214121,-0.280973624531005,-0.191710462297283,-0.667230434619504,-0.277142714380937,-0.145366639631664,-0.315806486898698,-0.726602425415546,-0.764700475241259,-0.308080345801925,-0.32084375949397,-0.352593692858673,0.118420803426033,-0.714872866661182,-0.34104518977871,-0.232639521319477,-0.237702945556869,-0.399578204916377,-0.446491592444311,0.045061179307687,-0.939066300266656,-0.349979472645638,-0.266613666554867,-0.368304160738591,-0.263467070818203,-0.299849916638351,-0.0178329443349198,-0.358897758551873,-0.330223564480811
"UI10-00027-Ben-Rotkopf",-2.35800673081221,-2.46897256405519,-2.43590766264666,-2.32045382628693,-2.57438103926175,-2.58804781536944,-2.3935852928657,-2.5257384870063,-2.33698231108844,-2.77573062932022,-2.46889557877967,-2.30648322899186,-2.24788528343243,-2.44709007992899,-2.32450905033604,-1.89314104541717,-2.41482186503885,-2.50103950851927,-2.47340542495132,-1.72632768038375,-2.43746993641657,-2.57548097883493,-2.3567684957748,-2.46872004920005,-2.30212502482986,-2.51410033034568,-2.29740913748757,-2.33288958229993,-2.54094719408779,-2.52329279645694,-2.36266914630681,-2.33480467764791,-2.32373470322361,-2.50839926614087,-2.39308565428121,-2.52349171446834,-2.27050079444752,-2.36382743704819,-2.5024737269533,-2.52295022672495,-2.34992536394305,-2.64748701204134,-2.35724465449817,-1.65620505892003,-2.46153430676152,-2.7279951738833,-2.54341454466016,-2.22267338263953,-2.43702220112678,-2.33008625828525,-2.51930404699724,-2.31273906321157,-1.6405182937234,-2.55873539186543,-2.48343563555216,-2.43189480467728,-2.30971278908717,-2.51254749957321,-2.54851855156349,-1.48025446775602,-2.67972661554528,-2.27946757763321,-2.48562037299859,-1.76603807928268,-2.2087965349356,-2.4294377307215,-2.52894426400592,-2.45749334084806,-2.55925058847537,-1.63416327163793,-2.33353841125119,-1.51047181139712,-2.39441823267047,-2.37026273994256,-2.36433203306865,-2.36057092202224,-1.52081450346805,-2.40063164602638,-2.40391228540532,-2.43482336346598,-2.57934169392168,-1.59536561898794,-2.21992730185796,-2.50258623935733,-2.42035746140608,-2.47563040472069,-2.47852321889478,-2.25642033501349,-2.26369576112012,-2.22879777704613,-2.45846741801217,-2.4065622578608,-2.41276933478744,-2.30046831823912,-2.37551715900248,-2.60665658179029,-2.42527055226889,-2.30673845971221,-2.62291576772648,-2.51806933560915
"UI10-00028-Berlin",0.555618026999735,1.23198422034137,1.07230426810179,1.13562981374423,1.13606814110689,1.2939671047742,0.639439441931765,0.631989729910092,1.16845775505303,1.33156002035251,1.19702569173206,1.17905550707275,1.21595169741202,1.08026469227906,1.0671902727908,1.24837179639074,1.06882738228811,1.16763045292427,1.21047920409886,1.03601870869418,1.27027234675033,1.22947603851611,0.660726867254796,1.1395437818078,1.14094334796418,1.11256593378132,1.13725326212804,1.1426538547925,1.1364648405272,1.09729883172196,1.18808112317049,1.2545557391741,1.17727393767521,1.10990497714743,1.2864996265729,1.34922859674341,1.27796003649266,1.09995162968933,1.25558390369025,1.25015437892476,1.15689099515285,1.17351372028319,1.29414221645258,1.13394345038254,1.19937777945748,1.24507878876097,1.39305436178468,0.701585048856275,1.34469546580305,1.06529639687045,1.35093854041381,1.26306168311015,1.19506616017042,1.15896227604708,1.19987081099701,1.20645259071817,1.18290521921128,1.18748847261327,1.37390339245314,1.22016114572182,1.21403513124542,1.15369109995098,1.18159112254537,1.14470665356772,1.14786028191087,0.911166148701892,1.19578971669757,1.09390419073357,1.32684007371101,1.15320682427402,1.07908247091119,1.20196497969348,1.13662556236329,1.23868876405011,1.13580908538287,1.16431504853197,1.08604788525259,1.16525491106807,1.25816210155337,1.20230353382937,1.14735169104553,0.687020290758462,1.19978410781663,1.12875703613034,1.23328179221478,1.22866314132629,1.2334952012702,1.21412828087866,1.27435994227823,1.0865031814614,1.26952486177122,1.32116679092835,1.11169587215754,1.3760850349078,1.09236671190936,1.1291519470638,1.23718252360408,1.12702465056255,1.10292515692549,1.20884402317063
"UI10-00029-Bitsy-Ben",-1.71195971900667,-1.72361274336841,-1.81677340792806,-1.78141038857856,-1.68646186069577,-1.76078434645112,-1.77694294476602,-1.71707259611035,-1.76748649611818,-1.88305000379312,-1.82912588357446,-1.38458992037445,-1.8475507777258,-1.2838680739534,-1.87412430321091,-1.69748121798762,-1.8091564035194,-1.33702391672424,-1.74217643142232,-1.75188792592156,-1.8284504930493,-1.26432832107199,-1.87293305327987,-1.77116492735974,-1.94948469782039,-1.80065307006302,-1.69346554378128,-1.99154517550297,-1.71253239893382,-1.9140880063574,-1.89197373539591,-1.70559304740211,-1.75086520049348,-1.93819923105171,-1.7543592782546,-1.73994374682392,-1.92538284315689,-1.76897879906153,-1.87830662790639,-1.63015042871012,-1.73574109126966,-1.81205450844867,-1.72940154221768,-1.81005802469208,-1.70005617142833,-1.86653435089643,-2.09900321724297,-1.42437224243355,-1.63314370170282,-1.86836705482773,-1.80451929343668,-1.91867949094723,-1.77592120832675,-1.76934019981303,-1.74150403637669,-1.8418784790035,-1.92103560427843,-1.9222130672517,-1.82179144477788,-1.7897090944412,-1.66831675954391,-1.87217624835111,-1.79020110279773,-1.91074629886805,-1.79015713980663,-1.92276866987361,-1.8724291691192,-1.91485464719426,-1.70051759387912,-1.85558431359731,-1.8684197023529,-1.95649458414336,-1.94483194375595,-1.7390895441135,-1.71882572027317,-1.76269888156894,-1.71628943023067,-1.76706392083084,-1.67962695071421,-1.84276384199791,-1.82844762438533,-1.8179206317278,-1.87080776141735,-1.7849930581026,-1.77241374146496,-1.221619341473,-1.83582900746547,-1.94916261893634,-1.73407311403196,-1.74860350721361,-1.89626238795495,-1.78399285880121,-1.81440035335766,-1.75650297571406,-1.79355929323181,-1.7459126446737,-2.01395468413148,-1.76264921821296,-1.78366091718743,-1.78235447225392
"UI10-00030-Blondo",0.176592714875752,0.27718901846853,0.318641260965238,0.0125659001385095,0.323596748980766,0.206784316432293,0.194005089683925,0.323039558491014,0.189884548365472,0.26370238734703,0.212153045998825,0.252666083820349,0.254832290361582,0.330884278970967,0.322344635069838,0.24621040663767,0.300204072927926,0.219915672254761,0.286518367831778,0.269518125629917,0.236027983206789,0.1371311409945,0.216188457714799,0.300327312567152,0.285586833365894,0.252738471038841,0.267878707140297,0.162676522210722,0.336293604194767,0.240606800885861,0.210236034799859,0.229025768169218,0.239732301566803,0.23354969681225,0.284248384159819,0.392001982622103,0.151339485768552,0.365537410498909,0.341102400179763,0.287672293516166,0.294498615089673,0.273925016087778,0.195828723357288,0.221563211030054,0.303750940205691,0.17691866983654,0.155823106002859,0.275054185594097,0.26542430450927,0.336663609911573,0.162839630784705,0.277107025537533,0.315841001671432,0.333749618839203,0.22624043771192,0.352989471729518,0.230468851315204,0.370552498629953,0.167764984554176,0.250460375886839,0.151597470318567,0.258606759264117,0.250125002917813,0.14181974437315,0.226545385237602,0.215377829745882,0.221587005886471,0.102985804998313,0.185288745640083,0.158335658821138,0.220535714736008,0.29291721041751,0.303861675420667,0.186787072182787,0.301811224721307,0.339003063501024,0.306711163312075,0.269276399826283,0.223751149575573,0.284086811128374,0.234468044764343,0.257596764567673,0.167383277672556,0.256235018291435,0.221472738719124,0.195782949218624,0.206063964460082,0.227467457283943,0.135157252877583,0.251894636899292,0.270979311266815,0.31338454507912,0.268537747934511,0.0737931380261567,0.296546686810486,0.234348583116855,0.336499011274295,0.336143634678729,0.296373614094851,0.194195748440471
"UI10-00031-Bluetenwunder",-0.80974916910944,-0.658448232155574,-0.749713630409917,-0.652636973367345,-0.562364668459013,-0.670099148327576,-0.634990111261153,-0.952875881189105,-0.59091000532968,-0.904213799395916,-0.818681239076055,-0.655463694087097,-0.734944517159859,-0.691155157868168,-0.687648580439447,-0.809787680426342,-0.488730594936372,-0.768934136382177,-0.61800992553777,-0.609819182508664,-0.558683720551927,-0.681394676058186,-0.737770271276138,-0.752971038811564,-0.442989831374643,-0.688754110748549,-0.759815379652093,-0.62009700293115,-0.782526650073591,-0.688202035900169,-0.706547748121498,-1.00682777221677,-0.775894222242943,-0.729844739604164,-0.716754012307253,-0.601586705404885,-0.664620025515135,-0.891733556268723,-0.620468832286261,-0.692070203474152,-0.608091035134284,-0.589028550545582,-0.754170075146167,-0.708526875200913,-0.573061588564515,-0.718943717643274,-0.679450328905201,-0.640741838274554,-0.907981280744384,-0.579701619911502,-0.68161665496397,-0.760316788958147,-0.753561211218759,-0.786566031026252,-0.686190792488031,-0.686617398090922,-0.667741368573197,-0.710728130278261,-0.642613636456799,-1.25198341527109,-1.11987160362551,-0.542333089295787,-0.685509262121483,-0.887449452290371,-0.547433811886537,-0.689049818566158,-0.64154396782174,-0.768956454421473,-0.827287009394861,-1.01988679989785,-0.719031599717273,-0.633164155270192,-0.691214165519431,-0.607404400959011,-0.810793998696028,-0.526572033758342,-0.676714063376208,-0.569236532640548,-0.908666844013853,-0.521718268606973,-0.7385007531766,-0.827625063114673,-0.640385019908842,-0.904113493106446,-0.584879450824603,-1.024254498748,-0.704977114163516,-0.851777927441355,-0.720495614413663,-1.00493808838861,-0.519364791118575,-0.639757421616118,-0.745859074668146,-0.700955392496736,-0.698335624608123,-0.523480994091461,-0.62346099339034,-0.72589255367609,-0.591743962413521,-0.787286825245391
"UI10-00032-Bodacious-Ben",-0.198649425067025,-0.174247448192714,-0.174429982847904,0.0157181569366111,-0.277435216091965,-0.317479664958549,-0.234257457326132,-0.271667891812728,-0.341083977179571,-0.0214436130399849,-0.26134252300067,0.109731621011051,-0.158211171303444,-0.213451913705406,-0.23293916523985,-0.0404188259049224,-0.0802232846630854,-0.219142279429993,-0.00478021488891019,-0.203806214946845,-0.313844664806819,-0.222568234182364,-0.231243547245474,-0.102499381452604,-0.151560300874926,-0.193020639604266,-0.292264383960377,-0.47017604057648,-0.415461376541236,-0.298637177962297,-0.275727433211931,-0.13688244225282,-0.34838932797082,-0.248550733809647,-0.111341357375296,-0.0975547594038978,-0.233141802210901,-0.433766021794931,-0.282413836600041,-0.212834721278494,-0.267804835381364,-0.163808116940616,-0.225673591526753,-0.129362041797738,-0.200438324908649,-0.397028668492236,-0.260418808561175,-0.248801911638021,-0.100038960254554,-0.0958659827379382,-0.436483514366576,-0.231032158501264,-0.129417930847794,-0.237106862680324,-0.279880008502904,-0.196571589373794,-0.270559321941209,-0.132520905894953,-0.128457086723209,-0.275098625786747,-0.0966813134843909,-0.106167989267057,-0.200770704977504,-0.159616815337135,-0.253250896187462,-0.339853045919208,-0.265984478803577,-0.180555355229141,-0.510916874808657,-0.145909174900904,-0.225576493120624,-0.0613776929615376,-0.217271311712706,-0.129043245201742,-0.172349159441694,-0.0184757270271057,-0.252642874073115,-0.107856198551789,-0.15289118067096,-0.120356643089063,-0.277798176170946,-0.161849584687465,-0.251535965056817,-0.110446419318931,-0.293203028562281,-0.303874461891797,-0.159130545888224,-0.232591791517302,-0.158509835100775,-0.214224058985479,-0.236338576470609,0.166511811593227,-0.0601404341203362,-0.191751521108301,-0.128249239678444,-0.318144469270616,-0.1418012942988,-0.180988726415525,-0.279098436319359,-0.252584167824068
"UI10-00033-Border-Bandit",-0.743238127279098,-0.782358677772586,-0.497045730301802,-0.596113395412831,-0.384687401623658,-0.452916717394063,-0.522429332871981,-0.66319004067643,-0.661889798002481,-0.498720210603717,-0.666104146220863,-0.851001436704214,-0.742811314537559,-0.546535985396081,-0.669469494030536,-0.735880063191545,-0.548326846312631,-0.923482133791439,-0.78849174016723,-0.760864569798838,-0.840107539359302,-0.599019178573501,-0.646548037533017,-0.719792562730361,-0.614160348789642,-0.856649876181099,-0.573570407489868,-0.569801258173355,-0.700326292903913,-0.800323254727862,-0.66378177822337,-0.392095729346022,-0.672737543212162,-0.690103075551547,-0.67400178884751,-0.459208148360581,-0.713562012346742,-0.951284053877982,-0.851618486732409,-0.390254038665872,-0.617930336131953,-0.674983746901192,-0.710436763585634,-0.714048607377393,-0.742131711295642,-0.717034047128637,-0.781280314574585,-0.812898584890094,-0.67270773662895,-0.674405322226389,-0.67877550530596,-0.864181804505693,-0.900347933258031,-0.73886929207605,-0.690931901729236,-0.709135090364109,-0.691909121736498,-0.778025995030451,-0.788825085816359,-0.639516687709982,-0.615079539020567,-0.661570659402162,-0.638839334880287,-0.482210559291978,-0.83817246172226,-0.492528242118075,-0.6002573236544,-0.691985258046401,-0.404771664350085,-0.697031919925367,-0.692639805716462,-0.690279413336009,-0.656465450514923,-0.559214204820485,-0.575388367695954,-0.646108144530058,-0.764061563297199,-0.678583920569432,-0.692642723051988,-0.757067697587446,-0.44176387220003,-0.738638604398443,-0.788981677867421,-0.754658319203243,-0.764518885131251,-0.609804983107463,-0.485723930005939,-0.4695897856389,-0.712236838322131,-0.446290849469476,-0.556983459118936,-0.669664148751212,-0.625493703117652,-0.592984686900706,-0.653329786181691,-0.642203423466344,-0.908633362095595,-0.866027952752753,-0.795025084509215,-0.802096517642066
"UI10-00036-Dixieland",-0.471574060538432,-0.500852459727908,-0.487061050093336,-0.503603271020184,-0.516295563653806,-0.523062784989823,-0.146774379526371,-0.438246105941128,-0.83719654570291,-0.51707621326477,-0.406008754930749,-0.283022114951963,-0.502167981339583,-0.535461787565577,-0.470083881495357,-0.501020026208105,-0.485891887458818,-0.568837345261171,-0.41873378564751,-0.466448074101634,-0.663923079585188,-0.869468861104047,-0.402447192182427,-0.301309695533259,-0.428720785311792,-0.475244443758225,-0.321930043200506,-0.146874743805311,-0.50902275602324,-0.617960729060072,-0.494626720540254,-0.509342443438633,-0.442515200451264,-0.482019489543673,-0.454852397552066,-0.45679442686302,-0.808798779044107,-0.363294681671507,-0.689253166868302,-0.891677388666982,-0.555990047938449,-0.121036952412861,-0.529925387534575,-0.426377386686846,-0.483363191519567,-0.700145148630807,-0.569623247395321,-0.360917319127994,-0.238911174285265,-0.114301785088846,-0.475687815669565,-0.608980660932168,-0.799508987567469,-0.461375323220375,-0.375565427528365,-0.45292663540873,-0.439758354584302,-0.437297641489333,-0.527515449367364,-0.418446365457929,-0.382621834267807,-0.628705022407113,-0.365320057153391,-0.378653615788967,-0.411207421309113,-0.408973147195836,-0.435808609239128,-0.433733679252308,-0.875592896451908,-0.467852685113422,-0.399567158637524,-0.315026940589777,-0.800071772914753,-0.706798714387142,-0.485989410688525,-0.413365563227572,-0.632170292112624,-0.50610147932215,-0.369467484789218,-0.496298264432562,-0.449412404482257,-0.94986116954743,-0.413234665619415,-0.559882310615737,-0.396592886797497,-0.374859684611684,-0.482494438299755,-0.523621528418818,-1.05343827718879,-0.519553071064379,-0.391409667730045,-0.525288397924845,-0.417032463883007,-0.0972300663101813,-0.402190676759018,-0.303182494545033,-0.461876990859574,-0.437664395447081,-0.423848901897549,-0.525962153018547
"UI10-00038-Emerald-Shadow",0.398145600638839,0.302819594184592,0.14151797860088,0.253036484312948,0.195810329137972,0.526977561779452,0.258641694037624,0.305763760252601,0.194543869753223,0.293182476888596,0.301291913369287,0.343425417553068,0.344174528041745,0.191811611847568,0.339004919097011,0.275307732106624,0.283972187915849,0.22206589853538,0.326766451361693,0.343627065826095,0.256698670488268,0.243750733109521,0.270716853176742,0.233699286228917,0.219212315033699,0.263890688960506,0.252690682212252,0.243953726468422,0.259735801112521,0.352680553108692,0.263905117768935,0.319841145455795,0.282587659838552,0.280831400688741,0.257127472387651,0.172033411381235,0.263983224661456,0.225497289901571,0.210085663406695,0.362405389259944,0.267935384314888,0.465360436180714,0.236755689578435,0.374506835339924,0.297392681223916,0.24332319830677,0.388422457295809,0.376674532323477,0.378702724505777,0.33387577567406,0.292873022917912,0.267668300679396,0.328936192331217,0.239049788699095,0.240855102316613,0.305321239629475,0.308381746466117,0.280470005306129,0.338979587162447,0.255321609595518,0.21723661042649,0.213435092664193,0.222686730209867,0.322049768812939,0.288974878590712,0.182855576179329,0.251297110209307,0.282075515687194,0.246850603068316,0.267506126038414,0.322803887361479,0.375286114972517,0.312882496433365,0.287669330807716,0.306487553042886,0.249636269539461,0.1860853150762,0.287487041397703,0.315067202595527,0.320534847593571,0.160304048819528,0.305202045050539,0.242707286283945,0.220558743594507,0.225319355658111,0.197804590679874,0.222760170976762,0.354718382642718,0.282619268741021,0.319192362940688,0.31613752059085,0.211240692138459,0.322675386750766,0.300079802695826,0.283586150140979,0.194044514498617,0.274941287192169,0.364810296221316,0.229833826196742,0.293063349364473
"UI10-00039-Emmanuel-LePage",-0.127246198966822,-0.198250484785544,-0.154065808878944,0.0166159162957393,-0.0809824374258456,0.119208688795951,-0.185584213815004,-0.0630097017121855,-0.00697874548359832,0.148446804745876,0.0656841932104399,0.055991886157554,0.167330306789312,-0.00744977846413708,0.00436493657742213,-0.0398718872831896,-0.0628052713191672,0.103465413906688,0.12893377848853,-0.127720112196849,-0.0954155808615418,0.0437951408581248,0.00514935641348803,0.126192619672011,0.0522862735106373,-0.119631130729045,0.168462186845834,-0.058910521878413,-0.0864865359793732,-0.216994222664445,0.189184428520422,0.104173085596816,0.101220051221573,-0.180495029281938,0.134502411950502,-0.00847952801687685,0.118154900789477,-0.0113325854299165,0.0963355088001124,0.0239474719179084,-0.0312812677449365,-0.0660237136681131,0.254073534098645,-0.185714406443011,0.122241430066605,0.126096139414237,0.115046104083448,-0.0805217103839913,-0.00616265737247926,0.2382773341496,-0.0202998742545408,0.038002305535481,0.254512283554114,-0.0180336640993627,-0.0987536497477575,0.0859193898599106,-0.0102892079024383,-0.0220515934601785,0.00153294942346814,-0.16871491050914,-0.146196349658784,0.191788527219422,-0.10869474465641,-0.0213038896707543,-0.151608635195378,0.0621518398811756,-0.108573140158323,-0.0533323168892627,0.0821426580982848,0.00754622509969349,0.0882247932901913,0.150769278966674,-0.00380138161077657,0.146218800872339,0.0315241578896547,-0.0661217477206009,0.0772062760788052,0.0834352793016887,0.0891794495305499,-0.144675044703401,-0.00716451239394162,-0.106533167287494,0.0203712025791297,-0.203958092172961,-0.133470996990439,-0.0525846982727086,-0.0884999922941009,-0.0268634456362693,-0.0881189657645109,0.161342535495498,0.0441810765551012,0.111080826948058,-0.0229833680575801,0.0690130244434689,0.122793499798839,0.0127667490109719,0.135183923283442,-0.208749776065472,-0.0298474305358835,-0.0636841222780354
"UI10-00042-Giraffe",-1.15209816030524,-1.21453582368921,-1.16883398353096,-1.165425500684,-0.705301603311484,-1.15265203537387,-1.24257209764825,-1.12238505378289,-1.12767931161008,-0.957001137713714,-1.07935261780754,-0.785147031450401,-1.19249684029533,-1.17885377232946,-1.12271861688342,-1.15160909612119,-1.66901496887535,-1.04858904819232,-1.1720899376453,-1.12809714830021,-1.07862028177278,-1.86202551670373,-1.16689954496972,-1.14786908805794,-1.13001898845759,-0.821283730744523,-1.1753311718124,-1.11236193024508,-1.21374663454145,-0.745626107300562,-0.7653393744046,-1.18948087075046,-1.15806038363801,-1.18120700525487,-1.1445812526328,-1.1940054189547,-1.2707010466613,-1.15429239159105,-1.18854782140999,-1.15683488745399,-1.6267712308694,-1.14260492636551,-1.17694832431305,-0.820847435031671,-1.05738688822974,-1.74645342002874,-1.07774904379388,-1.16888859885246,-1.15948446254021,-1.18082307945283,-1.1940566257289,-1.22553266016487,-0.774890431317184,-1.20291034932191,-1.17017488848193,-0.803115033578145,-0.788825349171851,-1.13194325400911,-1.17308150869644,-1.23096636242557,-1.11273616892636,-1.14410429928947,-1.19836198279338,-1.21874547283046,-1.13742177130302,-1.22857736292991,-1.18261676632569,-1.78233772674901,-1.08030209488992,-1.19490174317376,-1.18412554853045,-1.17901713182311,-1.12522515473556,-0.832231810960568,-1.1816815921038,-1.05699460801514,-1.12959190701091,-1.29268284666387,-1.56800543082754,-1.24974968153044,-0.839698452038979,-1.13997567778504,-1.11782224984856,-0.746455708405033,-1.15223333421191,-0.852515087221925,-1.64460021071414,-1.2220375355366,-1.18193376736559,-1.1421788248212,-1.18735169009294,-1.21068772285562,-1.08728554099627,-1.23101101080235,-1.10437584379073,-1.13688145925258,-1.22421933701834,-1.18913063153539,-0.899802355217964,-1.0623368483534
"UI10-00043-Gold-and-Silver",-0.944849917856097,-0.694241294121923,-0.980370773282,-1.06022769184635,-0.820761551889025,-0.880928957579412,-0.913248013140154,-0.359217474174878,-0.949995874364897,-0.818110022570716,-0.913458168405993,-0.902565232416594,-1.02021547161436,-0.886880528083489,-0.35511421739284,-0.837016132908747,-0.863929892107853,-0.827541329342138,-0.92597349355709,-0.855103509879386,-1.0398206703532,-0.854345898805444,-0.97371542795289,-1.02715155010271,-0.96404905317997,-0.808523110732495,-0.87690959592375,-0.857734116482238,-1.06396920470679,-0.923716072387877,-0.960320301839826,-0.92967387817165,-0.910428613570623,-0.894033095548744,-0.990402456816453,-0.935158604745531,-0.905609420542785,-0.86100064864984,-0.934245325161174,-1.16872905974214,-0.886883508365208,-0.881489680856971,-0.852283894018783,-0.984348502674649,-0.770794224087656,-1.13467192465549,-0.949134907265808,-1.07527350329438,-1.01787012409779,-1.23781800824657,-0.943769880325436,-0.924758030303018,-0.890518763968128,-0.813564379701794,-0.826826023750207,-0.844695770875548,-0.9637286683081,-1.01951176789002,-0.837067405531242,-0.79654050438005,-0.828813847674198,-0.948312331097361,-0.86907598474435,-0.900395659137807,-0.984655854253537,-0.920316855956526,-1.0700077429884,-0.832637607912137,-0.834471858436216,-0.95331134593227,-0.402818144686515,-0.887907970319392,-0.907836010416627,-0.974167844176076,-0.858442916323861,-0.803797634411948,-0.917964333920049,-0.980767926526651,-0.898888313094983,-1.0995191797456,-0.827046683270756,-0.959600102050984,-0.914099629070157,-0.848268722991317,-0.854053564078426,-0.916705526389661,-0.977085830014697,-0.885075265368637,-0.935257117017271,-0.971986231674657,-1.19437750938585,-0.898253694190732,-1.04609738477784,-0.931817574194774,-0.872135054971442,-0.696470974223967,-1.0142573998852,-1.06880642133426,-0.790185595770971,-0.799782416385867
"UI10-00047-Goliath",-1.4392448019896,-1.694097775816,-1.54148855354365,-1.70930419286054,-1.60681280452605,-1.50895424394546,-1.45680447598247,-1.41859920180391,-1.47839440362632,-1.57365355416655,-1.62589965375418,-1.53096805720415,-1.53164576467862,-1.49372479389842,-1.54609231112024,-1.5760353917081,-1.48611109263153,-1.74812520320556,-1.59173562224945,-1.46700703586996,-1.41961837926368,-1.64877784882331,-1.61088901909812,-1.45155990086455,-1.4392021790658,-1.73963588376493,-1.53964938045392,-1.56403245018851,-1.41342864867199,-1.44165640001133,-1.50005776624156,-1.45605314429197,-1.5225735890185,-1.5234220062401,-1.62100731733492,-1.74223718429091,-1.64760161081555,-1.39221867665159,-1.55546082677672,-1.53061351641607,-1.53037686798724,-1.56377223908695,-1.52497495583768,-1.51228402660107,-1.70871421592733,-1.70624348463074,-1.49189098104004,-1.62430254160176,-1.56623242904967,-1.64233414870664,-1.41501863278041,-1.47335085006621,-1.57382824283328,-1.44503321699184,-1.66436097645728,-1.37633822751816,-1.63371706897108,-1.60498749679294,-1.41445025125245,-1.71236423283593,-1.52661385536814,-1.40425315372571,-1.46763133770265,-1.61720471300474,-1.69023267346286,-1.63151382318516,-1.60524473259136,-1.65965618730973,-1.46212699036597,-1.64136223811021,-1.55226742633424,-1.66839902160079,-1.61690325062971,-1.68833672988003,-1.55606639561944,-1.58473847388797,-1.76328790002171,-1.56388105145569,-1.40452158259574,-1.37026954753687,-1.50539155987777,-1.44547546010079,-1.58548470933018,-1.56960487554206,-1.67851549202239,-1.57002734475055,-1.5842870657655,-1.5948243717365,-1.51365487861815,-1.57113906645572,-1.63441222953226,-1.55266349888478,-1.4664911390386,-1.48758329839097,-1.57051986336038,-1.42249868131586,-1.48210074907682,-1.35914255998016,-1.54460461795818,-1.51745944374148
"UI10-00048-Gracillimus",-0.442085153218739,-0.582592897631968,-0.549848068138576,-0.539818195687192,-1.17282498411833,-0.46809719324461,-0.633639967468095,-0.521771418878009,-0.50629719866703,-0.556860183379967,-0.460941289853691,-0.535564655530971,-0.47911999578132,-0.526914860926447,-0.503477392168264,-0.660362508393349,-0.655570584203061,-0.650363837631284,-0.470288950581863,-0.696284530999924,-1.15310684064461,-1.21597902432152,-0.499533743072066,-0.577486712174456,-1.09999820437393,-0.476666582952279,-0.405976889784805,-1.01574614816163,-0.532095186802309,-0.505045048049464,-0.729356411837665,-0.579282826158822,-0.493416505621316,-0.634098429983615,-0.487932077270211,-0.604833436318955,-0.326967993231939,-0.511219248939176,-0.305535379456118,-0.359684679962805,-0.530127927276063,-1.19915306054933,-0.604817109573309,-0.441827633043728,-0.55040187219272,-0.458156978796038,-0.577451676032544,-0.931395941238336,-0.452253406674649,-0.584705086193954,-0.374881198240786,-0.654709227244515,-0.58110320123254,-0.98121257468249,-0.57077113754096,-0.438612184491216,-0.548748559696625,-0.650818801677235,-0.484134833605468,-0.355943492388227,-0.459145722893805,-0.301354890796594,-0.468508755740544,-0.589732661732655,-0.56549920167515,-0.52346703755812,-0.961413143971107,-0.422033102179623,-1.32701144448464,-0.455785602930053,-0.527719388251746,-0.946910514558726,-0.521574641414986,-0.502079496657032,-0.598878097960051,-0.344873691376029,-1.15270606949322,-0.521023086430457,-0.26380677145759,-0.547048115004778,-1.05309837768106,-0.490278081388319,-0.450262968445543,-0.485381351919812,-0.490917084635722,-0.497727131332296,-0.291529672660707,-0.58052071985631,-0.601218062761878,-0.640853020392876,-0.503216631299987,-0.676218606098025,-0.58107914787141,-0.457745302012839,-0.411915555374129,-0.560523370226358,-0.492545571528184,-0.593009039753469,-0.377055914920371,-0.542556526393261
"UI10-00051-Gracillimus-Nana",-0.487509483951882,-0.6694389189047,-0.587200163127668,-0.54764713261218,-0.567034169476498,-0.658316148472838,-0.645896942503623,-0.574348212731596,-0.660306475718844,-0.55344413295104,-0.428328614127628,-0.433615680465534,-0.653082245721573,-0.483368455340341,-0.421860949604344,-0.567363190033919,-0.746668779891763,-0.563100907900272,-0.346413292571908,-0.824112163240415,-0.730289642491038,-0.466331902391135,-0.528582844907138,-0.807473347708903,-0.962207123348432,-0.371112925396868,-1.02033887730356,-0.542856619089282,-0.915313340971049,-0.561579455341803,-0.470389627128879,-0.739621805893763,-0.5392247215772,-0.51000908725676,-0.608169987058044,-0.712218398570134,-0.627012361673586,-0.555371244875998,-0.546512852511907,-0.635098976037588,-0.568585413488556,-0.675979313411673,-0.562531290051344,-0.620719184115807,-0.484411043698753,-0.603924549968625,-0.673304284390392,-0.579628473618176,-0.706659982580154,-0.460561315433195,-0.556994719495604,-0.540963346636459,-0.537263935182266,-0.452644431310045,-0.37029125453507,-0.545396681195716,-0.658050295791031,-0.597907370163939,-0.62601787053439,-0.526853118710685,-0.373797693938347,-0.928857073235668,-0.656840433600757,-0.884486774360815,-0.761535905867114,-0.61906695487922,-0.77114819725937,-0.585441002853063,-0.589848938192911,-0.458840982803965,-0.464413013737915,-0.898791810533449,-0.628759679899452,-0.523852550448698,-0.679377179994734,-0.630854714487694,-0.700415433769071,-0.456878918575523,-0.60729953843553,-0.654637606239947,-0.889127518139088,-0.582752364920119,-0.618379895172738,-0.561958306988996,-0.704409881151056,-0.617264484251324,-0.757677495488765,-0.673073199825736,-0.611489519768817,-0.575320346552723,-0.640441872922445,-0.545073693149054,-0.524990958464727,-0.561884081800608,-0.621749251587955,-0.607911109280103,-0.599834412309639,-0.492735665038406,-0.588166106883395,-1.02387207179253
"UI10-00052-Graziella",-1.42222101301163,-1.53916009443517,-1.47372193195261,-1.43661960184172,-1.39863808517848,-1.34639413807523,-1.5514384401452,-1.35153888255289,-1.39843699301101,-1.35951211328188,-1.32645915827567,-1.28361359719813,-1.41636717196027,-1.15490622341416,-1.3866509754934,-1.39312769149484,-1.4804058632363,-1.25221787563259,-1.44442223899356,-1.44143103116105,-1.31938800021964,-1.19010684731515,-1.47170940411498,-1.66190934781319,-1.27948651634288,-1.45766937659893,-1.26633442779286,-1.27905674473073,-1.35732302141901,-1.50287382588037,-1.46097793606672,-1.61246428412292,-1.44105000809287,-1.38080200368194,-1.44342050907651,-1.41251334150914,-1.52706336084117,-1.36532950231867,-1.36385193213977,-1.38158014027465,-1.34248065994648,-1.46079392521416,-1.39525455441838,-1.26988629978239,-1.55523765595653,-1.37066078582559,-1.30918595680641,-1.35931433986139,-1.39961361053369,-1.41441556846164,-1.49322283971583,-1.35022517552433,-1.34162103387174,-1.34548156029445,-1.43246649550351,-1.53898152726406,-1.35395885604688,-1.50145484227766,-1.48731511368738,-1.47637727033275,-1.42175597178923,-1.35488539823781,-1.32262659072751,-1.34763888001334,-1.45250692527494,-1.41492542145337,-1.41208721613895,-1.40980653494977,-1.43736370252179,-1.47062737267806,-1.27244308844278,-1.43801269405452,-1.30093508489656,-1.33855046843674,-1.58774318580804,-1.57386517736545,-1.36767028231655,-1.37956658960453,-1.33925721103795,-1.42320891132155,-1.41752593281686,-1.3843065822785,-1.42039615360446,-1.28305439125468,-1.40402513494602,-1.18982373332771,-1.41260726299348,-1.45359161552053,-1.26610749200369,-1.38609535088393,-1.42387285812078,-1.40857685488836,-1.4350153119177,-1.50648265996459,-1.41292006848242,-1.45384004110385,-1.39426204708441,-1.48829433012819,-1.44022937941842,-1.39148404876862
"UI10-00053-Grosse-Fontaine",-0.374017311323548,-0.478187144045942,-0.410365172588965,-0.371747357870431,-0.522058579131748,-0.374948640894409,-0.453195329237584,-0.594413727078003,-0.493237022406553,-0.424806485912457,-0.394067266929235,-0.323342042756656,-0.441564709949003,-0.379514154078663,-0.52575362882097,-0.45987931373839,-0.759909453486078,-0.53713741716349,-0.226126547987174,-0.604486511828872,-0.359198257098312,-0.283971666822657,-0.312572395367561,-0.22829199636449,-0.682230114344838,-0.463325727636332,-0.47308366232889,-0.396457995856022,-0.434673373440461,-0.482873941518441,-0.393419935601843,-0.393125266759337,-0.578003623275676,-0.134199080561793,-0.467952962732486,-0.431195271405846,-0.363867302622562,-0.420368740709433,-0.519753629961601,-0.333115332742124,-0.360897553740849,-0.364367048239306,-0.377887083921784,-0.610964849796012,-0.336539737560987,-0.501926141984414,-0.37711416703792,-0.367858292506002,-0.460795303362004,-0.519152368418684,-0.364871514148858,-0.558267343613115,-0.352365412235517,-0.187073794169996,-0.699476034337969,-0.511524206421894,-0.418855639249369,-0.716101109545779,-0.406724197181578,-0.485484959017423,-0.345146936832363,-0.247173909935816,-0.490372766918094,-0.224856981495857,-0.68609942121466,-0.385457330657204,-0.281616912985347,-0.463076503701568,-0.609111235931576,-0.502625699564753,-0.352337978053553,-0.506263639064149,-0.39104507419102,-0.544302116958432,-0.459933563724222,-0.553288878788904,-0.483525670066973,-0.384780930383019,-0.474294519159369,-0.676409860226039,-0.388508395636228,-0.45832896709901,-0.366830057415203,-0.459495594769364,-0.723218154824733,-0.35848242119966,-0.53362574059234,-0.552566984614817,-0.227718498803974,-0.562492486338182,-0.352815999693066,-0.595964023806304,-0.500085992539655,-0.511905437397885,-0.513185655394485,-0.365970504229288,-0.5205422577564,-0.535613984692238,-0.447986655242058,-0.323841620745706
"UI10-00056-Huron-Blush",-0.180925997545288,-0.579753725872155,-0.280527571538642,-0.514042398554511,-0.473564502267451,-0.557964852277409,-0.603254998112299,-0.482274869961569,-0.587613132351296,-0.441714715050872,-0.289216811463637,-0.43571482538402,-0.550109065784043,-0.391059770027348,-0.420992471146179,-0.479098949312091,-0.465932082961317,-0.33080688398763,-0.447139651673048,-0.402270829871236,-0.452877064124414,-0.651423819710458,-0.655421013144654,-0.493570256251206,-0.319054402841695,-0.466961800697088,-0.410670691093067,-0.537836016448885,-0.363361450914533,-0.467395241631407,-0.43526794257808,-0.423377094286304,-0.471643498074905,-0.361692862839425,-0.356090834424184,-0.35092663578542,-0.52613847453181,-0.404391512207754,-0.370310923224632,-0.387421956057417,-0.481295080727562,-0.441401942435859,-0.486202666694303,-0.565873051398593,-0.424420581511716,-0.436156568374444,-0.482513189585178,-0.410906428351705,-0.534133483917231,-0.590771309657603,-0.609903338770926,-0.255883705073622,-0.371971665632091,-0.471125207443527,-0.278423688526076,-0.363091853706444,-0.383709151593483,-0.56252270384281,-0.518719485426097,-0.432357372599829,-0.402424428388056,-0.485728885105917,-0.287485336173115,-0.384406264096737,-0.330765136401116,-0.424053618850579,-0.700908764465384,-0.490132803346765,-0.377939429363382,-0.331096277275747,-0.409243422935149,-0.569391008869142,-0.431765805607805,-0.396752539982225,-0.265195028284757,-0.442200718581215,-0.357029358137188,-0.328592496364639,-0.297048818505036,-0.551021744025599,-0.348538516221784,-0.477965701203925,-0.376014126608739,-0.407827899060466,-0.427901376423577,-0.341844839787705,-0.605758839051661,-0.529920591315497,-0.429203953936895,-0.455638193013961,-0.435980381840375,-0.515047305736943,-0.371890459896447,-0.381976945912646,-0.425011989184025,-0.303854710968621,-0.367754038123544,-0.479889494035391,-0.320277247652376,-0.48800976824252
"UI10-00057-Huron-Sentinel",-1.69651444250139,-1.83697403264861,-1.7397138709082,-1.72158667658385,-1.86954718558809,-1.83540042454362,-1.7354123015656,-1.8669576747715,-1.58197233289532,-1.88606092575805,-1.73716312797461,-1.76422900910215,-1.83030803190843,-1.55613623348719,-1.7718138563217,-1.61740091336726,-1.78796660881616,-1.71484299460477,-1.86040634240602,-2.00226700149326,-1.68017372423281,-1.8039161900983,-1.57611956795216,-1.74918605574971,-1.69079742574688,-1.83096532000283,-1.5275942634434,-1.86192086273,-1.57791745711607,-1.72796928534107,-1.66608040975271,-1.72089004850973,-1.66841682431948,-1.89319502609855,-1.81591184514179,-1.73519412539467,-1.75187739506004,-1.63732029749955,-1.71702146644664,-1.79532549855182,-1.75854090630595,-1.72697263933029,-1.81360752476439,-1.87012703636279,-1.82189688807187,-1.6915038546678,-1.69209420253423,-1.95908138083658,-1.60797382601641,-1.90609093981392,-1.82360322222816,-1.8670959381089,-1.68300221022001,-1.56457845605098,-1.74166633977908,-1.8839147818441,-1.88025992465899,-1.74603820806704,-1.64505134893937,-1.78331402172134,-1.91796413071413,-1.82046478459234,-1.59670448659991,-1.87055061831649,-1.90660741851787,-1.58141713070903,-1.78492310585371,-1.56190820096109,-1.84431723104212,-1.77271558031218,-1.94977608344022,-1.71810905462903,-1.51878353210996,-1.62113382517305,-1.76313997948369,-1.82975293016895,-1.72510976965331,-1.84814609928203,-1.23388978688445,-1.7283904918027,-1.74278258687717,-1.74938790675754,-1.79356386734011,-1.73590227248035,-1.94910277483871,-1.6677729571764,-1.6695251532524,-1.73656084826899,-1.56816269521847,-1.69021766667071,-1.77456881877162,-1.92683494190149,-1.64498632608536,-1.73773403700264,-1.78603549050623,-1.78414865517304,-1.78053418004908,-1.76147379458931,-1.76839000201076,-1.53780085007192
"UI10-00060-July",-0.0427832294683678,0.0467636838810599,-0.0199508239198372,-0.0682871896576956,0.0268156591973608,0.0154052964817572,-0.0574354506623422,0.211807067120045,0.119811401299212,-0.120120407786556,-0.235890654170985,-0.0377729873059937,-0.296693004681986,-0.0948548373080697,-0.0497836187659645,0.0364117006108261,-0.0200341451753472,0.143413648195178,0.107376475212133,-0.281458594188568,-0.085013495332385,0.00251962938494466,0.0515116176688916,0.0964837449500817,-0.0776089577333498,-0.089261423308878,0.00562316117119632,0.0490928993846465,-0.101998619580157,-0.0777626110617951,-0.104416796475785,0.0881175348798081,0.159172732705833,0.0142767215960898,0.0195839846117953,0.0230097885073311,-0.0718578511404582,-0.258086980512519,-0.0105978019114008,-0.0262606518883363,0.0451522424474334,-0.121901958020292,-0.290215403691811,0.00720005836257961,-0.0603356810279529,0.283995918859235,-0.00952499405415386,0.0801804971313298,-0.104710125498978,-0.139347183361797,-0.0417910996257384,-0.0225081574895198,0.072265630467276,0.206366783611344,-0.230749612118342,-0.0051409627721954,0.134544670181928,0.052356950631075,-0.130759400741445,-0.22704190889384,-0.0063786495998495,-0.0472715651734193,-0.208776511811841,0.000240594161324739,-0.0064223943548157,0.039613310443711,-0.0390133724543003,0.0262082274642409,0.0706605050828198,-0.0714046946899966,-0.0663741700370637,-0.12309872509057,0.0171693619524278,0.0453645915250988,0.187316970353473,-0.149624425215094,0.122281598917412,-0.0581791380693865,0.0851952062943184,-0.232243117596276,0.0987003827051325,0.0242894322330665,0.295246113409113,-0.00310537987267518,-0.288001193080984,-0.0358514890930112,-0.0259243021992052,0.0144437590744424,0.0508741665354671,0.0850389520540907,0.0735779602643798,0.124212326796349,-0.0971335849846186,-0.126594408837581,0.0808644258611583,-0.0619830509338317,-0.00134846157707402,-0.082356873672275,-0.0243880841548361,0.0695378977411964
"UI10-00061-Kaskade",-0.400980773527036,-0.541436190669376,-0.462424716389016,-0.644256854505205,-0.522609927056613,-0.53016355778911,-0.384275964690696,-0.545262581668625,-0.245865840789163,-0.428308989974256,-0.413655482520481,-0.271614377454878,-0.48779134419562,-0.200682449137133,-0.335502252516671,-0.389387299676157,-0.775349783029808,-0.359234888591752,-0.412593235997796,-0.680125208005995,-0.479137543906315,-0.346884476030285,-0.568125081825741,-0.493550682410658,-0.729396185331731,-0.450047482428688,-0.593572643492765,-0.379088896439673,-0.450833350713261,-0.491251526916142,-0.421867149754539,-0.537517284232361,-0.502939656152211,-0.42195946525198,-0.42904558247489,-0.594790384841546,-0.525917275987862,-0.65866740896997,-0.553193905813792,-0.561355950211366,-0.688301605335248,-0.494599337124469,-0.43691349790986,-0.645507217589409,-0.515529798816955,-0.526835956900883,-0.584909546515757,-0.485913818972815,-0.635353029968294,-0.333566682334464,-0.722037629548341,-0.577858227246349,-0.445317880893928,-0.424579871287251,-0.487571592845487,-0.340682830695391,-0.50840749870369,-0.733259756245837,-0.537541227072209,-0.503765296758476,-0.443442525842703,-0.526309608826765,-0.324339731047599,-0.503816602275677,-0.7107697025898,-0.423864647569046,-0.433791062120805,-0.194947595373488,-0.602314723789155,-0.36069736972761,-0.438084901942586,-0.368916559597801,-0.468579659286374,-0.224512061299106,-0.449226442396231,-0.60095063359041,-0.556356128944831,-0.396874302426944,-0.479396473265451,-0.678395638526644,-0.420356218066962,-0.492567361736389,-0.563864052181408,-0.230230320714563,-0.747407151349702,-0.362575048236887,-0.57479434832839,-0.564354040956706,-0.361444582215334,-0.44825614312662,-0.473995910485531,-0.499532337558037,-0.483796328144296,-0.480866749146485,-0.245112962318555,-0.672822818590145,-0.186998552738986,-0.49649053529815,-0.540627607733103,-0.475860793111753
"UI10-00062-Kirk-Alexander",0.225923181592064,0.372356436493787,-0.00623863101399265,0.0881729375774251,0.163458792971507,0.181188312584839,0.40026199519913,0.320524287281851,0.261923174585758,0.142910324381511,0.0931324275344201,0.187117778468266,0.192885843571919,0.41907593168403,0.254132332543403,0.349590862176373,0.225870584151008,0.277064532626537,0.130908955149139,0.0411084572270948,0.112905299311001,0.338209074446156,0.381754262457851,0.288894595846007,0.288825945256826,0.184525601845429,0.225537745570132,0.227631582131037,0.0961188244273316,0.327308518198431,0.557861661172479,0.271074241021319,0.14506714419816,0.179624580793721,0.320685615550853,0.247583511863268,0.145311570209575,0.173035775435197,0.250851569725269,0.329982898048135,0.23904591279502,0.294514068257899,0.156278679543994,0.230144387607181,0.245667727264648,0.189717250769852,0.294135442673761,0.293099268499679,0.200896620869571,0.180025660174841,0.198012859591815,0.0884701578772418,0.157112460668811,0.136696995171615,0.2202267404908,0.096333508290237,0.258060274851399,0.231945243081681,0.33112832893407,0.328098780851919,0.540139050240283,0.237946827004476,0.167836572328516,0.403327028015377,-0.0112274049980611,0.271026275384298,0.159182883425859,0.279640192462526,0.275566245366258,0.23058722843352,0.151333378044555,0.250365283359124,0.277036135727359,0.0782784637783996,0.205429940539421,0.165219494512599,0.549194042738798,0.196982690540468,0.320146067874029,0.324148646163644,0.153579033911815,0.30348607672518,0.286780874916836,0.256355834942386,0.186339153268129,0.184029134904194,0.302138119278606,0.232268925972674,0.15563568622682,0.403122015570767,0.054659852066952,0.233874412887643,0.456450101635659,0.274956093758946,0.470840822336439,0.215996237309645,0.283589846989461,0.228387465233393,0.235768802492809,0.204504689164043
"UI10-00063-Kleine-Fontaine",-0.0310367218330701,0.1420047404593,-0.132068792798153,-0.0181330023580005,-0.131369683374425,0.0714643228855149,-0.084660353389276,-0.174020582708427,0.0788211630113591,0.0348137524583258,-0.0213530130344091,-0.0559374496016964,0.034436441285985,-0.0926062663023741,-0.0244107875311594,-0.082054871478348,-0.108017027356455,0.0122201459478676,-0.0269050128674666,0.0180284678597761,0.0273121545099781,-0.10658245551151,-0.0601155848586545,-0.135651957978888,-0.0242061202431856,-0.0330321137140204,0.0123123207863765,-0.0154313610453468,0.0345931190719823,-0.0449982431765545,0.0658242829909991,-0.00995302445573296,0.0994648151006107,0.119711876600587,-0.144647748250247,-0.0586366328611151,-0.0566227150150067,-0.166051639588451,0.0713686605626402,-0.0536982325968911,-0.174646306542654,-0.0957518513445268,0.0800613624654545,-0.137543136918999,0.0608859766143925,-0.0312290311402498,-0.0528669769494663,-0.0563546900876412,-0.237484131657791,-0.0277442865176712,-0.0356064729786493,0.0332663870349234,-0.0160684654720866,-0.0269350881297281,-0.0170259628473346,-0.0151862022218295,-0.0921755340976142,-0.0829403455463556,0.0141920478201481,0.0415039709363723,0.0228576628848527,-0.0583172685859807,0.0568146437129476,-0.0784367626313475,-0.128489238156859,-0.092358722698367,-0.0259692208456828,-0.135270238947374,0.0468312264148788,-0.00179874974656866,-0.0580505428528235,-0.00170178749594841,-0.00351881264266496,0.00877035423609188,-0.118812256567669,-0.0670311007766761,-0.0216717246495187,-0.00288514759540549,0.0437374699170448,0.146180160885372,0.116017854023425,-0.0538215691907188,-0.0177754238162624,-0.0587988104146822,0.0179677459478768,-0.00535658425770684,-0.138078483969756,-0.0920307865449684,-0.0872561395702084,-0.0833971160880842,-0.160278715467663,-0.0790919883660894,0.00233257550703848,-0.00585361228242977,-0.147589629560847,-0.135868242996825,0.0595274306811541,-0.0325104761486613,-0.107170060606933,-0.0015017567220207
"UI10-00064-Kleine-Silberspinne",-0.709378363803043,-0.920360285010872,-0.726855958920238,-0.5010178297877,-0.727826308282499,-0.928704269635928,-0.827132922927884,-0.893948641603402,-0.826403596201918,-0.906005744803117,-0.828656047890996,-0.996546617861504,-0.81866072983718,-0.389484396816444,-0.855933807650748,-0.751772270899945,-0.728421058496181,-0.699001213337674,-0.650369320148029,-0.897118220721466,-0.853470710165096,-0.860138003010252,-0.967922096850424,-0.770281718068557,-0.91130555815198,-0.904400965190487,-0.834673439178532,-0.966585504330823,-0.834425293094053,-0.755441354823493,-0.758252548284694,-0.995182167792221,-0.867915240025438,-0.954214478636317,-0.673202837945115,-0.101379031684373,-0.785381200193211,-0.680755993041423,-0.733383027900075,-0.827699074855029,-0.988436014587818,-0.642189864220308,-0.740377747174006,-0.661659604862851,-0.715734110112382,-0.812242524378452,-0.846377583931171,-0.941390625901008,-0.831831244334493,-0.730252071990065,-0.871242185559983,-0.861249180574176,-0.714303424616154,-0.863839706415153,-0.892324820280626,-0.808919023544617,-1.1321262873829,-0.687177350383432,-1.06951723537855,-0.862383974315474,-0.88348196202705,-0.701370772533636,-0.810671318014376,-0.772676797451284,-0.96236034641546,-0.723554097402081,-0.889361324223943,-1.00469403934455,-0.768012324350569,-0.902475352271753,-0.771245293471294,-0.832100469887858,-0.918875498822407,-0.104564705853018,-0.765511349356028,-0.89197893649829,-0.697420856487703,-0.802583629427895,-0.829249902406741,-0.743528082872079,-0.735298608272878,-0.796559173457679,-0.817483329795664,-0.686182942238509,-1.18733798756473,-1.08757575340204,-0.899483913327452,-0.856889579317027,-0.74020501771255,-0.769788833956217,-0.737439701313327,-0.894731620325301,-0.805870117373251,-1.12808470484034,-0.782940499580383,-0.534867166907722,-0.721289481526467,-0.605480703105423,-0.795963808149689,-0.788448265364543
"UI10-00066-Little-Nickey",-0.197739725907891,-0.241988979954046,-0.214786337996313,-0.0809337874583371,-0.142197443774252,0.127987842323313,-0.0582780369176033,-0.0089367504939113,-0.157797526520128,-0.0871464203895923,-0.142544375584417,-0.256678799522985,-0.263674447356559,-0.415759090079582,-0.0841960105481815,-0.124799390617871,-0.124222374167471,-0.154199995393814,-0.256100202758551,-0.165291709515002,-0.165266967795757,-0.110818897697037,-0.0952136252678113,-0.22790734240172,-0.212678576314903,-0.177822008526143,-0.243881208247356,-0.137402839406547,-0.237192383020182,-0.0918479227131234,-0.0301846479783164,-0.120287569913953,-0.258007336688078,-0.160706482879023,-0.18382753987895,-0.378621033019803,-0.179521949804825,0.0333138210638401,-0.129731124630429,-0.0785274586103226,-0.110437686502936,-0.29232832870715,-0.126274641697212,-0.190449858644638,-0.0486891805551114,-0.161175174929745,-0.296027966452607,-0.219096357344387,-0.372233876480509,-0.117704078192941,-0.0393436575791509,-0.0577567967525355,-0.101323996265846,-0.148408838468601,-0.259448059363431,-0.208376717438655,-0.309089567274148,-0.0474396205918469,-0.266166301721795,-0.1770485592343,-0.247865560110864,-0.216124631351431,-0.209665094643761,-0.116487029280128,-0.0606318020763236,-0.175775167784691,-0.0886138020605318,-0.223925379655227,-0.191564506271095,-0.0400629293945328,-0.275972419835221,-0.0883239813670789,-0.220965077822994,-0.074168038832114,-0.137801709135975,-0.082864645508415,-0.0386332030673725,-0.288239399405755,-0.257017176839616,-0.138689635930263,-0.235355891734463,-0.21766142563227,-0.00100737209865542,-0.247820850462684,-0.130612860112775,-0.275913098079886,-0.185950546263903,-0.158364058000547,-0.246230672082577,-0.0493200681404529,-0.178361242569834,-0.0497470657992688,-0.211950834345307,-0.132733141263771,-0.188657682360993,-0.194077686805289,-0.0778452319703784,-0.220917448271759,-0.280538170555414,-0.182220405775856
"UI10-00070-Minuette",-0.783042214236208,-0.881714228410947,-0.530317360367675,-0.782232934466256,-0.857362390923985,-0.665653387385366,-0.733062292961006,-0.797376428970703,-0.653771623801182,-0.500389492055287,-0.628838063032245,-0.89416950924496,-0.729554991174509,-0.684708147320977,-0.751517157919033,-0.652282927138865,-0.724148998774147,-0.784065515572786,-0.6308407254309,-0.707102883476355,-0.718821414547546,-0.912342064044269,-0.808786341141129,-0.749246504383934,-0.809269140616896,-0.718282234548414,-0.784938113497625,-0.758923398467939,-0.736373310681464,-0.639961860990102,-0.744502219488876,-0.897936589624534,-0.689625238516759,-0.784449457573245,-0.654673430617099,-0.709191521150095,-0.761421574965768,-0.82315778349259,-0.754510344100182,-0.934852926055323,-0.763399820842172,-0.770914304080704,-0.671030757641766,-0.755997766932019,-0.665101377705156,-0.678876135812599,-0.88698357293264,-0.725954107791962,-0.799996443963109,-0.726989784313514,-0.692070823044613,-0.81958381163025,-0.782381735882128,-0.709336992126415,-0.85293294375692,-0.791932818140482,-0.587333666524165,-0.730721784484527,-0.836648662138393,-0.600481685708655,-0.710372559999279,-0.591243121483098,-0.732991822289834,-0.730248886775607,-0.750086807366283,-0.807996683353415,-0.673708924443118,-0.501278309510375,-0.662679513965839,-0.67630859256981,-0.8311099261082,-0.819882417036171,-0.702287497423697,-0.716971141725272,-0.560330973401138,-0.843649065055549,-0.579797897105655,-0.795397637834463,-0.724790103849274,-0.682564387426857,-0.895375046938629,-0.724146252307149,-0.881667211696191,-0.598553425481422,-0.615405125051648,-0.567865020644724,-0.784060728168303,-0.727645528303246,-0.804121257752637,-0.781998592653119,-0.771474570380504,-0.860512250171504,-0.727656016704553,-0.723673109221103,-0.767284909282527,-0.769697642034825,-0.883084219238779,-0.776968536472121,-0.54388814652446,-0.753101120927792
"UI10-00071-Morning-Light",-0.829504793489303,-0.866060887205361,-0.789346594442843,-0.782211940516549,-1.14641304739323,-0.990902936652557,-0.719386311844811,-0.744263554960175,-0.852488986632602,-0.586937615963721,-0.786190609314021,-0.750028588976551,-0.712818129787284,-0.734894120058645,-0.755348373041225,-0.749873180800802,-0.830545789937668,-0.685011910616507,-0.761194099260537,-0.88568779439648,-1.14395010679666,-1.18718405675957,-0.855762816402172,-0.742685993060501,-1.04544865538825,-0.806680155900191,-0.924638072377105,-0.96088611461886,-0.774533913070627,-0.728119078464276,-0.887398040546235,-0.876058691374173,-0.842236545726512,-0.768596702443741,-0.789153518559884,-0.934923571319023,-0.862245771257244,-0.706880335578228,-0.837929335654211,-0.784511911588105,-0.79492951022694,-1.15093702284164,-0.864873571924769,-0.813338749938713,-0.975189282344311,-0.76326666896865,-0.832071594532391,-0.903097244359801,-0.862859009621515,-0.860701763229981,-0.911740736113337,-0.787811214121762,-0.890389553894381,-0.985340575147826,-0.860465662726813,-0.745149574369527,-0.707263809691299,-0.840256820057172,-0.827925720387116,-0.849333421977092,-0.840644917783889,-0.915724253027844,-0.794343472488386,-0.891655113290573,-0.792402631368827,-0.755938973792228,-0.929431150652952,-0.902880968981895,-1.32918125019499,-0.885455261270993,-0.773193130920187,-0.940509306336333,-0.896162780400628,-0.811895047272417,-0.704642700473846,-0.893969190711705,-1.11721323558565,-0.778140723678884,-0.784753174286455,-0.836415825638242,-1.00743412539843,-0.864543682840788,-0.933369573830915,-0.87532054644597,-0.927875935573047,-0.818431585393246,-0.855754633260434,-0.830737611525768,-0.847798054746333,-0.92232899347669,-0.886116233908878,-0.917482522443539,-0.720822491053378,-0.801928375004397,-0.824899779045689,-0.916485435102486,-0.850671841521928,-0.79823796838804,-0.777331099640628,-0.694573531362266
"UI10-00072-Mt-Washington",-0.46740164588939,-0.337971715594943,-0.661422178028285,-0.600823074623241,-0.489096836697754,-0.145526599276644,-0.606352176365428,-0.928812196653122,-0.33248496734404,-0.761711382916226,-0.377274168922036,-0.537579630985788,-0.797420449448928,-0.958697747812713,-0.280861851905879,-0.589672869757246,-1.26400167442655,-0.396098402224438,-0.346408370370138,-0.526804705362474,-0.381965291343349,-0.317138945503247,-0.44672681877934,-0.365511369425496,-0.634940205299078,-0.264831841259192,-0.309876111267686,-0.462034203542605,-0.55947861064211,-0.870911376402033,-0.329588530243756,-0.376293584996676,-0.43573617327314,-0.406113640011757,-0.429095909083001,-0.4621221916261,-0.37441812840416,-0.706954679290539,-0.333230657156529,-0.32404711623288,-0.341267161013294,-0.336399190132949,-0.544988084403752,-0.511187966334277,-0.174098623008906,-0.420234192356589,-0.362451181276545,-0.506861666260759,-0.489612376855087,-0.367188276891851,-0.483590307544641,-0.501632538480107,-0.345750984663686,-0.385626859636832,-0.371754258364453,-0.151616968095077,-0.385290259957857,-0.278392842949806,-0.472476863954218,-0.346979339917064,-0.41512962798729,-0.406939199719091,-0.394664299558997,-0.864071822415569,-0.255050311853244,-0.39677290062879,-0.327767175925021,-0.497425588924892,-0.257824562979277,-0.476868021869957,-0.610762528705205,-0.473647562089788,-0.487874526178421,-0.219141370974227,-0.548852425647663,-0.335995427101799,-0.348374423519843,-0.765618815035887,-0.475626113141173,-0.277818698091724,-0.453873898514665,-0.304054041076211,-0.250772861731808,-0.430979477005003,-0.504877509179239,-0.722662702466467,-0.306552786214022,-0.226352278712327,-0.303585747205691,-0.680026950131615,-0.423247639819494,-0.725025744639745,-0.462379947604608,-0.769873397812764,-0.386762006658211,-0.321364463674183,-0.582732265395738,-0.654684699492189,-0.914588941541091,-0.392337183769664
"UI10-00073-Mysterious-Maiden",-0.0578119808370983,-0.414773830605281,-0.353824385845553,-0.717146909424034,-0.34032338614127,-0.29192590485343,-0.00171942877075778,-0.351496571096331,-0.371595886078881,-0.495484262578587,0.133582163086079,-0.780859160470786,-0.424417301871826,-0.430737149021617,-0.443491004996444,-0.279378542212984,-0.162431013886744,-0.0645183510297929,-0.288854450764577,-0.59674900884929,-0.314789733566566,-0.048132145997673,-0.382857031200805,-0.329606339220671,-0.725766527694411,-0.0834657187869781,-0.434701606307337,0.0751891720890939,0.114267245807251,-0.43566516933522,-0.287814182699727,-0.0181093594894262,-0.444088520748914,-0.365745365560548,0.144066176254205,-0.580288161879549,-0.627868138831117,0.0777173851184853,-0.466001133352086,-0.699894313226415,-0.52261814737043,-0.314762914826171,-0.660950696694438,-0.504997234831338,-0.430097539828305,-0.458040168387779,-0.516833674285405,-0.659804847953573,-0.506858423678274,-0.456722984403398,-0.393195719343883,-0.411470264858999,-0.262663902912734,-0.312851669243811,-0.486778154378623,-0.377354344955877,0.0128156940404717,0.0488307312584361,-0.366175367372786,-0.36726085378486,-0.513686249115735,-0.393077768565672,-0.126240244027694,-0.463412207334659,-0.506642727995441,-0.588658962174833,-0.403394334591379,-0.848608662939293,-0.794784963592961,-0.506047503081169,-0.236098019495029,-0.34784673685357,-0.467255991484003,-0.331475389551076,-0.290137071987486,-0.683669230911633,-0.311283816760581,-0.706970501119687,-0.443601350482616,-0.354090899104553,-0.440969893558406,-0.403558518533561,-0.496104166964339,-0.375537076957441,-0.441541861191744,-0.554420347675756,-0.271784411460959,-0.212767740645009,-0.358827280104301,-0.27947053931018,-0.648859187679991,-0.466866585401853,-0.349469758450881,-0.308642581856888,-0.547604038072041,-0.373550071682091,-0.355206191859962,-0.74794681916944,-0.795947509857505,-0.945696175568493
"UI10-00074-Nippon",-0.398818565780951,-0.462034363036227,-0.4096301489327,-0.294161341707089,-0.37665407866799,-0.218398880347695,-0.322947964522206,-0.322010628330217,-0.345901028360508,-0.358591129498697,-0.440739193649564,-0.257558075382892,-0.440704201178324,-0.355492570524587,-0.430588206641513,-0.427687002266741,-0.354615974899514,-0.331893386989458,-0.463169846726034,-0.299889069591751,-0.297643647027069,-0.541507173885249,-0.395087238082397,-0.284132614740378,-0.154705921675498,-0.33667071138639,-0.258859282968269,-0.516464032870472,-0.377815625228264,-0.292369487254153,-0.370352707526921,-0.440016912809409,-0.427547832310177,-0.275893376709333,-0.203662649492124,-0.184865588170301,-0.387055748114313,-0.355238165297632,-0.509911037295508,-0.512756944705333,-0.344080379956364,-0.326326828200839,-0.304567003307849,-0.349066549199342,-0.388068322491641,-0.326075214927195,-0.385634366345903,-0.0433848104498109,-0.31411732412544,-0.415467779108661,-0.435205269029098,-0.458893385644446,-0.267829123646194,-0.475376248120608,-0.395790161612427,-0.470979027995925,-0.550463426401271,-0.165103286240789,-0.330964454478651,-0.453414899962001,-0.384875099843725,-0.329019444748358,-0.294985074401382,-0.607633933676728,-0.32079045869978,-0.495121444537526,-0.248390356116657,-0.404704993225177,-0.660909306707766,-0.277498577997702,-0.33262250686481,-0.530338975459706,-0.428106691000713,-0.51924270826483,-0.386821966314788,-0.54793430786123,-0.0220794432575702,-0.561322367765672,-0.265440197661329,-0.266589579554496,-0.340339556139952,-0.44354575989435,-0.346384244735759,-0.498425608255221,-0.466119983368242,-0.293161936111989,-0.41327750436449,-0.454517084217799,-0.369615093357663,-0.476105233153922,-0.0231673633490991,-0.686926444964277,-0.278346707355766,-0.366814611594309,-0.406455261920815,-0.258414476490915,-0.235044825095512,-0.332880794407268,-0.705504989439796,-0.493042725263526
"UI10-00075-November-Sunset",-0.431374919149938,-0.543223945362071,-0.5620700328176,-0.462304062564106,-0.587196407366728,-0.494236063178476,-0.517444010705273,-0.483630851747621,-0.581774295047866,-0.100336779734607,-0.433177020214294,-0.53650698628991,-0.497798466960926,-0.122084048270249,-0.602473546926827,-0.61223343826654,-0.312528566757204,-0.426764282574512,-0.47094657075458,-0.423979840850043,-0.553847831282696,-0.835740134849457,-0.481623698075284,-0.355531815607804,-0.277955926289045,-0.564551441477173,-0.47337704089535,-0.582193491465908,-0.494661974977086,-0.566876653744379,-0.563952838600608,-0.400248143267036,-0.677712438681526,-0.574236529633947,-0.6127053675931,-0.566174029693812,-0.544880834843003,-0.507603357234751,-0.379299647865373,-0.635580889153746,-0.479946023917081,-0.453731044311233,-0.544634085529372,-0.511527265939718,-0.499414107175785,-0.436612317534573,-0.413119735098911,-0.488622545698695,-0.514234046112732,-0.638310302710361,-0.571190618720289,-0.477125192570162,-0.378506649879238,-0.773538426827447,-0.62593551505324,-0.294258815160923,-0.447101050465348,-0.672929629761758,-0.492617239568214,-0.536653860940167,-0.556383832627005,-0.399683514765449,-0.601627083930455,-0.14048773630101,-0.631171274906798,-0.124575995450012,-0.606816157586742,-0.525710598839252,-0.513177575369057,-0.482320849136459,-0.660198911467632,-0.529625711710972,-0.660836659438352,-0.543451439839163,-0.59338300780604,-0.534223427943578,-0.514036868393459,-0.618549754640143,-0.432055647252813,-0.56729782077037,-0.532121255893118,-0.257864678668342,-0.585274211757468,-0.513389086067634,-0.700533551929289,-0.733007133035038,-0.535156661840328,-0.532657622768766,-0.445116463382428,-0.613864096372422,-0.494972445013146,-0.361125624200704,-0.503526694857569,-0.400693129933885,-0.55209180252355,-0.569889821021585,-0.578291009692377,-0.622062440826378,-0.446161193111305,-0.460883502207359
"UI10-00078-Puenktchen",-0.535175495803937,-0.8113175001248,-0.601317045389248,-0.673757713890099,-0.729486869063055,-0.698147772871853,-0.434969480439092,-0.717887601730038,-0.664186585278594,-0.595321527324054,-0.270612067883786,-0.610008356713991,-0.80414702450918,-0.688796288687203,-0.626505708682442,-1.91833674169053,-0.705988674170074,-0.546982698154966,-0.631662201154054,-1.74926012118318,-0.745569369228655,-0.58122966151073,-0.592759716804012,-0.714892951376423,-0.758769208923875,-0.653624126988818,-0.466284730691496,-0.350559793255728,-0.431207776988518,-0.646487165171741,-0.578017075966198,-0.507635107237263,-0.652373995812709,-0.695081328401237,-0.429252004360827,-0.648684506619067,-0.75598603790874,-0.459838665031963,-0.546101669188926,-0.715915739339271,-0.595609782554412,-0.672909851304316,-0.765313424936049,-1.65928621883297,-0.713735656740207,-0.555735295890891,-0.486185359862604,-0.428775381408589,-0.587659590126439,-0.720424867049066,-0.572298277277357,-0.594354624867525,-1.64941459512632,-0.731405281095048,-0.417685368030604,-0.60001239272812,-0.416634811344507,-0.51112756897021,-0.735508081688741,-1.49533032708131,-0.560624012181349,-0.67667705684286,-0.651670745992203,-1.73640844413755,-0.579654585354328,-0.700319135549726,-0.561587889428422,-0.71569230456308,-0.596322527300634,-1.66126237978624,-0.685627383141154,-1.53080229725721,-0.523818915169456,-0.570494057256273,-0.594340921520398,-0.712906759379726,-1.51572921805076,-0.677031204647702,-0.732096637841364,-0.610556264972879,-0.627729181640155,-1.59533136098323,-0.764979738389896,-0.478907396525081,-0.615942949065228,-0.631340994772046,-0.668152193309579,-0.614278234532195,-0.639271964017805,-0.721268438277775,-0.401844353912905,-0.677140203558209,-0.681423187939692,-0.55390232273236,-0.669010780018095,-0.638510499959391,-0.642570743770997,-0.499802465120723,-0.629423080661734,-0.681510697452995
"UI10-00079-Rigoletto",-0.362026063160409,-0.23916797678403,-0.269695196890005,-0.279987075067338,-0.32213347812746,-0.49017942288209,-0.151733418993628,-0.140067085280579,-0.284429042719942,-0.352651068441985,-0.333017820037873,-0.646046703781898,-0.323870080255546,-0.253676993261172,-0.826451347448796,-0.35074675009006,-0.574480521260522,-0.329797390843193,-0.348910111196534,-0.264748445844632,-0.3043402078917,-0.393683253408196,-0.283534812340653,-0.268542398241171,-0.216211927067184,-0.348544920552808,-0.398380615887572,-0.129041592088688,-0.226479796283345,-0.412765652753056,-0.195288541877645,-0.610181992273115,-0.313509206489117,-0.268351136585041,-0.266718818949854,-0.342446533745031,-0.335939408956787,-0.264531079109605,-0.289468960354082,-0.397698503799317,-0.676678849895939,-0.0819530926165514,-0.275656806582623,-0.32176642709126,-0.443659290467739,-0.39841405235679,-0.39281431165623,-0.257346419342973,-0.241899675497506,-0.0573549810881293,-0.298776790259492,-0.365200871002527,-0.372933229032493,-0.329425441469643,-0.662089315771582,-0.539907919723497,-0.369884985452103,-0.230475411382745,-0.277907799693395,-0.363065194679916,-0.443977387590086,-0.287208699721184,-0.196360752904348,-0.251282155162878,-0.262297706299468,-0.213805953757476,-0.200699259029972,-0.402485426041519,-0.2776442631829,-0.241388538806571,-0.288571205548587,-0.371002655145026,-0.335114369420034,-0.408752910688667,-0.264977128635072,-0.225874085600641,-0.271250253478109,-0.465164973814012,-0.296976209163829,-0.37502503123528,-0.626738742256157,-0.35980689730969,-0.240688033421808,-0.36724077423837,-0.0885270032494625,-0.158038232555484,-0.23413610883465,-0.282641409013458,-0.280773770540759,-0.292263425687118,-0.279021917365568,-0.300416076001833,-0.305800431656045,-0.0689165161221011,-0.385226319307319,-0.317523566211985,-0.341377186147432,-0.286645805184593,-0.172628953218027,-0.378223752593442
"UI10-00080-Roland",0.321805906938739,0.400481748603097,0.312763324277463,0.29155658295216,0.223239751355643,0.41198973528493,0.334447442564199,0.512017220816392,0.311470027796141,0.407240679439162,0.310670989320678,0.324146405810771,0.38894250656663,0.189708345254176,0.170634350995821,0.361683124575342,0.353654858052101,0.503244539841353,0.26991457444626,0.391240113797385,0.234211018226594,0.391755254607537,0.0995009483014866,0.220681101385322,0.416321021955993,0.279323045732564,0.345945563167493,0.477700724759099,0.214990874248852,0.407421551070762,0.353677304480552,0.397267121483689,0.408594001635099,0.364911073299991,0.191849667669001,0.384285975193897,0.346537279888884,0.240723388216978,0.28306032331143,0.441833965250641,0.309901400393436,0.625586981198921,0.389864683346182,0.361473970329152,0.295952348572135,0.464673267840227,0.455246564404068,0.3165413634069,0.292182421186104,0.305186983153873,0.370770852641952,0.378822743090004,0.247689696238671,0.560176980824218,-0.132602396995139,0.255928471757252,0.468564065845009,0.427576588486251,0.0862626914989234,0.342611803557067,0.354210447720315,0.333814408879563,0.282196587941725,0.450385276345429,0.43263936690777,0.395644151031668,0.238754292584631,0.498495527062461,0.373273435826627,0.335194444316831,0.125958140747979,0.102604954170206,0.386007068392921,0.386388535056196,0.328722556227305,0.106151278652809,0.420514956465344,0.331746505757593,0.533125184216049,0.13587773408705,0.268166071753943,0.360627846755132,0.234281860249424,0.2252653396805,0.455298929659058,0.214824886882189,0.306140324568289,0.657704305073238,0.327109592356021,0.319186172415276,0.296323657341693,0.2735428899007,0.416489483131897,0.765692519243116,0.46398926343101,0.378780279466491,0.0479723186782551,0.361345608107321,0.563647235271891,0.0958329488410877
"UI10-00081-Roter-Pfeil",-1.01385678985563,-0.999216326275748,-1.32971435790198,-1.24601766162752,-1.22205390661732,-1.15511959538201,-1.10499402657548,-1.12170329402427,-1.01237512917582,-0.881986883315803,-1.07293557954215,-0.968570241868776,-0.788131047067088,-0.879992623151741,-0.944239022450919,-1.00377042518569,-1.03256752656738,-1.14552149641687,-0.999878261682001,-0.91831990953819,-1.00026501601299,-1.00332201184334,-1.08304872232548,-1.02874254849347,-1.08845091421361,-0.997393999833428,-0.880895586519655,-0.91922597510446,-1.08051556483447,-1.06407363269937,-0.958759245371387,-1.07938843026932,-1.04506190157422,-0.918813561613925,-0.898169736984923,-1.07057254482407,-1.01562110241321,-1.02125312745106,-1.0362655064581,-1.23242909146873,-0.972580679622479,-1.15044049732263,-1.01690407539784,-1.05163739082957,-0.965041863573628,-0.817042294601357,-1.01040360056821,-1.03668228899378,-1.15395155309044,-0.878990011608548,-1.29779200127295,-1.08185761734972,-1.16850441701569,-0.959584918484759,-1.0219268511241,-1.09303071277316,-0.954066375064569,-1.02908150760493,-1.10225681127794,-1.03526471645609,-1.14935830887478,-0.9789536022873,-0.933201568034147,-0.935182075997782,-1.01520991097257,-1.0186394557437,-1.20138991194312,-0.975676946516426,-1.00581047317446,-1.06365274936456,-1.08533101138414,-1.17347343291347,-0.901203674083594,-0.989109453433794,-1.06606871067282,-1.0121153193253,-1.03611895839074,-0.964695894820342,-0.843782158268878,-0.981893682085317,-1.00405446898273,-1.03493741503134,-0.899121235761473,-0.992663031998629,-1.06205959896276,-0.998476309526902,-0.966757167733876,-1.01855021502149,-1.09084408126864,-1.0004563418639,-1.33430564394387,-0.934472388759425,-1.06386493769681,-1.00254052401314,-1.06327228496872,-1.05028226723908,-1.08415681201424,-1.06014377768749,-0.999227255669427,-1.14965665567827
"UI10-00082-Rotsilber",-0.425955754736397,-0.381763191418989,-0.297344289484076,-0.420531195721838,-0.478785408254222,-0.418005399584919,-0.294685251008034,-0.185208022584308,-0.526178859593454,-0.460034735663529,-0.456629830434841,-0.439135399063367,-0.375221719458742,-0.077819750125281,-0.393769751003153,-0.44498224565116,-0.433680216269568,-0.541896375381202,-0.42950827832556,-0.531145826560437,-0.408844213381712,-0.367135567761709,-0.303804848868121,-0.343006095303322,-0.415091702218927,-0.420145714130861,-0.423363561627195,-0.488543768960891,-0.430326669509196,-0.305384046360943,-0.383854945950077,-0.0279368311408223,0.0443484148868769,-0.32960023968349,-0.159175715358234,-0.365965664597746,-0.0725657208401306,-0.417199229591814,-0.432554344874949,-0.0862136008718943,-0.159065445845924,-0.397866717817423,-0.535971598715737,-0.363365189609873,-0.415834409532807,-0.0604887769234819,-0.315491272049686,-0.474919492743735,-0.381007591173415,-0.474598809363383,-0.456335341103952,-0.453356996489239,-0.525169785346143,-0.403765901349495,-0.3952279977638,-0.337878752167477,-0.384470820891495,-0.310210272358566,-0.34212847862458,-0.352832936627337,-0.386747102833767,-0.339417205960206,-0.443804863216844,-0.479824797759889,-0.438348218657458,-0.411807854342814,-0.37641466613851,-0.261938524443843,-0.453853336097287,-0.431734782440811,-0.333912725264784,-0.396483089672891,-0.452667357994399,-0.443675221606203,-0.340572487129314,-0.0781562276298331,-0.506687679548306,-0.412649971183531,0.0101628538357693,-0.347640869985805,-0.441830121908799,-0.394675144946646,-0.325513474231333,-0.361491215038615,-0.429735668893354,-0.412729191213086,-0.459520141405882,-0.383872528076419,-0.403649446482757,-0.445000105094144,-0.368784121886333,-0.46442137351084,-0.415894534275422,-0.409724906435411,-0.445863491955425,-0.32301288466611,-0.380150449756666,-0.349087806974662,-0.40760305076155,-0.374238313005705
"UI10-00083-Sarabande",-0.860869445413347,-1.1341222299277,-1.0363850228284,-0.87471008720453,-0.865630206658582,-1.01348680717085,-0.789642597080436,-0.295576954033223,-0.75772087540144,-0.801518778452689,-0.897429758246392,-0.681852249508552,-0.716598000472333,-0.794275220356142,-0.315062978946061,-0.71318602711917,-0.844378069905154,-0.7751347197897,-0.625815251771759,-0.827492347535545,-0.776847665105798,-0.795774912469565,-0.871875276391826,-0.771135962439198,-0.713498872426619,-0.765837395933417,-0.757490859242958,-0.729196763456431,-0.883732010862595,-0.893892270667117,-0.664300712090972,-0.708664071613038,-0.887622358103442,-0.819160837108571,-0.840739807521667,-0.821243263615898,-0.865152330562667,-0.854227763998055,-0.914065902521891,-0.984434408217083,-0.743493386338208,-1.03970792944506,-0.756457849999052,-0.739328562363305,-0.876025133606191,-1.09368813787576,-0.677059767325545,-0.801645534126829,-0.769277112613353,-0.864807001094818,-1.10051401978131,-0.668736732608572,-0.797863884268039,-0.845020683907142,-0.802772688852232,-0.968511856503079,-0.727119659977681,-0.680667018379279,-0.723433058333288,-0.658951185585775,-0.697594592522201,-0.735195824978698,-0.797020716624015,-0.824079783139421,-0.750365810529041,-0.672699878997682,-1.08526761443274,-0.808234852346702,-0.76878233616238,-0.758275715657845,-0.312192674567252,-0.771025118341693,-0.783816097459247,-0.858615228223689,-0.767222548790308,-1.1531469729145,-1.05563998080451,-0.805419788734805,-0.892371936875035,-0.792167883890057,-0.743537878416916,-0.783374675754997,-0.868708209786098,-0.941337571659991,-0.873531989416793,-0.87024741720102,-0.879575337088738,-0.766983694786456,-0.918621869977684,-1.06973869690899,-0.825906073398073,-0.797219869043973,-0.718516574006605,-0.893050909095738,-0.738273808594643,-0.55084740640466,-0.852245658127136,-0.811323879278655,-0.910952266875583,-0.809478085358545
"UI10-00084-Silberfeder",-0.726295245334377,-0.904723738675399,-0.925117339583584,-0.880375323324308,-0.829306582304126,-0.551777842207649,-0.855577526925347,-0.850876583289075,-0.833321721676206,-1.18672365876738,-0.997879029393326,-0.726741770183724,-0.87095308027502,-0.734276807461107,-0.84853128523486,-0.893056953523257,-0.844278317727622,-0.898718472234164,-0.849046563090706,-0.896682330097778,-0.873008501740954,-0.894501070100588,-0.955657483288944,-0.901088935319322,-0.913055469090131,-0.807480843251802,-0.858312387140098,-0.930722681207621,-0.783023283458032,-0.879492815604453,-0.838572453991126,-0.687631613084903,-0.744910230534868,-0.846622966030754,-1.1873769276316,-0.931552543657271,-0.848288791660775,-0.795692048571784,-0.787084411504355,-0.883755002798733,-0.721976071619351,-0.975855462561659,-0.7066883418601,-0.871147184404651,-0.917398448087764,-0.840167557861734,-0.959998972328007,-1.1350317411715,-0.902035836416651,-0.831154259530732,-0.884381209268348,-1.00563767525359,-0.801434713930828,-0.943465718254232,-0.642531844284863,-0.610083282454234,-0.944799527001802,-1.10016171339457,-0.827425990569164,-0.959633010645032,-0.874722265690602,-0.696414073514499,-0.887532502807215,-0.925095123105016,-0.862424815262177,-0.911974145493436,-0.886354318929527,-0.837702159272049,-0.892323126628977,-1.17385654009146,-0.892204671422091,-0.860730561713287,-0.805516605552532,-0.721894159797359,-0.917934029506236,-0.902381668330389,-0.622655080243244,-0.852364724314057,-0.81090928769491,-0.873427472369588,-0.670176181404698,-0.965480825660959,-0.943076908463037,-0.910499516469116,-0.725978611109639,-0.85208043010719,-0.795157066556225,-0.808091802994789,-1.03803164040665,-0.753688876818681,-0.945408834900712,-0.919956704554939,-0.834763633614212,-0.934709531812181,-0.84519256870534,-0.84755457806521,-0.787737575401091,-0.809009675792565,-0.864913019661372,-0.864571913782958
"UI10-00085-Silberfeder",0.546417561098025,0.473364910045625,0.506092021957432,0.200756983022384,0.202389375903288,0.0973402510412903,0.155348750289896,0.262704753409369,0.381821711159171,0.227523915144444,0.024310845254352,0.384070134704284,0.306217929475447,0.315192432270218,0.499594838040608,0.230865525486762,0.345525197274185,0.219167208694679,0.402836492937971,0.285534226232291,0.221249734057737,0.329764628701325,0.226918138576092,0.268107930845306,0.219433355594193,0.321915781702784,0.317332751944102,0.159752204314072,0.204402082301892,0.210091837311766,0.238939697140907,0.136824389835618,0.329543350863988,0.456313186634663,0.320442600457407,0.223213705257232,0.22093245415351,0.233604941431644,0.454956803591824,0.304468597587237,0.212296755915704,0.204132126395541,0.253776053627957,0.253969381235956,0.468709124005346,0.368792815380356,0.208171121964916,0.00904908462318435,0.218071330420351,0.278193674093965,0.251821094390355,-0.0111949299404898,0.191656860487959,0.0784129336869252,0.443891563817457,0.356343547767255,0.387876277510296,0.232867132419785,0.256220029724304,0.245045357498257,0.338097044940875,0.363941772187036,0.390389635093446,0.109491974360087,0.308854833631973,0.409815490243264,0.287921908320508,0.393529798499445,0.274393669418755,0.138221882815143,0.183811352147791,0.246161287417321,0.251149548775324,0.290514153090127,0.209975882715417,0.352168727116033,0.294589434202815,0.334574372457449,0.287117413384053,0.117497958971205,0.282900511304312,0.336647311463507,0.207844982374071,0.00967265699926927,0.301871372635109,0.255137857049831,0.443363639628978,0.197151025662868,0.22376650774403,0.284463485468,0.310205714982649,0.413492084821887,0.274418380694929,0.277282196827514,0.410773420179153,0.0573470120223531,0.222517514695139,0.276358874183499,0.115854730791242,0.324911100311314
"UI10-00086-Silberfeil",-0.618823746358914,-0.696802768431875,-0.695769698910812,-0.544208702359284,-0.66288274219748,-0.586456054536762,-0.692010396712669,-0.610907983615731,-0.632165355816946,-1.0898789574368,-0.460138580513277,-0.585064421184612,-0.746330456351694,-0.690298566432919,-0.797036209843269,-0.640888999565958,-0.541472242169844,-0.548179055091617,-0.51878645695089,-0.584789315984524,-0.646548019749627,-0.465412419260772,-0.660159706814985,-0.2649478802937,-0.67063946246752,-0.458821855296978,-0.561898327033388,-0.665766818219933,-0.686824226899777,-0.565778969179242,-0.610518153093236,-0.747369631505371,-0.646639864480308,-0.64513902724401,-1.04814205261092,-0.744055777017313,-0.311424315508315,-0.571769102862762,-0.642126606512619,-0.675714296406953,-0.718105793148558,-0.604457824577267,-0.599481423683707,-0.669322492098761,-0.411295250381277,-0.608652971848824,-0.359161196771369,-1.05866957453358,-0.59399457266789,-0.595319265207643,-0.567433343947947,-0.443790062742404,-0.702483857347432,-0.475430388501643,-0.620634846542021,-0.587086918394166,-0.551687559262732,-1.02048994013696,-0.675433993294936,-0.6407852923218,-0.467637068087639,-0.555627306239974,-0.703945908713043,-0.663599110591144,-0.709282843337278,-0.716634834848388,-0.666894647110573,-0.537065587168133,-0.556715799396541,-1.0335650201822,-0.531042651203225,-0.515690279370248,-0.63150865022738,-0.680390162769901,-0.557236139541494,-0.735873664362701,-0.722583766037912,-0.718879794755677,-0.558384655215028,-0.647833765340611,-0.569565377244261,-0.614613499876319,-0.657971431206726,-0.673825914093006,-0.64495086877114,-0.741816559742405,-0.71756168947792,-0.711991760184638,-0.937941958702855,-0.672688625916969,-0.693844143267843,-0.694414646185734,-0.490994079036546,-0.539625816826448,-0.373168944861415,-0.679715340517087,-0.626272929305318,-0.600605447396261,-0.644080625064845,-0.431231383513136
"UI10-00087-Silberspinne",0.267585225125838,0.144628447773251,0.213658108588513,0.690511491982831,0.26455718877646,0.130347350727157,0.0757262877958138,0.16353692172879,-0.151183436424373,0.56578339927794,0.174334228987642,0.139199690283625,0.312543176140577,0.25723323323005,0.281810200611284,0.183142845935467,0.209478496591659,-0.0536971540030837,0.0634485103920815,0.170533292349315,0.225738039698244,0.130091641780199,0.281015820665936,0.17949871844694,0.199960360114356,0.295637018244249,0.180504718317068,0.193403005131303,0.344976385837743,0.0681426756367053,0.207362194175574,0.257930946589171,0.149671252642192,0.192255269456659,0.15246434242141,0.0364287612603579,0.205530130464806,0.147263941600288,0.0114736257095858,0.342378251469678,0.0899903513183428,0.161012392346634,0.194456358823588,0.0425239549274403,0.159715648716609,0.32394099582752,0.188867764244875,0.182242368010866,0.229381662529916,0.292261327682738,0.215827236304861,-0.0744276595144324,0.158606035687222,0.104156194512736,0.090906005725184,0.181963474380746,0.141104716610435,0.201215671694327,0.189417153745647,-0.207755708135259,0.29512712277711,0.291758651413021,-0.194829182212851,0.162009408713325,0.123143071630141,0.11577575069021,0.483138801246154,0.329945980401923,0.178270910832703,0.237220539125554,0.335711889934055,0.029036587142287,-0.23098048213463,-0.160475564930765,0.274413435796808,0.219414759924632,0.269003481058831,0.189615574228565,0.225060510985183,0.197655239505801,0.150822376836422,0.128500476624828,-0.0859669063584876,0.186131559009808,0.396480723812765,0.294537947849019,0.145893977443804,0.282239781102487,-0.159045618285525,0.134835710706623,0.260007740227528,0.114111134013042,0.0258072921631822,0.140660445625624,0.159095968623266,0.175116474095453,0.138857249185677,0.407974984763507,0.119011759404812,0.20380993299875
"UI10-00088-Silberturm",0.361385369830781,-0.284246082573152,-0.134725276380192,-0.142701485173117,-0.14210321423071,-0.0577763913318672,0.446916985002168,0.406457137884112,-0.136457696490996,-0.105139707023044,-0.072987771712597,-0.199116659035002,-0.163689022997604,0.0105921846944571,-0.021823298328365,-0.139509130555686,-0.0823335554022629,-0.113614554290117,-0.170764945089403,-0.049997596360698,0.000206917449571974,-0.159956585317012,0.425076419044408,-0.0227275446735017,-0.27035809733776,-0.115303614488917,-0.0562729431973696,-0.0107287040501159,-0.0730357007406964,-0.145776964814116,-0.0591005485278221,-0.0469460085226449,-0.194195945766087,-0.219957027878066,-0.0979721231741932,-0.118453704922152,-0.220836396078063,0.0668278458215641,-0.0472764409297112,-0.0185856083610733,-0.0884841065417668,-0.14568706871944,-0.0305983764109899,-0.0827810609753027,-0.099243514689287,-0.238319293923653,-0.113148581191652,0.466410944249573,-0.0294759594590418,-0.0554958785957583,-0.103029853248732,-0.150265569422759,-0.0694461431203691,-0.0620646450442512,-0.118702173366311,-0.0355107647038329,-0.11084222597735,-0.215081863319966,-0.154702313137074,-0.0237826699365399,-0.0901726312670801,-0.179198104025584,-0.0287281338749553,-0.198540616982939,-0.0714278633962658,0.644952165738141,-0.172963862193353,-0.102352282463049,-0.0848361113312789,-0.0503341341605263,-0.190427604506304,-0.0758756629716791,-0.119330950653269,0.00934077239415869,-0.196262823690905,-0.149193934280352,-0.0388869202455362,-0.143072602977754,0.0238228972917378,-0.12722192532555,-0.0939792172478552,0.448664709815471,-0.0940808017701708,-0.0271652650110961,-0.116716465567465,-0.108291713213346,-0.12946357922014,-0.151358014682738,-0.0786928211298777,-0.0811691558771685,-0.134995919817973,-0.0784646203663977,-0.0779847785722703,-0.00888938866210956,-0.170018006383667,-0.0978652424283492,-0.163525789733286,-0.181082446076831,-0.0875116079002803,-0.0947342733184367
"UI10-00089-Sirene",-1.57703425055015,-1.59164829800366,-1.38655172496757,-1.30601396413993,-1.31634345895103,-1.63415206870769,-1.54496205333793,-1.66923340586591,-1.57792408159961,-1.74670754717918,-1.7166446631548,-1.53276925116462,-1.79013821325994,-1.57259233272068,-1.75823877283384,-1.84364581220108,-1.56150192488579,-1.62859650363427,-1.55230531222643,-1.63649406386423,-1.56205797239139,-1.91200356802788,-1.74160681192203,-1.72781250673684,-1.76457857273052,-1.47105687096426,-1.70413403022762,-1.67624801595381,-1.77256555945692,-1.54234795954568,-1.62964954269856,-1.59608995710363,-1.61327498420269,-1.65432620360272,-1.58019002626599,-1.63192607291011,-1.84712462259249,-1.59492308721234,-1.90212791569462,-1.30994001379609,-1.60715923242357,-1.71041170949044,-1.69996418554708,-1.50749696966406,-1.77737097061979,-1.78376434734521,-1.64487789759975,-1.72659092539339,-1.62571352591693,-1.66173288282353,-1.35434981367052,-1.69555247935975,-1.27790329184125,-1.62102999241196,-1.53428831878882,-1.69046040532538,-1.7629045004019,-1.91000843191242,-1.67652937104667,-1.54615400018524,-1.56345490666135,-1.63924614178019,-1.74525392953008,-1.79809083152885,-1.63402441740911,-1.72767057418188,-1.92098379762462,-1.69349558164891,-1.72863460369001,-1.624993784835,-1.73113454345693,-1.25295076419385,-1.69770732095479,-1.76771224705878,-1.63244159159548,-1.83665744292825,-1.60710707823332,-1.74239885727654,-1.69702480667676,-1.61305339691951,-1.63378643789791,-1.67570823967899,-1.75332551364165,-1.53385995034518,-1.6659216442042,-1.67125126626422,-1.57881100721932,-1.61860598177107,-1.69010816901708,-1.72728685565084,-1.41326096558399,-1.66823055398482,-1.66385431713235,-1.700565483929,-1.58001062463888,-1.55767703818943,-1.56458287408603,-1.64756845607552,-1.81744614909515,-1.63685584263243
"UI10-00090-Stardust",-0.427064885368042,-0.733712012029358,-0.670181715813192,-0.29677135859623,-0.488944511092119,-0.860415113305768,-0.632697471040013,-1.21754817809411,-0.621429006440999,-0.707428583155787,0.0510188479363039,-0.823545439816964,-0.747092173367067,-0.70486940692509,-0.875692423228991,-0.740866155808503,-0.685066186545729,-0.632057341162157,-0.554401185388252,-0.779658593415273,-0.7623452524603,-0.716847460611341,-0.448829285085825,-1.29315630663441,-0.809345364503991,-0.368599872741853,-0.489117230051771,-0.803592569661914,-0.641174312801459,-0.85137652105197,-0.718190107081818,-0.717421581680101,-0.298843685210207,-0.718421028885854,-1.11671545821393,-0.614080277051813,-0.114531464261539,-0.749536793482233,-0.638567748160153,-0.669494948032621,-0.818601778221249,-1.30184788851921,-0.818428024556103,-0.517532062004385,-0.227465151037237,-1.44097241331684,-0.622107782566771,-0.570869266942538,-0.765917676381024,-0.778202421490234,-0.685940841419932,-0.50075209193978,-0.773962233424898,-0.193825531503809,-0.716904357047547,-0.5455365836135,-0.590176724491446,-0.553108021993688,-0.58797527125004,-0.716723283168525,-1.3639181129629,-0.528801726243445,-0.639776094988938,-0.677193710388493,-0.72611604691798,-0.737610718632994,-0.809146564082926,-1.26143125730201,-0.980389216476987,-0.414982058020105,-0.636765250446033,-0.661908469458827,-0.578096565748557,-0.547981577472748,-0.741400127388991,-0.740425963335695,-0.696387940055985,-0.534930715989046,-1.23934711541071,-0.71633570371381,-0.651772194340419,-0.789985303214661,-0.789165160349917,-0.665236830537298,-0.71563292522278,-0.648166511190382,-0.699694322981901,-0.715024316476802,-0.691016646009956,-0.744591444879712,-0.805939144938503,-0.841089664597436,-0.489766540103298,-0.789764343127683,-0.702273779484476,-0.741204399841191,-0.658386230190203,-0.691597819572674,-1.30095911297254,-0.810674930598863
"UI10-00092-Strictus",-0.210305885354102,-0.136752671616,-0.324416329289753,-0.31862603147392,-0.00466307253160742,0.0291469836228243,0.0736004106422471,-0.309316559096456,-0.197407687871511,-0.457808796691196,-0.27881396131451,-0.407085420221094,-0.279915134419629,-0.242551208046644,-0.478033462998178,-0.256965797920344,-0.293457892220914,-0.268203985859265,-0.0999679907983453,-0.254923129612914,-0.500559852238031,-0.214946130680341,-0.0377910637944902,-0.226707900993102,-0.267800727753181,-0.310427232171089,-0.17694760863946,-0.344976405061249,-0.383386329049122,-0.309484414749199,0.0929866897721278,-0.00432937032389441,-0.623145754897308,-0.295214330738226,-0.465070196207684,0.0476930724865615,-0.256907125418166,-0.0108087526955794,-0.302063485622045,-0.0369704699273904,-0.16340489465027,-0.394484178009556,-0.358319209695527,-0.344008127063095,-0.174467325607438,-0.335325845180538,-0.28004021111184,-0.070883676559381,-0.540401703906324,-0.376669911541229,0.0719874053663221,-0.5171060221025,-0.255915891202074,-0.32671244880053,0.0493078726031735,-0.294781085496408,-0.376528516069018,-0.269485584883489,-0.247540480404503,-0.246017617515099,-0.131415118404946,-0.367971545909826,-0.213892489195891,-0.346810522411057,-0.366221368307919,-0.368134155224029,-0.202197154874727,-0.0927294520037231,0.0455413730296231,-0.474721125336202,-0.284284428982105,-0.408370395868552,-0.0198608196645979,0.0466832185175528,-0.469637461567453,-0.278857884748872,-0.0752528443607891,-0.332110274330961,-0.229959553471076,-0.215499680741627,0.0247146329435878,-0.229534883772775,-0.29209128437523,-0.474234814963661,-0.262953585028551,-0.382621149978778,-0.421389627336341,-0.00955160401794489,-0.386382638719401,-0.0126380789156353,-0.284032661302106,-0.126741072775518,-0.198994906142605,-0.20427503253652,-0.46012791954393,-0.363147785196526,-0.331573670055937,-0.259012982469636,-0.484344706117516,-0.362247843713656
"UI10-00094-Super-Stripe",-0.239761884319265,-0.512300415562766,-0.234336655147575,-0.107463721180838,-0.345199451085808,-0.326588746750079,-0.218929169712241,-0.323507484153001,-0.483374588661459,-0.305778893615743,-0.390834736401217,-0.372062981457023,-0.278981346671442,-0.476945068585188,-0.255071605213525,-0.205818535585254,-0.313358391475154,-0.438643905529157,-0.375434576769903,-0.450444996390935,-0.414882464542935,-0.460441827233135,-0.46880504638966,-0.278761506700631,-0.394478311475357,-0.243883021279322,-0.342132617986043,-0.351770162030019,-0.713936182635384,-0.301728165711653,-0.27564833707506,-0.403614550330543,-0.324472809040314,-0.177802615311158,-0.349202892410157,-0.38282212839742,-0.287616275091361,-0.392424827261233,-0.277232798406135,-0.419359903912592,-0.322682687475367,-0.41282733354511,-0.330494728313035,-0.41921427061708,-0.332323393741129,-0.474937891277242,-0.628851260209613,-0.679791276479363,-0.417301113372426,-0.370565501141636,-0.287774949487556,-0.30572136875869,-0.370575294297037,-0.353395040087944,-0.50298296942725,-0.342158271113022,-0.281478328032378,-0.25164046257674,-0.490473306115732,-0.269677848068735,-0.35512422978136,-0.414117839601217,-0.404819900399991,-0.312256892351412,-0.339931047218329,-0.260911066305913,-0.520581113955277,-0.489617059101474,-0.489714293802778,-0.349084346818811,-0.286655518541742,-0.334385422883703,-0.221593258060617,-0.307167753899722,-0.32522061892749,-0.234767698486931,-0.490292874762772,-0.26093377942925,-0.349568481763789,-0.300844412852594,-0.384268949754459,-0.272414069182612,-0.216801456229813,-0.246724145276084,-0.0822477265686157,-0.339292272197275,-0.524918371448634,-0.296496345237895,-0.254058426703009,-0.31435018871414,-0.430987321019729,-0.353121381227147,-0.666712414194014,-0.260986420835208,-0.431082646092587,-0.518098613268652,-0.304837043936848,-0.205087458590686,-0.313030661859474,-0.416398981268895
"UI10-00096-Undine",-1.03667772205136,-1.19219470941841,-0.947079864360914,-0.860788177945529,-1.14729070533231,-0.935407286112958,-1.11836406772125,-0.940458223983255,-0.93371272487495,-0.877684104351518,-0.905565937992474,-0.986497781059829,-0.946721585768393,-1.03535469956278,-0.898067506647379,-0.887000748842365,-0.996460440605801,-0.942646726434099,-1.05902357912633,-1.02395388054297,-0.895993618323017,-1.21090561722839,-0.915495226046092,-0.943113372086624,-1.01522018899516,-0.883844083973922,-1.01046309003183,-0.990732366305331,-0.972043509469255,-0.839980649241261,-1.23677324628147,-0.922832550391796,-0.9953714227412,-1.18991069508834,-0.883897675520523,-1.06351775382609,-0.912995491070116,-0.847824673450612,-1.0046340518525,-1.01533717949765,-0.976922736838847,-1.09114756570193,-0.941530722206686,-0.851634289090626,-0.91063064338035,-0.990546672434789,-1.12355984585119,-0.833100612413134,-0.878372499639945,-0.793797672206267,-0.915454568428786,-1.1641844379726,-0.918593601499193,-0.724004358748898,-0.972789905334516,-0.918469519416034,-0.806380488617251,-0.985083233932486,-0.95748532489417,-1.39549195670746,-1.02905747134995,-0.891585803841475,-0.95555782136214,-0.851869168646315,-0.983059814886147,-1.10020741352477,-0.874489134400583,-0.901962545460755,-0.734413357489717,-1.15589270331518,-0.99656075341453,-1.09263729228291,-0.994794868091344,-0.883212411005274,-0.867489458698547,-1.02598736658964,-0.796062626310548,-1.07270504993369,-0.883072810107338,-0.738254168714694,-1.25549612990997,-0.908102422287166,-1.12158217838557,-0.936117786753123,-1.08227399019513,-0.863071181367961,-0.759944324410132,-1.00616419520836,-0.980190104137836,-1.00525387711838,-0.936036900855675,-1.04642338734023,-0.946353090209824,-1.17931783041059,-1.00533105598742,-0.936562581807183,-0.839632668963132,-0.79383714223633,-0.889259314499586,-0.884257632642474
"UI10-00097-Variegatus",-0.579317294021089,-0.676390354135707,-0.628211416437155,-0.556424362452203,-0.577095479094128,-0.633448833609052,-0.59459633568133,-0.207134384960083,-0.45587036566954,-0.622775179781824,-1.06189429256769,-0.357558369266677,-0.60392873952654,-0.601801274532062,-0.623390937925799,-0.819013421149679,-0.429430758069796,-1.02350072839943,-0.69221753698731,-0.714817634829776,-0.616884670587493,-0.535611227136597,-1.01762063173809,-0.520761134372079,-0.364773317551929,-0.632200837106609,-0.444765165800221,-0.654338943232276,-0.324910935315891,-0.600075134488019,-0.797504006427478,-0.5287768441235,-0.549458506557995,-0.421166959150677,-0.432229296923494,-0.579528673088375,-0.575075490551242,-0.655791804941989,-0.713784490340899,-0.55217522470038,-0.502003914978328,-0.624617739055931,-0.561596040939415,-0.539971282969568,-0.610974567382394,-0.449260183644048,-0.482650642664101,-0.475746874779194,-0.583951361293663,-0.543230628196926,-0.622126008029268,-1.06031387676337,-0.87574441984227,-0.435689214039745,-0.663654638920533,-0.696896006949956,-0.71364258657873,-0.6640562061051,-0.408687860083893,-0.657117378142017,-0.600705273152514,-0.764025896030408,-0.440761281517019,-0.537441146356264,-0.360745385820992,-0.649629511976239,-0.658644544070435,-0.758306579747923,-0.482374429623677,-0.576711968465593,-0.707656959959181,-0.628533161829367,-0.619643120494755,-0.418700095633696,-0.656227881708275,-0.279283077467546,-0.62198323617207,-0.886506544827621,-0.773648219629542,-0.578060801820771,-0.67364081806652,-0.612184963464942,-0.603667064624275,-0.439115912680784,-0.230296393583416,-0.448530395272154,-0.541567313824752,-0.636547790940898,-0.591195477094076,-0.483235319398653,-0.389439722731667,-0.77523082478372,-0.901433217258381,-0.58094309553491,-0.90389036732,-0.5938949830399,-0.545516329432442,-0.640153934721048,-0.49093914186762,-0.613570288849459
"UI10-00099-Wetterfahne",0.0488555305478294,-0.25811492324769,-0.0882491807439858,-0.0414186892818438,-0.029809138963464,-0.0709993556995814,-0.0661639519370515,-0.233779587854665,-0.0205827232217538,0.022078920389051,-0.0897016931970091,-0.0773341141705492,-0.129637309510296,0.0621911127573671,-0.0586074043243257,0.060510801186575,-0.133790575325741,-0.0292927100175628,-0.0378111879908892,-0.16513596593929,0.00682333623554756,-0.170313825277621,-0.0137964302455793,-0.0763765969997966,-0.0512702956087826,-0.0362403311294688,-0.0509134435075769,-0.196334663201151,0.0486496874980662,0.0333164764764752,-0.118503760595609,-0.0249205235676542,0.0690821922668691,0.0120888326621468,0.099738964951572,0.0663114532195621,0.0812637086220405,-0.0571601513027964,-0.0219868393833341,-0.161296951253881,-0.112594893515992,0.0539741421417474,-0.0267695102802638,-0.121462027367171,-0.0513064144293087,-0.0269136175571811,-0.0992733394877494,-0.108721851315665,-0.096648667023123,-0.0206402849412724,-0.174298083339831,0.149056917048684,-0.0500325305896544,0.0214171485506147,0.0793313788658128,-0.0237805701246841,-0.0601262365351065,0.123036658218892,-0.112946556837864,-0.112634460119118,-0.0402275396306394,-0.0198472163872249,-0.101100117628673,0.139583249664275,0.0584573117532288,0.183390089064927,-0.0292091817425762,-0.196949236195752,0.0459565145006937,-0.102323237578189,-0.0412558421395776,-0.121964905064458,-0.0306931036401199,-0.0231178542273422,-0.0980678971661996,-0.0732262273345334,-0.0337567746541663,-0.065917254518841,-0.0483846181844409,-0.165562596261241,-0.146279015317957,-0.0645271708460427,-0.0204850511074643,-0.0641744895289562,-0.0715893393798828,-0.0117543550853415,0.140331754651453,-0.0290690460693831,-0.0915537333611099,-0.138179598335795,-0.0475784083045935,-0.0621628585835395,-0.180816999828693,-0.157897127160231,-0.087210903409609,-0.0132353512793546,-0.00551060965632757,-0.103281842447377,0.170405735260184,-0.16509219924227
"UI10-00101-Yaku-Jima-Dwarf",-1.38526940849812,-1.30452652373406,-1.31141920455045,-1.30342305115945,-1.28513584855411,-1.13738247973599,-1.11558527487901,-1.13453134689294,-1.13666705656124,-0.928070975455697,-1.46314247916617,-1.24611299913242,-1.34202316489936,-0.990535950514053,-1.35950191188763,-1.44252966430117,-1.23829129878299,-1.13555560483599,-1.0252005909585,-0.937772159896522,-1.39082231102236,-1.2814788576779,-1.27421492647271,-1.37870174745469,-1.36430191529221,-1.36707834795714,-1.40589496834803,-1.10797247070144,-1.30590707795016,-0.911099159322288,-1.3680550171646,-1.19227923978036,-1.3720437772322,-1.26251469847824,-1.39926500791223,-1.13538757524056,-1.40182876984471,-1.00851206638718,-1.30525282859088,-1.23623936724225,-1.41248778265851,-1.32259250435596,-1.37176164806212,-1.27478167560891,-1.24584247052934,-1.36406451896982,-1.41947246397898,-1.4075753479029,-1.36686615148459,-1.2169970997755,-1.19829663528857,-1.40929112088364,-1.26901860249442,-1.21221094530164,-1.74546873050108,-1.34482983924042,-1.59083872114605,-1.32818101331534,-1.06024703157863,-1.20468305416723,-1.29462375458345,-1.24209110381347,-1.30682395043122,-1.03743563338151,-1.21382158514681,-1.17337689373221,-1.25989557363929,-1.37314777206622,-1.4342187897363,-1.23998705860019,-1.29908672552412,-1.11527220513276,-1.2216829594524,-1.22966254415849,-1.32136093285591,-1.02987947749435,-1.28403302687847,-1.07283357544837,-1.29267266418832,-1.25478642001092,-1.30438340155774,-1.33773599865003,-1.0517093792007,-1.335120344126,-1.41154953251936,-0.84579254797358,-1.33521549332762,-1.44619847290273,-0.994116158025075,-1.30303807263565,-1.26067908062132,-0.680343603765077,-1.34334115669278,-1.06443852869544,-1.31531375088167,-0.899557015184598,-0.650319621439844,-1.27261805677385,-1.05819388476345,-1.23891436150589
"UI10-00102-Zebrinus",0.0140199297514247,-0.06427570478749,-0.064305981897436,-0.193253925251009,-0.104693212207114,-0.0133285056581466,-0.0198018537884399,-0.0778424748560016,-0.210844224467056,-0.0946376180680248,0.190291905696878,-0.170699288634145,-0.0287146975211669,-0.0185820060693638,-0.112302286765411,-0.0337377455049981,-0.231388764754377,-0.223956856701492,-0.0742420053295646,-0.147947498852387,0.0394590289524944,-0.0350967212959999,-0.139315133470732,-0.0273574682307533,0.0784225929924224,0.00670520111976632,0.115394819658765,-0.119822635606164,-0.250345342053778,-0.088304098673597,-0.277407060177051,-0.23033517066703,0.0371280835479957,-0.148011439494531,0.00497156215900292,-0.33122092743047,-0.245391809292877,-0.153347581033301,0.00380321433896358,-0.0101469920133932,-0.225292336948284,-0.135742809935694,0.0195142031664408,-0.163838340335842,-0.208322085004347,-0.165535084370243,-0.0487203479722334,-0.361801761594179,-0.323441618228225,-0.0652373755481307,-0.0669150829826966,-0.0227875109304105,-0.14598618540071,-0.0691022376428492,-0.285697866370281,0.0292755257281402,-0.144691669714401,-0.16937923907302,-0.252551921188372,0.033000302645389,-0.225887429876869,0.126476211338604,-0.0940554385491303,-0.177226634686141,0.101315081862283,-0.193968449320191,-0.290603782137558,-0.290940985232462,-0.135454820185727,-0.0583066607332917,-0.195149408128946,-0.295886303306552,-0.0683463312514473,-0.194359927669418,-0.130333466617578,-0.112398557854113,0.0106404566766722,0.0253018798836254,-0.197177154320054,0.0191060759524938,-0.0663796084631305,-0.166638306682809,-0.0776450366323395,-0.171137749220523,-0.0651765993471763,-0.29688205078812,-0.22096673213789,-0.0838126982402158,-0.0864623001832291,0.0312000720692153,-0.0595095947491326,-0.096422923221718,-0.115376018268865,-0.138410025640251,-0.0407188609343599,-0.111719420853314,-0.0369016785211083,-0.145275689488234,-0.194699849715626,-0.0263145285844995
"UI10-00104-Zwergzebra",-1.15391219123821,-1.12863161157191,-0.918728306231661,-1.2243671130257,-1.13750875039943,-1.03490101270096,-1.08792526615285,-1.06279314146453,-1.06740216229244,-0.984651991560262,-1.15381039807684,-1.12174969976992,-1.05761037980285,-1.05580865728145,-1.12156559537745,-1.10556986738912,-1.06121297476502,-1.06238775239513,-1.05771781359685,-1.0781883286428,-1.15543335301672,-1.14420488428846,-1.10941777992194,-1.16635904137538,-1.07731540966331,-1.12479979715159,-1.09982614807404,-1.0821472640832,-0.785288925843549,-1.03154737509558,-1.07740965714581,-1.12264881300276,-1.04504789479077,-1.53660637206293,-1.10061911416739,-0.652318533477112,-1.04998426153005,-1.10466403068592,-1.03848589473453,-1.19420854642152,-1.67303861924508,-1.10267128101097,-1.00583678074635,-1.13913406233679,-1.15235487722188,-1.12386081156506,-1.12046698342923,-1.13131606575311,-1.66044490639852,-1.12869115482045,-1.09958583291921,-1.02722684827683,-1.14907949781388,-1.0636495273131,-1.14153212627099,-1.14319046235012,-1.6685233924184,-1.09766874129771,-1.04492425453818,-1.09236329695235,-1.09763788878392,-1.11159970419651,-1.10582069809463,-1.09545592178788,-1.05411172436525,-0.756342007202597,-1.10692031714531,-1.17221936150507,-1.09150748196441,-1.13781806107815,-1.10126265070204,-1.52188048196968,-1.11845211397531,-1.09146809964876,-1.16587817661928,-1.10239594696236,-1.14849818737869,-0.708536640646253,-1.09548354917638,-1.09063085395145,-1.09641886664587,-1.09984123584044,-1.06536573645569,-1.14063245256153,-1.60728161169274,-1.12942710701037,-1.11163028536378,-1.1149140956442,-0.996428306541522,-1.13272285925751,-1.07461008801151,-1.15378811966001,-1.06223576461436,-1.0559388692439,-1.12962813831484,-0.741933717659348,-1.12770664316313,-0.924358220962431,-1.09092381714054,-1.07997184986713
"UI10-00106-transmorrisonensis",0.957206278800865,1.07617794115427,0.94499305098116,0.970376600534071,1.02522637755511,1.02876587817637,1.2178917427757,0.900992394222741,0.991392276621628,0.910485000816609,0.866431220245975,1.04879318463021,1.0516514176522,0.917017990210328,0.891044242125129,0.808570786416292,1.13142790960452,0.993782984085935,1.09154232197618,1.07533327765659,1.13420610826376,1.0162542208369,0.96296719362745,1.00415591494187,0.978971508912248,1.24304500118813,1.01998712527057,1.05713581781968,0.935283045778846,1.056601386333,1.2240901596325,1.06769582611898,0.989794760601187,0.961364964360271,0.884255806076373,1.31100747742218,1.08896377190883,1.15891500265015,1.01651631465396,0.945762040479745,1.08179542021882,0.973651100614733,1.08494575013922,1.0457070981669,1.07484964377706,1.136707393255,1.0654564593064,1.02761512425908,0.89399441743835,1.08175445019985,0.777821401363569,1.15576643697627,1.01117773477695,1.29326428685729,1.08194450266678,1.07020333213936,1.04968404844649,1.15790457954382,0.980133727720915,1.05718978932147,1.05744351794036,1.04884709095333,1.15080251302735,0.997454960650834,1.02775348330753,1.09166774128015,1.12577041692025,1.08867561823929,0.992405624169318,1.08438607136989,1.0571159587801,0.848158891392619,0.987062666323412,1.05187476295393,1.05550300005034,0.744417259515399,0.975189192601811,1.20189989380305,1.04715962280731,1.04401784330017,1.04858032333264,0.928582143491618,0.849419647454031,0.88505803314992,1.01939130036257,0.715690773497171,1.03523360177834,0.968971775238594,1.03428267976357,0.9924809438583,0.975274793484448,0.932416109293324,1.01660222811019,1.05876662967974,0.943922349110913,0.928706537949781,1.2875014312629,0.904798107543706,1.07317131364809,1.04129497590683
"UI11-00009-Positano",-0.868610967128031,-0.912123644604075,-0.94972380263589,-0.998004647376667,-0.997789850358592,-0.928099336482542,-0.932930998888553,-0.98100500879957,-1.1911195789871,-0.964193500197514,-0.74857481660925,-0.899593972037349,-0.886316070594852,-1.18222306595031,-0.817741666107319,-1.01876318274694,-0.938656645763168,-1.01167463026441,-1.00731947088325,-1.17729054640055,-0.893113374305349,-0.810858902216276,-0.998075902212798,-0.87788388117564,-0.703561214077377,-0.838503802196328,-0.92747415443616,-1.04344744664064,-1.19953927491209,-1.21567319958589,-1.04287432538608,-0.896901584260913,-1.10854206449533,-1.14271103679438,-0.898429249612476,-1.410101257048,-1.01660179595851,-0.905080249332657,-1.1766596090981,-0.829446476628235,-0.934782896781617,-1.00704790912204,-1.21162542533006,-0.765732503942502,-0.979879883160821,-0.916275906738768,-0.787720786941693,-0.877584132597738,-1.11598948529081,-0.898454122220835,-1.08424135495416,-0.947926498416233,-1.16169600862234,-0.978060035803279,-1.01695587212309,-0.88837609473094,-1.44611571793363,-0.951798665528629,-1.00183244019155,-0.925331528846449,-0.949757387132467,-0.788632087724861,-0.979463332244008,-1.27200062360706,-0.968964657026097,-1.10288662142001,-0.8182953984814,-0.952134888490228,-0.845978289991909,-0.822838295525082,-1.12975966913011,-1.01654714431807,-1.03749797070423,-0.921971914533284,-0.937565517323344,-0.859412049973377,-0.956433110633049,-0.763393571568337,-0.971403751646816,-1.0475973915678,-0.775972958571015,-1.07297800796926,-0.89794256428181,-0.900303150673535,-0.947715089949722,-0.891270247547561,-0.995253282979218,-1.11114813005221,-0.927593587277211,-1.04068377599131,-0.933978271410683,-0.921064006749759,-1.04260388086197,-0.825578758773677,-0.778475149665727,-0.811039907709544,-0.778823346129562,-0.909039020902246,-0.825545337494968,-1.01448012544602
"UI11-00024-Flamingo",-0.0583757786914137,0.00032545351340736,-0.000116861781899361,-0.0336301815777315,-0.150646029598074,-0.0742351133032818,-0.177067396916898,-0.115539441526224,-0.0123011414958508,-0.0319235988526548,0.0175230479100665,-0.165811039920214,-0.00648942010073475,-0.0837647050007183,-0.0179241270782177,-0.0196569919644876,-0.095455064697009,-0.00644324069754007,-0.0178675667300973,-0.0436061571192537,-0.0358463584017479,-0.0141118294240597,-0.0871307461409655,-0.165634086015875,-0.0418343269898472,0.0397993809901399,-0.172389438580093,-0.0351384924212725,-0.000122278971979344,-0.101994048942282,-0.0321093764717908,-0.0994986027727148,-0.0408496384315646,-0.0904390755118616,0.0252580875756314,-0.0587831771071734,0.122117161470584,0.0421084796432678,-0.0987301434837317,-0.044007035204807,-0.0165421320376393,-0.0996146338192586,-0.0489234295016086,-0.15407017536594,0.0407095980520576,0.0827888038093297,-0.00201070379885041,0.165184205116659,-0.114813126311621,0.0330762554001068,0.0491811640211953,-0.0162721654692586,0.116093581346582,-0.0155343994074128,-0.0446839733709759,-0.0852413891672825,-0.018829451875804,0.0462898091427085,-0.0600792427903812,0.0100396363271912,0.00924012965673377,0.0873424144308702,-0.145462232409628,0.0463333998571976,-0.0907365375070361,0.0360678047884137,-0.0863939421754139,-0.0907708124677936,0.0560980793411551,-0.0659232848368733,0.0604416760001865,-0.0564722918745431,-0.153673775712768,-0.161679598955531,0.0138569499772977,-0.0508058950571394,0.0320864820098476,0.0614519322809413,-0.000592765146635789,-0.00700823742370893,0.0850369435237903,0.0980138833575545,0.00861485930574731,0.0133721190726442,0.0497423978128104,0.0804059765795031,-0.0424412311630297,-0.0808400150727342,-0.0406769880079115,-0.0955649600504196,0.0480625387318228,0.0515225880498171,0.00272765147404512,-0.061241080690392,0.265485282978924,-0.0655335223678587,0.0241884695777072,0.00858239020682268,-0.0324521883543825,0.0401038806685243
"UI12-00001-Zwergelefant",-0.816977112323665,-0.803592335936354,-0.815176024288549,-0.81698480431167,-0.628142418924786,-0.943976485657822,-0.76034256830896,-0.92688316743163,-0.692640567123849,-0.725741834579932,-0.771638949723382,-0.640939119920192,-0.959149679805643,-0.953198369291695,-0.801082792901539,-1.14848441584947,-0.873609353150654,-0.801158240776657,-0.878102398071646,-0.894567728376071,-0.795186238236475,-0.794825414220498,-0.790913240904834,-0.84325960672776,-0.781788722638053,-0.706964786620645,-0.824960751087975,-0.817145556362356,-0.661702977923349,-0.637141379513214,-0.655412707499336,-0.803658441781901,-0.888339059297131,-0.78783474305804,-0.859073254084443,-0.546270366724161,-0.774239034155183,-0.815044702266172,-0.877646171722618,-0.826007011066494,-0.84511499601667,-0.811893090577431,-0.906518958133671,-0.68994300870696,-0.856734804734756,-0.855493565042107,-0.812026783255429,-0.769905001945433,-0.846613784150406,-0.783227697347414,-0.835052834625414,-0.886143586419701,-0.678124443601725,-0.870348837964287,-0.726309541545307,-0.665882741352493,-0.726029961442496,-0.809223893487014,-0.868520920642854,-0.755311518308551,-0.858705653635172,-0.878486609695077,-1.18992101487029,-0.789784678778026,-0.835521064442219,-0.630961980965249,-0.717349843877368,-0.783227642272053,-0.86875899485212,-0.813977567584851,-1.18820159146158,-0.751662192702043,-0.822552790821754,-0.74597986116164,-0.741445622406024,-0.798710875202552,-0.795538403080184,-0.635022674040224,-0.866857571706009,-0.915348096962967,-0.757953156968534,-0.839520631754896,-0.905078988294563,-0.652632670509722,-0.736177761043285,-0.761737213072031,-0.866939523407899,-0.831041483372481,-0.834408275917556,-0.784425768240194,-0.795231861911935,-0.854231935117427,-0.75992687076419,-0.87822681651387,-0.809817576497796,-0.655997603527244,-0.845955801295938,-0.768156965379895,-0.79197518930634,-0.808921052266533
"UI12-00002-Malepartus",-0.208469197350637,-0.151224888111385,0.0225065357301505,-0.0785049397794624,-0.0470217978328001,-0.148229843462838,-0.0606676606757336,-0.149569281117018,0.0440028449399645,0.0203191564184223,-0.021866848053465,-0.0964840555133657,-0.153303885067221,-0.227066768862738,-0.147106688100651,-0.100925245402211,-0.166765502829234,-0.032415574010281,-0.0593219820648417,-0.0289346468569131,0.0197341534909404,-0.164434904065671,-0.0836138948924836,-0.0319509658945156,-0.200660222876844,0.00677484646558048,-0.133118368675885,-0.104474581456923,-0.245414057870748,-0.146012274524683,-0.0498292937533024,-0.222530531206571,0.0529279349241355,-0.0351199052762153,-0.190707109329855,-0.10040214352872,-0.0390101983673066,-0.0685029937171883,-0.096662047438292,0.0474332077032455,-0.0670674599462915,-0.0462506561603459,-0.116304598505616,-0.171598601020706,-0.171561425667744,-0.0369994329474635,-0.136299359401049,-0.12551116740683,-0.0587183531816867,-0.0314648107531402,-0.101552498144826,-0.055889517452333,0.053936017788938,-0.214211363384998,-0.144390597191008,0.0312886477069353,-0.0796974086296562,0.00914530043205634,-0.00801215429130967,-0.0343282384752521,-0.28388590929897,-0.105923219405549,-0.000837628420168334,0.107928090654018,-0.207734790547171,-0.134642010080246,-0.0332842559937805,-0.105824660892924,-0.149002570970131,-0.2642768364705,0.00486301171606602,-0.0587458686855556,-0.166998191997884,-0.0781665946077646,-0.0876318823883046,-0.00264034743090123,-0.119163642254305,-0.0580905147068715,-0.0812487278256213,-0.203100523754354,-0.116916274976727,-0.0644365780918896,0.0624883108894315,0.0636228244671695,-0.0725051681318948,-0.145839628179636,-0.0510192771119528,-0.129843011840439,-0.208348680200019,-0.0160775914675884,-0.108871383900159,-0.0810338038192745,-0.185690829289065,-0.110066944358399,-0.192726459258325,-0.0678817980815518,-0.0832944814961882,-0.104730393295107,-0.0805521605749154,-0.25258660908816
