"","predValues","predValues","predValues","predValues","predValues","predValues","predValues","predValues","predValues","predValues","predValues","predValues","predValues","predValues","predValues","predValues","predValues","predValues","predValues","predValues","predValues","predValues","predValues","predValues","predValues","predValues","predValues","predValues","predValues","predValues","predValues","predValues","predValues","predValues","predValues","predValues","predValues","predValues","predValues","predValues","predValues","predValues","predValues","predValues","predValues","predValues","predValues","predValues","predValues","predValues","predValues","predValues","predValues","predValues","predValues","predValues","predValues","predValues","predValues","predValues","predValues","predValues","predValues","predValues","predValues","predValues","predValues","predValues","predValues","predValues","predValues","predValues","predValues","predValues","predValues","predValues","predValues","predValues","predValues","predValues","predValues","predValues","predValues","predValues","predValues","predValues","predValues","predValues","predValues","predValues","predValues","predValues","predValues","predValues","predValues","predValues","predValues","predValues","predValues","predValues"
"CANE9233-US47-0011",0.711607189485212,0.659208970495102,0.687876499477769,0.730692843232587,0.661024574186327,0.557954604883622,0.712341885715894,0.59835418151888,0.669295026097004,0.680728438525731,0.751506340506126,0.712067383421929,0.699565669585972,0.618316087847367,0.68880919910361,0.686507639054218,0.612120224986257,0.66566351882226,0.58435248895384,0.657774426920164,0.766676178297388,0.68191685283236,0.565368940664124,0.681616692445816,0.692011520008685,0.556567963685113,0.554528845107722,0.718669885791459,0.715004775189279,0.643304695574843,0.58397692131302,0.634874645835817,0.6901954701535,0.591927242442239,0.725550068718693,0.737604616151847,0.652197196032569,0.69127639308737,0.67816812941745,0.652802404916593,0.681646049805355,0.649086962096746,0.6351959588343,0.61111205726922,0.631942086048356,0.654863761961974,0.549088476606466,0.676306107329375,0.70957884778773,0.737960690619891,0.579815721730502,0.661325257565831,0.655040444860188,0.541192252235787,0.713492724093333,0.583239715485026,0.598914777972966,0.690322273487032,0.671659594959592,0.694575826406647,0.67645932692176,0.707424880766819,0.688946187531686,0.694115688061635,0.549721699578466,0.685666173018611,0.719235867939044,0.69062091582737,0.668528147208383,0.698050973735425,0.731033856621209,0.651153947605142,0.717085828529068,0.683205553261569,0.652572335001211,0.676304929955503,0.658327612176785,0.650753878032127,0.642982925653369,0.676984867205276,0.726503259392918,0.633180419903211,0.662927622572987,0.750975896499857,0.659493596948563,0.69611807592686,0.650835197992119,0.675176855504176,0.688448217160278,0.641525493679175,0.69537560532022,0.726974024817359,0.548060189405607,0.684220074084333,0.64518449341113,0.642448534239689,0.70688974702141,0.659338104622338,0.680186816278245,0.656518067822632
"DC-2010-001-A",-0.0480319172396371,0.000480526271804059,-0.0525103102600384,-0.000293062823342833,-0.109741556315725,-0.0428559463814423,0.0285955424083845,-0.0157687516888326,-0.095323929010534,-0.00444642208393887,0.0394764383412125,0.0534261803896757,0.0986946232155512,0.051951642628043,-0.0514941982743709,-0.046496076330966,-0.056095049330733,-0.0589395806604866,0.00609493477525734,-0.0403222053939045,-0.0482992763792615,-0.0491000520922122,-0.00450519986951042,0.0401807940228787,-0.0618020767640217,0.0178029312202292,0.00125648115336754,-0.0353482354310255,-0.0654506175631395,0.0257048260359755,-0.0702308536190025,-0.0520722667964835,0.0292427817615014,-0.014763908937398,0.00292335468774972,-0.0135891067796132,-0.017926251934239,-0.00346774968423401,0.0745064829144553,-0.000908117284333706,0.0331166909240368,-0.0291062056228648,-0.0272358509422465,-0.0192777601876807,0.0295454125094733,-0.0476939146069099,0.0152952261185017,0.00523325149504359,-0.00510209578501917,0.0382321737622993,-0.0299071893694523,-0.0185516078794936,-0.00110106004701406,-0.0158681229451744,-0.0557195318769748,-0.0489255460283122,-0.0442194959430818,0.0103769476009578,-0.038314285979458,0.0213114233759774,0.00385915810749853,-0.0807271700183376,-0.00892376537550652,-0.00566935392598045,0.00867331333277149,0.0330851881386834,-0.0195666077464603,0.0191439760169811,-0.0267011016843058,-0.0469806652893085,-0.012478694430365,-0.00316438546355325,-0.016557160417555,-0.0274221473126603,-0.0802318053270214,-0.0172188883482072,-0.0535413867565285,-0.0491780286940831,-0.0215004162553486,-0.0181028402310085,-0.0168605464006916,-0.0139967632295117,0.00506896108803571,-0.0514821533926396,-0.00851168016889971,-0.0588248229189647,-0.0293988463651279,0.0422035852956217,-0.0447347665820811,-0.0616528611498531,0.00269969286518008,-0.0833708871158277,0.0133972761485895,-0.0123427786728736,-0.0406167486645788,-0.113258787497774,-0.0172694269677196,-0.0207410025894088,0.038656727543099,-0.00175489406257195
"DC-2010-001-E",0.0851328399530922,0.0828197482127415,0.100790164515215,0.197452051598751,0.0674192673925641,0.0930403377572127,0.101077608744174,0.120018572092641,0.0701821599236654,0.113331192726855,0.186937433345052,0.093936935287116,0.274108798978779,0.217229459086521,0.167555848310224,0.111963166066288,0.158063995812655,0.115582060753244,0.210420132346785,0.129541165882962,0.168723773366738,0.0857248885377521,0.135500231387297,0.108157014207056,0.141521799711646,0.125057377491769,0.0985795022699613,0.101523634774455,0.0384648532338851,0.00625893230887459,0.0629556255805656,0.0769836063846446,0.118165608267599,0.0865643604026662,0.110318174482321,0.0842265641179327,0.132115751370318,0.130150077978106,0.155094145329217,0.123596372468134,0.164249618487909,0.143005335946579,0.0769203325385076,0.0552680560388818,0.0541065948087377,0.125691807205595,0.122559538357649,0.0499710914952752,0.102782639645671,0.148832756690284,0.0804189588237141,0.11224640527329,0.121385696386334,0.0911563938639873,0.0908402562417206,0.0693997304080829,0.191519385400851,0.0657304010603289,0.0774073697194476,0.174958817083478,0.147187577933219,0.0762369636704054,0.101343496486873,0.087429328693191,0.0845919621748445,0.107662286334128,0.0709246368188425,0.131304699939708,0.114715887114494,0.0786404463481501,0.0972517450685794,0.165778931326594,0.127247054841131,0.0349661182701575,0.0966920374357853,0.0780708369597765,0.159220957239306,0.110770576308091,0.0465561574590212,0.181473908200214,0.0837960485966488,0.0896309789070981,0.077115708760056,0.033588281061489,0.0684038434113157,0.0210644846301616,0.135543110741598,0.192524253520709,0.100943752509219,0.0449839521540473,0.10890940522763,0.0551026905405235,0.0557127495771101,0.13704867332244,0.106144653561871,0.117915549305851,0.166679908625646,0.0825787540234839,0.115603529512463,0.112891803239192
"KY-2009-001-B20-e",-0.00950667071313624,0.00822709370768429,0.0164008794281117,0.0279341868862782,0.00321789628645753,0.157512672697366,0.00927495354189068,0.0186688535350141,0.0196533507988979,-0.0000712741982849133,0.0297978182874203,0.00139426378638443,0.0197371972842992,-0.0130003312857979,0.131171940745991,0.0145934565090731,0.0107901115493817,0.0143501755961554,0.0188286860153604,0.0289941570662314,-0.00500340322519851,0.000784614909275503,0.0137047184602812,-0.00837157729716642,0.0271563499907566,-0.0156351535298403,0.0190502727904085,0.0243666814801502,0.102591856058497,0.0343090252176221,0.0288936614283048,0.00353191470198124,0.0173097438794968,-0.012655536639211,0.0101111059813573,-0.0261987912386082,-0.0125831630419577,0.0157700190190158,-0.0221059599297322,0.0361072497823762,-0.0208904643551282,-0.000641285340856004,0.030676453657886,0.00348510397403808,-0.000274864725004623,-0.0248937621782341,0.0291215186322354,0.126467884381667,0.122243617665417,0.176254114848968,0.0157074198818691,0.059880083201021,0.0000273210717283079,0.0147421279040869,0.0343125342409636,0.0171406746771874,-0.0223612977700483,0.0198218916251582,0.0286384375338159,-0.000529473417633495,-0.0259781483028416,-0.000197365838659435,-0.00489704332570877,-0.00446279172315386,0.00170934520572736,-0.00947138848875475,0.0183604206662979,0.00965757952143264,0.0145435447025261,0.02285590993738,0.00905485254354589,0.0147154044350026,0.0106195541362715,-0.0210833234336082,0.00771202217733432,0.00824571420231183,0.00348196640645385,-0.00044912133825481,-0.00898482623786431,-0.0304269198197551,0.0244159725222358,-0.0138049806314742,0.00549219893911988,0.00574019218918763,0.023431764760558,0.0163182120435552,0.00223589595431621,-0.0205106278627299,0.12688021377835,-0.0100554220556069,0.00970209631631511,0.00923656976952269,0.0179918023181141,0.00422486142051293,0.0415072198216846,0.0132398569971247,0.00359602885001405,-0.00228236807878611,0.00239300389629693,-0.0274513080527029
"KY-2009-001-C",0.166923994463146,0.170734307336275,0.156094506049201,0.1690249839565,0.192866275038826,0.223670223353748,0.174480050928465,0.175715798574832,0.15923597961312,0.186901323400499,0.184194332833074,0.171235141641769,0.186944267610787,0.179543345905325,0.188279360485193,0.163500830731056,0.188021182766176,0.185901674171978,0.203086924271974,0.170071568865979,0.196476175792944,0.13784758534406,0.185720703341508,0.183656127817546,0.171254883817064,0.168167473839616,0.227677753535291,0.173780421852291,0.246694002905805,0.203418306728656,0.184772946603562,0.186091175013083,0.195997891449273,0.187002779678066,0.163549519944763,0.161527937562367,0.182394468664167,0.185699798799211,0.145569510415326,0.170800271887541,0.190458313283674,0.17811822761722,0.148966324570849,0.177891584946483,0.179935989783497,0.182029852164428,0.179004667138501,0.174325234339035,0.15780892181243,0.199562193554364,0.206936610058092,0.183400368237316,0.167333940410631,0.189665280170439,0.18180331875762,0.164234632271104,0.205574023595505,0.162616032697221,0.182748673233321,0.189477588025176,0.163353837884358,0.185515805042851,0.235097457004416,0.205503179238159,0.163586616614635,0.168063419234843,0.193380060276602,0.168091676312939,0.20088962532537,0.175533659633217,0.17661222855533,0.155849536304607,0.190064670775472,0.17152886198868,0.155299797285247,0.161214673162734,0.183434186408631,0.189229732583192,0.195722412600901,0.193451545068715,0.168971762423188,0.169501547761442,0.178175379348909,0.168574651240176,0.174906447409175,0.13963735680093,0.172319158811575,0.181889236388584,0.185892320078724,0.185158044352972,0.199171465756124,0.14235499224232,0.141586670587825,0.274746329760044,0.184766047790221,0.17846217568672,0.18008182884557,0.250623815587488,0.165555160358661,0.180767441481304
"KY-2009-001-D",0.0829406250738908,0.0566033005115149,0.0879209944333859,0.0642567640044118,0.0981784832203357,0.115257227469016,0.0935942446873385,0.0521385904099747,0.0684161658330081,0.0789272442012789,0.0737876636790405,0.0972515274402675,0.0819366339279445,0.0858677009520662,0.079444751867472,0.104889326404631,0.0545270665444238,0.0831217452306275,0.0194242111605904,0.0531589454632953,0.0625467158335176,0.0429295302652815,0.0389540055556849,0.0640316539196387,0.097921901889177,0.0842640824506574,0.104201731664058,0.0856262427544527,0.0997023281056711,0.0787843426446048,0.101906445258435,0.0700856439362096,0.0540578146007491,0.0642313138495159,0.0867162678135711,0.0927480003463894,0.100665987198283,0.0644406075847893,0.0553640904079661,0.0771546504089167,0.0690855380106051,0.0518078385175451,0.0746671799900501,0.0729418245662926,0.107472316405743,0.0788189473525844,0.0176341181588642,0.0754359811921697,0.0512892661419147,0.0669606410518963,0.0693472704107319,0.0701261663762266,0.0418024118860488,0.0779154658902725,0.0674922930721138,0.068383644727384,0.0722098676432295,0.104825620858694,0.0991411526898138,0.116943041124453,0.0736040621439998,0.069950292071048,0.0544414354260099,0.113163613957012,0.101313522073831,0.0764033434887843,0.0864252969688327,0.0742954862433914,0.070704009871934,0.105121018065841,0.0580460830981807,0.0741934853083212,0.0717715631121434,0.080810815463114,0.0484477117332791,0.0815453255244656,0.0601836673609427,0.0847730703230578,0.0441574058177005,0.0690666664903056,0.0707283833177006,0.0538382247630372,0.0801964371423371,0.0857963109215756,0.0762306259580343,0.0852399249880019,0.0878288363872235,0.115134977502688,0.079999668881117,0.067920197474654,0.0774492385128158,0.0633273019540168,0.0729309298492824,0.0967553826176799,0.0810734700797949,0.090370792647777,0.0554748738046911,0.0703967427184183,0.0714197260485882,0.109406985681109
"NC-2010-001-009",-0.150211962525318,-0.133960923282719,-0.130014016520589,-0.125821424496869,-0.0981649505519757,-0.146027904941521,-0.115795506719232,-0.169298926171306,-0.131466252240944,-0.142164447207251,-0.124800274568706,-0.161517197324708,-0.113720027133765,-0.111715696353959,-0.160376638278853,-0.112114852622729,-0.121344776148684,-0.120499223449954,-0.144539924741313,-0.127777070768613,-0.136505836873283,-0.105302441954439,-0.139275957489527,-0.126995504963096,-0.0979163986144248,-0.140079819387711,-0.161536544190494,-0.147489006304423,-0.103077433608236,-0.200391297997055,-0.11729485552593,-0.0981639445750692,-0.144378608115771,-0.143557144082625,-0.184551155236935,-0.135426801092769,-0.119760008468436,-0.100862688804862,-0.141133328816507,-0.132106136377888,-0.125232614089937,-0.129332576634447,-0.14212942887444,-0.158862960139504,-0.121590999779402,-0.108090220250578,-0.0634454976423022,-0.126604565086965,-0.102610144108903,-0.131879090307755,-0.131480972541656,-0.134197971971783,-0.110485477078995,-0.164372704711878,-0.121412375780675,-0.126130521314322,-0.0956200743093094,-0.126546374691896,-0.135982617696504,-0.107437507219038,-0.122738976670332,-0.128400398263817,-0.14281728742262,-0.162514296547493,-0.182767455928099,-0.10334420332298,-0.146131717609283,-0.114307057150166,-0.108334010076945,-0.152595123855061,-0.088632092058998,-0.129181856820177,-0.148755369194536,-0.166697542996899,-0.153186007194001,-0.0929939443577838,-0.126924816551682,-0.131642955072681,-0.13164673751392,-0.139968305428266,-0.125745986460242,-0.0983530097665535,-0.119421711570234,-0.135265196957578,-0.121780275626623,-0.11083677490609,-0.15482783872112,-0.138161990152663,-0.120833567283355,-0.136743622664764,-0.123120375869762,-0.130220532207627,-0.107584039154401,-0.139836007399515,-0.146377649173082,-0.134701214335477,-0.136690580675184,-0.112222278209011,-0.157450613228311,-0.151014563403353
"NC-2010-001-010",0.0294032797354958,0.0119421949677763,0.0032386115154202,0.0510557093110102,0.0235765959015289,0.0540159670452335,0.0427080117016995,0.0454775864658465,0.0228220807501529,0.0234663648571804,0.00899096306933505,0.0223991379262598,0.0103382815712918,0.0130136445073968,0.0529255908860921,0.0371426970017642,0.025967925235273,0.0137366516416214,0.0367575308545274,0.00983515352095829,0.0241286075183754,0.0477513225836849,0.040744439800491,0.0323509158237878,0.0471939973062542,0.0154726050454153,0.0343849676660793,0.0102798340805537,0.0277623116767574,0.0475327828133141,0.0295658740580919,0.0232076647505123,0.0123147033202375,-0.0345040228940668,0.0524823143088497,0.0277523326033546,0.0332319664680312,0.0230364519813727,0.028814781325662,0.0130146191392604,-0.00907783193350557,0.0484145209311419,0.025163204045185,-0.0441627106476209,0.0520550495689783,0.047132602312997,0.0282922973868424,0.0165068324812781,0.0242365038214463,0.0650070231212887,0.0364403136124852,0.00885077795963897,0.0300430783425302,0.0128454491820572,0.0265361897383362,0.0390115815012007,0.00508162926638068,0.0366596804499897,0.038477006637156,0.00613169300238231,0.0353612823931043,0.035670554606219,0.0361035948890288,0.0398511749897182,0.00806243807141617,0.0245113974049415,0.0401084064967039,0.0457769899182108,0.00958548507204205,-0.0287925906199591,0.0290825003157886,0.0198939038964541,0.0359008366547911,0.053255314272159,0.0427768122681848,0.0379700092104156,0.0388608636952622,0.0438326214259803,0.0299590816946158,0.0414788424386139,0.0292784316003858,0.0267338754280278,0.025264169698265,0.0610438260210424,0.010312741574912,0.0210591218227724,0.0253127978609533,0.0492719155837881,0.0261105608019762,0.0320981671678464,0.0409545875628431,0.0638102086139982,0.0520523071479787,0.0458898091415933,0.0266793190122275,0.0272235491567371,0.0237574049631813,0.0601815890471796,0.0278832171297608,0.063666326921611
"NC-2010-001-5-B18-a",0.0426212586640041,0.481545265783681,0.464584417387032,0.465232816439515,0.578129371629127,0.495315775435213,0.437669272992409,0.479112050101158,0.49221363330273,0.505209983779395,0.481364403676895,0.467850196769013,0.458154544764,0.443062474015103,0.495858707024672,0.579534717401377,0.466283159627521,0.508411276955837,0.566900893746314,0.517621963170764,0.582951713378022,-0.0345532371780656,0.000835018093459445,0.456223689693251,0.531239218016441,0.483796646893352,0.457244299204181,0.488487680952575,0.450940706126469,0.0175262147100795,0.513574379720204,0.441395136946659,0.457794072863651,0.477310096203454,-0.0447045681969918,0.456902159483187,0.494189496084185,0.470488690905136,0.539608659937744,0.527698524253167,0.47427302088089,0.47647137036609,0.478366748996354,0.486871643378974,0.470479664517952,0.549211495441854,0.453187971593927,0.492426056197861,0.467826268512338,0.486861981535987,0.48959302216386,0.465689784904353,0.491735174260906,0.439757632295157,0.44069914975933,0.481817850204398,0.528456029692338,0.470996345888002,0.435518084607662,0.509987575713015,0.507794577953255,0.486428212575012,0.4386824387773,0.513509363447239,0.58222900995519,0.586484359957961,0.466382679031579,0.483443057322427,0.497276892350273,0.576752916086343,0.496123069743159,0.445320745588087,0.584866307081775,0.485773229244808,0.579589072297658,0.48972965082013,0.450462164931793,0.458565840869822,0.424629453034162,0.496491541749685,0.476706393529943,0.487491632887162,0.461237801171418,0.551277198397029,0.510839143903175,0.46964927029655,-0.00496562544359249,0.485157794827021,0.47958407147341,0.500135547701032,0.468694049730738,0.481719303369456,0.478175438481119,0.518923415429993,0.50909586450264,-0.0311437154182702,0.637637474094016,0.472289923183652,0.498589585689184,0.446705316930318
"NC-2010-001-5-C",-0.166800564166514,-0.198271764130136,-0.214210893047755,-0.195216512198015,-0.173815689151966,-0.199318691872066,-0.188080458365273,-0.212274385133115,-0.205106981400901,-0.185820482806676,-0.165743642269488,-0.188188344465069,-0.150256610634383,-0.20285167624946,-0.210172643390542,-0.17313871095659,-0.175975353593445,-0.192735534355678,-0.189646515309459,-0.191802041779539,-0.185311518705139,-0.206127608462724,-0.189228456413864,-0.180457958545573,-0.206753095441699,-0.181614292542945,-0.183620328350818,-0.181429280500776,-0.198367024669041,-0.186316450655331,-0.181397373330324,-0.197974849221664,-0.210286271171037,-0.21402943358922,-0.175446341815805,-0.18015430757502,-0.181001545164574,-0.175739786930316,-0.197905274965738,-0.198721679454233,-0.179852226643454,-0.1852160492532,-0.191505563962943,-0.196261781267679,-0.191954410173881,-0.135231198039928,-0.173071695377918,-0.140919445762895,-0.201141357442013,-0.185434857423895,-0.0607129633041953,-0.188370863344168,-0.175045148838913,-0.190614265021139,-0.171543862469494,-0.185839737996074,-0.17177053009369,-0.186954530133427,-0.175034048240466,-0.192627401022352,-0.192916761051279,-0.172446115458387,-0.166641666461575,-0.162316493760525,-0.218533838375855,-0.196812163860614,-0.190368461257237,-0.200695806930959,-0.184084058871499,-0.216514856768464,-0.184780260643418,-0.192551579660643,-0.199778692505436,-0.194684923283425,-0.168468379790494,-0.18946384433572,-0.180611756238375,-0.194020170645999,-0.197335098139686,-0.190024940517483,-0.218932912135671,-0.208485486611231,-0.173493204776389,-0.156925224804527,-0.200019829358103,-0.217186970552074,-0.173971775524606,-0.179665239120172,-0.182094574024605,-0.191791946290688,-0.192345047552604,-0.197298433383014,-0.18825015430721,-0.183071994700953,-0.172019948742026,-0.197962343667886,-0.176846299563441,-0.173759325852117,-0.188977828608948,-0.173725026823114
"NC-2010-001-B",-0.461351564494224,-0.45549346719418,-0.427844988291451,-0.461525437902108,-0.433543470480838,-0.44362962967486,-0.446426251739183,-0.430140036446498,-0.462231527642132,-0.459348887283741,-0.468465224828796,-0.157147868994478,-0.451110169792825,-0.454801805691538,-0.506449556143187,-0.473287504354036,-0.453930938031653,-0.195612197323237,-0.493335419627833,-0.507393499040937,-0.446353469359435,-0.46475988562531,-0.470869654923596,-0.459848254281069,-0.453889500801147,-0.503135220630682,-0.486998593121492,-0.463276490173077,-0.452342768121208,-0.471334753247291,-0.442833817491206,-0.466017181036147,-0.176316505209861,-0.434182636975587,-0.41239409142136,-0.143438452256623,-0.455075222503211,-0.452620018490464,-0.447353385737297,-0.453759166177977,-0.0778652954694544,-0.444213907851872,-0.472975318315893,-0.462124428623021,-0.425938897013636,-0.456755112830273,-0.54174501028741,-0.455261297155481,-0.450116587522139,-0.151346179383664,-0.474045503649638,-0.487773885014036,-0.455089955844514,-0.453028806678747,-0.445895929280471,-0.437776282352315,-0.468321965483308,-0.431529022241046,-0.499665496499264,-0.55349933558439,-0.451962183712511,-0.451500217367494,-0.451350757697602,-0.471068867691591,-0.435847294907619,-0.470271749111266,-0.435889426718242,-0.433946453407943,-0.445745739873498,-0.53604795677414,-0.531149363730291,-0.482627189980717,-0.473814896108189,-0.43670452620042,-0.454254649011687,-0.562060079289745,-0.521079722159537,-0.465445943613148,-0.43702705600197,-0.491554876179917,-0.499259446999896,-0.460252093856174,-0.468061666527057,-0.158118542238585,-0.435094593995497,-0.153258917054707,-0.472500103435623,-0.459337561479308,-0.487082421728471,-0.100719827569982,-0.464534005406995,-0.475960855675583,-0.458475769888095,-0.467186186540208,-0.441802464574198,-0.44702002605989,-0.487770434411826,-0.44856360567431,-0.46238576609831,-0.468753351838825
"NC-2010-001-B44-e",0.0617206173094629,0.0633383294965153,0.0562028022132829,0.0604131497512725,0.0811895125548523,0.104749516725194,0.110892317657393,0.114618436401653,0.0549336437877668,0.101554882003888,0.093072132707435,0.111783168485542,-0.143473474760769,0.0521424826055251,0.0908027433853863,0.0675967527881095,0.0565868606663622,0.0768663578593053,-0.126552772248765,0.070205136762742,0.0732283832117135,0.0850390835011888,0.0659023256095704,0.0926558167092737,0.0548899558754532,0.0496358209542814,-0.104488116834325,0.0813505836308903,0.0860186267875666,0.0779534696156531,0.0601845795647813,0.054865425190487,0.0606581147847541,0.0794236219393605,0.0673225351118567,0.0690343306820391,0.0676375157929409,-0.080700463427828,0.0714198129483226,0.0663138120080415,0.0607283147751781,0.0758492225317722,0.0750536621943414,0.0746060990779079,-0.166255724437346,0.0762736041265507,0.0951927491577692,0.0745026912065446,0.104975225160887,-0.0656062595547177,0.067457550080711,0.0646199010266337,0.0652660519045593,0.0518957772556719,-0.105360582976148,0.0783473892191626,0.06595079498735,0.0570808473264777,0.0665446175398176,-0.144715223461688,0.0758029744636046,-0.119938890373847,-0.149957585550179,0.103783391080014,0.0831889672178202,0.106878736078832,0.0456511856416901,0.114808701502716,0.0778867005349871,0.0753927627376748,-0.160382030069022,0.0770118421308223,0.0474216944620757,0.0997314005310105,0.0471246054683039,0.063143342286419,0.0515470556721386,0.065597593244795,0.0720453609029854,0.069871495189172,0.0691237535930675,0.0618202658920282,0.0945758615953413,0.0965549369458703,0.0758636598390357,0.0933158283812157,-0.0423498889732973,0.0632156872217585,-0.11955630910819,0.0703353458939017,0.0655254295115521,0.0556799327507639,0.0763566368052039,0.0669837969444624,0.0838832300351638,0.0810641472762052,0.0588538309532196,0.0607799000151439,0.0686552129594823,-0.0850643848053343
"NC-2010-002-001",-0.0547909285747162,-0.115465354878734,-0.0713923215284891,-0.104817569028558,-0.130240962339632,-0.196277268958191,-0.117870913428466,-0.212518466868452,-0.117582921019407,-0.101454364996159,-0.120874370610768,-0.176321413899278,-0.0652506203004083,-0.104385973335361,-0.128906698776508,-0.0973432731972738,-0.0492469588417185,-0.103105804302138,-0.110423412613064,-0.148662268063726,-0.148570319167459,-0.0492650620526163,-0.137496702655752,-0.120913542790557,-0.131342462736151,-0.0728692002106596,-0.169363061833807,-0.116684591090604,-0.073868537224485,-0.0814675663769143,-0.0912324284035324,-0.174090307178847,-0.0436844361973238,-0.162011626485372,-0.167451773671553,-0.0676778055126693,-0.070217256058027,-0.16818777086592,-0.129870582338674,-0.0952641951994269,-0.143093634603896,-0.125509836379963,-0.140083697368587,-0.135504593721227,-0.12982862019967,-0.115120181493735,-0.110140559511697,-0.100964735532255,-0.145033533847525,-0.110666852940533,-0.0930073442444481,-0.0882920840802933,-0.193093830769885,-0.0674292473561136,-0.0591428707310151,-0.100667872780567,-0.086198875941391,-0.0834060857516604,-0.140232147956525,-0.117015326852452,-0.0951085695987266,-0.0903456879001305,-0.1637596697359,-0.0743441098679974,-0.0325379994032901,-0.136742798591587,-0.0285406156984352,-0.0904479183565635,-0.0669832180247189,-0.106738349166119,-0.0928155399586671,-0.0849556831086806,-0.0532503437070346,-0.106375484450471,-0.104271590339654,-0.14512174179097,-0.08581442370906,-0.0807962910548419,-0.155597591035946,-0.081421460571668,-0.130171987252321,-0.127094958334508,-0.0714348824385011,-0.111316352556653,-0.0591660262215259,-0.0998842635452327,-0.134521096502626,-0.0594468171675037,-0.0935400627839793,-0.158862331632754,-0.116407643968136,-0.0766294393800391,-0.0823721317246538,-0.188873095180042,-0.176052213299157,-0.129628229435196,-0.168340353620498,-0.0869370845618054,-0.113698069627,-0.0987698119004881
"NC-2010-003-D",-0.327124187999874,-0.247951563362881,-0.292598755763907,-0.212354388478654,-0.298610119920782,-0.33573304572491,-0.296724766469577,-0.299117906534636,-0.286109993385833,-0.251639396414825,-0.256981678757043,-0.331355347617731,-0.323276319720517,-0.32853650538926,-0.360814521051589,-0.265607682657004,-0.336559257510347,-0.263789932133053,-0.307164065368331,-0.244951388829318,-0.301856226382085,-0.327514300543243,-0.295102602105072,-0.267735260781302,-0.318948286751359,-0.281440948788465,-0.281722586610801,-0.306025204199967,-0.278205221827323,-0.355696500609787,-0.262201276278611,-0.24521222871433,-0.274032836018974,-0.2814645638233,-0.257487734848346,-0.292053618642347,-0.355377543274778,-0.219603719791609,-0.292436409511191,-0.313684149942321,-0.299803431569809,-0.269873150901554,-0.292790412718388,-0.272896935663067,-0.290950021565127,-0.276397769052674,-0.332201738255122,-0.31593632138106,-0.277611606646663,-0.337914733041382,-0.318772755231281,-0.268478017790195,-0.284214370355435,-0.280090037899149,-0.296599893569608,-0.335753457509148,-0.330861862373027,-0.30147088810088,-0.3353309555311,-0.247397609445626,-0.288831121899376,-0.303765496152688,-0.232746855249795,-0.280716249155629,-0.237202943101995,-0.315485597906309,-0.309619314282139,-0.285014164694381,-0.295581013106675,-0.28272471844501,-0.299406410803643,-0.280294798998381,-0.253348987796791,-0.331032180560102,-0.285416421029663,-0.269115876829188,-0.20365451457302,-0.242627491615375,-0.298527726359672,-0.220625562059137,-0.35996373186521,-0.330577424470356,-0.323156948250341,-0.285344456147659,-0.286342436965854,-0.314816977986687,-0.291774303615842,-0.245536418293269,-0.340668096917588,-0.303081232136395,-0.300521148621984,-0.311872747007913,-0.25694766089974,-0.309294933230213,-0.259718615504155,-0.275617094529727,-0.310296674529161,-0.288874478394243,-0.248585466970473,-0.354202998111519
"NC-2010-003-E",-0.103973896123075,-0.142112806849049,-0.178797146681866,-0.0884828162625047,-0.0919378975145855,-0.149590524177113,-0.160503185596541,-0.0694615463079523,-0.163220033381783,-0.15582513737821,-0.0886980473270703,-0.146989248535067,-0.16269668664317,-0.149955555649821,-0.206647667865335,-0.0881146484506079,-0.150282394553548,-0.174235200137348,-0.124395680632047,-0.182296415617985,-0.165797431894966,-0.160162177861867,-0.137483057363526,-0.220065159959675,-0.167735380859291,-0.109581683051158,-0.134959570848051,-0.138338614190876,-0.0934243746803502,-0.135171714422021,-0.155355526125707,-0.171998588437866,-0.155292796356358,-0.175400267532034,-0.0818446338239694,-0.131052959192609,-0.197909114745531,-0.119733527559608,-0.182198510281152,-0.166267100447458,-0.196421533409635,-0.0646160066954133,-0.168316222016423,-0.193025973747065,-0.0806019307117389,-0.231106770876612,-0.203437610060106,-0.172564253298363,-0.17854849354131,-0.134845048367274,-0.106024216494784,-0.0985499056556289,-0.194910762686168,-0.135117390158239,-0.115125842937235,-0.139705437582617,-0.169143048562772,-0.125630194208769,-0.147187391621996,-0.14327850550129,-0.140300331330318,-0.0774753752602195,-0.162850606098077,-0.192544246005895,-0.0931004722334675,-0.147084381649511,-0.137423624889785,-0.161471133087714,-0.137758566303952,-0.188601951048251,-0.127418582031144,-0.0828210906368116,-0.123221299359161,-0.193866267222433,-0.184864497440234,-0.161241092141523,-0.106846443898222,-0.180271874712009,-0.204637313148387,-0.147775511798683,-0.0971456261628562,-0.154750592444275,-0.101306917579344,-0.155317709530383,-0.124914147758418,-0.202606690329236,-0.153004545563845,-0.12634788283333,-0.136719360753018,-0.144514920544955,-0.124768513744442,-0.13165420326059,-0.167649950879449,-0.149664333563955,-0.126347601376517,-0.108999847045547,-0.185337062302173,-0.165116409563937,-0.116776722801945,-0.190472123049901
"NC-2010-004-E",0.0276895747416126,-0.0513200018211197,0.0390722744922327,0.0133500386598096,0.00255845558379552,-0.00351254260495002,0.0422302661187362,-0.0255413497286129,-0.0391688019073345,-0.0492301640817752,-0.022458986576312,-0.00910725662504791,-0.0725724779273708,0.0384259858961677,0.0192228812961861,0.0389848954394894,0.0114627463479754,-0.0701739443386905,0.00874854661620209,-0.0302395941868169,-0.0562074631768983,-0.0447818762147422,0.0199703331355717,-0.0316617704769239,0.0082782393978231,-0.0169719964923965,-0.0600858784722588,-0.0236199502040982,-0.0389705740257523,-0.0295359519962106,0.0144233364504221,-0.0122451944065914,-0.00689041769362759,-0.0277736490399237,-0.0671276242317463,0.0137411488572761,-0.0231818161675716,-0.00234624076828818,-0.0320980290814982,0.0200550040151894,0.00384411635711771,0.0144597968152622,-0.0309753822652376,-0.0470914378624239,-0.0397083905157123,0.0140910997094581,-0.0230402623966536,0.0296683729395711,-0.133388826981081,0.0555664442580255,-0.0382975969080695,-0.0514318153406374,-0.0312654308647507,-0.0196214530439828,0.00559063530439469,-0.0164812022715393,-0.0306643208610291,-0.0460550667095794,-0.042206490482317,0.00439909324545037,-0.0107312753058325,-0.00282618656897139,-0.0216635518349438,0.00429910450932668,-0.0249662936764697,0.00310779421638696,0.0649400062365163,-0.0691847715046823,-0.0468130747141796,-0.017613563193726,0.0245480609741399,-0.0128467393963717,-0.00498234817906833,-0.0269215255029935,-0.00883199807025046,-0.0797526936013769,0.0327894862063752,-0.0997793430686718,-0.0408497561097571,-0.0258843502135302,-0.00702621744303827,0.0302309848243125,0.00897854917533782,0.0197163056303897,-0.0088523452000491,-0.0216564027219082,-0.00633646169919884,-0.0216029177621764,-0.0172379666383269,0.011338095841018,-0.00627940690884734,-0.0639207517784163,0.0424136380649577,-0.0226840630075668,0.0147621430110151,-0.0403980843352904,-0.0301769310774153,0.00105620353643089,-0.042078616581666,0.00172871009635743
"PA-2010-001-005",0.221345272568548,0.148024255875311,0.230970988246548,0.273964082444807,0.177200754115454,0.172595141293649,0.216705247421957,0.25426796945317,0.2238582398724,0.279836328291671,0.243367002893743,0.185371007419579,0.288326639853001,0.134916441111866,0.194123143938384,0.204682608491244,0.15152757950906,0.239196354952642,0.173946931312148,0.261652850603555,0.173715107251212,0.198186183414532,0.0614586723338448,0.246719000621864,0.192889599864185,0.122002651159418,0.159746622344423,0.24581093977642,0.20541577160706,0.293423012183578,0.235485027961834,0.140313015068713,0.20200406228104,0.151922243380708,0.137459628434226,0.188148787926948,0.107892756275503,0.217577866437124,0.173524808287386,0.152360714775451,0.207992672590081,0.175507102332134,0.115574961460567,0.206947541447713,0.197504514437512,0.201115987772214,0.174211890369529,0.183373650876337,0.197759640443346,0.196990192894397,0.202281869529645,0.220780498410825,0.178133167653579,0.201567622103597,0.148346523566502,0.248216121830215,0.33799555996938,0.218469272127398,0.178852502539881,0.113173464675833,0.14002593345665,0.239677457816539,0.227148554964107,0.175712797479126,0.183576911689997,0.162245757859955,0.181631341288208,0.244408064784752,0.173691082648234,0.204445346658392,0.226550860366521,0.131583581197624,0.189244895246557,0.127515196432521,0.214051196042789,0.234978081799029,0.22332241394884,0.188911373541254,0.164869427497128,0.21530225024245,0.157814600246529,0.2380762190519,0.215308035297931,0.158657834342751,0.212048049469316,0.198226377992203,0.203127057940773,0.204794162661208,0.196100215197266,0.301558356307602,0.205600504116969,0.274364317803413,0.22703636229896,0.17818073824807,0.351056528708736,0.210019093523561,0.188820131444075,0.199371818857629,0.182705366192342,0.146974364055001
"PA-2010-002-004",0.0426204200874887,-0.0308598802811889,0.0630356645536733,0.0305886318847103,0.0175530774025124,0.0221383762196261,0.0420661180212035,0.0215692907159547,0.0726062679634786,0.0459681856245471,-0.00229058996787699,0.0258742215832357,0.0383804847771423,0.0361415684923716,0.0481318762937673,-0.001417615989298,0.0451472313038514,0.0354384192398996,0.0388639469945401,0.0545423333394556,0.0430505067366381,0.0224508105235277,0.0568642694455599,0.0398600034646128,0.0299925015659605,0.0104440647753134,0.0129605122037239,0.00710182280634215,0.0285330775428132,0.315106712374329,0.0508470235244156,0.0526633717499949,0.0101783167374894,-0.0000918246648998985,0.0585644477081768,0.0381698072693981,0.00548992934904325,0.306789978113369,0.0899169953407912,0.0523398059456171,0.063223021374417,0.0155525430434207,-0.000890140300046635,0.0245992881271209,0.0678341527940852,0.0571340729114652,-0.020122019291378,0.0287937736390915,0.0518326833766754,0.0332330951817235,-0.00105600338432936,0.371570371460945,0.0502499536456213,0.0363644243996295,0.0519899868003487,0.069858598903745,0.0386974820065417,0.0262497748716989,-0.0177875425932745,0.0138471207231961,0.0188001165274461,0.0204993855211605,0.0413594775611067,0.041597238776493,0.0293749399485202,0.352154049056935,0.0233771434416272,0.0480320224937017,0.0617597880487187,0.0492369167700158,0.0245098664410369,0.33559274613859,0.33838462192173,0.00737257108085862,0.0180201611184501,0.0550679441571989,0.00877452515053271,0.336440825138999,0.0743424140434019,0.0418560821174349,0.0723230991611976,0.0582685717612387,0.0294487972996181,-0.034900823011656,-0.0138682109899202,0.0416661498708955,0.0345978753022032,-0.0274579374490397,0.327754441422893,0.033069972914026,0.0500827575894952,0.000660781319779054,0.0710884026896287,0.0551450123998861,0.0600510047811257,0.0397387139999202,0.0511810509292685,0.0290282798804434,0.0506007391206401,-0.000530470278738378
"PA-2010-002-013",0.295928071565551,0.288471594842406,0.378718338138862,0.296308773024949,0.319227545319733,0.311940685328556,0.316926596229158,0.300707694534864,0.289524479563103,0.301528192310503,0.305613769473788,0.301509665577594,0.308199597195185,0.297437078888515,0.356120819259892,0.283474972302318,0.288481397697463,0.256957824955976,0.290315910458921,0.284848474279143,0.309063312735901,0.285706366950352,0.264018026421997,0.253515081392226,0.31871355077191,0.285816516858648,0.311879293571588,0.293385027016702,0.327987048849938,0.292938776832379,0.308611713754615,0.300159327906768,0.326774540101077,0.285828914634408,0.348712365823633,0.311897065886769,0.284434022598336,0.299567057355876,0.304144744587216,0.324410271015396,0.337796703557732,0.34282496421777,0.298619124592689,0.29823589322091,0.323165815430781,0.289922185683168,0.409302517751779,0.331711735054607,0.308826750439876,0.296351938793129,0.441560213476445,0.302507174236627,0.297292697422051,0.349113499165447,0.288873417284182,0.290474920996164,0.286392598487664,0.308652689702804,0.289837951585505,0.309999222865857,0.292184047739659,0.309503098523865,0.293999170466446,0.286176035113547,0.350564474762097,0.320540897743873,0.311610721681736,0.306067811920867,0.286293394056177,0.29146033003365,0.309018195737482,0.279416663859804,0.311578351650853,0.326464696287768,0.306065918131041,0.275802905565515,0.303115535603214,0.288060246855001,0.30503151285098,0.30325181984465,0.289477526581098,0.292890415296609,0.280514945518997,0.298148633111843,0.294970911983645,0.308037914680421,0.294922920792097,0.300082860676954,0.280113640788953,0.29614432516334,0.358203899584037,0.289698543728175,0.299661555513524,0.274179007832767,0.302804791260193,0.305946518678212,0.28398543351912,0.314210277941288,0.281762080045904,0.28093096157512
"PA-2010-002-015",0.25144309604825,0.25637735758363,0.217995966594818,0.219506864724012,0.214312858500744,0.268885127355989,0.250419420741516,0.249481682535524,0.268426481147061,0.265717693468693,0.257844842392813,0.252895894502102,0.263039339049068,0.2489486344733,0.273795817052616,0.245187931303633,0.26948999004228,0.260820097442061,0.316244171991535,0.2118476626717,0.260630205798992,0.256666611674103,0.240399150175238,0.242170267311814,0.265543113931199,0.278298978296771,0.226774852484871,0.25085977257637,0.268542391743847,0.246124563664748,0.26642365488487,0.255297824347175,0.263927903927373,0.242381618708935,0.245642672574739,0.252522987406207,0.258423468669577,0.250840073316892,0.230531557234266,0.266430632675316,0.259419726159447,0.257257613037761,0.249655684579993,0.26791012003866,0.261450933897324,0.248754385103532,0.252160260593513,0.245604963454679,0.230852223883892,0.235659270791856,0.257322125699254,0.247168361424119,0.252881735616665,0.266183281352379,0.255075756481554,0.254298707739287,0.263433138897668,0.257133258735641,0.257711199459652,0.244324865515699,0.27311126933784,0.266223405890835,0.277027501682237,0.271919712262885,0.221432083181383,0.254680800619804,0.255498366228015,0.254695495908199,0.288062088127235,0.249900955502888,0.254745661293007,0.249977440835916,0.269788648298674,0.276408711520411,0.260842560102775,0.228777287652044,0.242451183939098,0.211417543730043,0.251746950774527,0.241624099746626,0.253179430047509,0.246612946649313,0.187926189568697,0.255690810556896,0.26947656160053,0.276231580597874,0.247057725776281,0.248478416165676,0.238056773713351,0.297551791201589,0.245341600312704,0.275065211733543,0.228899973606928,0.260107457683107,0.261464451615434,0.269006788739194,0.267669263341436,0.273058081070854,0.262316138765581,0.269167929123329
"PA-2010-002-B3-b",0.406753259465232,0.385054376741111,0.351159819275345,0.360792799828456,0.385376455892115,0.380196922539708,0.392192839646858,0.387828116637397,0.372819627707552,0.371021764585484,0.347803746844598,0.358932285140932,-0.027204053156915,0.342321168548481,-0.00237173339283619,0.385819292235182,0.315008629065176,0.395767993911942,0.353439316715591,0.383316406848162,0.315051252641827,0.319657579004568,0.376052945237045,0.435089597284449,0.380858333425088,0.377206850460866,0.38108120027462,0.334231204986356,0.421365122437608,-0.0465346369412002,0.312492004690341,0.328467736587783,0.379639979351433,-0.0516462061806178,0.343592523321418,0.351042184011589,0.395644573019891,0.436725188499839,0.326725082332677,0.383929075077164,0.358996270760568,0.31938273709213,0.36533265454941,0.338289937742477,0.334154837148515,0.427929376759943,0.354473541563516,0.435673532203238,0.363163694806011,0.469454722997915,0.371779188394687,0.378349214095318,-0.0577069346971099,0.332814396573198,-0.0891258275960776,0.387550162371701,0.319976190679908,0.393631728815366,-0.0707763795326278,0.329263423848265,0.376970368075774,0.366605729058792,0.463807419865882,0.00438971418841366,0.352701752125643,0.377426872497227,-0.058573125458639,0.383446086869886,0.375713613754017,0.380218083653042,0.342282773854173,0.467118426950749,0.35859341743535,-0.052462029604412,0.354017360089927,0.466326062792521,0.455484744287033,0.352316049970017,0.334236685018539,0.419288528686064,0.461064446826525,-0.0759504397695916,0.363745895413335,0.363614240414374,0.430194442928409,0.431014122958977,0.525332828654269,0.452685212689252,0.332404749312104,0.394831598245863,0.369697413549392,0.328435149701301,0.0137127772848142,0.333447500784177,0.342627402369618,0.450470606026529,0.323512144334273,0.383674996034652,0.359149065039792,0.3373843086453
"PA-2010-002-E",0.073400255634656,0.425113208474839,0.460903143746267,0.106968013395534,0.419682769351877,0.420463089647127,0.417074589554656,0.491801649819599,0.438394814569707,0.40968412121839,0.414470510996449,0.409421991178225,0.426460723225743,0.47071527483402,0.410639839426749,0.425532168639138,0.534467753372448,0.411718694186608,0.42390442861837,0.407715272425743,0.417812837691985,0.424123575631805,0.416225586460903,0.422889518470512,0.433541909670373,0.441458215088888,0.422844317130359,0.4590863127968,0.421698341637178,0.419667208101704,0.463255755445776,0.493987909538712,0.412729543845311,0.446548306796271,0.358150009977194,0.13123934972361,0.418423714527321,0.419679635439283,0.48411957579895,0.415674718271875,0.359785709200416,0.421742969558731,0.483944063591036,0.410167021745141,0.42108916153001,0.467759775217292,0.499181049911256,0.412013254862573,0.413944409602518,0.382043278225696,0.410155692833205,0.480007691069625,0.344340331173606,0.424154821666438,0.487182862324779,0.421031085462553,0.420526026010397,0.0910066234950629,0.410408513484342,0.46148446920769,0.494149072041635,0.423908983459908,0.373210619637912,0.0830398583889552,0.425033369560631,0.412722118278169,0.0672888587067424,0.420792472060078,0.443927994174211,0.485005059802283,0.443785408997907,0.41858913110678,0.473626881317584,0.411230662910438,0.408039354175224,0.424447599743466,0.38590234560476,0.469725004926849,0.436250471509128,0.450982469208464,0.403267397647898,0.419635435385959,0.145619161942337,0.415369213339778,0.427579047028309,0.439455591389472,0.402806666220437,0.413165196177148,0.423576480586611,0.436947562237217,0.47144906587092,0.419624452353134,0.402715579359207,0.419584702187754,0.385291581301576,0.41962489792541,0.400059570603762,0.120766081595951,0.47449074648274,0.425323339956577
"PI230189-US56-0022-03",0.890812779209199,0.820467741472714,0.893024860464149,0.90327402012338,0.890492594069839,0.765103147619123,0.875145354148185,0.942497647084076,0.895098964248216,0.872130064845812,0.875489180797704,0.856438335125773,0.878525316061082,0.80348528357256,0.889222891950764,0.850714142995218,0.914771690563461,0.873298339081029,0.757272068955032,0.801430656426024,0.88053883894555,0.896396820735181,0.731116231799847,0.886460618029281,0.84178639419543,0.77784779925086,0.762374098148165,0.823707760480905,0.859026809109557,0.891124521545414,0.89922443297153,0.887483806336445,0.891169390412842,0.902665827786571,0.814388982115492,0.850255503964706,0.936655774100982,0.899952279408049,0.891116592994645,0.924443427404475,0.860732469783937,0.896615107695536,0.900965230745932,0.884517973091972,0.87774116187889,0.761654483883238,0.885082957728847,0.86465738902407,0.879244087819211,0.780302893440859,0.928065468328251,0.885871226708573,0.902850766195553,0.757092238687133,0.870559624523201,0.943541373291836,0.885303996915764,0.895134609854224,0.872825800899348,0.911974440677385,0.82188511693206,0.870925487934354,0.899201234293814,0.874533637995496,0.746579761349215,0.866451383341613,0.877059321251897,0.773410057240165,0.885180779759254,0.910421196442191,0.893835112113258,0.880926463567376,0.896076888449974,0.910686749361861,0.932723115352093,0.889345387488514,0.833965787742609,0.918037620161452,0.839080626142012,0.855089569987497,0.851802177080742,0.875623936461827,0.909263482794629,0.910469220730785,0.858146951812865,0.901926032912708,0.774440497357967,0.895177649527927,0.893186691867231,0.915894716798839,0.866574876299031,0.853331175280966,0.769301472469147,0.890142889269577,0.874311650054338,0.914075728156337,0.903074302300614,0.863232762422185,0.875438560878374,0.901666439158042
"PI294602-US64-0004-02",0.846544984311874,0.844276703699511,0.834462963400758,0.866816229991493,0.847647195182621,0.928591007114977,0.842020288231747,0.726144573634293,0.809232424477746,0.891806664655184,0.856807949318926,0.866444932982931,0.843897450743924,0.864177311039336,0.86324920425433,0.820062963131975,0.839737118389062,0.822347407514821,0.792477849020104,0.887764555681546,0.893749784398656,0.756945392703973,0.863331396424114,0.836457774270712,0.731948574061202,0.840842331807278,0.933767901409693,0.728472815949423,0.765278783446621,0.892680782702064,0.862272299773915,0.78357301642544,0.887986003827072,0.842512078582554,0.736769997151864,0.820468964558434,0.795740263737309,0.9493519462634,0.873215338710053,0.777175691804047,0.781850171130412,0.850408176523487,0.764442692510948,0.737294799936537,0.891765800646797,0.680157974453997,0.865336245431267,0.817776066998497,0.872439854566364,0.724899813487099,0.8719494234767,0.899067420936061,0.878940519951026,0.911814747202562,0.896480406117278,0.838666531183806,0.749397458904336,0.833169103505348,0.827652754779308,0.837053588177151,0.728784074993426,0.900446223707201,0.870616068408378,0.885506272614658,0.900916912718982,0.750422900393424,0.828220137203181,0.721792686166463,0.832799158045059,0.825638510764848,0.735429816700891,0.87277256799842,0.890728093873337,0.832477982866878,0.867466280406187,0.839780485552713,0.736644786122498,0.918051985856503,0.74238094438204,0.885537669688137,0.868513380112442,0.862823662146279,0.890407331604891,0.843385586809292,0.841964465810041,0.841606563013371,0.679947145704815,0.866693458020402,0.991348599434981,0.836573260706085,0.858384062486373,0.855853845155674,0.841215329346756,0.827514782269775,0.845489851318234,0.850766206392925,0.850843639606683,0.929215666524809,0.927040899716168,0.844531681011689
"PI294605-US64-0007-01",0.276075314757274,0.297023222600641,0.268369208015007,0.352225730527869,0.275773411743079,0.349073647552599,0.284985395056911,0.178589603758287,0.284821666311645,0.365769577628325,0.229394422868743,0.24353974055986,0.227080705558393,0.297560274588094,0.346482766122662,0.326526532494603,0.28670492462202,0.291040174945868,0.287496690947479,0.20526486051784,0.292822832028633,0.28389772722877,0.312261193061289,0.277010759235158,0.32429005690021,0.257735900413995,0.311283319891318,0.229990906331898,0.215141198590267,0.245225566735656,0.2733492264159,0.291445957541406,0.249020761007312,0.258794205751933,0.346419782754118,0.271052936793416,0.211601753949488,0.305183038411997,0.248421051817921,0.28697234943618,0.296065476128118,0.258883984041449,0.258859780221234,0.262761367087015,0.302853665724679,0.29707313903931,0.284319201729763,0.328437879617302,0.353873766801138,0.248898676066223,0.279810503732488,0.256389710361573,0.334449898821997,0.25051592360071,0.297655385517583,0.35399711139531,0.252338389488291,0.324710881606073,0.30644151218076,0.265069610879446,0.318924591511599,0.300367887890489,0.277312750532035,0.276663511707386,0.266529511799365,0.322007709886504,0.294154273259278,0.320633936690465,0.287209252537225,0.350608956426571,0.278921928228952,0.278069187778475,0.231981354662335,0.338230585928719,0.244732760565714,0.295848000764516,0.277724011805932,0.24333596985507,0.274264305373423,0.320429537075453,0.299151588266452,0.254570672488341,0.258656613736389,0.287381789839327,0.252328774270872,0.274414516222598,0.277005516691912,0.315968008122283,0.276528669578217,0.286226827564289,0.22366803811459,0.277848714113144,0.309581444995713,0.299575497289526,0.337107273995252,0.318491330397707,0.347045680177331,0.205130185380245,0.297570749768626,0.293195973490059
"PI295762",0.644224711779229,0.622035955136786,0.628461468145775,0.649403436300908,0.689262584578149,0.634694915526022,0.625349537206457,0.65077367732293,0.704586995537993,0.684921577420136,0.653895838644489,0.670876874920869,0.644081772688745,0.664565087116527,0.660154348825014,0.620529367058406,0.669149070269319,0.640094248808204,0.658447405085711,0.56343123742004,0.634666412053688,0.695933676027691,0.657130192274018,0.655365891866578,0.700388030280381,0.678604089737734,0.633078170226827,0.689547377948551,0.718915120416133,0.672581092391362,0.491308569914858,0.59482118209326,0.642234331410781,0.492695835631669,0.664794722486849,0.690677738478297,0.614398132101307,0.65008439988078,0.656174355898895,0.641641475233297,0.667552628885079,0.693219127683081,0.65243077439097,0.660916879385617,0.735907479897585,0.557635027973264,0.437970715375785,0.681737775354995,0.632683337000433,0.666796112680242,0.702245880139969,0.674626358206153,0.562641121346036,0.686908299977343,0.650864785148043,0.494221412135395,0.678000812789367,0.726747271104119,0.637267539228628,0.692275399313773,0.690954816182489,0.655882823013118,0.702812865058058,0.622341977634336,0.658430365351972,0.63290162334497,0.633846361903656,0.652737592639328,0.668684494722636,0.628081934683148,0.619405824020236,0.712435310926719,0.689533078858024,0.64667493349305,0.595424442720902,0.612797116095285,0.709460530131544,0.695983642022901,0.719495976347244,0.749751288184754,0.621569167298829,0.695014016419881,0.648494649767798,0.626125674369204,0.689957469779575,0.654222034058517,0.69091229122095,0.654448382184282,0.645009328175189,0.64302157983313,0.616946759428165,0.676621940258681,0.656165179796326,0.686137321263016,0.627705220886778,0.60202431658433,0.713120916882504,0.615220378477264,0.666068261714795,0.681500378341927
"PI295764-Gracillimus",1.05489906348132,1.02164551677605,1.12328911300092,1.02498634108971,0.974640230754337,1.09086667729796,0.871037025709674,1.15454244483092,1.08046125256243,1.06308085378482,1.07434309768334,1.00277536559397,1.08002386710781,1.07002760396285,0.970030733478169,1.03171212241388,1.08486507484981,1.05044861212216,1.0157896719548,1.0686839660307,1.1145066468876,1.04002400693849,0.995717585703997,1.08144352580696,1.04913433911173,1.00483487822315,1.03513753861634,1.06306867743914,1.03341166463265,1.06632205981945,1.05621130735613,0.823929758079754,0.835467137296118,1.04498151251172,0.720261078214173,0.823293544276573,1.07151635563544,1.03867857422018,1.06346152061176,1.06174062107426,1.08390113251454,1.07161767152796,1.04681367866557,1.00824049206422,1.1431639014496,1.01183590481927,1.13502060280323,1.0537732496544,1.0749010796003,1.02329873113801,1.00466145915668,1.07275150637968,1.06697953535138,1.13131394124515,1.02606798831834,0.915777693883232,1.09426789538785,0.989580313021299,1.14698153306579,1.03111082355095,1.05269812847797,1.0641982453149,1.06491604149954,1.06351350000177,0.976318578936515,1.04857328329534,1.08492594555626,1.05267977007257,1.10451067942844,1.00776344494396,1.12327415837743,1.02784185770702,1.03867892470923,1.04750928917682,1.07828906629889,0.856069439063896,1.15121683667441,1.03507937647236,1.07529754933286,1.03038070035883,1.07207624663949,1.03689383152746,1.03673224265185,1.05138801965969,1.05259747018692,1.03929904904106,1.01779186733769,0.869882724316994,1.05595542674677,1.08789056198007,1.02447220100547,0.991717446749362,1.09006488541814,1.11015533318232,1.07743955650649,1.03257674838273,1.10592574990095,1.11669007604318,1.04080370093847,1.02381728648154
"PI423566-M75-062",0.709647035617509,0.731980830019552,0.814209010494244,0.645661712085318,0.621748464163564,0.754532962132588,0.650907834478916,0.701613301119853,0.683986330412116,0.738510810086116,0.727993834864429,0.653286192238749,0.69117073470288,0.729150417933959,0.733234663568102,0.810709613259936,0.686114116546491,0.72810575103338,0.758865451332615,0.699876729016681,0.748561956287653,0.72852555644882,0.654620282147467,0.702997516486705,0.589150942927187,0.745474738562811,0.755403678649416,0.646086557291843,0.664607320110295,0.688084994454356,0.706347074437025,0.698934391493929,0.682255618933733,0.670596486179007,0.699100323650222,0.685769762945491,0.677912713769775,0.699267635636902,0.673474006430379,0.767489466211847,0.74716243508156,0.639562796624444,0.716587864118518,0.740993850967951,0.694387613452718,0.533691170149361,0.587870532605685,0.713086328301781,0.633889640636615,0.700153502715228,0.553194650485622,0.735855027395239,0.722368069362095,0.835886291731446,0.828123243863506,0.743806875782669,0.625493952663419,0.623981395515947,0.833866166906637,0.684669540835163,0.56965971643444,0.614496703753104,0.723515492452254,0.713981440609105,0.654173530280236,0.731251664789689,0.696177136396431,0.693162633827548,0.679192336444173,0.673888717036442,0.655807304345364,0.833617460158929,0.699516095045082,0.72699957996737,0.624701047955158,0.641371231002745,0.561742354872675,0.664545156955291,0.69048141655949,0.721663167830859,0.648984516222869,0.73573218248689,0.633447431511451,0.673405210976569,0.709092142092141,0.610150965042798,0.705029138893334,0.762183888772008,0.743612983820288,0.620794424695763,0.707495709514035,0.696831208682451,0.767565083818304,0.714929571611407,0.721409197133243,0.617338468270395,0.660353168834958,0.749272153710393,0.718023429401281,0.764550832115154
"PMS-009",0.189592816278757,0.192846430839822,0.257127614491056,0.208062697098275,0.229304616920518,0.215929450319163,0.234707901186222,0.203264865089505,0.281682404943728,0.273365837375923,0.218325072119414,0.198569596389309,0.256632446967605,0.231698373051838,0.174675851967581,0.238699535700755,0.249209543375774,0.224250296653479,0.268537132052339,0.234893246579608,0.222572023532238,0.26427845039146,0.180383508415418,0.21385183182804,0.27271559919789,0.200701975051411,0.285357642675093,0.241678401370773,0.292782037086973,0.256077150296951,0.196721432919173,0.241138853330229,0.260609442809075,0.191294939835202,0.164489818206288,0.200886745482012,0.315666088854842,0.260899970630579,0.190589751013305,0.277845795049324,0.194628440038295,0.238608364616259,0.235441335506345,0.15561198691663,0.187513833092233,0.236030221193348,0.235841358540921,0.236383820938397,0.216000641519497,0.219900514024017,0.222539911847476,0.241795014061252,0.262157914054424,0.277970169031921,0.263100820583617,0.324645989029419,0.222394378437009,0.218038644669095,0.263462296937894,0.233931769955378,0.216426120738317,0.244209253321435,0.215203135054993,0.27228365978838,0.230947628925897,0.196089762825544,0.245281198868067,0.214840170561722,0.270856715417904,0.213118192702041,0.276452676862043,0.284641144315044,0.238655195399448,0.230663928842398,0.204744263506017,0.217557717018241,0.191289818913985,0.195181774421394,0.263831382557718,0.224529111362111,0.294319195458597,0.266675202342035,0.230041220914018,0.188738701832706,0.253731976309721,0.183480309236743,0.269108998443327,0.15482093867633,0.207341396397737,0.181877911591026,0.251238352328249,0.253875665137637,0.230908227975043,0.300242820604705,0.222397622751562,0.295299111329705,0.265094291751087,0.257938769771673,0.202406980527442,0.241679376748423
"PMS-014",0.3236902862642,0.27593608316485,0.31350020999051,0.214521290515422,0.322957309718769,0.314744733920164,0.383557767037925,0.271557714143055,0.33970346648074,0.376090371939554,0.270300121018637,0.328886346115267,0.302770297084109,0.30230823024105,0.383477568488088,0.233805413771883,0.313766216904741,0.353124559751083,0.271986353582171,0.309358830583085,0.293058506496848,0.313050546760476,0.243596488984149,0.311426167654084,0.361723666543841,0.263342191034548,0.299497894156125,0.194828654582955,0.343712493164688,0.283023914116269,0.263001595072552,0.286348425334607,0.318052802088178,0.185343538307049,0.317094476969609,0.248595949171053,0.360313632446222,0.332943527027431,0.307088979488823,0.413123929354864,0.326532303920825,0.315653157988056,0.273521032350383,0.325094193592672,0.350426453231437,0.367033303302243,0.347928894917841,0.414094318376782,0.365504520383941,0.324613419917528,0.357994620896625,0.317405072294281,0.29830761157147,0.376629381399399,0.238159737819117,0.406748614346326,0.365358846908457,0.412297740955763,0.22264491973662,0.307390310564178,0.336514947028143,0.326805020242189,0.341810182751373,0.306001684061821,0.345221530786901,0.319537258646734,0.30764667547784,0.347537450044798,0.315330527850863,0.330297666623157,0.330979841210186,0.279291593077897,0.275394725934248,0.327977224351823,0.278012566578097,0.255977470120441,0.320815925447379,0.24133141072681,0.411743038528507,0.330838775655667,0.256068361961393,0.378113286680942,0.281429790920351,0.334352056438567,0.268582819450452,0.330047945152497,0.29656596893731,0.327975706745659,0.304614544184092,0.326010744568531,0.308916903259324,0.341022670973575,0.286691367475163,0.408072844907435,0.303255764338259,0.201386577112018,0.286558260945426,0.316186929313988,0.301061676665776,0.300443272448416
"PMS-038",0.0922330613634514,0.105058106337034,0.126136571987881,0.156281128975636,0.131220083883749,0.0900090261615433,0.106473945411979,0.106301032654043,0.0372485717543752,0.0312519460374716,0.0918386479330205,0.235709974864601,0.141236259137047,0.147140197890667,0.0969092012055291,0.117466790242624,0.0852992522932879,0.0537584696373817,0.0673482563410685,0.0858914612616187,0.0797791934982831,0.073670869257002,0.159432820303706,0.117019835699745,0.103926323891808,0.157343081992234,0.0957913987033176,0.0799320881106687,0.121782640333708,0.112395622491223,0.251842431802472,0.0896979152525035,0.094504242017758,0.0551722235786998,0.193105079022284,0.12780994304274,0.105873742709476,0.0760283937140484,0.0156044235758049,0.10946201621668,0.152396355494937,0.101316385102529,0.0997587669266448,0.0819258351671179,0.0615084006551291,0.124617310228857,0.108745200251212,0.0484515755356468,0.131323456115484,0.0882807750297861,0.0597422151055591,0.0448375019172559,0.111029014743505,0.0839669410691627,0.135546803390557,0.0891361357772413,0.0682833937952435,0.095270148607153,0.119215132950835,0.0801073771797568,0.0722802900264859,0.0752950220789121,0.119018795666397,0.132057770597439,0.0694849967211131,0.0753039593877239,0.118735583502798,0.227285762572163,0.087823274802848,0.129904231406596,0.100158978054259,0.133304050671239,0.190179623612222,0.111043141625828,-0.0211670446448922,0.063801289071664,0.0354193395410192,0.20039782190044,0.127623922748725,0.126349375094687,0.15292617582578,0.067624711719433,0.0880475261066516,0.101219138158201,0.0459487149773693,0.0788317949935547,0.152016808801949,0.0482773205210822,0.100804127338221,0.0913009147719141,0.11342765494613,0.0733268594536997,0.072316417026829,0.0900628048790749,0.101977631058923,0.114708997648653,0.0839470917572751,0.0925008645516973,0.0798319523067939,0.115508491413835
"PMS-087",-0.193948889282027,-0.152031906335942,-0.204615554031734,-0.198070671524493,-0.15997727005946,-0.192902905122765,-0.217159943675763,-0.170297803014944,-0.158151863396873,-0.237327416990553,-0.17203423938048,-0.113216657491587,-0.18099168945946,-0.173501294572504,-0.144107111404079,-0.183299399841582,-0.172490077669461,-0.218541781554931,-0.18910235740921,-0.231544825010892,-0.101018000320948,-0.184130128710811,-0.0956876982682091,-0.207844668468191,-0.170207863825623,-0.220932507248041,-0.151216059521374,-0.185092906867189,-0.208193342559141,-0.225407334098898,-0.227979496069269,-0.201995261965827,-0.161783181754791,-0.163065773054527,-0.186927051351143,-0.209073038732672,-0.194672836249783,-0.207888852844907,-0.226089151869208,-0.180211483189785,-0.123839617010979,-0.156547064886306,-0.116159327051953,-0.170437995537878,-0.129297795177822,-0.168859862848269,-0.198339706203958,-0.181830958590412,-0.182510711356692,-0.149223509234572,-0.15453659737711,-0.18225866348059,-0.191109092644145,-0.170527950127892,-0.200997708200257,-0.136094507168262,-0.194890045641932,-0.174391258728174,-0.166665627878032,-0.163612392067814,-0.16524185769816,-0.184457314993278,-0.199871622804391,-0.188134806025864,-0.172710335576334,-0.199175310392917,-0.20499945921804,-0.171829040721107,-0.171520053041499,-0.188180613330198,-0.194284958484214,-0.221712036136726,-0.222898381733671,-0.191134292089904,-0.184414022713863,-0.189270468644889,-0.162440756402816,-0.214242738417495,-0.214231327058431,-0.183003349359543,-0.164609664074504,-0.16447428391026,-0.179048592876567,-0.171916408298273,-0.164108927752591,-0.171831240956403,-0.191984823642964,-0.206033302423586,-0.212533803704305,-0.193891453542377,-0.166593784757537,-0.111605653195969,-0.141663930463465,-0.164605804266197,-0.171238545104913,-0.14066878455427,-0.202729041616706,-0.113867578405489,-0.176752315374004,-0.206237440093759
"PMS-130",-0.561375668542223,-0.570916940083551,-0.457797815994581,-0.615580525848938,-0.55771254572855,-0.618543186001164,-0.614988949944962,-0.575491854919198,-0.621871805386901,-0.559083090717546,-0.585789907862355,-0.636922569327312,-0.603441053662965,-0.612488250940131,-0.568033038264686,-0.644824357640361,-0.57689796670333,-0.601683885175815,-0.554798759339808,-0.622057977117939,-0.587612652804694,-0.536409597553771,-0.622513285586004,-0.622277729995044,-0.496255792527623,-0.493107287050705,-0.578897181798853,-0.563158551848574,-0.634704022015335,-0.496922059052993,-0.444909547716252,-0.609694067293971,-0.603189904680477,-0.5796424540041,-0.555380741421586,-0.574181544386265,-0.574190387503562,-0.561076080420684,-0.602367037900056,-0.621755915318752,-0.441667158768622,-0.563713876927424,-0.604886806284722,-0.571276114874571,-0.527805807292358,-0.60346504468156,-0.631626241227318,-0.612825685761763,-0.512085473850039,-0.54657769676926,-0.637007019379039,-0.601810471465886,-0.670745524647784,-0.543971791437915,-0.547660364255847,-0.578787037002981,-0.605173441733246,-0.60250428807376,-0.545756040795357,-0.420900703334357,-0.565646882310778,-0.582029186601929,-0.597966120157041,-0.647549803644237,-0.567621487405838,-0.575211224218028,-0.613965778531009,-0.581886981189047,-0.621191184162023,-0.667180580523367,-0.601312340859087,-0.565474757568296,-0.536588684007052,-0.572389411424808,-0.467998663897177,-0.538355388405291,-0.593492411681903,-0.600816646329718,-0.534089488765523,-0.593182506179753,-0.610082902845871,-0.565799084673332,-0.56362457608553,-0.58047722170423,-0.633209703766958,-0.618368106336587,-0.565676430334845,-0.565153676066843,-0.50521738739188,-0.528523487297209,-0.581925092916276,-0.60797172415694,-0.56817903828406,-0.565227054451986,-0.565908911457827,-0.547495729951499,-0.486427546156682,-0.567251891791327,-0.629010503432742,-0.594144553010128
"PMS-131",-0.347616897955718,-0.403266038047047,-0.349258789555164,-0.390989641074952,-0.451779151265208,-0.46884890204963,-0.338774727552237,-0.339766155808341,-0.522811297697303,-0.437226701946556,-0.425038500686716,-0.444488566990337,-0.45418076376728,-0.44270028645525,-0.409058909845614,-0.521813297490182,-0.390938687260424,-0.408031391281395,-0.447012172636367,-0.429995369500396,-0.400435522190604,-0.381439186272859,-0.36880641470654,-0.462380470913368,-0.4470435340182,-0.390018581005541,-0.440794330623696,-0.477386298806856,-0.428364449182437,-0.480926696149901,-0.336487424602459,-0.405976551621412,-0.47828470795311,-0.45391422747053,-0.436465749862837,-0.54012203722277,-0.437506847911879,-0.435172161259926,-0.476706343413818,-0.452994876470311,-0.368354382286187,-0.401467889981732,-0.419818703546931,-0.450535860779447,-0.45117981483108,-0.402054850611892,-0.474852393390941,-0.434449319689143,-0.428579875696052,-0.441361997367508,-0.340300286598377,-0.509372812735715,-0.50064399649218,-0.48203199895943,-0.466708532045853,-0.464571647005935,-0.447523314430161,-0.504532051010567,-0.451747329945183,-0.346221604870534,-0.481816998253432,-0.410529202380168,-0.463219594566146,-0.468199555915199,-0.385992497972595,-0.514443937013972,-0.467718080646371,-0.452919110210612,-0.408367969606662,-0.438442399823206,-0.395714880297607,-0.498713497457849,-0.518729105950778,-0.434181238576589,-0.447951257620686,-0.455375221598385,-0.481958316049663,-0.540537513174323,-0.550369547620088,-0.502624052481657,-0.4050995905013,-0.465111748527181,-0.463642392737596,-0.402482677954349,-0.495135569357101,-0.41605452917149,-0.474547928709435,-0.47647258143068,-0.428352251069821,-0.437918896463849,-0.45091301927403,-0.39876078157365,-0.379283279939319,-0.503456122832683,-0.379474671261112,-0.453664509825215,-0.47671631177898,-0.478847830704044,-0.445020123074619,-0.48029431583329
"PMS-134",-0.178231070849416,-0.265401585543647,-0.344169123680048,-0.354443593531786,-0.295934283663587,-0.256926757667755,-0.348076023166423,-0.34729659532859,-0.391958569303947,-0.297156600173698,-0.249742876628394,-0.3238237076211,-0.303070072667635,-0.362691409610595,-0.307197131081422,-0.344776306596784,-0.229318949243604,-0.203581459013584,-0.300384452806557,-0.265862319044262,-0.246779303139419,-0.358974987347184,-0.273046105046568,-0.30539015567608,-0.248758726840752,-0.307035526267987,-0.319951544404186,-0.306927896604528,-0.258808114905523,-0.262816821053562,-0.245692315037109,-0.345799906713131,-0.345207916519348,-0.338148439905032,-0.317232660182661,-0.293940247694509,-0.278875431303382,-0.347943242715008,-0.339531275904322,-0.204178450939862,-0.297043971184534,-0.353299556764646,-0.275115357664738,-0.313434142268955,-0.293750801738932,-0.38654817725884,-0.289659328126087,-0.350855701593084,-0.33352012414906,-0.27785385742287,-0.314131120295863,-0.3572594986099,-0.268733004608623,-0.364028507034156,-0.331385211729465,-0.242757129199861,-0.346244049618285,-0.289408633246564,-0.318115287056495,-0.360473996940079,-0.292962960903492,-0.286517720725555,-0.309073761676565,-0.287969997135595,-0.347982489542569,-0.360867766101993,-0.392416777347899,-0.31432001115484,-0.340723768027559,-0.290019030127317,-0.354486491879186,-0.314966095498222,-0.44307252711394,-0.295607775124068,-0.309200948532909,-0.31733132562851,-0.330802927817907,-0.329413604284635,-0.337678049929416,-0.317490645907956,-0.320979862558948,-0.32058765534626,-0.360140551679818,-0.392009904756768,-0.345859750768294,-0.304103344448037,-0.305224672197009,-0.358669362487692,-0.371284143544368,-0.352591757554041,-0.269246104530354,-0.262826447644303,-0.302315695454765,-0.364711014774659,-0.289985670112269,-0.300091294886546,-0.241192024615226,-0.391758412063438,-0.314022430807463,-0.339210173598458
"PMS-144",-0.391311144560749,-0.305777366185274,-0.34996240582049,-0.268317692952426,-0.362091404006269,-0.301107370391757,-0.244029056563997,-0.29034394053791,-0.333510504623025,-0.345198313596186,-0.321639574583687,-0.336707226186398,-0.382832708922123,-0.377549919040729,-0.418661543465327,-0.36746809468887,-0.186732642984015,-0.342841461336274,-0.346335911321324,-0.352177076105563,-0.284010775418817,-0.373371772715612,-0.37113979673929,-0.327901888653624,-0.409917179825457,-0.281467335687316,-0.443280015065166,-0.349713732610035,-0.346503102420776,-0.35292646735996,-0.381327553704065,-0.317701171253361,-0.32411078005347,-0.319420697599351,-0.306457329404863,-0.312783260385148,-0.34236598170152,-0.362502072674182,-0.37700662420822,-0.381267902308833,-0.356198226936131,-0.341640940995735,-0.36149345788191,-0.321548233788698,-0.252867995163115,-0.366269532821639,-0.368563364090032,-0.353796866025105,-0.338437215902574,-0.356824926239055,-0.372111258012874,-0.323233399080705,-0.314512551024635,-0.35993803750648,-0.368904407823256,-0.322423864943712,-0.370956135197413,-0.407808491874088,-0.339206163685272,-0.352251710778191,-0.366503548107646,-0.332958612684293,-0.368268642711404,-0.371246735483753,-0.336595045374864,-0.388726483894351,-0.416673407998852,-0.305968231150426,-0.368029164092489,-0.384806282674885,-0.324731695173965,-0.293471025728391,-0.33897547239704,-0.353466035364576,-0.282808952909107,-0.302059782509471,-0.37422260414306,-0.335675090211263,-0.346612773476947,-0.367625031995902,-0.355908185171933,-0.390503416960891,-0.356447903506848,-0.334411061257972,-0.330419652513768,-0.379820837352087,-0.332042358293248,-0.347077989100667,-0.349503635893783,-0.335308830005998,-0.342504634433641,-0.304399591994418,-0.302775050922776,-0.325752478537452,-0.352763665705392,-0.374420790334106,-0.369450072789284,-0.353628718555703,-0.339495383979838,-0.347689264555481
"PMS-159",-0.0394936033522883,-0.09032760799987,-0.234435213329451,-0.212751349043688,-0.188295454393206,-0.166590356506991,-0.101351471655374,-0.125218962009861,-0.214997250252018,-0.197463462213221,-0.206270523979165,-0.220779885950853,-0.239525626916325,-0.29749019377556,-0.276269633549762,-0.198095589474062,-0.232052184262595,-0.218639189574095,-0.184868909228921,-0.219173149174827,-0.246896652329723,-0.124953369392702,-0.109113206094807,-0.225783661594268,-0.245100028699359,-0.22827443916958,-0.191419345356102,-0.18804124547001,-0.243182690399154,-0.21367386591207,-0.136909853931775,-0.254120041111186,-0.231338220154436,-0.0974085147035637,-0.196080445118985,-0.198640997555454,-0.156539007188643,-0.174097756985433,-0.225447753030442,-0.21817301672909,-0.264723667730864,-0.264795776653843,-0.258378067557979,-0.241936219364451,-0.213365785048817,-0.126224396386862,-0.217284940673048,-0.211391939670194,-0.127438581122655,-0.271426074493283,-0.261761970104814,-0.242935721581792,-0.187206134714642,-0.245540335258661,-0.138729051003085,-0.222140305274727,-0.212823923260194,-0.200557321715128,-0.225856034343244,-0.228152864120414,-0.172555008878446,-0.191904300385854,-0.207311066641933,-0.203061458481475,-0.239420472322889,-0.180547123612442,-0.150296666262213,-0.2198404316751,-0.238023741945953,-0.221655041856763,-0.244822382898011,-0.189275785039809,-0.215053236026265,-0.191485047783089,-0.213202451187043,-0.275084762360469,-0.238178727537549,-0.208168035677634,-0.212340395510588,-0.216700006680334,-0.139125047920986,-0.223355512021583,-0.228320864797823,-0.209604261926166,-0.20828692189723,-0.20486562328899,-0.197314699935207,-0.189025764023222,-0.204712858146479,-0.219308893824598,-0.233692950090647,-0.201765919084309,-0.103024052875548,-0.229965266682143,-0.134016006010451,-0.228538522616867,-0.242123703175346,-0.214363563723912,-0.273143536890767,-0.246192369309803
"PMS-161",-0.415689007065758,-0.417761870234126,-0.369503247481361,-0.422692788361125,-0.346354149085643,-0.41839888617536,-0.349120197495323,-0.374240159336954,-0.382756860764151,-0.431993960529847,-0.302572432521462,-0.378614331634122,-0.256092306668127,-0.398669392451698,-0.567069488222741,-0.359476675883807,-0.254562122048101,-0.386870226437444,-0.317877503541456,-0.390306488460582,-0.30341506469854,-0.215658786753786,-0.4119118972847,-0.43161651545389,-0.373473190773006,-0.383199177873726,-0.362060529332936,-0.338247579771045,-0.376971378825259,-0.375184896057144,-0.381259778754353,-0.417467367471932,-0.33184209986715,-0.372408386471758,-0.31224545945454,-0.371919909029148,-0.347467036707766,-0.43590889103369,-0.351222486217551,-0.384111824296132,-0.393295723214677,-0.356227618304833,-0.37999538785243,-0.390264028396617,-0.419652412438638,-0.347330361548485,-0.381401266212782,-0.38289092408195,-0.360651553915688,-0.353040872607049,-0.420488903376101,-0.304168788432658,-0.42717346344725,-0.375188747838805,-0.336292214021401,-0.379567201854782,-0.409196538395847,-0.371611111270125,-0.299605254799741,-0.35710514583207,-0.397557894897126,-0.386987471193828,-0.374736436866993,-0.439651639336848,-0.421912717347528,-0.307344233475088,-0.34278216735602,-0.455761596095527,-0.415899770171635,-0.366814743525292,-0.35354318900377,-0.377121703957961,-0.322590090266947,-0.299819711418308,-0.398927401922558,-0.306776385311632,-0.311172511973592,-0.347335148903572,-0.388948352272265,-0.289369734488919,-0.374988512638675,-0.381745571767027,-0.364422047407026,-0.386655183943387,-0.328001137821149,-0.36539180491968,-0.425870649504663,-0.323635170914072,-0.365943292037465,-0.407057456432324,-0.398678856984604,-0.330309401346688,-0.346328380890276,-0.38089396668555,-0.40584679280448,-0.420870660771904,-0.412174805934848,-0.36299432875912,-0.392782090582773,-0.30100889713086
"PMS-164",-0.40555854420486,-0.424611957607263,-0.43364902285225,-0.480404032840188,-0.377863744720856,-0.445314299479982,-0.380098421362658,-0.378603179702623,-0.443726980494598,-0.370771945326601,-0.408456602636026,-0.392703569681272,-0.465143007011672,-0.341767306199966,-0.310594189605385,-0.435824609404998,-0.445694549662098,-0.46226340414019,-0.421465085691878,-0.339850140487221,-0.327773676246176,-0.424441756493251,-0.416486182078206,-0.48936241448732,-0.386159913958182,-0.438372244766154,-0.409572193138775,-0.425617675629898,-0.450524771287074,-0.381999663672733,-0.4133867773852,-0.433745380432831,-0.407391891460741,-0.527773551054456,-0.432424286398074,-0.424652883015883,-0.448917419772379,-0.418836711475066,-0.453027565336105,-0.427770398939658,-0.363181292373655,-0.446037502888343,-0.412051281245122,-0.425717712984072,-0.394860690966989,-0.370794802738888,-0.480586101086792,-0.411690920008206,-0.441833795561112,-0.390885423236133,-0.442681494054891,-0.387407524606832,-0.444825323147231,-0.430320225149779,-0.435176649321144,-0.443537706703292,-0.437104789050214,-0.499708853957051,-0.405090173099233,-0.397003557879124,-0.417774528134701,-0.418869507050619,-0.266657902041582,-0.482686880692646,-0.410754512349809,-0.411331768615796,-0.463919390431974,-0.453348954164456,-0.43508779947043,-0.49163304037215,-0.375279640541461,-0.432034061458697,-0.399091439916092,-0.369938713882064,-0.434199967415307,-0.364868839490172,-0.341071148385687,-0.428176487545006,-0.36949417875791,-0.403892800126225,-0.369359230420321,-0.475276486262041,-0.354399635923163,-0.397961683245657,-0.42279000424021,-0.410415005095718,-0.449011624313069,-0.397032797300567,-0.404834496927822,-0.433853117653871,-0.447126742513357,-0.357510068511939,-0.366503088882763,-0.397512164555571,-0.456287326421005,-0.478179446811004,-0.437332255936061,-0.341660670028369,-0.381194884016427,-0.375159726750561
"PMS-178",-0.456730634599978,-0.429820021144766,-0.399948728646887,-0.464673528751817,-0.488859731400864,-0.454938005085924,-0.467285375570765,-0.43241866549304,-0.440808206927895,-0.463667597751732,-0.487298114421797,-0.409986829184769,-0.450827431679568,-0.419523267980665,-0.641357696137235,-0.490042180011236,-0.350692066916324,-0.464346517893487,-0.488897631069432,-0.482035746948692,-0.462376695658469,-0.332864544577174,-0.404401641934045,-0.444143185808345,-0.448268221839044,-0.466599287072683,-0.496309945975166,-0.435007039280605,-0.433570185141129,-0.435000814538507,-0.405945721664741,-0.501407788254962,-0.472608639891222,-0.537505111461674,-0.458996770169774,-0.437264165946758,-0.421520126159428,-0.436910662162056,-0.410488863173015,-0.496669927243489,-0.467420126872086,-0.433764237007961,-0.44696019935811,-0.473063015387758,-0.468546007362768,-0.491391601789052,-0.408344390548759,-0.390419163314793,-0.398685654667081,-0.386528346981102,-0.52318561042455,-0.493472706430441,-0.455133451293226,-0.433403383732057,-0.509429225337457,-0.455438124300789,-0.388210587678272,-0.502495191329262,-0.509361923427209,-0.461566459455444,-0.536687074265576,-0.482004548183552,-0.547945053122555,-0.439248544959115,-0.422191342934968,-0.433626202087001,-0.46727840277787,-0.431503326494041,-0.477545898111451,-0.558607746324139,-0.483813724167565,-0.477733966761197,-0.440508073281327,-0.482173466987406,-0.498425999421285,-0.472279429935284,-0.422964414279905,-0.539493962982612,-0.464987261323786,-0.481162946117225,-0.417693768763744,-0.417781440324465,-0.455701267415408,-0.48767823496887,-0.447033169631138,-0.471576397416317,-0.491087557583492,-0.422674770919992,-0.444845917638777,-0.489092984895045,-0.500125707643392,-0.46185450656926,-0.429166125891246,-0.472639296228872,-0.344684257561704,-0.38959375078997,-0.377469758819605,-0.493755535445804,-0.405040848706912,-0.482439519462162
"PMS-183",-0.411184598899874,-0.397813470412259,-0.41557228822372,-0.457847034963369,-0.390615813870443,-0.383831401990536,-0.358934336585151,-0.430106294854923,-0.406033226634574,-0.372059434394924,-0.39992341340016,-0.377578804803598,-0.371743384072739,-0.364443518074909,-0.413321762342606,-0.366175284611734,-0.413632974948386,-0.384419098065701,-0.229248802479198,-0.39124696314583,-0.399817878854133,-0.235259514472155,-0.453516358807226,-0.35720112282403,-0.385749764884852,-0.425642117288184,-0.395860650724281,-0.393754862672612,-0.419852735953959,-0.395559289742463,-0.404424034272986,-0.367093648492758,-0.367409518366434,-0.344843760535055,-0.32899162119512,-0.393750477855518,-0.379645865176439,-0.366695273861408,-0.401284214701863,-0.384093042955966,-0.430668275682063,-0.388179069013513,-0.377795089126712,-0.438915570321366,-0.434051430125615,-0.403215379282288,-0.365609595841732,-0.372076451307242,-0.367376115907596,-0.40996449263219,-0.358009527212263,-0.389280076450598,-0.39501345985673,-0.432711798110306,-0.393093615942998,-0.402791586540304,-0.390234164592938,-0.372485334969511,-0.40651809987346,-0.368731670574861,-0.428075836110135,-0.374358771109023,-0.409389481630357,-0.402268363221845,-0.404947269316614,-0.400860972853986,-0.316708232189483,-0.357341395738965,-0.38162266885447,-0.353723887434626,-0.352321238125179,-0.393009476409598,-0.42324743828463,-0.387469697813359,-0.383060506180944,-0.3990003612437,-0.396769170321309,-0.381031565153748,-0.393858704421456,-0.322551534291087,-0.336134887083326,-0.366987460465894,-0.402985933227114,-0.392792958846794,-0.435633805963954,-0.410864650594558,-0.396439297436175,-0.399616431168298,-0.332449732871846,-0.378175555896813,-0.344262912901289,-0.381926451677378,-0.408895827710227,-0.34140762243293,-0.371303774695013,-0.469165426311696,-0.387128021246305,-0.350060692216577,-0.404625610373037,-0.441249674587015
"PMS-204",-0.329803477846255,-0.233940402525966,-0.307822876605409,-0.29892695121388,-0.304894435243721,-0.287726676645356,-0.301303202308801,-0.331646043201896,-0.301682710021541,-0.275250946285725,-0.32700344148435,-0.306333542069956,-0.301186832209305,-0.290398570850418,-0.357405913211205,-0.347635159841335,-0.307433329682914,-0.331309881540596,-0.367659729205434,-0.274745783738185,-0.245328753730269,-0.325790928242538,-0.278242131839269,-0.199933720188726,-0.297433618755608,-0.281479080856593,-0.305753977415691,-0.280812640911416,-0.239242529704125,-0.329391824085366,-0.350012659549155,-0.322270677111965,-0.293719346664125,-0.378383080092218,-0.27322193364005,-0.353097043039883,-0.293821129478851,-0.324990133531954,-0.252117462039737,-0.277428602523979,-0.281591115099235,-0.308163716261704,-0.302631835349653,-0.304285343950094,-0.361932623020374,-0.297975003631291,-0.365416670714775,-0.279711365747335,-0.326339458543946,-0.300157155642714,-0.297443794583509,-0.243754199862178,-0.295865103989894,-0.234680552940677,-0.357487140930109,-0.273949428716017,-0.262590903485973,-0.261997153270916,-0.341360537740486,-0.311260365471526,-0.336105840963412,-0.296947198125812,-0.265965478322785,-0.349213440926815,-0.277166616176063,-0.320131263888658,-0.285618213668219,-0.397815496656977,-0.305854333199007,-0.384798382130882,-0.162599036587039,-0.306737506110576,-0.18603839508975,-0.300646909637588,-0.246691963382531,-0.301543102258846,-0.286607507873061,-0.321234248079724,-0.354051743450751,-0.265537487083427,-0.265731759287314,-0.319438516469939,-0.304139581041792,-0.303352561552115,-0.329555629520053,-0.28810787825763,-0.256977764226918,-0.262656598097641,-0.272654268385068,-0.292978939561294,-0.304833918367502,-0.247170681614257,-0.294396380270126,-0.313750149931977,-0.353205255614531,-0.318865714556823,-0.323258231955416,-0.325054542143753,-0.236951350119195,-0.253979466316298
"PMS-272",-0.0704507679351195,-0.135861032882338,-0.0992702857740928,-0.10824391329554,-0.0222738740245598,-0.0547832733671391,-0.0745303097826514,-0.0741771509605882,-0.133032081432985,-0.112926055923811,-0.116145538398472,-0.14396120912129,-0.0970929786724446,-0.0346579400815509,-0.0776287532712945,-0.126824755528165,-0.105069060609284,-0.156210841011851,-0.0664799031844834,0.00436945380910273,-0.150126120210979,-0.0754260457644405,-0.0573177771797634,-0.0961749081727815,-0.106455927500828,-0.0751732777779785,-0.0743138979755012,-0.113544172038657,-0.0727581956507555,-0.109906709082289,-0.0837567156114348,-0.0535888649079902,-0.199012857829855,-0.0970073137260614,-0.0826163756976142,-0.10901355449702,-0.0908222640683182,-0.0750420574021797,-0.0704336640229487,-0.0357449157787097,-0.07794332042189,-0.133661150037231,-0.0901690556602641,-0.0965100107547034,-0.0388329712494497,-0.0574506873684764,-0.133471977584985,-0.0878911913845378,-0.11411989251672,-0.0920307456993431,-0.154244462307523,-0.073561432302067,-0.0814740691522923,-0.103438380756077,-0.203613587277595,-0.0995587564832273,-0.176724210008458,-0.133395021546585,0.0440216587509378,-0.105057839964677,-0.0573287272514922,-0.156179896513208,-0.106583466693182,-0.0907494520619614,-0.0965577691424443,-0.133166047461922,-0.0542614671556708,-0.117515863578387,-0.114150555541432,-0.120596165794645,-0.0808902135858798,-0.0815310818027121,-0.138995709409341,-0.129954727397883,-0.126938592463889,-0.094806645800319,-0.0895217022030662,-0.127827517213964,-0.134879166275668,-0.111944553229461,-0.0514867865651095,-0.113623595877559,-0.107145243441781,-0.133260744954795,-0.106691139917727,-0.0838112514972887,-0.0848406454608654,-0.105221603028584,-0.0762168046636936,-0.0908324360074823,-0.149608840632429,-0.195148137981405,-0.103606966403033,-0.0558846894000871,-0.0461779663168513,-0.123035280244184,-0.123490730915542,-0.113668542368532,-0.0859381338824125,-0.14249356990719
"PMS-285",0.134810491679463,0.110545640080879,0.138885062260074,0.138421207483829,0.151137763079145,0.0896886424295511,0.0641462916509934,0.12678035938371,0.169949884992855,0.116678234508831,0.118155831493043,0.199903997387403,0.182406561429106,0.0921803968052649,0.14679088605194,0.0927623699642063,0.126706045004195,0.166422631061688,0.192848184077446,0.123625813485259,0.0859366716721108,0.150969566237469,0.0500428666563887,0.160460577592752,0.127436960776068,0.13684068386241,0.174957050755604,0.138401006556655,0.10842920099944,0.107867852748938,0.0836640208061137,0.205797601263015,0.126303302959058,0.0980850430638386,0.122275086735182,0.116049156160504,0.0986079402149543,0.130243011198912,0.126634604413274,0.130645563026069,0.121953067857466,0.155505062071189,0.0686359987777196,0.168406274374161,0.0799072316660289,0.165614771427317,0.132126742823979,0.115159241506277,0.153285743429893,0.122245117559068,0.0760088282995832,0.0732087868173062,0.140017540839422,0.157571761533844,0.0712094873158984,0.102071479387764,0.138417876935949,0.119629481214572,0.200322161039275,0.189529658783589,0.232616872688049,0.1441302205293,0.109903836137951,0.183310552996372,0.148375628309658,0.123262035840171,0.11147646244384,0.180524564029413,0.120919602573882,0.156927560135949,0.108045280121611,0.0971596396618425,0.155873367841147,0.122558317767831,0.102021929495115,0.157752881232496,0.204487624722812,0.140587433816938,0.21851731545682,0.146543879866901,0.16472014240281,0.125527485470352,0.130373768374893,0.141965750647838,0.0829062504089912,0.0801318925747774,0.120755879182641,0.143495952321668,0.15068670976285,0.18543545974369,0.10691366731866,0.10780117777693,0.119423302493404,0.18991065869194,0.14681027503528,0.130481865092616,0.132866895856321,0.150448195308399,0.146052901542596,0.133270165777473
"PMS-293",0.159094368671116,0.1525263571498,0.138771207909715,0.116334353116427,0.146793846659225,0.154493850058759,0.215759878201861,0.0721122652851718,0.155465567662587,0.0643142573180346,0.126748076866979,0.157688857057488,0.0894348831675158,0.148265445292271,0.110224197972405,0.12665527055611,0.155994928908465,0.0604871441036913,0.225418201558283,0.175500932482104,0.116240984788943,0.158151130950917,0.0577308982153633,0.0852250890341733,0.164899614515411,0.145599815750425,0.149252602268575,0.150061805907555,0.133754335034702,0.0925190765838586,0.12764096318815,0.167430012353237,0.147247221973036,0.143846450475094,0.119216308593678,0.168234197160344,0.200491030107927,0.131471719328564,0.120294911111358,0.137591466303631,0.138169013838208,0.160550635510916,0.159417306962581,0.100008374315907,0.167534072758369,0.193876355223322,0.134493598126872,0.109282428601259,0.136080625840687,0.110074830668334,0.149224293400787,0.155270742910334,0.195268136063174,0.133820424578978,0.108997587692798,0.160206245931747,0.17409420504328,0.17602855453377,0.09985206651391,0.0989336540405075,0.209141135365621,0.147702826380577,0.118751023116513,0.147070278470505,0.182557503035586,0.114511077956837,0.169742975933562,0.138262671464061,0.101040785315574,0.148943921606191,0.0593099404336154,0.151287470716766,0.20557171787681,0.139053137603376,0.170141037686111,0.148539583343651,0.190721147519187,0.166692674975149,0.1472950145994,0.129038733105598,0.15257485522356,0.172319173179886,0.156014481863282,0.130045739540974,0.113955440387038,0.111215211981211,0.0580982413123996,0.173661115239047,0.139447825628368,0.0753266053873073,0.0637309136858975,0.139911547186435,0.14540933232018,0.0716007882936815,0.105381223422393,0.189321896902413,0.162307137877182,0.146605195039376,0.140937080963403,0.137248628229499
"PMS-300",0.178135442845225,0.149626676829646,0.149213039803846,0.148136019668391,0.0890919055602622,0.175337224604795,0.0945420917039028,0.129337547992077,0.190269341383264,0.130622765098731,0.162023891268301,0.146084138084884,0.144278077464949,0.0932529247084598,0.179038538163388,0.131764027220706,0.21579580580865,0.108671652481106,0.165250687857888,0.11384262956892,0.159516885686407,0.179291894925247,0.104650838328281,0.112066237895614,0.151580785779288,0.148869365943749,0.166124117878743,0.108127826476996,0.129843957864538,0.130717584968408,0.174599830797065,0.141165990286443,0.188786282266813,0.164075203741478,0.189328072400342,0.141529177785297,0.156251661107556,0.101003447733499,0.145593783458486,0.138463401191528,0.128933828602685,0.177079812788022,0.178502542136306,0.119755735624517,0.135657792522633,0.163282341705736,0.100603045980144,0.190563085907867,0.134393120201387,0.129892778998733,0.0782031292269681,0.0997211875553473,0.12737949459222,0.0490362471843191,0.120822920346767,0.141986995575117,0.154934517217521,0.134463162440518,0.159472779854816,0.0708283177425915,0.124696911304851,0.132551933669972,0.180057483932239,0.122058961951223,0.163071867287718,0.192672190274343,0.148361887688852,0.156902124052112,0.159744890256155,0.110655326068698,0.125878295592402,0.178890800094564,0.207214945171242,0.0972871399257658,0.129238467114496,0.199842663874253,0.146888391562178,0.131984558926049,0.173903133216512,0.128010499366632,0.106407160895361,0.0805338874206499,0.108034347884407,0.108812987061504,0.124372480936424,0.120678479833002,0.143533976007518,0.114877449351161,0.114246373907093,0.1287942178055,0.181696839101783,0.157649910995839,0.14299200976843,0.128545083749429,0.0719212684440797,0.150179940670483,0.212251393475764,0.133621987836137,0.106311276172941,0.153513525030094
"PMS-303",0.100394810806712,0.0545312714070834,-0.00288524126600747,0.070905622361884,0.0403409512942812,0.0275532580180538,0.0831033178788781,0.0176504716010195,-0.0226928435656543,0.0474730161088772,-0.00720429696037917,0.00523943972146522,0.0989443723830647,0.00939268982903799,0.0109729517643701,0.0828743991197139,0.0316627634063726,0.0328470286473413,-0.00977792424979795,0.0163545955021592,0.0386296128035013,0.0250724564795421,0.028365946081921,0.0524808962419139,0.0294892815625551,-0.0366320154943953,0.0737296381069005,-0.0207272512233271,-0.0347971220550219,0.00518009575966238,0.0335569936499135,0.0187839423716842,0.0263572509280685,0.0312404542501628,0.0447967807179821,0.00459417121091741,0.0998549486668234,0.0801093675096261,0.00952258262249981,0.0361740674696746,0.049074140633048,-0.0200895968252946,0.0212376823149085,0.0565192253316137,-0.0195791040870341,0.00575521063916656,0.0475257939048297,0.0176931298929262,-0.0212698694814321,0.0247327198860875,0.0816610091026689,0.0744824797009679,0.0508725791478149,0.0339597197008306,0.011327087278537,0.0863261086294101,0.0297900325403847,0.0606705000108313,0.125499214948055,0.0618804434575513,0.040866211655798,0.0367295661570824,-0.0103794191576336,0.0183026726858475,0.119283190716711,0.00045194884711338,0.0371927062531488,0.010878695995865,0.0199639341345063,0.060645646101595,0.0167111115368569,0.0540441622156166,0.0497620115969639,0.0518003100325254,0.0251851963050851,0.0191352520440151,0.0601834074896668,0.0662800500901061,0.0276052998351431,0.0526835318448861,0.0463252873973053,0.0232410822310326,0.0742108553366965,0.0703881993900694,0.0476043976175192,0.038634658572509,0.0098562226218103,-0.0624703488577364,0.0286513666728358,0.0670981950653985,0.0154716194405745,0.103553356501885,0.040554829527643,0.0260913901796683,0.0769483153183071,0.0261847901953196,0.0149302009020874,0.0505037562951416,0.0546193389115987,-0.0065782248982841
"PMS-306",-0.144952964624017,-0.0899128628977872,-0.0982875892489528,-0.136458499542317,-0.047031119346005,-0.0920094784617566,-0.09748444011072,-0.167373009767942,-0.206449298986234,-0.136485378823793,-0.10566125578493,-0.0703662386481356,-0.120685052823308,-0.0646666489603807,-0.177374085442232,-0.0607609551627461,-0.116805054925639,-0.0978418613222754,-0.136823878935073,-0.117479028642148,-0.114727880406179,-0.0971774877822029,-0.192296318038368,-0.110711048881473,-0.126483850749838,-0.151500572900458,-0.20994016737729,-0.126688706078697,-0.10047869744332,-0.09883013221617,-0.0875933384538181,-0.142575132393846,-0.166772852415915,-0.0996257434874415,-0.0628846683761823,-0.13622787541421,-0.111134173332411,-0.184229119050639,-0.10362544936248,-0.0859817002595665,0.023025019353973,-0.180475779741081,-0.0945625981485607,-0.170060643251758,-0.141677654325949,-0.166061491726859,-0.0446626333348671,-0.0712521262789796,-0.201110000827077,-0.184024721860395,-0.187941121052924,-0.15976167314055,-0.0635902964680765,-0.197706267706486,-0.0623132467791029,-0.147230417329989,-0.111819468185356,-0.139905190820617,-0.108739536744736,-0.108063090185662,-0.0557048244845457,-0.139192441717425,-0.122082343051655,-0.100850799836947,-0.0888667563056684,-0.0250130661917657,-0.0759464035925375,-0.0853327622747265,-0.0806195672668818,-0.179608701054884,0.0268322886011069,-0.0735881116044967,-0.1552448572065,-0.100926581205205,-0.118700638389833,-0.0884774464968987,-0.175584271214396,-0.147045491898762,-0.0938628700549935,-0.0752845712007543,-0.0472561483155132,-0.109419282545309,-0.134513871935433,-0.109341043586392,-0.137700570141887,-0.0652995483020113,-0.122203114110969,-0.124255485946864,-0.0943340447918653,-0.0792096596708302,-0.12990589468114,-0.114848116429212,-0.127106796346233,-0.184457742318971,-0.172883046799666,-0.148091677231781,-0.148794241769144,-0.104804801720713,-0.110133690092803,-0.0991939042939809
"PMS-314",-0.208716262706709,-0.206684781862191,-0.188475192564981,-0.143369252379908,-0.15937112498506,-0.162469546298909,-0.189391220043899,-0.162133531581348,-0.16816941761998,-0.169829640526481,-0.181652319264109,-0.151519710537652,-0.101934616344896,-0.123208758621662,-0.196051607972398,-0.192629638867673,-0.183509818593031,-0.10444696048585,-0.152310337191456,-0.121371144979231,-0.161599812446219,-0.143601900563226,-0.15605853109794,-0.166699917401722,-0.112941692426724,-0.177305050359746,-0.184841111422113,-0.247027525544736,-0.15812920175381,-0.196883955664988,-0.104527817285808,-0.121320673401794,-0.100132514363619,-0.143359589519261,-0.18019876281248,-0.166730556421437,-0.192000327002217,-0.152149302800666,-0.131024830341213,-0.106249265409709,-0.145051723294346,-0.228730803435281,-0.144321915469,-0.145816096360197,-0.141530154885056,-0.18264787519782,-0.158234884555432,-0.140368804419774,-0.148651240900213,-0.115109173601116,-0.116448318769231,-0.152521673657631,-0.00825114428737408,-0.209006766101203,-0.221206756103003,-0.165365369415186,-0.125354799565293,-0.140723940822749,-0.143285401418262,-0.175488668862807,-0.130198367372675,-0.126500635091451,-0.0852092728040164,-0.128002051210789,-0.166374947429327,-0.149883088086148,-0.169622321166841,-0.13403620565298,-0.10859150269833,-0.0988703532387254,-0.143694866493679,-0.12869275780756,-0.152060416107248,-0.173510587626165,-0.187910554837713,-0.175465621348014,-0.186893695672808,-0.12863762731101,-0.155201263261508,-0.121806207979566,-0.177731318464054,-0.210384614226125,-0.173518912780969,-0.17319258193041,-0.22039685192833,-0.168508831835681,-0.220561524994214,-0.152193401847027,-0.170826646618948,-0.164122412344477,-0.142278453575609,-0.152143761919649,-0.131111642450442,-0.185376897107272,-0.210448142637641,-0.184859185059502,-0.151444355646695,-0.192571477135601,-0.154034547117067,-0.137958662091751
"PMS-347",0.356992809188235,0.332582063325662,0.358091357342042,0.39716849058408,0.377452019268935,0.249406770461821,0.400029335480135,0.365395811658174,0.344210246393789,0.391778085090646,0.379259737798542,0.413750748268653,0.233248336573949,0.329104856255054,0.29287107856765,0.380472061144112,0.375168712713241,0.208528585409045,0.339758689786096,0.403015625059701,0.364473433866088,0.389329517865262,0.405966428237518,0.367337677324071,0.333052907956926,0.405787505374725,0.347308739283565,0.394010413592043,0.35619978838891,0.278998886267195,0.355823240322723,0.341247889072438,0.350726285171147,0.317383189416295,0.376616264091045,0.353601833517624,0.392614183432736,0.324352851180207,0.328597038807204,0.351105461281763,0.354999452131054,0.368910835166294,0.339213603893066,0.369115126971529,0.357085229479965,0.338224548491262,0.358363702689314,0.417612669436435,0.352384062709885,0.365237913128758,0.392532847950673,0.412284091189451,0.319317794296539,0.405461136067854,0.344782443965977,0.42478191425165,0.326691715648223,0.310679318040765,0.38933137193541,0.416636379518804,0.323307252816323,0.385136397028837,0.375780155995624,0.350922733071951,0.367146948200559,0.407263823013177,0.342495617752592,0.361954325674196,0.354671497094006,0.423964144977212,0.361676774220927,0.344009801753077,0.338562079538776,0.40310040523436,0.417191448439164,0.353738321768557,0.351557256674234,0.365201765312649,0.341063460261807,0.323367624771176,0.282076303527935,0.31280448070555,0.297170021562137,0.396533181961615,0.340462343719095,0.379711804132594,0.368099628915381,0.369954063834933,0.383785833069321,0.326714572763875,0.31562591128986,0.334022338203233,0.341634225781159,0.347974183247613,0.408482086419462,0.37500850431498,0.402182739624008,0.368666056664811,0.338635663675279,0.353108471232389
"PMS-359",0.500157463631052,0.496256837660062,0.500271285831225,0.521571495234704,0.424187041476235,0.436548235535324,0.527131189543413,0.553385583750364,0.538590808605722,0.441992526389486,0.525115086727789,0.465509882680399,0.484168436718026,0.504497092175746,0.508166052052246,0.500730868252189,0.479696232054465,0.492690223927904,0.47135293472626,0.512946000250567,0.516638365059507,0.469542836377889,0.462739256539546,0.488155439685305,0.457818322045529,0.492490879430795,0.465285810791331,0.523317798653788,0.473444963838882,0.459241494297955,0.465461062025904,0.431878660615372,0.504021985171037,0.583435516464041,0.507551627591185,0.438341606406995,0.475691749918816,0.519488664461471,0.474788656832692,0.500571546572035,0.481564107353937,0.448306705168917,0.473174950877844,0.46152237337214,0.577279721447783,0.479292948413088,0.566638806343762,0.525363291917488,0.554393400240464,0.49123293397371,0.419898599887561,0.488572271410994,0.426331634561952,0.489233188848489,0.484110622021629,0.493352128279085,0.49920978366443,0.462300271469779,0.427797339968902,0.528501881423145,0.455806218375135,0.516029208013082,0.511465755118855,0.44097137871138,0.42816870906482,0.526376498878018,0.441022386503893,0.48219130550062,0.514539315933654,0.416417757080723,0.510000418115753,0.522764260182658,0.49042533164225,0.504178170699429,0.520994354973082,0.530848855875006,0.488377764270393,0.509547855757322,0.427282946130971,0.464652871320069,0.538494834119834,0.46129243635097,0.454123474110642,0.455440107882204,0.405253168905365,0.510909401261462,0.531147838285144,0.496294672324592,0.497273943218232,0.505107767158632,0.521500501024797,0.480388024550436,0.490655421371845,0.510182360550867,0.517903464691854,0.522444410214094,0.546098789712131,0.497420581012002,0.516212645604886,0.461475121338211
"PMS-375",0.427902647538419,0.465168397553891,0.356730355020335,0.457451422695617,0.395912644719834,0.433012153461882,0.333748589224836,0.390779324682924,0.384451371288344,0.344767791259389,0.384775889525807,0.392714973121329,0.412651210681893,0.396517229564873,0.36802001827903,0.421800958970093,0.381314386066304,0.383659892871497,0.388293496251998,0.3571386084256,0.382737675462608,0.399573138027101,0.396865782393238,0.359402674585037,0.276720263431841,0.371869556614298,0.29361800570059,0.410498555341046,0.344752447054738,0.327790827039879,0.389437245813683,0.382402299980012,0.379511518048431,0.383212557569889,0.406928480530061,0.362542210924697,0.384367817243561,0.372809168141771,0.393278190949513,0.30100902184764,0.45553167283482,0.387712994080044,0.426023084535852,0.417735746322816,0.289075076599135,0.388061090508285,0.412064876929449,0.395340145500992,0.438598167699892,0.297270421517771,0.443608049094787,0.394930248542165,0.3941639575027,0.293558442447821,0.385170317933571,0.403236747926505,0.409129407583603,0.380202442528156,0.355290015828193,0.264010390933336,0.461614907348493,0.409493122939123,0.41468943610036,0.316623650704965,0.312978683054204,0.431813027942338,0.346913213244048,0.352738188569762,0.391516832799803,0.390760123868999,0.319297612022899,0.445598427217706,0.403990409212407,0.322398661688289,0.376808439895652,0.432948080099341,0.351371515811226,0.382035211623894,0.390109588196424,0.382204406348461,0.407622995155321,0.40990601686413,0.44982547800017,0.372647876492963,0.300477057614198,0.418203124527544,0.418535436567253,0.441538918185905,0.37237448193807,0.397138681761151,0.396267566271662,0.365994071697172,0.382930974005426,0.349638106678785,0.330397765758083,0.405681516655117,0.462026918089811,0.405929038531965,0.416373869414122,0.373672118198718
"PMS-381",0.330078437713161,0.40297990828169,0.42426432257465,0.380283592658703,0.362389136003669,0.438479100338342,0.372325850576853,0.3410874725053,0.422671606346435,0.321306724271931,0.388375456548952,0.394086862200405,0.379202478082168,0.35900631590654,0.298617589054682,0.364394372336991,0.329540208255487,0.397027921609503,0.384294318222707,0.301167284594325,0.359716433888343,0.35890608532797,0.356719036100135,0.36032132834123,0.350717617151206,0.348171542684076,0.369356303939075,0.34502313191455,0.454645216579523,0.346612780454166,0.310047319125646,0.281404333443397,0.315614569144979,0.409184627454138,0.347938320036618,0.348283723132553,0.339642906874974,0.384712587231539,0.37067418415281,0.370198045451853,0.375197220042379,0.359537281901383,0.358793061889734,0.335682721310142,0.403707480315328,0.346484360822218,0.291376616193438,0.355265809936705,0.314339599248061,0.295374437700265,0.36726008729658,0.398743001877019,0.339323861619923,0.428145545938629,0.363117905207549,0.345572250929238,0.405845758740783,0.393896119128626,0.362369342299123,0.291044451670116,0.453522469274503,0.370791746222669,0.44459363564772,0.305268868215864,0.37601624841219,0.364008447509736,0.394321064604233,0.38320865249362,0.315813527089886,0.44427085207037,0.381792097410824,0.318127544944609,0.379199813823428,0.394129303079922,0.446670814921309,0.340907142438023,0.383976612786855,0.418323529142799,0.348399616209522,0.356810602222733,0.434698444896316,0.434875457776366,0.316402098663155,0.326992121363435,0.454593972450995,0.409529583584008,0.353328470250127,0.314214498537032,0.338776229335976,0.453922547258407,0.377488018761876,0.429524032074754,0.331945594790104,0.44900064919847,0.352469758255818,0.392388604519411,0.330078325654136,0.365156263344007,0.368463374614766,0.355339812936439
"PMS-397",0.468520548354288,0.367901643485259,0.473185141310539,0.427053322075458,0.427524893338061,0.447922795976932,0.436672444345991,0.447119486641914,0.447218523656951,0.361530706616461,0.431037271550901,0.475310611176156,0.371488993926639,0.418521902607277,0.472382161680809,0.525189141181273,0.4294615779355,0.392828056212791,0.419323031165314,0.434439815858139,0.402308579548569,0.43001245902052,0.517143851715798,0.425482919511731,0.450416429059874,0.433799983936908,0.417440848975273,0.355017342163869,0.395799744658639,0.494267465372484,0.453057309111503,0.446573400779536,0.404753917617248,0.400942676488872,0.372147244287436,0.398707392201894,0.438053334344205,0.459619566563655,0.411354764681557,0.438898219107862,0.417040758139748,0.427719773579221,0.409796433316101,0.46170928554444,0.462698583852138,0.439310707179516,0.381603188980449,0.417890977823107,0.393116028013321,0.400658108835012,0.415395199749302,0.395708640637392,0.453246851607973,0.427322303471351,0.445027976274815,0.431214026166117,0.397794432685885,0.401614473130963,0.382580659789433,0.353344381860023,0.375666259309301,0.482978869849873,0.436250498039255,0.437643215418123,0.457233362612966,0.354594449297487,0.421033709939345,0.483202010906011,0.406582656103926,0.411089646367964,0.401734292811436,0.422740643833404,0.428125402524973,0.427554195276832,0.399017562391324,0.457697987749321,0.38703242990832,0.397473541196639,0.439525200316861,0.410108241001258,0.401742592868598,0.440702375242424,0.432053726942741,0.366280312046117,0.427305373594238,0.417056927193896,0.333390952221678,0.377864177118009,0.353254383654031,0.385046823536006,0.431426454364008,0.422305980449404,0.432039590398871,0.348146716771745,0.372332907196404,0.440292451120623,0.440085366687107,0.437022569122234,0.408538996659729,0.521542063988328
"PMS-425",0.00462544583715776,-0.0436749609553051,0.00547788198608842,-0.0217182901411353,-0.0375475199340686,-0.00593861293597808,0.0354409173280611,0.0458063132285984,0.0204420282247816,0.0490213516219806,-0.0232764394160163,0.00313104522913211,0.0309802928688097,0.00634884524944491,-0.0352866716930219,-0.0065570610328027,0.000241916783814091,0.0120548289763247,-0.0140600312490627,-0.0293065855188727,-0.0263901843338037,-0.013710321080885,0.00344091003526737,0.0272578594695152,-0.0188039961688702,-0.0315459242009985,0.0394404880257495,-0.0405953462998757,-0.0315036189952661,0.00413308686986021,-0.0182850745231016,0.0208034347501209,0.0456183713010147,0.0157859762526657,-0.049509281910286,-0.0355942948434019,0.0463698233619593,-0.00561071435320796,0.00726627616647303,0.00730703922505819,-0.0534318138744937,-0.0383127669810266,0.0311816236120205,0.0313184536211963,0.0416189156945361,0.021825509365023,-0.00255259223162017,0.0362648281593831,-0.00275923923555066,0.0031965030014738,-0.0106966287705854,0.00982777547032325,0.014218994198173,0.0173359681817431,-0.0242729217263736,0.0303587615964841,-0.0308513363455307,-0.0525650403752721,-0.00975714660648375,-0.0105778790305151,-0.000396487274599052,0.00570060509091262,-0.0232950758773594,0.0501218677034918,0.0207676718267629,-0.0313632316685915,0.0384403232981188,-0.0328727560842009,-0.0210243373139187,0.0299170753794417,0.0091175014023282,0.0588459211546842,-0.0127933208864128,-0.0487202476586234,0.0302711770101907,0.0189025379219036,0.0495009418689103,-0.0725030937949618,-0.0245210728068115,0.0277473270973746,0.0210950055752682,0.0165473664209004,0.0293489942537387,0.0208968194333786,0.00780656963236521,0.039172421834649,-0.0856257152191084,-0.0120574806545772,-0.0139095742392771,0.0314872526786014,-0.0260196569518724,0.00136430531397467,0.0189932227976873,0.00973002843472459,0.00588782063949887,-0.0164030232262178,-0.0619474329018168,0.000966862298437144,-0.0231152796464126,-0.00149100935075371
"PMS-436",-0.214236508149193,-1.12595658145339,-1.23608384819933,-1.09115679421368,-1.28076142079128,-1.08670250665047,-1.09470048756453,-1.12696777517235,-0.241704098189887,-1.16861923293667,-1.12302420251421,-1.15132365696592,-1.21391347001331,-1.14834510831434,-0.264988839699468,-1.11856239323136,-1.03408134366913,-1.20644989237255,-0.198833081840787,-1.03842190057218,-1.07100028839344,-0.246124084083402,-0.272712300201161,-1.10728442631531,-1.09019442850714,-1.17867939001032,-1.35731188034519,-1.08849702111083,-1.13847446858553,-0.210059465910837,-1.14168339348635,-1.07501761864889,-1.32664011061639,-1.08686526308802,-1.17036891143,-1.11871242602066,-0.181695335041192,-1.1319785652155,-1.0980267867467,-1.19419383040616,-0.258488489224224,-1.29742284830552,-1.09247932834017,-1.25022608043357,-1.06746167127694,-1.25977607166069,-1.02013628526056,-1.24113413328715,-1.17355778391053,-1.16005057662432,-0.147937780915394,-1.11687005635887,-0.261768992732851,-1.14079578783079,-1.12906446274563,-0.180192153118711,-1.06503654448127,-1.27731013402225,-0.153511978455471,-1.0596263898891,-1.16824680226848,-1.1577884457918,-1.0983762016028,-1.14679010037435,-0.185023924418647,-1.03745067091147,-1.31846061186023,-1.13266308577868,-1.09588000134159,-1.13535989510211,-0.186162943601111,-1.25639166224011,-0.224081893653017,-1.12797087240467,-1.10968735964637,-0.177846072707348,-1.08726228951018,-1.13547413254678,-1.32033889196575,-1.14567545593059,-1.14926689865392,-1.18868905108814,-1.2529338225035,-0.181232121353536,-1.08395543187214,-1.13897314766355,-1.05550749883954,-1.13552247619355,-1.24228480280768,-1.25567461252861,-1.10997017320929,-1.10530676348379,-1.3180448895869,-1.09276038494967,-1.16832758388821,-1.27740258283144,-1.09715763128573,-1.18984200539648,-1.06272275569629,-1.11652717842443
"PMS-438",-0.14451613275458,-0.871339809651066,-0.982127118495212,-1.06173820363712,-0.906624488080868,-0.935353627268137,-0.930744122469531,-0.928870240276874,-0.151278285108539,-0.947385877331954,-0.896872130295145,-0.93047496703974,-0.896957738926837,-0.893044977005881,-0.210303591658536,-0.948965207687586,-0.945925843486526,-0.905707337196581,-0.137377645179265,-0.960805126128393,-0.888345396676493,-0.178905641766077,-0.227017758928335,-0.955928881448418,-0.943241409509641,-0.944097662165646,-1.03762449812367,-1.07254748314379,-0.937853981058085,-0.126242171328336,-0.929395181392103,-0.917772347601459,-0.93714421734458,-1.04468799779158,-0.928051989161529,-0.933834013783308,-0.144027934643368,-0.838731090044644,-0.966533003481702,-0.933715983882196,-0.195173028859178,-0.859463518834045,-1.13140053411129,-0.961571896889164,-0.958869461558028,-0.942136476424367,-0.960490074030404,-0.979194252422371,-0.919016177388427,-0.94415206603179,-0.0938781847441324,-0.963133702386286,-0.20114429311653,-0.912656554715763,-0.941628399361664,-0.140427788553397,-0.894008275761114,-0.945714250019759,-0.0912423741187358,-0.88406736767964,-0.903999319554654,-0.904111272897096,-0.936008666058836,-0.945731166226123,-0.111780783008855,-0.91395691627841,-0.940639552742216,-0.958568543311695,-0.878562450379282,-0.886727957942026,-0.131252415975185,-0.986225304956124,-0.169973768718537,-0.891486631391353,-0.906003105070228,-0.127726983005898,-0.94426021104359,-0.954720991756859,-0.916309692077692,-0.899438058270994,-1.06341062072084,-0.919287928958594,-0.923576161748471,-0.120398122148348,-0.92128756817888,-0.925606166788758,-0.917858776531934,-1.03934280607195,-0.908950436053501,-0.965457626768924,-1.03207292765889,-0.93607773689143,-0.981794145248101,-0.959051383042726,-0.88496212644015,-0.933564764748981,-0.938907175618738,-0.938532396362179,-0.935400180121245,-0.934623289442769
"UI10-00012-Cabaret",0.301224389578242,0.288647604626201,0.381646451738066,0.293602004505669,0.26725399372532,-0.10173790367513,0.267314275360386,0.275224821528875,0.309784265478065,0.342120815730166,0.2628661586826,0.292443737745843,0.282906592496792,0.263937113479138,0.303969411527924,0.241907710506381,0.303401332337799,-0.0953684066727754,0.233870225634413,0.262836983310521,0.376158132707384,0.302508651644062,0.302709829878925,0.102280441759472,0.28791102645018,0.30747839902596,0.295303516039313,0.264443102205885,0.278937276801056,0.316625674687294,0.390181231284659,0.275120104772071,0.308606550485068,0.258358187584052,0.312333146771666,0.306423849749651,0.283820936775219,0.281982348611025,0.294337567177668,0.289947733261229,0.272093066388089,0.253614556778696,0.312714910458888,0.278702171470841,0.279629979743227,0.290432806134231,0.261627715984348,0.26809350292627,0.299320508249944,0.316194335795219,0.311818707100038,0.296872079455716,0.326685780270326,0.255332612590419,0.330984699688591,-0.164501097150066,0.292663895115061,0.303901492940445,0.313644406416598,0.303671105056049,0.301028500583927,0.344656488649484,0.270229512995531,0.28544000000756,0.300946569461296,0.3018593370527,0.294192914292064,0.281282809394962,-0.11314607608723,0.278608428662318,0.395233850020044,0.34043348619009,0.26234661511535,0.289262359665884,0.299061809889106,0.271315287635865,0.283790043166744,0.269007419072013,0.293794566371102,0.220471148778809,0.324819120374638,0.329096356598732,0.324509203383895,0.35263497072932,0.24874434917281,0.295313710424312,0.288145187764641,0.287869214857414,0.316054285447452,0.304963006418386,-0.10914706618724,0.259959877217317,0.317777987758944,0.311862470906401,0.286585519811831,0.277797668574439,0.310929615053297,0.286455973520455,0.300106319498038,0.341215733058163
"UI10-00015-Cosmopolitan",0.0951775938641427,0.0907749148228377,0.0706070563056934,0.0209259832143243,0.0417951661552084,0.128063891644664,0.0982081619933377,0.0539805209739294,0.0241445592173283,0.0347927813843758,0.0440605896253824,0.0550976589403359,-0.0200492207973844,0.0592270426573004,0.0719004415699951,0.092062102284186,-0.0114151262735257,0.0387797876983479,0.0206667286763821,0.0414445582845963,0.0549260059864929,0.0558826649660641,0.0259948912474299,0.118826663192691,0.0654039496628597,0.0850547168263056,0.0446253476018891,0.0396748191772363,0.0758976093035411,0.0905447296883799,0.0890241023345959,-0.0232122438714414,0.0169162385724816,0.0156917117129798,0.191356020343,0.0910849908159067,-0.00125826320704091,-0.0446901249736586,0.0592300568592641,0.181546068448275,0.0454964823433909,0.0660914870724954,0.0637249959859956,0.04573905084411,0.108235312225169,0.0437172271380656,0.119662662472049,0.0760682627027955,0.0967844085411225,0.0536780580840731,0.0557439866902886,0.0965870027289494,-0.042182763855466,-0.0317210124241425,0.157637221578913,0.200310925285552,0.0624267036629822,0.0352696811621178,0.0540764470376475,0.0685937037132727,0.061056378831189,0.0405017980444412,0.0473233969115823,0.18856301730421,0.0717601844449871,0.0842368984872693,0.0434991318340129,0.0836892056771614,0.0724279679454094,0.0122712630536589,0.0443710348541956,-0.0100762741378587,0.0417237008918521,0.0927731489710575,0.0728913182554962,0.0391529041323638,0.057968149821659,0.0192638252761769,0.128430021742552,-0.0482497328481523,0.111393660461287,0.0554947539080681,0.0404079705171777,-0.0266766368526118,0.0655918697570365,0.0274547419089294,0.0636640958092604,0.0723869842192001,0.00322187225663246,0.0367165277992379,0.0831749363120537,0.0991116939686255,-0.00853225737399595,0.0797923923342711,0.0135277366296194,0.215175371129988,-0.00851706202330309,0.135152834076644,0.0760109185020007,0.00954433146811004
"UI10-00017-condensatus",-0.25941786520482,-0.24434617643602,-0.22166550884983,-0.20043477513647,-0.157448081381083,-0.212418347363513,-0.189900888663775,-0.236950205656813,-0.225288049257182,-0.104249536960519,-0.226077225318662,-0.191849478337738,-0.181029763949397,-0.244458052392322,-0.234860651980698,-0.228293230596504,-0.120171743113356,-0.232005424872828,-0.212795724860505,-0.256829347528098,-0.239907064353318,-0.210275852941172,-0.243054162530121,-0.19953295001895,-0.183557031393439,-0.31347365280281,-0.199606873602685,-0.186814096309894,-0.177613496417907,-0.2141243583368,-0.112616661914075,-0.0950218432206957,-0.244262806388876,-0.251362567767142,-0.179724375545861,-0.257645734665048,-0.219537594371786,-0.262817311419292,-0.196095182332221,-0.257297145270709,-0.214890021312591,-0.223757634572086,-0.0613768398746996,-0.170062509724821,-0.306954809000788,-0.0547661484598517,-0.254153921196822,-0.175491845180126,-0.310198467989718,-0.187278540007985,-0.189160466623715,-0.178693870293909,-0.0495592382884446,-0.173791006245453,-0.244540611296349,-0.278767956117344,-0.229802149889468,-0.200149393197864,-0.0730567270843183,-0.213363536208207,-0.196463153453016,-0.182451905755092,-0.244208793244478,-0.233520774219331,-0.209733407194294,-0.214510796311751,-0.213079501427248,-0.185172406163725,-0.165755457840249,-0.228101249723971,-0.216997244755582,-0.237324337859152,-0.26240628180166,-0.208752093197746,-0.225885451454611,-0.219449663798022,-0.23703629394094,-0.150277267578846,-0.24621090714476,-0.227645279406269,-0.196600383572957,-0.0673397502089511,-0.227401526571608,-0.181323533629348,-0.246624795046088,-0.298090123637796,-0.198614473127089,-0.207056166256376,-0.0476372620644621,-0.242226363050362,-0.208499810636433,-0.195998971771528,-0.198523257298222,-0.266827041406463,-0.248956013755006,-0.244942182493712,-0.183446321662508,-0.202975654853857,-0.283446566092512,-0.209585502205752
"UI10-00020-Adagio",-0.262652177353621,-0.154392868892264,-0.168187728772887,-0.141518414651047,0.0810292018262971,-0.113394248745628,-0.23636114020827,-0.102777215549611,-0.169728031118245,-0.0678937362860636,-0.194722996801042,0.0723777926955295,-0.129775864021494,-0.165695568522717,0.157253137733101,-0.19762187189247,-0.115036751408137,-0.0968025735186204,0.0513087265314604,-0.0989821074743857,-0.218946668968312,-0.0983960507958344,-0.0517956905654645,-0.242470341392607,-0.216124628011324,-0.112110030428226,-0.143342418391608,-0.0751576582239869,-0.0432585397092438,0.13014398488946,-0.239334912236222,-0.135135583711986,-0.0616171133751077,-0.0976729635456174,-0.165051748819694,0.0665459986154261,-0.12733500936109,-0.169797045253788,-0.147755479971621,-0.229184793911502,-0.113601373166296,-0.211731051661038,-0.18127690807625,-0.169883084794139,-0.152732580484159,-0.201668998069116,-0.054920923748537,-0.100816198430864,-0.144290260564197,-0.127934736973261,-0.115445662857687,-0.112308432579797,-0.120447454590327,-0.0986202683571493,-0.308290516715242,-0.126571214317867,-0.162161568457446,-0.234590382291605,-0.113098143179502,-0.128523454456986,-0.12785003333338,-0.0987238190876015,-0.191708118581894,-0.149438836453946,-0.104697841377021,-0.100713445363744,-0.0903710465738443,-0.112997033374302,-0.225345986131223,-0.0806845616208126,-0.130065685936555,-0.10954519548222,-0.184445356863701,-0.118807521557119,-0.153625871989879,-0.251993672098048,-0.126872368851349,-0.140802889676998,-0.151812878371538,-0.139977742868945,0.0830935560163434,-0.159210086806807,-0.126919658397364,-0.0590668855355136,-0.0752717691449587,-0.138803343082486,-0.125694847182221,-0.111178806054766,0.0882205363740407,-0.0587403606232296,-0.00248367812515684,-0.174952227169013,-0.0946185841177541,0.055128355137458,-0.10720796238551,-0.166455384308227,-0.0936057715706339,-0.147876638486033,0.0434478539919571,-0.146222877263878
"UI10-00021-Allegro",-0.0437677738077083,-0.0227726130508665,-0.0270797278310634,-0.0819890962311464,-0.0171280031870009,0.0126719602338737,-0.0520806138660885,-0.0121236643627465,-0.067148018493492,0.0385880142678771,-0.0170497760273335,-0.0371520902936841,-0.02013923063655,-0.0297634378844366,-0.188835315935653,-0.0183353765468454,-0.0197212831724943,-0.0739758884579853,-0.027083690815087,-0.0230512781666897,-0.0414526599348538,-0.0346698475215903,-0.0319831528542555,-0.0317360412468085,-0.0355699998978542,-0.0706358694707117,-0.0356951810692606,-0.0302174862228154,-0.0402055040721881,-0.066931831571089,-0.0228387617156167,-0.0134781566644478,-0.0183639720974649,-0.0195392568669781,-0.0234704891621114,-0.00302321742996836,-0.0533763843510801,-0.035927971221381,-0.051467762592409,-0.0221249261141569,-0.0369761216242768,-0.0205979039091655,-0.0319872043062763,-0.0426636925635799,-0.00775370905454976,-0.0429163187795588,-0.0221375480603812,-0.0515339361247428,-0.0343361994721166,-0.0755212944219153,-0.0092742930351025,-0.0438723473828534,-0.0912013335373703,0.0344263219535323,-0.016947076930122,-0.041195711367312,-0.0440148039810974,-0.020114600356777,-0.04812230289361,-0.0138775781347017,-0.0187909483190537,-0.0558592528172361,-0.0282675020883784,-0.012833117970609,-0.0354364850382209,-0.0182127648456059,-0.0479562804538314,-0.0140118075178396,-0.0387791358057833,-0.0180656074171866,0.0110271505470371,-0.0359667545217333,-0.0455042398734062,-0.0505378783060066,-0.0674684914764709,-0.0371570541149253,-0.0292446120461796,-0.0293192991833741,-0.0471244639515613,-0.036785057443218,-0.0309491151831224,-0.023264431048969,-0.0170679519218491,-0.0282972039014253,-0.0374834575477498,-0.00563488723695382,-0.041710820634395,-0.0455919000630878,-0.0519781575860012,-0.0367413611155773,-0.0167723022128708,-0.0544408399128773,-0.0492261485395707,-0.0298637685600517,-0.0267321601251635,-0.0205785923504754,-0.06109363522586,0.00990384991583925,-0.0427024538579591,-0.0196334668001718
"UI10-00022-Altweibersommer",0.175144590473342,0.0509781035632953,0.0511899828491027,0.0978231545479609,0.0951043354379891,0.0641738907046514,0.0691596229641359,0.136777880326632,0.143336343143707,0.116657821998479,0.0908988184147871,0.150335135890958,0.106022318266125,0.0939738221605557,0.0763555605427248,0.0675782596010597,0.102620193767948,0.0145222132533111,0.0904838542542602,0.161916822160751,0.0568000916285654,0.0666784936315582,0.125598684849341,0.0828042537683462,0.0809719010573711,0.151756435775677,0.0956494975765031,0.111912817917263,0.143289232401292,0.103917910440276,0.120443325545996,0.0472476390559918,0.11102061847823,0.0840684327673357,0.111644069462466,0.114044891359602,0.0801162493809334,0.0525520728353949,0.117015454697693,0.0882188161229707,0.0696206006144233,0.0993806508882294,0.0435177292311614,0.0885949407171154,0.0555648806264303,0.10910224845646,0.0727529521654129,0.0686055437324354,0.053577747659129,0.110366720075252,0.161245453122584,0.071616333681517,0.0728291691267797,0.0578337657127613,0.0981163014451604,0.0813576674419929,0.124809986813911,0.0749331795558399,0.0755472289450926,0.0673667407607905,0.0841912102741376,0.0813224218994894,0.0566783806265605,0.113024996953445,0.169234932462662,0.0618261246384981,0.0564380691604689,0.0809231784573008,0.108785646347111,0.0685568625978531,0.0822349393345722,0.0927527196654686,0.117785826867592,0.108071435085154,0.0821704908449365,0.138249426192988,0.0911585583970123,0.10638643741297,0.0521341476246904,0.0788764318465283,0.0980244628102911,0.0682430395734026,0.19465294551778,0.0615096095093524,0.0758101250675712,0.0475832594904316,0.0935461625879767,0.0581117802305955,0.00958455120671903,0.0617637835931696,0.0955740956338123,0.143886339321299,0.042314406981394,0.135656214052522,0.0494053200468943,0.101478262122486,0.0772179069463381,0.0832523278758839,0.124684126628107,0.0644666372931413
"UI10-00023-Andante",0.119350335876528,0.0899166761072022,0.0498354061327023,0.0805742723792292,0.100388920001789,0.124534453274221,0.0428409820101791,0.136933797601652,0.0714568922161716,0.0898399596446756,0.0833058584405732,0.0555545718298566,0.129128408694473,0.0413919488236185,0.090688854451851,0.0708762899429289,0.101736348425905,0.0956487089751948,0.0880894565348387,0.0830850668414948,0.0851891663260537,0.10536755796193,0.143214232895866,0.153552182958201,0.131379914309383,0.142074475085766,0.066670969880578,0.157849473909766,0.144899599983383,0.222547324686728,0.108655903964303,0.127957355093051,-0.0679714222632733,0.138980056819977,0.106239075844339,0.080328819581125,0.0600152908921456,0.11218748049405,0.162266316026617,0.0180106919275564,0.170563806836185,0.168547691766563,0.0698174225850833,0.118583318682583,0.0997029804074635,0.088996301819461,0.103752724000798,0.0813609432506819,0.0748252698221684,0.110880352535397,0.0665709192852599,0.115781834484493,0.0998357928772377,0.107859233127944,0.0894787454327026,0.136169876938296,0.0789681938527771,0.165523711223726,0.142224788834295,0.11260411840894,0.0725091104577927,0.0898372264650922,0.0794037300508992,0.0628400433451002,0.0772934384190241,0.0784730572531463,0.0929753727918916,0.119132681772545,0.154717927610955,0.0675103372660912,0.116422657731015,0.0639767734362691,0.117957954658991,0.116388216961619,0.075694096623242,0.0839646061098171,0.108267407123741,0.0836175270785541,0.0496174050520179,0.109767729134586,0.0988320497189044,0.0639725504950235,0.122386767944662,0.115094219410881,0.133147173409286,0.0831457837359888,0.0970353273932053,0.0771453383951357,0.0731008628210156,0.0749223897859563,0.127534336996466,0.0944902899736953,0.0948657316047066,0.137865746939952,0.0306335182890999,0.0686396903152278,0.0884979847205447,0.108536102784998,-0.0089002610983022,0.0415224486215102
"UI10-00024-Arabesque",-0.385592659916645,-0.369966581074264,-0.328242508563458,-0.386442172394274,-0.347806972866458,-0.359730338175154,-0.354058610008893,-0.365610407823497,-0.32687814032144,-0.375949654441419,-0.446883299093556,-0.351044206513014,-0.365561701852111,-0.331519063425195,-0.453612113469647,-0.346684371023554,-0.389242275432527,-0.252745351259062,-0.345071000770851,-0.353946609028759,-0.350675835304332,-0.308693414399402,-0.401008346237894,-0.336889970166926,-0.355454738699728,-0.396525117648011,-0.315041684374465,-0.348285272028312,-0.378748536522723,-0.349723652237045,-0.366429021003397,-0.346174449611773,-0.417056909773121,-0.34545602936942,-0.407666384913343,-0.392332490947118,-0.276279375494606,-0.312768011364179,-0.391645147092362,-0.360535507361257,-0.36502843266152,-0.407653618567842,-0.339696322363181,-0.401558471779771,-0.324248514236634,-0.348266442377136,-0.374178247592592,-0.377052873000062,-0.374908562603754,-0.286232200003411,-0.375121934989183,-0.440813640743945,-0.398395964569235,-0.297755373555715,-0.37387013269351,-0.354844334586913,-0.372779562057384,-0.328495653314863,-0.378865306451331,-0.364380687412492,-0.355852100469766,-0.399129834662585,-0.363713960980592,-0.315212180691826,-0.324374866324103,-0.349900014459071,-0.284377562102328,-0.368632353935966,-0.363767639542328,-0.292230108730975,-0.316846954542235,-0.36467192622131,-0.35826677105414,-0.337238191770101,-0.345095512123834,-0.347129626432983,-0.40348777300341,-0.396010817193974,-0.347032885319169,-0.391704281830069,-0.400003059278584,-0.396472727101087,-0.340129531907585,-0.411151821801689,-0.358907387819628,-0.40060622762377,-0.369464764893466,-0.400525105672472,-0.356234034554118,-0.366185747069709,-0.385708776360244,-0.407149162451232,-0.346996079573902,-0.314614428930017,-0.325200111620427,-0.402344604670895,-0.388960017819269,-0.415002171493707,-0.270556499252795,-0.353644520558459
"UI10-00025-Autumn-Light",-0.0397207397424338,-0.0587402505178496,0.00865854119144317,-0.181532708019527,-0.0958967619546512,-0.061433181442817,0.0214016308131491,-0.0798571633840345,-0.00944537263409656,-0.230902833683223,-0.0418894995238389,-0.055890355135882,-0.0298605135241219,-0.0903664236458366,-0.0518098841626965,-0.210634332488686,-0.0312833831703981,-0.0209010951077708,0.0136777298987471,-0.0331727581129312,-0.22062125381432,-0.0235508569084689,-0.0279480696590333,0.0176899200055983,-0.0338451934516807,-0.0217842408818511,-0.0616685870688344,-0.0784382040888678,-0.0329731623463827,0.0145146438895908,-0.0194767173285668,-0.0095128462576212,-0.045496530087493,-0.0540632466478691,0.0281646438111308,-0.0271331482331499,-0.0494557749725926,-0.0628848040996047,-0.202067082853029,-0.0400159821267561,-0.0139594147759791,-0.0235088688954213,-0.039962752494997,-0.037146687885775,-0.0497844725553908,-0.0580658099762428,-0.0371298237033611,-0.0427592608990448,-0.0642363391586522,-0.0825140663997754,-0.0449995660269986,-0.131537458913397,-0.0552812964434171,-0.10993866045004,-0.0726601490451633,-0.061167867704338,-0.00156655267688733,-0.0786478608820115,-0.0214386718566317,-0.0131896871915136,-0.0563594433983888,-0.0161897934518633,-0.0325160976805007,-0.062242828026398,-0.19423715436594,-0.0256778130483129,-0.0148966881578701,-0.191512947190046,-0.0271717768113133,-0.0857365489261924,-0.0622588202240664,-0.00902165345124767,-0.0292588104940894,-0.0221801499341531,-0.0553080312184738,-0.0387357470195104,-0.000189472343228936,-0.0397358863069557,-0.227890703313259,-0.163628596306166,-0.0371539810448828,0.0178783128094672,-0.030418674063134,-0.0743803721214404,-0.00110120678954108,-0.0714686646051773,-0.0871319534836093,-0.134774525577219,-0.0328910307514559,-0.0723623106549473,-0.0413894494768195,-0.02986838491049,-0.00816642939764994,-0.0468267080436221,-0.0797263929673602,-0.0456273409187123,-0.0153878843508756,-0.0116486561583841,-0.0347397611924417,-0.00123703568312136
"UI10-00026-Ben-Graz",-0.0555909092823529,-0.013165180986028,0.0568339899555075,-0.0826343950660631,0.0604544260061607,0.0197583865161672,0.0010916736481929,0.0505689372883909,0.0334821444869389,0.198099887074756,0.0734966538949417,-0.20493421738341,0.0279614497324795,0.0427404636531766,0.00895960215061297,0.0167011923644544,0.0742781925176522,0.0341148803110675,0.00700798888408253,0.0838678758295682,-0.118385718649433,0.0143223701205491,0.0588689806533882,0.0732902355012555,0.0526710664079663,0.0755969683187817,0.0760639533187922,0.0332731939193814,-0.0511021752023044,0.0679413287940566,-0.0749166315966505,0.22039178143795,0.0883572273792081,-0.112932841025596,0.0359965474019483,0.057658332569482,-0.0768072048889198,-0.0793516916017144,0.0545295677876136,0.0976168196486099,0.0297122970331546,-0.0995273829142042,-0.0417423268681833,0.0378486284354703,0.0626669392743567,0.0515060042966219,-0.0208740734808313,0.084726889125521,0.0252398351697689,0.0401925044732421,0.200927758938139,0.178400030386485,0.033660491939545,0.0230604435903453,0.104893514842234,0.0623300906884292,0.01676762069375,-0.146905404694821,0.0338043131087181,0.229174542167993,0.0626436955303785,0.00637347624567749,0.0435517166983859,0.0873628840478868,0.0789089306567699,0.0336301073949003,0.19434152724691,0.0386008107946278,0.105055772547737,0.0658444518367862,0.0766577255422729,0.0208366984740354,-0.0389092802664435,0.0965844367134274,-0.00330669455611512,0.0576045846118079,0.0996817177259174,0.0419671931743896,0.055657659436244,0.0555156457474432,0.0725443666014804,0.0361404316785794,0.0133047869789724,0.158019078762375,-0.0560957602476927,0.0170333587162406,0.0775661097588806,0.0894789586459893,0.0231836908931152,0.163233272626784,0.0487760621076036,-0.000627271098649922,-0.000659750189409723,0.0303086636464859,0.0365029872825979,0.0550243829900152,0.0778821042636244,0.105751980733239,-0.0862875518213048,0.0381507105323104
"UI10-00027-Ben-Rotkopf",-0.404182989811655,-0.396141917361088,-0.360834180940737,-0.35699245994821,-0.357871590524073,-0.44326713253282,-0.40247775737779,-0.337917987515881,0.0764718233323289,-0.371670618783517,0.0371617299404173,-0.372259958971762,-0.36574750351327,0.0411952294887673,-0.404737175940239,-0.394449413068254,0.0281158179211384,-0.334721780590482,-0.406914887496802,-0.372117169766284,-0.395826676191944,-0.363596612843308,-0.528738366894789,-0.368240401456721,-0.36052176470749,-0.3903958877547,-0.427548116226986,-0.385449794257228,-0.328446957143172,-0.415930962737755,-0.393654592277651,-0.408296517081521,-0.358312649334205,-0.410067640016843,-0.370756261752539,-0.367804001109538,-0.393289476122749,-0.368351565417894,-0.382020021144292,-0.376888388164992,-0.374922092982179,-0.372808970143339,-0.380912495022434,-0.43694072121402,-0.366598901064425,-0.385973531892813,-0.45040013239049,-0.361217904614785,-0.354381904149251,-0.336993641463251,-0.420863884904127,-0.449283211519664,-0.429441431188382,-0.453200206932303,-0.404768413243499,0.152673471324565,-0.485625496890739,-0.399212637496182,-0.394803749190092,-0.46490966308032,-0.393083783799158,-0.390515895811487,-0.390822659692353,-0.364498365848856,-0.380838973684369,-0.364151930439312,-0.402205838255307,-0.383189645774558,-0.388288471225402,-0.419360585732807,-0.453612241000146,-0.358741978770651,-0.34895718846883,-0.392486138193402,-0.388707465255277,-0.417098803143593,-0.404271346936606,-0.380299739911457,-0.364031496663243,-0.361153669530415,-0.410275701086037,-0.456421963019384,-0.361492177741358,-0.390491915859251,-0.415352781381926,-0.379590940406449,-0.49321100199237,-0.416552805360359,-0.366508632964439,-0.406880658362446,-0.405356403548074,-0.395456163858937,-0.396808189172786,-0.355471071942016,-0.407912939953096,-0.377799662190328,-0.412437423183392,-0.46155507545775,-0.358430116594007,-0.381798096988989
"UI10-00028-Berlin",0.459254893601043,0.24717930752108,0.381468163135902,0.398462077169716,0.408720497882965,0.328258388714899,0.397094392257706,0.317654510738175,0.364764407028925,0.364503097328608,0.216140970753484,0.358679225892891,0.35619579192787,0.337240711221697,0.418452274591691,0.35402472895896,0.321453642480318,0.34413259739592,0.30528123385866,0.369844626550365,0.363164821097831,0.341220132222081,0.33493330439763,0.355417515670561,0.403208425643383,0.330934629991566,0.354695380978742,0.352811392019171,0.370292087296691,0.346979558866017,0.330140223580914,0.375272381638672,0.33827618605889,0.226722963689282,0.357017104555058,0.330301973275506,0.361901977795345,0.416626723655231,0.341557884932943,0.360618577887768,0.343885597895314,0.345184010090304,0.213864414276993,0.289135919855253,0.302533850942745,0.231258330336318,0.198944570992391,0.207946090673639,0.29778778900369,0.347992583493929,0.364375531994614,0.356120242092852,0.349026258193165,0.323488210209016,0.328012895937621,0.350538813277458,0.353271765666015,0.347638541444319,0.333637711213457,0.33244709503799,0.354973398979077,0.359054435685623,0.422776023629554,0.382639482209352,0.42555678249041,0.324862227449154,0.373336810811304,0.349460828847676,0.356510904077646,0.189593775714039,0.385438755192776,0.262729044075604,0.33857966294186,0.367740157894141,0.329344300062478,0.335829680841561,0.343329785846191,0.308469635797411,0.312339923492751,0.328808860954881,0.322201047382801,0.329159571569252,0.341983587989533,0.330236469718269,0.401291531337225,0.388567371804155,0.222161703698957,0.361603200779475,0.319307060665724,0.341945295593069,0.337902878247951,0.348112369670374,0.340259056306929,0.362310583432823,0.351712400552737,0.389394737617002,0.354598026392115,0.349407544530252,0.339742224481525,0.329143277370898
"UI10-00029-Bitsy-Ben",-0.218792365437066,-0.269043903356213,-0.195667864037545,-0.185846429443099,-0.136987070565752,-0.211583420862814,-0.216417503846028,-0.182405996920264,-0.207982522778339,-0.242476823248678,-0.221637233547622,-0.236659950873345,-0.236264744605999,-0.226438744266748,-0.177870826096683,-0.223066113666022,-0.213318725077912,-0.205078992066918,-0.273520157803196,-0.242655751446986,-0.191209664505352,-0.216831351651813,-0.227451700277969,-0.204845596679137,-0.187975269098296,-0.187058285453859,-0.221912193556772,-0.24908626237659,-0.195558414784319,-0.255474764656612,-0.224869237563246,-0.236300189736873,-0.218911205068984,-0.121509839386562,-0.225633827737871,-0.19094026260904,-0.262902758156562,-0.220012894541861,-0.208994913019907,-0.246941074679945,-0.210685965826975,-0.199671382048154,-0.194403234661106,-0.197431983385145,-0.226169348346003,-0.196093520352094,-0.200363124945167,-0.111449788499185,-0.197607759978737,-0.043612454078761,-0.197157579720802,-0.228579326632871,-0.212172828562227,-0.217431609425092,-0.192972831416376,-0.221347116885478,-0.167832293524252,-0.221934269311357,-0.262157827693287,-0.216929361816722,-0.203970470754624,-0.192274450563903,-0.128971325057289,-0.240008245964676,-0.259636849682484,-0.226993389701888,-0.23027599680524,-0.196782617865436,-0.247576463576059,-0.255502738811371,-0.196415945071485,-0.205548323263259,-0.233268044562634,-0.211093199150467,-0.233454565614369,-0.200644467762432,-0.244786166891683,-0.198315538050069,-0.157106745414825,-0.223749883766638,-0.198376038413959,-0.202682549529648,-0.216820770445138,-0.210606813902387,-0.218626999837243,-0.261152106732177,-0.237808944641904,-0.229175933396798,-0.219270589149755,-0.254214737962877,-0.230886842183587,-0.229085613470618,-0.210348721091868,-0.214744014929933,-0.221240512646465,-0.263143687734811,-0.246733758791256,-0.210696153470279,-0.238552627708977,-0.226470163443948
"UI10-00030-Blondo",0.139248698724722,0.108041147817508,0.0902568373694121,0.131981696958277,0.060370391929672,0.07497003835239,0.0594608416789591,0.0396013177269311,0.0645117992648948,0.0916646102147029,0.0441999780441679,0.0804620080140785,0.0862977574220233,0.0701652306268516,0.0945910893385504,0.0582012767321263,0.0846606997487233,0.0519117825683059,0.040467472761598,0.00689827178516669,0.133445845071896,0.0865467738229816,0.0704115274900905,0.0924113744832645,0.12385759575328,0.1003275001189,0.194837328433625,0.0908529867199206,0.0653071767005549,0.111055348990011,0.10296723064449,0.10690446932927,0.124633617261063,-0.016627508501215,0.154838965298014,0.100062518941158,0.106919993796073,0.128397768941484,0.0587230798790809,0.0752968133475746,0.176026707903726,0.0558023149958677,0.0560894634718292,0.0633198809371689,0.114277809022902,0.0861909760803095,0.146215690538842,0.0887669876130179,0.134256698703474,0.109856939403082,0.102854349973651,0.113423356433714,0.121219882832321,0.117443994052812,0.15862285996045,0.120534801730802,0.107779448612241,0.0776358155868995,0.128330786573689,0.125606382886299,0.130588536652218,0.0875567490683836,0.0812658562151777,0.0631900913461405,0.174408420814328,0.0487485294743123,0.125628320336037,0.11199167827822,0.124628777865308,0.101211748277343,0.148973251732314,0.111350816082925,0.0460455450075342,0.0825904791697906,0.0954176049940473,0.0597424380938183,0.0740337607353119,0.124081748070505,0.126364143598424,0.14142098236396,0.060004710799368,0.0741114225954311,0.0951651947546129,0.10665697603451,0.118812960211137,0.0865914558883949,0.0688409348354463,0.108949354209275,0.0976141899498327,0.126182833547974,0.0620328547109691,0.0751808111914393,0.116643208548178,0.0618970178887391,0.0288709222888458,0.0909244243889776,0.0812830682866467,0.0771493322198834,0.0846719417866845,0.101882839062682
"UI10-00031-Bluetenwunder",0.0111421166563187,0.00304010766381756,-0.137124343120754,0.0434951859516971,0.0611109952904604,0.00401712011936223,-0.0480868328970874,0.0099201621051821,0.0416527766953421,0.0176080250300165,0.0058076057730683,0.00512673049941138,0.0582991534286228,0.0151646911910395,0.0246064035970438,0.0292291591655657,0.0225826972072934,0.0423621910829366,0.0143536185951989,0.00214069591946903,0.00562276173288985,0.0350485981766427,-0.00534863120608877,0.0645005027222123,0.0226622974785911,-0.00706892951550008,0.0149244026834229,0.0128313077181601,0.062237299984064,0.0263287596819892,-0.0130398172294171,-0.0401170130499163,0.047293401176569,-0.0645325869891911,-0.0171075048597248,0.0374912406577746,0.0287249594944779,-0.034528960440938,0.0649162119768884,-0.0142702165614853,0.032911331452116,-0.0255940138364058,0.0466798948547491,0.00204798091829073,0.00951235945780071,0.0479732045447057,0.12605079730303,0.0328982889971236,-0.01282664103256,0.00814936482546605,0.0342821569099247,0.022721307826356,0.0204171746412805,-0.031774204036246,0.000655064691356981,-0.0467305748737226,-0.0241852975992154,0.0081874712924493,0.000416714551833631,0.0532080398170811,0.0238423890675671,0.0234457498871854,0.0693386341802237,0.0526963374639374,0.162316826068457,0.0468804271856054,0.0727643987305194,0.107778913783366,-0.0518289627296449,-0.0500254120624014,-0.0148589543026397,-0.120036482610582,-0.039715806017422,0.02889783298054,-0.0620521169565288,0.13315753878612,0.0386297784807031,-0.0245119357065593,0.0189934079634582,0.0743940186301528,-0.0212731026315818,-0.00928553260196037,-0.0405789170080033,0.019548335677586,-0.0672530803170845,0.0553255126634429,-0.0202235719223347,-0.0576567199245274,-0.0494587993563662,0.0229037615039968,0.0268588786606379,-0.0149442803581489,0.0168691996101,0.0325717071547683,0.00928949114432789,0.0199040119768141,-0.0359003938219335,-0.00057329979032756,0.0314240580887103,0.0108735873478752
"UI10-00032-Bodacious-Ben",-0.136610522207886,-0.102017993722142,-0.229627582051123,-0.249589058360308,-0.193094604313158,-0.192216596935367,-0.223861899467952,-0.187760198360374,-0.193401665863278,-0.170789008127664,-0.22693080825507,-0.187336440612963,-0.249435443130319,-0.203601943080369,-0.228398241136911,-0.253321898168976,-0.160803389453731,-0.222231151370884,-0.247171714816307,-0.190823452759693,-0.258856425444184,-0.309286325125202,-0.249309689219698,-0.204367365655751,-0.155338661049345,-0.320906730221763,-0.254063972615769,-0.241252028860951,-0.239873968772847,-0.204064041617553,-0.174760490988108,-0.235834408304483,-0.205038484139643,-0.164653973151216,-0.262661910368392,-0.307950092454033,-0.229205614625722,-0.168984940412966,-0.247605959141637,-0.280466766881211,-0.231600641310659,-0.147849784561898,-0.165637491497268,-0.228213333625493,-0.300761344101028,-0.24757676174995,-0.155427278401211,-0.219014226057592,-0.22942434889143,-0.181575714783447,-0.216158918236007,-0.246753535925659,-0.237385707078174,-0.167511946774349,-0.254267463100127,-0.213704852107694,-0.232458651130903,-0.146400172754848,-0.292129881917198,-0.224654509171173,-0.215265947110671,-0.200568836834354,-0.254355426739976,-0.188333433390935,-0.230772867795018,-0.240857207231889,-0.232408787680541,-0.199755286390031,-0.189266008867503,-0.235019628834955,-0.227557662395439,-0.199532899739244,-0.168208002867645,-0.208017565445018,-0.202236511671972,-0.219164814302014,-0.208556770397727,-0.160896956695096,-0.215288393155831,-0.185678951620229,-0.41632218811105,-0.229033767710082,-0.217471615560301,-0.225578087036177,-0.209469908130595,-0.193905587991833,-0.258376263215783,-0.236711841689733,-0.177070376560296,-0.185005015235679,-0.189851207620514,-0.215608388102075,-0.193353626585487,-0.235604251731939,-0.226471100123759,-0.178863356906338,-0.237874131866846,-0.174867424062627,-0.22255621023527,-0.217784569696284
"UI10-00033-Border-Bandit",-0.00430704629854171,0.00512228307774818,-0.0841090276107432,0.000607753341953773,0.124928921584691,0.00941803217296664,-0.0166868877993146,-0.0231159538459441,0.133984173466258,0.0684973198219866,0.0277315659435516,-0.00535802169617603,-0.0127558766044176,-0.00258395091279856,-0.000724630886425933,-0.0234834734724005,-0.000975774806071458,-0.0565709661161811,0.00961129030567802,-0.000212806734688235,0.00302725277441882,0.00219170093971092,0.00869434759970992,0.208705953533706,0.170277604449201,0.0153321782544795,-0.0161285015804853,-0.0439020995157826,-0.0506682302191343,0.00101066540814859,-0.02080628013207,-0.00148275405222916,-0.00298893827296013,0.145471178714019,-0.101366566318812,0.0109384407646582,-0.0423324647036518,-0.118774896259902,0.0295964453367627,0.0291364589547426,0.20791242832492,-0.0228609377428297,0.213318321900204,0.00149617562999205,-0.0553274032015596,0.0140247497746046,0.238573254998685,-0.064545518692681,0.183639789520331,0.0221727501958047,0.0347209022126725,0.151084869874984,0.157817417258081,-0.00145091895397556,0.0269678868514551,0.04266404178199,-0.0262292357925385,-0.0622248455593633,-0.020102883159792,-0.0951962410625743,-0.00463671622175235,0.172894957941351,0.0241575816853176,0.0678356295712204,-0.0189812592037835,-0.022035148062467,0.146489823865989,-0.018586683388445,-0.0327882442369507,-0.0716922819038607,-0.0591014288910849,-0.0156523003619892,0.014573786281136,0.0308132184939547,-0.0673138867914446,-0.0242948065305197,0.0610983094264416,-0.0600668605041539,-0.103592362135932,-0.0114213628438502,0.0089772103717752,-0.0196864853356415,0.0245963845182814,0.0137913072650833,-0.0124457077567021,0.0480573024580553,0.0359867375169424,-0.0872018789832845,0.139562768956497,-0.00177610395757037,0.0315280094829178,0.0081593515413454,-0.0568018133478861,-0.0456162908850829,-0.0872432120646962,-0.137131561249475,-0.0107649756441206,-0.0873374286735054,0.0156075340998213,0.025621291461062
"UI10-00036-Dixieland",0.0557738561309118,0.0836937354507989,0.0930925061837711,0.0739176405753744,0.0860138481347108,-0.00297579606003949,0.0879581865144591,0.0778098644036556,-0.00861523491907933,0.118457340841393,0.102850520647155,0.0722696355927339,0.0817464328405999,-0.0410311313327121,0.0767209417554868,-0.0115256306052031,0.0907711314034401,0.0681430604386775,0.0647910826120889,0.0861515275151599,0.153115091724816,0.0865196194182747,-0.0037489833812973,0.0997867241082713,0.0473347875068036,0.149709093457521,0.0677721979430058,0.0907730786125283,-0.0691231563291551,0.0597252001451644,0.0580969043926713,0.0772779157141925,0.0611057452383351,0.0859271316254206,0.0779680616373307,0.0550675298037387,0.101617095925909,0.0635506590903449,0.0919339125994539,0.0777530761510471,0.0887046969408652,0.0803602119423812,0.0702317354668714,0.063355503831258,0.0839603337177274,-0.038783627208884,0.103666995438425,0.0794071250188844,0.0762230214812897,0.103629406970797,0.0624793703446977,-0.00557310839628482,0.132207758138211,0.0656485337431107,-0.0315447280653716,0.0600662804571611,0.0811533703404772,0.0975361492047147,0.103221425786334,0.0425946046192873,0.048757420087393,0.0842759622162917,0.0822886607296507,0.0950788124032874,0.0693202663338741,-0.0523204673761519,0.13480473957073,0.0549517417784738,0.0655977183148007,0.0893054579906275,0.0670503761222587,0.0542816055167246,0.163970051365831,0.0667818664110939,0.0685356520843983,0.109192529898553,0.0465565133789216,0.094445797770526,0.0640854911083705,0.183252273425199,0.10436245462756,0.0689436710817988,0.0983745037166162,0.118360409371845,0.0777186992730143,0.112439182718869,0.0875331660314672,0.11703133181376,0.137874102445393,0.0504658402587216,0.0454075176228774,0.0786811473093829,0.0679066307041188,0.102281954821235,0.118503103135179,0.0918360649156055,-0.0349121363809977,0.0657070081006955,0.079811148742734,0.114518512469169
"UI10-00038-Emerald-Shadow",0.233483570527954,0.196108242727263,0.188992289231045,0.242671047473055,0.179852607444733,-0.0953352718489879,0.272234846808038,0.248360872855862,0.247101610796922,0.174491869390751,0.193052716145072,0.193453594824427,0.157268994929617,0.175015769082393,0.215994111194782,0.205437839833322,0.158642672946368,-0.0856173939752287,0.219181365313208,0.218636814819426,0.165075147949565,0.223859025952596,0.206780371764987,0.0954983354081921,0.168988700408211,0.227671536681965,0.189157081441282,0.173875997249757,0.217064472995843,0.206512773270959,0.162780078709452,0.171465875886016,0.244069424409016,0.244763646108418,0.191770066741412,0.262729489445987,0.176713724095881,0.213663210415377,0.221336085746998,0.19677581402589,0.166931038006305,0.21048219789882,0.206357657913929,0.182127183877408,0.240206110438792,0.188847612322447,0.173024972973626,0.188176867002217,0.200866442952907,0.214383595304559,0.182921571339103,0.204227655153279,0.220124321567108,0.186220664380464,0.198318937324388,-0.174823127269993,0.243321253867618,0.173712270480977,0.27547102840684,0.183740420109048,0.262181644547478,0.191328457920647,0.171775239385309,0.206395783792535,0.209158999541421,0.212715698771389,0.264632172201402,0.2031276305139,-0.11687418399284,0.192070183271963,0.184852336303276,0.190498170109052,0.209713897001947,0.189812473535102,0.209651401119035,0.23844514117067,0.145794302663315,0.176792379846147,0.18594313060489,0.195316887335605,0.200935617730319,0.164457862727048,0.236120091568815,0.17554705559545,0.190395200407616,0.201458540365213,0.185218239598639,0.190964214006264,0.141985727565372,0.171075842498927,-0.100710865081687,0.221880748480975,0.190967753589055,0.176641119639566,0.189555240803237,0.173693203684816,0.230262226004934,0.197584162992413,0.168969168234895,0.219823133366454
"UI10-00039-Emmanuel-LePage",-0.153427660737398,0.00908208104524949,-0.0471688409332856,-0.123735650795463,0.0479007462072973,-0.035885988567615,-0.0146769056620347,-0.0149621578341682,-0.000943210452510725,-0.0704309249084791,0.0369396069584822,-0.103545977445491,-0.0793028480249997,0.0525330122646176,-0.00471235526269923,-0.0358715093741829,-0.00647875444492105,-0.0785754878597541,-0.0234195381727657,0.0277007390827579,-0.00396946168862697,0.00267217935044214,-0.00844654168696323,-0.0615622223091268,-0.11065578268599,-0.0246788870661042,-0.00681811944370888,0.00339146297767204,0.0234484836368772,-0.106159812600014,0.00170361879617833,-0.0073560357362881,0.0333056637564024,0.011567402749086,-0.03410464705874,-0.0259419571324485,0.0808413504495239,0.11692541787405,-0.0165433300374153,0.0071251307035657,-0.118610904859792,-0.0983650125978316,-0.0162466150157384,-0.18351031433628,0.0606854232242331,-0.0280238371661907,-0.132738521358844,-0.0451554489441548,-0.11901099916156,-0.00494974237313018,-0.00925953267218724,-0.0283184835047096,-0.0535337176651989,0.100607713694374,-0.0790022003653782,-0.11712535805734,-0.0139825453049994,0.00646692815380058,-0.0329129006289745,-0.146378777487668,-0.0338153300598717,-0.0729218213871769,0.0803014561427303,0.0513246383232534,-0.0281684661319081,0.0607004980785909,-0.01760309430543,-0.0338785494656904,-0.0111545226507384,0.0360364832297702,-0.000410579699242071,0.0289637189475783,-0.0149442504876035,-0.131927690828308,0.0544199106896291,0.004607280970234,-0.223091846759261,0.0670215741237547,-0.00794373490060061,0.0684359524129082,0.0140738926887349,-0.00301783667393478,0.000395132186652677,0.0880494899520925,0.00758126563407038,-0.0138384967491526,0.0166885630790119,-0.0980672641709556,-0.0768541378172594,-0.00905791158362869,-0.0167515466134492,-0.172482936452284,-0.00375224075698126,0.0196814533760848,-0.0555672709543053,-0.0105329436995268,0.10137061622103,-0.0895011769962241,0.0522473521529669,-0.0153811920899095
"UI10-00042-Giraffe",-0.113051182753451,-0.13841282281686,-0.117806222911081,-0.0946098152737615,-0.116179959365847,-0.128656921590959,-0.119627650850297,-0.150340320182345,-0.076264235792873,-0.190739693961784,-0.102512740352289,-0.120819446311508,-0.088117362847617,-0.123178274852687,-0.168635015878051,-0.172632219537606,-0.0986365433737835,-0.0792063547291341,-0.10668959580932,-0.124835055722606,-0.11249137733272,-0.120358569526767,-0.112622403273249,-0.129179265262095,-0.153918853290023,-0.107966416594188,-0.108505366299062,-0.115954710190373,-0.115184182833688,-0.0723260109152141,-0.108421207206076,-0.130938481052281,-0.107283620233408,-0.093471329030704,-0.129062650662478,-0.123205926968287,-0.112286425620171,-0.0925946849558422,-0.106280095266209,-0.158807898985005,-0.158750409770881,-0.0967135811888297,-0.127333925332893,-0.138033580633199,-0.0980902492367918,-0.122564834965858,-0.0996808958715249,-0.160795365590891,-0.132280991868966,-0.102625132494606,-0.117006641349794,-0.124810946834845,-0.102249382513183,-0.136509772652915,-0.112916435428184,-0.145782154697949,-0.137725908828945,-0.0852284976145557,-0.120554663474704,-0.107358205784763,-0.174353486444465,-0.133359595002846,-0.120568297354224,-0.0232532767550241,-0.124211106705184,-0.128567531527092,-0.105391846552719,-0.145993285646667,-0.100778386837018,-0.149731515263271,-0.0972762847328724,-0.141057320272985,-0.111013740812908,-0.140219118958204,-0.106548702643079,-0.14752372408647,-0.149209442344667,-0.128077780416372,-0.110320867406002,-0.137778297839265,-0.112703591156435,-0.131419634598268,-0.0913441258253347,-0.128784392480612,-0.118164745862424,-0.11906444174679,-0.137020062443199,-0.134627036413591,-0.128836009254596,-0.114963366415243,-0.111315984192471,-0.108997945472124,-0.107741134706854,-0.138387514151227,-0.12959031867384,-0.144218052968934,-0.129497623267759,-0.132900590597273,-0.141250163796062,-0.133398428675273
"UI10-00043-Gold-and-Silver",-0.60213180065065,-0.572788863226879,-0.63321361838982,-0.555025747671885,-0.625329279918968,-0.570088784283608,-0.655041782698337,-0.586630350508885,-0.591511704290248,-0.593780032471,-0.367201175269054,-0.555892811390454,-0.583783977022108,-0.583236424607811,-0.601665142637557,-0.593565438981453,-0.740067561735591,-0.608015827158361,-0.4202726705436,-0.368325706198747,-0.387960299802429,-0.590804487677976,-0.593611742562646,-0.588927420321111,-0.652211843069585,-0.557915403223591,-0.592564242198179,-0.577461934624527,-0.310483855694623,-0.604442193674109,-0.582016206663271,-0.594648309244965,-0.553060218864712,-0.600177003457598,-0.610185140011477,-0.57817781685165,-0.598940514153383,-0.609369426069207,-0.606146463686002,-0.647404443461591,-0.357454663105365,-0.591171813421314,-0.61251899505418,-0.610768314235334,-0.575310620540984,-0.6877382706683,-0.619235991689971,-0.645518586839275,-0.649048222868566,-0.604011617472041,-0.605076465640905,-0.586154022920946,-0.597695769301226,-0.601815031377865,-0.59813848230705,-0.581821282987986,-0.603888704414278,-0.565134950694391,-0.667000047727289,-0.596276516808992,-0.650762446494055,-0.579246365324445,-0.586928651435188,-0.644606637797066,-0.353961374486758,-0.591994164929142,-0.551766900128271,-0.606544094484132,-0.650496128822342,-0.586340176555038,-0.645299792957269,-0.609273560109855,-0.582683643062737,-0.619947102190796,-0.634871229048053,-0.56841326137805,-0.595743570326167,-0.6558161293228,-0.363957107549637,-0.602722929086924,-0.636379020352833,-0.610954507958278,-0.561813861417906,-0.61606142250537,-0.692943054235104,-0.604589710970613,-0.608644060624696,-0.449803096956553,-0.574829054637603,-0.38016701434041,-0.60730318661913,-0.612201770635546,-0.337159071418685,-0.556875824296921,-0.592119996101605,-0.562973490641799,-0.287386049497838,-0.567172922782203,-0.629597464482117,-0.424824616645613
"UI10-00047-Goliath",-0.334085775880187,-0.257844112411882,-0.267004975841938,-0.269978056236815,-0.348768556686711,-0.401761978768038,-0.314230484527597,-0.288439981994182,-0.291745635344449,-0.291257540172746,-0.267123856200618,-0.331725458683015,-0.35758088792132,-0.325050183429338,-0.292737377912584,-0.333571034976517,-0.328202522273678,-0.299661529488201,-0.324054099304498,-0.276337149281359,-0.388530966741413,-0.260995709442714,-0.229847665899724,-0.291897085258708,-0.304746828571704,-0.336372158908062,-0.284092635457508,-0.351201776507958,-0.327859044297597,-0.285251505787509,-0.296703468747872,-0.244164590728077,-0.317594805863557,-0.287387875868803,-0.27014905814849,-0.325131300345324,-0.283287466498757,-0.231696149134112,-0.284191507415225,-0.26817464510429,-0.322490810802031,-0.254473836216807,-0.298585232384417,-0.35681706567309,-0.269018267168283,-0.242232313605803,-0.355107884465968,-0.313399942505643,-0.299165468356315,-0.273556979747064,-0.373941056357936,-0.304337950113449,-0.275158247670355,-0.248643830114152,-0.260408939354095,-0.172405955034909,-0.300727489033247,-0.290152527153115,-0.379950065358459,-0.371794903578772,-0.288894540172878,-0.28170830471162,-0.271542010191764,-0.290370593250914,-0.341418962700428,-0.316801633811675,-0.293371564301127,-0.325109016239479,-0.31783919192443,-0.266998111048335,-0.290402581303523,-0.26788404740155,-0.164149614118339,-0.244068385592558,-0.31967185263021,-0.317341460592632,-0.294129274520647,-0.284792328344947,-0.334479979059584,-0.274891556670656,-0.278448094550695,-0.258145505063173,-0.303387710872479,-0.299272840784667,-0.241963644540019,-0.326441194103322,-0.26776595698959,-0.211880458254143,-0.312767902616873,-0.417410593246079,-0.256282577115425,-0.310200927334785,-0.312913781003701,-0.294048791017924,-0.333421819256439,-0.357060627803698,-0.305086891437913,-0.269254388857939,-0.252546065594062,-0.29464222180462
"UI10-00048-Gracillimus",-0.222610313118357,-0.105105820638264,-0.178154411570702,-0.05056868146245,-0.0674414825530725,-0.21146637573754,-0.0963846181663985,-0.115727859733607,-0.0775358258987167,-0.0849948933248771,-0.243586444873952,-0.123803301572136,-0.0889020191165003,-0.0815465829454041,-0.224345821609432,-0.0787344360741569,-0.119114427959921,-0.0916481042122301,-0.0569582275829763,-0.0820118551736422,-0.097958453912849,-0.0456843166682772,-0.0955828602172444,-0.122805374766972,-0.13569280952361,-0.113197628295507,-0.0787887672573272,-0.0855120962765898,-0.0946805553793082,-0.0838093379379979,-0.0446613304037764,-0.0798292599816873,-0.11837759894078,-0.0971179685856115,-0.0324798005511756,-0.0888482385495233,-0.0408621076870173,-0.051835912846379,-0.0885430505027286,-0.10958974577235,-0.0349500720255252,-0.239452776872329,-0.0733562280163902,-0.05163436814164,-0.0691624145501607,-0.069536066676164,-0.108053714553036,-0.088538574527438,-0.247055876995027,-0.10776555317939,-0.0996265518828954,-0.0936212626268832,-0.0857945004416812,-0.123078027920471,-0.1117948551486,-0.0761305112916913,-0.102040742291612,-0.097041052028484,-0.125714931575397,-0.0560736785913569,-0.0863910157558863,-0.0413263540826818,-0.0586050578198225,-0.0494792521825724,-0.0616991275206642,-0.116192204915647,-0.0966831202526724,-0.0853455975638884,-0.0834927250287198,-0.217701678125241,-0.110464808068696,-0.12198038993546,-0.206133187688216,-0.0836578885562632,-0.0947056606432905,-0.155940922758665,-0.0646578236786927,-0.0885160739948674,-0.0529729258105353,-0.0356757838921637,-0.0165596765251193,-0.0953067516077716,-0.113299845569555,-0.0924475721551965,-0.0344381641396771,-0.092780794880058,-0.0631687445048563,-0.101203015527377,-0.0489028630710301,-0.0534597741341151,-0.0380613403637234,-0.123841692462382,-0.102956157400443,-0.0405003150903012,-0.215580906016584,-0.0613409285699974,-0.0394009410555651,-0.0466596482427467,-0.0952105555087795,-0.0554628286043697
"UI10-00051-Gracillimus-Nana",-0.510213381082924,-0.405137737545631,-0.473929302865601,-0.444143004849135,-0.445286984064707,-0.452044925092385,-0.477108227900986,-0.411129609041485,-0.411499650741917,-0.466012455909662,-0.431007918026842,-0.38145817373558,-0.463935375925408,-0.436375790891531,-0.44615327147377,-0.435411433905521,-0.399367966376922,-0.413376628381608,-0.426923060467317,-0.421632085814777,-0.459366933854508,-0.443410756047925,-0.449718243099897,-0.442659310066242,-0.39931576559265,-0.414342638972144,-0.456750222143401,-0.434404287049882,-0.329752882445927,-0.430437362804992,-0.403771646565088,-0.451799408869418,-0.484757939509365,-0.462608395819225,-0.404542023772491,-0.481759342698809,-0.440528185976953,-0.39959916740472,-0.451148116789988,-0.43356530186763,-0.418944051125558,-0.442376453355224,-0.38479901331017,-0.4354189238194,-0.418879206461653,-0.42892866765785,-0.402848486094727,-0.432463593676982,-0.425723563512797,-0.441668032185118,-0.461682613948246,-0.425995069508234,-0.448692717051647,-0.528783124011889,-0.374045686929252,-0.44037449625992,-0.423734019633828,-0.411830699716581,-0.415850355223698,-0.401042355915782,-0.420840375667709,-0.445900561284393,-0.429285070787507,-0.448140033680993,-0.565269722624869,-0.416796703558689,-0.484781971173314,-0.42566310263107,-0.383930051354468,-0.415382691495818,-0.400416705233709,-0.470616354219546,-0.467198752208006,-0.456337291142371,-0.422952343834726,-0.388661046902764,-0.431044053312217,-0.441627273893933,-0.451015096315111,-0.466695631308785,-0.416796234793256,-0.351340849364915,-0.432128833597173,-0.410549494464558,-0.399613754211235,-0.426132377301324,-0.416288712410589,-0.370510330985768,-0.413230763859294,-0.443825412870777,-0.454330430973861,-0.437667893780862,-0.360564551839845,-0.414429239551876,-0.372607508669125,-0.421181590553103,-0.347284032589651,-0.440585721981193,-0.442039730250166,-0.39481512849885
"UI10-00052-Graziella",-0.0456344030625019,0.0358477697094166,-0.0546739885240162,0.00862599215732465,-0.118213693389991,-0.0546530581619898,-0.103473528413977,-0.0347664037695031,-0.0385037223668703,-0.0628490459396008,-0.040540432220534,-0.0692611265816964,-0.0700981775547768,-0.0094404056767725,-0.0764834837426921,-0.0319218281575495,-0.0297030942837869,-0.0444578793359746,-0.0273302271192403,-0.0597414685338004,-0.0185482069348458,-0.0170016371594798,-0.0230050681672347,-0.0285554636577769,-0.055702423291221,0.0124480075378195,-0.0452314598785779,-0.054879728198098,0.00631620854729993,-0.0347975875762819,-0.052028869931377,-0.0546430688404365,-0.0902754299503551,-0.106107024865721,0.00305174575510928,-0.0438607145707932,-0.0668744259403255,0.0492592893748494,-0.0160811899334897,-0.0417337162840955,-0.0248552717446698,-0.0360192689411939,-0.0602914552531114,-0.0802911955103905,-0.051625351541896,-0.0499761631500905,-0.0400730077406732,-0.0907108488879889,-0.0282439577082559,-0.0525078507588204,-0.00761078708676142,-0.0703326022041314,-0.0261175678678509,-0.0126062207803601,-0.0187125917045464,-0.034510566173007,-0.0228514404042204,-0.0478747189685193,-0.0631587466830164,-0.0516920772047661,-0.0624511507240341,-0.0423650946228633,-0.116709893520985,-0.00783349990482125,-0.0729804854646479,-0.0797859416868975,-0.0656391154588207,-0.071700163947973,-0.0485527493803242,-0.0121273526268928,-0.0286663323077632,-0.074478750092125,-0.0710911857781622,-0.0665803957196422,-0.0484073800155887,0.0211298147964507,-0.0689192027448457,-0.0327056966795421,-0.126983048608188,-0.061501779339603,-0.053799405074331,-0.032447491130795,-0.0398549446768552,-0.0387004845961051,-0.0502527882680495,0.0179272033041043,-0.0438132751659797,-0.0375605680857954,-0.0284560593288332,-0.0311157720370774,-0.0319237191878065,-0.0869150841594143,-0.115533182905661,-0.0439906089024869,-0.0799298820033382,-0.0411956237174461,-0.0132120993934521,-0.0199835664412142,-0.0748373698507746,-0.0332126424564581
"UI10-00053-Grosse-Fontaine",-0.0893160563987476,0.0610280358146749,0.0762499019316408,0.0533716689759585,0.061625898872629,0.119155498113743,0.0524018939979405,0.046030971900127,-0.104319328886756,-0.0478274606901211,-0.079125048791516,0.0484661727393697,0.0548303029514941,0.0864457606660655,0.0688362594180971,0.116393316832909,0.0221162004373763,0.0935412971327435,0.0270198739440833,0.0487383688498422,0.0779899071418192,0.0724925890052082,-0.0956532513311262,0.129009336329751,0.0587946733115195,0.0675889247423931,0.104761385364715,0.0549978328592966,0.0719390089029991,0.0186541365381202,0.0552044625855758,0.0736863672139314,0.0927481024634895,0.0819952614267511,0.0572732362713354,0.0159625032417114,0.0553543446647766,0.029491839382349,0.0904988546702643,0.0879874273145924,0.0475785004930906,0.0520112167081994,0.00771008610967271,0.0725535642413636,0.057548614100421,0.110343191985698,0.0778330336016928,0.0766682041439558,0.0437617112093332,0.0908225407058663,0.0645209644339955,0.0681377185185367,0.029588779598833,0.040103407504105,0.0832086368276492,0.0848042108720329,0.0500170501454122,-0.0929489658907283,0.0275186635848295,0.0610419642639949,0.0200372913685684,0.0798356299309333,0.0659974610831205,0.0900297452705881,0.0487699607659212,-0.10817165000135,0.0417194464041746,0.0389697238810215,0.144274758523407,0.103474304984131,0.0306946543492191,0.0416692630205644,0.0269444854919707,0.0946533706384328,0.082541628836888,0.0336144601944836,0.106152103947976,0.0842420861449579,0.0477984809413551,0.054690697213333,0.0799090345961229,0.12439517355915,0.0950429113799169,0.0518438068882641,0.0527666337026034,0.0864922530757359,0.0494596017468867,0.0737342901853587,0.0559350547747467,-0.0119096039106833,0.0781018791334055,0.065477078224932,0.0525179991081961,0.0477723335247623,0.0531368447183988,0.0667999125924061,-0.167043626507241,0.0366568674659049,0.0307564391713389,-0.130889569020135
"UI10-00056-Huron-Blush",-0.224645045111552,-0.0779422508448356,-0.14304577084656,-0.212461938405644,-0.21511173449436,-0.187413562017197,-0.193883047684367,-0.193894650032756,-0.252309298552245,-0.173425147428136,-0.16474573703932,-0.16652607630922,-0.244890660956344,-0.160423381618607,-0.165164375471844,-0.113721114302877,-0.243263694440418,-0.173990930517892,-0.241897150215922,-0.184642022539202,-0.104219736773644,-0.173194327980549,-0.0691125171411883,-0.115428463364076,-0.10290475402805,-0.164949887365502,-0.155969263434854,-0.140006171235413,-0.155533688847188,-0.145423827242587,-0.18159364669977,-0.216000934848768,-0.197758816217821,-0.196207105608028,-0.212624697704415,-0.201027728813719,-0.19626936123372,-0.129948359258732,-0.177114435658658,-0.195144388919782,-0.194352209193167,-0.136957909726983,-0.234610829559816,-0.219427191391637,-0.195519591861216,-0.163546330055463,-0.273923140362724,-0.180521931399707,-0.169172721857405,-0.14300232635133,-0.185018348682468,-0.131974858631294,-0.225750982832374,-0.0943806110887452,-0.152685052216759,-0.176038480199007,-0.203340190465438,-0.200566163250704,-0.156745008391732,-0.15139202796434,-0.153336157440198,-0.220276449809914,-0.183331013008424,-0.159615153915382,-0.156803651160354,-0.183006100334988,-0.201453463496548,-0.134583929525295,-0.0989780487505725,-0.142923110092933,-0.190537389709173,-0.125736659141079,-0.187934614024137,-0.256512833140046,-0.103251287543621,-0.196870227133504,-0.128054252974313,-0.161208053065281,-0.218217309306348,-0.236574974594247,-0.13043018495116,-0.179187349760447,-0.152767162721979,-0.172103680314809,-0.216057703806444,-0.183354125290339,-0.0853622860935445,-0.287025985400073,-0.154021411343955,-0.212979029944312,-0.161549676438363,-0.210519444381672,-0.181846739364375,-0.256907273115237,-0.0824859986745936,-0.165372105899901,-0.155416244657819,-0.170445355466696,-0.18108645081483,-0.176018128028066
"UI10-00057-Huron-Sentinel",-0.0894772148638162,0.0346797475805442,-0.092346958685286,-0.0799414364243581,-0.0232840908284747,-0.111409797663267,-0.126835380461909,-0.111501749394688,-0.0871097162030156,-0.0613122283707998,-0.036119362216206,-0.0964483111976117,-0.0696576500645212,-0.0987900382375156,-0.0635706178286824,-0.0185152320437816,-0.077492376880662,-0.111539332000095,-0.156287953235787,-0.0743080738357364,-0.0960980879742422,-0.0789145652531744,0.00771312528955737,-0.12482184907245,-0.0282253209255384,-0.153436699872696,-0.0995819415340568,-0.0484331665632624,-0.0875392008560971,-0.187083403966128,-0.0460344835320071,-0.0633380510219898,-0.0408448635499902,-0.0969002546478628,-0.0606880862663944,-0.0507639336764949,-0.0611859878745244,-0.0360841258958254,-0.0618321451305157,-0.0784807240944651,-0.109029325316199,-0.223048236077808,-0.102969430217671,-0.115203762582875,-0.0239576739674813,-0.0906347822799982,-0.0836508479764927,-0.0930237634617786,-0.16396124204795,-0.00807008911195098,-0.0866278773273239,-0.0778411145262731,-0.0959389133716138,0.0284996680722193,-0.118637191557364,-0.0649658855102441,-0.101240173984641,-0.112389828794374,-0.103405274043198,-0.042605534755176,-0.125485493189064,-0.115517158218831,-0.100403385906973,-0.157384613350381,-0.0658040028734679,-0.0660522594048631,-0.0693281548285368,-0.0523860814452114,-0.176147702700842,-0.116745682721071,-0.123447092264622,-0.0576080915238221,-0.142226395567481,-0.0471500059742837,-0.103880434584176,-0.0609063634765635,-0.0906407675412396,-0.124649351381408,-0.0238607574383445,-0.0611970175078523,-0.0870876121827056,-0.0896261421769087,-0.0898400050227131,-0.191009614454379,-0.052730870002856,0.0300451777845785,-0.0422044429809693,-0.0559753840982652,-0.202772369279191,-0.0824413627849104,-0.0843924546614711,-0.0488768728223749,-0.0410457437997041,-0.0974701848309227,-0.0179860089650393,-0.0182013427953014,-0.0807195501625771,-0.14222894189235,-0.0653559376684985,-0.148135987767352
"UI10-00060-July",0.205569835538392,0.163845344304511,0.153805626248993,0.145658621246945,0.142163695528286,0.198055876239267,0.118491641354465,0.172741653582996,0.165566325675216,0.143966583486544,0.071377327068731,0.125592894774799,0.154145190786524,0.171529709648928,0.123289554802211,0.129530225216701,0.122340314532365,0.193721578491553,0.186315450155281,0.1621149576678,0.150503225268261,0.155056471921664,0.127964247872147,0.0834426858336239,0.183555058728587,0.191003488951632,0.1983675180119,0.168432494113558,0.116039773404635,0.210885738496109,0.150183079280141,0.159399460430419,0.251556799196975,0.192287155488785,0.0807195448466317,0.15073007356408,0.169122242680817,0.121783712605242,0.153182694170729,0.114900690669624,0.149368883176299,0.199369428171708,0.13056304003499,0.158865874735379,0.1375981886347,0.147933327926519,0.131481043772109,0.130995123810358,0.154283489935522,0.174538294410147,0.155672952638456,0.212142958550344,0.126221837030175,0.186220372375089,0.25755090591045,0.14376105414017,0.163089873195636,0.122516645108458,0.226234295158933,0.128968405942083,0.116703972961081,0.188323898995129,0.151501372810417,0.186788444984882,0.210363629346692,0.169050630304945,0.101408402796517,0.204965274711524,0.160406888205617,0.173060439563817,0.255454986491855,0.166305117559641,0.148865422090599,0.190686604452202,0.223339452713603,0.134279939370063,0.134223732932636,0.186199876528057,0.144158647347784,0.204101809085055,0.119827211218596,0.118611965032736,0.123514655509813,0.143348914432796,0.0936311016206604,0.159352168399703,0.171661967435165,0.136056187901975,0.153633095740777,0.0777477607399791,0.142361287530245,0.136447176742349,0.179846266806456,0.211331900339034,0.189190308234355,0.197810029706061,0.131182434528116,0.110767534390328,0.163148761282595,0.153017678460354
"UI10-00061-Kaskade",-0.102600416519789,0.0262326645712488,0.00454104384490375,0.122012751083446,-0.00521989837512898,0.0475985278917558,0.0398127980597774,0.1010395943821,-0.116743418027124,-0.0528069611834902,-0.0898389001530611,0.00612499335803308,0.046505404152838,0.0144140116516114,0.0378410492432697,0.0288695966362776,0.010680760062492,0.0194654533150856,0.00302213187152846,0.0245651507631281,0.0335201287028845,0.0102755761432117,-0.142929881502993,0.0141741379760132,-0.00102328294611382,0.00810525295026045,-0.00724682746035689,-0.00698361609350191,0.0142983064486302,0.0593800603275034,0.0090745940833215,-0.0246004098282017,0.00990001155791932,0.0000791443273838611,-0.00915179918837448,0.0611325280922817,-0.00161911696284243,-0.00899946666051355,-0.0350372857322864,0.0294653905685115,-0.00522876106979807,0.00765936150212111,0.0477078090651388,-0.026449042876269,0.0311973339874304,0.00568912875309872,0.00587586150490347,0.0418255820415633,0.0913539013081782,-0.0179125723703261,0.00386393171264716,-0.0527000618430404,0.0591296195110235,0.013451847184122,-0.0379648189472759,0.00160692755018647,0.00326210112638083,-0.096051629580905,0.046933440146292,0.0051033180337516,-0.0309715295167828,0.0458850866232717,0.0421314560209597,0.00842330608650982,0.067893716731819,-0.129688602550459,0.0182717831005009,0.0306762954975286,0.00572532237862282,-0.0108505494400797,0.0690155363067199,0.0367022033030544,-0.0224784255346391,-0.0136045367298356,-0.0170885973566413,-0.00152040663961314,-0.0141749873394451,0.0612514142544912,0.0872148425123504,-0.00718955821091367,-0.00125951106850572,0.0116896045096606,-0.0028606255235119,0.0636809859575622,0.00170902386468967,0.115647737273832,-0.0206663982375455,-0.00431651769112806,0.0239099091532274,-0.0280725300585063,0.0219182505746706,0.0164417944098508,0.0801186716942267,0.0030239718658204,0.0412254885669316,-0.010858792999433,-0.180635685827989,-0.0225905113881623,0.0183475316184664,-0.127387346160291
"UI10-00062-Kirk-Alexander",0.288032045701962,0.279434234049158,0.289707859629383,0.300087806020987,0.258663695073586,0.280326204334905,0.262989132114293,0.311678288002315,0.256173314543414,0.292649024912591,0.295837885173742,0.308377284422302,0.339833788146995,0.30376393881866,0.274025357554812,0.292173910778489,0.317159824760329,0.218605540916543,0.363228029462116,0.26352316193897,0.253155109380048,0.233699231036964,0.243178594488117,0.260525645157978,0.302616566705971,0.281296164349558,0.284799781967632,0.182224550421731,0.333113987686035,0.282334052663826,0.306710242486867,0.276267274458833,0.292891385755252,0.331115053942778,0.28250898840627,0.282991186731037,0.332255900600522,0.279481033796347,0.284584418526191,0.322643213473821,0.364174970344374,0.245966685437749,0.267938460862122,0.278022987498895,0.318617094763091,0.251546413279465,0.244287082065019,0.303764188318026,0.262485887115061,0.332447774350896,0.307922175522895,0.267200745652574,0.313242837670377,0.342444546166323,0.295310642752351,0.256862019170402,0.250835459049043,0.250672088279583,0.224954634357896,0.353702497803505,0.20294490031958,0.27806545529046,0.293577903391337,0.276062959261685,0.275814220388077,0.293940047428861,0.355649467935526,0.288201235469987,0.33508554352263,0.235626568124165,0.261918246294224,0.316697451181274,0.289427047497197,0.275188020565145,0.347052563040124,0.276756334978183,0.170402159911395,0.28435127931878,0.271411390876378,0.31259394482674,0.285668051134615,0.325730818803518,0.311270695035656,0.271871031909243,0.27712716064885,0.327250903116505,0.315936113027671,0.268955562915873,0.310460510064458,0.240183893305655,0.275535855976617,0.296498956138888,0.252441000367857,0.294532857343182,0.205818050923702,0.354936046358071,0.23804259398141,0.300360556499104,0.323358059738792,0.298614445192928
"UI10-00063-Kleine-Fontaine",-0.15906031638859,0.0192648905310723,-0.128104279871446,-0.149747675958374,-0.170413229557758,-0.163119307909334,-0.1572130570507,-0.184789503737954,-0.183269611741434,-0.169598548444171,-0.159070483420781,-0.139687207066832,-0.16426310809158,-0.173299814091967,-0.148457350692116,-0.108604748005388,-0.144024965987137,0.0774327884702912,-0.132326212391621,0.00187793412185035,-0.141764795680135,-0.16020199920043,-0.227960680806798,-0.12907924554806,-0.141580962235599,-0.149863806663718,-0.164858761519207,-0.194896496461023,-0.00179363478647792,-0.149896684651633,-0.123472006169371,0.00737535999681659,-0.208025298595408,-0.163582200701228,-0.16207048213252,-0.118593826689115,-0.172675189698776,-0.146522315581856,-0.183312676175089,-0.159447440142705,-0.0598369581319894,-0.151807902453221,-0.121057701609775,-0.17289082699713,-0.152556854210476,-0.152559218026002,-0.000184175513020361,-0.158407297056405,0.0125485725026682,-0.153094355339614,-0.147446916915889,-0.145975636292974,-0.170621395673278,-0.194282535387952,-0.154328218070345,-0.172284845900575,-0.176391871545967,-0.130385835311866,-0.219557374434023,-0.196110161347856,-0.184080672473582,-0.154368712207322,-0.146834606119253,-0.179505000753867,-0.161712314360039,-0.129765767855929,-0.00619791696336543,-0.15759326721887,-0.190228375877682,-0.0274711693207841,-0.14890457247847,-0.133613670295846,-0.142116124796549,-0.167318542220403,-0.147254536796589,-0.153275707531304,-0.152455387381818,-0.13310871501896,-0.178083588123486,-0.164142146966628,0.0747038100680558,-0.15202058992422,-0.146075429106104,-0.180900052567871,-0.183029049633047,-0.159380606146868,-0.140757793437678,-0.129559386172376,-0.153177415837985,-0.190427665674058,-0.129180382213983,-0.14077370053142,-0.175314289494514,-0.131473082287043,-0.159733893350716,0.0214977778305168,-0.155177919026337,-0.149882458005572,-0.15110549623671,-0.175169731477076
"UI10-00064-Kleine-Silberspinne",-0.297454340241474,-0.326096119928564,-0.294641427056047,-0.443239108413672,0.0225110928567377,-0.285309057664613,-0.27183842755427,-0.32125956946032,-0.380090316391619,-0.298575845005171,-0.299480856121218,0.0364274221941412,-0.333819534187899,-0.292699250300335,0.0722454313717607,-0.331426371681028,-0.283227193166864,-0.287231990634717,0.0312588504749492,-0.343904981126717,-0.316691378324208,-0.3352525012283,-0.337031702982676,-0.254059439212737,-0.371024030763211,-0.314011120477964,-0.360993847081204,-0.302661348585395,-0.319271309711145,0.0656900785438082,-0.302563138545824,-0.285898799424404,-0.374463318970694,-0.331396781682714,-0.37940698459613,0.0604953189177236,-0.341104280888683,-0.32990751047581,-0.331778528614631,-0.320916008788618,-0.382718975646905,-0.304346917764668,-0.372205181073976,-0.26878054873401,-0.26945034548147,-0.400156777337013,-0.333126766798196,-0.318793248569229,-0.346614786564517,-0.331337491181531,-0.363596380648364,-0.337799713581195,-0.406618368067315,-0.275861434971759,-0.312173848261849,-0.264628777575944,-0.31810232623037,-0.250259455350746,-0.390949353110059,-0.415518548587369,-0.388448181815123,-0.368514766680878,-0.330377166583907,-0.325684598236265,-0.306405681611624,-0.315760060111254,-0.332871099027768,-0.322550349097038,-0.343819465411291,-0.353449323434796,-0.388219068111684,-0.427559514122931,-0.292287415674106,-0.313713405667943,-0.388609144609827,-0.386424560998205,-0.371010559573682,-0.351882797030164,-0.368880620609368,-0.376079197876266,0.0163346782520359,-0.351522435016093,-0.361124183219434,-0.286901388582892,-0.333105340210835,-0.327374016184232,-0.338214331700401,-0.438976717025775,0.0505796179435574,-0.398300642467151,0.0975236374743852,-0.294519956825747,-0.347813146433028,0.0630900632806555,-0.35717795532263,-0.35678457157425,-0.324461395837414,-0.336254106647845,0.0134154987653307,-0.302624795882962
"UI10-00066-Little-Nickey",-0.0319733321079552,0.0661277026567872,0.0173657742532078,-0.0116333945166409,0.0384734180109636,0.0687788784263753,0.0160034761246664,0.059287153584078,0.027498100752915,0.0249374604170165,-0.0283113341146889,0.0884338280329344,0.0252849009619613,-0.00886657946021442,0.0282406526450091,0.0160852583715457,0.0253722643554935,0.0529840503048184,-0.0030133332383807,0.00869152701844171,0.029366222468372,-0.0314931852383622,-0.00650123470400142,-0.0107958296140907,0.0567135548841761,0.0927399787712133,0.036140618304772,-0.0852574023824908,0.0174047696416586,0.0427607181536188,0.0302997784363015,0.03168241843179,0.0435138007776527,0.0593135265288676,0.0502786358135955,-0.0303510498423206,0.00509447624827538,0.0156546382130596,0.0501585164533317,-0.00840231468731502,-0.00711346207143123,0.000423272120921121,0.059486398274076,0.0857005348222452,0.0407935857809221,0.00084339532775967,0.0336198734787037,0.0481085421461229,0.0358400913836675,0.0218614684766523,0.155564984217136,0.0799782685593705,0.0596296889002305,0.0359718037010143,0.0694244124826481,0.0174744581257129,0.0435390930106289,0.0717094916035255,-0.0263460751863923,0.0710794289641943,0.0360602104284539,0.0288681922358148,0.0410255027314033,0.00160673518589546,0.0504307251405964,0.0655907654343814,-0.0177762956622749,0.0522468810657065,-0.0488810078807507,-0.0264865238801591,0.0385882160390602,0.0276162662757783,0.0549962710888786,0.0128730339637506,0.0183411064632371,0.0121886309122543,0.0958277981674636,0.0502959122854538,0.0251995742720213,0.0759372256514008,0.0680344596448539,0.00252346096072184,-0.0104771604992161,0.0523131261363568,0.0379969400620966,0.0150141440609011,-0.00800346515335181,0.0231347455437047,0.0428018663233434,-0.033360443084398,0.0241225093908368,0.0835957169355116,0.0485100049152459,0.0256089124485983,0.0259138903615022,0.0175320024104045,0.0311126481403749,0.0369945246401509,0.0202176557253776,-0.0142115244809328
"UI10-00070-Minuette",-0.0367113675237583,-0.099490118818328,-0.141788387882732,-0.0778664354316164,-0.0794701418090599,-0.0699338793039092,-0.0828391319868593,-0.159418066358276,-0.132291455051562,-0.0880753647405226,-0.05100888341098,-0.137458649158393,-0.16081048792823,-0.114708158312572,-0.068850153907382,-0.0643563652571216,-0.141520625089455,-0.185631988326005,-0.0938080708381953,-0.124153443205967,-0.0949896810190871,-0.122321719901568,-0.154365427357242,-0.0994797041890286,-0.145378713512447,-0.108184490746756,-0.0163088854118818,-0.0863471529790179,-0.0743671238639045,-0.0870443352827485,-0.113971761167158,-0.0991550802743457,-0.0283869015887874,-0.140400004238724,-0.0892094347939913,-0.0895651723320194,-0.0180751584169338,-0.0719890530613437,-0.0957918308884158,-0.148495352980478,-0.118128299520819,-0.116840031512948,-0.0872892810990606,-0.105525062173092,-0.0980869595820127,-0.0463617912842911,-0.15556104127081,-0.142298763494337,-0.0317919513650336,-0.130599800141746,-0.0174454539045711,-0.06784236103638,-0.11016532171241,-0.142451964477739,-0.112734341796165,-0.137816059534771,-0.112053600668373,-0.116411215273135,-0.100425981565988,-0.0748326002660013,-0.106899498019429,-0.0416445776169771,-0.0240871353368375,-0.0872927154880725,-0.0812638139303973,-0.0982686547820365,-0.0671091411572853,-0.159609791972869,-0.134844633704319,-0.106083879210493,-0.157445849011658,-0.0857791649107366,-0.135617063111114,-0.0635124101177082,-0.143612382925836,-0.0506942837271406,-0.13124430310162,-0.102777113861344,-0.132741661543036,-0.119580124570477,-0.122303514246712,-0.118499072390662,-0.0682217769543198,-0.104098262476799,-0.114688167192447,-0.11359419548946,-0.111657541824878,-0.0785275484127109,-0.0798175910770368,-0.0976971828309505,-0.115593487968458,-0.122092490517606,-0.119768596016204,-0.071650685322674,-0.113336985480363,-0.0748369607496059,-0.0807185252242296,-0.0406025130122378,-0.136189513778707,-0.0960237192849328
"UI10-00071-Morning-Light",-0.235096059682014,-0.157424294167277,-0.168923861041171,-0.191355727142937,-0.126182401102257,-0.196877123509844,-0.178072272471317,-0.161738784132634,-0.177533144305226,-0.257042685909067,-0.240095562355996,-0.133410958372845,-0.175521343876975,-0.149547235037271,-0.225841884032486,-0.21584175404476,-0.101694773208504,-0.183198878005563,-0.142601464002841,-0.183984655620948,-0.242260992112698,-0.144265785107785,-0.212362979897696,-0.195472301627907,-0.181908561583296,-0.15461466109023,-0.176626750776553,-0.185553729636219,-0.203548319003392,-0.187014423686328,-0.17758454082739,-0.196223448577495,-0.216912648778824,-0.135094715981901,-0.148348372835138,-0.125062003520389,-0.168253861071629,-0.197778998395889,-0.212774581904465,-0.144016001245276,-0.151163132871661,-0.238618141574993,-0.15418185320019,-0.156149446194996,-0.158021486424834,-0.184833401455455,-0.177547156458476,-0.176914582785433,-0.266508038439427,-0.175422071900022,-0.167904943038928,-0.154478506788765,-0.160837678454183,-0.135896685800983,-0.179192093849319,-0.168269899170035,-0.145854049389172,-0.146225499004883,-0.15813473258468,-0.216910347326262,-0.206027146523816,-0.18120962981862,-0.184026695105516,-0.168412299917747,-0.207562423223661,-0.109918312327029,-0.165879510700483,-0.208119033478331,-0.18445383518719,-0.208098552815703,-0.175722096221746,-0.176035950499762,-0.191256894608583,-0.16889522573086,-0.180444432640322,-0.155017073296317,-0.166127290495027,-0.173752056413961,-0.25428713072876,-0.186401827605499,-0.15611894909186,-0.164232329537304,-0.205037554166153,-0.151837648625294,-0.178748390929086,-0.161708656186732,-0.184090403279896,-0.143889638944357,-0.198460075397889,-0.177619981890046,-0.18537265858836,-0.14973842072359,-0.131854307999586,-0.196851545611343,-0.209627784013185,-0.143159447484578,-0.186454702966274,-0.174548812291201,-0.168467622223643,-0.130341854330695
"UI10-00072-Mt-Washington",-0.541119757624249,-0.436250811551302,-0.519825711251477,-0.406227457736277,-0.535879064371653,-0.50737949074818,-0.472197811884024,-0.384927710294837,-0.554650763523499,-0.424056971893366,-0.348038767431198,-0.47442792672732,-0.505048843985368,-0.367705003842242,-0.49260919758812,-0.547886223282578,-0.438429758721648,-0.422867625366462,-0.534002979860041,-0.400332167888965,-0.529387249384212,-0.47667797611193,-0.429720717117996,-0.423935535692149,-0.41783339338044,-0.416285717932071,-0.525185903898484,-0.369694715801266,-0.442022779426734,-0.433703231494398,-0.492672890278782,-0.398763101518361,-0.522224487505766,-0.437479099277103,-0.491470215868253,-0.434216840841969,-0.574900018036267,-0.457913823113676,-0.63238019384473,-0.502614042791967,-0.466753923932387,-0.411043292862493,-0.472815646319273,-0.524765104914575,-0.462515624081195,-0.425614040252674,-0.483914238320257,-0.482979301204869,-0.505840848746464,-0.41494886217882,-0.405736105253178,-0.450560442793621,-0.462968864941114,-0.40732751460996,-0.406980584713708,-0.488545959727516,-0.46340106949993,-0.406095928244256,-0.475919552850694,-0.432981501285763,-0.444002541337672,-0.484260964520567,-0.432880186832578,-0.465128873376601,-0.438268646971258,-0.412287115192476,-0.46148109871113,-0.475854364948314,-0.36732124743795,-0.484722887620582,-0.686396327697968,-0.35007275958484,-0.449021191838669,-0.375826744563265,-0.447826664496676,-0.510945255548132,-0.467939014766278,-0.452724953749673,-0.432378661093325,-0.42256154064686,-0.421169935666968,-0.462619283615115,-0.424821301630811,-0.390996311588391,-0.496845012727961,-0.545213188929206,-0.416411798869433,-0.458395871038564,-0.421670441255736,-0.484535594962677,-0.474198174824189,-0.391258337063153,-0.541383474722133,-0.41396321080719,-0.472052619290426,-0.450219679361391,-0.442272599485471,-0.410911316945704,-0.463690696237175,-0.37292311647861
"UI10-00073-Mysterious-Maiden",0.275682257950413,0.0494346617671211,0.208420278850142,0.213238335873436,0.13334007601719,0.240226362371217,0.0503082024619007,0.182358688265282,0.217946901963609,0.458127184587132,0.141536709725415,0.19539787628909,0.172343580413255,0.163625824893791,0.366327765790151,0.180977129876993,0.26391484249103,0.194356502254653,0.252123336624057,0.158187866881949,0.128407994436707,0.155823763868813,0.18985558076464,0.166114668533955,0.165417345744333,0.184041995931951,0.215305255692513,0.161558417211328,0.160358515500822,0.208928055507575,0.164854484685639,0.102969233101522,0.19296837313671,0.207815142997233,0.189136946359855,0.0512345056073744,0.173118430223202,0.209757768364873,0.174840650322401,0.207812753730941,0.141627744909391,0.174506448994343,0.205021517835393,0.269847861117193,0.374813653456626,0.112784919199978,0.199254680442057,0.194039275219288,0.204496440851757,0.175237209346057,0.194494453958861,0.156093637558496,0.0844109325499746,0.349251136618218,0.176683539946799,0.206227054786733,0.105434178131717,0.203199943002926,0.226079015165087,0.151952424022815,0.182710465555296,0.165935247359495,0.153577669914399,0.209459570791105,0.0610324955199384,0.136487399595885,0.121375338215484,0.207591143497852,0.315920244839026,0.214244983467711,0.197139161417705,0.181030364871333,0.233207443636014,0.0571542013245089,0.199858138998845,0.00562347309843504,0.119987989451193,0.241611099388426,0.0730120919879873,0.21531551010035,0.354538814265341,0.264080681519704,0.220768621741556,0.151705550076512,0.162746233867619,0.360057883065235,0.188841887273654,0.164589725160533,0.340629361638645,0.125155585174073,0.158732661507571,0.0468116940313197,0.160568229311514,0.129544587396226,0.146067504748112,0.174001787937969,0.195789000830082,0.173487773943539,0.20187756164703,0.187302350811886
"UI10-00074-Nippon",0.0500610949637285,0.00347619201645739,0.00501866299600745,0.0507061934292398,-0.0043936511554211,0.00505841541900619,-0.0428022118919423,-0.0111143981022663,0.00452584993399191,0.0278586028268056,-0.030027749431691,0.00032947419876013,-0.0226959210428743,0.0470651146679068,-0.00796971932070505,-0.13897227644448,-0.0577823360797731,-0.0554675767290992,-0.0860083816869324,-0.0607672973039321,-0.0676108804515394,-0.0523550386581756,0.0193379747058925,-0.0326887174296746,-0.0571984143140489,-0.019253924389863,-0.00475546471069258,0.0105311608281365,-0.103629123950978,-0.0539277692237981,-0.0209615490560379,-0.0000172000125001018,-0.0594803935477126,0.000350074708228275,-0.0512571541940534,0.0485793951677916,-0.116884903764507,-0.0827374129540692,-0.0891005672375215,-0.0375961470178784,-0.0195966883431262,-0.0296689104462806,-0.0887522442521404,-0.0531662185501518,-0.0764236027092791,0.0822191798456068,-0.0794795635170934,-0.079144995267257,-0.010284298841165,0.0163641015788505,-0.18327908307944,-0.124528262633009,-0.0700160906233673,-0.102011868114669,0.0233902501991184,-0.0037716530981123,-0.0520433481160717,0.0250150203396773,-0.0520128977777479,-0.0142249695834866,0.0132376891240021,-0.0750468631259271,-0.0482105959740341,-0.0418164040469073,-0.0158371642207995,0.00483441254668817,-0.0391536823338688,-0.0129424705961263,-0.031045142883435,0.00796265675227049,-0.0112596470599549,0.0241337528357744,-0.122066178496593,-0.00526729934744692,-0.0537089114132217,-0.0325455612162659,-0.0756865018166712,-0.0151035007262177,-0.00766459990959864,-0.0804019470194331,-0.0142877625195269,-0.175260752393075,-0.0423963806022885,-0.0837550997974055,-0.0183714543382812,-0.0848632435121987,-0.0166998175045792,-0.0277542927906714,0.0201190268392046,-0.0716921358593681,0.0184307283447637,0.0394053478686913,0.0477379723776798,0.00043529905691473,-0.018809268279846,-0.0188219264361271,-0.0179531253298796,-0.0468929884201456,-0.0277225315630639,-0.0412662494925286
"UI10-00075-November-Sunset",0.191996840197102,0.233741369158953,0.13700449124116,0.181844144189951,0.228450255707231,0.173926624460248,0.205898695773113,0.158753193345016,0.156754042707793,0.225251476986181,0.160616929376381,0.169613518143544,0.206599739463577,0.16208103500999,0.208497037215206,0.163454749472882,0.199100910797893,0.155962511322411,0.250831289105401,0.2000725942631,0.204224048506541,0.177792530976739,0.250757139298154,0.234787589458403,0.182662874134235,0.207465602239771,0.191418255572307,0.252335643744132,0.200870764569018,0.146260678184306,0.159657444521048,0.191729060207257,0.165818170597138,0.206427113883215,0.180749848072623,0.12864692164887,0.221599432724582,0.197372583299758,0.215779817466536,0.198330032814181,0.256404522625495,0.218246765400522,0.228704004598976,0.170242298685554,0.190924868451984,0.136849415350318,0.157005139047042,0.253512315145752,0.186083787286733,0.210590557214327,0.308394247053883,0.187970455609744,0.229382427644463,0.161896899687569,0.19509148902893,0.201423828284666,0.251860460917136,0.155785034940682,0.275088272762266,0.173598023253376,0.16591742144967,0.214499171741803,0.140908535944913,0.214111963080078,0.302609044806568,0.210325291254337,0.269847464080593,0.221663078625043,0.175907379901271,0.196849939206356,0.176603253998288,0.154182646382944,0.19289871544317,0.173505218584146,0.251033352839968,0.181543813372472,0.255249477633194,0.168954169075886,0.193183323862114,0.259271594280918,0.202509760685566,0.228712726856477,0.169156335470948,0.172426109143063,0.167615842016067,0.191655351022099,0.20183965429761,0.175761844039113,0.26310019539818,0.249338037995848,0.170602989430317,0.156428746114429,0.170060741971447,0.21339817214852,0.221737988059532,0.257280155370203,0.230476490173676,0.187393822667888,0.232380590340591,0.233898633019874
"UI10-00078-Puenktchen",0.293836702520499,0.27153636547,0.263185606247464,0.297475745445237,0.310770319662429,0.309760199290126,0.322136022839848,0.330242522930688,0.0369955865624632,0.358682639519315,-0.0170729892727505,0.234058636271567,0.25962228788525,-0.00492208839868253,0.320618093266402,0.282792305551721,-0.0284112458403261,0.324499753141663,0.290211984704428,0.344056765880255,0.289636639442673,0.335850718100186,0.295724768943744,0.300643883133611,0.242155875965988,0.322651427696204,0.310174997936819,0.313634859489637,0.281566662649111,0.276555225756671,0.245356815524251,0.337930332588713,0.365157207919339,0.282188137776124,0.283380622447812,0.350877243870819,0.330808429692606,0.333239636161657,0.317074930412025,0.303685462110414,0.281097596728482,0.303311849543051,0.267597348841025,0.253080189761401,0.301918824679372,0.297668212516461,0.283634587333627,0.289870728589454,0.331721215030249,0.297887487823205,0.341066878646028,0.343709173549661,0.314061170973676,0.303947911741363,0.253330628151225,0.117465293791665,0.289000861026343,0.284222367863637,0.335023476901484,0.337155139686013,0.273126811173318,0.299472850459183,0.279187612245675,0.255728224811966,0.337736573693233,0.298004303706083,0.344271954259921,0.285329178678422,0.25176842300331,0.301889554566492,0.304699305427247,0.311947988650511,0.315534984087313,0.300833710116364,0.320083903910453,0.359099952992544,0.332127939894475,0.323450140556149,0.325528116586561,0.323940342873318,0.330643652278945,0.31592396361335,0.32081925136349,0.338053019171806,0.31162147311542,0.305773784464141,0.321608016348744,0.291569723024818,0.336957963239098,0.344316882367378,0.285276554826651,0.308514251286981,0.294453213054096,0.237430187235426,0.327926144455256,0.310426894370737,0.330924343295246,0.272534224942699,0.342896167572874,0.276829262784675
"UI10-00079-Rigoletto",0.0709503851802602,0.0113942699018858,0.0553823458409236,0.0367602939966452,0.0990614530738231,0.0975988619894587,0.112701725970789,0.0625580044276906,0.0787647967238255,0.0448733016170146,-0.0629339926991617,0.0689304879538065,0.0729160132481452,0.0780315590611782,0.0733057190133697,0.0464137362879665,0.0791032040996645,0.047476329622877,0.0558126779158616,0.104694977329164,0.061742024653339,0.0589432643539214,0.128797387202268,0.0534841829972036,0.0385584661290278,0.0744882772094503,0.0275250095005759,-0.0270456782534188,0.032881477550617,-0.0124071713685576,0.0692599921840041,0.0365170116913565,0.0834865472789595,0.0823123121385617,0.067187868497341,0.0979551354438415,0.136906079334302,0.0417309019745128,0.0894013723452456,0.0282788520948256,0.0979634274609301,0.0477779643212318,0.0512195463822016,0.0747680418479741,0.0678848674848364,0.0199626446589746,0.076198344634242,0.0720041080417147,0.0612163756840448,0.065226154741547,0.127245614904647,0.00776036929379368,0.0460059982319709,0.0641269694422883,0.0655239314218753,0.0367660842656841,0.0997394502363681,-0.00150871726717999,0.0327667343186907,0.10303534296207,0.0869515099563014,0.0741832940399529,0.098746541574724,0.0819925860395647,0.0620857372785554,0.0174848627180619,0.119192665526159,0.0624823432896187,0.0402483464200936,0.0564390659435628,0.000923130566698141,0.0456943613067887,0.133847117536251,0.0700394723305309,0.126719843854602,0.0521075802191538,-0.0247740457927329,0.103554946140009,0.125836511139465,0.0556445850277065,0.0700084831848916,0.0493274339875843,0.0768162525434444,0.0248353116138828,0.0651218000642001,0.0473582737529014,0.0456839537384834,0.0264145634487309,0.076559668555898,0.103788840075999,0.0772778382017183,0.0539453888674809,0.0961778259658894,0.114292936107652,0.106145431936663,0.101130511154759,0.120753194365758,0.0761474995331328,0.0346980774278774,-0.00194019840851555
"UI10-00080-Roland",0.278890326070082,0.233185322153366,0.257276477712614,0.290694212456509,0.300532996455843,0.31229069897543,0.197121475043969,0.204851972808958,0.178944152926422,0.20864160045783,0.246032900192314,0.224332548006846,0.228275655965929,0.173621039729976,0.173121947621222,0.233190100778462,0.201499706145021,0.212650450129592,0.237146416316938,0.16729684456833,0.161351817425874,0.24402972618967,0.261993208512534,0.229970268920198,0.317621901675976,0.200582942772174,0.233558542171961,0.184840567330929,0.0927000660050963,0.235338658039383,0.242384265796539,0.238903263045019,0.152636772129076,0.240929138178988,0.234801319925667,0.207479467537501,0.194626673577905,0.293110775533871,0.136430898138544,0.1727235217054,0.237896265936177,0.245055926685773,0.220703073499278,0.22546785307617,0.212114833997855,0.192092769569139,0.182458746601621,0.27684026256965,0.224932077749783,0.176348744211216,0.205288097596465,0.2319275444669,0.153235290053423,0.18385959147854,0.190429580643848,0.222195046328833,0.238902149762324,0.173644080450689,0.273057063221204,0.258663217905586,0.191010383594114,0.166977634805215,0.302336519191155,0.183074874290248,0.279058673024475,0.147800206682333,0.17761589803794,0.247964834713579,0.250415928527885,0.169318731626461,0.201448823822131,0.270545766703397,0.23204239455373,0.193945096558424,0.224911386168772,0.192454123227892,0.21342863180528,0.184806418468555,0.242799270625355,0.193686789559411,0.196961623275473,0.319477460022972,0.0810624553576889,0.218847853664714,0.3234160443947,0.248620108988814,0.219520191681377,0.249130595046714,0.181581170030528,0.188124371905293,0.207424630835545,0.179276064474997,0.207067094039265,0.229040384936123,0.204059204843487,0.245322168318106,0.203122137304578,0.195905193187177,0.229924617903517,0.256603132954492
"UI10-00081-Roter-Pfeil",0.0285103168074314,0.0927465495281629,0.101187856618991,0.0460871283681844,0.10774212104283,0.109512696251679,0.0974966120647057,0.136543730068359,0.038860357092342,0.0788021069135963,0.0983455214229945,0.0667574122194423,0.101692316824047,0.0723446970172181,-0.167786682624117,0.0802308284095355,0.153584782730397,0.0938382579672438,0.0671747348399253,0.160534956860167,-0.252140508480797,0.0595258638193982,0.0947743665118184,0.0793256058657121,0.0510842317444013,-0.199103660111464,0.117812450793817,0.104553129877064,-0.187538894028221,0.0474585357310871,0.0105509664300001,0.059999657747245,0.112360491391584,0.0395444802556502,0.0884453934487059,-0.135096851077846,0.0708608775957158,0.0508754278846228,0.0495211577901616,0.0632363855897757,0.096518720297517,0.0366330685041401,0.0984543014521127,0.10417032767112,0.0523341313649647,-0.210101777048177,0.0702661735329027,0.0736728582186544,0.0861194475134601,0.00481862278832803,0.0637920883022383,0.120346751163764,0.0811388022640063,0.221345906804038,0.00707471838946667,0.107757092624424,0.0520838344730133,0.0714382781694199,0.0697312266256612,0.0867716154862274,0.0737223521189176,0.0549346739010746,0.0552717511189436,-0.168088342802651,0.0720984944044185,0.0614421221964867,-0.254443036061551,0.142293092796755,-0.175521009343733,0.135830841266653,0.0594844901236835,-0.167113898225892,0.0647918467089899,0.102238858416675,0.0780958869119724,0.150030564675516,0.0817668697748637,0.0725949259941022,0.0625091996055766,0.0715055694896855,0.114382607035394,0.115173698114572,0.075829504877123,0.0690065325890173,0.0324920180847026,0.0493083914787651,0.0700791619504126,0.118965458471979,0.109128554803774,0.0772645159910706,-0.209231327144199,0.0506029259393715,0.0468167581984933,0.0523594489059481,0.0989832659278526,0.094347192817685,-0.224428851005173,0.0415956231491376,0.0465834082156195,0.0278040717319097
"UI10-00082-Rotsilber",-0.284015893884602,0.0427720145297731,-0.266956235179325,-0.316190244811789,-0.286143872431959,-0.274084073160783,-0.279995959942737,-0.291864549314841,-0.269848931121772,-0.277721600258989,-0.304785071330019,-0.297749996262508,-0.263101981848721,-0.274288738474143,-0.27176551487634,-0.287725672810391,-0.293638906830812,0.0767474144226197,-0.283347857800994,-0.00557609188206853,-0.293826524019215,-0.25409188997769,-0.307139168002734,-0.296865234352368,-0.308762352871152,-0.261341733428123,-0.288990361036488,-0.308046095639095,-0.0100375330268918,-0.283041935314269,-0.340742202725742,0.0176932357205322,-0.277298237837517,-0.358953218454989,-0.293299000562452,-0.278103294842367,-0.282459336254855,-0.280770961278205,-0.327805349032193,-0.317731291758115,-0.0493355409772856,-0.282810140782954,-0.278423881234518,-0.265486611195273,-0.323476353398856,-0.315543764809921,0.0189388324422181,-0.307675702896039,0.0180196187273001,-0.292934730589745,-0.27723353170117,-0.270795479380523,-0.284732442651184,-0.325645150246715,-0.305540477689089,-0.277402121092807,-0.268812736889953,-0.297417262630499,-0.335374718182461,-0.273098110683471,-0.339689408730815,-0.318341378755867,-0.281302316484068,-0.271953410942947,-0.26588340427181,-0.257463233973853,0.00358401350571815,-0.27524089490727,-0.284704143512962,-0.0197252426442293,-0.281501921236423,-0.294039828703826,-0.323250896424103,-0.302207592719083,-0.296425223052947,-0.291435940669001,-0.280585857968203,-0.320145722043523,-0.276592449189141,-0.298310650614141,0.0590554412766413,-0.328734613467158,-0.310830197427759,-0.298165294164903,-0.281542285601641,-0.269609965098758,-0.293436994131958,-0.304350132794667,-0.252472273126885,-0.271220295800907,-0.344003265116459,-0.304054688903732,-0.293373775763537,-0.325372175393564,-0.316872279552925,0.0370386193654414,-0.287440605827423,-0.284732038422471,-0.288055250869134,-0.250995744947721
"UI10-00083-Sarabande",-0.705809013630932,-0.716552602874785,-0.694966462230306,-0.718966868278876,-0.707460206087613,-0.730174879885405,-0.671721409265756,-0.709842686674042,-0.741887305605159,-0.737418128198091,-0.395864670736622,-0.780164023420209,-0.753465004162208,-0.719399620622353,-0.814084675465678,-0.758831866854996,-0.721066078918155,-0.69655888899176,-0.445536683871956,-0.382325646160939,-0.386217042848979,-0.752786334970779,-0.73287589719427,-0.706901608152745,-0.735132617949301,-0.703806240395981,-0.745871439961049,-0.688640864628319,-0.321795499489452,-0.738919934726719,-0.762041049123793,-0.762020259948665,-0.814781653415104,-0.691053882387665,-0.737162511311478,-0.717184406178317,-0.775689226795729,-0.756118509335328,-0.818592555206121,-0.726355625590019,-0.383737429448036,-0.714942785166225,-0.684243186119188,-0.681816254646225,-0.731688146053009,-0.693639771084938,-0.72921054255809,-0.723234488655638,-0.70354321087429,-0.732369165595102,-0.716699142929813,-0.736196322582669,-0.7123026962214,-0.675939768410561,-0.755191720353287,-0.747713040133693,-0.718470249466416,-0.745983655629957,-0.695057174623837,-0.733002133332692,-0.80065374329618,-0.740317798110134,-0.716431419652563,-0.703098390476761,-0.374774696725199,-0.700460306320042,-0.693016163438247,-0.71404414468667,-0.718441140117928,-0.780199700246382,-0.727251892196901,-0.723140480048666,-0.771418247597229,-0.745113487159744,-0.703013191114383,-0.735194385524739,-0.717838307242818,-0.732935573486191,-0.392439165390413,-0.731974872015979,-0.704703077192267,-0.720348951043805,-0.774545412635094,-0.665267826256493,-0.784073577576148,-0.697254228364388,-0.744720705398813,-0.47358149830943,-0.69949008259237,-0.410006052963685,-0.697508852384521,-0.754585754084855,-0.352985594750735,-0.813622573437208,-0.634759623255079,-0.744381176449813,-0.297706065534768,-0.822838613690362,-0.715920121647861,-0.424864545208877
"UI10-00084-Silberfeder",-0.0249885339172265,-0.051685831003521,-0.0139606894272865,-0.0103788564999555,0.00713120264611855,0.00300174830830323,-0.0593331075197138,-0.0337105448086694,0.0238015538659482,-0.0539699336705436,-0.0339748239470953,-0.0532962784557721,-0.013879304107171,-0.0170862815942589,-0.0134969123258501,0.00588987449981461,-0.101041338161519,-0.0472649835251239,0.0359325431582025,-0.0917479720586575,-0.0403452453906982,-0.0141731797443457,0.0187886728695832,-0.0366308482352269,-0.0608185519701584,-0.0338906961032203,-0.0630503186112923,0.0137009982281251,-0.0538844571964294,0.0238380831915541,-0.00617394147722402,-0.0454528969703826,-0.0452595339078951,-0.0179693550166989,-0.0977900025983426,-0.0633126052627466,-0.0360923100270967,0.0417419839642966,-0.0385176578529622,-0.020485208444475,-0.0521179580226163,-0.0323881023247664,0.0164493270252257,-0.0258657629825545,-0.0467761071661993,-0.0402278693516347,-0.073541424447664,-0.0433496732686546,-0.02003780160151,-0.0499114847412949,-0.0244991638090058,0.0242023693091718,-0.0311181763057561,-0.0208625300114934,-0.00194000313253881,0.0376479797048877,-0.000210489188511324,-0.0299219487901813,-0.0444902644865693,0.00350240353688466,-0.0442509597784024,-0.0178368233590492,-0.0567181237121641,-0.0202150050400946,-0.0425402841481621,-0.0331926034736552,-0.0562381721066612,-0.0375133461821611,-0.0215852985925056,-0.0305800310770827,0.0122734771583274,-0.0422795857954175,-0.0187080524529,0.0207798740261552,-0.0675134366618183,-0.0587632790549748,-0.00340898547745922,-0.0129004466221756,-0.0288648947591312,-0.0184759591140122,-0.0623579967584334,-0.0431834337788131,-0.0370613143265075,-0.053781291287454,-0.0501205346465719,-0.0502745984205194,-0.0239056022043889,-0.00990342735956988,-0.00270814083919634,-0.0315618275688765,-0.0445228074828381,-0.0439321140224271,-0.016344747858406,-0.0740252961549942,-0.0269853532804542,-0.0584365293245184,-0.0391280025590482,-0.061686486965992,-0.0474844572887012,0.00948485430935931
"UI10-00085-Silberfeder",-0.0918221346916696,-0.0843523905298926,-0.104246058728309,-0.119428106000762,-0.0486917852098803,-0.0802847631667223,-0.0925545526969281,-0.202415435171979,-0.0341074453627053,-0.0325759418926398,-0.10204051168116,-0.163893079880305,-0.0796049925189659,-0.0554202519439784,-0.0412567206297291,-0.0125552647570932,-0.0460648326921603,-0.0634949234305374,-0.148291410052167,-0.0642611615660877,-0.0751162075110263,-0.0777496072899654,-0.0990034649177043,0.000782865149427298,-0.0339673791280527,-0.0762093754121863,-0.00541003180283899,-0.128869225337863,-0.0150816970384262,-0.090398655023788,-0.0639947283204277,-0.0844571334396313,-0.0269742376592628,-0.127760447896617,-0.0833429076630547,-0.0570357545881783,-0.0493778480614809,-0.17782900680544,-0.0886855443404729,-0.043326739394192,-0.0481148287815308,-0.0754102448277524,-0.104153542561911,-0.0499576728141033,0.0117872335346695,-0.0835448474535521,-0.0654286052450365,-0.0560236214488505,-0.0446860453912233,-0.145143211531456,-0.0611994132061494,-0.157814767135542,-0.110014332478723,-0.110051508437112,-0.059595347173762,-0.120089601128602,0.0367119132638584,-0.0415326362406762,-0.0626805265061773,-0.0305112631211921,-0.0148026197377033,-0.069419626267762,-0.040680691429748,-0.0567154343257191,-0.159670534312548,-0.124541330370696,-0.103846581029409,-0.0846439374064784,-0.106656008074382,-0.0433620954594799,-0.115151463763516,-0.0555492089122971,-0.134503097417375,-0.0565741526319979,0.00186010184673208,-0.028446001051646,-0.0736337788018284,-0.0658154654840284,-0.0061555589812268,-0.12431131576917,-0.297923547875153,-0.0978098694035045,-0.0745771369551761,-0.0931129247582038,0.0632405319110585,-0.0375878646780928,-0.0692633183140976,-0.0696323431930172,-0.0432655575197702,-0.0699544413562201,-0.0136797002103529,-0.0136062838680118,-0.0451339306302344,-0.107428984753626,-0.133841981179566,-0.0517813957602073,-0.117584815160813,-0.0945884824568898,-0.037335709296396,-0.0761708762676121
"UI10-00086-Silberfeil",0.0838084936991276,-0.00586420628803164,0.0910752117636619,0.0527080997984264,0.0699729305385503,0.0702993413258407,0.0753038277951427,0.123992840442777,0.0673770755853302,0.0199639891208539,0.00352709849264484,0.131560550031632,0.067183515622071,0.0712243241639084,0.0713886880879242,0.0595440713691734,0.0808428314855014,0.0116955254389894,0.0508687782090439,0.0568446354803396,0.0388323289245755,0.119899593690178,0.0510861459751052,0.0771244248625639,0.121400385895688,0.0278063779785131,0.0666515101650601,0.0541156675941989,0.00471536361295002,0.0629962040842753,0.0523659868270989,0.119176859205277,0.0233877622703946,0.130938265260007,-0.0909832098191398,0.0798225458415854,0.0577851784930511,0.0494663991141878,0.0436974630326474,0.0894049812389941,0.0515593979500575,0.0864102441449432,0.114157605819954,0.0250537877405741,0.0627519283667609,0.0794672372869768,0.0804953177186137,0.0508592016279035,0.0725758255409322,-0.00589251310954787,0.0833349036866966,0.0935849375167208,0.0324272196749848,0.0427749010105234,0.0210096011267489,0.0354689696651101,0.0311583857999567,0.0986081381008257,0.049082600732404,0.0747940281394723,0.0536787434368249,0.0775335547914307,0.0625146366830375,0.0160305011500777,0.0434231653094739,0.0758035537952542,0.0934751709228143,0.0424629182114349,0.0672369580850394,0.084786622923556,0.0477425273568671,0.1361189561748,0.0163815073427538,0.0481917330408807,0.0407697405456473,0.0276587562544709,0.0510726532823043,0.0603523652778453,0.0688699194445749,0.131324791810276,0.0690459266292157,0.103347475700057,0.0435263940054476,0.0985920491808875,0.0736020001142408,0.0564745606646636,0.0880997048147549,0.0527653306261523,0.0573211124193523,0.0895216083015935,0.0527928135140551,0.0806694607970493,0.0700554017719422,0.0356858530216227,0.0959121584014486,0.0344334929712828,0.0280263901492502,0.110315306515021,0.0947690432252341,0.0544177207629313
"UI10-00087-Silberspinne",-0.257326391501263,-0.281461446594229,-0.148988835828461,-0.263985450607209,-0.238384734633043,-0.236480504498085,-0.191122330127479,-0.197668765197041,-0.271664208327669,-0.231413037159296,-0.147835431865575,-0.190131308619604,-0.237130961774035,-0.173739410955054,-0.301086569327971,-0.179289001260243,-0.201261949644352,-0.252296858627437,-0.148778092509783,-0.249024885145641,-0.179808483408052,-0.270352208264805,-0.202328979900023,-0.145795663811345,-0.202749338356133,-0.20180681884778,-0.257171687603123,-0.22377147224151,-0.228369118663089,-0.107306642507404,-0.21109862268858,-0.178351410749509,-0.221570525281377,-0.191524518420511,-0.198619990767158,-0.256314856438616,-0.20490099727759,-0.247760871057855,-0.257824627110298,-0.240094547822724,-0.208930813121122,-0.21564833454277,-0.227039615897955,-0.209090025761029,-0.181144845095271,-0.210289867712959,-0.138502158999542,-0.194050842805753,-0.226989745391651,-0.207480555077028,-0.170646532289429,-0.217558895925055,-0.24518372859594,-0.254820755633012,-0.238361785813587,-0.193529557533623,-0.18900820268314,-0.223513877415929,-0.229306095619457,-0.190463954566047,-0.144234967242131,-0.236629558702981,-0.228761664798549,-0.199256285180265,-0.268229855838192,-0.249414072300779,-0.209815447650034,-0.19299557459917,-0.163668152939033,-0.207963286133303,-0.225469499436506,-0.167609083111998,-0.179679095695579,-0.16101125782189,-0.233894637161743,-0.306606140058286,-0.251321530417604,-0.198987728958113,-0.253977420252288,-0.220906262172426,-0.244119705946345,-0.217886338130593,-0.184639868345539,-0.15963764349826,-0.173236981136809,-0.215037597496813,-0.225387427071358,-0.149605054430243,-0.206028388060574,-0.197312929616356,-0.209733059114963,-0.180783989010073,-0.147005212568322,-0.246499715473196,-0.209010943909904,-0.2004057640146,-0.128958651457779,-0.178093203961697,-0.191721278574912,-0.22684397244739
"UI10-00088-Silberturm",0.0737810415671851,0.196723282243957,0.0837837365780376,0.0958037471786756,0.0451482788568543,0.0650760716997912,0.0145826741792563,0.0469772189975782,0.034262855828652,0.0629439329300858,0.178980066446903,0.035168959609706,0.0613704382360201,0.0326794932108161,0.0465653311715507,0.0454872850222703,0.0602416660939805,0.108065849832073,0.0736522913907961,0.107469601065904,0.0696846698876431,0.00219758065141835,0.0399779507253485,0.0635961414424936,0.0473067720206384,0.0652100654593204,0.017024139584522,0.0690469950255492,0.0723721697933203,0.0656790212942565,0.0801337027661577,0.0791322755751428,0.0659604673690724,0.17717227016465,0.0527587402527581,0.0690080100613501,0.0722944936357104,0.0161021592016489,0.0903279499542916,0.0660625568328733,0.0587488942300811,0.0371702697960533,0.163893413930373,0.0715039532636984,0.0564677724459264,0.207615363665878,0.155664493731287,0.155651400954542,0.0531431370623697,0.0704540453744943,0.0678464476254638,0.053411925331608,0.0478001175814426,0.0198529040310433,0.117919445893202,0.0419342606543833,0.0515069768366242,0.104028726785518,0.313497859955718,-0.0115939126080411,0.0758174377523269,0.0577936268909103,0.0716993192236067,0.0796121231503902,0.0584668663337245,0.089372006072573,0.0708795604091781,0.0745115351053977,0.0636523191879054,0.153500392217303,0.0842875335970319,0.219581685700711,0.00867840634256058,0.0631452357758346,0.0895180174706215,0.0532184510903778,0.0270240935211164,0.0664015851693934,0.0194867317921334,0.0754950660922204,0.115115339819143,0.0169297435364345,0.041491322558789,0.0440514096272768,-0.00101271112743003,0.0400684606510774,0.190338081828582,0.0402690142912583,0.0298213865042904,0.0863454273805193,0.0672606291286982,0.0675780171258958,0.064679494866461,0.0526002663669106,0.0587638206015067,0.0915449638488401,0.0386626551771775,0.0595159935477103,0.040983140900997,0.048302799399194
"UI10-00089-Sirene",-0.26842818694292,-0.257660012389504,-0.254757002332778,-0.253516479795415,-0.283098143554872,-0.244730163822306,-0.245205948896879,-0.226152596479026,-0.211017937151958,-0.248760460793781,-0.243865133687247,-0.230568288546366,-0.266483964944265,-0.232876185400211,-0.165352814013323,-0.272029603484507,-0.246849816139788,-0.230764739538041,-0.21414740533659,-0.273664535247048,-0.246897655289757,-0.284351851502148,-0.285660376396369,-0.244654452309151,-0.207388582065227,-0.200005147728608,-0.239640276930916,-0.20995270445522,-0.193838502155473,-0.233408263155137,-0.244892107196461,-0.234104085336436,-0.232961513935525,-0.257497294024779,-0.261738522066093,-0.114732338079681,-0.234501640232149,-0.248063578799574,-0.224340168852677,-0.256999299644188,-0.25183352555603,-0.262697952580069,-0.280192367917447,-0.269992872180611,-0.216930878898267,-0.211914579322623,-0.23647246201332,-0.255353920636518,-0.274765836304428,-0.27314320795116,-0.2904672112958,-0.242815482117926,-0.260637713305107,-0.224285814878609,-0.224639693305996,-0.244960551328948,-0.258738897561102,-0.248774133610207,-0.255437517518913,-0.252401920811696,-0.249056934335082,-0.291530560560603,-0.249714061003143,-0.163111305406504,-0.246089929305317,-0.246494778867528,-0.251702686899565,-0.2800265553509,-0.193812244150256,-0.276378235951573,-0.265568946923714,-0.169613634679143,-0.258356936894364,-0.242523750065301,-0.260354244081338,-0.264829216611025,-0.285011957795915,-0.249887549305783,-0.249412016173715,-0.270277866179583,-0.285710650532591,-0.231925053139769,-0.260731923117304,-0.269558125892582,-0.221516606576385,-0.254219803159752,-0.266333650139191,-0.244199531085055,-0.244106265021677,-0.249878388328395,-0.210620270072096,-0.253449499342465,-0.276810981151244,-0.248608429513737,-0.204341568407019,-0.261185017252814,-0.23153733961548,-0.24371921451051,-0.260127879831384,-0.245395848518192
"UI10-00090-Stardust",0.168230030994705,0.0318941685568846,0.0267167790864675,0.0400154255563941,0.0637416773248347,-0.170915823649801,0.192977014247462,0.0603139668164215,0.163291160648753,0.0660131612732095,0.0370311545140192,0.260049937783266,0.0553086302123672,0.147341688997685,0.0170686461532314,0.0695274044038289,0.0123811030734503,0.050314960997055,0.0807223701368262,0.0292471376295381,0.0350893577860946,0.00228342695029498,-0.0707359045334576,0.169588937011813,0.023122650029888,0.0640822314791593,-0.11664240425268,0.0675131481901763,0.055764555578597,0.234062705553454,0.35396142627379,0.0444221240252603,0.0367800420105565,-0.083818183194593,0.0902764137638675,0.0316820159918577,-0.0162441298928883,0.162419140977591,0.0507650379052091,0.166285655830554,0.0153467507522894,0.0124673322640784,0.0447049893896653,-0.111454763848653,0.0773799029960682,0.0487711666328928,0.00763745469666137,-0.00763785660840855,0.059747300084162,0.0214038706780337,0.069479149128774,-0.135379370462778,0.0899651914816432,0.0562662784244795,0.346832922317568,0.0506060138775345,-0.15714181688671,0.172516865723245,0.0249947453866426,-0.153161264327942,0.0678063322057249,0.0791144016855256,0.0368672114147333,0.0739697388600321,0.0453584834631496,0.0777170802121672,0.0325845656087068,0.262072452748969,0.0375030774774421,0.0235984034526249,-0.1205846299543,0.067805431625482,-0.0200637094546308,0.0306143780350706,0.0323009766570308,0.137808812231075,0.0476017462933261,0.0486323213071072,0.0231904402025978,0.0563758049160875,0.0257499527187531,-0.189084294598881,0.0582199041669848,0.0361192379725182,0.0615379797944172,0.0586404722983027,-0.0974515520051359,-0.19147717228364,0.0578713654731345,0.0399170354748501,0.0380204184374852,0.0564637690786731,0.0385486691615383,0.0386648829717622,0.0874458981744809,-0.0266704402715847,0.0327372232033999,-0.121903044014786,0.0721218948019468,0.0746206342151714
"UI10-00092-Strictus",0.316735376645663,0.230774597771831,0.233467179712964,0.245019896094988,0.283622613001426,0.432779430950393,0.249164095075549,0.317688549561065,0.301770563262054,0.325448969496598,0.234958514192864,0.254345720334536,0.223541886882382,0.284277785596105,0.333860386797787,0.270157224836457,0.400767613275742,0.284302060468707,0.327342131757557,0.274003232391953,0.320224019447681,0.274233898034365,0.324604961932938,0.238249324998837,0.267258151667333,0.417689538420534,0.116424496093329,0.347340579956443,0.27406203205662,0.303661600337551,0.287959349677195,0.280654734533418,0.27612577307282,0.282397619359718,0.249295768845145,0.352653823735019,0.205939475157816,0.296364516869952,0.309294353804147,0.268168952114014,0.365416947945,0.311980241179841,0.254657009063912,0.266469476437726,0.302501494718892,0.177102061024865,0.306243807463388,0.308122373786883,0.307388072542991,0.23690752587566,0.312377198489092,0.367896179282713,0.29668977656677,0.315723720598216,0.300411698841466,0.283920134172506,0.337705425591511,0.257163084586878,0.297299551759978,0.281117424243069,0.225434947512721,0.306444909184912,0.250308065958969,0.319149267825502,0.32305348543246,0.308456477305797,0.350906149413691,0.143337743651735,0.32695696471915,0.323916200846489,0.356784180337803,0.335250159713287,0.273192843708378,0.275650280304395,0.305692490112015,0.345805833359285,0.280204952582185,0.416585110338623,0.215997024423624,0.388710411266544,0.29755697355853,0.298017450311943,0.299239021320796,0.310223943474024,0.236455993321079,0.274367977197995,0.315039485838674,0.290892948502234,0.337361196749623,0.3045430809325,0.237922536503225,0.333353187281653,0.292834175717265,0.251697934674628,0.330885246637528,0.327504195890145,0.447890492654312,0.314831967064851,0.26440742373963,0.225520406159078
"UI10-00094-Super-Stripe",0.117155785343037,0.155827997130588,0.114035793993923,0.137121954528534,-0.0417760479772968,0.119130409285544,-0.0348159293199621,0.117126911030717,0.113729979014621,0.0903042310669981,0.082776277048528,0.117711235475333,0.0806677499458478,0.17413483357544,-0.0215241133895102,0.0691954731362426,0.0155037957025152,0.155310727248252,0.0824186243795391,0.147000051255046,0.190296440029138,0.0989019645566469,0.157412020280905,0.0350051353793795,0.24328469462656,0.133154481602622,0.130092379321437,0.112871693014566,0.162406565584745,0.140988516031983,0.0943097181066883,0.0694106479757931,0.0854529031914377,0.135383746817852,0.139538767658279,0.098189612016663,0.124238081096369,0.101820770859342,0.0144653204611973,0.0813544492369384,0.149740151670536,0.169147630081464,0.10091834110575,0.0792664517027024,0.0823012518477628,0.129633191576608,0.105513568984532,0.111851272421737,0.130467162842515,0.133309818953281,0.0869921393938117,0.121083869664793,0.167073151295696,-0.0100868270533328,0.00706343239989267,0.116551205828244,0.220289194581179,0.0837023186773606,0.120618504218263,0.147399626229029,0.120108431361748,0.112652022353465,0.187627179772086,0.147431000753178,0.158306950625139,0.0979060149648521,0.229106644763585,0.166859583140478,0.0538808443972195,0.0931728719420379,0.125473288072556,0.0573011412533314,0.128236468580897,0.0945990738387612,0.0496257180081618,0.164412174894427,-0.0367877688172038,0.12240026624935,0.0691338968132736,0.0723523320978619,0.0983753905762509,0.148979883204416,0.0929842450502662,0.107023198339049,0.0522148289800721,0.0695028152236467,0.0991098634297451,0.0546446729179638,0.10495082118218,0.102754149863767,0.137714851262688,0.0550022728460976,0.132236185351055,0.127990955830518,0.155066633437643,0.171267680663122,0.115039496124881,0.143000827300439,0.135704663213478,0.112147607358182
"UI10-00096-Undine",-0.0605197815365135,-0.120560469914054,-0.0997075440955133,-0.0909548081083596,-0.182872627646508,-0.0946111394393731,-0.117192943728203,-0.14589248112051,-0.150565710820295,-0.0872760442028971,-0.126258478238487,-0.0598539830145055,-0.0860594049582163,-0.0991979706395079,-0.163467203939821,-0.113052045104584,-0.0604468487114142,-0.241287607143497,-0.116889927933468,-0.173232948115938,-0.117693684602409,-0.0657422853599207,-0.0430441505680752,-0.132810680468986,-0.100357808851098,-0.0395833185012119,-0.0709073140602979,-0.0870343261901459,-0.141930450703794,-0.101908568549524,-0.133116914862209,-0.133683958552327,-0.0973629699637254,-0.105246769723779,-0.0531774012644973,-0.0799442118780144,-0.118030958093842,-0.0984617159938263,-0.0623444280338394,-0.100630618965389,-0.11630863353602,-0.103303796354809,-0.0901816939422096,-0.156984635600235,-0.0842830800400625,-0.0974069695489114,-0.0685465249299846,-0.121918917713981,-0.0758513703828572,-0.139129094040091,-0.113038294870688,-0.109260780669915,-0.158089619952403,-0.0984500553175224,-0.115224226494398,-0.171679373311497,-0.0666288375943677,-0.140344521458551,-0.0895612972790628,-0.192744618913682,-0.0571810259428288,-0.184697948366982,-0.131310735326863,-0.102996943803701,-0.096419044462398,-0.105762932003305,-0.0840548649852986,-0.0744426416311184,-0.0956369439929876,-0.0792024800951323,-0.103185795866232,-0.093893256498943,-0.130289943729997,-0.123954557775167,-0.129553803897969,-0.141530986842581,-0.156156340776367,-0.132249422321628,-0.060192107322308,-0.0539923837740828,-0.130323793539152,-0.170229341675699,-0.187354620010508,-0.131969859533389,-0.10242042875507,-0.178008065745136,-0.124940484303649,-0.0948818768434065,-0.070219376848937,-0.151194884908353,-0.112641812591821,-0.136928741290833,-0.112456807826845,-0.0892285023871922,-0.165635455135688,-0.0933717924345203,-0.091088426076411,-0.139503182899023,-0.145597496585328,-0.119769261589991
"UI10-00097-Variegatus",0.0628863105785576,0.0867979506659394,0.0360640367409433,0.0928754045418925,0.0494464360746396,0.0967056526848331,0.0507566837049755,0.0924476200521173,0.0700418662855173,-0.046536991616391,0.0448560307557919,0.0644921193204616,0.072049539302276,0.0752230839443537,0.0420395125368413,0.058810766229076,0.0758195409269564,0.0663443537132036,0.0400135135847036,0.0277258715452305,0.172931678071005,0.074017996008191,0.15768977734187,0.10171881046755,0.0590872232953579,0.0605070127175759,0.0756152685541157,0.0709519500272554,0.0886324473025399,0.100762519482328,-0.0291481206018466,0.0514108370949017,0.0950759144570896,0.0655020732491239,0.0780869517382467,0.10025147375531,0.148407397666049,0.0239557845102948,0.0695741261241163,0.115033503904413,0.094198181518907,0.104405467828976,0.0658832684113343,-0.0130013510592219,0.0279462292018313,0.0836848945288024,0.103844474215235,0.0499043551746537,0.0635469798341123,0.0474872280202571,0.0980597391033218,0.0514137187114231,0.0567527122200512,0.0363506224577083,0.0690804165835482,0.0772226762809539,0.0574973355753292,0.0970320841277632,0.0891214759890712,0.0590516734355772,0.0604424000651949,0.0656495710451046,0.0910919418717814,0.0544272565566462,-0.0479360818409485,0.0898339556227343,-0.0681833594979631,0.0777018751580125,-0.0421211332866876,-0.0449467371055092,0.0347472478228426,0.076826334559406,-0.0215349161725429,0.104813897302451,0.166527180824051,0.133249303400936,0.0990505403207854,0.104705797150435,0.140606560378677,0.207284126393297,0.0555422016448586,0.0700341721536347,0.0610432559328738,0.0667832224574192,0.0223994345463006,0.0653328809690267,0.0769144370036458,0.0512741795057857,0.138034046879745,0.0696553181111995,0.0895085386778736,0.0557415913980075,0.118010902441023,0.100600222106809,0.0962201636786487,0.141239063637603,-0.0176575420758077,0.108409373636137,0.0691586735044874,0.12164953934045
"UI10-00099-Wetterfahne",0.264745601169127,0.249720690972817,0.354599796409993,0.302994541737829,0.226990837684614,0.215655429376367,0.296502956460604,0.27265224976658,0.275539888942376,0.22444861629116,0.203362795164939,0.227324959927698,0.15721971019463,0.21983378845639,0.296909042085685,0.276296170268905,0.203310018587218,0.253868603752042,0.213588192735627,0.242654812543072,0.213579269229954,0.199227619295826,0.229806107713813,0.29497922000908,0.261844911197329,0.215103833440525,0.232863468882329,0.198441480912637,0.0962567189473713,0.254739667493024,0.244474847167858,0.251238178054613,0.229757497016173,0.21125810074607,0.34309787972796,0.27504974396122,0.261883377532978,0.287809619204905,0.236391558457665,0.191117513789433,0.322600253914768,0.260041199128333,0.276847772360068,0.210204896194027,0.283199518100501,0.227300718512524,0.26903354285221,0.30359451425298,0.297531960947418,0.253934651258897,0.293206076739356,0.234693385328399,0.162457502466068,0.219243536641096,0.243922494032417,0.311673790348165,0.342368657198207,0.279388500138466,0.241837106168115,0.290026146223544,0.276691326035643,0.189804496351895,0.235772829464606,0.26969193730298,0.201104062818693,0.350106859321669,0.327625213789826,0.31665489396395,0.24919368133062,0.343422636061925,0.291027439792857,0.332974699963656,0.207654007204332,0.16967802986675,0.264028298762648,0.284215090310676,0.304807805939712,0.280522118047714,0.157278629744985,0.34380933945868,0.195548780703342,0.246442445720691,0.219080289756562,0.288108982305981,0.285929421509483,0.325057360558751,0.294436121378391,0.165591266307923,0.284016794641536,0.260582706071268,0.29376811377695,0.220198711811142,0.237932248404284,0.204354450400583,0.303690551019165,0.229150597560538,0.361336340927017,0.269920692505435,0.250951401678235,0.201074549710819
"UI10-00101-Yaku-Jima-Dwarf",-0.909488891146819,-0.878540183425219,-0.917796777580229,-0.982687059807255,-0.904389207977428,-0.86489373301037,-0.812582280099159,-0.865563688666497,-0.868119026640248,-0.845755673726416,-0.848629834340669,-0.800724696667816,-0.887071399135511,-0.765825200750547,-0.813359636706785,-0.837858038575396,-0.877176889557934,-0.940201215021246,-1.02116688488969,-0.827291823121684,-0.902111221246711,-0.80662790242376,-0.910375475208117,-0.896264209163507,-0.837471960317838,-0.836580239501476,-0.860578154817063,-0.936920837901356,-0.886984418804363,-0.988176334262683,-0.909814207658005,-0.90354241373004,-0.889605420139792,-0.734732567917491,-0.923460631323405,-1.07200248437305,-0.848562668781458,-1.00638346849374,-0.961798154182744,-0.898253698677262,-0.952225019672119,-0.901291937152795,-0.844781930461317,-0.872573713319949,-0.848525312285496,-0.895931797730533,-0.872331566754952,-0.819516340780437,-0.88050743203216,-0.889864827462054,-0.877201622968952,-0.897716090415294,-0.932778980778595,-0.90648983827055,-0.886933613622683,-0.854506828161394,-0.85375806525351,-0.878859972731801,-0.85201735229649,-0.804931636008138,-0.890252647280801,-0.819760788375258,-0.876935814274295,-0.762528753385735,-0.723702786822658,-0.948773955088635,-0.943603037512153,-0.881330850787687,-0.824722826720285,-0.846856743817831,-0.952563222172878,-0.878401050353067,-0.862624664589698,-0.914849266363107,-0.856257726471937,-0.785305243980566,-0.96083921513887,-0.992098407032235,-0.946980827382629,-0.976338777492651,-0.86575065259945,-0.831296703617736,-0.936199944369144,-0.746024919514119,-0.908197148981921,-0.91864261498751,-0.955221762121628,-0.88587143101853,-0.966728119615874,-0.841232818867386,-0.744705390076943,-0.851941973484361,-0.907212413281946,-0.958765586794959,-0.946879327919059,-0.919673914132702,-0.852220926989701,-0.927252055085765,-0.902112923586192,-0.824494063162944
"UI10-00102-Zebrinus",0.198636822831784,0.157920497966178,0.103999643367182,0.0951929263197625,0.110924623741522,0.158212661661191,0.147276778715402,0.198241628188649,0.183087034449818,0.157348628682683,0.183579515045876,0.27564208965101,0.190052667328963,0.218629015498798,0.239109516055297,0.15730920082731,0.169433293538533,0.155124371043836,0.240570459031828,0.101968221699086,0.130788292443195,0.276049031869903,0.128376701029946,0.144534877779936,0.230808303941626,0.203466763352278,0.196189178002889,0.214687872168548,0.217195180115528,0.201771702769513,0.166411440569587,0.150151039826679,0.227506994099181,0.228784839293394,0.269799145254339,0.182015305656879,0.212347264751118,0.250750464561624,0.198046292170963,0.246530688549121,0.152898655393424,0.216712499870341,0.266360228107379,0.222814948562473,0.17744690064736,0.209091098364488,0.220442798256868,0.199287815273022,0.137785545563119,0.257305902201544,0.222692406744347,0.189708502025475,0.166228093997103,0.164440811279676,0.1340384705828,0.221869231017265,0.269542952377407,0.181832375843337,0.153508058440988,0.150018582750196,0.218461855636294,0.118865066368635,0.197533610243432,0.177771777347304,0.139049075562711,0.163130454521095,0.157533611267077,0.196162359745492,0.176185205975304,0.335105704604814,0.193072338074043,0.197375023977214,0.190237752786223,0.225666854913612,0.203911924083481,0.219840466985135,0.17758114958805,0.087074147763879,0.198369065108282,0.162002226538974,0.211179226443762,0.237904076276596,0.172890016013708,0.177525297242597,0.225683744863323,0.185389449368269,0.180181998274639,0.193850975671632,0.209296680624531,0.186498095109496,0.198049492418449,0.179268645872645,0.16797945851689,0.166310836208417,0.205191249941732,0.165574710361376,0.21799984626901,0.248233903255314,0.241014200653897,0.262484025170226
"UI10-00104-Zwergzebra",-0.112278401534553,-0.0769634611622224,-0.0751426853167574,-0.0768433810962131,-0.10381931153259,0.00539633467359625,-0.0787781640683438,-0.0639301070896654,-0.0945102768002412,-0.18386639207937,-0.0954268157335909,-0.0665238071509331,-0.100863559713877,-0.0219283650947763,-0.154143805741508,-0.145461166203943,-0.0970324503407662,-0.0957729461230491,-0.0684000596337385,-0.0120598853752673,-0.0534318538596134,-0.107023114374917,-0.0632326533056811,-0.0573315492829761,-0.0619549496838107,-0.0805527221442139,-0.0466716677630214,-0.0534071134293403,-0.10442122624447,-0.0899472240375684,-0.0702113887725842,-0.0860458114285309,-0.0695961683322016,-0.0498503435375863,-0.0421021649311645,-0.0605113728481883,-0.084684645343722,-0.080098358723674,-0.144359533025743,-0.0442360192169546,-0.122149006764249,-0.108461564940142,-0.00973691989276512,-0.0422029019896211,-0.0914506916594758,-0.0937536134912496,-0.092560060137036,-0.150083600698406,-0.114221842934582,-0.0812259963530488,-0.110176085074892,-0.0510565381540795,-0.087615250917221,0.0435309168305448,-0.091643682650834,-0.0855390473103143,-0.102725627477882,-0.10393314671343,-0.108655948995403,-0.121585151416532,-0.127744992392085,-0.0798286953088197,-0.0658918833764397,-0.102658796509326,-0.0906959398271447,-0.0847416690026798,-0.125308357456218,-0.0814329772676976,-0.101207040081482,-0.0498482330281059,-0.0815766201428079,-0.0850279874492147,-0.0743956962850447,-0.0633036531166278,-0.064183732645821,-0.122071586182022,-0.063981815827508,-0.126183436614948,-0.0710102772474535,-0.120324991959119,-0.0561657260846997,-0.128375439019404,-0.0472026517261396,-0.0913230526850392,-0.0567211579948729,-0.0812762245018407,-0.0703534957655372,-0.0770853433582843,-0.0884800853933174,-0.0735577772150094,-0.0834715197709406,-0.0914757992911474,-0.0890961424005888,-0.0460311014361887,-0.085230489272097,-0.0115246141117885,-0.0881416307236754,-0.101774812855915,-0.0512232731943457,-0.0977811434259934
"UI10-00106-transmorrisonensis",0.377375193124223,0.432506594286027,0.445404112564469,0.404869611607512,0.466408314274532,0.413817067243771,0.412076233943691,0.473253942670934,0.407817360749155,0.415181634168285,0.401367062908655,0.389331215557621,0.489753463855917,0.398900925765971,0.395681566914304,0.506487481910135,0.454648423018705,0.454922255507143,0.345378217290732,0.458185965300402,0.45348668302015,0.431358845319651,0.517708830535784,0.507599645240067,0.40822851555713,0.463235726438106,0.467551289034356,0.40900658353699,0.444597894877088,0.452510224952878,0.493653684056695,0.442750613657201,0.467844291850377,0.42241223673305,0.457356963881739,0.4037590538661,0.364735891602959,0.432203526536013,0.420825724249241,0.38376179107937,0.439861845560807,0.471017292081329,0.42901238632735,0.430340713885239,0.401883513614421,0.442111344933506,0.445625481213563,0.509319270380547,0.415052496879498,0.399924078987436,0.397361197094475,0.424954110824222,0.37706475609981,0.526520895867843,0.486458298538393,0.446666590349051,0.458475147967074,0.404333809904097,0.478378860141469,0.429637418690947,0.416666203935394,0.482853827799462,0.415694740127669,0.475094344178438,0.433793351022491,0.476218806305489,0.430928837008298,0.425074595036499,0.436491484486314,0.464762155201745,0.442166911902104,0.45834689726523,0.388250192766921,0.446402964235941,0.448445271299819,0.44924797578077,0.430567422044546,0.491623703666695,0.447460328474533,0.423043630918807,0.452050754331815,0.383037749294154,0.440853363276492,0.422946009516872,0.484623324731453,0.496917396557938,0.495351104737559,0.416338979596175,0.380604753699051,0.47303613843666,0.437815146358443,0.415443315877957,0.425935476165992,0.459670652347837,0.51843454326919,0.452565139413696,0.375685312739015,0.355956608940979,0.422001828887094,0.413696481651511
"UI11-00009-Positano",-0.128626705801827,-0.0453705000250671,-0.107563135261483,-0.0314313502227434,-0.0418328796181104,-0.0421988604226442,-0.112001878444607,-0.098160337758618,-0.0707999687557593,-0.121244088520997,-0.0329047093317925,-0.0736667858617754,-0.110151063113736,-0.115651975594256,-0.0873226345295715,-0.0615052649907876,-0.0360928676620911,-0.0910749889738207,-0.0312334606310654,-0.135611498609602,-0.0834326598594563,-0.0908342530278461,-0.0751229778933361,-0.160754241795899,-0.0615848186148028,-0.0941024306576094,-0.0140136151427787,-0.0635471240696709,-0.0272834049592198,-0.0799947376292624,-0.0925867949905373,-0.108788741816674,-0.0684772437815964,-0.147993034541603,-0.12339169218297,-0.0140223984750971,-0.00205548898271966,0.0435537889995215,-0.158286445987059,-0.117775223140615,-0.0256449215266616,-0.0614326569431007,-0.123069674244173,-0.0925339886008194,-0.160618220017717,-0.0152538801222998,-0.0671067128711072,-0.114421662187739,-0.0568725010941912,-0.127425844001526,-0.0877179430428877,-0.0592100308554318,-0.106363473271551,-0.12933154347443,-0.148206031226466,-0.170822878384522,-0.0652739934039552,-0.0958397830940345,-0.0348508967578996,-0.0714973594282129,-0.0922924418933182,-0.0882480127162937,-0.0914447388077137,-0.0173291209458727,0.0908113283443641,-0.122745026832174,-0.123338927160773,-0.106660398629657,-0.179495166355126,-0.0729783754143783,-0.0984069937105264,-0.126878811714847,-0.103261564628464,-0.136271095439993,-0.0317529081336062,0.0829546228214419,-0.17664083305203,-0.0369321361340862,-0.219463027514112,-0.00330557275975065,0.0364584480605305,-0.0592970824952773,-0.081301828101638,-0.177371289334002,0.00324083014407065,-0.0973447002968396,-0.0615062500978471,-0.15497591964614,-0.108890809537062,-0.0971482542567529,-0.0787965379963781,-0.0982667483432949,-0.0915534486385845,-0.0716774629710143,0.00434311282204695,0.00950644751472833,-0.0583216366569808,-0.134353812085269,-0.0916911627648345,-0.0444605250790197
"UI11-00024-Flamingo",-0.245198115180725,-0.203277590941631,-0.185637952365906,-0.0896138004334848,-0.217978748185899,-0.134671970634406,-0.203183691173788,-0.235088796344516,-0.173913204507488,-0.218687812974865,-0.163536536044805,-0.189176301392153,-0.232288794258498,-0.180429840951636,-0.273895167933146,-0.265247417313641,-0.0884092921676635,-0.206057199024766,-0.248163424381676,-0.179075028765069,-0.0994444229275721,-0.200789106538893,-0.153234915927353,-0.22501038807455,-0.089801727846907,-0.17119693677337,-0.194407268050765,-0.258439579104062,-0.212940941804662,-0.148449817938465,-0.180516229290039,-0.244323158078335,-0.207658156731867,-0.283706573367183,-0.205352178320807,-0.187828923045452,-0.231892761232138,-0.154420838308677,-0.150609051664837,-0.192044652865309,-0.245819327015052,-0.238539240551949,-0.224008069806302,-0.216112707439232,-0.21669874229336,-0.24923626771715,-0.280174288324367,-0.242635466783497,-0.185370792745245,-0.153033179384783,-0.18053295701601,-0.168450283951247,-0.206229916375459,-0.269256246851311,-0.233574668068176,-0.18907909222979,-0.192682191466439,-0.206551033330368,-0.19606093581666,-0.225033032475856,-0.147325057277352,-0.14765493001407,-0.212300554095253,-0.159305413464793,-0.188746689899817,-0.265635124034828,-0.158633016790057,-0.234712096697823,-0.101005089579308,-0.204767958755446,-0.174575770501398,-0.217603898772718,-0.21768952971195,-0.134877550888121,-0.229816396051646,-0.20150159956174,-0.170573871260777,-0.240184085413674,-0.18787708790256,-0.212294659621266,-0.182090705920265,-0.17783852484537,-0.224478625517536,-0.137847659022244,-0.22820472126632,-0.182226553176677,-0.285906314643486,-0.184791265936437,-0.173114635828204,-0.18453803819903,-0.178657339522217,-0.19674214174148,-0.216918965499183,-0.309407423345023,-0.204144763905256,-0.211476766988662,-0.201890692915926,-0.252880615662676,-0.211851806416278,-0.128352208020829
"UI12-00001-Zwergelefant",-0.0241181473163711,-0.0456249510683401,-0.0161057385460378,0.00804844612657678,-0.00859656996506683,0.0268273524448856,-0.0638126997240322,-0.0442653148907801,0.00989781464260043,0.0396193906759246,-0.0564303352981656,-0.0228371611700484,-0.0746085921251618,-0.00777359569049799,-0.0152191623552591,-0.020723749886709,-0.0700033356151794,-0.0344331414832339,-0.0307948737757949,-0.0279299907298949,-0.0203745194875218,0.0113485068468109,0.00779487536584904,-0.0284957492378044,-0.0221636414827037,-0.0639984414647533,-0.0103462315500624,-0.0371952281614099,-0.0322876738301985,0.0135940736075314,-0.0598197928862672,-0.0356825861967384,-0.0203428999098437,0.00203287783784255,-0.0622339756751012,-0.013692083918657,-0.0286900587854133,-0.0580343657752277,-0.0164865030968577,-0.0215919416689683,-0.0141315292243076,-0.05079586522902,-0.0251876721001567,0.0227476355666072,-0.055853683710102,-0.000397347241683949,-0.0684888501394315,-0.1073289869238,-0.052546633710442,-0.0053136246083401,-0.0228302583436896,-0.0122376767272036,-0.00841479891255617,0.0531183154574028,0.00951379728260332,-0.0165837776715647,0.00113570075257622,-0.0446666189353013,-0.0215975280460424,0.0181537982504446,-0.021501433956754,-0.0295897489260792,-0.0114429852469639,0.0112274446670827,-0.0454785088485202,-0.0481128567215139,0.0059413344533814,-0.0445848147952852,-0.0485767353639714,-0.0311723172412836,-0.0307001728730465,-0.0105465901408507,-0.034621496318018,0.024018744857307,-0.0164612419757789,-0.00698564436364766,-0.00541890485917919,-0.0217184473614821,0.0152043469528742,-0.0846938688846173,-0.0161255699014497,-0.00669425653743481,-0.0326273792115058,-0.0562165627618074,-0.00536537238100242,-0.0214383065530494,-0.052868732863184,-0.0406088376842582,-0.00020689593248661,-0.0253687591679747,-0.0127550359177509,-0.0302313588405992,-0.00446321585762602,-0.0511048504440294,-0.00849903610677402,-0.0155526189644025,-0.00935633418945261,0.0223090589286452,-0.0274555865384199,-0.0253269994600216
"UI12-00002-Malepartus",0.276004506122139,0.175619880824409,0.248593420905637,0.272990435608667,0.336321774510613,0.240523736869611,0.198654080843142,0.189465244791695,0.101866430822994,0.337891567058926,0.19043768188782,0.236029252920997,0.295073420477352,0.259942011021902,0.206976979836628,0.294626649179186,0.225240469334442,0.203721664460686,0.189642409623955,0.176751194051036,0.291848631342415,0.264813462794929,0.232510483428105,0.246282947982288,0.163951878098997,0.250415703980773,0.207379034172306,0.221674168687439,0.273849712453614,0.155312336244608,0.271044285276791,0.164653945209216,0.261505085553617,0.24763115174735,0.273264545300769,0.195885115025284,0.257785618051246,0.336842867469474,0.2519150627382,0.279427609621166,0.35867536319225,0.227193041125569,0.239745323523577,0.291172469857169,0.222981872430623,0.277906531916139,0.109366851681292,0.28185112722605,0.254967333948097,0.170436681908531,0.176487971700574,0.260171924944995,0.185942165590079,0.191382864123239,0.350236827505149,0.324271163811665,0.167327624285478,0.235529082864369,0.18405413521519,0.321661110076744,0.177413636843966,0.257103557702223,0.214622864309664,0.200285709682366,0.195320940101471,0.20903163911836,0.275316667782424,0.290916238301519,0.305825033161413,0.230300563280533,0.301081657303224,0.3112891728541,0.285281673029024,0.24126452932464,0.292022105959399,0.218985016400732,0.244964819198602,0.241237204565789,0.233727618732739,0.307006228723035,0.250453350428832,0.253726300558019,0.230760566976935,0.141464639046062,0.290351853899345,0.222391857111169,0.255592205468328,0.229818887393392,0.192598335447091,0.283110298805137,0.286738063002103,0.273430372123713,0.226661249369217,0.274117475135854,0.204552807265315,0.158183093558838,0.165753026704446,0.196495571787297,0.138756757219724,0.245134570274293
