"","predValues","predValues","predValues","predValues","predValues","predValues","predValues","predValues","predValues","predValues","predValues","predValues","predValues","predValues","predValues","predValues","predValues","predValues","predValues","predValues","predValues","predValues","predValues","predValues","predValues","predValues","predValues","predValues","predValues","predValues","predValues","predValues","predValues","predValues","predValues","predValues","predValues","predValues","predValues","predValues","predValues","predValues","predValues","predValues","predValues","predValues","predValues","predValues","predValues","predValues","predValues","predValues","predValues","predValues","predValues","predValues","predValues","predValues","predValues","predValues","predValues","predValues","predValues","predValues","predValues","predValues","predValues","predValues","predValues","predValues","predValues","predValues","predValues","predValues","predValues","predValues","predValues","predValues","predValues","predValues","predValues","predValues","predValues","predValues","predValues","predValues","predValues","predValues","predValues","predValues","predValues","predValues","predValues","predValues","predValues","predValues","predValues","predValues","predValues","predValues"
"DC-2010-001-A",-0.0942968287120546,-0.0864269682556846,-0.0668181094222107,-0.057531544529381,-0.0671551048962555,-0.0414475292902325,-0.0395224874297377,-0.0743405861393787,-0.0594271564378267,-0.0635378036633199,-0.0882688214505083,-0.0827069692994395,-0.026507690283202,-0.0181419229129707,-0.0894254330010904,-0.0925293102232456,-0.0422795440237073,-0.0771545368907259,-0.077635506907375,-0.0751705334576445,-0.0490630531548643,-0.047716889260823,-0.111447641554518,-0.0926099650250625,-0.0640909047733552,-0.0396476021584938,-0.0342254325809524,-0.0789694602788811,-0.072889283200269,-0.0560057907098967,-0.057954566803976,-0.0269769592484971,-0.000000000130460609643996,-0.0685303681228715,-0.046549181788593,-0.0917100847914713,-0.130447432960514,-0.0462831849324564,-0.0779564435430718,-0.0876103828847464,-0.032144690956068,-0.0825422620042102,-0.0372863288469633,-0.0815382449836193,-0.0829053455913559,-0.0719638195842734,-0.0957834892090313,-0.0557868086511706,-0.084392596611858,-0.123230362205373,-0.054321435072814,-0.0612915031279204,-0.0816048398880982,-0.103439394893138,-0.0681030368916567,-0.0504541359509293,-0.060132873524638,-0.0825820626468345,-0.0354398966461772,-0.000000000185470744690606,-0.076179334353675,-0.0202192223060593,-0.0754933913618407,-0.0323644483631112,-0.0729742171116212,-0.0734407645870332,-0.033981244759007,-0.0804865644851388,-0.071262514631372,-0.092053130833624,-0.0708409542692947,-0.0609952943771632,-0.0611328194387563,-0.0620310445789329,-0.099209344909778,-0.0610738917473041,-0.0600942241215275,-0.0840514023085327,-0.063252528740078,-0.0475711747716356,-0.0955159269896083,-0.0705265636028222,-0.100464744146576,-0.0604486808340931,-0.0826134332402668,-0.0628481937337553,-0.0590222218239749,-0.0370150810069782,-0.0661800593612148,-0.0647972357506655,-0.115259048419497,-0.0409228948881386,-0.112683474703463,-0.0551642409096322,-0.0669624694013017,-0.100648310553738,-0.0691263024929289,-0.0347713712061341,-0.0958904045523091,-0.085312203397231
"DC-2010-001-E",0.000600777200354844,0.0093373735959284,0.0389682979531933,0.0357410495816993,0.0548350253744273,0.0200019084963559,0.00542687655192039,0.00771110485118741,0.0234081898848931,0.0388279023868538,-0.00530871669815285,0.0173718275413036,0.0156594141928011,0.00872956211236827,0.0175424691984654,0.0135055722354817,0.0142826829339511,0.0113262288122093,0.00262043308029449,-0.00536355687462818,0.0232103551109855,0.0213370162827898,0.000817193035902752,0.0283156806105002,0.0202192477041235,0.0138486252876612,0.0234167494677276,0.0266806634495115,0.0399711090077683,0.0068116526432733,0.0424829534292739,0.0759706842263097,0.0261459387410462,0.0114654912674613,0.0190344194272063,-0.0179671562287451,0.0164437377160184,0.0411698085468278,0.00929533169170702,0.00372037392382965,0.000988814996387149,0.0000000000376495525963167,0.0266563463910323,0.0311143205484803,0.0472941856777176,0.0214834190072391,0.0246092248523668,0.0269209899090128,0.0187270449179386,0.0544400756251052,0.0314275414233084,0.0199224556513217,0.0615950221699021,0.0289371229843086,0.0132213455269471,0.0201275280540576,0.0170993225454012,0.0390319472476235,0.0247387483117291,0.0247875709561615,0.0594318571986628,0.0170293259931769,-0.00381407424524331,0.0232121402833479,0.0698719163399513,0.0317922658303835,0.0106004774525757,0.00700538670084941,0.0507257440306961,0.0170851052684573,0.0133565853001042,0.0291520661628208,0.0501615288034834,0.0374166227152163,0.0498102158425273,0.0392576791397907,-0.000477560510190843,0.0139148790873582,-0.0293658732468027,0.0277122131449664,0.0119972690693293,0.019421607288268,0.00677633365793403,0.0147135032375373,0.0307965218816621,0.00638383281757871,0.0180776694998133,0.0379451215432147,0.017699756586709,0.061108903368506,0.0536778497692471,0.0312872686144874,0.0175589439649153,0.0280904923057347,0.0368215935056267,0.00603379965075565,-0.0312399767809655,0.0273015268856025,0.0509879800618425,0.0590945282766255
"KY-2009-001-B20-e",-0.0701530715859321,-0.073881536481843,-0.0627440976860077,-0.0917932088378531,-0.0727199820359699,-0.074928186671312,-0.0844515886980761,-0.0819351545110745,0.0000768989701338345,-0.0856608211333349,-0.0996836357063174,-0.0167781093910619,-0.0650630508601618,-0.0823243154149104,-0.0594159573702762,-0.0634690228516678,-0.0665661093783326,-0.0697794189300196,-0.0738012469995071,-0.102380164763935,-0.0849832275728897,-0.0667311338199116,-0.104973291928054,-0.0824677525352718,-0.0795386665646537,-0.0215157127950208,-0.0548424520989448,-0.0735255899560014,-0.0696415880273792,-0.0123739266400942,-0.0587954795656872,-0.0593339409427142,-0.000000000289200249953747,-0.0457336715344223,-0.0797863493123582,-0.0739551622358291,-0.0933174292249711,-0.0692343463860742,-0.0724167626057441,-0.0507449193127009,-0.0790836789834288,-0.0616602268452604,-0.0712347040453851,-0.065213162589,-0.0590603502036812,-0.0574107428761809,-0.0808717063651599,-0.0695128772613364,-0.080692425208975,-0.0695985653208776,-0.0811751428424189,-0.0868532441630771,-0.0953537477974113,-0.0770403684976796,-0.100691442289885,-0.0674391262105903,-0.0944902803905343,-0.0871382070841275,-0.0635477686057952,-0.056749705066708,-0.0955233661014837,-0.0734093803942705,-0.0584898377166956,-0.0881402697123179,-0.025241576750917,-0.0715827753082612,-0.00733250269181743,-0.0437022945932917,-0.114491847618023,-0.0896200093621958,-0.0529069272591322,-0.0104869055239783,-0.0774310658279522,-0.0892914773475951,-0.108150330634364,-0.0687729717273236,-0.0744376568085624,-0.0634598326355814,-0.0528387920628227,-0.0686896047366403,-0.0617875338859253,-0.0760587570483521,-0.0946423006807247,-0.00674043073034214,-0.0762709260675246,-0.0937847889260816,-0.0736926320963046,-0.0786373746245617,-0.078236431051877,-0.0653560588402841,-0.0586096569577959,-0.072871258886309,-0.0684228344506642,-0.0682579468048586,-0.0842493744698882,-0.0811589216654354,-0.000000000219891386734027,-0.0713779463585188,-0.0400193743160727,-0.0860528557067067
"KY-2009-001-C",0.0755820440963915,0.0724072858481733,0.155787029375992,-0.000000000244817195512944,0.0610202059495835,0.0704336612872899,0.0845506469653466,0.0987810335442681,0.0525202533612231,0.0795934922901866,0.090539576653007,0.0585391564723606,0.0692642449476591,0.0651440575900929,0.0317430454207863,0.0585941749457798,0.0852455888381832,0.0862619403205692,0.0876550733407809,0.0823143451019295,0.0897541601387903,0.000000000350052403238601,0.0899634983447887,0.071661589926213,0.0663932264843039,0.0396069135243261,0.130336184043177,0.0728642903778804,0.0837504342447624,0.0588085445688578,0.0741547678286989,0.17054588134204,0.121121965020565,0.0878188358587498,0.183617104808559,0.154103056595247,0.0783212686576853,0.106954604220417,0.0673016326655252,0.0706260858105487,0.0694189801314848,0.00000000026141420972931,0.052121353941234,0.0778326441457124,0.14666341433329,0.0884269082413437,0.0869173925791474,0.115310664761217,0.0849267190683374,0.090115360160422,0.0991182204804192,0.14325823177601,0.0797039431190937,0.0918600854587435,0.101552268946171,0.0918820910222009,0.0849553047407068,0.0613917045533121,0.0866394100584057,0.0867218291849985,0.0698517080017468,0.0795453579737109,0.0699740892125452,0.0725500075710915,0.0405979431847103,0.0810517200125573,0.0531817592653551,0.15822563655631,0.10420711551069,0.0814628933278375,0.0856537164762292,0.0698259562519231,0.0586220965142505,0.092034934369723,0.10523509246739,0.0616536164417199,0.0743286124929254,0.0330277324566548,0.0853419164760018,0.0635024269726191,0.0638394918521723,0.07744382154881,0.0916582797658153,0.0546799133616144,0.0714489858201099,0.0561165159774915,0.154748030086212,0.0577979346955604,0.153015498762382,0.0827596834488647,0.0269928274785939,0.0901136445200473,0.159933775678788,0.0816277341291272,0.0760186546119668,0.000000000265361998599411,0.17090790898397,0.0831465171329085,0.0855455425548484,0.0751920507965707
"KY-2009-001-D",0.169206949565047,0.351927753267179,0.348218193622157,0.292989250945542,-0.0312096986014171,0.249892730094623,0.364708508487051,0.205779059532273,0.387831621895792,-0.0458207200161267,0.319631816473501,0.303248220376533,0.18678784569957,0.320200578684167,0.324825004703455,0.269130401280523,0.377979744368538,0.339645066244918,0.311364209661831,0.29497987384837,0.276293068833682,0.391671294175204,0.288611295027416,0.325681894006282,0.300731627534946,0.360359495697631,0.278870955827199,0.309615465887927,0.30156207290286,0.199274746967359,0.423477992384529,0.38579911171399,0.284693853790295,-0.0270761976036278,0.392961749490034,0.312697895058454,0.356357274287806,0.327668947208042,0.309691321059324,0.276475180660586,0.248640610042611,0.341892295697185,0.352522850476042,0.378464467579506,0.35727726252092,0.268180050445685,0.281716962998123,0.311589260382824,0.334118474087204,0.367471117504476,0.370258156160114,0.332257429929499,-0.0317835355455765,0.332769006179238,0.275359074761485,0.444832487036947,0.319380079083426,0.16641506023769,0.346875046052015,-0.0181202648027224,0.336843097707778,0.283731426483025,0.365763129692734,0.194028385922425,0.345177524238346,0.331435338142113,0.308599004470004,0.339616946697961,0.34065803314217,-0.0123790971495707,0.239212056966749,-0.00751447027112088,0.299584622373961,0.000000000396029456938558,0.308508251502726,0.313254140117321,0.318247693633467,0.316438069081746,0.337403095545894,0.408341781239683,0.289161501962244,0.330338860539853,0.276280857802609,0.406346940566978,-0.0324425052987093,0.414152051686085,0.360269450238581,0.289930322361447,0.335516299110875,0.208514338585209,0.283208196648603,0.411423031733193,0.336693551769392,0.273737978441798,0.00000000035494045571045,0.266890647141468,0.397175458150809,0.30195295130578,0.296335475070166,0.237859109023635
"NC-2010-001-009",0.023370332729576,0.0097416162784419,-0.000722527503609008,-0.0133803793565847,-0.0106548357070458,-0.0245774284012125,0.0182503801447053,0.0053111139092203,-0.00224631277417896,0.0558303159310912,0.00104571331259471,0.0226680306504832,0.00809452459400518,0.022086360246037,-0.00244204533067463,-0.0337566738125845,0.0267487064673594,0.0244345597442537,0.0125948722890906,-0.0334515023012059,0.00283449970129303,-0.0701929877811274,0.0563526727610627,0.0295138779548066,-0.00120937949543473,0.012164888949112,0.0649617728317401,0.0152040871394642,0.00817734098332221,0.0181582195423312,0.023238340505373,0.0215478380252841,0.000000000131703955300729,0.0125806481077473,0.0137493102508328,0.0222147391427125,0.0884553862754407,0.00879074184651031,0.00851760742570624,-0.00102172895077481,0.0140487221791861,0.00543150211357541,-0.00776745785659002,0.0356469308441319,-0.0119149634024432,0.0628037645405034,0.0466497951052289,0.00319697008443867,0.0127999754730722,0.0337626402293194,-0.0533031228970163,0.00909312658632427,-0.0274988005232823,-0.0276584647891819,0.0401658131694543,-0.00425089680161105,0.0172194501947931,0.0134709144214444,0.0348887566397568,0.0122685463510585,-0.00534498345505701,0.0311480773291246,0.0288619327741002,0.0105527464942342,0.0119370186840427,0.0457865391844204,0.0190733680637182,-0.0340013206742148,0.0124934515331037,0.00886993425401445,0.0169257548912066,-0.0449631442363884,0.017333244605367,0.0527600975987554,0.0399090873448369,0.0392141686362732,0.00463635553516507,0.0121015694276938,-0.0139864555463453,0.0178032865448409,-0.00999750559857502,0.00795616103228444,0.00196936999982092,-0.011757045172957,-0.0128102311425617,0.0116566626455235,-0.00468241424690258,-0.00285248489216299,-0.0180280396640689,-0.0341333469471173,0.00921409774326605,0.042506639757886,0.0144940278972624,-0.0372610155033472,0.0023156442702707,0.0435125354044436,-0.00230730844775824,0.0337202163666409,0.030248908030918,0.0471385620742755
"NC-2010-001-010",-0.0647589068630032,-0.0331262718582123,-0.0451783493934861,-0.000000000355791552300591,-0.0111328888539017,-0.0635717477891503,-0.0517272737538033,-0.0406819538631954,-0.02841286589483,-0.0470473672771973,-0.0853996010618314,-0.0849809058166756,-0.052821372003709,-0.120011524634049,-0.0459785799291501,-0.0644941348157426,-0.0282270125295339,-0.0455160201522578,-0.0452499304095148,-0.0602354534466392,-0.0746820341531248,-0.111095327213852,-0.0536137300643419,-0.0322089361730062,-0.0745683787193243,-0.0385015022072087,-0.0708603889412737,0.0292606579409214,-0.0990706686344974,-0.07320636216252,-0.056833694488228,-0.0885326146018866,-0.0593158972361394,-0.0692781128069292,-0.0642936855938468,-0.0584839632727317,-0.0680376485077616,-0.0260524593149058,-0.00118637049625308,-0.0175205531240797,-0.0548850611771932,-0.00000000000315341789205291,-0.0151927145770886,-0.0323289542927035,-0.0487873110868025,-0.0595201783004109,-0.0691283462317098,-0.0106629076537437,-0.0722518391143094,-0.0565340722769961,-0.0670627554654762,-0.0190337286518299,-0.0811514188176595,-0.00853873091679681,-0.0946701178212641,-0.0574178837720002,-0.0179657188680553,0.0103949656866786,-0.0211059284017897,-0.0211908829408575,-0.0607818641703322,-0.0395040106417882,-0.0512845261979727,-0.0146115736156816,-0.145134863740437,-0.0554513634764656,-0.0189312678985988,-0.093994813833829,-0.036575607783296,-0.015300851151935,-0.0492072970620614,-0.0642910012273072,-0.0342968868723785,-0.0502313503341191,-0.0671204272359076,-0.0304878815502195,-0.0316946940948297,-0.0256231459431911,0.0123569544605281,-0.0491835775145459,-0.0534243405619085,-0.0411446999496025,-0.0367829991605452,-0.0449847689152101,-0.0829279138805124,-0.0237423968977925,-0.0408891073002336,-0.0440205250373917,-0.0500397098868209,-0.0552402533370877,-0.0608939138866461,-0.0508202681890306,-0.0274962507508485,-0.0114293190580577,-0.0341643285146926,-0.061105644366465,-0.0506975059657722,-0.0407799054063421,-0.0633762976256356,-0.0779314728562307
"NC-2010-001-5-B18-a",-0.019055187850209,-0.00774850855583826,-0.054107395090966,-0.0348425705355632,-0.0403585785943753,-0.0403507125934887,0.00561917713529702,-0.0187845160404755,-0.0212453679737165,-0.0173822583069187,-0.0420886402341074,-0.0111269623353853,-0.016618534487895,-0.0114465597152614,0.0282423259379819,0.0032177530622217,-0.00163181563889557,-0.0247030316919107,0.0723859108955165,-0.0176590595227181,-0.0187525025047421,-0.0655712391790352,0.0387294578341055,-0.0219265121715067,0.0326712599242269,-0.0116442543943887,0.0113299271641451,0.018176492763045,0.0252946568676144,-0.0199923533527091,0.00421472081671624,0.0115933126188657,-0.00600194770410825,0.00388595920086243,-0.0474946216377207,-0.021062675028247,-0.0375864026826656,-0.0324109338367814,-0.0498195198088632,-0.019421040827798,-0.0263374852971598,0.0242381224861585,0.0156023899265561,-0.0269187421014943,-0.01791937770241,-0.0771229985947766,0.00417602376806082,-0.00519406271344424,0.0329113476414717,-0.0035092607533078,0.0000429743194001078,-0.00772955455627696,-0.0251090359392653,-0.0581032713984462,0.0130923532274747,-0.0039563117764662,-0.0234873590641703,0.0132695388001406,-0.00616345470100665,-0.00784173205859693,-0.00408948388017128,-0.0404363875692589,-0.00338519592075804,-0.0124894944023801,-0.0123618532159651,-0.0127654225628784,-0.00989150816440208,-0.0341616915966847,-0.0235334653003011,0.0179318492923865,0.00154542789089716,-0.0314794691988652,-0.00892345800132524,-0.0417925274465084,-0.0115504236211023,-0.00413388625944321,-0.000679624405408958,-0.00712322546806942,0.017212461876033,-0.00406951353844822,0.00591110983497726,-0.0661205758469651,-0.00190389271424551,-0.0046931109788452,-0.0641687238830143,0.0110602537248887,-0.00818198679493225,-0.0145706576580668,-0.0088898166485164,0.00302078119655741,0.000476170868886868,-0.0218820678704382,0.0061586761646769,0.022671274491123,0.0357970198823121,-0.0378932491167306,0.00685914684533512,0.00523242598110778,-0.0248095047018152,-0.00550564448195156
"NC-2010-001-5-C",-0.0180939231839617,0.0363503190154609,0.0955417069069214,-0.0349410747248895,-0.037577884764113,-0.0187513214011461,-0.0150974508193562,-0.0172901121577902,-0.0530670587298221,-0.0291418923927137,0.0835128013008085,-0.0383563292820264,-0.0604306990398818,-0.0393750144360152,-0.0375105903825388,-0.0577156278265326,-0.067719170068762,-0.065658938034881,-0.0156827045271541,-0.03316185050032,-0.03797910547164,-0.0298792902111557,-0.0327519446441804,0.111365156314717,-0.0500014971914118,-0.0378057648812119,-0.0311529702925473,-0.0196840223705961,-0.0300718607764705,-0.0328313486024114,-0.0686714824543388,-0.0363165108594123,-0.0355234152322071,-0.0468529624881905,-0.0466950777785992,0.0482969834712078,-0.051722377822727,-0.0610429762627727,-0.0199170558096286,-0.0318133104420874,0.146844699629469,0.0563274462437972,-0.0362360277430891,-0.0332081208728228,-0.0480102005821042,-0.0000000000367867221371627,-0.0485881731314037,-0.026591066418049,0.0697996538937347,-0.0385145441004458,-0.00279897668334517,-0.0425783535399877,-0.011160325773215,-0.0523739382575477,-0.0355249728791842,0.0725380987169587,-0.0228947735368759,-0.00558563988400122,-0.0275563667516626,-0.0253417090924623,-0.0408738054887631,-0.0420828440761123,-0.0109301691530527,-0.0408223606330254,0.10409288562312,-0.0211849557666712,0.10726577052526,-0.0580482920210898,-0.0497016206179209,-0.0215709061063296,-0.0594412492265168,0.00181827654679933,-0.0289464441145618,-0.0460359025190367,0.0730244740052046,-0.0379497174626186,0.0837177559877032,0.188810906875755,-0.0157828395186822,-0.0384884854514884,-0.0607477913798146,-0.0165328844733844,0.0915629596909274,-0.0331781665035978,-0.0165441555548477,-0.0365488457197236,-0.0623559582479418,-0.0438817732103695,-0.0260033448851503,-0.0231252804189447,0.0856896266107018,-0.0371560073089258,-0.0537508917912103,-0.0295812023048215,-0.0134263786598864,-0.0585636014817685,-0.0317006794526299,-0.0469561254117514,0.000523691958401598,-0.0132671774585967
"NC-2010-001-B44-e",-0.0930077420563203,0.0376803621106774,0.0365028601352047,-0.0530881519186901,-0.0895479983477478,-0.0608463028130183,-0.0630697875243793,-0.02253565338795,-0.0338101337430445,-0.0338479658715006,0.0433571516895192,-0.101769821811387,-0.0666828840798437,-0.0395081484329016,-0.0574075295420648,-0.0484651410012394,-0.0484814019993371,-0.0522494607761418,-0.0717581193303036,-0.0415302646146678,-0.0594910436270416,-0.0172246880942513,-0.0652103897725284,0.0591234180481938,-0.0264039154932561,-0.0344164065375095,-0.049580992880453,-0.0503344040519716,-0.0318955490550851,-0.0538030193411777,-0.0682960323572796,-0.0737692931471588,-0.0680186960595799,-0.06716864937229,-0.0550115980108521,0.00288970597382957,-0.0412392168599434,-0.0577559077845276,-0.0416309511400463,-0.057075099502246,0.0921789247523021,0.0300864265062611,-0.0755671591684258,-0.0614302610924012,-0.0123206695464639,-0.0592900157422624,-0.0261824653178043,-0.033555200044231,0.0244952276487289,-0.0417056380959442,-0.0399983213496819,-0.0643561034978111,-0.0540069490603037,-0.0418201382120799,-0.0321129702694839,0.0476765867716178,-0.0469445933485361,-0.0462173213106762,-0.0598791929264273,-0.0750926630318527,-0.0861754708374102,-0.0076676997418637,-0.0533163428224304,-0.0732068999701765,0.0539866599144128,-0.0676676410319597,0.0351495597978456,-0.0825967063789305,-0.0311853896523815,-0.0412229773144496,-0.0517553605756927,-0.0557226045087876,-0.0676903281912649,-0.0565684864188407,0.0451859740298578,-0.028532894728225,0.0178731237710224,0.104972854947714,-0.0440441784556971,-0.0531857993211235,-0.0845089434496864,-0.0583896259937172,0.0410458462907864,-0.04952060469178,-0.0444586130065201,-0.0403159962803878,-0.0641770510788533,-0.0672838880492119,-0.0645524794214147,-0.0216752559921453,0.0558509735965929,-0.0288969946494831,-0.0329679843263383,-0.0291140905849288,-0.0510316068081672,-0.0377456614831738,-0.010731484192083,-0.049613002706898,-0.0909623345108727,-0.0133043033798224
"NC-2010-002-001",0.0268284867452871,0.0254867300470355,0.0402693920457434,0.0136012492542537,0.0377496411165905,0.0434113681349959,0.0541821884130625,0.0601071712698396,0.00000000011946479476499,0.0858830404946141,0.0328376534829561,0.0583892786131333,-0.0128818114322976,0.0274256798472863,0.0293802543693186,0.0428366403216192,0.0193319870008689,0.0272018768309883,0.069086271110591,0.0378103701288285,0.0246218448408112,0.0522556517969875,0.0537914417318478,0.0000000000475000269265704,0.017489853360371,0.0495160583199798,0.0116957238566061,0.0364438564720408,0.0215424809156691,0.0444516700696944,0.0505485147736031,0.0368484303765765,0.0000000000275001130496382,0.0595365119013878,0.0286399497171188,0.0498922952192493,0.0674195842794256,0.0568393993093723,0.0464873485795578,0.0446510160271282,0.108613194031179,0.0278981013840746,0.0358678497271755,0.056329642004725,0.0422866715100976,0.0504838415121921,0.0545330000882697,0.0396016320085447,0.0214089738034605,0.0570023881183647,0.0650471010524811,0.00917851239797216,-0.00354960251880302,0.0441807362063928,0.062059629689563,0.022508141682931,0.0313102048455782,0.031831594622253,0.00497459788818098,0.05210154873969,0.0307256827189048,0.00234961461474681,0.0156280735017303,0.0605921853725921,0.0617246098868009,0.0607647379912457,0.0294829217501789,0.0567485993382058,0.0548007520527436,0.020688169007836,0.0405196428824926,0.0751118437038091,0.0433653032642408,0.0492660175449398,0.0716327316575481,0.0137754294110175,0.0038901936054869,0.110034683432011,0.042445567370782,0.0437653986254,0.0393160276851201,0.0267627407789114,0.0726907659413819,0.0330093825812094,0.0419703013989709,0.00909585871142788,0.0897222435292645,0.0239865617640555,0.0404651630239817,0.0461672474561154,0.036645127950859,0.0404838048048811,0.0243141718779317,0.0193000844824332,0.0521571324036112,0.0608950739986535,0.0213650627395058,0.0348202339094191,0.0407846557190359,0.0012756287181462
"NC-2010-003-D",-0.0690335294262632,-0.0132071340657601,-0.0238759146652171,-0.0297993469587334,-0.0897264864364773,-0.0343668448793301,-0.0311315924900348,-0.010370085890371,-0.0133116578030839,-0.0176568843571016,-0.0894187344988157,-0.0254148382681474,-0.0159256947716175,-0.101588740513912,-0.0237189513620655,-0.0430222556021721,-0.0233288498998294,-0.00222014233149221,-0.0470947026020493,-0.0201149716009635,-0.0105130199643795,-0.0106531970003746,-0.0253250820462024,-0.0451224640626608,-0.0491581470543821,-0.0151821716599146,-0.0359476548361242,-0.0280137352923411,0.0028176126757915,-0.0325354152523355,-0.0310375981974385,-0.0409379483370843,-0.0234531664165985,-0.0289461658801969,-0.0269043766320633,-0.0588291576122075,-0.0568618043576371,-0.0292696216151688,-0.0436430811378461,-0.039651696093763,-0.0104669669478713,-0.0105444043182043,-0.0920342268216588,-0.0143457691903681,-0.0494437745832072,-0.0821309224336408,-0.0616035854642121,-0.010634242889163,-0.070614450333127,-0.0453089397000734,-0.0162995127335891,-0.02767841877401,-0.100921483843177,-0.081606435644902,-0.0154346273824323,-0.0131895553727227,-0.0391967669357506,-0.0190065211067221,-0.072361208944045,-0.0295745665254697,-0.0363429414117577,-0.0109189012221424,-0.042071511076286,-0.0303764808189339,-0.0222556336985155,-0.0357135147513414,0.00329432484503761,-0.0257381431534664,-0.0225949971684948,-0.0260376786902734,0.00230091597237217,-0.00256780120974565,-0.0156785137600908,-0.0567715560616906,-0.0618927122849552,-0.034847015344243,-0.050061453922697,0.0138034042404497,-0.0926950903727714,-0.011482325590462,-0.0353833118507734,-0.132842576036584,-0.0741367646034187,-0.0420650770432794,-0.000000000246053040997377,-0.0335378345764711,-0.000000000141511947720971,0.0000164225332225324,-0.0224539121348619,-0.0204880967896576,0.00952192277039975,-0.0613484896148143,-0.0433308988280073,-0.0082182456264301,-0.0376954335473876,-0.0537713403799786,-0.0396288880438686,-0.025519564023097,-0.0126107415271987,-0.043677747526096
"NC-2010-003-E",0.00141071944699582,-0.0213244859027488,-0.0408477067180768,-0.0139774297596081,-0.0512242596434789,-0.0232434161702896,0.0103125855650117,-0.0659322697024072,0.0164081947892189,0.00920342359819196,-0.00000000000163390776332435,0.0427679808841653,0.0254231499893197,0.0446057028325472,-0.00439968150820555,0.00958654930037381,0.0152945866057994,-0.00544227123707862,0.0141184000233917,-0.0330614691623145,-0.0288379168626633,-0.00513610785866205,-0.00400463863173349,0.000000000172192849530114,0.000321295891578205,-0.000823868158574146,0.0153108079324924,-0.0055201128112064,-0.0233721408602271,-0.000452306846050869,-0.000816714780573728,-0.00396398227690283,-0.00500356491897023,0.0053978112951922,-0.0219723409602076,-0.013304648496249,-0.0192174380549975,0.00312307405568745,-0.000705767151937086,-0.0367331352326104,-0.00253862046467967,-0.0256649845517394,0.020162439031047,-0.00491364566403579,0.0605082922408961,-0.0285018499101385,0.00774601321868654,0.00761520719380082,0.00921855736212409,-0.0166757470823773,-0.0324439934145166,0.0323786206208611,0.00266104665170085,-0.0229168466786752,-0.00187839356088953,0.00955473181240655,0.00301114127328979,0.0161270820778384,-0.0242470486527431,0.0255727309740984,0.00260558911244128,0.0267055187258416,0.050531202132204,0.0286223111327285,0.0309366868856308,0.00245266522313847,0.0381634711668132,-0.0117516676154493,-0.0100363333050123,0.0698786586895803,-0.0374351264292692,-0.00835795118529464,-0.00844387881038944,0.0153416652719564,-0.0186161755045734,0.0102279711359709,0.038118535800544,0.0000100410051196535,0.00361674850408711,0.0230604342900929,0.0382136187892652,-0.0320807174235356,-0.0293527165998642,-0.040934113413223,-0.000461209067788276,0.00024633301324576,0.00513552562939059,-0.0116066892747074,0.000689529483612127,0.0481164002384276,-0.0326204100848707,-0.00504401904082042,-0.002509837373237,0.0142942168195925,0.0150628844715165,-0.0121426148839965,0.0589850736404922,-0.0202670288366966,-0.0175382026664432,-0.0136926026082953
"NC-2010-004-E",0.0333702374804601,0.00300294272104661,-0.0301113202228815,0.0126765710668959,0.0183567966197947,0.00272514166301464,0.0186073127855919,0.0134122307513925,0.0176638209140134,0.0146101410333159,-0.0199071484095307,0.00151255879977227,0.0265285572943414,0.0152465097461357,-0.000641230283074514,0.00160124416265122,0.00228255150035739,0.0561636161257209,-0.0133327201486842,-0.00810498326108282,0.0137431050808228,0.0132154703493027,0.0397270550254871,-0.0178482650986171,0.00477383671921109,-0.00627733607729166,0.00233666537810928,-0.00293372460081435,0.0121458690518377,0.0118716538852212,0.0117355284943353,0.0123748752161555,0.0217505970438613,0.0214424768857218,0.0153039449986897,0.00656455357593195,0.0112366133637511,0.00941435081543152,0.000300849462349283,0.00373077024221106,0.00584787021834246,0.0153708484235952,-0.0300963185331326,0.0167009983863589,0.0157392042698221,-0.0060422904993379,0.0318905973125856,0.0429359275940551,-0.0312372077652938,0.0242984879758479,0.00174585480091313,0.0156307218697596,-0.000621397706434055,0.0317391303325424,-0.0139725499549155,0.00864013148899194,0.017859847357471,-0.0216426992777992,0.00403199539881283,-0.0000000000858018765989601,0.0195167324899503,0.0266781794982882,0.0256147007103072,0.0315316769943359,0.0210120110353808,0.0312314381002563,0.0104962214269178,0.0197051018073596,0.0044095705015187,0.0219402260658192,0.0374328157404495,0.0764346971587389,0.00280493711650948,0.00962305203011232,0.0139620972597959,-0.0127934931857787,-0.00665481037709943,0.102335681228925,0.0280354962121831,-0.0335064587566229,0.0365457399391194,0.0277933410506367,-0.00515635648729618,0.0283139110278183,0.0472577171788995,0.0151745156384241,-0.00611311082127811,0.0194078449723125,0.0172374588277498,0.0396135743830795,0.0317544039548248,-0.0222460605081121,0.0110440735441662,0.0173324167329144,-0.00385922410171674,-0.00887618720727821,-0.00669140326404512,0.0243558653155853,0.0230315598376064,0.0141235564028841
"PA-2010-001-005",-0.00449220851593011,-0.00337388754881912,0.0126481030429388,0.0226317212126577,0.0492879833023461,0.0143990164325566,-0.0319679758902855,0.0237432371908039,0.032064879284267,0.029890255163234,0.0199067570891152,0.0101793555823396,-0.0032637954429596,0.0316077295858909,-0.0140609630647651,0.0214906283355522,0.00964246249308558,0.0072695530873643,0.00617375422335232,0.00917001438882907,0.0276896949764421,0.00991404307887461,-0.0380931286796974,0.00913792252760193,0.0161800880798088,0.0049196092632591,0.00466680990406475,0.00194747351849548,0.00330234618671979,0.0163499860020147,0.0642914176225884,0.0432317879036484,0.0135085942040455,0.0221801056702682,-0.00330025459882122,-0.00123201753392496,0.0642370032916104,0.00903241916690623,0.022217481348401,0.0184123236092594,0.0300624507221015,0.0111638076731422,0.0173116430576791,-0.0451745753533881,0.00435984039574189,-0.0246115513349818,0.00690643835275046,0.00929463866478618,0.0152106332866257,0.00868826139629328,0.0129456851232571,0.013015393500314,0.033829389127616,0.0327523622582258,-0.00883123216272924,0.0203098017050515,-0.00858461619191238,0.0103097094224869,0.0306818845935952,0.0808810634251754,0.0193024381097451,0.032631635387525,0.0492997040704592,-0.0283250208315115,-0.0114355407149239,0.0070230471921063,0.012551899435039,0.00731321730731448,-0.000000000190424639316902,0.00490702017135763,0.0181672789648204,0.0171320630366728,0.0466222255307459,0.014524924480563,0.00221798287616766,0.0152480851422016,0.000834820865254443,0.0110719512334861,0.0126911564647723,0.0212951834138272,-0.00146289912329226,0.0111274459020668,0.0141795968132171,0.038404238884554,-0.0134083848048262,0.0268087167166592,0.0000000000395932141608667,0.0537953024719602,0.0195299002974767,-0.0156879844204172,-0.0529446209745071,0.0114936882083619,0.0598302713941458,0.00327057023938682,-0.0123016618023093,-0.0196048825947653,0.0248661643272796,0.0237882076843902,0.00947720439055669,0.0168576735124805
"PA-2010-002-004",0.054500058890785,0.0610248975051242,-0.0893512160792977,-0.114967347406271,-0.0560406506117736,-0.0905313081436179,-0.0972284679984076,-0.0869835567212287,-0.0833284230849893,-0.105486566073798,-0.151646945804404,-0.0766227373462063,0.0397369533521693,-0.11737304541171,-0.103318276321479,-0.0545444728647918,-0.0782047843483208,-0.12576467227789,-0.116048913659919,0.0510334540446852,0.0441344068317604,-0.110724677068462,-0.0712167817973637,-0.0996541340347918,-0.113840624565128,0.0402285640798383,-0.0992919317306341,-0.118017103826074,-0.0952750252520908,-0.0988826413245245,-0.0647785346246493,-0.0945292585550369,-0.000000000342989541925342,-0.11370758349193,-0.100640966932991,-0.0897460447547866,-0.0920613741385288,-0.0986165472522641,-0.105812821665415,-0.105517893285829,-0.0900251653675023,-0.073286804930007,-0.0748876338645471,-0.0870313040956537,-0.10080987277089,-0.121734850472007,-0.0844825616150331,-0.103333271305287,-0.000000000102229744730175,-0.00000000002048010714717,-0.134878957074335,-0.115512165834066,-0.0796150113776622,-0.091086643501151,-0.0473000868912645,-0.10328169914003,-0.136854774058246,-0.110929804475131,-0.110167434394161,-0.0688211516290776,-0.135657077758957,-0.105792930539777,-0.0930479261710373,-0.0961231592601646,-0.164022909347806,-0.000000000174332885652577,-0.115058891592169,-0.117031040771429,-0.0980312547343119,-0.0553649431276658,-0.0923254164601309,-0.0846859239298862,-0.13208054538676,-0.000000000403075163758539,-0.120747764015494,-0.115585573595572,-0.0832411473306307,-0.110746766997992,-0.0796978636822809,-0.102370228271012,-0.119365995708109,-0.101754419337544,-0.0760642457629391,-0.0827145005095439,-0.102461791023621,-0.0668278994369557,-0.105559847589902,0.0644305099159609,-0.0771359265336421,-0.0736802984809241,-0.0827336315716969,-0.111196428072795,-0.0951946668661925,-0.0770956537007741,-0.091771304435383,-0.0663167271945042,-0.152267179183076,-0.136806471055772,-0.133957740331715,-0.108360299307836
"PA-2010-002-013",-0.148326386899397,-0.100657692783084,-0.0753739979690408,-0.102896848867061,-0.124251857192003,-0.0887969460619218,-0.107341462247516,-0.108268859640964,-0.0898946522411894,-0.11758058380928,-0.106074244969003,-0.101770911361506,-0.140160446480706,-0.114976115275629,-0.135642669919161,-0.12246413793247,-0.110681461064394,-0.107009885207396,-0.0898693885907184,-0.0936322251378918,-0.11839058971795,-0.0756366009742606,-0.0513870581637368,-0.000000000489274145889111,-0.107525701696226,-0.0751525970614453,-0.0690690626949313,-0.10842168205236,-0.114615201788598,-0.124370236572087,-0.100201775649934,-0.11646187039478,-0.121427799801899,-0.124985847881245,-0.0619594763688765,-0.145202604722379,-0.0800312455080297,-0.0972339802317261,-0.118310186474129,-0.089005778512053,-0.160449351722273,-0.120400327642534,-0.12729689988979,-0.131545281969879,-0.131520299777433,-0.103586985269344,-0.0780382213583166,-0.110562512326337,-0.0934135449067829,-0.102616716608747,-0.130805743309139,-0.103662925615616,-0.116834005563289,-0.0702983682325337,-0.088519937249054,-0.126030206067666,-0.0990610039815175,-0.12609894105991,-0.114889029501583,-0.0741403409930512,-0.11392337372292,-0.102728794596116,-0.143834083598373,-0.0987213953020787,-0.126810409224633,-0.123719858545682,-0.096743529984037,-0.108600448780571,-0.000000000542577346323552,-0.121683620451543,-0.131865324912203,-0.114466486127353,-0.118346566871667,-0.000000000386920782131051,-0.124523784793264,-0.0983013632456666,-0.117394130781938,-0.106131299119995,-0.105282860469703,-0.102790587286232,-0.130458629554457,-0.10075944403839,-0.131209433744642,-0.0865031008282313,-0.0849379491107159,-0.105194794094255,-0.0851737114473119,-0.122122007805379,-0.150065537058828,-0.122505671509762,-0.101742360249711,-0.131264457198785,-0.0631771366875997,-0.118578618619299,-0.000000000541776542364779,-0.000000000265988364167582,-0.0927632643062891,-0.131629620054276,-0.0900306793546251,-0.088344373723059
"PA-2010-002-015",0.00300089557222014,-0.00169455839192766,0.00458095313509203,0.0177394731517259,-0.00627242621263076,-0.0214776821236587,-0.00696549427178561,0.00206874287944857,0.0444688841394011,-0.0112392579705321,-0.00432925484596442,0.0404165971288003,0.0023581447318115,-0.0118025724819123,-0.0514343683129444,0.0145566722483003,-0.0276132526160692,-0.0172236059570049,-0.0220290717701412,-0.0107875591281723,-0.01267888238207,0.0141676868663288,0.0430433414120808,-0.0254676334423302,0.00902595070756441,0.0290748603937505,-0.00434742310629653,0.000397275626596553,-0.00444289691677844,-0.0350106045057706,-0.00638278620701697,-0.0108435303515531,-0.0313902848825529,0.00298907544948202,-0.00314955175010256,-0.031761566237562,-0.018192988360371,0.00953787765495625,0.0181196960412557,-0.0043147270391616,-0.0148783239967444,-0.00176761361212415,-0.0292469997342544,-0.0279324092538757,-0.00732937780924849,-0.0100480520392044,0.00611290169240587,-0.0214481848018865,-0.0162960598355719,0.0251905229052174,0.00503141575090585,0.0270737440249173,-0.0220762028748523,0.0166704437576093,0.00282446065280958,-0.0362345237734821,-0.0165120044678511,-0.0278069498634748,-0.020760098369789,-0.000000000155940719327423,0.00312826175035927,-0.0350696198142253,-0.012095182134989,-0.00850593140113684,-0.0283080889919392,-0.0291554671812021,-0.0155664259623284,0.0194179754682818,-0.00910725888775059,-0.0235469874037397,0.00978899334431476,-0.0384149831079311,-0.0105697536076621,-0.00823462258771633,-0.00439782153198794,-0.00300112234426605,-0.00934021660005671,-0.0154851014017527,0.0276346851100991,-0.00285614974426251,-0.00946005571677453,-0.0270303945482218,-0.00205184018283615,-0.0162288745565623,-0.0000864698338641119,-0.0131430687825417,-0.00000000000684689203057171,-0.0169985384899989,0.0163132706269442,-0.000232509601307098,0.0349260855053286,0.00382392582995788,0.031401743174311,-0.00185678803086966,-0.0377100090812963,0.010575408302298,-0.0298412167658102,-0.0102489502826899,-0.0281864938704645,0.0137882226107747
"PA-2010-002-B3-b",-0.20088914346099,-0.176012306545013,-0.174513495998535,-0.205871712565849,-0.194581517240622,-0.239898498092222,-0.219827173814125,-0.180615818159506,-0.219282220158956,-0.232754963756579,-0.208717145455418,-0.208340515133052,-0.199208786999905,-0.163098030750179,-0.152333119266679,-0.227478877482965,-0.220011138678704,-0.215544726583689,-0.174771084989868,-0.200134288334963,-0.0771824498598864,-0.225130234482725,-0.203221051588196,-0.210056316021185,-0.212881497903514,-0.156955551718305,-0.226505838389475,-0.214664613332696,-0.202663573275702,-0.0950448925744225,-0.257778862134891,-0.214164139511828,-0.203795882624379,-0.24311479661471,-0.235164903252342,-0.195458751389891,-0.198027819314805,-0.213317597327791,-0.189142129437118,-0.204948466280974,-0.16464093331731,-0.218444683516381,-0.190445802068401,-0.204921245484825,-0.159101574388308,-0.189969780146309,-0.220392906892028,-0.148306965795629,-0.24926843954014,-0.19517129922937,-0.20272159441957,-0.210733819382499,-0.22259797812046,-0.193536307967343,-0.127365263175805,-0.193656786981346,-0.0828331149901106,-0.23840962763944,-0.182317045369749,-0.26306516198782,-0.22396633606653,-0.000000000506941398314118,-0.133869419500888,-0.18349075344771,-0.232781351851585,-0.000000000439413290291221,-0.232157713675388,-0.188794244944977,-0.240213214022953,-0.11072156183746,-0.229240372174749,-0.205931596808451,-0.224091464108658,-0.134442444049773,-0.168777361602471,-0.212978555233365,-0.16656895676405,-0.170629087287992,-0.177451587853641,-0.185381585908223,-0.266317282164527,-0.164442413301745,-0.225553902140598,-0.203759150410784,-0.175941836636271,-0.214116048060407,-0.000000000153496780054067,-0.0912120338476337,-0.0235245408510774,-0.191091417334917,-0.19393049242294,-0.0878388477374115,-0.169438967763284,-0.18857979180211,-0.23738720732717,-0.173053348490623,-0.194067781749735,-0.131203854655429,-0.119475666170376,-0.17678965245261
"PA-2010-002-E",-0.0909083319689059,-0.083749224178255,-0.0711907964823043,-0.0502809968741379,-0.0980765492002479,-0.0651486600708393,-0.0764242269112809,-0.087866605650173,-0.000000000537880764103319,-0.0894473406797714,-0.102650134026343,-0.0999413718261409,-0.0658831136684312,-0.0813377499176367,-0.109508120894125,-0.0989975769588325,-0.119525511054058,-0.0645605251149266,-0.0812365136048084,-0.111936083757754,-0.0760398441655648,-0.114762211575462,-0.107107715479369,-0.103499473905149,-0.101201552271718,-0.104300212806569,-0.113410600311559,-0.11287729838937,-0.0918070880322399,-0.0971021074200498,-0.107020208708903,-0.124204731692386,-0.0962304186123746,-0.117407468898644,-0.090227498222028,-0.11477715781754,-0.0860190206438431,-0.125011405622303,-0.0952623935124346,-0.0782470394943563,-0.109933273245901,-0.0549391598319256,-0.108413998153751,-0.078368777225917,-0.0724757304753299,-0.000000000139628469183471,-0.0667320758495325,-0.117456103255102,-0.0684252876688105,-0.0733897130413972,-0.0809111828439882,-0.100410499589991,-0.0579979589572786,-0.103662623483621,-0.106982374217589,-0.0622846006401818,-0.0856072162950768,-0.116130173080097,-0.101681310149419,-0.0960637487755324,-0.111040217306204,-0.116450626411482,-0.134217449117297,-0.0696514980259554,-0.0781481240171384,-0.115094458130475,-0.101475792239127,-0.0743748410066421,-0.0975383059717107,-0.103365411225294,-0.0958129614992114,-0.0742489402969966,-0.0747767488366123,-0.101223903853292,-0.0882354912971734,-0.0825555606739307,-0.0879700571173269,-0.0766958661520391,-0.0791152512042805,-0.0938292278131891,-0.096881276508558,-0.0625977796781615,-0.0708815720952571,-0.118389070531366,-0.0616449802656893,-0.115760241393299,-0.0825486056736911,-0.128652419574869,-0.0564937187366604,-0.109747414425328,-0.122533130134506,-0.0850781954305046,-0.0882085773914885,-0.0573572895098337,-0.0559315485464076,-0.0845676659437153,-0.0633717806772822,-0.0949579919037734,-0.10689007584911,-0.0753451955891643
"PMS-009",0.13705791816661,0.167688024877053,0.169131964229095,0.0816965679199866,0.082862982464468,0.193425281172413,0.181667560163196,0.0919694029641948,0.162429188928457,0.0759505648506783,0.195659570997907,0.15316492654301,0.136715345669102,0.180690145687675,0.192485200153082,0.136837596611483,0.141669258760691,0.0609947005714412,0.230541900293725,0.201732786230379,0.184373825894665,0.153456231996556,0.102037333826245,0.189543524148999,0.157123116888578,0.114933794851912,0.175923346334795,0.0984265971467643,0.14199087699657,0.147522153080971,0.173151209567796,0.162932069296541,0.152408143783072,0.168730876533047,0.12863859522134,0.14895245024535,0.16345045610051,0.14918699231631,0.0865804842450994,0.178133356102249,0.153906103637861,0.116278015619197,0.143274368986153,0.11248377404945,0.158458676105693,0.188991140300069,0.183480391261014,0.163413902167184,0.130226426410168,0.0973127816509657,0.0611048308651394,0.16704786901146,0.142250496089356,0.102180980273571,0.202765603115807,0.210981579817222,0.156588459744002,-0.00202540709203793,0.108500044557086,0.00000000040588972321561,0.144588565361519,0.172928753900947,0.151207976761815,0.141834737242376,0.108774421485924,0.203304734209262,0.174922906984494,0.203793958617876,0.168042368100289,0.175985052242145,0.0790698545235319,0.143848626232987,0.142771417611625,0.0555578685855571,0.016344157253515,0.146895171320508,0.167498270726366,0.108632031830803,0.158813808824597,0.205311797087921,0.14794973210363,0.164723114467744,0.19350220728207,0.149067987827195,0.175143292022677,0.143024065430769,0.101649685379425,0.195411133412424,0.157973348524466,0.147987155408628,0.144549565577603,0.163634743129135,0.149457104241302,0.180681886177612,0.126000212914116,0.142974030411648,0.176794177716597,0.0870285188277485,0.19177916336664,0.152988196887077
"PMS-014",0.197469761732727,0.257417028849915,0.255507757658935,0.256643980822001,0.210850666153423,0.219502091256473,0.208470680629306,0.142560242847815,0.170921738098478,0.190345870748533,0.000000000553076873573654,0.242803192894864,0.202051053798721,0.19787134998133,0.196403406335432,0.277140242362072,0.187558738643054,0.200485619922119,0.227381696729382,0.222332944212699,0.233684278578918,0.000000000501268919137296,0.243823545365997,0.000000000351320062273077,0.148861409875224,0.159507120612291,0.203819453651281,0.212800519608789,0.137787331901199,0.221053257464995,0.201792592954687,0.196547997329331,0.21619021632528,0.194079182718812,0.232216225822224,0.246084643544792,0.210239130652835,0.229152100369168,0.210679003315801,0.178750395857797,0.231862266943077,0.188190615111499,0.172071699747848,0.211867388388584,0.211488073218943,0.210872431907183,0.165482958981507,0.245265347710976,0.10890449764512,0.195214913037328,0.121826855506629,0.183042423917234,0.245210484566278,0.218407785371795,0.164338908395474,0.202084027148087,0.191348197475649,0.0386826308825101,0.179059644342881,0.114416406131599,0.22795023623849,0.19427517795142,0.146782805377686,0.139730492592112,0.179592801825162,0.208634766974602,0.245476264879374,0.219494660097407,0.23836859568261,0.109999541347153,0.140913589743587,0.222871092092672,0.259673824453564,0.161342242393914,0.0911977420665151,0.257632851999123,0.231715663158111,0.22490990584799,0.111171050234012,0.287293986240878,0.119409905394727,0.17713755047177,0.173238946060298,0.249945451835577,0.000000000663657161172078,0.173337028182568,0.196080823775386,0.202890604923273,0.20990120419412,0.213627630513442,0.176629747155993,0.208235230666459,0.257734616988552,0.225878086949682,0.171383873024129,0.243028782032761,0.219506370694713,0.231367041483311,0.234116355670515,0.215988443505813
"PMS-038",0.135249752029468,0.0996738777487304,0.156311877165748,0.130984911314213,0.135075208475296,0.175036675343393,0.125437163434361,0.101682596367339,0.100008241754788,0.108700989710374,0.129435882048984,0.0747768692234276,0.131197692332361,0.146926240312781,0.152117041571909,0.137091824512181,0.104575774432683,0.116432922077427,0.108602203154984,0.129031799335066,0.153703665211827,0.131256240150393,0.145251648036643,0.000000000147376907705409,0.0960213021172928,0.110709841495003,0.117937266850552,0.076928843349923,0.0569611755299772,0.10917418257336,0.0967303691921021,0.0922872424370728,0.159636736195335,0.115319563649498,0.179298716530902,0.0857230687146866,0.145862375968682,0.0650788833996751,0.00000000016614967649756,0.16589917777263,0.124541624040926,0.00000000024480519833451,0.150423336022307,0.133488469610389,0.118857820051751,0.105191427173014,0.159322777519057,0.149784185005037,0.042608579709212,0.000000000131232052914379,0.112639307230477,0.113673791372432,0.1483590541906,0.172350115840655,0.0694114919905804,0.122919683488917,0.091517220222874,0.00559031029556596,0.136744981267207,0.0508203362613005,0.166253229444147,0.135098287262319,0.127916300715357,0.113758394150312,0.179338972628065,0.166402460834376,0.145302742759076,0.0985950789595856,0.136918169622576,0.0499321177741872,0.110869711136684,0.0692707244149299,0.128517727368023,0.123749539302947,0.0360364376020566,0.155842557376464,0.126119543626228,0.122613205951205,0.0496123863951005,0.0639028513834998,0.105134677064807,0.117138625524119,0.0881957367234609,0.139656864360718,0.143793587263809,0.193703024348613,0.000000000382734372944622,0.114301768046846,0.115204276076829,0.118394627657522,0.100876788527346,0.136841604275674,0.130538519011958,0.135660406119419,0.152365272713464,0.165872372659182,0.118811163974378,0.111894759456839,0.054537396744449,0.0752421665637254
"PMS-087",0.0404652095187024,0.00374455319102578,0.00705957822256709,-0.0169896339337175,0.007655524935989,-0.0225364267366495,-0.000221498275598166,0.0135270049285057,0.00781382266575358,0.0459870422670427,0.0681164673398141,0.0066872843142407,-0.0150572384507994,-0.00786241019401862,0.00728445889424833,0.0284171833888233,-0.00207330190824038,0.0510652708194471,0.0409951485067681,-0.00455914806736088,-0.0307784510073212,0.0341198999920176,0.00841618040380799,0.0269466573163848,0.00319142805407776,0.0067598789747027,0.0112656318655837,-0.00807436169647839,-0.00926296338500671,0.00106177815822496,0.0294969593840305,0.00844455835059437,0.00212367375931088,-0.0197785211356522,0.0209286691506613,-0.00176098023395064,0.00171583470634031,0.00498246728851814,0.000155562194542439,-0.00823586165193917,-0.0095126649183077,0.0295859560958112,-0.0156056071686638,0.0405842673566059,0.016083151395264,-0.0101882014842068,-0.00832382405947303,0.0222299635416892,0.00370628847684267,0.0134980666179542,-0.00355563111360398,0.0255823663153158,0.0031215865292652,0.023364059721239,0.0233013168120737,0.0464962673745104,0.0119204285637595,-0.0110618761668436,0.0159113057211066,-0.0100502610522169,0.0317723319395203,-0.0283626832614641,-0.00190412161481476,0.00480409491848951,-0.0216328069375027,-0.0208537870675228,0.00711002577829769,-0.0190012647180051,0.00655537492678389,-0.00703195861759646,-0.00533242167811503,0.0112742319821537,0.00650434803975181,0.000000000234992860159137,-0.0256822743986833,-0.0256577012648641,0.0114238928328633,0.023319748252497,0.0112016723093225,0.0220405393831853,0.0266876377230274,0.0291266259720917,0.00858777510907681,0.0262894665115714,-0.0409905808697894,-0.0337535925070355,0.0175867907776643,0.0582441782578896,-0.0174161875736968,0.052766332140338,0.0150983209298714,0.0246011460666114,-0.00875767992090906,-0.00771305141777761,-0.0273118452093761,-0.0404242612686884,0.0106622559274552,-0.0460828672478936,-0.00746845477823497,-0.000635115356117935
"PMS-130",-0.125071774787125,-0.100815378645891,-0.0947080748313899,0.000000000302852776395598,-0.0401411372709172,-0.130228214085378,-0.0699943939880236,-0.0937407640642927,-0.0158654770629252,-0.18227088719164,-0.0737501269761285,-0.133149645004247,-0.118803495946413,-0.127058516905022,-0.154776031786664,-0.0946525081129356,-0.125750272675992,-0.16309218351684,-0.152156496403125,-0.121847834819428,-0.0905973944437824,-0.000000000546920365199337,-0.116510960641064,-0.000000000357008464251024,-0.0623277742967957,-0.136933657973936,-0.147592612391028,-0.123226935537999,-0.118922038069263,-0.122073205655962,-0.123445590671612,-0.118173599900976,-0.132422814385765,-0.191718453015437,-0.123742431878735,-0.122175521396792,-0.132281642425175,-0.119552658119059,-0.169106070825842,-0.172868943241045,-0.117074527430549,-0.113288842352156,-0.0305399583633519,-0.108433713989808,-0.0742418119984014,-0.0699637076404247,-0.13048124954181,-0.161692169924428,-0.0371632396150751,-0.153472424979303,-0.116918452365139,-0.066526191482697,-0.127626241251485,-0.0802640572392795,-0.142343725642868,-0.13644245065828,-0.14030836641042,-0.130476560238,-0.115260132070622,-0.124263455601345,-0.149252407881662,-0.147030205835249,-0.0716148811031176,-0.0853881704069828,-0.111903214470735,-0.129931041509681,-0.148268935581099,-0.0347557071602172,-0.149341991673978,-0.128819655861989,-0.133910427995973,-0.13513344440692,-0.14227683250033,-0.0543903780803399,-0.0784141080607758,-0.05484142884941,-0.0414734759786276,-0.136139781684513,-0.175416581539976,-0.136294761471142,-0.118056185597152,-0.120037665757012,-0.0752547447223789,-0.121447857191972,-0.0322738726604678,-0.0574766429643293,-0.186748889182044,-0.130521430308676,-0.029763109522221,-0.122725942915798,-0.163119223388689,-0.151591517682031,-0.108141262078948,-0.110050141564612,-0.0000000000271184259768877,-0.090938114397129,-0.171869909419156,-0.134114097497681,-0.117407089942786,-0.13018378936798
"PMS-131",-0.159535309367622,-0.173382888550498,-0.112813536845832,-0.0856558971847132,-0.0528495692883791,-0.089568489084501,-0.169988621129002,-0.12738209204197,-0.0255055051663427,-0.127608327946391,-0.097088071314075,-0.103797589227395,-0.141012330520625,-0.159681322204876,-0.155554973720117,-0.156430447558312,-0.087217103343608,-0.159107453936848,-0.120060287506037,-0.143020401947408,-0.0886998926411659,-0.125230482996614,-0.130811860441615,-0.125249649872024,-0.10428702145966,-0.0967523212411852,-0.086232855254667,-0.122319138896253,-0.115047828124054,-0.139997193902964,-0.139810479092174,-0.126892821753375,-0.142360430259353,-0.157632460865512,-0.116518472774985,-0.0782800890506812,-0.13779481640303,-0.148408059993734,-0.11971292960305,-0.0362437583878287,-0.0906010146229644,-0.103637315847208,-0.0267185881288067,-0.119113786015496,-0.136401558366612,-0.162208616864352,-0.156262451187131,-0.12100612473362,-0.0517911480039523,-0.11072345628491,-0.099904060861601,-0.125488914636124,-0.140132743469787,-0.150219854897746,-0.141046311907768,-0.0653381347598394,-0.104388539458453,-0.131170606619999,-0.130906164891785,-0.000000000173296776215644,-0.115018437529228,-0.138790983093277,-0.0666970144346068,-0.146400398544363,-0.0425824439109983,-0.168310499431479,-0.17052860323863,-0.040544526628086,-0.130864113731267,-0.00000000020155004350794,-0.110442088349148,-0.126814431803521,-0.0986456993676399,-0.128499635819689,-0.176576834369509,-0.0423020751006665,-0.0961119237879227,-0.0930242716884365,-0.172658331808692,-0.100579889265896,-0.130160982675023,-0.12241253487389,-0.130928431743123,-0.112270282153277,-0.0167576816188812,-0.13237997780302,-0.146857283668767,-0.112286593593147,-0.0370462982255128,-0.123153508436658,-0.156088578496083,-0.14486406311828,-0.10621119969665,-0.0741349424012994,-0.0980840055273449,-0.103785889015719,-0.0986941209631337,-0.0518657396429012,-0.153676389880631,-0.130563351439111
"PMS-134",-0.0781949139836518,-0.0504404125724973,0.0311471509310143,0.00534058644391684,-0.0385042031083221,-0.0477268219937061,-0.0582929952131214,-0.000936783552509122,0.0423019013989061,-0.0368624479518648,0.0231051533034452,-0.0642351063990533,-0.0570577833905127,-0.0564630820731062,-0.0413858452233837,0.0177174211928367,-0.0378602189992172,-0.0102573193304157,-0.0258328623404005,-0.0778163322537808,-0.0597557087127589,-0.0390041570031973,0.00391815176360524,-0.0579418937590244,-0.0776633551493934,-0.0299814667947367,-0.0467863593968737,0.0136874654742723,-0.058004369937033,-0.043932452967309,-0.0274857904545638,-0.077746201214474,-0.0432553117625985,-0.0455935799473077,-0.0292457555960771,-0.0828965827581979,-0.0197739571932877,-0.0821334040323049,-0.0767107767391307,-0.0977528655047417,0.0103556688673184,-0.01397729092859,-0.0615417874132353,0.00020757404841072,-0.043171655059474,-0.0689874377849395,-0.053656756981738,-0.036944541845986,-0.055914798613932,-0.0000000005240686726499,-0.00880940254141014,-0.0519855408118233,-0.0671698684551441,0.0179801865991963,-0.0287748946706613,-0.0774231723754847,-0.109084087847342,-0.0364329798958646,-0.0371370559664252,0.00685074297790376,-0.0377535361860289,-0.0443571215536276,-0.0438850999704366,-0.0303837852879082,-0.0709987691310962,-0.0234042083325776,-0.00548102757434639,-0.0033230314374388,-0.0606844906424682,-0.0474578001706496,-0.0159527290459796,-0.0401338037564736,-0.0758684135643141,0.00000000000116015328005714,0.0158434014047156,-0.0481037219086213,-0.0665435250984521,-0.0602570479255394,-0.0131534128913668,-0.0439446590008617,-0.0541452135094322,-0.0830962891109235,-0.0533032956629029,-0.0573508785235613,-0.0602559975622286,-0.0236715455458536,-0.0910342837300991,-0.0405942712027319,-0.0683049399018989,-0.0585055290605335,-0.0545488020647917,-0.0414902978299342,-0.00950949130674606,-0.0729528673010787,-0.0795678152923406,0.00186087500984035,-0.0134886285488546,-0.0574997398512269,-0.0675525224990351,-0.0728216570735951
"PMS-144",-0.0686914586294479,-0.0313409116175258,-0.0351819871194477,0.000000000441510674905377,-0.0724223562797866,-0.0219649773056457,-0.0267347462323875,-0.0641228150842531,-0.0540035706168178,-0.0464480631516258,-0.043913122473628,-0.0226185038505396,-0.116064326461387,-0.049050376549328,-0.0880974778436819,-0.051137128345459,-0.0578594289954221,-0.0182494969283796,-0.0330957325851692,-0.0369119276666853,0.00825120689443978,-0.0411970984651395,-0.0433045359714714,-0.0430311980904755,-0.0338786959885763,-0.0487505993805936,-0.0631550104606301,-0.0754719194864908,-0.0719711579381214,-0.0684601652219442,-0.055949693167043,-0.0418661665246937,-0.0302762152574891,-0.0326199789239324,-0.0595880805241465,-0.0837431801628822,-0.0614050458134971,-0.0207994762873851,-0.0450220190044022,-0.0437316370013053,-0.0408912531432721,-0.100504250329006,-0.0519086077938078,-0.0668747320282794,-0.0392802229313911,0.00343509675001048,-0.044206836174008,-0.0357733822374375,-0.0721591000856028,-0.0878892551172286,-0.0612365031771442,-0.00846799194283034,-0.0430456930862183,-0.0857706446488784,-0.0822976037989542,0.00324494387336712,-0.0756874378187575,-0.0406952825047453,-0.0205465350048371,-0.0216133702264556,-0.0417107222729486,-0.0452861059794315,-0.0842050541918969,-0.0683970388382984,-0.0555753960393102,-0.0230880109409016,-0.0123653203404617,-0.0235493625728766,0.00000000027785546553208,-0.0538333107044685,-0.0375560631897598,-0.0241057437299937,-0.0712019265751528,-0.0474918728480605,-0.0596291547452828,-0.0439717071323281,0.0312415529511333,-0.0768250228373392,-0.0248301869981342,-0.0667905552091473,-0.0756544149840744,-0.0323249168247365,-0.0434313179313239,-0.048165451776859,-0.0430612495223905,0.00282987807564988,-0.048911461401029,-0.0186981400233174,-0.0533532169708637,-0.0633983930462326,-0.0413665353238019,-0.0463108230685139,-0.00896755419149913,-0.0222121384678297,-0.0498722945784995,-0.000000000350143331799729,-0.0733288471794367,-0.0405689007000024,-0.0421692798871693,-0.0752266116554376
"PMS-159",-0.0386285336936183,-0.0608140264933874,0.0469934453356834,-0.0567422191434448,-0.0148385916393762,-0.042324388108915,-0.038981737957624,-0.0729866690838762,-0.0191833915709569,-0.0263174938107187,-0.0512511378994716,-0.00556672021879384,-0.00444205525602002,-0.0184291062706996,-0.0345872418142152,0.0285672398024359,-0.0486011750568938,-0.043056066631136,-0.0428969859806689,-0.04635562486228,-0.0271977564824529,-0.0397931156305839,-0.0114681196176527,-0.000000000164466644929715,-0.0670668362904304,-0.0566571759871445,-0.0519666954481445,-0.0281782980298158,-0.0491153061660864,-0.0457003399472176,-0.00137852265351514,0.0100785013206897,-0.0549161879871514,-0.0507464083059416,-0.0508721233094137,0.0123068483952227,-0.0423892078349748,0.0177836200531823,-0.000000000442911226051605,-0.0556556895513327,-0.104646892897684,-0.0794239851642749,-0.023639165699775,-0.0887909503365802,0.00611910375906153,-0.0833344168445751,-0.0258382066512337,-0.0540241483334715,-0.0565844120633191,-0.0322507086513601,0.0278431820704368,-0.0509616877511333,-0.0499298136913604,-0.0715839641366116,0.0108219108288847,-0.0545991263066465,-0.000624692952838566,-0.0696220569346577,-0.0123004036626559,-0.0837239209161872,-0.0279831367396278,-0.0546057653518546,0.0395292183693095,-0.0617681030998431,-0.0575904422618445,-0.0351248589016722,0.00220956604717515,-0.030986577828535,-0.0819224959405991,-0.0139193974233888,-0.0127953007807003,-0.0334067457277934,-0.044705845974385,-0.0475116108928716,-0.047127308390109,-0.0223139106747369,-0.0462637831332786,0.00883905522912102,-0.038854044308236,-0.0314580000782966,-0.0198404133881035,-0.0589114826030265,-0.0705519705228025,-0.0248229139898544,0.0621152935813143,-0.0748366578602283,-0.0395829092602769,-0.00831120107738867,-0.0517249758212079,-0.0449248755329107,-0.0235559062115057,-0.047480217402055,-0.0474012399882439,-0.0524666721829727,-0.0619358740580668,-0.0264069452834275,-0.0035661848093718,-0.095290147580243,-0.0447988475832097,-0.0594715046162748
"PMS-164",-0.0287189580155053,-0.049774905631281,-0.0634341880760487,0.000000000472589554381527,0.0143952524711959,-0.0262783493145144,-0.0350831104054213,-0.0206143697718726,-0.0315886678616139,-0.0695676764070867,-0.0305796698080641,-0.00175000497478013,-0.00985573509219941,-0.0123259468660968,-0.0150189265290071,-0.0607862165165304,-0.0430888327766678,-0.0444942569236113,-0.0446928543424054,-0.0427591921184587,-0.0559140002304274,-0.021157123093068,-0.0330262507848795,0.00806277569048707,0.00436951533837602,-0.0414602448367083,-0.0447001871020601,-0.0237600805916006,-0.0109017601082609,-0.012977627199632,-0.0223492881697891,-0.0232399996784132,-0.0500300250268975,-0.0376773575547588,-0.0269431625641664,-0.00998068405368249,-0.0474014608772722,-0.0210528439271862,-0.0259904660919908,-0.0164085142762287,-0.0345841009154502,-0.0104900903591984,0.032646219535536,-0.0132367109635907,-0.0147161648809319,-0.00000000022264063588716,-0.0304889788852193,-0.0171343823769243,-0.0393615681843829,-0.0294166480178642,-0.042869075583672,-0.0326134265191592,-0.0440324081906172,-0.0625746676760556,-0.0358319750165539,-0.0429074375930387,-0.0138917248800615,-0.0136922618225099,-0.022488739743175,-0.0528745196892429,-0.0355029457817139,-0.0638008082277125,-0.0232539637745471,-0.0624616022008659,-0.0588155102475793,-0.026178717166476,-0.0390538260434228,-0.052974467288995,-0.0224352777588588,-0.0220300834281734,-0.0153459872337719,-0.036052743275414,-0.0408622395367108,-0.0386258259418945,-0.0911667722604005,0.00725370253634871,-0.007470987416918,-0.141394844359052,-0.0275265095244202,-0.0257799488275258,-0.0244488530743496,-0.0177288474938904,0.017858268708841,-0.0386537222643264,-0.0612666370098497,0.0132944408918781,-0.0223263687687373,-0.0389744392797884,-0.0494626356875172,-0.0998327053330172,-0.0519840410994057,-0.0781863710913029,-0.0358255347801039,-0.0634756809938814,-0.0573747666435479,-0.0118991705787829,-0.00710322116681068,-0.0392463721486526,-0.0153974148651991,-0.0686868976065153
"PMS-178",-0.126190520337956,-0.147269691159839,-0.154461102070599,-0.141901134534457,-0.16194967840618,-0.129742307698811,-0.144431338809681,-0.134473102970402,-0.142548576522653,-0.0919252713144,-0.146226976650412,-0.128028277462582,-0.137025555902922,-0.125368076525141,-0.118848768049146,-0.124452216658605,-0.123998788248328,-0.111857065395214,-0.154584305832885,-0.13865740520465,-0.116972627993165,-0.159700840479693,-0.143869021880451,-0.000000000301025362877659,-0.144108406002138,-0.119647623888466,-0.129534242417252,-0.139824031203539,-0.140844302704075,-0.0665502788649893,-0.131642995039949,-0.116531543040317,-0.0997075898010797,-0.139383638812241,-0.124325450441461,-0.116238022758481,-0.107032403508884,-0.0990293769995917,-0.130281151155741,-0.141459002912849,-0.176887787590061,-0.169836644912802,-0.163210035507425,-0.111105983805285,-0.146561503529929,-0.1520370220023,-0.104847193652219,-0.159407831282792,-0.137658840210894,-0.10298695778298,-0.129740039574762,-0.0727700525514692,-0.149198842295198,-0.142581047167714,-0.0861943254965967,-0.117945979918166,-0.117750726912931,-0.14306539456161,-0.136499707687741,-0.158615253719966,-0.0914551222175049,-0.0859688962007956,-0.15251246087035,-0.137953439105995,-0.136970736992086,-0.11967248824976,-0.117465974996498,-0.158375305081348,-0.106701252898326,-0.000000000114383683941232,-0.124672242247382,-0.143185225384664,-0.136562206825738,-0.161341442526823,-0.127864627922127,-0.163796822564035,-0.179885001602249,-0.196435685953975,-0.139794069429254,-0.112299517284406,-0.105387675491823,-0.0875050671684045,-0.156227546644462,-0.102796930043109,-0.14503582692791,-0.181557153551016,-0.103082404928341,-0.138629423942183,-0.13337674512856,-0.0946665598536424,-0.0941068118235667,-0.142514182131892,-0.118266252916886,-0.123075294896293,0.0000000000736980041213108,-0.176761970616286,-0.134010954673629,-0.139754590148953,-0.101777893603053,-0.115266813038575
"PMS-183",-0.123660530868911,-0.0447730340378559,-0.0992336890283329,-0.0882764750925551,-0.115557666731001,-0.0882910444333527,-0.113294968982873,-0.093657088088134,-0.117317678666124,-0.104122716312481,-0.0648892171816697,-0.0989193273895351,-0.0247805697805896,-0.111942779716941,-0.0853095851741713,-0.111134513050942,-0.0691586298179972,-0.0953711952999841,-0.0901248996814919,-0.0272590097014633,-0.0831224458061153,-0.0614625268871311,-0.0663715980326032,-0.0942552267827844,-0.037410376371449,-0.0671587266263333,-0.0697277403644967,-0.0537470918396344,-0.0869592565989886,-0.11821006664517,-0.0693357581111055,-0.0640919714651182,-0.000000000141634255569508,-0.102071063731611,-0.0871627806444702,-0.0240524430670604,-0.0818848813597515,-0.0832577390416066,-0.132571096160518,-0.0969823700962666,-0.0652798605253335,-0.059353118251779,-0.0852998740080769,-0.125127716980812,-0.0943580760765188,-0.13412259705975,-0.0907055625019601,-0.0852372511153384,-0.10121372512381,-0.113847148246942,-0.144042546844742,-0.0584509646363272,-0.0703168758786769,-0.097740189507774,-0.0899117113946344,-0.0990612017700931,-0.0916276960617362,-0.0646644626339816,-0.0872701002599327,-0.0912264623041559,-0.0747208822874509,-0.0913321317338686,-0.0523061010999333,-0.032605121952205,-0.12417024675947,-0.0874060950966777,-0.0831465118568462,-0.0978739144024336,-0.125878719941969,-0.0878234891648265,-0.0898848476400577,-0.0795279855853532,-0.119674769135321,-0.113321270317387,-0.040710897262661,-0.0765890816403937,-0.103757105240739,-0.151298308760976,-0.0447346836526529,-0.10937449729417,-0.0762779281602847,-0.082841247678685,-0.132816919212153,-0.133048077571691,-0.0000000000829350763369781,-0.110142601490178,-0.140388610556313,-0.111607522948669,-0.0975932154584112,-0.139190826492103,-0.087690928954557,-0.0661515534231409,-0.0863267705456669,-0.0848131159397421,-0.0737043561591486,-0.12352866882577,-0.0681763478513281,-0.129882355616298,-0.0364024528898333,-0.103687814041913
"PMS-204",-0.0212886693544703,-0.0563643692131705,-0.0398701266477269,0.00706693914823684,-0.0643533841172963,-0.0519385718588206,-0.0529146091797974,-0.0388426781199702,-0.0217764394080143,-0.0616589408378862,-0.0773414620711472,-0.0478424075699392,-0.0482485803161053,-0.0447023318447946,-0.0160023791057662,-0.0368748216718604,-0.00953090108624605,-0.0496946673278404,-0.0400516092810309,-0.0486197326678116,0.00493120812259872,-0.000000000237669122490662,-0.0589233733811798,-0.0352582615421387,-0.0664134849020419,-0.0808477193529398,-0.0569576600176652,-0.0193517226539619,-0.0126018519929407,-0.0488495668830883,-0.012718018481657,-0.00652347013324173,-0.0761635996030627,-0.0937398104727206,-0.0171077963994016,-0.0459431971311624,-0.0519550064562507,-0.0486318846068535,-0.0417898541932325,-0.0472272618310969,-0.037137967390859,-0.0491602227565357,-0.102187370225747,-0.0847888828655985,-0.0456156787334459,-0.0295841328253724,-0.0949227035275919,-0.0662026083620632,-0.000000000320544671307134,-0.0414632373361747,-0.0443296167587515,-0.0627760240304081,-0.0466950331777591,-0.0626854452424756,-0.0698175719527297,-0.0380083237782554,-0.0600133361523076,-0.0207976987840946,-0.0891826114179818,0.00105554741845979,-0.0302571604160884,-0.0345766383658489,-0.0599672196211609,-0.0149345372320077,-0.0730178405155726,-0.0381660780556485,-0.0675549459808781,-0.0197958098314424,-0.0807238958503336,-0.0319762721549138,-0.0392083198093505,-0.0360004435492845,-0.0447712759873753,-0.0480377970046808,-0.0338376946409752,-0.101372800579964,-0.047342236393108,-0.105173017188747,-0.0386676660198129,-0.0251420283837111,-0.0428576411645396,-0.0164728899007776,-0.0928554745282043,-0.0627102393875501,0.0284299575216204,-0.0130780786722667,-0.0458234412282088,-0.0264056378946232,-0.0138780935312352,-0.018769440451089,-0.0452179152374159,-0.0207471896010671,-0.0282552140738684,-0.0044236044238594,-0.0511751900201325,-0.0697904643156315,-0.0329599992382569,-0.0445597163220106,-0.0532924286250999,-0.0557532630781962
"PMS-272",0.0178850619713994,-0.0204272530593974,0.01384217657807,0.017086133644855,0.0349113571131978,0.00647903927592138,-0.0224100999966415,-0.00108823610631474,0.0205942560392053,0.0211060519331504,0.017986675470035,0.0251584565069759,0.0083699986000392,-0.0132089789812442,0.00220089839238321,0.00530786941159933,0.0216644401669264,-0.0433835656592175,0.0118753706825387,0.00264644526661101,0.0240922160473399,-0.0111205172919048,0.0132811746668541,-0.0261609928852141,0.00517699139771178,0.0153814333244493,-0.0152644386870534,0.0097557691992984,0.0332495012208561,0.00188596749400351,-0.0122911683772015,-0.0181095008924362,0.0165574791235194,0.031842447194922,-0.00409616664920753,0.00925149332809046,0.0241960356606314,-0.00577757623225803,-0.0236921147248061,-0.0213912993798639,-0.0100217624174765,0.0123384497025045,-0.0120266870498049,-0.00621286437135621,-0.00175285034528715,0.00536520805409075,-0.0110023082358484,0.0117951570803198,0.0709348693722556,-0.013319398830169,0.0190759255739234,0.00210966625247901,0.0115186891838842,-0.0273936965521986,-0.0202914938827845,0.00955065502484912,0.0126941794144915,0.006319680344375,-0.00921813348941017,-0.00767976487846761,-0.000510222539599514,0.0304361152922787,0.00809514309488426,-0.00389770709933705,0.0044594549559374,-0.0267923924378955,0.00736909204083587,-0.0177231347427305,-0.0172634976376776,0.00607293651628804,0.0149422754238806,-0.0174572677321012,-0.00975255439948369,0.000000000229170305203996,-0.0138577895300129,-0.0369180912185901,-0.0744277102137646,0.00467816171388756,-0.00861200396769641,-0.037414699876095,0.0157462138980451,0.00405613146035047,0.0113488170979866,0.0135328282839712,0.0217439581671807,0.00788808440608301,0.016549739901986,-0.00278087290981016,0.015825528691684,0.0163821387738427,0.0173987173233518,-0.00875682715993611,-0.0242454849634671,0.0113474855712654,-0.0269282605284305,0.00396460081980539,0.00609179452773373,0.0324665024639498,0.00944339554307521,-0.00809566802901062
"PMS-285",0.0821435148330094,0.0653583787002457,0.11369790065269,0.115394429074001,0.0620486810581692,0.124704458648336,0.0885009137959783,0.0907964231124274,0.0604250327156535,0.148329403999838,0.090489953069612,0.0508894326612222,0.158920768713417,0.111842807763617,0.0754812521127343,0.108363141854491,0.0953323680024974,0.126977738851063,0.175223035930641,0.114663017105164,0.111719441728458,0.162810460980627,0.119320928212551,0.0923769235909264,0.0572876896667726,0.123333434707134,0.0856453579552668,0.0349219490353902,0.114021151392701,0.105907196490191,0.0877251654167318,0.134301864996113,0.120509700737113,0.186790693348178,0.128363854784827,0.123618829429867,0.121993054559794,0.11470650167365,0.111686795146936,0.0871287049951424,0.0621132440577607,0.0654892293998896,0.110517282212355,0.0973295964613531,0.117650646767852,0.000000000286506327684334,0.0920359649346463,0.0902187879317979,0.203448451718851,0.131560814588652,0.0906582471542015,0.0928761694942292,0.0953999596696277,0.125631967616083,0.0589345436406538,0.117706270416601,0.126270657708055,0.115722567105353,0.0499229500640374,0.0797070652897464,0.0719242191372574,0.131860918380794,0.139146581085085,0.100854223697378,0.0776739456063148,0.104642332225215,0.130659526166706,0.0609961692647269,0.113398413116932,0.0869261031409845,0.14620376006149,0.097378425104329,0.0726561164142518,0.0854071816866038,0.122942071770069,0.121109483435642,0.134653964614519,0.130435299095485,0.107538261217187,0.103163098258861,0.11439919757307,0.102642443319011,0.0828351741503533,0.0890479155293235,0.0568228266495061,0.00889507350861017,0.101946423692288,0.0842924824349486,0.0969331892827664,0.125325468201495,0.111309284545761,0.117702625857993,0.108712788620472,0.100611698268358,0.0866127339716795,0.0402247970741289,0.0628481625284996,0.128119191447313,0.0923851251689361,0.120408778712767
"PMS-293",0.0279204936951253,0.0582648970736405,0.0561460144355795,0.0476113366545965,0.0605081409339129,0.0499797448912802,0.0496389087464215,0.0460448569180138,0.000000000392532124722221,0.090553651755389,0.066535109960925,0.0299337751884108,0.0602165563783101,0.0388011955766564,0.0536987635627579,0.0878063073484712,0.0597808403345179,0.0710108768020117,0.0666027467071141,0.0558624153653598,0.0395122528403229,0.0543821839527476,0.0689779943191174,0.101946713346933,0.0468200677434166,0.040285381860549,0.0452504104423947,0.120804383734289,0.0763372342199339,0.0689764080269472,0.0429135452357615,0.0799791373988477,0.000000000253330538940047,0.0516556638602977,0.0650111504441984,0.0660629126088575,0.0744782691037247,0.0395531210332598,0.0000000000511457466476675,0.04861449946583,0.0441676874858479,0.000000000108617377278906,0.0537141995789305,0.0703865725906632,0.0748873794890684,0.11142516110051,0.0487289650930147,0.1137276495869,0.0595303119803757,0.0847664077174491,0.0587541877878621,0.055441205533434,0.0433417161634578,0.0396784950000041,0.0435819452379754,0.0360104648105735,0.066017380027872,0.0713833882498116,0.0967985661423961,0.000000000212633121633407,0.0924637428318295,0.0724143342811337,0.042307632187108,0.0725227472306637,0.0591766446364603,0.0424304774841974,0.0737090221507872,0.0587324279276196,0.0833754014495497,0.0632033024540218,0.0875098030148447,0.0740691329448541,0.0351570892878151,0.000000000437980528909942,0.0316007092390319,0.0751355788253186,0.0654635489902434,0.101814122158046,0.03502436130643,0.0515463680969959,0.14525826158451,0.100954984876717,0.0562892499796416,0.0727506333183541,0.0455858442494933,0.0317941004040348,0.078707580356723,0.066529769220966,0.0678931495369054,0.072346275602353,0.0415661202150285,0.0733430282685412,0.0613537782806884,0.050959178271555,0.0522396261161636,0.044943791161971,0.0573943698623521,0.027161066349419,-0.011831522902722,0.0198348027041609
"PMS-300",0.0509332103331974,0.0461001141400318,0.0761972124970591,0.0260214191841343,0.0566316095670323,0.0667925340834877,0.0796597196453875,0.0690882564788645,0.0864111157787187,0.0960803074373453,0.0788024273718735,0.0493204983364769,0.11627872365182,0.0575607229873715,0.117674169421419,0.120844085588477,0.0685535230618597,0.103017784461634,0.105088003067485,0.0653190907460373,0.133295140960796,0.0737139618104311,0.0466411805927396,0.0688209700909436,0.0111205216597924,0.127070522803072,0.0258340297871948,0.0550822773426889,0.0920264101394471,0.0988976533917574,0.0703620430034659,0.111217418928594,0.0639758079440713,0.0497932155806011,0.0339707830804237,0.10614332578356,0.0827288736990684,0.0923948985557796,0.0602552452304477,0.0531257653253118,0.0776246310282194,0.0811156935191721,0.0965321785876814,0.117076578627161,0.0773882425366715,0.0429884249739096,0.0248023174108268,0.0787704000063049,0.0798748323909917,0.0497269965733267,0.08601897194675,0.12357836168303,0.0742330229032189,0.030304703899632,0.103637996336927,0.102838601045041,0.0215431117794372,0.0897814311721203,0.0372275292712955,0.0648066323657941,0.0625247479425337,0.0635239289451067,0.0490283113382091,0.101573225946986,0.122767339482885,0.0780152963877477,0.0638201046895079,0.0825545106743351,0.0456377900472579,0.0622537037641602,0.0524466273751761,0.0985486684403591,0.0595657748681469,0.0474437996330061,0.110437435950321,0.0411115507594102,0.109805099202368,0.089448009801382,0.0997556402377882,0.0660369319985902,0.117021359137299,0.0898343819066513,0.0744956944567041,0.024412587416639,0.10115003354003,0.0599620715343452,0.0998264707264957,0.045112734962778,0.0743934531143171,0.0963354176445965,0.106651887781482,0.0890770266535612,0.0507817922034532,0.0736544230307116,0.0942855321345751,0.118719329311039,0.119805106208796,0.0226212515348636,0.137837363951142,0.0695035833273579
"PMS-303",0.120944291772331,0.0986906127250265,0.0984156500263811,0.111950960891218,0.139864079158289,0.105952997839722,0.147786657723503,0.109850435272856,0.0423940732780188,0.106566169062341,0.120267323065262,0.146992166986125,0.0824427532072057,0.0449779370080078,0.106533749747727,0.0945355969810822,0.0849607202553319,0.0762321033452917,0.0961096233443469,0.0924478248663045,0.119868473053609,0.068126162742032,0.0873170093974394,0.115186648346169,0.088485493910305,0.113682777944887,0.0774110102439343,0.0919997808682378,0.121436923018832,0.0181972515717168,0.119433027353314,0.105548798934305,0.108932464706436,0.0217636062147446,0.0976361058356341,0.117730581653012,0.0850286674434951,0.0354849699198731,0.0984578286126288,0.0579039586415766,0.13300185321338,0.0954246324046435,0.108108975047108,0.0902048564489606,0.0632305269970622,0.0614541760213464,0.114546471332277,0.0641898545657754,0.0773210529061741,0.126112731399615,0.0869739957274518,0.156399396873614,0.128775175135527,0.126839699353352,0.0750063434789683,0.0937039043229739,0.0927141073234764,0.134213850781335,0.0913018544841903,0.0630004184143061,0.106103704484045,0.000000000188298409929156,0.0720294841837029,0.108817915571512,0.108763626858297,0.0928273260446132,0.136199311664761,0.102050086234288,0.0761249723621407,0.125343125129616,0.098385178099118,0.0821800388827427,0.0901969133658283,0.0951955181944626,0.00576694490560925,0.118734684190641,0.0916225592901402,0.0356464681687382,0.0613456876354265,0.078575881465858,0.0540304368067158,0.079112451136385,0.0140084466135522,0.0733568775920117,0.0979837342921946,0.0457261251307647,0.128799329147349,0.126820717742813,0.0773270028898401,0.0657380335021999,0.158576332474523,0.0907809803977702,0.100927518713384,0.0990497110896112,0.126129325189044,0.0000000000966555641368982,0.000000000309761209162857,0.0279478463532201,0.10047384176422,0.0827095213289351
"PMS-306",-0.0382228374942396,-0.0103506759524764,0.019915021975104,0.000000000487503037424808,-0.0487895707696733,-0.0181682687654282,0.022432664049605,0.00180086333734801,-0.00757369819761331,-0.000705418937841882,-0.042164890111643,0.0099405494819588,0.0152278480996662,-0.0578435509916305,0.0287183529735292,0.0131399642698898,0.0150492065580786,-0.0594584831578483,0.00881557652501336,0.0226740998418639,-0.0116519708627055,0.0100820768280522,0.0247122025155091,0.0143186425126176,0.0270768253176498,0.0379675076021183,-0.00222120374991669,-0.0217322551994432,-0.0119925067589517,-0.000125504056433488,-0.00304921100575302,0.0141241185033006,0.008467365333067,-0.00542538085850558,-0.0498450781100897,0.0246972303483304,-0.0115384618883387,-0.0327059116116247,-0.000000000163351356044925,-0.0271224222779549,-0.00432614200077267,0.0285055196348128,0.000455745690197577,-0.0695588481882838,0.00997734475753688,-0.0188149516339376,0.00258404563301098,-0.00475745196752607,0.00451879646524921,0.0324384106756276,-0.0612536112296355,-0.0272803911680309,-0.0140779260162065,-0.0245924686807731,-0.0498423377283445,0.0405798182697117,-0.0518758279436381,0.0123872320658254,-0.0218589659962254,0.00904353491013469,0.00928059013438142,0.0111102816713649,0.0148572392650671,-0.0458754749979076,-0.0284795006422832,0.0239637863501903,0.0117476220422646,-0.0582767768660359,-0.0158240476771825,0.042984485818772,-0.0622247557029247,0.0379972396816771,-0.0285557697568266,-0.0277820984548669,0.0217481257600339,-0.0834828342278193,0.0180340078599693,0.0177674935726613,-0.0143042924916443,0.00300313258485227,-0.0860086966367644,0.00501714549776362,-0.0224225707092582,0.0408537151090964,-0.0138775967580288,0.000912587975206734,-0.0269256528682239,0.0176509701027634,-0.0331745710324577,-0.0171727917389654,0.0230153877740296,-0.00140116081251038,-0.0202598330702207,-0.013877462450974,0.0235610926691159,0.0166653197182012,-0.00441161874527997,-0.00825081465327457,-0.00161806519165158,0.0203219065582188
"PMS-314",-0.0562399234339559,-0.00396503664480814,-0.00909202001239157,-0.0297012965923504,-0.016423309878594,-0.0247459970776601,-0.0039087885010913,0.0158178861353943,-0.0131776998874245,0.00485667704072209,-0.000000000121938592744396,-0.012739641857581,-0.0276522570144613,-0.0278067883713777,-0.0440483259466542,-0.0268955292928734,0.0192401343657879,0.00486766194188475,-0.022172009073755,-0.045322894759691,0.0100321477000054,-0.0261145693932824,-0.0267546997211917,-0.0139663853882745,-0.0236033365417661,-0.0629330075178932,0.0267859227714697,-0.0302845930291707,0.0114354069164927,-0.0552792948890476,-0.0249751922426318,0.00103786710579483,-0.0247972552408229,-0.0702079346323416,-0.0164880859726563,-0.0241342073339006,-0.0167926083095396,-0.0252097075732527,0.00565171518313979,-0.0310652865872662,-0.0137117807975349,-0.0442939203261058,-0.037311591591364,-0.0335719269485008,-0.0165724584223676,-0.037360848588616,-0.0384817389872237,-0.0359263748999442,-0.0200473666971183,-0.00475511432354413,-0.0625202671052789,-0.0252640858504174,-0.0227236591544868,-0.0042655841445805,-0.0175248828746686,0.00113252282508894,0.00937205605113495,-0.0086458922802742,-0.0392346000493182,-0.0159471145847416,0.0184336653237225,-0.0286090032856386,-0.0324807001348129,-0.00378017487963402,0.00457437708276782,-0.0133148433374401,-0.00179410003810311,-0.0404834754601442,-0.0177205823461654,-0.0216448307944855,-0.0302762240512774,-0.0226143321181365,-0.0364908096696928,0.00634358389108278,-0.0598832212047504,-0.0522415471839809,-0.0195928984253477,-0.0113457838566317,-0.0483221165451812,-0.0112575853784013,-0.0575012278103174,-0.016278816038915,-0.066001862720213,-0.0145114368701467,-0.0019242363629961,0.000638236839613181,-0.00343066731435759,-0.00868428456452807,-0.023351947456561,-0.000467509055518798,-0.0151368310794185,-0.0396790766851774,0.00862988562154048,-0.0128551613395357,0.0106554342178231,-0.0335038425352872,-0.0246865682491488,0.00682267619471633,-0.0260461397536265,-0.0240303860393806
"PMS-347",0.174582899118166,0.152162251719909,0.175329442954441,0.136830401501443,0.121687814683506,0.12422747815638,0.149067683917504,0.169678936277892,0.192503198522374,0.0845801527291555,0.160713975555432,0.144593329339705,0.138154821402503,0.146571911374854,0.161624212364607,0.158793496100567,0.103134016149265,0.202058397309858,0.122803515124673,0.153204354585222,0.167997507085594,0.20644195517423,0.122671279937465,0.120454939867312,0.210910140392879,0.147443656828682,0.161168359176012,0.091768179910344,0.234187915906336,0.163309832592676,0.177606271520225,0.0417255241188234,0.13630553263422,0.162018430415204,0.137853355292358,0.136140402653583,0.0744711637106984,0.111795688456239,0.130591813145659,0.179627260633181,0.238339510146093,0.151280182115164,0.161029633953951,0.132126866183289,0.129790416140538,0.126177143492556,0.123584948220127,0.134789090125247,0.209542342830805,0.160259544792191,0.164921200881565,0.114844601972212,0.0824116852379733,0.116928639790768,0.1603148770807,0.147131731942945,0.091608598675891,0.15315421258863,0.116547626626082,0.154231061000173,0.141931366812036,0.131169899769422,0.161789512650607,0.146822477051971,0.100640215893654,0.143054716359687,0.127188785797415,0.157015476118488,0.112934682780876,0.163838099517004,0.140879372550904,0.164247226006871,0.154175714402461,0.196852344846984,0.170886137736106,0.130680328026044,0.140996212629351,0.133628573974559,0.146730358412919,0.119957199095955,0.145031256471545,0.213552228011258,0.185626711997129,0.127747708904192,0.18437702559033,0.201990244313055,0.184052266449368,0.149549596893022,0.171332444175046,0.0887077315049002,0.168002721804928,0.126880123301641,0.104235260742326,0.109563904321013,0.000000000572550153233669,0.126460490430741,0.197525346725809,0.096982933176153,0.162824458774315,0.161464356796761
"PMS-359",0.155563017582681,0.133401452739298,0.15308806126618,0.139697903879389,0.142785722871233,0.112439412055998,0.192114643758531,0.14305542790169,0.13232694824322,0.161187386087553,0.139604523955255,0.15189473821156,0.16577459247425,0.166994869606457,0.140662179230331,0.165758996685861,0.0794137257673905,0.191780992390886,0.204193885579849,0.198523803212916,0.118605246697004,0.176521662399285,0.195303866380376,0.115460545463715,0.193978107940899,0.172821278261016,0.18017624570095,0.14004282299008,0.199372455857583,0.154506684788406,0.0789421803157881,0.161250979008315,0.127928183202371,0.224067158464955,0.133039172141512,0.152404572103336,0.160410995981383,0.179891062562982,0.130516065696021,0.181236151013845,0.219376742813141,0.175815549417016,0.182822550788919,0.207909932832067,0.0755910893682753,0.0816624243990722,0.157790662420908,0.112468946382997,0.193440096314204,0.159670008649956,0.0474039435503871,0.160466113454367,0.128033255096053,0.142530012895821,0.184004155724556,0.197109488659313,0.182218359166053,0.164510299834744,0.0919567836837697,0.177001353705932,0.162260344082418,0.136366014276299,0.159463483273791,0.139339383653041,0.195678098142023,0.157512186038039,0.173356748770541,0.166117399351949,0.159066147456518,0.213410460089421,0.151208442187589,0.150471427479361,0.110518378791728,0.184886484705156,0.0614319054580333,0.148397173762593,0.165403502154663,0.182075100863572,0.164838647050417,0.161038707322146,0.161534404612241,0.114697802024449,0.179672041069011,0.140646075513664,0.182802434927321,0.143204061493028,0.158623394564503,0.0978359833076331,0.178969966325957,0.18294115693142,0.105965566368114,0.0801222458129477,0.138034516028531,0.135881117609051,0.128287099465835,0.160843308252573,0.183779634516188,0.16990983217549,0.172109295519389,0.188750401911537
"PMS-397",0.0845787220669468,0.0580029250186985,0.0880570498385889,0.122422975667801,0.0518290562558199,0.114576432067616,0.0695141523305601,0.0967509373063156,0.0798609234329383,0.118653118286648,0.15322135073798,0.0265034309103659,0.101436584750169,0.0883059753423048,0.133474276341494,0.0824543474899407,0.0838431631717462,0.100558270847383,0.061347139261794,0.0952156444436039,0.100685432238855,0.106732103792967,0.0683279952502499,0.000000000185546185307355,0.0593290462468077,0.11881009216841,0.0955285297054019,0.0994169650607324,0.109734837485747,0.0540952012903487,0.109881388758835,0.142301291824032,0.104361894786726,0.054490515823814,0.0855298496341298,0.0408779344285288,0.109278328066324,0.0164556984379367,0.0855369375132674,0.0798373018397577,0.0894031448400292,0.100493226101536,0.102802618981942,0.103373545651667,0.147044567336747,0.131421594665783,0.0705000930524523,0.0998670642263279,0.10505392755865,0.000000000103808755071743,0.104143754310665,0.123738301925968,0.0852318025854378,0.0525572293001036,0.0517146252593602,-0.00183294411894627,0.0894441863313712,0.0989758705406447,0.103428437156169,0.0992628035511369,0.0664644359093753,0.136737208393353,0.113650918270406,0.153677937555131,0.0932431996872769,0.108167300585636,0.0779922975991666,0.0924257477301503,0.000000000550903537209399,0.000000000367890241087105,0.0512512517859735,0.0584714290004434,0.138055624235347,0.0556435090780991,0.0990308993976398,0.0836630438525132,0.0922689344173188,0.102545965156688,0.0847727134566264,0.0494135978673014,0.102611172105993,0.121395026238994,0.042154454712931,0.171297426148424,0.0536743831384469,0.0633745499694126,0.19971516977984,0.11449557235368,0.0909089659338544,0.121713750692786,0.102536853175393,0.0980666945749298,0.127854854572814,0.131733620095273,0.111642060740644,0.00000000021759405950653,0.221539189430352,0.104142465272346,0.0117656789348909,0.0517812263989573
"PMS-425",0.0279918525634842,0.0879241818650974,0.0542259087488026,0.0585836095186129,0.0664282055649376,0.0481965043458872,0.109413606915992,0.103531586971558,0.1546195497088,0.0751273391528338,0.0777367921191786,0.0774828066091879,0.0451434215852793,0.0259748782734764,0.0736517892903113,0.0858601939043279,0.073067893616826,0.0726236627560093,0.0771729499247826,0.0822307361509468,0.0269895063096534,0.0719242650182415,0.114608613157735,0.0750488650928748,0.0848564780137786,0.0432938624757482,0.0799699208577624,0.0450231513691776,0.138904720273509,0.100947585714344,0.0292867763479368,0.0509623516617382,0.103194408643441,0.0937438738225237,0.0978948975284381,0.0690780128910018,0.0822164517589903,0.120062124662614,0.0928279845614081,0.0698967071343832,0.0636049756831688,0.0991259856715981,0.124825155228285,0.0888739551516305,0.0816245212414605,0.0403692208641844,0.0751216255664363,0.0636133802138414,0.07584075686775,0.114830380702291,0.102224536465414,0.125585435079886,0.0888549138746,0.0769878286896396,0.0798201051436165,0.0674532778863104,0.0693951986687591,0.0755419600990192,0.0572192532133272,0.000000000158475687992717,0.0673805388294983,0.0506780607575889,0.0538874097363147,0.0718857855792873,0.0835775709585517,0.110709416332392,0.0695323760679254,0.12141628025295,0.0880884410726112,0.000000000216621602015412,0.0988682898179853,0.0884749550990773,0.0463457392859992,0.0783906631550474,0.0646665563572921,0.0473043758639687,0.0376943956930476,0.0826116023795505,0.115278295036352,0.0781348829363864,0.0312783651287027,0.0662334395932019,0.0582399308393459,0.0445213979759771,0.0772543281572314,0.0684409210672181,0.0938300052818831,0.0663793248606435,0.0976013018326192,0.0858189042639382,0.11751461543358,0.0672940691814078,0.0653630624068712,0.0687194897028114,0.0943959594885268,0.0000000000144422534594397,0.0691593231079279,-0.00840641697393096,0.0748013293035333,0.0210880778907574
"PMS-436",-0.159061061062142,-0.209171232908247,-0.21579213340126,-0.000000000110132451759568,-0.226712520833082,-0.254523848656278,-0.147983434958086,-0.262103282105161,-0.000000000380942738572386,-0.263952200627186,-0.305315790191798,-0.186640903570865,-0.188576456652218,-0.252467727740617,-0.198113144122974,0.125857820777022,-0.432336408861144,-0.20376178334348,-0.222393865400127,-0.20290606784336,0.0994393295254371,-0.289994841923603,-0.20712049959245,-0.000000000394560404121972,-0.144483463388533,-0.278140765106177,-0.304277694716451,-0.317100001958066,-0.199398451300221,-0.180053292560358,-0.247418676531725,0.0663371194220911,-0.000000000525979547645279,-0.131479484367091,-0.317008561282275,-0.181728058896314,-0.296338458269104,-0.197746264441944,-0.000000000727368496946133,-0.0935682403563701,-0.289901337728515,-0.000000000609242071891935,0.114490456725885,-0.150511748019934,-0.17796239625396,-0.000000000548645053271261,-0.288078804800074,-0.183026416077036,-0.291146574786235,-0.314815735755893,-0.137175624347743,-0.338440868309548,-0.181040851893546,0.11571529472727,-0.158464359262848,-0.300890119923891,-0.261170934664579,-0.274791829065377,-0.168064381039018,-0.000000000414526965019308,-0.182805704800248,-0.26100860773886,-0.275164900095773,-0.205026416827647,-0.124029740661115,-0.252425262365444,-0.266435220406582,-0.173444425819291,-0.0000000000813168054748761,-0.000000000370511290962375,-0.17341013425288,-0.372953378059822,-0.240064955254776,-0.000000000310356678473339,-0.220718791306148,-0.238007700633759,-0.173586118993359,-0.213181965579813,-0.274999414228472,-0.206908690840644,-0.110598667213242,-0.185656967474259,-0.166144034111583,-0.318133110248503,-0.000000000461411805251194,-0.192122803851236,-0.000000000538150607618694,-0.195776288905703,-0.321702137496504,-0.191918519317372,-0.244922484712671,-0.239166772979527,-0.242433770094291,-0.320181668774656,-0.23008887604862,-0.000000000608308285360489,-0.153234623847527,-0.14480798925121,-0.256221648935406,-0.282594727384516
"PMS-438",-0.374985323688472,-0.362015298867359,-0.265705340405605,-0.330962441870526,-0.273352010215775,-0.275110706400893,-0.156197222741074,-0.25034458888742,-0.270930466713625,-0.357310952394971,-0.000000000785610782148183,-0.278711982281425,-0.265671971322321,-0.201751604256149,-0.234836139931265,0.126386652832493,-0.316808360201964,-0.38172136745977,-0.390209684533337,-0.31551858382988,0.0981170696107434,-0.219922582381817,-0.183068870603393,-0.000000000638578074333663,-0.321719733366609,-0.259160801416578,-0.227272387285505,-0.219177902196498,-0.301474684754249,-0.384209247506393,-0.199656746810817,0.062297918387784,-0.279446925343022,-0.319525094346953,-0.214350428619766,-0.302001635789452,-0.313573362191364,-0.379413094026091,-0.292157141620677,-0.309282954314447,-0.273395578252738,-0.352820300879005,0.118968300134234,-0.350417712007325,-0.203550408835326,-0.387630604994185,-0.291709340321498,-0.21210270781685,-0.000000000914982548809964,-0.26375794387903,-0.194507946651217,-0.264195439317366,-0.277724418209541,0.119425884816324,-0.295196046582807,-0.335291491265551,-0.290809028938389,-0.189595869338999,-0.242167987453351,-0.244513229754318,-0.287060310712389,-0.000000000721033635640444,-0.29249784349271,-0.205206761349976,-0.288108205050002,-0.000000000835786888579671,-0.208603266592509,-0.358983527186623,-0.333706546009063,-0.188720656007071,-0.193708794279364,-0.196818616862217,-0.216087828573968,-0.155827671696168,-0.302285485031353,-0.289220041852739,-0.283064710198357,-0.29679134143357,-0.318275043180247,-0.243646321190227,-0.257988808370421,-0.306173027494831,-0.356534466844721,-0.297262271030385,-0.191339789566668,-0.333137334824228,-0.324542803047926,-0.231311184053127,-0.305836004397195,-0.256814369033483,-0.223097612522472,-0.319845612075392,-0.322515558760818,-0.31480389394847,-0.000000000344661165105901,-0.27245255910226,-0.000000000576354466999594,-0.304715149442053,-0.224276367404177,-0.279394969894258
"UI10-00012-Cabaret",0.342116173834396,0.278915748728465,0.287820238550423,0.244065843679944,0.208309906116885,0.195930065501679,0.27967966709693,0.26227023436817,0.170519255303941,0.292771778362922,0.301300461378539,0.293184219315961,0.214003296748889,0.244771039336442,0.235777594999123,-0.0392428268123111,0.217906074325936,0.24563204876928,0.218139704588561,0.224628877336853,0.0240059865553972,0.000000000472154337594568,-0.00708642437908185,0.000000000304838570573415,0.283190746873789,0.227469141850986,0.18737553613955,0.277409007340994,0.263103009716649,0.0221012503185144,0.185290077393599,0.151443650098487,0.212498963474116,0.000284744066127192,0.250499064612741,0.30337603651461,0.182569188579525,0.257022224846744,0.265021510023972,0.295121185014021,0.208229284718052,0.189256425574582,0.191144603065452,0.228894229363362,0.229491081017666,0.26880134351319,0.224982840504076,0.255800764321125,0.00617406006876099,0.0379410811308872,0.146916477390434,0.240223543261886,0.226033378393191,0.1575027238871,0.262327895490967,0.218999762830698,0.20259457339751,0.244196932485794,0.198248114879647,0.26848504336588,0.289352719121917,0.252573231836306,0.210371306644517,0.1806235951321,0.214130393434378,0.178306873621424,0.258882444129272,0.239789205946221,0.308555095022952,0.206597787809768,0.256217042958115,0.143067985218268,0.206005054125156,0.216647927859664,0.236652096368711,0.227053969355962,0.182588299588312,0.224863488988243,0.164023951213482,0.0100794648031113,0.203744955738944,0.189770998334414,0.235503710791358,0.262040797928409,-0.0291405064785258,0.240498661408558,0.247366649774565,0.218643995276351,0.240137475138562,0.156194538084165,0.249561456106136,-0.012916219409814,0.233150242355027,0.1828662955093,0.244007298117959,0.218734255392873,0.207390369879192,0.247593419518917,0.236675312443479,0.260551294475097
"UI10-00015-Cosmopolitan",-0.00690438255897,-0.00614162617454459,0.00873371933713199,-0.00000000000677489612484066,0.00427635723016208,-0.0119310838941843,0.00923520911705664,0.0117657140731636,-0.00947738406829873,-0.00513607249813888,0.0104302410768098,-0.0188262770287727,-0.00231665820025259,-0.0181594509179631,0.0243980974292121,-0.0296255896496204,0.0274524211468346,-0.0107979519034919,-0.00516921549486306,0.0111468002968306,-0.0208338371454498,-0.00581420695577081,0.00817013445162369,-0.0000000000461828181768785,0.000197370512695099,0.0360773703927122,0.0251363093366032,0.00332024892569946,0.00122462962834114,0.0131167878368353,0.0195630354818093,-0.0141628256598249,-0.00299810749826902,-0.00623985698530172,-0.0176086953623748,0.0197367824967751,-0.00433475933960411,0.000512012501781231,0.0188978425054146,0.0143112860860106,-0.00208635706587429,-0.00316852715826812,0.00217948854409236,0.0246550270010582,0.0138461350276952,-0.00765718352260927,-0.00276171843506566,0.000798396755111411,-0.00280776948540587,0.0112430117297953,0.0105632413342428,0.0240337776713762,0.0206122016757688,0.0112017825752012,0.00654150270437766,0.00779292948987556,0.0230766373078324,0.00389802490766023,0.00272860207698952,0.0273517335025782,0.00991894843337235,0.0281828238135371,-0.00358070635137715,0.0112534642079037,0.0178981675909312,0.0131647788943157,0.0138774656983628,0.0110530965207837,0.0161140900095879,0.00849583329818268,-0.0122732120851103,0.0128787159605055,-0.00127133610585335,0.0064926980256119,0.00991626385675178,0.00100587955321395,0.00744839241083461,0.0145497088345848,0.00841412669638251,0.0225714212531931,0.018251280759316,-0.00358064065282172,0.0119610243261415,-0.00350642382056166,-0.0276185798399057,-0.000213119097977719,0.0244399034030731,0.00301691001289255,0.0134664616851749,-0.00215993673150591,-0.0120160256621416,-0.0195932055499761,-0.000155023018276491,-0.0221252026992955,0.0194834104315985,0.0418800542762195,0.00880019643093478,0.0112958068802172,0.021085631517158,0.00463967609021556
"UI10-00017-condensatus",-0.169238372850181,-0.135330403626013,-0.150060109541351,-0.101983163756693,-0.172001148957273,-0.117735052133917,-0.0970736153373916,-0.151817586716512,-0.176294841855717,-0.0900564876393052,-0.136127235362877,-0.127601064790086,-0.143707810438506,-0.120265877175465,-0.134806906444519,-0.135731583096456,-0.143403752538285,-0.144275585115555,-0.11809471552636,-0.113248153490536,-0.148359727988635,-0.111433184902869,-0.143208463074106,-0.151823661910601,-0.0942448363344876,-0.131542633748253,-0.190024170489137,-0.0963648489948511,-0.119516825556687,-0.151039370289651,-0.18418726760234,-0.128404589193439,-0.190739133201505,-0.132803680063364,-0.10011034695983,-0.137856896937405,-0.147177974810865,-0.129761604927152,-0.117661328815677,-0.225073294293672,-0.0749178562120125,-0.163137555065249,-0.145735532128853,-0.156020320560666,-0.0972709354636036,-0.219837545239265,-0.12551280797145,-0.0983148429460298,-0.120170767226455,-0.156540768159144,-0.154273032589541,-0.13919911294557,-0.135717021995875,-0.16121208552291,-0.0947265071494907,-0.124681973471643,-0.104766526551183,-0.13013680020381,-0.134100115210599,-0.178059745795798,-0.122721823471896,-0.130836055422759,-0.179154292838952,-0.177402930392617,-0.129214124249457,-0.1665862471165,-0.0971358217427132,-0.136322208551335,-0.115334245383587,-0.218858113817608,-0.162901870706769,-0.168308906175814,-0.106550432237883,-0.15059412097613,-0.135778081626378,-0.105098272929887,-0.10687953660662,-0.0926839652663856,-0.113307599688032,-0.131723806262716,-0.200015965964896,-0.170796890426656,-0.123737248936726,-0.121267297617342,-0.0879478637871966,-0.182720110981968,-0.120278280542728,-0.0849115217964328,-0.106354279970299,-0.104809951575518,-0.135588111504512,-0.101878712503037,-0.144162912526385,-0.0996856800317843,-0.149586344326317,-0.113954442847582,-0.12620046340401,-0.120335681637197,-0.138727240784828,-0.13581454819719
"UI10-00020-Adagio",-0.11346419276012,-0.14323480154864,-0.12819270128942,-0.0763536904234965,-0.112687188304713,-0.149961878672169,-0.0905618975757398,-0.137469901071509,-0.000000000382509004112258,-0.143528980735099,-0.000000000334882476197957,-0.137816827817728,-0.140201817229378,-0.171242078127559,-0.124164025840504,-0.0669085366286242,-0.19542016494328,-0.140667509291322,-0.13766395767266,-0.138130858367791,-0.141345069392608,-0.143011428295788,-0.115186110130374,-0.140227943978346,-0.126588124578483,-0.104748877528185,-0.167007724166459,-0.147235437710623,-0.162518051518608,-0.18105497473085,-0.174045355131017,-0.125012190674645,-0.151170650866521,-0.142105197611932,-0.136606759206101,-0.158954071833006,-0.1651498417524,-0.142407454560944,-0.151976594451152,-0.167686452518645,-0.174301862413508,-0.123379558747546,-0.186721642490146,-0.173604819975084,-0.155607866300807,-0.0618530613353557,-0.0401403145221286,-0.144939753908614,-0.145539878287896,-0.000000000406506343562941,-0.0936954741383504,-0.127743181470429,-0.159925269886917,-0.108598195228137,-0.11163428728021,-0.0742315301929541,-0.205117712158392,-0.146485179169994,-0.169199963980197,-0.150875714295743,-0.137399968576827,-0.140276318998134,-0.134004784380431,-0.184805113091689,-0.170102360216922,-0.167420250945958,-0.145669821350947,-0.158149581266393,-0.16720194657676,-0.000000000413668842564811,-0.125981501893634,-0.0360161402048704,-0.147289545811095,-0.091442200963245,-0.148168959018056,-0.159890066870955,-0.133467477599871,-0.0953205462122279,-0.159183993698708,-0.131518376979533,-0.128290520309734,-0.135768229466313,-0.13831859439252,-0.113857968904328,-0.147010979416617,-0.113688189969822,-0.124694345972046,-0.125759648195362,-0.116419908660767,-0.117218722606913,-0.150228388927622,-0.128210967003403,-0.0594145145603792,-0.142877279979045,-0.136499968988363,-0.135986386600266,-0.171296100252589,-0.109538934154991,-0.138477633332755,-0.184471224311302
"UI10-00021-Allegro",0.0253020674892162,0.022078210779662,-0.0074422795703718,0.0336078377787655,0.00206784996487531,0.0112598429675341,0.00251685245279046,0.0381336408593232,0.0277908615916089,0.0156495747930791,0.0292354786934414,-0.0397188680641647,0.011645224744582,0.0117630197028223,0.0246755017824982,0.00619823192117594,0.0448347917327873,0.0217023001897371,0.00416382092489745,0.0241512355121968,0.00698449723779173,-0.0000000000471992546186765,0.00978794424448468,0.0116016018267932,0.00941333777346841,-0.00637909590333252,0.0204821987684693,0.0164441364147755,0.00841001645303782,0.0290239179493613,0.0109193991968051,0.0541621671129927,0.0219660536469493,0.0110363782964087,0.0183604590539414,0.00330932710696513,-0.013390386742837,0.0193762280392825,0.00984478083271716,-0.00648673508479003,0.0376927492161988,-0.0280085295488347,0.0272933340611772,0.019688472297056,0.0150662014036321,0.0673826674469299,-0.00952008751847459,0.015441260791744,0.032586254653993,-0.0119586963812466,0.0338804524461922,0.0250308408525079,0.00934075382609593,0.014699918778101,0.0510399129481934,0.0882551493708728,0.00214091092993118,-0.00237750233298965,0.0458919682828974,0.000000000166804352095368,0.0174454191105959,0.0222762328365945,0.0161579032275369,0.0404625578685668,0.00963746224641902,-0.00139502366644274,-0.0186699741311277,0.0322387806141272,0.0217729863162816,0.0949091564793964,0.0278422726859157,0.0194600509501408,0.00309126112901703,0.00565542537475916,0.0348765014893381,0.0184935257941901,0.0767408431105,0.0230346188361172,0.000662784952770896,0.000652738432880666,0.0418902443399501,0.0199271748202834,0.0504099318844843,0.0833536481331571,0.0216008310505272,0.00341642644107708,0.0159005768548909,-0.00367712580441396,0.0097077449592991,0.0171404341456977,0.0166418649187775,0.0170598307299022,0.00900760640736454,0.010167936944008,0.0173136012279257,0.025912870316119,0.0597883561637471,0.0634094319232331,0.0777403381568725,0.0183613543091179
"UI10-00022-Altweibersommer",0.00733224975748321,0.00694576190387886,0.00749299364988368,0.0101761097780462,0.0244374340209593,0.0139459190710823,0.0292833205481438,-0.0158599990115955,0.00410830607664696,-0.00177927210102303,0.00882419978161843,-0.011003378920607,0.00832039393985571,0.00438519394804866,-0.00359200140650203,0.0160705155231426,-0.0322842815587292,0.0135286154267139,0.00658205288624769,0.00999916997676268,-0.020624671123705,-0.00282384812998995,0.00325460120765583,0.00306726857200349,0.00349229968816335,-0.0085388562771256,-0.000295838992078156,0.0217196200802512,-0.00685469536713778,0.00257799356362592,0.0128961679402471,0.0136828884251571,0.0021115344717407,0.0318957582424613,0.0156277459636889,0.00722841589427798,0.00983442509815307,0.00631163867478528,-0.0340221250661572,-0.0129896851200975,0.00417205986338679,-0.00125253169055505,-0.0056668459506536,-0.00709595455675008,0.00462798728285439,0.00116720483598656,0.0198821173846646,0.00948082812918893,0.0101409134159889,-0.0239073358117827,0.0178430201166056,0.0071608860740429,-0.00170814168292861,-0.0232519767898234,0.0119294738807875,0.00789468185386983,-0.00413676730654397,-0.00361155425797782,0.0118856188707136,-0.00565688523375689,-0.0429329230133098,-0.00919816643681914,-0.00363413940324162,-0.0123412918766362,-0.0115795153429531,-0.000000000018648649902404,-0.0276934678310639,0.0276605184466112,-0.005407616026439,0.0288187329223658,0.000525112361353426,0.0107061680241739,-0.010559843241146,-0.0110641341896917,-0.00750626457876722,0.0522289044421557,-0.0159803399649497,-0.0134332504719384,0.0120835568478121,-0.0360766180717337,0.00452669839489035,-0.00873803649833642,0.00281474430901999,-0.00900625649576469,0.00991727123445728,0.00854830340022015,0.0283913082462028,0.00168350595255651,-0.0430967388856392,0.0315596408869336,0.00194704986571302,-0.00012581107233239,0.0363618194825883,0.00971251784557095,-0.0173492441537194,-0.00206230160397155,0.000322785261435899,0.00314841467963075,-0.0363752722348247,0.0336684175164568
"UI10-00023-Andante",0.0527396801127506,0.10869888076383,0.0898197642048152,0.0483071862431989,0.103469492677706,0.0544793849685081,0.0829501141061268,0.0645934079493679,0.0843600509378349,0.0562985603083599,0.0733836329089719,0.0477986223855606,0.0414116000719748,0.0806820502029766,0.0706514788198981,0.139086039891183,0.0400012115696347,0.0830247122900604,0.0783308420516717,0.0631389046184747,0.0506937963709575,0.0665918086095797,0.0895666599153663,0.000000000388188704558206,0.0862183633836953,0.0496115624811044,0.07235871396104,0.0808531183790474,0.0721494916407636,0.0824439815500706,0.0783192637942757,0.0559562160931482,0.0725587971922663,0.100396267311054,0.0725634538365738,0.0060629630244904,0.0698255923771217,0.0841863161211761,0.0382264314979521,0.0813093744452204,0.0431541264131737,0.0689354535954623,0.0930308706824679,0.0933246389943585,0.0556034188492666,0.0566976527049651,0.0649367653249995,0.0620903909426197,0.0736560413846271,0.073183430021098,0.087125768824633,0.0373501360172077,0.0870977967359025,0.0778795969117095,0.0852373608174834,0.0848833657221851,0.0434792099466352,0.0539091699908528,0.0728569260516728,0.0746887728436562,0.0712474952425417,0.0799031845289557,0.067619765520463,0.113768671079159,0.0639606559196899,0.00000000037148556770499,0.0907284081501025,0.0667749177550899,0.000000000176417266999815,0.0760473710151292,0.0592802372896013,0.0729146054960475,0.0758205227774256,0.0668842396435064,0.0813445026282236,0.0822392062273252,0.0838894097766447,0.0989276500088761,0.0782205385424374,0.107553378521859,0.0644354307682297,0.0821726861241714,0.0698407333890965,0.0218068458001202,0.054200117176001,0.0499706833708125,0.051388642665839,0.0729006993640002,0.0404770632261379,0.0764786884013708,0.109379698124047,0.0625464597208877,0.0756762905773763,0.0595120982268387,0.0857529957069568,0.0921559269449663,0.10048163832115,0.062974485738385,0.0521747514100388,0.100077546921248
"UI10-00024-Arabesque",-0.121192957401449,-0.0440150717747717,-0.0182141662546831,-0.000000000227485712186465,-0.0665160677818194,-0.033602385882402,-0.0470430831337249,-0.0602681131234518,-0.019030271593765,-0.0341510004766243,-0.0664177828664315,-0.036816267791417,-0.0947467595764527,-0.0696379162027346,-0.0509379410853559,-0.0672246306361042,-0.0324819315813586,-0.0417938699484631,-0.0780849578238304,-0.0804826033334511,-0.0698856495597296,-0.0507772944912377,-0.0488247527720612,-0.034524858147192,-0.070838761988067,-0.0692644106801634,-0.0549394226721833,-0.0422225688604498,-0.0363964806917144,-0.0590088299925212,-0.058692191141244,-0.0610335489678349,-0.0191349856678465,-0.0497529069747663,-0.092967466887975,-0.0660674957112232,-0.0406503226310815,-0.0756548968704135,-0.037869008940885,-0.049643233967918,-0.053177322734485,-0.0314380058662937,-0.00284475748335186,-0.0502132161116451,-0.0449149860079739,-0.0421152438650739,-0.0724490980931443,-0.0342912352924783,-0.0473711199915484,-0.0386998831842092,-0.0285035118799384,-0.019154440619054,-0.0507281026738688,-0.00630175977358832,0.0159213745427235,-0.0553353883166534,-0.0583036260652073,-0.0642565260343555,-0.0302525418557,-0.0386260799208009,-0.0948367296875931,-0.00000000026187010450316,-0.0604880112319831,-0.0452874647374913,-0.0508749606539906,-0.0716054275042425,-0.057857803436213,-0.0395115651132862,-0.0727180288604515,-0.0697375708938868,-0.0401460573812376,-0.0633937874804703,-0.0847322468672863,-0.021079948285705,-0.00266105064675719,-0.059276350054313,-0.057235307153234,-0.0810201005547894,-0.0842500398781454,-0.0654730028930134,-0.0672885785522506,-0.0372225178064537,-0.0396890248195975,-0.0738242494757842,-0.000000000297076850460422,-0.03974903326794,-0.0529554529517813,-0.0593607381771169,-0.06404349816586,-0.0396815334355413,-0.0497628500498213,-0.042680990420356,-0.0637830912836672,-0.0625682671297444,-0.0502385186034757,-0.0326668356356546,-0.0542836870900804,-0.0690962470694929,-0.0632240333773858,-0.0303022833341797
"UI10-00025-Autumn-Light",0.222520160068456,0.19133763568852,0.219350477852862,0.183239371443698,0.272277202030907,0.192046018620281,0.229123196425588,0.152286470144294,0.000000000452252044521262,0.182150004972462,0.213543688467216,0.203334220660034,0.166692136271133,0.161218785395514,0.249617511829616,0.198385468397706,0.215010853089263,0.20230827858161,0.197092671199018,0.173820642448487,0.121076552823168,0.191208451443407,0.195268787708821,0.255891691442129,0.18924200170223,0.181096529765354,0.220583110980006,0.223187460311804,0.169872783965612,0.257583613404598,0.195470017012839,0.131839770427508,0.193026684858505,0.122916593616856,0.228128870525302,0.193211538282487,0.0710828864437231,0.197155418545808,0.236028704138822,0.067449864660565,0.200778178934535,0.000000000612484208343288,0.238845848283104,0.15122796492467,0.236823973950735,0.224796185559336,0.190135903368533,0.23857795438526,0.000000000676125956541273,0.188979727882736,0.228432676941185,0.17600856555206,0.204982334904604,0.212311925101022,0.183621075054432,0.211780114081054,0.145620890861867,0.154529584972288,0.177869796841343,0.353073968734165,0.174307879763927,0.174138291845405,0.174596585789162,0.165464505233909,0.222709363252061,0.19050143271446,0.196955471739767,0.0363060325202648,0.224418274998921,0.000000000550745058481315,0.246508276134497,0.204522808027148,0.20221555180182,0.226308692374101,0.145347753528204,0.182207787794564,0.218407557272499,0.0770706110915724,0.203460146323018,0.1765270669941,0.155136174918787,0.271641596363784,0.187564240146706,0.180334754692361,0.216437647798938,0.136080004587511,0.288774743717898,0.189331812302988,0.222290455852067,0.260164453108021,0.208150445625747,0.206931922030126,0.0878089914112254,0.193426135062026,0.00000000033124948660806,0.267723734347906,0.221854163351519,0.13117861566271,0.178950710687888,0.211786974116028
"UI10-00026-Ben-Graz",0.153516787372803,0.237173598588348,0.143934240820766,0.211603520671033,0.207740621289317,0.18416746385179,0.184353187962257,0.215795746253596,0.181357171161603,0.188588877612815,0.182061374052982,0.241821169608744,0.251906443660546,0.277393733114909,0.256295231871373,0.21127770918717,0.228773473763636,0.211603533628369,0.188757282036567,0.170572833900335,0.192975533779519,0.140028710599189,0.137345481277054,0.178030887392389,0.211942660328322,0.203714410351944,0.186207880604974,0.125375925434047,0.130512255937053,0.206193001342081,0.256908210141329,0.176409139464142,0.203022394094975,0.209578970551033,0.217290823602156,0.0592858326780727,0.246532233661655,0.191862715949129,0.120047830987307,0.164849397551146,0.225873181763641,0.18044779045153,0.143831580367013,0.183420461858279,0.142597511238246,0.208946738504975,0.167415167691957,0.227356970387404,0.178130358457663,0.193408285530008,0.207250141208934,0.240481261249247,0.233042845866218,0.21748861724048,0.215717591956982,0.162666055887448,0.261088528271063,0.15422597389724,0.200534355175225,0.157680594484384,0.170785088919893,0.195720679254279,0.201384439767251,0.200919100472699,0.33431085699075,0.193877796548847,0.239782002160264,0.195826885745125,0.175228586470528,0.152980901986161,0.24323875271607,0.144700582854859,0.228701953777109,0.213929936036614,0.211956205374721,0.190934882565449,0.227553767122902,0.223345683661161,0.177279080695582,0.137186659926472,0.224350659772173,0.185855257455884,0.279708226380828,0.217254599734565,0.224430129244797,0.240582232879603,0.206735360155391,0.176396787974942,0.208780270656163,0.226300988847522,0.224361341543848,0.198843360332167,0.212984664284359,0.249478885010443,0.235032000750284,0.266770476403835,0.224459981116989,0.183057952036454,0.191251153569397,0.196247942244375
"UI10-00027-Ben-Rotkopf",0.0188751742612467,-0.043131614633723,-0.155647350720115,0.00851203551520602,-0.0799697662840164,0.030188834677914,-0.032819327667332,-0.13525197964067,-0.0168139519085509,-0.00805417260675537,-0.0100790620841171,-0.0256156828429359,0.0734180944909441,-0.0441011406454108,-0.0330041442344125,-0.105300203417207,-0.105455011678357,-0.00183845815705587,0.0098790743687469,0.00215553647291072,-0.0116732998257655,-0.0156008673567062,-0.0147502763720696,-0.0492993583186757,0.00126637569491613,-0.0316698586927546,0.00998397511973306,-0.162587925011896,-0.0269092007238598,0.0312696559616377,0.0325258685270466,-0.0182058267289473,-0.00846632763085927,-0.0580966529645175,0.00551734586530187,0.00795862092333062,0.0349807393861417,-0.00219572545145933,-0.0188983225115093,-0.0147115995166817,0.00517443085495846,-0.0262913318967679,-0.118636987374927,-0.0220930660408086,-0.0058957742750151,0.00384924847302983,-0.0125000972240698,-0.0177079556907104,-0.0159620092031622,-0.00063331503438066,0.0117886771429461,-0.0176612832521392,-0.00865516236802996,-0.146489704996278,-0.0105711231788163,-0.0146722119488567,0.00284271610769144,0.00700199188686987,0.0285233371117914,-0.024031554451992,-0.0171675661460152,-0.0164207056675671,-0.0270440876487765,-0.00292729299704063,0.0225942093677444,-0.021182445892759,-0.0138453070469735,-0.0285620977853749,-0.00000000038346690295602,0.00534559121841987,0.000238318696005075,0.0339481916494229,-0.0952072421353773,-0.00063543535278363,-0.00909839555137406,-0.0342415646590187,-0.0422212754836287,-0.0581369840966259,-0.0157564576389966,0.0455043496744846,-0.0137095660746907,-0.035332071955018,0.0135309430597869,-0.00471642738990785,0.00397319431108332,0.0125053433401268,-0.0245626873819002,-0.00652083795183974,0.0241420544701145,-0.0122735326369621,-0.0211934501557035,-0.184624754753983,-0.0124924462227709,-0.00878264433743719,-0.0167729901761617,-0.00816332765070634,-0.0368574503040967,-0.0130287941272113,-0.00843606076486115,0.00118906675717255
"UI10-00029-Bitsy-Ben",0.00233903306604685,0.0421340751228966,0.0517937286432324,-0.0000000000688909454282515,0.0213943048669375,-0.00612326276492124,-0.0443587097093954,0.0149974098308717,0.154102789455244,0.0117642915773916,-0.00285366439463554,0.0777194323537305,0.0202963251959721,-0.00646865891304011,-0.0191261176156959,0.0237145863814733,0.0585231037938628,0.0199885202593727,-0.0636557930702567,-0.00928137743945719,0.0138578318319817,0.0614891195219041,0.0248061200564094,-0.0491241679052737,0.110957747863442,0.0224528883104363,0.0557611918489212,0.0103332654284125,0.0305818943136839,0.042190694542059,0.0257064073630945,0.00129581391804514,-0.00117167385714614,0.0616994796630874,0.0401700082760551,0.0185119541409958,0.0552439477924052,-0.00625137351499454,0.0101690494171809,0.0149233240782022,0.00826367672158381,0.0468981634926378,-0.052224513161883,0.0165987094787547,0.011566671046822,0.0239425243582993,0.00653207182568965,-0.0103874281375074,0.0433829222431196,0.0287051505878706,0.0671944974576838,0.0332640513429103,0.0636272835737852,0.00573323933369996,0.025775475685788,0.0272118069638836,0.0266854170714196,0.0236512394714119,-0.0611912552727262,0.000000000129530977268763,0.0518668183859915,0.0191956130603588,0.0277032809665386,0.0452582437521339,0.0473560820092784,0.0013509313264521,0.0457399317473769,-0.00256734473265975,0.0155455015921324,-0.00000000000727121687057927,0.0183504702222574,0.011284838780826,-0.0556809867366907,0.0200217835686129,-0.00622584298794732,0.0248956545249956,0.0236170293687851,0.0123382625352667,-0.0563734533820291,0.0159558545859703,0.00987052487567488,0.0349328225757099,-0.00352990284993356,0.0208729698806186,0.0206001345021336,0.0204697433580998,-0.0534574389436789,0.00755291340924851,0.0198761370796046,0.0107004030670773,0.0579257214970028,0.0343609095480412,0.0241209691505292,0.0254155369216074,-0.0557925094454537,-0.0516887379500412,0.0378817473090704,0.0216171105047205,-0.0164921365216469,0.0495579657550765
"UI10-00030-Blondo",-0.00349049923710989,0.00136448942427779,0.00762481822991802,-0.0237608352630257,-0.0285379531549874,-0.0441106694749311,0.0046525019205735,-0.0583177761931931,-0.00580544318339862,-0.0168000245249264,-0.0302900924240809,-0.0279801734089441,-0.0327475897250001,0.0130767835481285,-0.0254296913189465,-0.0216214228101473,-0.036138259711645,-0.0297188757611075,-0.00127881639363758,-0.0207586154381315,-0.0250883198562452,-0.0297806449048943,-0.0403320065535239,-0.0130065353332639,-0.0138639260171485,-0.0143334280984815,-0.00632921262795763,0.0116390721300454,-0.0261813469181738,-0.0000552109715083052,0.00133336640039007,0.00474462402490517,-0.0566075291426943,-0.0211209036369734,-0.0214561206505757,0.0150292654703653,-0.00746449179575739,-0.0221016237757648,-0.0302384272983464,-0.021062453825487,-0.0145827666671494,-0.021373752673009,-0.0127470794065021,-0.019515491699039,-0.0105419292047152,0.00332364238634799,-0.0412434662107532,-0.0257958191293764,-0.0824666254425196,-0.0123385210838207,-0.0384960796197396,-0.0268789038218789,0.00655471989365789,-0.0223508429370958,-0.0125743065208293,-0.0535425759072481,-0.0244013955992503,0.00275257806579863,0.0144031933556206,-0.0285066811742298,-0.0341246746183716,-0.0329188388259436,-0.0257545979014397,-0.00119957358392241,-0.0191380654615062,-0.0216451858106098,-0.0404139730770168,0.00600425541753833,-0.0529402320019898,-0.0319523025054861,-0.0368792955952891,-0.0190262207375232,-0.0121829097112021,0.00000000000847092127238414,-0.00366210858677363,0.0102915684233654,-0.022209483315487,-0.0318750040993976,0.0116488276108413,0.0037023116475558,-0.0218660421736025,-0.0224839142588434,0.00149556000650037,-0.00609262873626907,-0.0334489326382946,-0.0374568196048812,-0.0204499300206143,-0.00690251999052482,-0.010950521380449,0.0205173017072104,-0.00895380839943784,-0.012721921083985,0.0438358042039648,-0.0324311634747974,0.00775231086128063,0.0122613382246026,-0.0607212759850371,-0.0315248439721103,-0.0190930254685529,-0.0166665832886074
"UI10-00031-Bluetenwunder",0.172908681818111,0.163940154911876,0.110267323518984,0.149935826082471,0.106151170507572,0.124697719510237,0.189526749169999,0.190490671176377,0.213744730079586,0.205822815072941,0.157640812820436,0.21602641924383,0.150254490426223,0.124401279248475,0.152686570441526,0.0827529793129433,0.160937285993898,0.138299728607606,0.184226629291445,0.127233302084662,0.148267352732991,0.168236205177272,0.169699030133049,0.000000000275177772991761,0.195835993468271,0.171221264897043,0.110823163052087,0.133533272107153,0.115041032055466,0.164083804958848,0.120518960174176,0.0585931516751288,0.158761026748844,0.163010747471187,0.200367980332545,0.137537990341789,0.143968797723401,0.228956267920353,0.000000000436090843150209,0.142270977712283,0.0190628179365347,0.215356927367329,0.102198594155046,0.140864789545154,0.15282407590352,0.18144013491833,0.143031482029193,0.186784569828653,0.155764982140897,0.166303703463381,0.152599152547973,0.145634366043985,0.194953462459716,0.0385096789908793,0.163695083229729,0.150320177081686,0.159363136490007,0.128959767482733,0.127018791724551,0.0137272694597939,0.192873927428267,0.126995324057405,0.188086410291646,0.168806109974303,0.167886574668053,0.0117737034534181,0.0523228485233101,0.174618389590153,0.202656197023102,0.149392462275953,0.1460767677393,0.190846790132058,0.117752609937091,0.0677066542212664,0.151154869408441,0.10914397669999,0.142980115308689,0.169250783852713,0.212979819608691,0.0991871069596864,0.219505719658823,0.186584197151426,0.177014109716902,0.0278386775336509,0.163712663669246,0.163214503315741,0.189778324461836,0.163815752529198,0.171100118937749,0.121171022233754,0.165123277181003,0.170978244119905,0.104358187789522,0.182087475266298,0.138183463047714,0.200524711807406,0.20912914624648,0.163483475452523,0.1807914672518,0.0366855272457562
"UI10-00032-Bodacious-Ben",-0.0261945727577639,-0.0262491779311828,-0.0229401538095016,0.00718362412849901,-0.028369402788056,0.0647139785041139,0.00835901331116015,-0.0147054735607612,-0.0390099024535622,-0.0163339514090822,0.000000000172480974289345,-0.0580224339659998,-0.0436172538873534,-0.00755021361565507,-0.0680788508526798,0.0824712669115189,-0.00624985160378528,-0.0339461852511873,0.0147690796281164,-0.000114572353852184,-0.0186051577458838,0.0117205649232124,-0.0440942924040153,0.0566431852380861,-0.0322099559153043,-0.0292730246227835,0.0055329617169507,-0.0421860459826118,-0.00756632386559506,-0.0207737067440109,-0.00125308660848319,-0.0269549513998382,-0.00967335239999065,-0.0639518948710928,-0.0134250534099335,-0.052009635988913,-0.024005715029537,-0.0268525254149873,-0.00948034816255765,0.0286132040024977,-0.0374554768199404,-0.0359404959678283,0.0311549100904253,-0.0108938450582761,0.047915642841374,-0.0763721210617023,-0.0443259498831593,-0.09228735297473,0.0000000000954468062204319,-0.0380176519279377,-0.0271361643419916,-0.0165626888503901,-0.0312790477055067,-0.041357157634229,0.00246212125830627,0.0423032814095044,-0.0312461047566403,0.0136415036697098,-0.035662216717894,0.0203780633577489,-0.0418291564250531,-0.0582897846037111,0.0438056876760977,-0.0117312192786479,-0.0667248688046876,-0.0778016393875378,-0.0263968677651489,0.0190332210908714,-0.0377517825293898,0.0192226206598032,0.00631591516026135,-0.00252812111912204,-0.0226178883899981,0.0000000000090751505232381,0.00559072401730945,-0.0227182383542648,-0.0354867964245165,-0.0355727134645952,-0.0366228212539117,-0.0101730896601134,0.00105259526984207,-0.0203835752430032,-0.0246730173352185,-0.0148260891009286,-0.0216699929815317,-0.0185670472047002,-0.0593832183311625,0.026868349077878,-0.0527982301033495,-0.0231567275736173,-0.0680284259992353,-0.0459213642104814,-0.0450444460460702,-0.000433184006094803,-0.0201163628889665,-0.0360211843155861,0.000000000129889302596494,-0.0509023559986502,-0.0396071884101454,0.0300715743653647
"UI10-00033-Border-Bandit",-0.0888189280992132,-0.133978018914446,-0.153802255181987,-0.000000000650745568970245,-0.120943704709912,-0.12039288648493,-0.177020312115583,-0.06526300673562,-0.0963317820218426,-0.0966175587916468,-0.111354282087345,-0.135184138017906,-0.0483950408417908,-0.14621088393647,-0.103962287522673,-0.103023493951153,-0.109426119119607,-0.137110166822662,-0.109209999767931,-0.17362314757797,-0.0862438450355624,-0.119958508720333,-0.145771529220594,-0.000000000105067359105086,-0.144464677111196,-0.117974321835123,-0.176020775347927,-0.028895197957244,-0.117140307030608,-0.17355986373311,-0.196398520868471,-0.093311687762681,-0.10335188012008,-0.118120433822789,-0.0764328868439586,-0.129214303186164,-0.163898048132281,-0.116167578877086,-0.000000000252634434782226,-0.0965620916984013,-0.0902839504013569,-0.113032640362715,-0.139718481052968,-0.0984783094060412,-0.151057273819973,-0.0314485832167598,-0.137513010088032,-0.192741668206227,-0.000000000143847147118304,-0.147248296890229,-0.150392596222751,-0.172964547088468,-0.143715742565772,-0.0749701251177686,-0.101710697163406,-0.101842616867287,-0.0829740434136607,-0.17233025952272,-0.127820408713564,-0.000000000357232004868767,-0.114320535209268,-0.0886877749892966,-0.086583219627027,-0.11771422115637,-0.162185425911088,-0.116904149663135,-0.0937641866383397,-0.079979560266046,-0.16951049806952,-0.0559217987839947,-0.109591759517841,-0.1521651471698,-0.132117407160557,-0.114328698509416,-0.104513166383284,-0.106823602924023,-0.107394301371067,-0.0585793668517701,-0.0654613382682514,-0.103145041056552,-0.162378200208101,-0.10735199885574,-0.189926595536063,-0.129913097679134,-0.151452736676945,-0.0823419054356263,-0.000000000311629874087242,-0.0828161121158627,-0.13893721566282,-0.123979374888942,-0.140820212712138,-0.110520962072002,-0.103218245280044,-0.12142137122104,-0.14150632896627,-0.0810320756659659,-0.074605665533765,-0.120755331344603,-0.139439347136849,-0.145553229246484
"UI10-00036-Dixieland",-0.0154750397330344,-0.0648877134657883,-0.151850412190326,-0.167939749323915,-0.156025612169979,-0.0438405365106628,-0.0878094850944835,-0.243687490470019,-0.137198386284692,-0.133682024537938,-0.150455855840148,-0.150739954241346,-0.135662277183149,-0.134849967276653,-0.153321512515969,-0.153018015782556,-0.138856277910447,-0.144686287503141,-0.125463750393395,-0.133134346713273,-0.0710086076097048,-0.000000000440552667378085,-0.26075254918776,0.0000000000286486650261523,-0.114869770336346,-0.161298441725142,-0.193685095975782,-0.121840768050152,-0.165103615079098,-0.150068451342667,-0.16246614278672,-0.143011062479421,-0.164516978938623,-0.148292624668508,-0.159591313972178,-0.139109572511188,-0.15209606316905,-0.174518720166873,-0.162316466162766,-0.150892957656881,-0.093355416380002,-0.000000000555168076715221,-0.0503699128943916,-0.154338607249135,-0.127702096261063,-0.000000000161711518408304,-0.250459736877986,-0.149592950451814,-0.165722512966642,-0.000000000442021045902075,-0.161943127767352,-0.174756318944028,-0.165636730316645,-0.167494208672263,-0.198819008786061,-0.161933501365879,-0.16243027745678,-0.17189654310491,-0.163133778580664,-0.0443197865796557,-0.151864052074591,-0.207086199169066,-0.138189018716267,-0.170527078056249,-0.139319279938339,-0.000000000203155734477248,-0.169435092246419,-0.103450498106734,-0.168317690631337,-0.000000000792778570453199,-0.26984931125427,-0.191082156109174,-0.163304539682191,-0.235490144637472,-0.0512857891557657,-0.146805532251471,-0.16065227473033,-0.0748016620454928,-0.153532710747464,-0.0135794323703056,-0.237603042199986,-0.142058635665606,-0.1405367887168,-0.162739378818785,-0.168771057634652,-0.161843173763003,-0.193221620121986,-0.184101582130747,-0.193428983464963,-0.312692968851412,-0.16780430814108,-0.135159548958418,-0.227688679702747,-0.163843278429824,-0.000000000909286517184001,-0.000000000515654122236467,-0.000000000482171944448047,-0.169568472413105,-0.158822223637369,-0.16900403400768
"UI10-00038-Emerald-Shadow",0.0613664767108584,0.0748527460978184,0.0882470811376512,0.0893672895313662,0.109068192276934,0.0715725606293872,0.052465812727097,0.123306995671083,0.101479117266661,0.0778997245483834,0.0955286546706949,0.0869828446143108,0.0781749528786009,0.0750220200807981,0.0552913893550178,-0.045205758703941,0.0871932740546933,0.116061083201661,0.101704813792102,0.0874794473526685,0.01207855561509,0.0919730488774761,-0.0155920738791547,0.0849898178101129,0.0824538657108661,0.0847951500533033,0.0921541447350644,0.107587928600126,0.0991064527365045,0.00809877446069933,0.116206092639523,0.151370868273621,0.000000000186383818785416,-0.0080506125892493,0.0781473194213965,0.0768973419973714,0.123648062504263,0.0923307359974894,0.0615494226692088,0.0814832324385884,0.0637637454135342,0.093972770719472,0.126087747643416,0.0839128080578554,0.0951594707279363,0.0823961722340016,0.0527402588308807,0.06293049604503,-0.0102264470151692,0.0264808571076545,0.0865530406172771,0.0642860928579874,0.0588707991557318,0.104707146821296,0.0543401070612819,0.103205503974517,0.0877409744154196,0.0258233210151787,0.0825224545195748,0.098369393658888,0.0626099030746212,0.0781543487392963,0.0826340290363584,0.0847837032188204,0.042393624534617,0.088403555989271,0.0773060396579375,0.048537884085885,0.0908829040628079,0.0515724845865316,0.0830747111391569,0.0830854462273902,0.0856191424187902,0.0851179821466692,0.0638982819038209,0.0835873394372659,0.106972255272737,0.0692507296858955,0.0710940821217377,0.00194932243138899,0.105761295369758,0.0349550762012314,0.0870552675642153,0.0663988529302945,-0.0338408610036528,0.0927510173430385,0.0813075563606032,0.09640874666063,0.0936622826876588,0.104017633903322,0.0793374868907528,-0.0187946085863612,0.068791295210211,0.102293551268685,0.0854122570710568,0.000000000138009649399665,0.0401770103912639,0.0736464787827668,0.0694255234817198,0.0712101124180614
"UI10-00039-Emmanuel-LePage",-0.0114975266678218,0.0048180244494648,-0.011856133293841,-0.0185711417965704,-0.00743404486599694,0.034347598842628,-0.0123483953350047,0.0520443992987299,0.00000000000488995484177121,0.00202221732597217,0.00013479340122829,-0.00921992190357925,0.0335153325746597,0.0644459143954177,0.00649956113737073,0.0306737077142748,-0.0141966222405033,0.00105744110966523,-0.0202501095377818,0.0369925655427286,-0.0031847707544485,-0.11208348506193,-0.00329531015192464,0.00665466665688099,-0.0171917855121285,0.0258753367678093,-0.0156348597606831,-0.0209290553708438,0.00244076411038442,0.0137911614067013,0.00464279857100799,0.00418792220017006,-0.0165942998748938,-0.00210107769534588,0.00397051410233105,-0.0413355838962282,-0.00832890600968685,-0.0201294447896548,-0.000279469480458833,0.029433953808283,-0.0102617903283168,-0.00410851896614577,0.0050319294202614,-0.0309160673972808,-0.0283731652770721,-0.00365621085099817,-0.0232099301508245,-0.0951119732004365,-0.00225842062653792,0.0224645371885068,0.000384442162038029,-0.00203629734329627,0.0203750490346285,-0.0212218787645369,-0.0205357579424749,-0.0131829878151016,0.00810155566197228,0.0272033973318913,0.0251565518482647,0.00512331509789377,-0.0189843690253134,-0.0800171405277603,0.0182183979071523,0.0121705373968146,0.00142508293138959,0.0031354896444096,0.0276523746472181,0.038558386474223,0.01990818737655,0.0170716181037512,-0.0130179800156614,0.0139376510411683,-0.00552009345848564,0.0358527450081987,0.00614600764693406,-0.011020714756518,0.00388444897649143,0.0220857489981669,-0.00690195418191027,0.0146609560814367,0.0313350278865982,-0.0944139362930715,0.00670585038842328,0.00256285562687068,-0.0076076504427775,0.000603204170183182,0.0308363820666264,-0.0206649382628163,-0.0669045968948611,0.0161375139521614,-0.00996038583460878,0.0164737907462902,0.00427578614654098,-0.00901066737391362,-0.0183454098455204,0.00309323088529599,0.0000000000229035608987909,-0.0469757211573742,-0.00856750026150357,0.0261099835342082
"UI10-00042-Giraffe",0.027214616476725,0.0686242140551264,-0.00894648024594127,0.0000000000464867614025183,0.014759699047397,0.0270303544255195,0.0330636007977326,0.0342493808080342,0.0344538986603332,0.0869622603055336,0.0341426858281451,-0.0484226059257784,0.0240137582796701,0.0334753401439036,0.077244128370955,-0.00991730780913197,0.0190213543172044,0.0501277600541427,0.0261408668115098,0.0144635594227686,-0.0120960082084251,0.0291229745139436,0.0278838619175858,0.0930851050370165,0.021262302621596,0.0177132580211892,0.0465148393331184,0.0334490234506093,0.0407356398669381,0.0103733612721884,0.0258357264714956,0.0412108105061423,0.0271136701135429,0.00528605537566665,0.0151443400768188,0.0368856459614149,-0.0324703907034632,0.00921857338236147,0.0257615781979262,-0.0270136889276587,0.0294748198857578,-0.0423944137820139,0.0356655847663112,0.0216057138864787,0.0385252958545847,0.039541048962084,0.0203161088576199,0.0402097917112919,0.0299570270272886,0.0249829223620978,0.0125769953076616,0.00603624540586276,0.0411540445224832,0.0793032230132543,0.0171462364474601,0.0444673425201059,-0.0126497773934208,-0.0155566011845351,0.0530516732951937,0.0233239604483978,0.125583812660775,0.0190480394067971,0.0956462894820133,0.0312299419524938,0.0173150613625527,0.0362585789839708,-0.0350496166368931,0.0425508110806987,0.0884342595422514,0.0261799633475606,0.0292532806462018,0.0501779715834517,0.0540880961242161,0.0372981199934765,0.0424316211318534,0.0566060565417552,0.0448969952591266,0.0771724185701647,-0.0136221534716963,0.0185513239049456,0.033748125079072,0.0240780167039285,0.0544293381778391,0.0271459076243923,0.0691411210329051,0.0470443888398347,0.0367005125750858,0.0291466046741418,0.0256139979805905,0.0304045819952937,0.0227000280928277,0.0484314743156353,0.0322367392596396,0.0352095937807599,0.0472697598998333,0.0247649621533771,0.0420965870100484,0.0319286461932022,0.0310724468857133,0.0303943822268488
"UI10-00043-Gold-and-Silver",-0.092241906237209,-0.102512159323741,-0.107324165279993,-0.130704577001883,-0.156803717886543,-0.0944568697323631,-0.0812934434332637,-0.0969686817981255,-0.153283446026308,-0.0849993780063702,-0.0981203911625199,-0.0789379959326792,-0.0102823404306718,-0.0637400494824356,-0.110084844191782,-0.126016190356955,-0.0845699324790563,-0.0981294801361628,-0.023780105668561,-0.0824166025647282,-0.121974195274036,-0.0908758938643673,-0.0812571209626784,-0.0833269185759058,-0.0236929650284398,-0.0971258530942574,-0.102810698276141,-0.0860439247576869,-0.171048981468973,-0.117975490121427,-0.0904202983148511,-0.103341648266378,-0.00151577299062866,-0.0603387358590692,-0.082472529813615,-0.083563436747774,-0.11555185934439,-0.106423244416086,-0.0193484228930419,-0.177223871788107,-0.0647477931329288,-0.00000000033344073998401,-0.117790610099695,-0.0985254799125906,-0.112479587156042,-0.11218998457159,-0.104474151540743,-0.0919480838628065,-0.106286737550195,-0.000000000197632823639566,-0.156912901086055,-0.0872245502997543,-0.106330641424691,-0.0926182171207127,-0.107900707692997,-0.108900096452659,-0.113024098944753,-0.132574403043554,-0.0350750368982,-0.0499230194320776,-0.0853283273043312,-0.0930565598766964,-0.0627752614885829,-0.127345105300493,-0.102558568138515,-0.000000000186744190130499,-0.0648558077340046,-0.145663825961458,-0.000000000399510051011624,-0.000000000303985001263787,-0.083092023916764,-0.119263684851062,-0.107934505658578,-0.105105382416628,-0.0854820739126415,-0.130833282353845,-0.0759270157312651,-0.0415745375163159,-0.0807180900578647,-0.0743515021697346,-0.0875570357579686,-0.122435598775088,-0.0882975795256151,-0.118809461543812,-0.0964359835141033,-0.102942149891206,-0.000000000345608601828679,-0.108429064974592,-0.0972407010982679,-0.0891128383538943,-0.0627536139236837,-0.0579794122325656,-0.124216585730046,-0.103780385362648,-0.130783466733133,-0.000000000357112079944807,-0.0780787905124168,-0.135424120986638,-0.111585810473406,-0.148549352491532
"UI10-00047-Goliath",-0.10578580681914,-0.168068649515632,-0.121222106086898,-0.148659955513209,-0.0844348567793075,-0.112068607404022,-0.120907716397917,-0.180648062886865,-0.127142450151076,-0.150055889733741,-0.13177046809649,-0.0944576317484158,-0.184235729923007,-0.144040731270482,-0.155650774608071,-0.0854397665006639,-0.114716034301711,-0.137398452901031,-0.12701101056366,-0.118095512829445,-0.113815961549715,-0.146769843148348,-0.127219141169558,-0.130690565996303,-0.144968047227048,-0.117670901035292,-0.148136027753146,-0.154634127698343,-0.128754571967784,-0.124815514188936,-0.168589400187759,-0.0850765632785298,-0.124265768447453,-0.160899804966259,-0.158106793206871,-0.114617172833211,-0.131593715245308,-0.131037892434049,-0.151924235588174,-0.110000088363219,-0.0610160796445386,-0.127229572730135,-0.123035652009188,-0.137445443198133,-0.117631053342132,-0.104253129632634,-0.109384967597871,-0.142520437859668,-0.154525904552276,-0.144460880316621,-0.0907562340752361,-0.0950253859145687,-0.118872058414094,-0.0737912391948022,-0.150272688192567,-0.143370887054843,-0.127093308625287,-0.116630172117068,-0.0981177649904367,-0.14018466654459,-0.13232357948013,-0.089631947249749,-0.141618214460744,-0.10231328782739,-0.0911777244024653,-0.108610123647695,-0.0908474364871762,-0.138239786974638,-0.127996347662405,-0.168911702559174,-0.128116398531815,-0.125480964213717,-0.108264895466712,-0.071732222320482,-0.149551104749632,-0.0679227088209472,-0.105135620960598,-0.106122659058884,-0.0795458254652782,-0.0257227681099727,-0.178233348823069,-0.121827065065481,-0.190147608189071,-0.105573698171992,-0.112928978089391,-0.123223143264215,-0.143226324772609,-0.118880152334444,-0.112396395713179,-0.0892904451217344,-0.131136779095443,-0.125314700035145,-0.147419068314242,-0.162506642121267,-0.097388980733903,-0.117230297810205,-0.1639015971341,-0.144582889378993,-0.131529637276626,-0.108347346567829
"UI10-00048-Gracillimus",0.109264216850715,0.164647067778035,0.00857813997672974,0.126972308325835,0.121720539195731,0.145600283468422,0.154890725032087,0.175057328872974,0.000000000450785150509188,0.113841324883774,0.148898115651315,0.14739675711039,0.121841238652999,0.132383382682742,0.120788090087176,0.145387348842782,0.0435762609702872,0.199636357487264,0.0524195835909605,0.129890050871926,0.185305879070525,0.22038145122736,0.14445366664365,0.0000000000423939981177041,0.138725074468357,0.180814648079475,0.116418487109232,0.0926818195096957,0.168165735367856,0.120778243258682,0.185051536916265,0.113215369990082,0.190520080329047,0.140976309042816,-0.0230538582784397,0.153339806730146,0.173251778127225,0.0894483260658347,0.177036921632224,0.145346811618764,0.173175114564064,0.157331182707122,0.239654546900619,0.09349292593566,0.13268404449262,0.174953612517014,0.135367256280019,0.13778248767839,0.160327804859243,0.15116429290244,0.0891105463212631,0.127671865046231,0.191439872742463,0.189817636826252,0.14415267666213,0.108592939857684,0.131059797012228,0.147501950483777,0.107866944335867,0.324179456898459,0.139809331862187,-0.0184083911766331,0.12276541767513,0.181689875693846,0.135918483700339,0.151634646726342,0.125665964355921,0.151549592018316,0.000000000404303113377136,0.0929345297542345,0.126618215481389,0.180127984000931,0.106495835068824,0.00196771609434358,0.159451726013522,0.189783787732697,0.137710025611027,0.202845622879044,0.134831311235893,0.174535384680192,0.117892745700127,0.0206733841682824,0.20411252248173,0.120402946272277,0.000000000478055929140473,0.133099315213551,0.101519394964198,0.103135352458171,0.122860440172008,0.109232188391176,0.133857004440716,0.185595815131697,0.145898630799026,0.140618230661368,0.180989948654657,0.127310613169135,0.10011098551795,0.129131473027265,0.119047615800326,0.141990969876543
"UI10-00051-Gracillimus-Nana",-0.04856828937065,-0.0113536809691159,-0.0402599512984606,-0.0267446087778952,-0.00291562507179945,-0.0551972923085406,-0.110354239419343,-0.0315866589965371,0.0105398720858708,-0.0702610231919,-0.0462061249721029,-0.0432518453909502,-0.0901242139800677,-0.0240870893711296,-0.00766437347626772,-0.100150316923198,-0.0544389017105416,-0.102425446404871,-0.10648653786047,-0.0567280461695155,-0.033638624849723,-0.00665907222968694,-0.0419234452953609,-0.0389018217447059,-0.0175177158235919,-0.0195584468396123,-0.0465083562199052,-0.0977268677326718,-0.0334742944997244,-0.0405879197258085,-0.0230331531246958,-0.0776533052635795,-0.0295855450664724,-0.0382330086453161,-0.0223134131656381,-0.0587236628602917,-0.0661069871409317,-0.041017032647275,-0.0538873462715874,-0.0186204870314636,-0.0456059109141173,-0.096331778936619,-0.0404508146318492,-0.0185408847291563,-0.0303607234048711,-0.0427949095912184,-0.0519641279697869,-0.0506875106748305,-0.00000000021464446665498,-0.0309123263047295,0.00736417922095131,-0.00833903316771508,-0.0264427750454455,-0.0466385095861202,-0.0320422269959706,-0.0225495759382881,-0.0726706117484796,-0.132846772155601,-0.047231355496351,0.0194168186331814,-0.0393291977418341,-0.0590037920011716,-0.0185977767879693,-0.0425517989272416,-0.058063136962899,-0.000000000103790134555169,-0.0972349502392473,-0.050320839476178,-0.0568900390948398,-0.0494214486528063,-0.0184541484420688,-0.0365423073609302,-0.0223686385950675,-0.0142915235188372,-0.0791912346734824,-0.0471403002302283,-0.177222801735198,-0.0511329573529628,-0.0359387754589002,-0.0408259269294673,-0.0118784724451764,-0.0831663338605163,-0.0537919493244156,-0.0402536743473736,-0.047865125978479,-0.0706118456807907,-0.0402763458383788,-0.0475602235447151,-0.0632649203988805,-0.0503984126038618,-0.02453015829786,0.000292361160685856,-0.0441288655439446,-0.0260275679657089,-0.067740274758566,-0.0386782548990003,-0.0404410123372007,-0.0295924490695926,-0.0437141198346117,-0.036325133243239
"UI10-00053-Grosse-Fontaine",0.0388227476891172,0.0629475270735121,0.0272553374642872,0.0919595613931611,0.0989746827122598,0.110487965364602,0.0368470309282349,0.0584318848299915,0.000000000122755539458286,0.0602800961225283,0.032391758067409,0.0599178639593982,0.0602534366490365,0.0399111164867003,0.077696719089356,0.0321668560171886,0.0634717932813303,0.109132288347017,0.0662245327500789,0.0638239914107423,0.0654475975160414,0.0495634248237099,0.0391583869360851,0.0978682176485659,0.0741095549130632,0.0411048733436228,0.0615480358301017,0.0625723933196781,0.0913868358074185,0.0752011557852636,0.0251226164065209,0.0822827860682212,0.0412614574043309,0.065288493972621,0.0892978290492506,0.0162864716069039,-0.0440321185193391,0.0961588863509605,0.0541072686119581,0.0250029743120237,0.0406043613047646,0.0530344132562332,0.073420469859397,0.0905877818265233,0.0840978608385091,0.086478446045415,0.0602364452353897,0.0449246518916789,-0.0209459032100643,0.0631918878619886,-0.0290989286447931,0.0585383233414346,0.0857240263218463,0.0592325658638012,0.0388864583886181,0.0875179084056397,0.0568908573197973,0.0513746416555416,0.04949909159578,0.0620999314591197,0.00824333357954088,-0.0201667080466472,0.017923031397739,0.0392605691323983,0.024280211443184,0.0576904634809072,0.0729092560419604,-0.0017343489994024,0.0000000000167649813075981,-0.00963642138352517,0.110115544461209,0.116162316787705,0.0794904322840304,0.0363232810212782,0.0559485135861644,0.107876045306842,0.0647227775855792,0.0657274728265792,0.0564454157657141,0.0709341832467301,0.0425226697561611,0.0495140720323806,0.103240473185333,0.0403909315572179,0.0322893502810397,0.0767397564874416,0.0444227629194783,0.0949139229008535,0.0547744471533505,0.0379285589796601,0.0529138935903149,0.0555805440999643,0.0493464692131187,0.065855757968904,0.0681846699608862,0.00112892081070641,0.0499341006240655,0.083243545242515,0.0684373988041624,0.108535488822672
"UI10-00056-Huron-Blush",0.0340395070164119,0.114838454602118,0.140234514308876,0.0965924543941779,0.0463858053581045,0.109174241397427,0.132383897256659,0.0986002876150071,0.183134824701957,0.0611472277413397,0.102107911755113,0.154728801655523,0.0957643542575277,0.104299104379649,0.100393429499374,0.103824829151957,0.0788175267080851,0.0952271005884011,0.111294491074388,0.0876339227669478,0.0513483456339008,0.130988092817072,0.135735698979363,0.0911966717754905,0.128979989074941,0.0964507528792151,0.106868091696337,0.0734130967604857,0.104320847035182,0.107615457605145,0.0852857449558713,0.143991804782802,0.0645074722443384,0.152473153527606,0.0955523337072473,0.1035206375823,0.127016180671089,0.10025713754219,0.0909248771170307,0.0878171145553128,0.00574297855920541,0.0836018888237378,0.132925639192946,0.108383338885961,0.0757037519406996,0.100139111549074,0.0518990484006179,0.0591329815405378,0.101997485989521,0.0895746873200993,0.038451326827668,0.118629102035189,0.040267866609805,0.0910883070069377,0.161093386181057,0.0689178467955869,0.0863162326061687,0.0786458492741414,0.0858591075798012,0.10719477544822,0.118714625899898,0.0506619838669875,0.0707477509073597,0.0875458260195576,0.0698825410816616,0.0850307869469347,0.0646343235400709,0.120499400203748,0.111438177305627,0.0843307783697107,0.0980206966240754,0.0861640060567134,0.0849473602891307,0.154316136526691,0.0584924208531142,0.0882957548732754,0.0951095390871455,0.0782510234003928,0.091942038699724,0.102214628856839,0.0817728450430199,0.127185201803911,0.076569419482667,0.09705126790675,0.118575109354702,0.100632417733656,0.0960909603662272,0.100227933191205,0.11499921969574,0.0294469393830533,0.0877607938420639,0.130032775242288,0.0591232186060657,0.101651888033536,0.0613201368406679,0.0674282712364666,0.150324665802116,0.0808014305226029,0.091204785267545,0.103991336851027
"UI10-00057-Huron-Sentinel",-0.0428805370036129,-0.0331901160801107,-0.0660730809496924,-0.0409924273690582,-0.184934394312501,-0.0797126702763701,-0.10963455119209,-0.0280603887824465,0.103951515999713,-0.0262263349196469,-0.069947912785778,-0.136056849445899,-0.0608895843020378,-0.0621262406498212,-0.128253792722561,-0.085325064594885,-0.0483804172144409,-0.0757751998025282,-0.0639527908841765,-0.042416045903452,-0.0528822524472562,-0.0852875143386972,-0.186188552316696,-0.0844379309778663,0.0709035348657042,-0.112055929760496,0.0227671735019992,-0.131141161711407,-0.0755522455556761,-0.0703626535299997,-0.133835916713279,-0.12117951982955,-0.0730759191571382,0.0228819713829823,-0.058683118818717,-0.076068501163958,-0.0520528509788327,-0.0541137087800323,-0.129919467194905,-0.0775262714357599,-0.0956286955455474,-0.050076088004538,-0.0374984376505233,-0.0478620768229658,-0.0907366547523284,-0.0827852552132272,-0.0964942060739457,-0.0877049314396243,-0.0878420306582134,-0.159252886863582,0.0303243780934768,-0.0538472463435798,-0.0503961528784628,-0.0841158344382392,-0.0664057302598055,-0.0654083083690431,-0.0749695588480577,-0.125124939418044,-0.0443578604783504,-0.0450213766046252,-0.127145453900928,-0.0761767832532784,-0.0991950293605334,-0.0501062702901338,-0.0757086354282603,-0.071283413089309,0.00251075603796541,-0.0840447142900171,-0.084646521253614,-0.13862105461492,-0.0717685284727266,-0.0780112101128283,-0.045967340219365,-0.14513859668689,-0.0543664948005456,-0.0555203817597846,-0.0573196821072179,-0.0716636096545851,-0.0422938897627289,-0.0504528944767165,-0.0605437333593425,-0.0694823274286736,-0.107006505725133,-0.0544094296042784,-0.102585494095396,-0.0831460120605493,-0.0662391679226961,-0.10791004649305,-0.131489488715633,-0.0874219083215769,-0.0782933455529382,-0.0958935601507913,-0.0489489346698176,-0.0865374055517555,-0.116995017021908,-0.0713307619143575,-0.0892609649752168,-0.0406812699379899,-0.0728753209228701,0.00509407933812979
"UI10-00060-July",0.109713189008812,0.112547922935111,0.0954431191670322,0.102341299472193,0.11021923036204,0.0625923957170072,0.102774947459809,0.0617603909928144,0.154511272997222,0.12291914849369,0.138190037414855,0.0523955357144497,0.118525815865238,0.0642968205377207,0.0664671189107716,0.0434671798887388,0.1008548244474,0.14032516239565,0.0805957552836742,0.0299851259624494,0.0870222519358615,0.11585517964194,0.0544156394674293,0.106249047268709,0.0656076064398817,0.0923914867038889,0.0768256469142329,0.100397879467175,0.108570129142943,0.141979446194668,0.109321085822603,0.0789053512223956,0.0817810167443122,0.057637632864348,0.175254776877553,0.0441313407670467,-0.00118845743332854,0.0714309989021667,0.0470233091799932,0.112202956831797,0.0863477511607692,0.195873085632643,0.0515692969756746,0.136207483357865,0.0254584649917658,0.0816362273356923,0.108810910001675,0.111843470024186,0.0620528374419261,0.128655181152453,0.0182032868471699,0.0749234955417896,0.0908372718665701,0.123111993396499,0.0950125668465431,0.07990702763976,0.125578852226899,0.158882968179106,0.0815882142235569,0.000000000250768598169209,0.044700231285082,0.0880602862466806,0.104918907405537,0.121139432592985,0.102836740405329,0.0849214147802822,0.0866675273126224,0.0975615982150377,0.0000000000473840060321695,0.0248682256242704,0.0435543536800801,0.146361125751441,0.0970261640233722,0.0000000000415046183665211,0.12114209922534,0.141056489307187,0.0691186609526174,0.096222872252333,0.068203318446375,0.110983094955318,0.0530216884363776,0.0844733874659088,0.102285899915318,0.0922166448301218,0.127444317654011,0.128101453882007,0.0826920712305518,0.0547857884204596,0.11696329824934,0.151460189974088,0.0995770732088768,0.0808977270171903,0.0983475419841062,0.0988929637799096,0.130355511641985,0.0826497562322992,0.0301865454080329,0.080110860062147,0.0696445261133793,0.0966478940478982
"UI10-00061-Kaskade",0.029141176559665,0.0663176794458259,0.111731368792451,0.0931070098256782,0.0669496931365216,0.0931251902208687,0.0562333889801673,0.0303174240349161,0.0827938342933044,0.0714796822872992,0.134905898796159,0.0502595030493179,0.0781716521516928,0.0851149886718485,0.0371466440923531,0.0607952081188016,0.0730221503219761,0.0603833009138171,0.088341701710359,0.0893287744885846,0.129476438059896,0.000000000320419425559658,0.0668846630156916,0.0993256489782192,0.0883314983692242,0.100919950275766,0.0989661882206791,0.0522270555722452,0.0995507941879431,0.0750439871836734,0.0255334872939316,0.0877455337148995,0.120556641320115,0.0635745010230147,0.0615220778190077,0.0273423488609989,-0.0387085002307025,0.0794575028909721,0.0967014806002229,0.0775902684380954,0.0953128458815287,0.0741711188140041,0.0788497230048224,0.0609582450704905,0.0275869114593825,0.0883629160620769,0.133304105270956,0.107337381374519,-0.0207093974832432,0.0999328973886024,-0.0185267941808798,0.0624894079934329,0.101402565627585,0.100541509883615,0.0816586990842065,0.0597661369509323,0.111201893499674,0.0856430094546608,0.119622891100849,0.0892653650488697,0.0149244047984262,-0.0109997085364495,0.028038575816709,0.0915787109099087,0.121577400663846,0.0934774955711553,0.121384524417466,0.00314640782695029,0.101292891464484,-0.000684200460658261,0.0573685034865969,0.136397581985246,0.114691059295931,0.0995980677588424,0.130634946920812,0.0705922684265008,0.0675986481473653,0.0911554665001417,0.063691535666642,0.0675035912969969,0.12379736449836,0.0924800341163086,0.101878895373212,0.0469944414159501,0.0407077357584374,0.0723502928244404,0.0542316496502843,0.0693065572386925,0.132860956221608,0.0385593285221448,0.108418571784951,0.0767989048810229,0.0537808517959722,0.112972338165018,0.0764475370384796,0.00904617648708394,0.0464566022406714,0.0819135466203051,0.10603756191248,0.0714403768780501
"UI10-00062-Kirk-Alexander",0.09186736139659,0.135828066222795,0.0994992740972463,0.0000000000780514502757287,0.0455132717732993,0.106647764969273,0.115259776618521,0.079098502844962,0.0574149293674259,0.0702182063476566,0.0930363904809221,0.115643580364539,0.152231748477349,0.143140268096112,0.10804668530695,0.0918644428595744,0.162880240293706,0.0618753417727081,0.118469263314411,0.0292276518989188,0.128530814761426,0.0822039916440032,0.120242748474019,0.150001613965592,0.118502028263813,0.11759119234864,0.0926557677395329,0.117625835162028,0.0993640030266689,0.107477886043362,0.156900335832535,0.0837046842906211,0.000000000229017534759104,0.0921657190271998,0.118271930579853,0.0915933425762611,0.0503580207317851,0.143744785678682,0.109348726678088,0.109695427935488,0.0943870908352691,0.0694007075803778,0.182421093960959,0.0928018961829123,0.11342682420493,0.0876417290391755,0.0781052380938848,0.082009974190549,0.123508357126456,0.137769201694653,0.162788758973557,0.0654746128702784,0.13856124908112,0.0968895171879118,0.194190113912837,0.102407794605395,0.100296403572751,0.0756578688525165,0.119434372688416,0.149189140889685,0.0670158266210337,0.0810615779678051,0.0897161419038964,0.112004601544585,0.115159479023733,0.115801030762919,0.132343773809075,0.0888274506172827,0.108556994004098,0.127642017654018,0.0912231482049803,0.12145590262494,0.111374074801987,0.0851343967972451,0.0996004535208794,0.0963368522276311,0.183302486761442,0.128246577229609,0.113916437220935,0.0965688660618811,0.098248866551112,0.129748609139549,0.102405199752111,0.130953545862992,0.000000000169521856868721,0.079260302524494,0.000000000228000186052016,0.152121179129948,0.0980348170241998,0.125460467854785,0.13007313644458,0.116394291248983,0.0805691319183608,0.140204580378832,0.0943053642827834,0.119398129408064,0.128745698518049,0.074586167739385,0.0879310973098032,0.0910844943070502
"UI10-00063-Kleine-Fontaine",0.0928267224612454,0.0786812963405558,0.115398472878158,0.0608132945020267,0.0876869033439712,0.0866676213846046,0.126611527145935,0.0928217331912967,0.0797519457659134,0.107703884870464,0.0805116088149453,0.0616122892300562,0.0901776698015921,0.0625262049029252,0.101604367427804,0.0635426755949003,0.0933882323759214,0.121008590749233,0.115933106192788,0.0946640454017463,0.109620109351918,0.11125913994988,0.115486632466696,0.0895646726254209,0.0811695422371864,0.121938498701877,0.100378994448149,0.0598445539592304,0.0527663736758463,0.0849596260015288,0.097429457403833,0.113942243883997,0.101916464723295,0.0474217832885671,0.0847781939491959,0.0541612099836937,0.0763898388040623,0.100410794863105,0.0906171960456258,0.124901377362616,0.11325411639999,0.0907485048790598,0.078106625350384,0.102009653545348,0.0758753490520081,0.149805540944414,0.0706355213677596,0.100368662972638,0.0801777866285385,0.112376400833042,0.0824478034929275,0.0611597833189518,0.11033139885274,0.0598653458764899,0.121999854680193,0.116311226024962,0.0999338982965918,0.0714155068012802,0.0983034384364204,0.105370210808946,0.101529015757647,0.125809959357875,0.0827763037985152,0.0746433364867659,0.0734091625086423,0.0740131470976389,0.0385834814033862,0.0769979259259101,0.000000000176250857308619,0.064281308817516,0.0516841151522651,0.0832288414818388,0.101824083304585,0.109149620730234,0.16564589528691,0.0963442816569204,0.0785392320196351,0.0958036898678121,0.106926926166457,0.0736570386181656,0.0685200683715396,0.0595362654934611,0.07207804346053,0.0351538667371168,0.0759918132978849,0.109179843552548,0.104556125937422,0.0479378754706608,0.0923546718102946,0.091553747926559,0.0727829202102652,0.0201070008843045,0.108165785052896,0.124701086532265,0.0610362609027047,0.0787000016214123,0.129288051837674,0.112844221927154,0.0851887016132713,0.0891964622416663
"UI10-00064-Kleine-Silberspinne",-0.212445480887616,-0.12671806172845,-0.261098836554269,-0.0725922719743759,-0.167873411182327,-0.143050879290096,-0.240781701762165,-0.221765193727826,-0.198170189165793,-0.216464818273291,-0.21348700252204,-0.228955759708018,-0.129897839186576,-0.227905579593205,-0.215514793784552,-0.0621245741176965,-0.212492953405546,-0.184592351469204,-0.233863656212788,-0.324622756015073,-0.236952305785427,-0.290430659548803,-0.288163209052732,-0.22165711993183,-0.121255397833479,-0.0665818940622318,-0.132166060877601,-0.28953918616246,-0.231498081740878,-0.233959764775696,-0.241398947199915,-0.195091421106794,-0.197917423950261,-0.218017259189907,-0.158989755855831,-0.242270397960842,-0.193696320114546,-0.192731431601561,-0.190333239363849,-0.178548967440535,-0.186971937019683,-0.262052213252165,-0.192709291804879,-0.201119695190115,-0.186633880391977,-0.0538721906719522,-0.0304385155760732,-0.310135385340878,-0.225032039179425,-0.182569672636094,-0.22631295993671,-0.117889961098162,-0.157397145509421,-0.14539054918864,-0.309770066190949,-0.0584732254230267,-0.173673909834245,-0.0940350454035695,-0.229858465197225,-0.264047492550683,-0.184768931957177,-0.000000000401738584645632,-0.241904824842431,-0.248556226939272,-0.208135165084432,-0.165190019563574,-0.102275781978647,-0.187720645767999,-0.23317154573169,-0.299866179542815,-0.241292192510763,-0.076782527275137,-0.278812612691664,-0.000000000356047558784458,-0.155130406675226,-0.241869841135039,-0.168077939894766,-0.284667128555853,-0.161728276451118,-0.219737645893442,-0.0994036702826986,-0.230235026707885,-0.233338644745164,-0.318543274288531,-0.000000000327594884476391,-0.267688160416599,-0.219496415207564,-0.213118471974336,-0.19701686552477,-0.153215957864479,-0.203798130863669,-0.26420720859918,-0.0826858960966678,-0.154873616933075,-0.000000000471824123254197,-0.212204733201917,-0.19551173149885,-0.250002002801168,-0.249336959592274,-0.255497845496978
"UI10-00066-Little-Nickey",-0.0448079603040896,0.0104318426360981,-0.0187589911429744,-0.00553601434573067,0.00846542735774538,-0.0375875224931977,-0.0553288386550265,-0.0243324255351617,-0.0035123232076024,-0.00371136091556988,-0.0314554177289914,-0.0408166016811036,-0.0492453657972587,-0.0361977953422603,-0.0155783643411294,-0.0120785743752088,-0.0170155760966775,-0.0130995516253323,-0.0316245668941586,-0.014162119174547,-0.0062079830850975,-0.0474533294067138,-0.0557150395191316,-0.0170395763569753,-0.0128434828390068,-0.041752849683072,-0.0214934383656907,0.00364124997756082,0.0140565019504309,-0.0217485260099583,-0.0495095507265102,-0.00751151414115341,-0.0178351913509791,-0.00426908843084819,-0.0204836053710013,0.00279160519137997,-0.0153347797032404,-0.0204066270649531,-0.0198204326977465,-0.0599029495009098,0.00134565857513615,-0.0178618040093271,-0.0315520419722526,-0.0245769398786352,-0.0333950380410819,-0.0352517908595064,-0.010878962232147,-0.0404445145669076,-0.034048814474259,-0.0217898474709674,-0.0538402099236542,-0.0183876766782524,0.00501759513947777,-0.0413176408748813,-0.016457177676497,-0.0394216525805408,-0.0652366561493873,-0.00349932941096639,-0.00872220653121066,0.0295206216330648,-0.0265266477288195,-0.0752867341600951,-0.010956441940571,0.0036390539117635,-0.0130197993098113,-0.0149025907301867,-0.0249583173631202,-0.00107397267645922,-0.0411241399123336,-0.0243654135907475,0.00305823435375443,-0.0315867958613364,-0.0064099597840906,-0.00376876738811192,-0.0388289553841302,-0.034924473072547,0.00299310596345094,-0.0386350044811101,-0.0196714904832728,-0.040298943908823,-0.0477541121758768,-0.0284383106405438,-0.04605119766289,-0.0287644521379283,0.00680220945368053,0.0200552553468961,-0.0196850498020643,-0.0314511271070423,-0.0339893031040176,-0.0293367660168276,-0.0640152395300758,0.00264832594463812,-0.0300156736192319,-0.0217599229898997,-0.0148397474960002,-0.0190555133505335,-0.0180604690164165,-0.0498905756651362,-0.0351823863883505,-0.0217031433978601
"UI10-00071-Morning-Light",0.0456928945606841,0.0144004824773739,-0.00615112997128086,0.0232603424113914,0.0666557995726132,0.0490601236538691,0.0531356605697157,-0.01303454979139,0.0437039587230003,0.0370491478561139,0.0358639673087094,0.0342898718173347,0.0861224485055796,-0.0120861475914299,0.00438999888899523,0.024171826699966,0.021043471240753,0.0337068665672034,0.0487378165274532,-0.0032997408754952,0.0341649298415672,0.00550522488282769,0.0176313521583423,0.0285237151243355,0.00122945247093156,0.00584533014607164,0.0146512618486052,0.0624584320916596,-0.00136167589939325,-0.0109569053328935,-0.00671033314106215,0.116994800899873,0.0471541671782954,0.0440523409584747,-0.0285838384120714,0.0526783596506472,0.0565731479407977,0.022298963697833,0.0102144274227079,0.0596383750703451,0.030121765539546,0.0426806690819765,0.0150660044692693,0.0301674062404278,0.0219022192947771,0.00304208619604686,0.0530444125875869,0.0288100888351159,0.0626369447306006,0.021648823712864,0.0279977530795143,0.0379271606033867,0.011861446671465,0.0196298441991873,0.0114756842793462,0.0659717636586739,-0.00872455161659953,0.0386267961510594,0.0607498733624112,-0.0167711742286148,0.00477350055827397,-0.0258206067449434,0.034813249164031,0.0151255118128708,0.00905056919963396,0.0498195438701111,0.0381590620697372,0.0268736957732152,-0.00795632648882251,0.0387992726385269,-0.00277967942892461,-0.00610227061531915,0.0287230015111771,0.00185195170076575,0.0676939976472065,0.0471115881341527,0.056689531373593,0.0758466163901331,0.0146533486553565,-0.0431295605625238,0.0353251320590288,0.0188736439419993,0.0120573214988112,0.00417966321730601,0.054134267220347,0.0137035172283573,0.0417615771657677,-0.00403009087905446,0.0194057770153809,0.017679328175755,-0.0239584898476196,0.0176497523503498,0.0726741557925642,0.0254322500740613,0.0538388597766868,-0.00793375943212105,0.0288077163938947,0.0132604644254345,0.0113831197606016,0.0330172145046625
"UI10-00072-Mt-Washington",-0.195458657763794,-0.158980248410912,-0.142663858928749,-0.000000000231026402190897,-0.159368217376996,-0.106140243068089,-0.204446780896921,-0.128911323177869,-0.118570723875965,-0.185022926824907,-0.208797017011704,-0.151340188142558,-0.156446077610182,-0.176902972259643,-0.168997197392122,-0.155230617328655,-0.181763642824794,-0.161817709752927,-0.158521105523263,-0.188123412528911,-0.16308849380791,-0.23119982319746,-0.184065781968969,-0.198901393164208,-0.198146424314989,-0.170981896051526,-0.157400279198703,-0.182196823973981,-0.140835881065222,-0.1602358731651,-0.113935998136251,-0.172756358919489,-0.167820515948525,-0.131600604992572,-0.211887239896477,-0.186371155862012,-0.184083896464205,-0.131598414199504,-0.108975099758842,-0.17780329143116,-0.245903541372454,-0.214562884638484,-0.203757599196401,-0.144597764121439,-0.127475277717481,-0.167638616096657,-0.221633887749938,-0.124240868335354,-0.182097830045511,-0.172499146383992,-0.168674798205632,-0.100111710229914,-0.149723795054308,-0.123661764821423,-0.152775908378839,-0.167715747924121,-0.187221821969089,-0.18652417182444,-0.21088822034935,-0.178413110231093,-0.17721204732905,-0.205909019000196,-0.194512285956751,-0.20785659430515,-0.193233875016049,-0.194582257166511,-0.109662914504646,-0.166722766684521,-0.189654819435553,-0.199049808768359,-0.203425172915327,-0.126354093690534,-0.0975765539073649,-0.000000000460705153826977,-0.179744753798886,-0.201414743327842,-0.133381502916306,-0.179435638037218,-0.150101519432944,-0.163970032625359,-0.204285009845506,-0.158796417620365,-0.127361010306181,-0.225467961762805,-0.20265739098655,-0.167428640737481,-0.140162344653322,-0.174731990445776,-0.157012769785023,-0.163946292405705,-0.157779675807466,-0.171291815694535,-0.145861862662891,-0.14662208082621,-0.204867787382642,-0.153740543994579,-0.188432441885648,-0.211621463474047,-0.179157784260065,-0.22728648219118
"UI10-00073-Mysterious-Maiden",0.203010338889925,0.231349349870449,0.215052857695374,0.144293983582796,0.173111214232898,0.135374768868175,0.181083350212372,0.167934377282939,0.148471681921686,0.216826711966385,0.127440388450485,0.183441600589326,0.211139378178142,0.271419425656446,0.257913569813642,0.102538416404594,0.124140894982092,0.245924795854214,0.200415992988353,0.292050733706675,0.227653566852337,0.203401456591512,0.227039904534579,0.197719608783583,0.203167852450526,0.199895897913896,0.149852735558668,0.243055633433345,0.200229259887808,0.215120894575527,0.225987563446514,0.232833816942058,0.252381978068051,0.211560412503532,0.261916879104799,0.211341339104903,0.152410716140068,0.13019692218781,0.206336755774518,0.218841054416064,0.218474306150932,0.224487937562716,0.219720683149646,0.208753500952693,0.208947984280191,0.225973423495338,0.18257027020039,0.224205540561048,0.215719396758866,0.230406367190892,0.25853489133326,0.264979756308789,0.121798286947894,0.24174718340915,0.203277525007386,0.210807755249368,0.211333098639755,0.209830184176507,0.162464104572972,0.155648411576901,0.1825310697833,0.215603932877134,0.216310911180538,0.19545268933832,0.241536160812799,0.253483542073554,0.253873521115616,0.224263241161255,0.247722280423674,0.190465555498557,0.274372540057031,0.215611180622668,0.0761553143354533,0.213469788188444,0.188008630434599,0.218483247930946,0.171214189130716,0.222370320713876,0.207807280300209,0.239608168019267,0.284782067315602,0.209533292167905,0.134276750433305,0.246008475539507,0.225373013128594,0.198434167946949,0.191155925009232,0.165315291450454,0.128067265938063,0.218432091136722,0.238729780808597,0.244057135367919,0.206814676958907,0.219914340786738,0.201802380250235,0.331611420321082,0.246937232567978,0.247074809731994,0.280617483130215,0.226617832231543
"UI10-00075-November-Sunset",-0.130879531930727,-0.217367629260306,-0.182004670945265,-0.23440587503072,-0.159445600328116,-0.276263666944858,-0.166419821037354,-0.162959701795323,-0.157258708471624,-0.166824416741506,-0.281500539855058,-0.173572859672615,-0.0460018054915615,-0.234866865698445,-0.203586417628633,-0.135061879175528,-0.184028561391212,-0.161725599206127,-0.26195179643534,-0.172313828872782,-0.255383178187335,-0.15734458764414,-0.143841638102522,-0.187616418414618,-0.185663925292404,-0.176085245489357,-0.138050497121091,-0.0156044339455215,-0.186136785076573,-0.131418752452867,-0.130422261435826,-0.158164477981343,-0.245797949173322,-0.16732902585842,-0.208699739662073,-0.165991606761026,-0.177012231923714,-0.232769645048109,-0.200105605729948,-0.159634124260745,-0.192689281711109,-0.308144860891517,-0.191627963244826,-0.180397055181791,-0.164842648304611,-0.0251376539215547,-0.130214098656451,-0.148405398333454,-0.192568254191881,-0.168792349881878,-0.170493095381837,-0.174644789972481,-0.184456267792779,-0.174755302859752,-0.153365891531795,-0.159950388481398,-0.174009030041014,-0.162255457758857,-0.127761886426485,-0.130596032897501,-0.197991243049766,-0.187579140873553,-0.138212832453078,-0.181596783252576,-0.154814544248601,-0.212579871513256,-0.198896018685039,-0.180679487356581,-0.000000000582516887889677,-0.0296186582258215,-0.202892246403014,-0.193354012806253,-0.259386695444564,-0.275986154517634,-0.191717988024795,-0.199178596290804,-0.173634722279507,-0.215296362480936,-0.130864024164227,-0.189804942589066,-0.170410832718872,-0.121077025831182,-0.135472746270478,-0.170946570199669,-0.152181158239142,-0.149317976900503,-0.136936401879539,-0.152279363582574,-0.183389214183674,-0.155927396733942,-0.166550193404677,-0.174136787876705,-0.173500155733053,-0.150426129109152,-0.147397023578133,-0.210633406436817,-0.183658551930084,-0.134440155387184,-0.324169599252986,-0.231351877243067
"UI10-00078-Puenktchen",0.124073926882641,0.150534392495524,-0.150502861584138,0.170409848276279,-0.0803562320023299,0.104641446169964,0.185200295824933,-0.128744713192057,0.0971848821588331,0.198540128652073,0.169939639477073,0.182787965523503,0.0857731217508507,0.164060978874643,0.145360141291703,-0.0954283302429859,-0.0895925399036558,0.124337803564101,0.152859988674525,0.142339170310353,0.132497840616062,0.149025271369762,0.155886838644231,0.00000000037452068596475,0.179826815335989,0.1526430547368,0.167145966824297,-0.152651878145256,0.13233739257183,0.162995060076804,0.169933316818227,0.079650952084963,0.142054845173846,0.0885897371047208,0.260424039217601,0.141043366186822,0.17598052982022,0.153833066315233,0.13172191744807,0.14638253602135,0.161719191622297,0.140647986056319,-0.105823560981678,0.187574497610642,0.167805406002615,0.0000000000751213029269285,0.104927093169455,0.276157199199802,0.134523373976751,0.186830421482846,0.214844848325169,0.109830892358775,0.051321020114735,-0.137003345307405,0.0956535290827063,0.103003441622074,0.141235544874225,0.164913227997804,0.169114288664789,0.156282216617423,0.182010823806339,0.140035263332491,0.13986830951402,0.198185400627139,0.320959351754807,0.223139125593417,0.137205833966396,0.0953457588269774,0.134616477158678,0.0871675893108626,0.154769072697738,0.123300723073859,-0.0830477254184778,0.162028163303768,0.227997014453928,0.230015728109103,0.19339041281253,0.14118827337512,0.100927576271476,0.111768697574553,0.181696214943818,0.125747415857612,0.137099745683404,0.151641281477156,0.146220420886503,0.119310416844788,0.207982030798951,0.141402953702804,0.115040458071123,0.130183165759809,0.245840869893622,-0.164368492272809,0.12783825282694,0.11908115183112,0.147802500847397,0.161445063417848,0.000000000172290002570441,0.202815330022078,0.128466134488994,0.134136787959849
"UI10-00079-Rigoletto",-0.0551512155524075,-0.101305943429197,-0.171149094258334,-0.174518113822604,-0.162809273901239,-0.0737000494450065,-0.178040245488624,-0.212504994198722,-0.198162482167949,-0.177928058786867,-0.000000000558575038687488,-0.169704975880975,-0.19160296365728,-0.170707537900172,-0.186646476567334,-0.169317209917268,-0.153889501876685,-0.158934544968066,-0.175584174467315,-0.171225698130638,-0.0887936423954603,-0.185852645236404,-0.193109606248941,-0.0000000000257860005813908,-0.165606087422487,-0.153215391597589,-0.136292908266998,-0.160741791949762,-0.188999883223885,-0.162711216388513,-0.109432496004527,-0.143101626156057,-0.178432858949324,-0.165007836192015,-0.157710186029438,-0.155187705024307,-0.143672136747081,-0.197850452936809,-0.18786450555139,-0.112636376239968,-0.189192467183595,-0.18043795738842,-0.0808879012317869,-0.174944740595009,-0.185187437730353,-0.000000000212255679454243,-0.193960918479191,-0.155070711862262,-0.00000000037912746304807,-0.208187633572104,-0.215117131496208,-0.155213695307489,-0.10683951081108,-0.161325953734881,-0.283532513368213,-0.152532234973368,-0.150851880490506,-0.182338875492576,-0.272123094436737,-0.0815049500378123,-0.182833968097514,-0.181895064804716,-0.170810389243331,-0.1571904247053,-0.210341897680437,-0.000000000255654511073219,-0.197847221488404,-0.158175455815002,-0.20132349602625,-0.182735129171358,-0.168620953204453,-0.163054522894381,-0.209361075413066,-0.000000000772629934034128,-0.0716990277742864,-0.184545688343929,-0.191376233272987,-0.192948785450647,-0.126304158438761,-0.0457989047058731,-0.158260926920651,-0.203845262701546,-0.200098697635254,-0.173097156072803,-0.234250338696648,-0.200719891395186,-0.155720349407093,-0.306295791853381,-0.21296166308847,-0.163975000358739,-0.126269696057773,-0.189151302981693,-0.146901918671722,-0.241985003630926,-0.220606835942724,-0.135319842713196,-0.173587898395802,-0.325205346757628,-0.295832362347417,-0.150364581441004
"UI10-00080-Roland",0.0274706123464518,0.106053641113656,0.0713076117137796,0.000000000125409657768336,0.10732017697785,0.0976146104108909,0.0853942073310232,0.0359949814883141,0.000000000312751064307561,0.0995314751490097,0.0704131275719391,0.102947647308404,0.0561205591121593,0.0382421843613311,0.143765095448408,0.0753799784030395,0.0464718359664501,0.100307804048459,0.0802690384054736,0.0652142783378189,0.0705394649988874,0.0777049343060265,0.0941764581047902,0.0806147035843749,0.073436241798506,0.0999803245083653,0.0390591340588458,0.0860110788152183,0.0882589784854015,0.0797871575415768,0.05515617354585,0.0592927337981917,0.0680603877668266,0.0619427275560158,0.102594530935137,0.127373509821958,0.154830251416447,0.0395965283272236,0.000000000316167190126958,0.100946370258432,0.0610594015516896,0.105176053805644,0.0985118515757464,0.0241457777348763,0.0257708255953117,0.0627756144775134,0.0688577474650769,0.108591093912328,0.000000000144390025244975,0.0714073863625515,0.0443887682480773,0.079844716314783,0.0996675651181142,0.0453309657715258,0.122076812731254,0.08380248741448,0.0736111256382327,0.158920839123891,0.0818385207434301,0.0820584680574058,0.11907140235258,0.05908609621038,0.117439973863397,0.0646217758764563,0.0268230971072453,0.119809937795984,0.0801930958034997,0.0654348318012088,0.0236155052045989,0.105978363346358,0.0793711857232976,0.100667138171159,0.0318996850901932,0.0890094902254639,0.0546635768969474,0.0750646111771214,0.0732218927551525,0.0660511229404714,0.0530346952069787,0.0934448060205193,0.0507739468087879,0.0906690142563869,0.0990804158722491,0.0403984197570428,0.0599457094137199,0.175918274560535,0.000000000346665412713486,0.128576834701177,0.106740453773157,0.077518932640901,0.0321427330728046,0.0809339233442305,0.0155538907808383,0.0793165548438838,0.0412739867196265,0.0670291565911806,0.0732679987108543,0.0307920675187187,0.0460171723456301,0.0494938612668927
"UI10-00081-Roter-Pfeil",0.0918741757152251,0.163265890946075,-0.0234725520782472,0.136651679182738,0.111052033655899,0.104865917830201,0.0552637929963011,0.13250277117172,0.0867419546819813,0.126207633660981,0.0857486242518417,0.0971863004379864,0.0554109180482254,0.165410858508804,-0.0208742877884003,0.0667398176201988,0.113230705604719,0.0541408639202821,-0.0971753015973189,0.106315471535339,0.125001856449355,0.0838669132813628,0.121644766116067,0.00000000019453381436995,0.0592673084515127,0.0984136414632368,0.153310524651639,0.145318551780795,0.0919599455547797,0.099442589924263,0.12135310530742,-0.0252488876751069,0.144036967502816,0.109070426887335,0.0768741108566146,0.0987815371382759,0.0888033108190202,0.125804694536782,0.109941791270291,0.113099310224352,0.0770802781680019,0.107942571014787,0.151668258739053,0.087328965494118,0.0645127467275146,-0.0625437853976712,-0.0141177299390554,0.131821211764574,-0.0133530483625051,0.146823699861311,0.151613074445253,0.101234145011902,0.0964376934762498,0.0904825597384453,0.0915289283427505,0.0563181103676563,0.174316300832571,0.0688912115735645,0.0926320047222836,0.103306204490612,0.0962365551457174,0.000000000154251803777384,0.0847227782238782,0.0694037864636361,0.0924181315554983,0.0880247307095338,0.0892719646303478,-0.0987211095469711,0.108489627663438,0.0905573900984247,0.0739240307218394,0.142793614622093,0.0970997062711857,0.0997813531624283,0.117248102652353,0.171270227019414,0.120454770126526,0.0987296685260215,0.0702347076618812,0.15536696737786,0.121440907881009,0.142029754497419,0.198574377967363,0.0925685770735103,0.14320038287454,0.0741452514379383,0.117721966043723,0.0946989909393362,0.133747314196096,0.0727337891415086,0.099845585845165,0.132940632450745,0.0894466753249302,-0.00358291907414931,0.056362823784623,0.160536824001046,0.121789000197617,0.0788135649588753,0.193989938410335,0.106024257678463
"UI10-00082-Rotsilber",0.0776798204650775,0.0735294596053278,0.078350304985635,0.0702628537693876,0.0435143433140634,0.0663210015071069,0.0434980834316449,0.0918202923306108,0.081933439548614,0.0488259811903641,0.0572318751462586,0.0536148071699731,0.0596952021533668,0.0819213264250367,0.0724563814301267,0.0475420967319408,0.0677203932126403,0.057278485824691,0.0709104719539338,0.0657834282045446,0.0602933551229234,0.0578045993166806,0.0961658342760346,0.0580686887979919,0.0574314137096581,0.0898048815537566,0.0818713348900721,0.0901558317467806,0.0765930361376906,0.0707129579454952,0.0293616909519116,0.0489762787157098,0.00000000024981262892812,0.0434069848224659,0.0827642256650344,0.0935735429877257,0.0594949251037981,0.0457576127028512,0.0581538158470179,0.0884774187446096,0.0866402787122458,0.000000000220825891226545,0.0603671418297858,0.0925368235388421,0.0767161353485329,0.0648170404810848,0.05691708280549,0.0789336509559398,0.0890452045157528,0.000000000192352966775096,0.0715827410429333,0.0627605448600531,0.0977186338767469,0.0557217840561737,0.0516979111816999,0.0808293257696578,0.0723708368354854,0.0509501365947316,0.0882145028024851,0.0789782461524323,0.0602167302458593,0.0943568371370956,0.0669492744182354,0.103877901387589,0.0905969415773666,0.000000000123977942890281,0.0239385864418483,0.0620335892165855,0.0286339586853576,0.117063174279279,0.0400344703298398,0.0711227336840321,0.0592759303666009,0.0713668145571293,0.01809029996426,0.0932826123489897,0.0820116224386011,0.0836855420128588,0.0429118641760728,0.0499646990679051,0.103836770829857,0.0419826730197799,0.125947155698293,0.0218897651007346,0.0787999659323865,0.0497013161348655,0.0779547364615378,0.0269824930853686,0.0691050780068935,0.0606166999411514,0.0723926451652558,0.0104490858881638,0.0382467397372883,0.0779093263700801,0.0498647584153049,0.0858356305529217,0.085600313281571,0.0736717275339958,0.0722813674887582,0.0960795099712239
"UI10-00083-Sarabande",-0.127091677472251,-0.134270818644352,-0.111422779053009,-0.128828620340444,-0.124983023169133,-0.154729045186776,-0.145924259607028,-0.170347357182733,-0.159506046396704,-0.112006442977727,-0.126887295158288,-0.117564476553956,0.00716319542138279,-0.127794649541827,-0.112886883365059,-0.121347900220479,-0.236143725547215,-0.12337638658257,-0.0111290543413824,-0.107280513327188,-0.176383481653733,-0.145090794377994,-0.142945318879032,-0.152715863355245,-0.0100925044084053,-0.129166280238073,-0.110172381449817,-0.138511123657273,-0.105884493993611,-0.136518511897515,-0.143837433227828,-0.115520987153526,0.0179150156447518,-0.043367820217715,-0.104270272434918,-0.141426091986743,-0.234718663833223,-0.158050146405069,-0.00717765632254224,-0.131173351950687,-0.135797823335266,-0.134853863020532,-0.13810939408782,-0.127024992373054,-0.162824473078338,-0.000000000552216640683601,-0.115509050100331,-0.118729653628014,-0.200546887315616,-0.118108137669866,-0.0852631622330928,-0.123776969219075,-0.135181818386787,-0.117364352797851,-0.097032519563981,-0.117260482127282,-0.14924383172217,-0.124529614641597,-0.0204722960686755,-0.0391098386726393,-0.140162376998629,-0.111976158059892,-0.131624315367043,-0.160779641774445,-0.147750785052361,-0.189197508890734,-0.117376042562061,-0.146126540107888,-0.12325883630312,-0.155157958416885,-0.118228551846607,-0.131707933642534,-0.133364997159332,-0.13826208104234,-0.106460986495646,-0.148058989509788,-0.113263208833416,-0.0244402211744521,-0.108044566670689,-0.117054937182632,-0.189220773614997,-0.101861314517927,-0.151385581205908,-0.120916574820711,-0.120602435274787,-0.124305907526149,-0.119337814022027,-0.122218087310117,-0.112951471471979,-0.143087574463884,-0.156183072013821,-0.12035323317934,-0.195897585075352,-0.171895700429538,-0.134152310917678,-0.138205694961544,-0.120690291837619,-0.129896802378656,-0.0816453914381182,-0.0887873898713195
"UI10-00084-Silberfeder",-0.352867700639487,-0.313035340198125,-0.343911204304075,-0.340460327432939,-0.305712671199572,-0.261118646758801,-0.331804282448618,-0.265585439077604,-0.377188808046533,-0.336437683333933,-0.330843634391238,-0.332142396670135,-0.411566294478975,-0.35257765216484,-0.389499424122377,-0.372039909504475,-0.357780485428045,-0.332655664661362,-0.168109963229099,-0.401872873036316,-0.348256080256403,-0.318614932235577,-0.272565821432619,-0.331565503132902,-0.380858835008718,-0.352869224811426,-0.3527097354891,-0.332789102017302,-0.297272083104462,-0.342323605790988,-0.363528560080976,-0.337321539778561,-0.391833136291588,-0.220096402240808,-0.338028762280325,-0.346614481346878,-0.319956064148471,-0.340599475543451,-0.000000000812542621573233,-0.384535829841372,-0.370901262991164,-0.345482252895152,-0.386722758781162,-0.381230973147842,-0.333753972293476,-0.348774501753161,-0.269127703238045,-0.398247562661763,-0.327370275648088,-0.336609619542561,-0.308257784071256,-0.295554718182074,-0.307488404623809,-0.280195524256728,-0.276853377942651,-0.336656477598472,-0.301508132873057,-0.346232408872335,-0.260248486315982,-0.351206368766098,-0.34892038517175,-0.223026059281082,-0.319597429167989,-0.332502115232466,-0.383841637937974,-0.38390391930868,-0.313326801112297,-0.345280906460644,-0.357810576712736,-0.392380015548918,-0.290327950731181,-0.360136607513983,-0.349113262034231,-0.256678138732271,-0.388632262881602,-0.330241598856103,-0.348294986131718,-0.376586259438676,-0.345923179891917,-0.356210559762578,-0.248747342812131,-0.42571216954924,-0.351196424016406,-0.34488943612563,-0.331862609167463,-0.400162137380929,-0.285900423198642,-0.290606802182858,-0.202041213749967,-0.330081188036802,-0.34673870997376,-0.324272669059607,-0.246807783298674,-0.232308091878567,-0.317467382860817,-0.383509543006431,-0.38391409823141,-0.297493796844261,-0.282579674429389,-0.37445109484301
"UI10-00085-Silberfeder",0.0355615954411922,0.0783044213323183,0.0369686440074627,0.0647435749597588,0.0743773944864252,0.0496513766831312,-0.0535931678494877,0.0618767125936781,0.041347492287546,0.0211799399569938,0.0884336900231977,0.0458293626037497,0.0472356095292358,0.0530983247157971,-0.0283076988327714,0.0721137831051328,0.0542128891884538,0.0520064227976799,0.00725454861869602,0.0610054726508205,0.0797726926651774,-0.0549956267877369,0.0453810631626591,0.0743777909739232,0.032396872601815,0.0661985133374886,0.0949756642481634,0.048278457512376,0.0753404184698713,0.0423908540379007,0.0917962608267842,0.00490035840498866,0.0408053381421884,0.177131227166391,0.0370244525333518,0.0345893006492818,0.0538063548625395,-0.113563814069828,0.0512269876168264,0.000550064184034285,0.0489596941620265,0.0358544192123296,0.139438853507158,0.0735602483636064,0.0638739338227559,0.0508612375821667,0.059911868361552,-0.00331599189177621,0.0761150124526197,0.0539305357525297,0.0468167963914597,0.141635289270016,0.0573331028233807,-0.0116763512259792,0.187298365878364,0.0311342049453727,0.0245090889028844,0.0630256228413895,0.054252281572917,0.0602992626942527,0.0693576084001136,0.0554141364959067,0.0685335166101585,-0.0265199600238238,0.0612118051346809,0.100460215117696,0.0712370805697317,0.014397567018195,0.0499992016600706,0.06044635254879,0.0328732037331374,0.0321684787610778,0.0700593782046205,0.18571038228121,0.0332315947901068,0.0740359244753809,0.180138653017631,0.0529550084689941,0.0807006283125176,-0.0202823661019532,0.0394324964921957,0.0432416890703447,0.0430215777014113,0.0350709626956478,0.0879694167724277,0.0391474161020859,0.0826839487559491,0.136734663009525,0.0682661785489505,0.0784309201533293,0.090090918929303,0.00329082590402741,0.130540948978769,-0.0452726024298178,0.0241701097779833,0.0804376688171627,0.155675076152872,0.0619776301402963,0.0577604996989281,0.0244960573847518
"UI10-00088-Silberturm",0.293404328873499,0.317397402230862,0.260421858539043,0.285435856140343,0.312893192799252,0.357979895900516,0.257354264455079,0.233484006203184,0.332894208885263,0.28210730045335,0.274911644663241,0.230581556464043,0.33701669474042,0.0893133033478442,0.275304529816794,0.208977130713788,0.280430130254583,0.113065850726857,0.311443922758813,0.400667570606361,0.128879494580508,0.293314704982857,0.266803444643246,0.000000000176211391886832,0.293622821229286,0.228352796725506,0.342910719630727,0.319761367647,0.301884178350115,0.242897307427161,0.310861775273632,0.29731917516052,0.302286177920557,0.310098862406519,0.279681603879497,0.318842135703316,0.108650362920738,0.264057982179777,0.248785307014485,0.363061651836407,0.222388584068527,0.216636390773409,0.302411226342606,0.30123439720334,0.149208805193337,0.116085281961398,0.216740399952725,0.112006128924815,0.000000000451905650085324,0.321037584653726,0.338762800899617,0.23139774041452,0.17049057261259,0.293836815949513,0.308641435235639,0.268865718134029,0.28612292099276,0.341821716182289,0.188073105825726,0.268205248690116,0.185824816241722,0.300210829955136,0.25140510094759,0.211334597408173,0.170261653026821,0.331273714490589,0.338811933031576,0.291752388173187,0.258274299087733,0.245095334425189,0.314576648991139,0.299438539769853,0.2702409236477,0.270374272117443,0.329801603052335,0.27019468033693,0.223186682539678,0.284300359688155,0.198262348709999,0.219580269812247,0.333023605274176,0.250650940179189,0.376974384692016,0.2910343719668,0.276467250446016,0.268750507610085,0.282143081907974,0.334761194142034,0.194273724917805,0.32678430252763,0.089618192101426,0.33686669226715,0.300560372658877,0.115903269633099,0.232481768704733,0.351867491426461,0.000000000593609747883739,0.335655634030266,0.31506363026357,0.175062739658479
"UI10-00089-Sirene",-0.126816460335221,-0.120563645682394,-0.0289534893068292,-0.110657920088149,-0.11739272682719,-0.0915426346839835,-0.10605111729453,-0.0927091732670876,-0.11114347329634,-0.136501048568174,-0.000000000282284554360317,-0.107714662976172,-0.139652833086961,-0.0979837759711152,-0.0316384754219973,-0.0849357128710747,-0.123182680280552,-0.0858795853823169,-0.0928073306563163,-0.0826045292651363,-0.0933047480297673,-0.156147328631281,-0.109260979931603,-0.0946710880943148,-0.109424420080274,-0.0814595679756637,-0.0900554655694831,-0.0861452402152746,-0.0910832564919223,-0.144406394951569,-0.0805616558057109,-0.0363198798463989,-0.117644630042951,-0.133350547638071,-0.0894766422054231,-0.0956785594012306,-0.106578241805163,-0.0908225851846361,-0.0852185473083917,-0.108896778661414,-0.0881322972524556,-0.0879747873373858,-0.0855287185014526,-0.113343705618616,-0.101995387370834,-0.0734137483682219,-0.0217675619234717,-0.157861946273672,-0.0193723262757946,-0.1092343931493,-0.110585951403822,-0.108550790099043,-0.102372596839432,-0.132947253464989,-0.0907380769302569,-0.0999055236036625,-0.080576495925494,-0.0734225445518066,-0.120780085842038,-0.136566320297616,-0.0892169523924446,-0.104026251945849,-0.102016694534751,-0.0881169799261366,-0.0930339309679835,-0.137413483220733,-0.100315179812322,-0.0949911594590268,-0.0947164869841781,-0.118624181646869,-0.109795119970666,-0.0921970174981062,-0.103753239552369,-0.000000000252476675541325,-0.136553441897459,-0.106934396604855,-0.0937195325384537,-0.0855036835511404,-0.0994944355735801,-0.100277356377678,-0.14477650406458,-0.107241010354212,-0.141875404335683,-0.0620479041600696,-0.124888355263395,-0.110307970612315,-0.108235679286109,-0.0811487583027988,-0.0979989499764584,-0.109654512379049,-0.0966223449725177,-0.104326154347516,-0.0894090076488618,-0.00288917752069806,-0.0793591473092321,-0.1101744055249,-0.105261851131053,-0.129481352122297,-0.0984606185941546,-0.0819619640330248
"UI10-00092-Strictus",0.0583914951073798,0.021515018215279,0.00471819912776751,0.00797063416461397,-0.034871456216026,0.00859667135300876,0.00944247978846353,0.0680897302932946,0.0122495152054462,-0.0152751272242682,-0.00640707716130349,-0.026572151477621,-0.0335846379937605,-0.060751895469386,-0.103120977381346,-0.0127969077681605,0.024592570037401,-0.0879897986676451,0.00128984454730342,-0.0391060829057222,-0.0607316502847636,-0.00945276460339578,-0.0194859884839797,-0.0165490763016267,0.0560737673059058,-0.115373070857861,-0.00909580932448414,-0.0314765129886789,-0.0557152324663485,-0.0735962303157351,0.0650529632903445,-0.0756077822821663,-0.00000000020144844915379,-0.0909208745648435,0.08846571907245,-0.00704908499351802,-0.00768846798782263,0.0416183966919262,-0.0197052206732801,-0.00751492970907025,0.014101343832174,-0.0107509105390362,-0.0560977151182912,0.064547870261774,-0.00389761331512636,0.0159294559905815,0.016734291936133,-0.00529305237417792,-0.0811108357488799,0.0000000000966326956844507,-0.0836050910335823,-0.0179660348883371,-0.0366172587313143,-0.0133554966360356,-0.0133170072754028,-0.0180676078770551,-0.0417793952478923,-0.0623313961255115,-0.0170263761659475,0.0187914996499987,-0.0277405111367383,-0.000000000256311530683324,-0.0340387505252868,0.0121348671725037,-0.0442831108380843,-0.172841558842151,0.102746605076631,-0.0745591139363709,-0.0187322527374641,-0.00371574596840457,0.0248935328561737,-0.0460847499416784,0.0255279080271043,-0.0675158740281491,0.00704273844749467,-0.136587290009675,0.0090772139849428,-0.00127068363126515,0.0248417485587476,-0.0396352624189842,-0.025909043752052,0.0115927836604999,-0.0216540683357273,-0.0584141929633472,0.142682101472784,0.0460323864251275,-0.0152148176188595,-0.0253423312017279,-0.0328007042828428,0.00196311705592536,0.000453842330031748,0.0438129342840979,-0.0141427798902492,-0.00330167675795962,0.0188756299869804,-0.00892121631571431,-0.000000000185838058700329,-0.0427974777102424,-0.0107432396555995,0.0149564597616379
"UI10-00094-Super-Stripe",-0.034387538993489,-0.0950113343673195,-0.0707478051064358,-0.0956978615890407,-0.064780799015152,-0.0660452179067824,-0.0444204711387549,-0.067695821886153,-0.0624937371953394,-0.0736455821080977,-0.0935661062902405,-0.103955062671909,-0.0573331186525847,-0.177606879975058,-0.0692518951118697,-0.0344858267870522,-0.110485416188759,-0.0866029906857677,-0.0739493656069801,-0.0979880816477963,-0.0701978349555587,-0.00753283129392229,-0.0569505633001954,-0.106628957604039,-0.0643000736472399,-0.0391413926932038,-0.0816003416060532,-0.0425624699556653,0.0127435273106822,-0.0952239334658373,-0.154735990215718,-0.0946360848075197,-0.0981112907692913,-0.0681807819139516,-0.0797449003807978,-0.12408798948964,-0.0762914858608432,-0.0708683914252384,-0.079196917591287,-0.0800939757097117,-0.112085123329103,-0.0320140416643432,-0.101434367931143,-0.114548812220177,-0.120778056090066,-0.000000000101010498956895,-0.0886307017561613,-0.0612501849840791,-0.0626007483505783,-0.108855192483871,-0.145385441026227,-0.0720788007457852,-0.0860601965422452,-0.0443129885891322,-0.0547757207283171,-0.067324012301651,-0.073092662790129,-0.101621151049755,-0.069469726133863,-0.0731801158655181,-0.0782735384525424,-0.0756363920731338,-0.084384771984145,-0.0639548045988843,-0.076043551920783,-0.0674889925726533,-0.083729235429668,-0.113308959681504,-0.063197132879163,-0.0670400397062818,-0.0717628744007976,-0.0808948206620345,-0.0796803387390361,-0.0760222359550708,-0.0716460451837869,-0.0936947974341465,-0.0760629835190134,-0.0467241032220801,-0.116628596579394,-0.104372910241534,-0.104434595729413,-0.0550842085441588,-0.154713139698217,-0.0845837683417786,-0.083563189652813,-0.0462268885759308,-0.13789466468311,-0.110259325897553,-0.0863337379431447,-0.0720741051903793,-0.0230543581331388,-0.0903292223308474,-0.115995368341449,-0.108076253735328,-0.107016565078021,-0.048869055678508,-0.134677609396617,-0.100506559807274,-0.0917368458012719,-0.0586047133783162
"UI10-00096-Undine",-0.0261169275801299,-0.0173435576512073,-0.03831497683837,-0.0662360717055431,-0.0595769929482931,0.0188601126853825,0.0060655818221734,-0.021909913517602,-0.0859970724247448,-0.087922307849269,0.00173422599966129,-0.0398380378318693,-0.0755771889260078,-0.0894779788122113,-0.0333324161239642,-0.0301938817797848,-0.0670618220809128,0.00146995445237792,-0.0332598158005912,-0.00431442071802695,-0.0587503249864851,-0.039329535568812,-0.0149054130831687,0.0000000000731728287365817,-0.0342323956171017,0.00688077621483494,-0.00733606911842516,-0.0440211673488517,-0.0110092384560718,-0.0299233288894431,-0.0158012147390242,-0.0385630168769749,-0.0000000000899405355140556,-0.000148609638501703,-0.0326638445741126,-0.025444810701298,-0.0331589236487194,-0.0467693950426985,-0.0338114172404644,0.00316237851901972,-0.0282078515805984,-0.0476747991015433,-0.048057644525336,-0.0471592712525345,-0.0302970995077113,-0.0225367532668847,-0.0391253691177731,0.014769798492605,-0.0448813338319131,-0.0526147470931459,-0.0579810731259659,-0.00305076282225028,-0.0242240592000546,0.00811286523030678,-0.0882080854349193,-0.0695601528770551,-0.0193848959129383,-0.0567842617479981,-0.0198839537732145,-0.0506184660547142,-0.0543654109168392,-0.0220248700259651,-0.0412709584170036,-0.0437432740423484,-0.0784163489434089,-0.0380320932340059,-0.0405456042892075,-0.00514854107987948,-0.000000000307738640873987,-0.0594151547747518,-0.0294992307062364,-0.0601127498400153,-0.0367974510642665,-0.0275713030675043,-0.0563815950973871,-0.0415703033640839,-0.0235483451173439,0.00150058201256248,-0.0593967086717298,-0.0248975034340378,-0.118420655974999,-0.0256336808998227,-0.084241662167691,-0.0291238982541663,-0.0823088711927948,-0.0178128082644309,-0.0110792012814361,-0.0315558913934156,-0.0605774607284921,0.011747127580765,-0.026541509306798,0.0208656387305994,-0.0459529017358899,-0.0111876891216308,-0.0250714736773599,-0.0244224380933183,-0.0250237244161137,-0.0367331844371635,-0.015227267364165,-0.0279372949122535
"UI10-00097-Variegatus",-0.18569157194039,-0.226352064986615,-0.200955606434237,-0.249707515249605,-0.242706751721586,-0.213045293239441,-0.104548437777439,-0.203450973891287,-0.200140825447059,-0.22692343024669,-0.222640392293024,-0.197053769080249,-0.20072433563282,-0.152667661297502,-0.199691557585419,-0.246692680933076,-0.146024651066543,-0.232763421103414,-0.171266978489071,-0.216837512347126,-0.198287528197958,-0.219991590409405,-0.179830266309558,-0.293201611772116,-0.138960494237669,-0.266359182124418,-0.135007070426645,-0.252004375710973,-0.180750401277594,-0.184944132530789,-0.103910763730646,-0.235351111318896,-0.000000000895756426791089,-0.216573976481421,-0.162578860256671,-0.235676028132869,-0.243091725658685,-0.209599727443434,-0.203409075551935,-0.213445784580301,-0.104774216760863,-0.236021711167229,-0.225671387254305,-0.380211356187329,-0.23955796593931,-0.238322505625654,-0.179657188191269,-0.193006210038861,-0.228785680761224,-0.19709296399775,-0.143049592110814,-0.225312355120049,-0.107951360058594,-0.209833607839344,-0.157571393017369,-0.340956701103671,-0.303831441016155,-0.213634114977656,-0.22619703043582,-0.248060385473075,-0.34866209890104,-0.000000000898546369400791,-0.255474932100441,-0.267587602298603,-0.241946393264526,-0.390600656263001,-0.219724457712964,-0.120281420642782,-0.000000000971390775606852,-0.250662067668817,-0.244619227024196,-0.23289939365278,-0.194001864395624,-0.208824464455851,-0.239498502310698,-0.330452061228039,-0.237444342005806,-0.0878950647645939,-0.255630462137023,-0.19336287260249,-0.1546663423163,-0.221769423357177,-0.229745742958571,-0.149615867324334,-0.237729971396682,-0.226089536902579,-0.216337782974913,-0.218829211604041,-0.21407735685969,-0.247247185452654,-0.227194762667013,-0.322776121105934,-0.221896792880626,-0.228215028252722,-0.21493129714088,-0.253126208124545,-0.000000000540286902930119,-0.172564525278959,-0.171132999661337,-0.381409019977727
"UI10-00099-Wetterfahne",0.111184706617513,0.120855132991045,0.0781539794948154,0.0850757205423827,0.102989136404888,0.122085629719254,0.136740982336596,0.0706306699672636,0.117471341788809,0.190108991292684,0.126344481274957,0.129707165473703,0.0887132666689037,0.133685810618913,0.112343958024699,0.192446770138683,0.157526397907901,0.100941340990245,0.139476728525719,0.107206429654012,0.17742773335244,0.0823120503535511,0.109960267997884,0.134475678993682,0.086253688693925,0.0848318207875707,0.148293534244011,0.0952878858511944,0.0837645173472673,0.0722610830133188,0.100444216623527,0.147823357360308,0.105573387864226,0.117297379131601,0.115719953456267,0.106324435517333,0.112149709337904,0.159329091567277,0.135781773998158,0.123811635408237,0.147354924506472,0.177314079302741,0.207271886351957,0.123153962779385,0.0717869198483775,0.0834808732684324,0.108202197981478,0.15648881853322,0.152409781143952,0.115904503458572,0.083833616148371,0.107066363799224,0.116084646803417,0.133619578229292,0.172000916943596,0.0997596103681271,0.0950083651824095,0.116088011947506,0.0868073004766368,0.132621624453403,0.115359349261757,0.118876526069448,0.123502756376465,0.139450514733979,0.0983830510051015,0.130229148533334,0.100671104035433,0.132789287718715,0.136964085004553,0.124953602280965,0.107692929110236,0.0863628992412177,0.0661991267335063,0.150233108519971,0.10167438966303,0.0757516661614442,0.146919652102046,0.0623743955474114,0.161584158666918,0.177008404995197,0.117428518738899,0.165388983435359,0.0899639704712805,0.0655846264024559,0.0909834624134116,0.0731334302939435,0.126482353918775,0.177910489206198,0.132520557258981,0.121534178714721,0.0882292090102003,0.10459215592096,0.131599792868337,0.175199962242413,0.0913004804535234,0.115545740291891,0.147921317641478,0.0659213682245807,0.106437339798699,0.0785920948446785
"UI10-00101-Yaku-Jima-Dwarf",-0.336202629283889,-0.455016223466642,-0.27958325352421,-0.000000000735867894741886,-0.488479329358595,-0.497008698043655,-0.342950065450578,-0.480759511874688,-0.481757087677282,-0.492432458050758,-0.00000000085740682478355,-0.475903016054151,-0.512475451909078,-0.384018102841525,-0.535446511866591,-0.515694674173946,-0.48265416141388,-0.358674883025682,-0.435486212666492,-0.505333059888346,-0.455181243669596,-0.00000000109519214831531,-0.436850602308729,-0.0000000013068232951827,-0.596770860630883,-0.355256941368849,-0.547210409790185,-0.449189289630317,-0.402188253488992,-0.457857330467857,-0.570750201318426,-0.509073913537099,-0.00000000109785000483887,-0.382130936159223,-0.495155572659552,-0.308760402339789,-0.535494652033528,-0.461113992391543,-0.00000000119926487592865,-0.495524971260293,-0.424595269089991,-0.424080698234554,-0.413652416405628,-0.485850896264079,-0.4702699161444,-0.452882212178431,-0.466534432065936,-0.504809520714549,-0.529657118014883,-0.510471019901758,-0.509552475999276,-0.50687102609565,-0.431559716405888,-0.465565661324709,-0.504974172501614,-0.488986055671524,-0.423400452569443,-0.399255700114793,-0.374810058196976,-0.00000000123701260086539,-0.473256365463392,-0.43065571559352,-0.290030412748795,-0.429431321274064,-0.247804590051596,-0.45480271127771,-0.408600646662487,-0.361053715881265,-0.356733803210245,-0.542229691370747,-0.507436748022794,-0.538701085320022,-0.418622659274816,-0.41061679550436,-0.40660888249059,-0.454975251830214,-0.382760518820457,-0.501601933422646,-0.369065144402659,-0.481985523043753,-0.291862588628156,-0.511139646718445,-0.332840170601635,-0.401173783931915,-0.000000000943644116270935,-0.442023288135181,-0.532702053630969,-0.501775858489643,-0.353274650630477,-0.508395025731525,-0.431865104460837,-0.50428785523524,-0.488039254910544,-0.441864343281363,-0.00000000110460008504963,-0.567382417211772,-0.483650108440431,-0.54046313460036,-0.539834286418335,-0.42244647251432
"UI10-00102-Zebrinus",0.0471042154376852,0.0487793088212839,0.0755355290269019,0.0560547427737918,0.0180577438271394,0.0168267107000689,0.00801112193589932,0.0430579244181517,0.00832806057866556,0.0357088847168652,0.045685992726801,0.0329126685633413,0.0291956003606937,0.00716873897637916,-0.011552314257367,0.131415924079541,0.0515498985634536,0.0785586946036175,0.0216376511190819,0.0318548307404996,0.0949287009794236,0.0462502057326753,0.0582885643667859,0.0000000000572483370616712,0.0608154148615158,0.0263168377603394,0.0682703518455322,0.0224993036347205,0.108378398988756,0.0651178393398582,0.0512254722750064,0.038322956525981,0.0674365372582955,-0.0147728173356468,0.123441382063705,0.015778159858761,0.0129095959792208,0.033805587525163,0.0620414798657928,0.0393121015263578,0.115297434177368,0.0683339484115234,0.0520514730275439,0.0483330024420987,0.0413450848158943,0.0780760277624235,0.0426104036133345,0.0231902785127983,0.0548114020897805,0.0641881776337234,0.0501265894620927,0.00861259249022831,-0.00878665538653881,0.0122789020716944,0.0078989311370907,0.11698067080372,0.0973396900102243,0.0411754381918894,0.0686945521592,0.000000000156550422805318,0.0255221738854896,0.0304093994636278,0.0408003795519039,0.0132880767695617,-0.00974207502725304,0.0679834401045325,0.0447633077941088,0.0381378076819277,0.0000000000453525063551669,0.0380331476915326,0.0295692376014435,0.0413817920901273,0.0623329301210042,0.0000000000625530161000399,0.0443876303577178,0.0508706237568955,0.0896012081754807,0.0567166253325199,0.0494330202298011,0.0312365158244756,0.0181193896851464,0.014534949329721,0.0863889577611582,0.0119184641373039,0.154273798676116,0.0502130455417546,0.0393277796067633,0.0505465120905388,0.0523945500264523,0.1108233919477,0.0615828817576188,0.106237335571458,-0.0396989997687375,0.0513586476548377,0.0935925115228971,0.0488622392115973,0.0323722921414183,0.0510463498071554,0.0275484149993628,0.0380064333947264
"UI10-00104-Zwergzebra",0.0338692397657593,-0.000886271793157088,0.0318351704226461,0.0308893316734878,0.0334694943343926,-0.027280871568292,0.0395805032734572,0.0239154561567302,0.0451135934154328,0.0224699657413258,0.0171876716267031,0.0219108888176387,0.0487115596097812,0.0209554134819189,0.00989425625892397,0.00602895927088473,0.0289810040541487,0.0356968890386986,0.02702012965841,0.00596063442429246,0.0259350103872937,0.035062004444462,0.0384627396744506,0.000000000264241051082685,0.00300085873547985,0.0230383121080263,0.0233007706350194,0.0782794694280071,0.0307248686347965,-0.00302441274391399,0.0245665075723839,0.0672559876197065,0.000000000108236196508543,0.0252176770831661,0.0722172962284658,0.0366650705552866,0.0253946507956338,0.0294209536268708,0.0133055492976915,0.0268029053751915,0.0504183007847289,0.0422211875152754,0.0106167219072395,-0.00686012997378305,0.0438894524474603,0.0292423111646336,0.01658740323,0.0129233150372558,0.0325441468868425,0.00161372703325146,0.0135572160698209,0.0244753502625325,0.0306201140922687,0.0140605805014154,0.0409940051989756,0.0392709978960493,0.0185153775962994,0.030983610205207,0.0215238347929159,0.0370196375502315,0.100838421375083,0.0378430955361012,0.0205275504562242,0.00939605883847823,0.0349623027986389,0.0414488048260437,0.0331338692747408,0.00698236607064838,0.0252177589030103,0.0199794953209459,0.0330721712166075,0.000935742750825157,0.0310213744666638,0.0469833562831252,0.0240391432992249,-0.0139476846045624,0.0215008798313435,0.000760504563667511,0.0332350431204647,0.0498418093297735,0.012995846491117,0.0203085855916538,0.0219187109283799,0.0302017400342544,0.0319324533528252,0.0235275560689239,0.022382433900473,0.00976677430494349,0.028043058469188,0.0369149134671511,0.0148401346471958,-0.014747874766793,0.035539202564312,0.0763227984638202,0.0291061365940805,-0.0020025685800558,0.0243301865317445,0.0496142642439733,0.0155741043002796,0.0342530753720499
"UI10-00106-transmorrisonensis",0.0475837527995959,0.0382395433192735,0.0564471327156125,0.0563303377956172,0.0654582147155936,0.0615149324468385,0.0512479760109636,0.0551193058453814,0.0625308772147187,0.0642753752873192,0.106822218727057,0.0642334266509545,0.0492435807637283,0.0699636519729073,0.0780895294043605,0.0551365809063472,0.0626588963741675,0.0365090548649882,0.0476196207252525,0.0702307550221319,0.0741236612392583,0.0825095041707829,0.0749086541054125,0.0530756400243238,0.0789885416899296,0.060614824991699,0.0642461832951839,0.0948669458593427,0.0733350525276203,0.0751620840838193,0.078522418720325,0.0177352276510615,0.0666149388491708,0.0777229835640892,0.0569629022725679,0.0520778663223845,0.0774152070417394,0.0623168973622699,0.0478636825614368,0.0264989556772278,0.0557717864447507,0.0718645146561699,0.0456392604921754,0.0394725658654649,0.075256874591455,0.0883587649123803,0.0725882664602276,0.0495342208984079,0.0777297272668977,0.0791084226434764,0.0502474046315501,0.0332783416934622,0.0718170279128631,0.0637875051959794,0.0420847026614312,0.0447316335356875,0.0629025431725544,0.0381402658671653,0.0755480558272032,0.073409539197901,0.0821361337152659,0.00000000017119751195058,0.0563930050893527,0.0205042055289591,0.052788674100742,0.073197808264344,0.0599107410424234,0.0796180284147379,0.0108700824135684,0.0871720271489816,0.061185330741895,0.0755520572964417,0.0989849656932893,0.0645734451997314,0.0346723038115645,0.0663545162562325,0.0500314954550787,0.048607439388244,0.0773604005625775,0.117913642492497,0.038263472593657,0.0477214480243695,0.0472117500742193,0.0315666065740303,0.0692582916514094,0.0374376614539458,0.0483127429293584,0.0540169495260799,0.0667165171592402,0.0641570451554148,0.0528518047462431,0.0501165584706851,0.0649137879556454,0.0378790955067988,0.0689466693151064,0.0889753116814927,0.0520024315844124,0.0799318528017142,0.0930215856272287,0.0311333075804207
"UI11-00009-Positano",0.0107206775749099,0.022452005605889,0.0414079281959496,0.0278331022795294,0.0540892326524563,0.0142610948665492,0.045123766842381,0.0279047054883984,0.0253628560161792,0.0260695586834564,-0.00000000000325207673801954,-0.025364368464147,0.0149098672351084,0.0648400791688885,0.0144548185411242,0.0455965709668653,0.0306576620959347,0.0545689713836256,0.0105649236934683,0.0350557441418617,0.0207017313169134,0.0000000000941767976856276,0.0742476538786874,0.0377117119371835,-0.0788747667682321,0.0492182623926217,0.100587447989788,-0.0414187288037868,0.015057544858155,0.0273158623544374,0.0741849710909951,0.0255285146513242,-0.0881228139687042,0.101360934859969,0.0271579532684886,-0.0763577101003787,0.00779001585649284,0.0110611102960135,0.00674992268038731,0.0127143363912124,0.0585890133340175,0.0746033425582957,0.0334979947244704,0.0747862776738929,0.00670244417761913,0.0498404463436687,0.02483100007237,0.00352986798045306,-0.0745036105583569,0.000000000103879725636672,0.00409372216827396,0.0391281626493837,-0.0126542576887038,0.0168850858428703,0.0364128517746187,0.00997101162016669,0.0458155722540802,0.089536908769167,-0.0339071837098216,0.0719279222452504,-0.00953825228613709,0.000000000103944750780205,-0.0832766924114904,0.146284765473951,0.0505383697270729,0.0322216175718591,0.0284108183388193,0.0507676082006165,0.049709629440621,0.00306195336257773,0.111779333863207,0.0374956121958089,0.0422931193457858,0.019675931652863,0.0295161309015781,0.0243204063441036,0.0945375051768738,0.0352338020509407,0.0376351984433468,0.0311033904674046,0.0964265683251559,0.0188225488816625,0.051473747216831,0.0219705014225549,0.101772851601774,0.00669385696066978,-0.0198462701930608,0.0501814985682513,0.0748499562319724,0.00906945098633878,0.0149491247452869,0.0851826481084987,-0.00538125939782068,0.0296179883579693,0.0211645077554403,-0.0349555429688967,0.0159559474311387,0.0436928986123338,0.0116545244506862,0.0935687078170021
"UI11-00024-Flamingo",0.0228021220727265,0.0421593905243536,0.0368003810328841,0.0188057701560809,-0.00751656296212308,0.0175331562869605,0.0178168331898818,-0.0399075555925561,0.0421042925409143,0.00468347326940632,0.00914698824224262,0.0164573841317733,0.0571956223596059,0.0350575657405119,-0.00771587957669601,-0.000636531028757602,0.016902507369182,0.0271341286369001,0.00484161936273188,0.00939712967119892,0.0532550203529198,0.00313459878484127,0.00683216348932896,-0.0237025826199068,0.0328255054274871,0.0238027362755432,0.0398342666459322,0.0362277689380208,0.00795286179664009,0.0190346454525834,-0.0145589898683726,0.0320488927703213,-0.0158317676638183,0.0365911308046201,0.077520564732446,0.0117049451713681,0.00450459912280608,0.0638736834727216,0.03611693706738,0.010584371083961,0.00890231039427842,-0.0055627140757808,0.0135612227807814,-0.0101321296695872,0.0185426564776746,-0.0156586142897939,0.0267446876273739,0.0272749219538589,0.0099650086704323,0.028387071931002,-0.0209512559123655,0.0126972759892349,0.0155153120855498,0.0260572248091031,0.00523113978200474,0.015885191120036,0.0332737189535405,0.0201525134086512,0.0302940281431057,-0.0000000000231357680681828,0.0347305150815034,0.0501753714864117,0.00939375200324505,-0.00662156499413068,0.017195581460716,-0.000604790157754075,0.0308583556833177,0.0245533257595525,0.0427403136612101,-0.000582253320914414,0.00251821159785528,0.0473722525798808,0.0312966626223848,0.00303848805439457,0.0133161961789403,0.00657135975818861,0.125852827126081,0.0663324951491262,0.0287297519632568,-0.00448562016177938,0.0230268084800339,0.0157947437115982,0.0207873274775447,0.0227781727919637,0.000000000208082262350684,0.0307033564254582,0.0872756848357725,0.0540475057096612,0.0280004575675882,-0.00256253376952959,0.0161825265051429,-0.00352678365292807,0.0129298659008601,0.0167553906883506,-0.0487921589718426,0.0721958111649216,0.0247505158311609,0.0252096110198475,0.027155358656763,0.0326246017822475
"UI12-00001-Zwergelefant",0.101262398053346,0.0781250661713009,0.082272683471887,0.0964923497931064,0.138302503015348,0.10079724016861,0.105377242346314,0.0429163405855337,0.109472998501198,0.102593242997561,0.0946201034254109,0.091799635146366,0.0999731116438923,0.103575334476022,0.0963546130008138,0.0922556438185152,0.102889230909772,0.088220335908111,0.0603164902563834,0.0991040094099243,0.0983759675117443,0.101795124865357,0.103911178383453,0.114700268898878,0.146786149169485,0.118860843656568,0.103380428989305,0.111426969888722,0.0761713439673798,0.103351017024351,0.0704451286532474,0.0944306691231878,0.0874340168131577,0.0944326091952377,0.0952807742130145,0.0966722949258988,0.103589547206328,0.114451752009234,0.091749208671756,0.103110295689204,0.0847637901132499,0.101045898561311,0.0981430594256538,0.0908195922018077,0.10594771718879,0.0794565539601521,0.110198155566551,0.113108766474197,0.10169940985058,0.124539961019323,0.0960500293778435,0.0766357689293657,0.088882862193455,0.0916022396586705,0.0526906177152519,0.0985162692210702,0.116685660700771,0.0850673439600231,0.0616133953079495,0.000000000179542087734166,0.142026579947917,0.0805520597991501,0.11442376456604,0.11587416779132,0.102213556525417,0.11948181150892,0.075493177628967,0.102244154140975,0.103896142911079,0.102163199331507,0.114086682424785,0.108997424818644,0.0998277457081589,0.0729233196154071,0.0961508630156786,0.111998152943883,0.0781921621421311,0.0963717674319207,0.105329754237516,0.0977445476459722,0.0525580763515828,0.0940519816660957,0.0576714073233993,0.0868087316443708,0.0819924088417092,0.141218561698843,0.118367134689228,0.0993970281031308,0.0770164657492548,0.0829684291732357,0.0954845979749649,0.103773822680738,0.0877126720012951,0.100752498835713,0.0867021843276673,0.0787149985312922,0.066454882578785,0.0622921246802638,0.074935033914273,0.115478549254366
"UI12-00002-Malepartus",-0.0866063629934257,-0.0338206913161241,-0.0918143714119282,-0.0455345035722692,-0.0708162189130656,-0.0705412869871633,-0.0584252874255249,-0.0755449264649262,-0.00757537424629171,-0.042513167506893,-0.0180495959654602,-0.0237394784599682,-0.0652931410789002,-0.073712262382522,-0.0725423379465435,-0.0583861559351346,-0.0563075452428845,-0.0559850555888209,-0.0450277683710067,-0.0627164840573384,-0.0397121576346143,-0.0402295033128794,-0.0755108939209947,-0.0733443806828837,-0.107745404603164,-0.113051547913173,-0.0440313375391546,-0.0951793217330224,-0.0553750167575724,-0.0433638720952927,-0.0591674069079416,-0.0620007262431144,-0.0690231351825066,-0.104004967270518,-0.0742278129571271,-0.0778099339231653,-0.0653361027209909,-0.103909621165736,-0.0536742688671501,-0.0501015465013491,-0.0575164414283962,-0.0428034149200702,-0.0552719923580461,-0.0653034096554205,-0.0629766486978896,-0.093144251612571,-0.0683545140380945,-0.0634901633645293,-0.0534418716960349,-0.0659129146679912,-0.0455365712794002,-0.0508307440453532,-0.021723790020217,-0.0455722581755243,-0.0702398805132505,-0.0699006745617809,-0.0694177256668091,-0.0663733252318704,-0.0559014821561521,-0.0579646955490602,-0.0358006238165401,-0.0578613746392215,-0.0657099653200532,0.0175625788202492,-0.11033758724015,-0.141281737437534,-0.0682094128564796,-0.0881950294447186,-0.0897911831592979,-0.0483498884067963,-0.022276927549742,-0.0642135006075527,-0.0190202046234705,-0.0477521719395761,-0.0160716910023299,-0.0941750830573032,-0.0685498981270547,-0.050372027469084,-0.105674184145545,-0.0978996062189956,-0.0785289568095391,-0.0864283492515238,-0.0784032872759325,-0.0317873834201631,-0.0616858230670725,-0.0918253947602901,-0.0532395768585561,-0.0494428205911746,-0.0743061426692129,-0.0842093801672983,-0.0247593416051022,-0.0568358735215365,-0.0228235608121284,-0.0556819404081187,-0.0182968129939982,-0.0493737000210111,-0.0701126078339249,-0.0419845954606166,-0.025174384236019,0.0152975092267165
