"","predValues","predValues","predValues","predValues","predValues","predValues","predValues","predValues","predValues","predValues","predValues","predValues","predValues","predValues","predValues","predValues","predValues","predValues","predValues","predValues","predValues","predValues","predValues","predValues","predValues","predValues","predValues","predValues","predValues","predValues","predValues","predValues","predValues","predValues","predValues","predValues","predValues","predValues","predValues","predValues","predValues","predValues","predValues","predValues","predValues","predValues","predValues","predValues","predValues","predValues","predValues","predValues","predValues","predValues","predValues","predValues","predValues","predValues","predValues","predValues","predValues","predValues","predValues","predValues","predValues","predValues","predValues","predValues","predValues","predValues","predValues","predValues","predValues","predValues","predValues","predValues","predValues","predValues","predValues","predValues","predValues","predValues","predValues","predValues","predValues","predValues","predValues","predValues","predValues","predValues","predValues","predValues","predValues","predValues","predValues","predValues","predValues","predValues","predValues","predValues"
"CANE9233-US47-0011",0.568677043821037,0.67678138350213,0.634509251606674,0.678876705768133,0.641466936108061,0.649204083909983,0.656112387617964,0.679038811197466,0.740328933813446,0.532602605093987,0.687667790302055,0.58444329469011,0.679858317593236,0.652475781827504,0.672388108776714,0.652980104638139,0.685088341323138,0.652634414497326,0.690877250482301,0.642156215115943,0.711463496645039,0.662708608374913,0.683944530744253,0.627118238662259,0.544508009590081,0.692390181799253,0.623348515696339,0.672885093185631,0.670260401888884,0.665252439661038,0.617541615290203,0.64053929230235,0.637986777655453,0.66645817917671,0.654027997979986,0.56433573555721,0.704600586353396,0.597106819401131,0.608628558858257,0.550775804211097,0.668228029677569,0.585689606428425,0.672592086645607,0.669116663651982,0.638860399387045,0.638107751692316,0.70075443340584,0.530989393384435,0.626722996010277,0.680808727849113,0.674856788860266,0.6989915258868,0.66063935281092,0.646519499311715,0.631973953539398,0.648317797037439,0.648278434261605,0.682543469663401,0.690034199596169,0.632227505314388,0.650138463024177,0.655712644020235,0.532459491607368,0.711009851250935,0.683422711780273,0.659922780940456,0.750466842424749,0.582656241586359,0.643577927471482,0.561152949094228,0.634529824129391,0.706678319828797,0.629208993212563,0.629529786740335,0.614071397221594,0.675998280925338,0.671802751766118,0.653224926787749,0.623186431481103,0.631104938242314,0.644814195033632,0.716387157645857,0.626975724250615,0.609020325342711,0.626724848590686,0.691074207856824,0.600709739141173,0.59095864606473,0.603993990259486,0.621764016003704,0.614224982795168,0.572350476713028,0.58453859540648,0.662095930002817,0.674710132756705,0.666269835458458,0.649490738450458,0.626757275309027,0.721114205703874,0.610500375669721
"DC-2010-001-A",0.0726006388464236,0.0377655737212623,0.0578715587729276,0.0883663870099273,0.0784508474476667,0.0235470977380844,0.0801451998773667,0.0475227290503052,-0.0548346860634722,-0.0207039168187993,0.0282417679306979,0.0580766273943436,0.0978990256039291,0.0966899333876365,0.0340308299817527,0.0200591994073949,0.0693087729400343,0.0461273268162161,0.0170465760367021,0.0522418847909693,0.101801722679513,0.0735955471739174,0.0185991451865112,0.066941127902556,0.0389807157517282,0.100448921635318,0.016625821629091,0.0248641785695838,0.0785599153065276,0.024498484018015,0.00953250309495828,0.0494725230652675,0.0645307468527,0.0171714468303625,0.061204937053675,0.0586521776788766,0.0632611551902396,0.0497573032145725,0.039827226234344,0.0606874283487146,0.10941508763357,0.123133798829993,0.0523652331118667,0.0705030567451394,0.0535914866599452,0.0294331834901549,0.115030242996071,0.0316737236908452,0.0453176990075295,0.0799583524706743,0.121242541572401,0.0713598619532949,0.0460378376858628,-0.0158936703886736,0.029364233661364,0.113265622809288,0.0365064059179818,0.0394660484043711,0.0973006232559959,0.0487688585918659,0.0740473543427281,0.0803834647010551,0.0948221629650465,0.0813503096560881,0.0120583599249568,0.0323077709473439,0.120962460194241,0.0461017638674412,0.0232322967561506,0.0432199467443054,0.0719687149792774,0.0190447378400556,0.0967108601677685,0.0538289201166279,0.0705355324312967,0.0226077046293755,0.0773987457529446,-0.0074040267169707,0.0330037625980969,0.0829195370445109,0.0946239164805118,0.100975549753802,0.0496877995866628,0.0455185206627443,0.0262754551253326,0.0534107215987372,0.0381369707686702,0.0626355250469756,0.0312967081219243,0.0799859678949539,-0.00253453809187243,0.10752032071316,0.0820392623695528,0.0765514872038506,0.0420639563231514,0.0562948136447751,0.0915448363084391,0.0469869779244802,0.0614562023980493,0.0569197631611812
"DC-2010-001-E",-0.0699044427880612,-0.0199494744366772,0.0288437939821658,-0.0226443131585259,-0.0472639760827747,-0.0386921835865448,-0.00656617595377063,-0.0376543254352508,-0.0479590239258265,-0.0325933559119784,-0.0384724618194618,0.0598681027890706,-0.0644919938917915,-0.0273669894973771,0.00216199217241465,-0.0201095748205565,-0.04358041271177,-0.0522942436137443,-0.0346946246261298,-0.0194899889792083,-0.0542057370972433,-0.0293086988607218,-0.0199318634590535,-0.0862837772552397,0.00815895651715869,0.111656331065402,-0.00455907109029392,-0.0269831147279035,-0.0550981145543427,-0.0130100896780457,-0.0245318781489241,-0.0255111081586376,0.0587704538026127,-0.0360873853155761,0.00137029054325523,0.0238587458238551,-0.0319188149108517,-0.0331623012263448,-0.0251021851428088,-0.0579168392884342,0.0518757662131229,0.083630865461783,-0.055850298114146,-0.0305838772562058,-0.0255482386643141,-0.0101462013998468,0.00427721506557184,-0.0195028792368722,-0.0410559610444111,-0.00261390899120944,-0.0219036294481315,0.00287774710493376,0.00348903662615503,-0.0092155820356749,-0.00318340507740665,0.125131986271831,-0.0168351029573793,-0.0349050186090146,-0.0378933646148071,-0.0103410428511965,-0.0387042301799567,-0.0229347417923833,0.0631871259476142,-0.040877765104795,-0.021007530661027,-0.017280620737913,-0.00269211322529193,-0.0169961145788594,-0.0455283233428759,0.00900371647680658,-0.0321898084736937,-0.023901401199245,-0.0263823922272845,-0.021586182366386,-0.0373084073734309,-0.061926330247476,-0.0277847020003942,-0.0679753156812488,-0.0192948309015614,-0.00236227424118074,-0.0365144488737772,-0.0153799533226646,-0.0230886771348939,-0.0436008152609771,-0.0629366039699952,-0.0255241226329976,-0.0384494324189347,0.0137005398662167,-0.00158965580288712,0.00758612511575728,-0.0365487674391895,-0.0258774136802914,-0.0323071838365758,-0.0519917973537964,-0.059868473487095,-0.00137788605418663,-0.0411908294145852,-0.0393780513209433,-0.017542388046763,-0.0681522649219244
"KY-2009-001-B20-e",0.113828925454962,0.121096602713969,0.0904894522715022,0.171055748145412,0.09868381383151,0.075984538889088,0.169010211496385,0.0552597058461747,0.088528419870817,0.0527871778392972,0.0970022948171021,0.0984203878950565,0.0746323411748586,0.0740518198950981,0.1326953659924,0.100537511685058,0.0386838044725688,0.0497543369004299,0.129332925430731,0.112414054618997,0.0568823563742063,0.0465326782954661,0.101823743366559,0.0804096092910806,0.16906196884053,0.0740595098356643,0.0903416853452559,0.117012988798303,0.0943073468560111,0.142349229134946,0.139208729531666,0.149457455624401,0.081568898873856,0.100964420914828,0.0795874076642674,0.084516721951294,0.0953768387721889,0.0690116983404387,0.137906743432711,0.187326941957882,0.10099680153398,0.137812767524814,0.114812077856877,0.056839235856008,0.053577987960681,0.125339915873794,0.159458823448269,0.126842187306068,0.0431088695315175,0.0787094123944628,0.138821491251827,0.11569946128317,0.159799825671923,0.0732892785213219,0.0907304139439191,0.0598253518735269,0.0392839194751001,0.108001691548041,0.146818376325663,0.0702071080176745,0.0785784394556642,0.0697418890542568,0.114336070557675,0.0820751861361979,0.000614858055326564,0.110387273666535,0.115705941153613,0.100654946715196,0.00549624254334436,0.0556209895111579,0.0461633434982062,0.0587654937819171,0.113947908238838,0.0706985111770368,0.0244431869296892,0.0953481761995661,0.0566628864380671,0.119246997159855,0.120728092310873,0.0962378487034908,0.118370650795955,0.0623731267053028,0.167080174531179,0.0787100675586996,0.0508450512613542,0.0823051711829188,0.0645202270882451,0.08400256257947,0.127709561219783,0.0500417333719132,0.0988810531051008,0.140480268485088,0.0651251465786199,0.123154916681453,0.158883419180696,0.0507742888842599,0.0922368626977098,0.0892813503761011,0.0728022843306795,0.124077911208205
"KY-2009-001-C",0.146066263957794,0.163339767989146,0.132951108076222,0.186658738054126,0.184229184853633,0.107892155713718,0.115879510908893,0.123103623515215,0.12557600652287,0.124823545919304,0.12688157906374,0.122970428507438,0.12056687933105,0.157039524938015,0.14857581660051,0.170158795112254,0.169897859792925,0.124596067334216,0.11366394014971,0.193315095171513,0.132022525294219,0.179662421346339,0.14483379872476,0.131420222312941,0.159221647811763,0.126007427570239,0.126740219488975,0.164634163981308,0.143361397972974,0.144341067488057,0.183525936985099,0.139775981392887,0.122268542693445,0.138790153943363,0.196493663950952,0.154424829655433,0.137410061602722,0.136702900075087,0.1471653097426,0.0912255979830799,0.160470829118764,0.150343538949746,0.176470999509335,0.136168741544488,0.138460243727164,0.130363197030621,0.114355014336357,0.135267972188034,0.160575450418642,0.150659753513633,0.120120225447526,0.150436867445144,0.13117500796433,0.129844612456425,0.130750087089469,0.211024080833162,0.122275980470478,0.187633456408797,0.171529560447521,0.169843403467951,0.123969988898952,0.104570391330228,0.154753937787872,0.113647151343201,0.145467913639194,0.16965571208406,0.120217752197889,0.123964362477832,0.1565046557922,0.149850829575394,0.141440750630914,0.154990422847053,0.149833749108265,0.197904263267398,0.212044680425381,0.126056301659366,0.179399101038647,0.164124421900904,0.194962912601939,0.171045534351082,0.0944265935900297,0.155636119107708,0.143547866360275,0.146239340512777,0.136103728895968,0.15983239337142,0.160829404185198,0.181306664493528,0.154944694855322,0.100390300579823,0.155551241797518,0.176099173956679,0.126062116224691,0.113216979964202,0.144331673656349,0.156014243161879,0.143654118566302,0.141233853741671,0.167315614381469,0.143313036695832
"KY-2009-001-D",0.159924265400513,0.239931355674954,0.234218314091462,0.205439143288473,0.212508491517689,0.243826501995362,0.223806663791261,0.262651963675943,0.171611080585278,0.192200242173425,0.203976051788767,0.23051131106257,0.159132119674625,0.20341569412539,0.24373658150764,0.153231711318722,0.18789583782061,0.164456882851666,0.194033215602346,0.181725486867368,0.149926984559851,0.274141358509755,0.21420967039909,0.215171266786403,0.175486946114961,0.17757518546995,0.242108585142323,0.279413538158102,0.231473931149441,0.215309814476254,0.197901512880944,0.253241517995864,0.22024725784998,0.217972408110478,0.165289132851834,0.18646356560297,0.186516296149158,0.207757729934064,0.192540494004802,0.289556066617944,0.24312760939764,0.21792002800537,0.211424666862419,0.217394580655515,0.171643029145219,0.245120400184148,0.22629827573835,0.215362020091186,0.147037276160679,0.217705512321331,0.222608075732089,0.213982792910117,0.22667337099351,0.225411937009497,0.222912103828824,0.20555427122012,0.204190536690072,0.173055119856909,0.23388174759492,0.239819980257739,0.201872931815855,0.234916581175029,0.13649171251107,0.193206185336692,0.205637931413476,0.246160610843791,0.186428997823749,0.256711968918608,0.117016919317899,0.155764579441113,0.203980734010387,0.199500273479632,0.302192126991281,0.203004587365071,0.240732424413055,0.140342273583184,0.260051714809162,0.196352978944499,0.210746142852198,0.272705198187227,0.145937390844958,0.241744154602406,0.22563684466722,0.24944728320372,0.272072131479386,0.238585512293962,0.180639830748904,0.146231998943584,0.261906016877979,0.171379588115039,0.268124628774562,0.23777059226547,0.189409176558891,0.227341421733296,0.260684893439057,0.211775665280674,0.196236533888929,0.207995552251903,0.233181181614648,0.170974424752751
"NC-2010-001-009",0.0734719716668183,0.0597146130110221,0.0794788096835684,0.0807643069707467,0.10367488058719,0.127154553461718,0.0885794502201006,0.0922008885457194,0.0691185303557399,0.0828933787522131,0.131584853367463,0.077502292680144,0.113479188272015,0.0757353007486041,0.102502125491569,0.0722826106877172,0.0864855395363731,0.0502759732776849,0.0675806027177499,-0.0258748913526608,0.148009528891068,0.0801285306278792,-0.078283518294155,0.105957629413979,0.0576358832060325,0.102378220173455,0.132017266192214,0.101371924406276,0.0825039268261065,0.0605210554130654,0.0697625016603363,0.0777045453409838,0.161238496023239,0.125735379499374,0.0887659103833442,0.109879510025545,0.126218453085706,0.162612073909216,0.0806648803499616,0.0856519150157883,0.144956287422297,0.0817892457054368,0.065425220367165,0.0658252790510197,0.0671195445066988,0.105065566101049,0.0788047340427224,0.0870154213991312,0.0757991255678637,0.0993047634285738,0.127641739487512,0.0722580919714515,0.0741815956251445,0.092796685692081,-0.132691074409049,0.140642694615574,0.120122679405464,0.0814244734553009,0.0954340943477018,0.0886399277793891,0.0985035499681874,0.12141723532671,0.111115722581807,0.10997335404576,0.101122975393467,-0.0455359299803805,0.107094040126365,0.111843010621091,0.0674466450408174,0.0997397861048012,0.0204483802942828,0.0534755278886135,0.0832137496108678,0.123285297811881,0.139752015256174,0.0594457693654682,0.0945927618093572,0.084156891222786,0.126627714585533,0.0753676316297477,0.0733088390272448,0.0819153252337009,0.131531676853537,0.0923112647360299,0.0812542059100362,0.0930652571332629,0.136864302270713,0.112465387437466,0.0950297267110226,0.0869148853451119,0.0791876158834763,0.119724111751457,0.0848611203025918,0.0835830786100262,0.119838124797183,0.141682858924301,0.129489396587096,0.102816464141483,0.139113257391623,0.0636520056367846
"NC-2010-001-010",0.0462555755712207,0.129328236436926,0.0283467867670055,0.0541780841282693,0.0159127860817412,0.0708173253443693,0.0335041451596415,-0.000345471585825055,0.0584797687055013,0.107717867065136,0.0724932367950337,0.107809837116912,0.0736144257673899,0.0769517200883164,0.0840632497365374,0.0204490339685016,0.0278794931510393,0.0998849118685857,0.0196199629807813,0.000747143516952614,0.0579714864003283,0.0138660784024181,0.00807288961939061,0.0610652656582888,0.00370412950955343,0.0560810087662789,0.0580408935197399,0.029201459161177,0.0387922729763002,0.118247708512075,0.00690683184252001,0.0739553271211555,0.0434417356065855,0.035648447155067,0.0491031942190781,0.0511696007719,0.0751742030166099,0.0186831709840244,0.0313423029631436,0.0124946252192461,0.0391892388360722,0.0378227292620547,0.0927848921734192,0.0311348395249384,0.0895039672920373,0.0623803060207325,0.0176584024855318,0.0623810017121587,0.021133308502388,0.038853191243208,0.0517815482734272,0.062527942767184,0.0115581689518543,0.0306607460775271,-0.0524347072930046,0.0225224290603599,0.0632211344655617,0.0333040554793607,0.00433861762635651,0.0688663352802887,0.0481352327092078,0.0290405252553137,0.0574292515345596,0.0316951094794172,0.055066013528644,0.0222419325142383,0.0533772072980207,0.0536768634926886,0.0162963450647188,0.0382722354747371,0.011786390295298,0.0750809850324253,0.0317215974438148,0.0498591882728822,0.0641197620309715,-0.0249097676228593,0.0368852484763143,0.0482616566979705,0.0416781292730149,0.0323402674257274,0.0351567810485473,0.0158692174270935,0.058155531458746,0.0394455044054332,0.0158866555453787,0.0546842026733704,0.0514127739003041,0.0186659941688598,0.00609453937274258,0.0357457778400411,0.0722927498826691,0.0151424284016313,0.0580904128928116,0.04148748097066,0.0286959377071,0.0665305443594254,0.0538266987660872,0.0469141356010771,0.0481740943492974,0.0556168553790796
"NC-2010-001-5-B18-a",0.0608070144924604,-0.021090487582755,-0.00376534250447196,-0.00799095637246838,0.0257010551442388,0.0490508002685367,0.0269238289629122,0.00951883350663264,0.0145231991560574,0.00936874532019988,0.00711005026061323,-0.0197411708769971,0.0123815821977291,0.0320627133446605,-0.0088172698704505,0.00135832329640937,0.00352025643309087,0.0321393184160674,-0.0122013490563836,0.0412128507083357,-0.0168233724745426,0.0760558229736153,-0.0176594334949145,0.0288613288083393,0.0286366891787569,0.000815217621606683,0.0821352068747871,0.066181071878595,0.0405618800577828,-0.00000509267220904358,0.0430681595319079,-0.000114054917978592,0.0953307616398206,0.004040351552799,0.0493515731489889,0.0154458021433359,-0.00557951525284546,-0.0327801706853311,0.0439863186503732,0.00213283865915318,0.0600251157715703,0.0264863329457689,0.0460527034562514,0.0197690361998137,0.0238573910408282,0.0196514098007918,0.0603710779773056,0.0589006340163135,0.0355530795571722,0.057545623544307,0.0068578116905066,-0.00585320906659438,0.0791097005421881,0.0102854911619048,0.0445677181125388,0.0799523719728076,0.0119519286244731,0.0589964085361188,0.0195906752710472,0.0234441982132145,0.0208426428336173,-0.0452336802466285,-0.0278756406176143,0.0188250006435301,0.0349550002990296,0.0470380171514345,0.0358180271706779,0.0531907399358075,-0.0020471098914743,0.0143136380917567,-0.00107766262009285,-0.00441290827729495,0.011435763157684,0.0412284792578216,0.0111646333826419,0.092357408613022,0.0489446299739562,-0.00375120046435462,-0.00928500727854164,0.0120982383249744,0.0290379912672629,0.0230265863569933,0.00210402069766071,0.0183831653414072,0.00173403574500155,-0.0154914667230629,0.0106899833515542,0.0202542006005689,0.0150747763709595,0.0517828481527121,0.0536033607182245,0.0514321177920074,-0.015663647267581,0.0301733672283211,0.0195750029460474,0.00307976496305668,0.106148008186634,0.0165636833211892,0.0387200840310078,0.0146407127284417
"NC-2010-001-5-C",-0.00725746819528413,0.0241753602115236,0.079613434155164,0.0211801921842837,0.0589196073248977,0.0252503547245742,0.087872870432946,0.0303631853222968,0.0826903850397601,0.0643957860470149,-0.00299998431171713,0.0626708292776747,0.0483859175577398,0.0304128724892965,0.00566342176693596,0.0737505371039921,0.0389940062356393,0.0159677128802888,0.049032438835751,0.0432308048382374,-0.0109131383899067,0.0371552476304195,0.0267669043519071,0.0792236793011223,0.0190249488259048,0.065089216868706,0.0375204472806771,0.0341454303323287,-0.0142975195444349,0.049983573116996,0.0187756738272378,0.0705436944159794,0.0193714193207643,0.0339961710172534,0.0428454994920896,0.0389892782978852,0.0436584107699646,0.0833083955414154,0.0440740483110687,0.0959979639854615,0.0235824418765589,0.110074515691719,0.0630610739651754,0.0262204168846231,0.0602091116971699,0.0549598015956126,0.0199132113047944,0.0202068525196477,-0.007319170010047,0.0400667584061982,0.00218752392163431,0.0641283804534007,0.0728261802278138,0.0671309079895787,0.110711220202496,0.0616570835612737,0.0690824790893044,0.115445729659819,-0.00591557672164044,0.0257369524576337,0.00592171447240227,0.0533804362046771,0.000410545459243482,-0.022673072817174,0.121238270966261,0.0125674453213718,0.060793613756454,0.111830737628527,0.0161271279146775,0.0447977379124288,-0.00191860031153543,0.0601831088642222,0.0089494611827769,0.135076800987092,0.0246373075454542,0.0529813713221786,0.0654359185896211,0.0453197011519906,0.0602002992924072,0.0323051197098374,0.0350925722919746,0.00553986800320755,0.0521737751704501,0.0531221395691927,0.0639865140329545,0.0223287597186719,0.0304602103738408,0.0419652431875789,0.0333279034656452,0.0605314098990338,0.0447066660511546,0.0514240342523887,0.0216607693115314,0.0282510179190138,0.0340611140217655,0.0509442836380895,-0.0014686846862068,0.00985511328891947,0.0282280320364254,0.0774291571303255
"NC-2010-001-B",-0.151386305673095,-0.129563896944295,-0.106008684384383,-0.126678740744045,-0.00739793302860593,0.000815173276642153,-0.12456376310605,-0.227613992928061,0.00034703536165994,-0.0670347233231555,0.00095990340318013,0.0293883888312108,-0.141024634064745,-0.0978607206252859,-0.174850632254139,-0.108081908277743,-0.162160391763821,-0.153760144327458,-0.114676040221893,-0.0920429099050889,-0.146508946494065,-0.123039311326694,-0.157556734826951,-0.125455973190316,-0.187085117706234,-0.103643806622907,-0.110175228446825,-0.123201718433126,-0.125768184009167,-0.15389157456372,-0.146237085993963,-0.137780931732007,-0.0837748130933675,0.0483697057000169,-0.116759381653568,-0.128927293544968,-0.104707577161956,-0.0804603186747344,-0.118997164450255,-0.161248329625834,-0.170123328839286,-0.132374676852805,-0.115188368620964,-0.195124475526219,-0.153981007710291,-0.127965316042553,-0.106395169903884,-0.143358788613968,-0.136221333930503,-0.109190661156436,-0.120066487046174,-0.00608257918569078,-0.182976747598385,-0.157452872622301,-0.00670366033389971,-0.108138912621287,-0.125131943595776,-0.0776319813119018,-0.111110808364427,-0.132271329224121,-0.141843770485602,-0.165775661687389,-0.133786060707925,-0.144234683699493,-0.112006283491014,-0.144612526150493,-0.123586987588696,-0.174970426187325,-0.117443995706418,-0.10661379312372,-0.137483926451643,-0.10197463707913,-0.111309107967678,-0.00198238076245629,-0.13923167280708,-0.108068129478242,-0.0937438018667862,-0.114129653911497,-0.0306456752951338,-0.141480273779523,-0.109536613007276,-0.143379901374983,-0.183012754758185,-0.113310982370732,-0.12278860768746,-0.137922484478867,-0.159497545197287,-0.134161119866396,-0.104135346454981,-0.0846370018321235,0.00534336269478572,-0.11105422340599,-0.139877494832578,-0.14050423027588,-0.129395743131977,-0.118321495583259,-0.160564595386354,-0.121718430112839,-0.103402698886434,-0.171592876444045
"NC-2010-001-B44-e",-0.00609343266997572,-0.0253446959741641,-0.0256457796872025,-0.00919891102349825,-0.0334747426681682,0.00917232579131937,-0.0237530912881325,-0.0166405530399168,-0.0140394935736552,-0.00420367815696947,0.0261007740177988,-0.0198701728661044,-0.0815370456261082,-0.0291244211337352,-0.0462489398944135,-0.0198855325699866,0.00580968463370146,-0.0175356756773862,-0.0175331038055759,-0.0115979130382732,0.0123187719504563,-0.03958735830773,-0.0307871762306903,-0.00518522106729847,-0.00576077413346353,-0.0082615172700327,0.0121964881687286,-0.017469407928215,-0.0612392062349586,-0.0141479035181108,0.0164413142918439,-0.0513951795636439,-0.0152338204463697,0.0297666609527439,-0.0444273737570972,-0.0136348529581353,0.00415319780642931,-0.0222829247412526,-0.0314305492092338,-0.0164404895790001,0.0296901789011473,-0.0314867458467465,-0.0361221929640216,-0.0163439955643736,-0.0552442684326436,0.0124656162939486,0.00244205008943862,-0.0592307010235767,-0.0509767249938839,-0.0373600954004388,-0.0117264169245089,-0.00869689951552501,-0.00884953732573515,-0.0177259804954722,-0.00155194089220512,-0.0162004639352883,-0.00811402832113986,0.00713240572457711,-0.0328724328886684,-0.0273332671038219,-0.0217712410456976,-0.0259494403725951,0.00549798781543205,0.00316856175607822,-0.0160860933894086,-0.0272349374779946,-0.00153554271357682,0.00762912133869436,-0.0233117798600857,-0.00866349482780998,-0.00831841087919864,-0.0268948522110897,-0.0296852093428776,0.00395116888972673,0.0159293432819793,-0.00258767044403867,-0.0206195492857711,-0.0090023646107129,-0.0269993253411279,0.014536284277308,-0.00323556845825035,0.044048188487744,-0.00916030037091617,-0.0423804331731522,-0.000334834810646306,-0.0197095635248916,-0.00906235146745493,-0.030735069974105,-0.0122866146162895,-0.0164239657962297,-0.000557784119771958,-0.00816308666014382,-0.0395171671249306,-0.00904941146755152,0.00170071366284574,-0.000581136202501351,0.0247248370188835,-0.00496820338154089,-0.0082338560684035,-0.00674659423802313
"NC-2010-002-001",-0.038041097457713,-0.0444009445951116,-0.0404693037175775,-0.0202136955520875,0.0430748479123094,-0.0351707828606814,-0.0339150960698488,-0.0742287937218966,0.0271987394408321,-0.0269053794530447,-0.0425927360900852,-0.0371119007624502,-0.0142510432774239,-0.0424507810210484,0.000654270720368184,-0.076786627244952,-0.051082751246672,0.0192770253299679,-0.0319811411412388,-0.0210615850677301,-0.0220839822118843,0.0123651143734934,0.00847842726790873,0.0278653865639553,-0.0383576852673802,-0.0348589340813826,-0.0173433120169571,-0.0460270701547365,-0.0198575523965683,-0.0347956380521006,-0.0771391462042888,-0.0369754009325078,-0.0154697272799993,-0.0178778088439297,-0.00165541639774475,-0.0204076808154458,-0.0590740212646575,-0.0245283642852703,-0.0289881040454345,-0.0222203644776141,-0.0380653140111541,0.00448067135644127,-0.0198555812795101,-0.0354179418141101,-0.0173839967426369,-0.0314488441342049,0.0351640631642392,-0.0241411770949864,-0.0195144055979334,0.00149681462369505,-0.0122091843693402,-0.011281213399855,-0.0381938059298158,0.00000432265672995792,-0.0791986603604891,-0.0818184811784129,-0.0211061863111898,-0.0769374422491081,-0.0577588680614671,-0.0270816895704593,-0.0186901974840855,-0.0691512627703638,-0.0634343222556117,0.041859885999042,-0.0308730989672605,-0.0559131567153515,0.0166403938115584,-0.0650455599348923,-0.0700125197816211,-0.0121435694294129,-0.0516898262448325,-0.0379259079137092,-0.0355053334106966,-0.0500816693527549,-0.0083350275716117,-0.0525713496421708,-0.0328366642985614,-0.0158663912047706,0.0274712967798414,-0.0404604120631904,-0.0678423380385293,-0.0379099505150414,-0.0219673740662031,-0.0416706128142751,-0.0469299914284947,-0.0315753270896285,-0.0241389386039388,-0.0370133230450555,-0.0260891011106264,-0.0374141245273246,-0.00506316187563441,0.00902014039134328,-0.0450333482807223,0.0147341530117629,-0.0262606548647615,-0.0380339185471409,-0.0591739740394098,-0.0541532234491369,0.00898264075926835,0.000324806599582338
"NC-2010-003-D",-0.18879068761057,-0.177552415681079,-0.132222544864381,-0.183323768194134,-0.135340376729589,-0.102724040291115,-0.183317356176747,-0.220499891780733,-0.1981295207693,-0.166873336785978,-0.128172901986139,-0.172133048661928,-0.0888169558673345,-0.126909328761879,-0.17424442538231,-0.205346659737712,-0.150904430422778,-0.211644355510529,-0.16777582040063,-0.18958970491434,-0.157541196983273,-0.113901671730596,-0.214288056462677,-0.177576529243419,-0.161052304902712,-0.165947495440837,-0.281337380985269,-0.186221566719627,-0.0988518450585099,-0.186824297175246,-0.127185780398037,-0.25934812438051,-0.183471550949435,-0.170329860050406,-0.120303297197998,-0.169360307031213,-0.186891368252833,-0.143475239420167,-0.199117453158531,-0.212147595955127,-0.163458449196448,-0.228662561174212,-0.157311443678506,-0.140898685855802,-0.219474861492805,-0.134841707525758,-0.16962514763479,-0.125803527447085,-0.156216867395677,-0.215028277941567,-0.151949881331107,-0.126675408977706,-0.182827637219733,-0.169253845970375,-0.190590596514395,-0.155802656677472,-0.137989567894753,-0.176944538552083,-0.142158724747134,-0.190522533404754,-0.136642605111535,-0.15039352739117,-0.142724683030397,-0.159726610385158,-0.169703250120814,-0.208732994925381,-0.154610779391133,-0.195914937187302,-0.158524078501539,-0.188024577163631,-0.232039639902253,-0.181759688087215,-0.176786389940115,-0.121368482143887,-0.183526988934426,-0.120631841966954,-0.173654340614741,-0.13075187430412,-0.17838173857783,-0.136428485689608,-0.111728086006998,-0.180436406983482,-0.183742867272338,-0.172708068315066,-0.181786612022666,-0.123829968304661,-0.150742793842396,-0.218078903455173,-0.162217077623508,-0.160858875121534,-0.173967989379811,-0.20885976351964,-0.192700919017808,-0.161697118804628,-0.236733512148891,-0.234352506595005,-0.165278118700147,-0.189552872715514,-0.153891597072394,-0.162097553291661
"NC-2010-003-E",-0.181866648841897,-0.153120209072121,-0.185039565783295,-0.128759409339825,-0.103278616426334,-0.119878652182156,-0.156054640448176,-0.167291277464719,-0.165442398566122,-0.14736680686309,-0.139306623813828,-0.096196992201186,-0.150868648960878,-0.173261055032385,-0.110815867002224,-0.151236880053812,-0.155317133681203,-0.129852946054287,-0.116050710254474,-0.0834128095626762,-0.0814410788898037,-0.0877794563770203,-0.134962729385482,-0.132270392931421,-0.121267334827961,-0.137742175457196,-0.172473741442474,-0.161387851090398,-0.145649294597526,-0.125833140386542,-0.132598273670013,-0.104813329052095,-0.121905081836822,-0.118184781861593,-0.12250722617303,-0.136488497087775,-0.163210418742674,-0.0952763306242997,-0.124442157858265,-0.162104909426606,-0.137711599627859,-0.113614977116641,-0.129359795361362,-0.117454021231467,-0.116120467749808,-0.127460643162306,-0.12019727561761,-0.104335493434472,-0.135732421262703,-0.171784392758527,-0.158163691179561,-0.110343310184808,-0.110667581156472,-0.150560026482925,-0.110483010686135,-0.129158022844488,-0.149401340130443,-0.0732183331820759,-0.103978309506871,-0.165331401650596,-0.133173188985589,-0.112460073331446,-0.0790656842337269,-0.158963606226236,-0.101265529756984,-0.133430736981368,-0.115065705231715,-0.0804119274634661,-0.152348189307039,-0.124167393473781,-0.109775529332084,-0.0928981081182748,-0.133481667908023,-0.106976937209401,-0.0670045364873389,-0.076596094153048,-0.125097865470252,-0.143212158721164,-0.113056474933734,-0.104430109359987,-0.113105890458816,-0.124290092689931,-0.171400692458904,-0.076270847124193,-0.108495215924399,-0.129444284730717,-0.137608061236699,-0.112990399852983,-0.0929259850563943,-0.107750328276335,-0.0784907762664522,-0.120900981363642,-0.117287248645151,-0.140246152722003,-0.131299727728849,-0.113150604383438,-0.163662823279658,-0.120903189225974,-0.125106090025278,-0.0910805442116382
"NC-2010-004-E",0.0578901193896529,0.0730409929273761,0.0201511256837786,0.0670293707533911,0.0298612855929781,0.0294883612928915,0.0192567438901466,0.0645221905111155,0.0349912252864387,0.026080662506537,0.0612077672509068,0.0521607388757734,0.024015200649847,0.0296832874508871,0.0855374653812069,0.0508813463752755,0.0592299971610329,0.100423566466462,0.0426080845176741,0.0636408343270356,0.111336044512226,0.0476920561457302,0.131445112135011,0.0644359112616966,0.0239984787940294,-0.00891336134959871,0.0328658982838852,0.0549285727203605,0.0704205586528948,0.072137123937504,0.0384044897838117,0.0434917728042845,0.128323390624208,0.0650070984859955,0.0796668055234659,0.0502044450454871,0.0524123830570881,0.0170666431433017,0.0208283243081716,0.0201516056311191,0.0333210930156019,0.074923464477018,0.000143236530620814,0.0840713452268401,0.0332626372462094,0.103018516666276,0.0441673573968197,0.0360807040381061,0.0329263277016856,0.0439709620182866,0.0641289100727453,0.0463763353159942,0.0541785437391569,0.0494959336350124,0.0502081391725472,0.0463160265125153,0.054222125529068,0.0340369262994449,0.0704412847792413,0.0431171837731567,0.0356384009429993,0.115376926181228,0.056237687038487,0.0681603133592868,0.0213643190244108,0.0838970847249339,0.0740333605835737,0.0266686283235777,0.0493984765264606,0.0364833194622246,0.0364485400471591,0.0680944633025229,0.0584621313093979,0.0843539264099397,0.106579475496657,0.055077254886635,0.013357915102386,0.0889026551482654,0.0411046080867815,0.0444986852634227,0.0387128833709575,0.0434601850759157,0.0347264579444149,0.0284519502064535,0.0406225160636758,0.0868403388275304,0.0406730036195138,0.0751033501923863,0.0375640690936142,0.0397354133551206,0.00950185321915445,0.0517199245906245,0.0633191145888128,0.0303818400725204,0.00779230743998784,0.0680786562053378,0.0310707469505535,0.0351101325343444,0.0247670169369728,0.0511126215908787
"PA-2010-001-005",0.312416385932311,0.258628210724242,0.293358355945572,0.261743584795454,0.244736207900279,0.263401422431677,0.274207892697471,0.283266761514752,0.293702691660432,0.295189575908833,0.253215713732415,0.347059247731355,0.3188482337111,0.252909581735344,0.323435533910908,0.252535254196098,0.265604955257995,0.302331234959082,0.264546833974264,0.289441627788328,0.279791530836479,0.365005558461851,0.258241431511042,0.307086006242256,0.240119691255493,0.298473284183904,0.33203357934806,0.252365271676314,0.252505776917749,0.312987632465222,0.290174898297429,0.281388198579897,0.285206621075789,0.327216635404186,0.266296638961145,0.273932171285125,0.222672254913604,0.256846984120791,0.29536544479676,0.271881371905825,0.224664519829376,0.241738780295664,0.279182621686181,0.304965788092288,0.32635510288261,0.258147553931097,0.276403184933054,0.277027619772523,0.372871786122249,0.266257645083879,0.273989332077563,0.27173175275876,0.293109712624778,0.276501362160081,0.281357909385812,0.253881028285187,0.259708190318671,0.238380142226891,0.22400808180405,0.308549934882697,0.296034942491314,0.286630759933669,0.315821336052316,0.342485327423198,0.289745153186758,0.29832885177799,0.266501912568742,0.289899236808483,0.311368618116026,0.225597448010711,0.270408787485042,0.287915875166361,0.185103588437223,0.279394813011362,0.322765540849456,0.30747716690216,0.297262170038162,0.278883462857275,0.269223250019808,0.289544210621123,0.240517271121997,0.22296159094884,0.310453232217446,0.276955230887229,0.261559617485932,0.27022749074413,0.290429198832313,0.284552784858453,0.267022215256364,0.305407966737846,0.354896220215145,0.247351326329803,0.291429773647832,0.284350985108227,0.27416536759289,0.245436396336487,0.280891175971939,0.268822206995959,0.264959366441303,0.263462337824434
"PA-2010-002-004",0.311726737335398,0.298404948757817,0.292908507003183,0.255924208225068,0.324198622592378,0.325279462625565,0.294610201408946,0.290420053525301,0.293040289998368,0.289246218163275,0.308272922510081,0.291910350084228,0.34252592326558,0.292413668212308,0.377632934000661,0.357845580309257,0.338639602245871,0.333657271599761,0.278303189015257,0.335503608586384,0.269034152118049,0.299135874706289,0.336592244466096,0.292405631182448,0.162019930497325,0.330791099664435,0.369762457859843,0.383195926816651,0.317338230335204,0.100708731278027,0.291880464031066,0.30610483127695,0.45792475788421,0.32547218762766,0.302769096048716,0.315278569486845,0.315484606364326,0.236419646833893,0.307936622838164,0.287733887520054,0.321555499550736,0.301529420982572,0.287671442395123,0.290593422989301,0.263858670736368,0.263795489050449,0.19232461826445,0.34499784802819,0.407612681325355,0.164226876729295,0.172877593743949,0.29222715978165,0.2993842841318,0.30580092351483,0.290164389530502,0.3584896818766,0.31095219482469,0.288979111913468,0.300643012123869,0.282692999847134,0.310318087911277,0.311970351371202,0.306648496727373,0.319775697670302,0.315377432523959,0.315269006753638,0.304454458793101,0.25721503034044,0.348611636186914,0.170249619496892,0.312700225250022,0.265623666169591,0.320582308856222,0.341984235482726,0.298823267041309,0.36066905508747,0.309656964778414,0.282056174162897,0.315186628971246,0.296195575282052,0.304171848934569,0.277520160663088,0.331862613627584,0.272680758352868,0.341714924053631,0.304685758690853,0.29712168510154,0.274019373214586,0.257431666146672,0.357590590391825,0.324953416465399,0.325679886697077,0.266901571134235,0.321301117033413,0.307526164141099,0.307374465439885,0.30312146259306,0.387801911748251,0.330465419796641,0.282291220234829
"PA-2010-002-013",0.285651456051008,0.272457373810761,0.314959075106305,0.260927722783453,0.253281040154504,0.252545758924687,0.317233598554882,0.245234022291724,0.291036465655029,0.234021414412619,0.272931661040207,0.26928567791132,0.291898585947895,0.171654210961771,0.194475456220658,0.28301487308256,0.281072316809136,0.318885703970285,0.339786628515193,0.284381122513919,0.330891407595577,0.265265373064266,0.257749128075446,0.17871526712517,0.308882867684551,0.182477567625974,0.247170672978818,0.26346066841563,0.363229195552711,0.255773178592624,0.343952287647568,0.128346109330692,0.277695577622358,0.235620312168348,0.292926966879132,0.268905798486672,0.294752658116338,0.275588482326865,0.178268885032384,0.259930404374575,0.279059270069231,0.255083991127651,0.289455352739594,0.313738048393951,0.254916134497463,0.284499821394204,0.289378320294604,0.239893385385459,0.274656008325752,0.170680371202304,0.281064039996118,0.284066623096548,0.237310902543927,0.159756034986072,0.282554675173904,0.261325707869119,0.265684743226652,0.228763233595181,0.278032098580557,0.29249995227169,0.289703594735639,0.287629468318956,0.175935641222596,0.278408677876436,0.129007516963299,0.259750708819585,0.280304409334841,0.285815729305977,0.318103312772426,0.321119032514987,0.287361961282508,0.334964779562733,0.150323900511853,0.244485958705323,0.344977181341657,0.289480094488391,0.243771528441437,0.267992362267025,0.291525721591363,0.315456259599432,0.298499647755637,0.271680321203975,0.288092811421891,0.317643678340255,0.179616395342339,0.300810830577918,0.273629281473069,0.235333983960366,0.310406925396515,0.277498669363067,0.287154813234434,0.242629235680362,0.129986106699763,0.323051179538279,0.272628527435689,0.268447190803953,0.255709626102035,0.279129450760921,0.273653365672381,0.261501801929907
"PA-2010-002-015",0.0142406246175743,0.141631189347585,0.0352785108058696,0.102633503244578,0.155920797818462,0.147405928202188,0.119348226836689,0.00152351611109685,0.0301962677084191,0.018979193253986,0.144852980972568,0.219933735579383,0.179090611438277,0.184716751868305,0.153201163087662,0.172194033479228,0.0906697427456606,0.154909466766629,0.0843240971903268,0.177422194586251,0.0972957077804918,0.0451784349625902,0.0204024860878577,0.0892250024010826,0.104353892908849,0.125701150715551,0.0692223732791771,0.203738289253514,0.166604713036055,-0.0156820388200361,0.138350605055316,0.158740403825919,0.101373345440879,0.116741791003754,0.139114654897867,0.163052550735551,0.120121299116552,0.103433990844784,0.133630738365463,0.162846260203292,0.13368017997095,0.138560912441953,0.105495156006747,0.0718884027466438,0.0132133143167858,0.173805141146892,0.171190224362895,0.0922322807661238,0.0985226989130314,0.106234108254601,0.113997949203756,0.110971913161021,0.179085226582559,0.106397933019903,0.11007534441022,0.102482628958315,0.160479882119977,0.13690088090867,0.129109389382235,0.125650267079672,0.10343906455078,0.00818836783518913,0.156755673757406,0.0962811121025721,0.166522199889715,-0.00258209937538083,0.101917792701127,0.147018893333368,0.197925363245068,0.106055381306073,0.124344749710216,0.139011020840395,0.106067819765427,0.0411779430293213,0.128200393629226,0.106379886864715,0.11763173151937,0.096730930582354,0.107519728845362,-0.0318861936592476,0.217460215073733,0.00876887634324728,0.143456442502159,0.122037492611727,0.140517942572218,0.124619607206489,0.106714333039442,0.136459099733727,0.0237282308638997,0.0830803096523303,0.115357289718838,0.100207537270532,0.177370255428676,0.110890507093713,0.120571452335688,0.179054353547602,0.144274674956003,0.173456683739046,0.180344300116626,0.157084211590601
"PA-2010-002-B3-b",0.0386132328504974,0.0896404111908526,-0.0074921421505668,-0.0429185057011595,0.0266990335362058,0.0195307926090044,-0.0479980131531177,0.00513344911092886,-0.0376695833172603,0.0220477699661896,0.00904257861487346,0.0091679786057435,-0.000312734860091229,0.00930586193915914,-0.0068468159116041,-0.0316092411806809,0.000221798573940208,-0.0257458104455518,-0.0358318762738313,0.0122980208728757,-0.0201707404468059,-0.0694990853738767,-0.00662024777634913,-0.0218634653334153,0.0489647471604358,0.0533067179935028,-0.0442731669435999,-0.0185170633652342,-0.0340342769609669,0.0280518911413459,-0.00948433108113065,-0.0452269653760437,-0.00954680360542191,0.0525130010386381,0.0515900079963857,-0.044088584130535,0.000314183721358502,0.000643112306538731,-0.0199794125864001,-0.0397989522929233,-0.00523973084958831,-0.0423599192956596,0.0348389880286267,0.0025166886184314,0.00134420128709643,-0.027054971896697,-0.0568938257454815,-0.0267740943311098,0.00685421241066873,0.00692115162435626,-0.0189038320910196,0.040524431689954,0.00535099884059048,0.0331520247743768,-0.0432334872988932,-0.0160548785436289,-0.0382832245093605,-0.0184768801469971,-0.0266212814386718,-0.0331422083951542,-0.0117438111426081,-0.0427330562034175,-0.0768556493347868,0.0790858989911784,-0.0521142963084304,0.00359266209822988,-0.0313894288014874,-0.0203896096585474,0.000361319184713797,-0.00419413274533133,-0.0676183339357712,0.0241454746823539,-0.0251768571330765,-0.000763571627420906,-0.0458983842941985,0.0524181033689505,-0.0256344740401164,-0.0505395076858287,-0.0212911947719125,0.0341592984789423,-0.0496598642704569,-0.0475853538949481,0.00643370709849909,0.00679256357155791,0.000646319217659086,-0.0159841716153128,-0.00354645509345444,-0.0203665980926228,-0.0342281238788181,-0.0629500413482401,-0.0280733816427501,-0.0241186467131848,0.0272070493565099,0.0219926679006903,-0.0121619669778161,-0.0416412632399007,0.0319738047800928,0.0344100968118938,0.0509855176183931,0.0296912613850543
"PA-2010-002-E",0.373153787255352,0.333810284980644,0.340340897581842,0.379047238971512,0.426814839411994,0.355825961365109,0.401765876935577,0.369295356537725,0.412016590749275,0.395282310275952,0.342447134409099,0.305327801248559,0.409053826928557,0.308538092476162,0.268956292943846,0.31150560947946,0.356895635304229,0.352005945764653,0.383506231939975,0.373197530714383,0.35873787617291,0.361621775445258,0.401701128650598,0.314073931092028,0.378759963118645,0.27576659016875,0.365550013862506,0.326730512648991,0.392489021186372,0.408349048155191,0.193128930765947,0.349171620841852,0.363422555005856,0.358991310659071,0.409010065207043,0.405675796099562,0.347231837716463,0.331092382365481,0.392891754145579,0.365301190810435,0.35769063641719,0.394995774889413,0.254483982369497,0.342979115722933,0.327582968687985,0.382601805933023,0.293525687959901,0.328309855811514,0.361585425606144,0.370921133575408,0.363166775132033,0.392416844946952,0.390640822892363,0.368133168500755,0.288091413350243,0.357361766554893,0.361690354314952,0.354814658344587,0.381365285090264,0.348509451057413,0.340298643953183,0.340716639056482,0.368286683420899,0.369137079115558,0.38453878187883,0.18675621444037,0.355179331884806,0.359119071221219,0.366989407065179,0.326464136324464,0.367853914576985,0.363133752916074,0.429940926974057,0.335851059498475,0.331618353830777,0.388947835996058,0.374294754474785,0.35304849427923,0.391568211069047,0.373721012884997,0.31887563820212,0.422379159825982,0.363308241231395,0.38147699678244,0.376915503439208,0.39787345217953,0.366279936744604,0.285385368678141,0.438489964921227,0.376426009098533,0.328787441722909,0.420731396370393,0.381859715706527,0.369576557800976,0.273827964329311,0.378057763797967,0.366661699072373,0.34580745271789,0.319227968932633,0.381275186862093
"PI230189-US56-0022-03",0.799370427901845,0.779882132018808,0.706643341521453,0.761124839186169,0.782023251618671,0.796126781821084,0.783621546391592,0.769560737049986,0.741120521759551,0.648824630380891,0.740023345941277,0.796890748217788,0.784757926113568,0.811716911826749,0.777533282138506,0.742073061924619,0.766669233218774,0.762761498064346,0.744935710681274,0.781275100174169,0.759486945008915,0.754523701538876,0.774729239446315,0.784288179961879,0.659795737341073,0.787874014992663,0.768239509249042,0.802135478429862,0.814637587052034,0.776895544873984,0.719347990697801,0.725160005595594,0.773328762397379,0.828441532211374,0.76249489610346,0.769355451758534,0.772993958292122,0.685906772706989,0.814473617584505,0.665857338488196,0.788833255996455,0.788672577975901,0.789250743265034,0.789505710084762,0.822519270750006,0.771452763795054,0.793021378087641,0.647374592741579,0.796508120979285,0.782106875394868,0.719024825717895,0.763023929700072,0.72481996920583,0.765717673840382,0.779116251919972,0.699657909388078,0.844139105418355,0.70152340708677,0.764659119184216,0.775529116391299,0.81962090472507,0.800196362073164,0.776780583883,0.788846869853552,0.769539595012141,0.77839155479353,0.765473293488012,0.793430867930346,0.76686410609288,0.685617373245445,0.805886320715006,0.767882524565956,0.767027486629218,0.769245691997437,0.802877820879023,0.781856879423852,0.779879721451847,0.807775180396578,0.734619284136807,0.685091939250464,0.772417414248348,0.767168000985969,0.63725315623281,0.712894342503724,0.721569149374676,0.737209147187514,0.75327299189779,0.796473281344486,0.773196025427353,0.780714322503816,0.772250972768443,0.75498166073674,0.765688411649077,0.744346001044185,0.691539810973017,0.776335520810294,0.785779260516774,0.779463629512985,0.70435511742499,0.785493454972016
"PI294602-US64-0004-02",0.911113204132212,0.853776711602214,0.83612467981902,0.891569025149496,0.865189579889631,0.817103322270995,0.813861939967453,0.804800986000932,0.860180662106265,0.872518803556394,0.783579895984559,0.821225033234776,0.838836614650326,0.816810208860403,0.86623696390148,0.840140148346716,0.836034285050231,0.895462109421035,0.862729134568373,0.786894877536847,0.846607376423516,0.862462689808789,0.843260947692715,0.759170992345528,0.833016907145403,0.905348580693751,0.86605644814964,0.884016515781042,0.843578112204501,0.812939807673755,0.830446737121619,0.861575058122636,0.834568044380854,0.803832470666048,0.791580559829283,0.699766874298474,0.770237797833939,0.830088186461528,0.760880334707208,0.844377793740598,0.830613877406238,0.715762690386384,0.805056466269822,0.876695622788109,0.885192321398689,0.808298445435322,0.855520771782376,0.894032682212327,0.907548201307039,0.885558918899377,0.717712883855023,0.851236976405695,0.754798039797121,0.770595280902499,0.907124349615897,0.846014755248381,0.828434702975289,0.920681283240816,0.883593099642466,0.839414463549967,0.786288749631179,0.858359337479632,0.694544443905817,0.868165244962653,0.839085597641308,0.916454601919211,0.863999216572999,0.814420121915788,0.844142200364462,0.839612965211581,0.883951717241107,0.779581015748368,0.8103322247612,0.764428781699834,0.862196588371949,0.918406911765695,0.890920839026912,0.858511500712428,0.895079369312125,0.686218700997942,0.929469502990835,0.830356525261889,0.631927045215134,0.903955973371278,0.717487605844175,0.832870762672487,0.8581203043263,0.854912333815669,0.894674929688516,0.863910930784111,0.770119112624806,0.873404457454606,0.854697282860228,0.772275674346116,0.872219253618516,0.961971832791759,0.876827903924362,0.878761469352996,0.688796046052519,0.80860744736116
"PI294605-US64-0007-01",0.308619114881918,0.301534940607362,0.306639204743153,0.343262434860749,0.308478918537156,0.246465782044791,0.301573438318254,0.299223429399536,0.33857632160789,0.333036331790926,0.292035608618441,0.313875464399664,0.329521224018307,0.342796099928796,0.267678184599142,0.315369452109085,0.332917005834189,0.28723901321101,0.326373623083473,0.302557633104219,0.351285935446021,0.309991272502502,0.257722235738841,0.306944087384609,0.290241854772284,0.340815137033811,0.265435852567592,0.291895854058383,0.327381885084868,0.310892991668391,0.279738365783273,0.322353129825211,0.317870871914484,0.314234760904918,0.343069221790767,0.302107268576847,0.299650855100125,0.304797340701083,0.308069859206033,0.271575221213865,0.333658251213739,0.335635365991468,0.277649579155565,0.298674227741526,0.317925548623496,0.296288229091615,0.294522141680087,0.348736395012129,0.368574556598157,0.299659730639709,0.324485578414134,0.304102460261825,0.329261456060032,0.332097491438112,0.343776767181463,0.3051665274861,0.319495146622894,0.30379827513505,0.297591204105012,0.317071612507634,0.341792892812799,0.308591605655663,0.313489332039161,0.302663225449441,0.300649131328769,0.342964721790705,0.311435884654937,0.287019705437733,0.295638569297621,0.277299947092643,0.328886157816294,0.343005062140962,0.326763863401236,0.364757318170807,0.323764983988337,0.305620370653157,0.325527660025104,0.329948161470666,0.279404070102109,0.314946976917268,0.293069578084766,0.338051007621373,0.328932416150339,0.325740233873812,0.338784377067435,0.283320462990497,0.35695832322237,0.343556534146579,0.399191812996893,0.332313360250862,0.318150852117128,0.352593753614062,0.306344732348468,0.274751828234436,0.310230143996702,0.309228031464578,0.327309528610877,0.326482466379756,0.311486582658552,0.308143849125034
"PI295762",0.460478549503662,0.559604145188041,0.500544238451607,0.538300920091597,0.582460384964166,0.593064675680051,0.551411455756772,0.583625247767961,0.520910443928734,0.575631166179288,0.571840174712738,0.437441722060782,0.55475441900664,0.560852040027348,0.53477014774845,0.57681011547733,0.579408867997637,0.57250335029018,0.603431016834478,0.524053379132634,0.580612683378314,0.590100131136043,0.58732194066153,0.581171105976432,0.6062939277223,0.562170447427023,0.598355031129875,0.563378948678156,0.555874751585497,0.556477782864651,0.518078345925726,0.520842782460361,0.554195380363196,0.553186730865164,0.544204160324104,0.559120584343697,0.525342003539069,0.575142755163485,0.596523843958901,0.55590139405142,0.594103879351085,0.549870536070189,0.555340667779304,0.563788266222419,0.559902501708884,0.571471144554574,0.575879530690307,0.519676324438627,0.585176425640286,0.579913759873596,0.519260183235416,0.52576480200635,0.55323917400237,0.569930631995282,0.572548208775165,0.480448655727171,0.57685498001109,0.492022829398696,0.631184468281598,0.497294621999348,0.572689198913788,0.555871397648647,0.431706097514101,0.574122288262254,0.595484411023393,0.549785401349012,0.560030829473246,0.475171495569545,0.582958519600672,0.570847406545942,0.57031487539945,0.544584153044279,0.586406349478988,0.576622452001946,0.652938719033247,0.553740947825454,0.566296153429289,0.567627102491817,0.523178511060132,0.5476386097905,0.57795457179861,0.573442157466948,0.577822964661707,0.499282449888709,0.580790386171339,0.50621818805265,0.549049116206223,0.47945523386911,0.544056449787606,0.574307695351305,0.551467073563746,0.442915261177811,0.488985179813877,0.523009590200712,0.598746525838058,0.587042684781919,0.589045413094549,0.560685066485905,0.577935228647605,0.543854572880429
"PI295764-Gracillimus",0.988912500139103,0.923413825525213,1.00854476164227,0.9888891483163,1.01726267869158,0.788876546555534,1.0571959299916,1.1021478015225,1.00369441153034,0.955112238384325,1.04110235715918,1.02870418899527,0.956963594813937,0.809011465924677,0.998656481506617,1.04386706057186,0.969542280098968,1.02095697461544,1.00691510330984,1.12053300609475,1.06792422799645,0.94504874079238,1.10309977635947,0.783231706114849,1.02722955483125,1.04161197675101,0.972476228466506,1.02416729009874,1.03053319637744,1.00382333206285,0.712048483406256,1.12030348337793,1.07251274869083,1.02231732413462,1.00277945616672,1.0320963004794,1.0525169868522,0.991958498857236,1.01456794170104,1.01734226604044,1.06595011690517,0.787681651699183,1.0082585383607,1.02378539135144,0.814981891023127,1.01642486639507,0.961173198263751,1.0402978279111,0.881855543799427,0.963564123474675,0.70998600031106,0.753858525665984,0.953728030044191,1.00344458173542,1.06419802917636,0.688196401975891,1.03176113652855,1.02290128312566,0.97855197478808,1.03336538206017,0.9763550969381,1.06307733504678,0.964765030381409,1.02043574908188,1.01906868879872,0.993656759699009,0.929102561251499,1.02497802393359,1.08805401492617,1.09227354372587,1.02277219601129,0.988765635336105,0.976737490611022,0.977949166072351,1.02676934666084,1.03875451451362,1.01445999592001,1.0151461403994,0.961119775029681,1.08897486668023,1.03055258602865,0.767914117367607,0.995300105749978,0.996442246679731,1.03062554088145,1.0484137665262,1.02990315730658,1.02709948666905,1.01350099393555,0.94998462878863,1.03244887173384,1.00768582369641,1.01270704910638,1.00145357761402,1.080270942908,1.06169329652803,1.03191282232043,0.959960154779194,1.02006336013286,1.02730637374199
"PI302423-US64-0016-03",0.759919142817286,0.648530594515488,0.781056594904653,0.661836182643761,0.743991239631215,0.72665654195674,0.762882352241415,0.694034700161926,0.712394310799078,0.777874296467236,0.736254829922882,0.770924391502005,0.69834971967112,0.704416046786841,0.701757015755413,0.752726520909737,0.688012125517925,0.782655450537873,0.717060584804045,0.779749886600156,0.749241404270797,0.777187140406193,0.74220976906024,0.742261888905974,0.790681866750519,0.733020999055547,0.747366525268504,0.703794797801802,0.772599343118608,0.731224700802523,0.830082511495684,0.797909896083993,0.786532363596473,0.760328296515294,0.747827833037677,0.773817862870403,0.719979665937604,0.739267004161247,0.696975959709475,0.769732422058212,0.785880770894652,0.810098932291379,0.737270190673362,0.744464232310071,0.70917129327331,0.73167301613301,0.669947435081818,0.820991462035562,0.777467685331757,0.711119856786931,0.75203782548444,0.791904446480929,0.646598955873126,0.773494047829035,0.786143535002907,0.733003268903011,0.760820654270253,0.747339810652779,0.722442307652367,0.745931965460991,0.748629759402648,0.805479109048451,0.717301709033031,0.742473004149553,0.736475649038779,0.82537261825454,0.728256600418083,0.753620490601804,0.684827795860823,0.612259040124043,0.661030042322931,0.687736628633318,0.781275080797621,0.783996460130478,0.759325301095164,0.725821977203464,0.763817129574492,0.739917962245165,0.778947693143304,0.814019083554805,0.746005450594334,0.800367248831209,0.72959076906774,0.752325499414447,0.761956498965535,0.758137762865119,0.787909166750244,0.697241550157103,0.809580843307227,0.808982618562761,0.794892418670224,0.813389218294596,0.809673599740258,0.767146921826433,0.819644140417575,0.800626972788255,0.742139043673971,0.734720654539136,0.76561322492347,0.771198944612281
"PI423566-M75-062",0.658601462257181,0.674223121723246,0.546540479344204,0.669123856516521,0.619779455737189,0.680186251368291,0.621339209590938,0.603275036690299,0.702873289430132,0.65970188469373,0.668984729466151,0.657151923398653,0.668940659242301,0.674663465172132,0.688826521720989,0.684687274022939,0.620026335284908,0.672129603320312,0.642974477210688,0.735286115313243,0.627623638765864,0.646897796809745,0.665606504642328,0.615316748722232,0.636184764581846,0.654160637916583,0.658453905967635,0.652214241986864,0.67088148278995,0.664456916010142,0.659515812255431,0.694960441785715,0.673911809682708,0.629857288545479,0.695618558015694,0.492439756612589,0.681792407420885,0.660195246574146,0.660190934983049,0.725675405552939,0.57501475965101,0.685856781847011,0.707869519239517,0.592464950220566,0.662463301220277,0.663255663736998,0.677783259736495,0.734008526251291,0.664085973525923,0.690840449080928,0.694385973063473,0.573155388493689,0.691622421925842,0.676160631242412,0.669444798910481,0.652398164545832,0.646055174307441,0.68963485979645,0.670408208178489,0.690968015862203,0.680806019742194,0.75271430493907,0.62957541880695,0.660765784719993,0.677721676295431,0.738277936779273,0.647741886548565,0.611353157241802,0.668633074079908,0.699551203318809,0.658427438895868,0.694048964016466,0.679571989495404,0.641719225995041,0.68697664150107,0.601341446571284,0.646615434346834,0.672716041086747,0.543597822857702,0.655494339017367,0.659229922990911,0.724140035675513,0.683166134342051,0.667947653669054,0.6081962039485,0.651196524128252,0.726948948428849,0.727821899015624,0.695965763951997,0.607046058714557,0.569119517200814,0.64008006546657,0.637833015219652,0.693774622011873,0.755441096612032,0.710981786737064,0.687589832189138,0.695905077987361,0.694589679660868,0.667647765113221
"PMS-009",0.271573770118695,0.284952520083711,0.272179945933552,0.235784041409317,0.287859195523713,0.282625806086498,0.299946949674258,0.295770686214447,0.368741287353248,0.268598644696825,0.271221832002043,0.271679677488379,0.269237697915324,0.252935948784799,0.300234936821287,0.304686908591205,0.274733186467249,0.283081643095052,0.278595546440494,0.217519490745233,0.348612270054868,0.279777046188111,0.290015348138207,0.242832715245481,0.307556773648197,0.289441345928743,0.292518117405439,0.306017204459933,0.27523017907385,0.292342464151632,0.289905465128989,0.260922122452452,0.258055536735867,0.224312992545831,0.256956550065338,0.367883139621934,0.277816705553719,0.274375385372417,0.291197603866162,0.282823121457821,0.247683645623625,0.301595637990913,0.351657247599975,0.325681769629782,0.272942027041575,0.263323166991221,0.306149660013571,0.289741863546898,0.3209816443076,0.29103401703675,0.391347341413525,0.307646934537372,0.29813381642212,0.377358703578406,0.225442850628453,0.271690795053768,0.28646122327165,0.271201756240989,0.303018961057343,0.281177860943353,0.28157160454377,0.315069357931219,0.274696129388912,0.390331731206107,0.296761619305957,0.28027110945341,0.282846988198253,0.258286295537301,0.287258168858306,0.325309250615213,0.2685918843526,0.253628463942302,0.272796963049144,0.270834655267323,0.288396938832063,0.273903285614862,0.291128566510909,0.284996799624097,0.271146021221267,0.27522709036478,0.276511383351543,0.28503465579142,0.26905711941811,0.388865546731166,0.251315205224269,0.393917517372593,0.268517587495299,0.296234107254753,0.303343444847304,0.275398732110702,0.296727833698489,0.265865038438417,0.294236421081559,0.255745838766285,0.307911271400218,0.228672435609341,0.267559076277985,0.27576085914844,0.274972800836742,0.285547914373489
"PMS-014",0.356934397519646,0.311406359844728,0.351699739366481,0.298451204493852,0.291577326488475,0.338843070144055,0.360204821560939,0.338396693065604,0.478462672461122,0.359671473494862,0.347121917082303,0.337395462387399,0.299714357530555,0.346858285491509,0.353303315461462,0.275188067175948,0.368914728734774,0.351141453770492,0.334346525905187,0.364920963952884,0.463015366625714,0.340192652816804,0.307362814770573,0.325712664018158,0.303166116791235,0.33020034982223,0.275102014575509,0.333570216254578,0.307707597638568,0.275809496490716,0.26808666970573,0.294062401702546,0.293714924600545,0.333848491040849,0.316454454970189,0.498910530819333,0.307238944191995,0.307595291802315,0.354560705185299,0.312901682070841,0.334140923584185,0.34588814249818,0.486793196478234,0.325338701828038,0.360391298772922,0.276381109265731,0.344886601315323,0.321189552484013,0.330690567715346,0.328473185166008,0.510672031482129,0.344315437309587,0.326749730132749,0.50280265235422,0.293118736516349,0.335779398644564,0.327006278269384,0.34444584853657,0.332126011233482,0.320096015144487,0.358230459971944,0.431028534564888,0.356240619626964,0.503638663613587,0.35057832791804,0.260156041868561,0.332204534656125,0.375901357557892,0.374938078253544,0.278062928149688,0.330866727916033,0.352609936049847,0.33105410199207,0.376147732341599,0.332225710308252,0.286688561638222,0.297279872391153,0.322014366832725,0.337339754001738,0.395628839227322,0.33892419379238,0.351433813333755,0.362391425707157,0.507560097761932,0.342341935609137,0.509300109377007,0.367770602801751,0.318831609597559,0.334325513683849,0.322805418809147,0.35326893771813,0.274254851513268,0.342762686978252,0.347457764452268,0.317389831523317,0.347044317755817,0.31948520034602,0.346181070809726,0.34310378902241,0.268574656336963
"PMS-038",0.154203294047837,0.151716178645725,0.133206870639866,0.137205879926824,0.219122149622258,0.128569337222894,0.15027557855943,0.154583618678779,0.403597160974574,0.155115241126634,0.0919629522163387,0.155077130000863,0.12364856932654,0.269458382400114,0.149726195090671,0.177947931113216,0.142184194662269,0.269540941932688,0.11818863717887,0.150403378634852,0.162915048649422,0.273952156229269,0.160311549621732,0.136257904530042,0.135839010232765,0.139838388245514,0.148221217604639,0.142169931575911,0.212295955599469,0.205062170951705,0.142254378024528,0.115970849202656,0.0972747481888301,0.14274675600536,0.136694733661345,0.408507972097512,0.123114653392463,0.281911200979988,0.306310610029134,0.0624442947740095,0.146820400915527,0.140831380633948,0.0971874851798973,0.121761599653812,0.139894812954514,0.281964745064804,0.152679934841772,0.0974511065959763,0.140206915434073,0.158702329117328,0.0918567330465752,0.0820251321942779,0.107305359440109,0.13553697726577,0.191318562938567,0.120324259229549,0.143611536124365,0.100167970946157,0.123367464710921,0.141508833397843,0.156754287130893,0.139479394453416,0.286146152594248,0.110276586508877,0.121458020783246,0.13385681312774,0.29245133943539,0.151665347162672,0.125667280949157,0.12049216539896,0.147794250959281,0.252774078595306,0.143871903074144,0.118392181749369,0.110286871881351,0.130630936521002,0.118928001823705,0.140895691729391,0.278117080891138,0.141331990357343,0.109271749651635,0.149048386976258,0.149729751021388,0.0953390284249077,0.125836527489829,0.144626232383054,0.151234363573586,0.0991417339200274,0.15022539311557,0.123544698268929,0.141609119088332,0.207397361484506,0.0960107584736457,0.151643362483067,0.146998328724067,0.216763967630691,0.250249111207891,0.281630523972684,0.160816426179135,0.104819020761638
"PMS-087",-0.268955878154953,-0.283900565550981,-0.28576268174485,-0.267851256150355,-0.293942160633753,-0.275511531522464,-0.319567625603472,-0.257366691720376,-0.271048086539523,-0.254012468015434,-0.277254763834314,-0.284707837043972,-0.238349611995615,-0.24276981618842,-0.239460623803787,-0.251122938174581,-0.235780115700559,-0.285376052025587,-0.209790190484656,-0.245155472817933,-0.221209419652608,-0.248125301417717,-0.278514906732487,-0.255712518335883,-0.278470031200464,-0.131106491272904,-0.250372286605519,-0.321474297459826,-0.269243838545138,-0.226244200767931,-0.295023453097339,-0.313870015055379,-0.171975822997703,-0.190178337507596,-0.264597560336866,-0.281391563783233,-0.26894932798211,-0.260387983772349,-0.279832601095298,-0.305130592326961,-0.262052776232704,-0.308858841607019,-0.223664374836086,-0.265865388926095,-0.223741932500492,-0.286360183946034,-0.29428273738821,-0.210305546387593,-0.30400705284313,-0.25079102279959,-0.266880715703404,-0.250115312057965,-0.268441983834671,-0.246883489736382,-0.286941439425718,-0.240005388826668,-0.279629825456078,-0.231339919505594,-0.247239113186882,-0.21116682411073,-0.285606186513329,-0.271491338378518,-0.179864288575682,-0.240478025043038,-0.270272829421696,-0.267932455095444,-0.280700577849296,-0.213224206311855,-0.186554493591364,-0.268508526014448,-0.256614626459442,-0.274528368448025,-0.264374462941748,-0.268250438869791,-0.257907091520131,-0.27013646628047,-0.294960203097566,-0.279041625417289,-0.206052225575727,-0.233674400135556,-0.294063674545892,-0.232256723442937,-0.231156460483021,-0.193114552261031,-0.273557223179271,-0.299900982247144,-0.269236821250618,-0.303021154824269,-0.3329604554629,-0.200929678626362,-0.277935814962217,-0.261933446242773,-0.312178690283962,-0.254265159862746,-0.232608881375714,-0.21073859982408,-0.297799589424223,-0.289441381525445,-0.271981450232511,-0.240136573464948
"PMS-130",-0.409517247789564,-0.3522256410536,-0.336400943779168,-0.439635278987053,-0.437417805658382,-0.325740360745079,-0.424370480860703,-0.379244269520788,-0.434584401712212,-0.28611978771883,-0.459903690496458,-0.462740938242233,-0.456084958710348,-0.452004838494593,-0.438170018047587,-0.25507665946406,-0.433076967576937,-0.291651506182499,-0.460189004385572,-0.427367501344135,-0.444268632877052,-0.423081198604058,-0.532365268617353,-0.42850452657829,-0.463881729518142,-0.329037577864663,-0.489221150012505,-0.458950572533751,-0.383665062643735,-0.447749542955613,-0.4456662238195,-0.432503568190178,-0.441970436891925,-0.426296782982898,-0.440581917835463,-0.472545018932252,-0.224659946944602,-0.45842689882618,-0.314233658114177,-0.446576319661779,-0.477125484650148,-0.435071928180333,-0.464960500942237,-0.467791945488699,-0.223416751007722,-0.493977936270514,-0.456033733350556,-0.433613740681578,-0.4333688178481,-0.453541004507465,-0.47559587214032,-0.480726723023807,-0.446426414777809,-0.435191788029649,-0.453829412909824,-0.328610948014054,-0.473337505546789,-0.461201716031284,-0.467803923000539,-0.41607528391782,-0.464644165378951,-0.290008047360991,-0.422815455651911,-0.453957124233357,-0.462046780100082,-0.463092236036076,-0.440138250333583,-0.295262744717311,-0.324284267225085,-0.459507204658821,-0.496664781561309,-0.285501324013185,-0.437520895404445,-0.486794686975877,-0.461076331600203,-0.448988498775119,-0.324084205975996,-0.495677066923163,-0.462675097764826,-0.40542661034739,-0.484999918220252,-0.449537101421846,-0.39932811229336,-0.404701143976697,-0.412410789482156,-0.482889404783775,-0.463795440998305,-0.441022295870959,-0.415597216723195,-0.461534377780893,-0.514410458903328,-0.461416023735211,-0.387925105703544,-0.480672891297637,-0.473091425198642,-0.347584609788167,-0.430977759368451,-0.455233733509684,-0.460287293235618,-0.446320916312664
"PMS-131",-0.395543101827635,-0.396046914928357,-0.352602613655458,-0.408368820788189,-0.356785766550448,-0.31197210161214,-0.442950848094868,-0.424434116960544,-0.402644657871858,-0.300443608190597,-0.408599615777534,-0.41507685338315,-0.453221748071871,-0.414473679095143,-0.438214508134762,-0.262164650258754,-0.447816598496841,-0.29801986522238,-0.467494036875633,-0.41746227615028,-0.424999966011793,-0.410430204355476,-0.404029494416798,-0.410332724160579,-0.431975331383666,-0.337970609796492,-0.353530954060486,-0.409920758267813,-0.428800205760229,-0.423459531170893,-0.426863889104886,-0.471062410316998,-0.452599882192074,-0.464524503554386,-0.395295635889956,-0.404017623355663,-0.227675089273454,-0.429670339722323,-0.331592792683897,-0.426849147642788,-0.422999905088493,-0.422330002974166,-0.44431074326579,-0.460748605158256,-0.251086730646708,-0.409696321714876,-0.419370028289613,-0.435632726593529,-0.407205927065746,-0.464381746232384,-0.425835068795739,-0.415665149340656,-0.41425921487148,-0.473556942905977,-0.413392026072326,-0.335843523624273,-0.426362400736605,-0.371431669181662,-0.417093128770645,-0.409556387145169,-0.432972823799721,-0.293174014346726,-0.351416366287775,-0.434731587297115,-0.378045782209284,-0.425742582693767,-0.412928289920761,-0.306033658310759,-0.343118184222112,-0.438015145364653,-0.42470058044555,-0.294315471883748,-0.415421153646994,-0.434118985305914,-0.453566004867712,-0.419736050970268,-0.343838828093112,-0.448655514587787,-0.366926538783166,-0.40324004958384,-0.401849479807891,-0.447688771096713,-0.365692747990272,-0.491762202835678,-0.40329674423827,-0.399367603097816,-0.380870578882675,-0.42138225775033,-0.406583500837452,-0.421119981678255,-0.417734229601597,-0.418289701187307,-0.452044075736792,-0.387010554381249,-0.344154896318428,-0.386879808970576,-0.432175657039608,-0.437091942802668,-0.442426603289484,-0.446911919801992
"PMS-134",-0.426739971363282,-0.305870391453792,-0.446019360334349,-0.409891555238058,-0.447847512348595,-0.411056787569907,-0.398117125361513,-0.33666449554526,-0.447396102182225,-0.438199205606759,-0.452807690003598,-0.421865646251715,-0.418485887974065,-0.453798442282857,-0.467554122859937,-0.404158506413555,-0.488676881229218,-0.496219849039294,-0.394787091487499,-0.442661979730332,-0.461881738136421,-0.43882712367536,-0.428965126563803,-0.437592695461602,-0.489488829680779,-0.398330278912304,-0.300996067270652,-0.434062913523417,-0.343802751668303,-0.441521402452524,-0.426648264909682,-0.457333365778797,-0.402792071204023,-0.425261266428031,-0.460583804339576,-0.528750918547697,-0.441286208241747,-0.42396630588689,-0.395067279907586,-0.451106351848204,-0.479401118642674,-0.446017202755613,-0.471353747627297,-0.424141308091332,-0.208712523151587,-0.437999645592865,-0.439793162881817,-0.462719872734837,-0.426089357575436,-0.445177057147773,-0.435223477950347,-0.430530867874744,-0.42102381791928,-0.427687357121967,-0.436316645462433,-0.431375953231259,-0.473513508877858,-0.402903149925973,-0.417958837209877,-0.457720484844764,-0.4619391260199,-0.44186926059138,-0.297320326037922,-0.40548432295873,-0.465277649637813,-0.406681103907478,-0.46268856621204,-0.448300941815909,-0.432422910093136,-0.462570478163413,-0.446164581181345,-0.45677656635125,-0.371400770235696,-0.424123356770119,-0.422564102499536,-0.42204559488803,-0.454650582266819,-0.444261892171449,-0.327532767583667,-0.425187199064526,-0.447818188362299,-0.377753800151508,-0.422816022684587,-0.419518522851974,-0.435401567114484,-0.451874450260679,-0.341698348030618,-0.386858832336428,-0.430891761392668,-0.457207055288673,-0.406679724214597,-0.421037506616647,-0.425548102612613,-0.449078015086698,-0.468816250796563,-0.450638077516856,-0.403309099677214,-0.471529044025117,-0.449027564817509,-0.459494178771685
"PMS-144",-0.417289668902319,-0.447364124075549,-0.409452560526264,-0.396212207382336,-0.383879114479707,-0.443851204443275,-0.453377298245759,-0.468346997275065,-0.369959575026264,-0.400244167426263,-0.476681228546282,-0.487430301976379,-0.427350505518161,-0.453185002495383,-0.441219885455028,-0.239660221260721,-0.426988727740897,-0.270631304444694,-0.467225883323022,-0.363874943457851,-0.408427319328659,-0.421564722187088,-0.337958195936888,-0.480210655517501,-0.495679262129969,-0.435481635380304,-0.421093611053078,-0.442319810659653,-0.495311801096557,-0.41087123115315,-0.491181653256052,-0.378580317477272,-0.459478719731667,-0.448603591203613,-0.398078070466068,-0.441357245998157,-0.187164884583629,-0.43909161594757,-0.429171359770883,-0.417099164740331,-0.460855858021802,-0.373466271845798,-0.371271366605256,-0.404998180137403,-0.446721105449527,-0.477676455334706,-0.460876871738974,-0.434744153076264,-0.490510960996121,-0.44423131142045,-0.434218866654827,-0.33950477042657,-0.463427341916038,-0.431139722169183,-0.459694729999699,-0.40570165241293,-0.360463197603204,-0.457868723986506,-0.368188339398356,-0.46517468253449,-0.471074829784054,-0.45818372533709,-0.418082796534685,-0.402263444838433,-0.434841388287272,-0.475746236113353,-0.479429928879962,-0.449810919041275,-0.458635784097853,-0.419894318020709,-0.423559674331925,-0.258148761641113,-0.470346574080167,-0.458953710585371,-0.437861742389197,-0.446381575434969,-0.382843446486095,-0.422561751459267,-0.47642099675408,-0.475788043278671,-0.429406911450438,-0.441358843866373,-0.465740316720095,-0.479786402589162,-0.428684689990078,-0.436550737243931,-0.518342163240091,-0.427282265046246,-0.451921882520171,-0.4537019318687,-0.374980989606187,-0.409195967643212,-0.471350154867479,-0.470044746604003,-0.313831250090196,-0.420422878618721,-0.523147431183871,-0.43739532307857,-0.464160707553667,-0.44542266465106
"PMS-159",-0.244701737915571,-0.219995569135716,-0.294240688092949,-0.309480098611037,-0.215214926234413,-0.252126757371029,-0.30763141331603,-0.342467174487796,-0.280009023259834,-0.328493239849221,-0.327035602098162,-0.28133249102877,-0.292107023062882,-0.298697434861717,-0.327991274943915,-0.276608242214174,-0.298073193462805,-0.281141832825282,-0.267280575774212,-0.326238282311094,-0.294832981412317,-0.312145605953985,-0.347550240664548,-0.272470605226958,-0.302117248621084,-0.262630860888996,-0.320960993766255,-0.290354339603821,-0.271164023650724,-0.257291658749638,-0.317816357226875,-0.312912188160766,-0.28489694521508,-0.291572206914006,-0.296672125092699,-0.318749287287723,-0.13858214308666,-0.347832970160135,-0.263855954238588,-0.303431612661959,-0.295013884502918,-0.318458015364381,-0.320844753393335,-0.301152317739626,-0.343263774585717,-0.294658123613286,-0.309194311254981,-0.318185177252056,-0.276844020116885,-0.296601438645128,-0.312425267211066,-0.318222355149307,-0.271686962967767,-0.315308911953521,-0.321601066497991,-0.350687440710824,-0.337592977358503,-0.314758555302052,-0.323316015343112,-0.314581800410558,-0.305632167667175,-0.325882412122298,-0.317053293002098,-0.279792600997748,-0.307046483060294,-0.281885310370132,-0.293105397591589,-0.326899790257179,-0.287144773370565,-0.316681146469192,-0.287808676126294,-0.309655460091932,-0.296001352925397,-0.314577138127952,-0.307593303719472,-0.304040775887406,-0.290104943754201,-0.299464834077994,-0.337274846792604,-0.258671784466854,-0.280822795258635,-0.255752081043979,-0.276723670381667,-0.354304288662874,-0.299966004809956,-0.315987241261578,-0.293866820961833,-0.294726655737643,-0.268203923210045,-0.310546521632697,-0.305833579794316,-0.30342574102821,-0.249977578493954,-0.343799233385974,-0.283739864599564,-0.30153164143523,-0.299013505275,-0.283491687092185,-0.313684375667948,-0.330912000706716
"PMS-161",-0.457290338329297,-0.413639154846,-0.301000062812295,-0.423562857653731,-0.441945901604018,-0.274197004253693,-0.478878811779255,-0.405710605566833,-0.432884970220416,-0.402268408347651,-0.473812483785678,-0.30923258891655,-0.360051804865053,-0.41709074714377,-0.351264499819807,-0.39447314648125,-0.414270379455149,-0.415083342393214,-0.397477712934731,-0.406464864400285,-0.358612597479796,-0.426445014604875,-0.413679347619492,-0.404676993917159,-0.401555053763507,-0.426918081058172,-0.38959587760369,-0.422126298249184,-0.405170295834352,-0.445236589805445,-0.319757927063011,-0.364296814057771,-0.390903530358021,-0.402129339053358,-0.46524396930848,-0.395413316538499,-0.401602912418316,-0.406663013461722,-0.404097456730769,-0.377403238485364,-0.406093013214829,-0.478894125962543,-0.402475843108975,-0.406292440926609,-0.242245366817946,-0.403178493256884,-0.435945723279101,-0.397565955797063,-0.400502637466875,-0.372861260947059,-0.393007538831629,-0.377071682014551,-0.416841420361899,-0.43506238310422,-0.447620998336319,-0.356658298440452,-0.345531401990907,-0.421081097802953,-0.337632318902071,-0.43330552551033,-0.401195168976593,-0.404132008708379,-0.399626800705998,-0.397292420563849,-0.37461113888787,-0.402568873145478,-0.438915546524344,-0.441418438606961,-0.391593404167992,-0.356816933349917,-0.394341171852837,-0.430962154699656,-0.444670394969361,-0.407731453319435,-0.419114648940538,-0.467221119449663,-0.390178396718508,-0.440816829648659,-0.407215451344531,-0.382192136430867,-0.373092387447997,-0.412693391270311,-0.416421318050006,-0.415575108034235,-0.404246993034917,-0.376836328476276,-0.417098286449887,-0.357436123161937,-0.450419571223756,-0.427435642710129,-0.407958543911091,-0.433692219236029,-0.407959440889533,-0.349930740723853,-0.405107298815854,-0.398417266652926,-0.388376326038729,-0.383382593039402,-0.356193626995688,-0.388219823422196
"PMS-164",-0.375715620078624,-0.332933996346552,-0.307536932466624,-0.33468336334788,-0.208128973630616,-0.303009735218326,-0.383868888947138,-0.340278000205492,-0.390441650390493,-0.358180035241868,-0.445296333951018,-0.379936343837562,-0.3636088210462,-0.352942117625444,-0.385056402675912,-0.364859819115235,-0.376646559887697,-0.338169482485146,-0.394985012673946,-0.305803500578666,-0.371859764355291,-0.346683506479561,-0.356368320986317,-0.329790390697944,-0.351798679626787,-0.374925658922713,-0.336331546443527,-0.385140090800426,-0.216089498411931,-0.373451603922766,-0.388572704944026,-0.345864135255789,-0.359063801926218,-0.373126762656037,-0.385795304313427,-0.387604664147509,-0.22435375845619,-0.385887167163902,-0.3713025210167,-0.379101905023933,-0.36095230328074,-0.3991949746696,-0.361915239176287,-0.388460834074734,-0.358644246563845,-0.386101761508431,-0.364679578824255,-0.379017329558126,-0.3777715851434,-0.335704281601794,-0.365197159050301,-0.383553552368337,-0.399339796148619,-0.343501458710667,-0.347902932519703,-0.363524807707491,-0.374896285767236,-0.391415517990522,-0.334826470927004,-0.381369745013163,-0.317040344631759,-0.120479816103035,-0.373179100149872,-0.376372663297718,-0.356765470693109,-0.372522189297262,-0.382188897467511,-0.3910178945511,-0.395524150498711,-0.326481359271531,-0.375876284907178,-0.375360283668558,-0.289128899411326,-0.361269930020774,-0.355525085809263,-0.356453154358333,-0.372526670779354,-0.380516869049472,-0.387150878444022,-0.347900342128454,-0.383101080871718,-0.312280557673957,-0.384141918967445,-0.369717589941887,-0.374144067225626,-0.380479595582832,-0.363123343968853,-0.327841745269843,-0.330388367280653,-0.347971328320197,-0.373902655699201,-0.357599714681456,-0.406855673236578,-0.376252920016839,-0.351701609655747,-0.383745638504425,-0.370480921973129,-0.353249258879893,-0.332861807021164,-0.370967191635408
"PMS-178",-0.456268842617321,-0.389639451485884,-0.306074313956445,-0.316882821923553,-0.395464075724234,-0.369825100863947,-0.469457456337734,-0.390238595849756,-0.380077162962779,-0.357221555329939,-0.336196481790795,-0.295639533298677,-0.344184342903096,-0.366107968947059,-0.365469812585253,-0.209506695591228,-0.323816226028102,-0.373990021318014,-0.372506294094177,-0.387725550019443,-0.341247494300718,-0.318285212996777,-0.365075209609169,-0.383218715266889,-0.351563085773395,-0.260741207483625,-0.323501331122734,-0.367928066891177,-0.391816567955451,-0.444404880392503,-0.312223840418456,-0.360764998325406,-0.320534486681918,-0.367981013302768,-0.361584782364757,-0.307922633413041,-0.369998381611444,-0.359645443938964,-0.370923067117061,-0.323576290762729,-0.385646373133448,-0.358595349884948,-0.392113175772998,-0.43175357063544,-0.419213988254271,-0.318948930883946,-0.361250383531626,-0.333818933912974,-0.376132947114608,-0.330105079748801,-0.352775103626711,-0.411907954741805,-0.375893316049188,-0.362765396913525,-0.438033786901165,-0.264803596136206,-0.423141324133901,-0.381968379497049,-0.399466346372928,-0.324216360968925,-0.352826652984469,-0.377951986109414,-0.379599074781352,-0.44285114978121,-0.367655441744363,-0.402922522660311,-0.442426800219147,-0.363373931939405,-0.4180705692738,-0.351442739870232,-0.411690828112871,-0.309324413304868,-0.430170745925281,-0.344558995980652,-0.361365421706063,-0.459669341724907,-0.367099578825941,-0.454733984456201,-0.369537224697854,-0.420074103617715,-0.374906595393238,-0.329671664095511,-0.276254127701908,-0.383951444296079,-0.40153531495928,-0.340962738744724,-0.394370507748305,-0.313870125768513,-0.353637895904276,-0.342841573888138,-0.318384691416297,-0.333205820106701,-0.372608840349646,-0.377844633725927,-0.278073704836264,-0.264281975060491,-0.329428089994147,-0.324750517917768,-0.369185071970771,-0.366302253891102
"PMS-183",-0.181929730506122,-0.196849728553177,-0.202258949415104,-0.243438852881217,-0.219366112577653,-0.198168259588912,-0.279161371509,-0.166478580904633,-0.231827173440639,-0.246280191085201,-0.21806419456444,-0.187955814449177,-0.208512917533108,-0.21644605733464,-0.191622112390171,-0.260717143505674,-0.214000126971869,-0.273093671983987,-0.2554167385432,-0.159680387642582,-0.189816187445527,-0.202111765180556,-0.220119245983483,-0.208302846198031,-0.212854281988788,-0.210159520298886,-0.199174993801763,-0.182774013329112,-0.195172832660281,-0.22384041890944,-0.300589581008457,-0.169178535936819,-0.21310894490828,-0.182534852922519,-0.236009976987278,-0.228086879204416,-0.265092976670268,-0.229349055044966,-0.264225402507976,-0.23779648395299,-0.143619825444531,-0.23730927576876,-0.20313989388855,-0.193781151275066,-0.24764388030263,-0.18216063131099,-0.302468632025931,-0.201341026789737,-0.194217048841875,-0.277834562808903,-0.249064690738615,-0.193247879708205,-0.26264148743308,-0.129926244260144,-0.214759794975473,-0.241160907445998,-0.195854381924063,-0.237389446994565,-0.199594676676848,-0.235834839272022,-0.221867693960747,-0.194826489640806,-0.160660270014944,-0.156520481390138,-0.198750576588438,-0.224731797476677,-0.219246871038267,-0.209679354474507,-0.187347226815502,-0.163817366569141,-0.235941544654716,-0.179695729720865,-0.201358082923579,-0.189824563154892,-0.217957571272997,-0.230179996690286,-0.201725810581676,-0.169546421329719,-0.214954174046318,-0.214284965413521,-0.217149195419418,-0.187217941209343,-0.245431525155319,-0.219229081077549,-0.208724485275106,-0.208205515819739,-0.12031246603733,-0.200488624093845,-0.231630746181245,-0.193983861987977,-0.200564566824146,-0.180734686151248,-0.214183817541803,-0.191545108553781,-0.226172270313984,-0.233636425524333,-0.233697638831874,-0.19253052788491,-0.2297821008253,-0.188133815109145
"PMS-204",-0.201335750290102,-0.189535980021299,-0.180381390672973,-0.186806598191999,-0.196514090982761,-0.159104038500079,-0.20891196536915,-0.208812752429299,-0.157985295618595,-0.151194358855828,-0.189944240679073,-0.218165483051415,-0.204939385086606,-0.142717162473671,-0.218513862854084,-0.161393151422367,-0.161482410322215,-0.13153466384852,-0.189839261235721,-0.189784130606437,-0.141955440577925,-0.188740344159278,-0.195183822873565,-0.164867898167853,-0.194680504454887,-0.143868564354663,-0.180963658654159,-0.193550740817881,-0.197647295344713,-0.170410960716095,-0.263582652901694,-0.153781522905773,-0.17227007794703,-0.158905774454246,-0.185491197717993,-0.170942345302477,-0.220705843681515,-0.169475898278288,-0.106131111839319,-0.180626455015353,-0.19924026289062,-0.187440829591348,-0.185753079501367,-0.116972722731569,-0.166447214429379,-0.167580547163439,-0.241646684813889,-0.151845599699967,-0.121873521279564,-0.219754668293228,-0.123180553901568,-0.179531764765649,-0.223974472250194,-0.199248195357151,-0.165783612635111,-0.214555137097641,-0.183121170331517,-0.251467937282849,-0.15685282549322,-0.206697193616635,-0.139904825718014,-0.176578755534346,-0.190055688050739,-0.176645620494524,-0.0570837818066699,-0.173755790595875,-0.131892003477854,-0.214913971119017,-0.173606525684672,-0.161253875588818,-0.153724216675232,-0.178065607516336,-0.212185611118267,-0.180612859053993,-0.155973666677922,-0.190033087893275,-0.186822976634791,-0.1795731530695,-0.212624788150965,-0.158659747570274,-0.19660077842686,-0.196709886766607,-0.194883630481581,-0.20853543714616,-0.184004490134875,-0.170060991315356,-0.179970746512757,-0.211226899815439,-0.227137275109423,-0.20168166626158,-0.156375823172741,-0.161915807682327,-0.184270214207483,-0.17341077534815,-0.198111598892371,-0.167040512675132,-0.146562272154202,-0.166394967712009,-0.179515304773888,-0.180011854616469
"PMS-272",-0.00920281213823666,-0.0407271202757829,-0.0375434517278572,-0.0340457610064943,-0.0262893389419798,-0.00686442741620087,-0.0445563818295038,-0.0336437675173863,-0.0209026458914087,-0.031623234206874,-0.0155046403051435,-0.0042399479710623,-0.0370801359700569,-0.0344978053388324,-0.0181409015046581,-0.028139478849622,-0.0364554629106006,-0.0202998620336647,-0.0333268720263677,-0.0291499053290956,-0.0245991635324251,-0.0546514226604575,-0.0171577155020192,-0.0385775532745658,-0.041131213935108,0.0107089522937958,-0.0289223832279561,-0.0163536930200404,-0.0225394229908091,-0.0510664320438473,-0.011720504501914,-0.0438668178402568,-0.0260142264828799,-0.0270686224153591,-0.0820194575206201,-0.0581652267892777,0.0101993091108304,-0.0468157614695779,-0.0545173085813855,-0.0586606119675772,-0.0447058040061539,-0.074703703503908,-0.0374161907506353,-0.021623789552823,-0.0537667082968835,-0.0305431011780943,-0.0122880984395695,0.0108532264477566,-0.0337581908904569,-0.0365499500750591,-0.0791039531390448,-0.0243629373096051,-0.0276766353120887,-0.00647128112076037,-0.0365781477395989,-0.0941443892808918,0.0146400693877432,-0.0559925743916255,-0.0395324431763176,-0.0282423716593296,-0.0312130820095717,-0.0717932927399681,-0.0361853839216843,-0.0473037579317948,-0.000907296544414733,-0.0422152178177755,-0.0236457810405298,-0.0119159907932342,-0.0520716222936863,-0.0433560914284929,-0.0573295958366768,-0.0254571589941801,-0.0473426805169099,-0.0415652961009368,-0.0249824328533062,-0.0789086666086847,-0.0577591740670906,-0.0133859880364749,-0.0436622456971959,0.0097285921173362,-0.0191213388200347,-0.0280655765149412,-0.0333254026510731,-0.0397340382383925,-0.0500276432477557,-0.0717485383357109,-0.010709576545154,-0.0248402651127664,-0.0872537257396494,-0.0456561754873419,-0.0263450003916725,-0.0488903251416189,-0.08454250322208,-0.0275284220501568,-0.0136121862229435,-0.0242652387130199,-0.034576788542212,-0.0147793014724344,-0.0265206622964682,-0.0334138388231275
"PMS-285",-0.0370925117051258,-0.00290806407267179,-0.0156020616462797,-0.00986778067575429,-0.00219961019150759,-0.015010157166872,-0.0244637019978903,-0.0512458339386506,-0.0375054435641763,-0.00697580445042559,-0.00250951678099002,0.00842239111054127,-0.00900675566754819,-0.0365737615292428,0.00185436698673841,-0.00381730226229256,-0.0140578466408735,0.00523001686184133,-0.051005983717915,-0.0242469304157031,-0.0585564618108307,-0.0162470090760118,-0.0225818946644776,-0.0176406832239606,-0.00666353435605191,0.0158121625884062,0.0236730824081045,-0.00534896542521007,-0.033277108780643,0.00649612874378662,-0.0359020894198309,0.00386735275472247,-0.00225659184877114,0.0147041662654427,-0.00738121885810043,-0.0341869292634568,-0.0550070275670985,-0.0265813068046499,0.00410056445922612,-0.0279042908682479,-0.00567527948044213,-0.021050783029194,-0.0168030205535428,-0.0315040285355315,-0.0142283961605153,-0.039489633212957,-0.0589505877946608,-0.0108618916735819,-0.028482641199568,-0.00728852569862837,-0.0316721881785688,-0.0258220338659337,0.0367241540153338,0.00348293541681213,-0.00995605711567387,-0.0198630424219345,0.0204816789933337,0.0144971125273085,-0.0214608930668257,-0.0105647024845608,0.00322598486434808,-0.0651634559124631,0.0353428677708494,-0.0537526312923115,0.00265031920184512,-0.00782727844110962,-0.0206636666003041,-0.00909499220868211,-0.0117714749698881,0.0294256360041303,-0.017183483690496,0.0129314149064977,-0.0160598172795699,-0.0260064730740985,-0.0517258212595718,-0.00489954069679525,-0.0271554619599203,-0.000654511348547165,-0.0652678468746102,-0.0341302786575055,0.0464426648058748,-0.0310179687843213,-0.0505098096743191,0.00654127040197719,-0.000224530133498,0.0186492350026261,-0.0128466528546346,-0.00411916829172434,0.00896325940734057,-0.0476108192309672,0.00504756412141446,0.00604515493692003,-0.0237569276015849,0.00288758616442692,-0.0133050654208844,-0.0254589664586164,-0.056514132952227,-0.0699375119937853,-0.0320267437495427,0.0470747184944235
"PMS-293",0.0885853592035584,0.0823139629803784,0.0786292867966262,0.0987784597665688,0.0916037941235716,0.0470359365086119,0.0747336075886875,0.108106954343829,0.10167586302635,0.0715179150616354,0.0836356385238978,0.0892291560226422,0.0772481841799224,0.0703770010641383,0.0642332469128196,0.0690510284120481,0.0897315629233417,0.0654992358254573,0.0628088078074909,0.0902614325983797,0.0625022406321081,0.101562064955238,0.0632223729113288,0.0623211664185655,0.0712690295382257,0.111894844720029,0.0934029789463155,0.081670125948305,0.0458075580192771,0.0561374003135021,0.041596358854795,0.100974482596763,0.0861869146993865,0.0941039399546699,0.0937614653496524,0.126073096303902,0.0928560408905049,0.10143357874744,0.0720452866316899,0.0862721554223611,0.0917596693413388,0.0587708191586618,0.0742943792367626,0.0492278114694187,0.0964962009012134,0.0599809260948695,0.0765422038895423,0.0861522300356734,0.0732535480472777,0.0914755461342589,0.0941064016715225,0.136035298179446,0.0681298176345217,0.0804834705737534,0.0975250117026311,0.0904145422860633,0.0931140436212535,0.0880918101112491,0.132159779926498,0.0629813628338979,0.0825964739666836,0.0893556820428714,0.0829915908080674,0.0618342182350889,0.102482414443657,0.07870345396878,0.081978384173668,0.0737119335489297,0.0745480828706609,0.0920900515489523,0.0945400437714919,0.104259401228389,0.0863207793695664,0.0591499117498514,0.0660699771977331,0.0875675759360587,0.108887863672,0.107731280932071,0.0634087627464893,0.101013618214697,0.0108605701974416,0.0936432436163867,0.0910477738909098,0.0953291923443036,0.0793592533319636,0.102369439954121,0.106052271966861,0.0214896406708119,0.107121938461627,0.08910700906342,0.0387126367369401,0.0734542917642683,0.0477650799277358,0.113363058236671,0.0877689518469839,0.0813510541533596,0.120806129264781,0.077309923330945,0.0762985857227575,0.111562885121887
"PMS-303",-0.0631393446057866,-0.0732082420202243,-0.0724720185416113,-0.134439274858815,-0.10252551647843,-0.0763420331601954,-0.0773903383839306,-0.0520896145686404,-0.0367361136280313,-0.127915817375338,-0.064687639268706,-0.0581717339309997,-0.0726964209082086,-0.0890081747273266,-0.132380684592019,-0.0864303243194783,-0.103596453726165,-0.0707776808923939,-0.0905757818445801,-0.0359061347026166,-0.0881350966723431,-0.103461653154235,-0.057389661678028,-0.0548626547970378,-0.0551710758109196,-0.0566148456341195,-0.132390735011257,-0.0525124729402338,-0.0669907169487514,-0.0586452780639367,-0.0592189853004842,-0.0835870580431877,-0.0897025158338555,-0.0800034747746171,-0.0290473996186968,-0.0765465006459325,-0.0699251353288615,-0.0689559912068974,-0.0674539878604697,-0.0687517198667868,-0.0647691548994513,-0.0823080059795915,-0.076099663751295,-0.0892484078691059,-0.0307456976037943,-0.0913939860854007,-0.0702961285449255,-0.0587818440198246,-0.0360798825025356,-0.0741713885656443,-0.0662969457914542,-0.134799655070624,-0.0701672331183222,-0.0554818867332893,-0.0788393958750356,-0.0577698398926621,-0.119148797746923,-0.183834975668135,-0.0364531932921566,-0.0760263891923687,-0.0297549452419857,-0.0563249425742724,-0.132815276602649,-0.0827359269831083,-0.0597032901781818,-0.0447195034012189,-0.0509218522825167,-0.14241617711446,-0.10103272119968,-0.0788799230025927,-0.0560869203107524,-0.0264689218188216,-0.0874095151152141,-0.0806971466779345,-0.0549930646114456,-0.0741601304987926,-0.0840786505271963,-0.106957369170093,-0.068359167453479,-0.071660191483399,-0.0402004495202106,-0.0547860849778867,-0.0766738931267509,-0.0504160176196079,-0.0381301124603824,-0.0693061900090402,-0.0667030521449584,-0.045328738674968,-0.0513355756903776,-0.0758348195557741,-0.0547551950760757,-0.0645822305479901,0.00959639657860536,-0.0253008977636099,0.0430756550344719,-0.0310515738666759,-0.0737773657132769,-0.0160250288179517,-0.0688222182457877,-0.0757614105128582
"PMS-306",-0.124014425174913,-0.162322436789358,-0.0520343950605268,-0.0881070304749202,-0.122675705764245,-0.101017995204184,-0.074077870151471,-0.0833020904210264,-0.108343637190846,-0.051753149945574,-0.101655948490445,-0.0880918113967186,-0.100400841621473,-0.108892829158433,-0.0980951041160586,-0.104794352350063,-0.118051980793943,-0.0818419458865135,-0.138184086190715,-0.10685589526642,-0.127633209865135,-0.126726645156775,-0.114752079087684,-0.114912439890244,-0.0759895520029561,-0.0823817851470432,-0.0848427520052084,-0.0868142321002165,-0.0447779952198062,-0.128454917098159,-0.0865760948656738,-0.13919906436078,-0.0784267474378884,-0.0883372538854992,-0.116742965271159,-0.085857478392521,-0.111650971469637,-0.0642582876434583,-0.086849240844422,-0.143543351066887,-0.111267654634444,-0.0708425776231257,-0.0990252171957529,-0.105976436050498,-0.0930394430362813,-0.108313350700632,-0.105212589994483,-0.122846559678023,-0.113505276445498,-0.0739188811916583,-0.0867008114336473,-0.094991521862365,-0.093923966424124,-0.0770049766508712,-0.126286255592207,-0.140314254390976,-0.0228939414898137,-0.199233519481937,-0.144384941463559,-0.0858779128634787,-0.137698990964101,-0.0614156096937119,-0.0947001398592043,-0.0935904247463965,-0.101063005497412,-0.11456040244301,-0.160154246431038,-0.177428535248461,-0.0974896090008056,-0.147176777110432,-0.12141844702733,-0.0992585593798089,-0.113333228963783,-0.0946669990181816,-0.141751366976061,-0.103112071228817,-0.0725508112285733,-0.111194641431499,-0.0854001457554673,-0.115336403881054,-0.132772692795904,-0.102020224440265,-0.0937087415792098,-0.101606634782911,-0.00976372196668716,-0.116091870945233,-0.130736056430344,-0.0648353277866471,-0.129074974381914,-0.143669019244143,-0.0740243173251816,-0.0755159969510303,-0.125553124585508,-0.0950371397046631,0.0120708863615273,-0.135673333612395,-0.109446331553708,-0.142480127055284,-0.0842155959564163,-0.0811690023377075
"PMS-314",-0.154206374267929,-0.180666795854382,-0.161552077704387,-0.187037553438086,-0.150540192390954,-0.159717212293281,-0.166092559013696,-0.127492082420605,-0.116929230755572,-0.175384575616292,-0.200278096014631,-0.211910236585859,-0.141359220814883,-0.11709731839833,-0.189456813522188,-0.199199696424018,-0.104118925408152,-0.185136921860715,-0.140882496643277,-0.124222968163832,-0.154493975847206,-0.140223939169462,-0.180891876106515,-0.132627268595158,-0.104032490769255,-0.138789966832039,-0.165669384621274,-0.11152466996365,-0.144169672330206,-0.134925071700661,-0.216486845851987,-0.158308427609038,-0.146488570747921,-0.139983522798312,-0.152055276220734,-0.123678327086952,-0.12551615079753,-0.120497623174,-0.172085527705541,-0.166266870430358,-0.140618169165364,-0.160308383189944,-0.160168940236585,-0.131673322256622,-0.137255272391654,-0.170868708002142,-0.207614727373787,-0.161269994947314,-0.136646070587271,-0.14049241133206,-0.176142322998945,-0.17461525696406,-0.154061451809826,-0.175058929345867,-0.11551214840019,-0.155565789874696,-0.144463054881761,-0.22484743426664,-0.166488123313901,-0.156927920288325,-0.156554760578622,-0.168616373365723,-0.172946683020559,-0.109591586410102,-0.153538041748587,-0.160476507922646,-0.162964820461688,-0.170344538875218,-0.116296321428184,-0.16681345361103,-0.146687727629691,-0.17382353699617,-0.11427912981776,-0.116669059103364,-0.146033580651305,-0.132653261024347,-0.117988140741106,-0.187647969256415,-0.171087445677851,-0.165363023030279,-0.14628226936641,-0.151313632393252,-0.102555482380186,-0.158399154773513,-0.140494328516469,-0.130377946656198,-0.14061931238385,-0.129693070629121,-0.204971649283993,-0.103326494362531,-0.166491545309367,-0.124746615354225,-0.179287615946318,-0.141821928646522,-0.147585142686878,-0.148362593663369,-0.166450785774087,-0.148233314019051,-0.136596314651663,-0.134677982651844
"PMS-347",0.372143706912552,0.368835714511701,0.367472824285347,0.336256634890193,0.34344708372166,0.353349504811131,0.373449365962977,0.329572027219408,0.368981290813236,0.390920270393065,0.389019349015024,0.363104213459793,0.336149562904768,0.324949346103475,0.356078354131244,0.358649097560184,0.355402244518201,0.276490956929602,0.361107354925181,0.305879106947044,0.365801669889283,0.330978814602481,0.367617035596849,0.367584909727041,0.362143609004271,0.296992588343067,0.320525319643178,0.361609414278344,0.399464845610738,0.362708918429571,0.356722842360121,0.337844731551642,0.37936740379268,0.372360683072299,0.291893065137325,0.26026315486328,0.342259929240641,0.34827957393503,0.360747985805374,0.359601006350666,0.383094006157197,0.358109489123915,0.35662702034568,0.366770355654508,0.358984293584077,0.402369686436691,0.326718064281922,0.389340678499545,0.367464412506288,0.352272132784381,0.406104105041277,0.354449704166899,0.410121241202331,0.387249363247324,0.327853652008932,0.361103762302593,0.357785521300545,0.40212077808207,0.39463335374216,0.328574704945526,0.419939682390195,0.315801493394622,0.376238331122979,0.395512227243268,0.370656665946294,0.337132793185186,0.357450620991143,0.37193299618201,0.290384208120106,0.376695645336768,0.337759572817321,0.365814872671645,0.326536827064894,0.362680511073004,0.349846853755577,0.355712157298908,0.361408608352903,0.348012335595972,0.362901672438519,0.295319655583869,0.360659523035821,0.375670344151073,0.366829861629227,0.311580710810364,0.366231734556619,0.329516598429182,0.378872220322934,0.335815252030326,0.34257847781124,0.359853230925925,0.329799203763678,0.366861537943909,0.328760833530283,0.320142586159348,0.365352009600909,0.383568692900308,0.390988927762676,0.390111982438873,0.403611364974753,0.359809774181052
"PMS-359",0.417937510409201,0.402094758588,0.350000456087329,0.44382584729084,0.338531843536539,0.398753849389907,0.401112437239391,0.374557957802178,0.395737235412055,0.341816670362804,0.326792548210946,0.404751041758859,0.393662591066383,0.408489633527708,0.33511812979726,0.385706501830078,0.401645111547877,0.412315509499614,0.418103952059208,0.465866425232109,0.421704092074306,0.430528265516619,0.377219038855997,0.406724772677743,0.394282303824804,0.396077092876238,0.325088363551609,0.395334511573083,0.402599526482475,0.432241165574312,0.406838827431702,0.346319478917168,0.429192436660504,0.410756213095608,0.399093459627713,0.371506505202042,0.310433106332972,0.432157632275756,0.421125028721188,0.343894662366185,0.38402427619373,0.324865587327488,0.285278647223576,0.425398264604222,0.383363936488991,0.374567655261987,0.405825722761171,0.398472739686861,0.407053173211407,0.394169707759862,0.422904267305679,0.466747298307648,0.338371405063331,0.424010155852781,0.405925740780075,0.346790432419424,0.317962123651169,0.418765103243834,0.405306361464184,0.39304794613889,0.444018289175402,0.396080456733073,0.416343728996781,0.402001409591257,0.39441202280135,0.402929957077724,0.382317102892663,0.372311815208016,0.415851826438124,0.404924081868873,0.464076084800749,0.408070581394919,0.405495795750831,0.440906780401361,0.418616071238522,0.421381902874198,0.34555119908354,0.388282716081971,0.423825551111463,0.35376756227859,0.420363402207559,0.35700740533389,0.412469412432645,0.413893001710038,0.414745198333101,0.393968379053426,0.394441213850425,0.439755748397731,0.360894880261265,0.399761066914955,0.367266301987331,0.354595649200997,0.41112326746888,0.334473283850215,0.411595361519318,0.4017323589179,0.337585669928926,0.414624817802657,0.43730200099902,0.341279713632193
"PMS-375",0.409367495412336,0.398810664506774,0.395416851228496,0.436580738338188,0.441415934876965,0.415986681601347,0.465918456445603,0.391072646540353,0.416648893163055,0.435014059946348,0.413322281611385,0.459234300123841,0.377941947849389,0.500666765536566,0.428175893387298,0.434709591154689,0.416963528107852,0.398637307569783,0.419243688568104,0.40929801465117,0.425520995105464,0.389449767702333,0.410164363377855,0.436299812378157,0.462196573099645,0.422252861367836,0.381507753259381,0.427709150086707,0.393972080780175,0.413585897234788,0.448729341118574,0.449603899758232,0.470662786498123,0.430786513436766,0.460747652466457,0.426129792533385,0.41775318072282,0.393424856980369,0.439011022564767,0.416217139635033,0.44908828779931,0.369865786222723,0.452862273842321,0.497867287487521,0.457316041671389,0.42179874063373,0.450750200174503,0.428459705386299,0.466700999741062,0.446131996552478,0.482553720186288,0.427395685731309,0.447051140202054,0.474232740407744,0.442371398444234,0.387708540272175,0.379118259311416,0.4068985546695,0.498203895931587,0.4319471590919,0.445414746631419,0.357278007223921,0.422046295344325,0.377985245684148,0.370860245102542,0.435186982099148,0.380415291447576,0.391640526429452,0.437025299404989,0.374945077864082,0.503801257678259,0.43141009959007,0.439533428692285,0.369615990288769,0.436155422538804,0.401277555647735,0.450375281650502,0.454203307382289,0.460560629979283,0.448339850572606,0.391868261795301,0.399023560923001,0.434019512219789,0.4596778471073,0.434244454973559,0.492554240974527,0.434149008941856,0.379081924456508,0.436092889548211,0.450921224177789,0.441725531732434,0.415298634967899,0.451559841381175,0.474862642647021,0.416888621447061,0.454308858215029,0.457494977851858,0.477786541795831,0.427306535488944,0.432753920045685
"PMS-381",0.379161467081557,0.397491127796169,0.381003082592473,0.42294319062615,0.360782543122996,0.400700608855697,0.386417055625616,0.379835865166147,0.393854131233072,0.346948135887023,0.374925774294949,0.399733647498258,0.430683915573957,0.471088226365521,0.37307331019542,0.391525855985028,0.387783017631462,0.420812234727268,0.420689045308881,0.387757907035876,0.413441196714016,0.350856425374767,0.38766611268289,0.377458127252953,0.318519962060215,0.397410743827722,0.368651626964391,0.374870227093321,0.389179146257954,0.399709017862556,0.37290195346936,0.395275920793853,0.423377566190373,0.406197690245877,0.40922116005486,0.394020703110591,0.389551345406293,0.376681731734778,0.361185278204835,0.395163147837992,0.374808164286745,0.369093908187212,0.376019461223763,0.504869899073449,0.386301881013751,0.392912282111649,0.365458449883168,0.343556131663736,0.405586187132095,0.381063071213797,0.382668086159693,0.360646350257923,0.399286497763301,0.387386800464434,0.37613509085484,0.384628932126038,0.379630335382832,0.414109992275447,0.372189472819381,0.412118760168887,0.383768627662493,0.368221474997668,0.383094724238227,0.377619462421631,0.392238110885272,0.395591902784841,0.384891636522749,0.382458941267875,0.406002122644311,0.359195291847019,0.487412990939641,0.419489403545912,0.425949390853039,0.45436683320826,0.385798082910958,0.37599958864657,0.347753956418982,0.440363577745503,0.445123045118364,0.433251937284059,0.389858658742337,0.383467397825095,0.407851298094574,0.45758890102892,0.420588336985554,0.405630525398272,0.4043249322109,0.413135465139754,0.407621037102581,0.403500022199852,0.400711392161711,0.39143879334497,0.318992396088829,0.443879456064501,0.376741112563023,0.399163696182328,0.387241586835604,0.445983303136096,0.407264902454492,0.43375216706721
"PMS-397",0.231832056418174,0.210739886917344,0.264542686014063,0.274491168570681,0.229335380959789,0.21529881665959,0.236549037179093,0.238605437778565,0.242478489054197,0.248712721596118,0.227482352809778,0.22956460616796,0.240410093023873,0.214716963929847,0.23338258521994,0.196419823506185,0.222955186874333,0.189138877131715,0.210630106282409,0.282389146818691,0.227707641963038,0.207162211936768,0.207313053860602,0.286000926750264,0.218656970722616,0.233269331425358,0.278810873579215,0.228977123180179,0.190067069902822,0.221692658628962,0.2205643188331,0.222485634935991,0.237896933971917,0.217899112353266,0.199746579338332,0.19324786814761,0.225621200819509,0.21222135178136,0.230204918847971,0.206399549179018,0.271702604858831,0.203725043793213,0.211453871546432,0.221343225607819,0.214642608475424,0.24262438355,0.195718451372964,0.202930585476457,0.175988230315924,0.226206996192364,0.200969686184757,0.184329409638949,0.256999568775277,0.210720768929122,0.275003441273977,0.251837216646358,0.244237637825176,0.212756962803547,0.247884762617023,0.229704449593577,0.227694115875275,0.236406612965495,0.226507652635386,0.224474458131877,0.232460664353561,0.237381695593251,0.241563386361644,0.233509637069264,0.2153817521063,0.261515017316149,0.219679405776485,0.208832506489678,0.216969524619884,0.224480997321617,0.175592615811896,0.254050991246693,0.253139709668704,0.208727944671176,0.216001168654683,0.208451594174909,0.176559095634591,0.244967767812682,0.205354736506725,0.209225056655055,0.287844691416236,0.215235826422036,0.213644436533783,0.157193302369384,0.220831308874777,0.227686784411939,0.198093439289348,0.205901820941443,0.224921115433114,0.244378180926445,0.247938359001256,0.294372000695437,0.218038037416375,0.223351103083976,0.201722202587454,0.256694353572451
"PMS-425",-0.125303738381616,-0.0803478548091142,-0.116108328057535,-0.0871729273984669,-0.0595862988962027,-0.132864314609459,-0.0945168126408799,-0.152816711743342,-0.0442324814668695,-0.154803270691513,-0.02593373221892,-0.120038534418035,-0.0919721829610574,-0.115337076290712,-0.170714914133369,-0.088683352720809,-0.0989113222884594,-0.0864120487408696,-0.0963852570219299,-0.110890339400118,-0.073123314349228,-0.0898231237892072,-0.0784772729280566,-0.0852441020228328,-0.0938306060236885,-0.112542327081821,-0.0873118052424414,-0.0771014729328291,-0.0873576772911293,-0.0499288575242206,-0.0981255801257246,-0.0913650166466218,-0.0854208772160141,-0.0880463741372609,-0.114166965831099,-0.0715286543254187,-0.0420744694502327,-0.0127251013159253,-0.0754017096296186,-0.0808261886924673,-0.142910403580323,-0.0793139279212133,-0.0977906440039773,-0.0743419105625784,-0.107391589267559,-0.035293634115297,-0.113971711117259,-0.0981760452366914,-0.0702297516991128,-0.0952529142397491,-0.11279208905974,-0.104344169231949,-0.0582187176383082,-0.0942125223010317,-0.118314007392351,-0.105866121052591,-0.0907889889102411,-0.094779714773067,-0.108814622932926,-0.0588240563976959,-0.104868435794613,-0.0974211622020059,-0.0732178415449578,-0.108783184959289,-0.107434801822098,-0.0750001030846792,-0.129075451943698,-0.141764990849779,-0.104674382414845,-0.0998008101046563,-0.123948505200802,-0.037483707355037,-0.0995911416258014,-0.0828035172201407,-0.0617715856487367,-0.0981340699830314,-0.096423147069873,-0.101860786803761,-0.0568795621199896,-0.148215484683808,-0.164546217781569,-0.0942511107248895,-0.080599549040369,-0.0780085556756743,-0.0792896784611578,-0.0723767111786034,-0.0926198559934284,-0.118488811752179,-0.0572290106926738,-0.0969812215550803,-0.0972767600884856,-0.0581730797619728,-0.109744331555507,-0.143859733993812,-0.106623021151614,-0.0863130158019686,-0.0755952109778014,-0.0883410079653856,-0.0385525673127229,-0.110861641768283
"PMS-436",-1.01764211490656,-0.96611514654071,-1.03285077373502,-1.02901997968651,-0.0763175642133997,-0.965262605455624,-0.960623178301937,-1.01415481320793,-1.00167447660516,-1.02257608254332,-0.996147927159978,-0.925626289067787,-1.20224486257683,-1.00057052556667,-0.921662366817812,-0.936206648635386,-0.989021828372648,-1.00980760610932,-0.969509679424828,-0.990774306788046,-0.974811774963638,-0.0318479999908365,-1.00827453761808,-1.08586258831684,-1.02678039458107,-1.0225629331066,-0.030309032217971,-1.02663689841077,-0.103081577150875,-0.965889833095059,-0.026660849047647,-1.02523656785471,-0.979028565054168,-1.123730185004,-0.961481974013231,-0.869380946437839,-0.0287677402003131,-0.9446564228192,-1.00364080267117,-0.974375373584421,-1.08660132176904,-1.00560884616124,-0.0280657818723622,-1.01411481921342,-1.22835475501312,-1.0350653942526,-0.967899030230443,-1.21122539405533,-1.03280036463087,-0.984151457458266,-1.0344123252413,-0.958997430991832,-0.0204202433470594,-0.991592283114548,-1.0232566424155,-1.01908653425095,-0.969316127535428,-0.950042346085046,-0.986023516574999,-0.987572243881814,-0.997543339616352,-0.0416046445692777,-0.987049357995159,-0.0396340815301505,-0.0120037921513237,-0.941301358700168,-1.01208282483074,-0.985110549737308,-1.00939383715631,-0.953933202712101,-1.02339532379265,-0.943436939900257,-0.0133225680108983,-1.12748986793582,-0.922929837613938,-1.15075279920505,-1.13990422181858,-1.04846943500053,-0.957351009902316,-0.940056409113545,-0.978761420563661,-1.16422438391784,-1.05234693455317,-1.14300682369412,-0.0233908154827441,-0.0477754289370748,-0.0476609021899628,-0.954994504349272,-0.971623031631329,-1.03715510947899,-0.993961137050086,-0.965787269871492,-1.03588841902415,-0.943931691402309,-0.00473472718780818,-0.982154797761898,-1.07096704629725,-1.00062321581303,-1.1433960803449,-1.03727144834357
"PMS-438",-0.897736025171366,-0.925087011547893,-0.858616804577138,-0.866323011890274,-0.0756798106041374,-0.897225275532935,-1.06184970454378,-0.893724021332339,-1.08705415774631,-0.947877194200081,-0.923874905321148,-1.00610040397129,-1.0543273582473,-0.89508392308333,-0.910647229768055,-1.17571594796122,-0.953227044860868,-1.04671759169163,-0.882875715972424,-0.903409452550764,-0.892672452782202,-0.0229090763779909,-0.941693073759625,-0.942777526478121,-1.07083650694371,-1.05908875999945,-0.0148783868044205,-0.934433997387659,-0.084464530145979,-1.07674288140133,-0.0138430966452191,-0.885507910809763,-0.901156592756184,-0.894512905127629,-0.96003112571011,-0.936047900451511,-0.0129384918259679,-0.916253541490323,-1.09350797441658,-0.951109111240505,-0.946450147172464,-0.857495184315976,-0.0172115930125825,-0.909248332234392,-0.883816662462508,-0.863642271671871,-0.917439627323185,-0.909982638719528,-0.859168665280583,-0.882996579024879,-0.996488357823332,-0.955883676639653,-0.0133839023539751,-1.09002056540383,-0.912695300673086,-0.910978494089646,-0.890198907610488,-0.842105745384377,-0.937249316102637,-0.87691400650924,-0.914328684543026,-0.038131259712727,-0.944086414416378,-0.0311104764114541,0.00671323886936511,-0.92685076650596,-0.870667896696028,-0.953704783978073,-1.01367030934512,-0.953648316264865,-0.879492624441601,-0.854247402432756,0.00210774731567904,-0.939748573244725,-0.917792503653765,-0.934946030615943,-0.883826258989951,-0.901458369782193,-0.836576872785416,-0.942913683875954,-0.902879188550049,-0.93599271441284,-0.768485916880317,-0.823817869894512,-0.0190711136372779,-0.033742065559843,-0.0339289160194458,-0.974054124178851,-0.853131372612158,-1.14341961797125,-0.902704400629365,-0.921222200323874,-1.04223172891143,-0.890991700726186,0.00437033210971908,-0.913622716688926,-0.925559376828024,-0.908462039413597,-0.985624424646933,-0.896953041400761
"UI10-00012-Cabaret",0.338954203736345,0.310575015764473,0.314319097421675,0.32542557777472,0.338581526652728,0.295428746206362,0.299817690289375,0.369226435956604,0.362191964448637,0.348121288921936,0.315156368148689,0.336888893957064,0.327748442762471,0.352578422796386,0.271108279814198,0.368962346488382,0.357102861969188,0.340950199524227,0.330925780053366,0.327896447326805,0.373612210397645,0.269896315304501,0.377675086205279,0.348405925404112,0.0133541766810012,0.341315049926523,0.328276599798491,0.338610338634183,0.332347502524249,0.304426997091808,0.00326298861870187,0.334277556876525,0.373155413025557,0.340389508848245,0.324969380514209,0.287576198533312,0.352915164986503,0.36729936347429,0.353056779880819,0.35689807723152,0.324901311629007,0.412615683628378,0.335959148210487,0.0348440830916247,0.324315648078501,0.34638358072936,0.351466814113408,-0.0211772578541727,-0.0131082238171674,0.319926064702961,0.357146119792916,-0.0170573617502471,0.275500599656558,0.34726683015143,0.31860406229774,0.38080851101951,0.282169568001797,0.295114565432173,0.345687575258621,0.323308257625134,0.312327367643858,0.339308992467006,0.339226585995819,0.330524886759864,0.334237725310791,0.333640474532631,0.331158757815843,0.298302639006179,0.401654451525541,0.337667958184103,0.372487366356357,0.415693094001522,0.402504138061959,0.321088416055529,0.288345618377491,0.304664417812279,0.312205053190677,0.328247808254184,0.287226032692027,0.318362630598423,0.335483675118783,0.35483760657241,0.320147474567097,0.320799269106212,0.372471697761153,0.346955544176011,-0.00575234590854138,0.310243445128741,0.257180211389631,0.347575875534802,0.349695869607938,0.338939879538193,0.328286068514834,0.33564773628532,0.356999432477875,0.339455086257496,0.373174381893888,0.357318942345318,0.356175960666309,0.316332910718594
"UI10-00015-Cosmopolitan",0.149275954921774,0.154616661673633,0.179966783740874,0.195593936557387,0.157268662964641,0.143724897648091,0.130734401939953,0.0670957128835754,0.0922599753550804,0.0421323308990736,0.0526546393770146,0.171693394766034,0.202880636390294,0.0804451381286269,0.154812595346614,0.140438024844741,0.1980640828248,0.151479188078646,0.0137328480776079,0.160146412293499,0.220650820017877,0.082854174400692,0.14997587690631,0.11876019061966,0.122506108409012,0.164109247447654,0.151738589806959,0.149061435951781,-0.00311634529738886,0.131167358280425,0.153966020666745,0.183236928855006,0.146917162249523,0.172034940455819,0.138953588521106,0.157136307578431,0.163191826519269,0.218770570990257,0.159728095177925,0.158783341598189,0.169615424412043,0.132438152410093,0.131049053619411,0.122188239019963,0.147411090223703,0.198883597588139,0.0926949251050586,0.234124847366757,0.0841930254858981,0.16066146405855,0.140812431312919,0.141809340673887,0.150375057974041,0.109398719587961,0.17219891305934,0.132938028344803,0.149811475453143,0.163102293864454,0.140477752578016,0.0497009583628347,0.092335207345141,0.103262452518482,0.0991921583897201,0.200098446936753,0.123693337443316,0.145642962711686,0.0742782416022157,0.10963569397295,0.161762292489852,0.143535677922066,0.157767003262623,0.151370856434836,0.155748882912141,0.110887603478243,0.0336230511540672,0.126122921194237,0.162393038182128,0.102417154919378,0.140348153205089,0.215715992203016,0.120717437505629,0.135149924564156,0.158834856343363,0.169786084504036,0.150046697240954,0.225997938961817,0.0814557129938067,0.181503877949483,0.205488065793518,0.14206194571772,0.102431661339091,0.165835611986744,0.167418783118326,0.0676050269288178,0.160506827861241,0.0657293706187569,0.113301534588079,0.204365516837577,0.133325599340208,0.217876969423607
"UI10-00017-condensatus",-0.229230703033633,-0.272847880992551,-0.22075033216161,-0.247911033919141,-0.197270259365191,-0.232771955322093,-0.321258367777217,-0.172604950045001,-0.244157678040173,-0.270854287556283,-0.246649459757279,-0.250835305914474,-0.220090923144801,-0.233955436409019,-0.171037333339069,-0.171293260120306,-0.242430521157269,-0.233439897072179,-0.252727427917234,-0.267287674053455,-0.20649672683006,-0.201873151147326,-0.0472275829421586,-0.216424926809796,-0.256931488482512,-0.279166852282998,-0.197014983390797,-0.202006623364226,-0.196571735487397,-0.0835715293966216,-0.214058523308456,-0.0661669755127981,-0.245167252392411,-0.301079241617677,-0.203321278131874,-0.200602445424736,-0.201276054479274,-0.211463689941251,-0.0806743017797104,-0.209712342505744,-0.303443679610048,-0.219844943112039,-0.221795561287791,-0.293458215341092,-0.256210739238289,-0.26380569081913,-0.296872225959451,-0.192211133621702,-0.189643054283032,-0.219453653548846,-0.0643847301134484,-0.22470215336491,-0.213174245135572,-0.209581267725594,-0.222035023747377,-0.236828520624502,-0.194767779268829,-0.24123589953382,-0.221426855040055,-0.236330552485167,-0.247407833679883,-0.194772375550772,-0.210063117526549,-0.248330699883092,-0.0605440788877052,-0.251879340560109,-0.221830239247763,-0.275425390029501,-0.239442403752073,-0.195115380048532,-0.283822704041159,-0.297495004738718,-0.2347498012633,-0.216233002652987,-0.222392547262417,-0.239056515997349,-0.227143147754434,-0.223945612995734,-0.050150142316844,-0.246850076698895,-0.268607144180065,-0.255483093333525,-0.0856348116548463,-0.218080718778324,-0.229689855802686,-0.197218501154366,-0.334288916363364,-0.209881173991309,-0.261585353163154,-0.25462085071722,-0.241385898235887,-0.244130785164324,-0.28476145890141,-0.199100103498323,-0.224330825653903,-0.195785618195223,-0.231010472269277,-0.244330996408059,-0.185910762308111,-0.25846699674553
"UI10-00020-Adagio",-0.103216007230389,-0.172727946669581,-0.145737743539246,0.0244782640070662,-0.121186865723158,-0.13712060369815,-0.11434334701294,-0.163916534082264,0.025492980593434,0.0317570842960261,-0.113775264065133,-0.154529449427178,-0.28127484576037,-0.124263771142495,-0.167123627870693,-0.149853887559643,-0.155783727786991,-0.129225671864556,-0.34838030877601,-0.154387367960281,-0.133859943682397,-0.273374979161528,-0.137364937549661,-0.195443509698462,-0.178319808682342,-0.144820177455081,-0.132568848472131,-0.143138508155679,-0.146252886952218,-0.297361462198705,-0.147248665378258,-0.112998862692996,-0.161346271706739,-0.158699579184953,-0.170028159497965,-0.316417314133881,-0.12866503733213,-0.311926504171283,-0.000603594574219334,-0.137644159700013,-0.151277435266689,-0.113266600647531,-0.14310137744468,-0.149398116800254,-0.139391301809233,-0.150923171942304,-0.153272350626142,-0.134852034733958,-0.153139506742396,-0.103946859185282,-0.211226105696207,-0.0741928722238398,-0.153183375506403,-0.161020439633788,-0.245918273303375,-0.156838201388545,-0.138982097512832,-0.19213714847801,-0.139343091076263,-0.167426002874916,-0.150601963288572,-0.154750693113103,-0.128698968758284,-0.0065167544254986,-0.246060334992767,-0.100773496423421,-0.00139982408961036,-0.142265167942395,-0.167331648927428,-0.179081571590758,-0.146001810880401,-0.135829895508409,-0.17341527506263,-0.0885267996001911,-0.155451689427755,-0.128020326954699,-0.300630745240545,-0.216546708732143,-0.282910375751263,-0.160287867811447,-0.134710103247904,-0.0774356809662446,-0.174411453991767,-0.282883866477871,-0.298906297464646,-0.282650250458479,0.0260380704352517,-0.156026501497796,-0.146552142863731,-0.149094372294415,-0.149610389569139,-0.137959613685587,-0.131963361375068,-0.169241533063005,-0.168904969347657,-0.295923593849194,-0.21050349353509,-0.155230554519245,-0.164634995827123,-0.150439320147178
"UI10-00021-Allegro",-0.0351269769433371,-0.0536590213171338,-0.0491889754970607,-0.0189423321569831,-0.0332398200495233,-0.057722589361991,-0.00130003838805942,-0.042775805305254,-0.0725817315277394,-0.0496035842550649,-0.0238691245589563,0.0242094387366825,-0.0399462549289173,-0.0329122997042415,-0.0421222055227671,-0.039160477885958,-0.0295230402775221,-0.0503447493806637,0.0174677624912259,-0.0592246125586853,0.0340433889270601,-0.0605635061567489,-0.058710128854693,-0.0285661984460318,-0.0478542877946378,-0.0196182606526162,-0.0455524319912602,0.0207211208411605,-0.0366150527986585,-0.0472904554340952,-0.0592771018114602,-0.0312512764137372,0.0396094022697186,-0.0661530437609405,-0.0342008213843379,-0.0534519694804615,-0.0331928520413023,-0.0696825700269183,-0.0403526053262224,-0.0309928356571076,-0.0655163022636451,-0.0543380939965313,-0.0254052865115389,0.0123831653777343,-0.0397306372417303,-0.0447757423957943,-0.0284628486683177,-0.0436743193568225,-0.0382039706867029,-0.0266138812078856,-0.0366112286080389,-0.0323483625460207,-0.0565091625329765,-0.059340479501947,-0.0436994520843298,-0.0358294036416533,0.0116213619069626,-0.0264709602442715,-0.0218185882772816,-0.0511689354864853,-0.0290533892804202,-0.0375719572954167,-0.0602740158116233,-0.0477833925527427,-0.0172868327781772,-0.0543831063755151,-0.0360853062555833,-0.0198692188272233,-0.0467746396804454,-0.0460376416891621,-0.0393358440136596,-0.0355690575709143,-0.032852798090267,0.0180316816321368,-0.0191367675925444,-0.0626756637818029,-0.0230330928198903,-0.0381072430739634,-0.0335699879931446,-0.0639643898937204,-0.0374288316574049,-0.0201188590359585,-0.0471751013915476,-0.0442122672988397,-0.0234545140889706,-0.0741174153738114,-0.0428329866360109,-0.048666671501969,0.0283424825225532,-0.0325709803276028,-0.0306870117532957,-0.0440789438676793,-0.0323306234521541,-0.0196739511144847,-0.0337816126040832,-0.0453999983051035,-0.0783395067203825,-0.0223701028446838,-0.0616546368324357,-0.0307875193802929
"UI10-00022-Altweibersommer",-0.025582611825204,-0.018371440656827,-0.0312980131777372,-0.0381330732021793,-0.0753313611529134,-0.0208038908303564,-0.00650203057228679,-0.0144757121548653,-0.0148892434718999,-0.0466371093146035,-0.0130026004672357,-0.0349008660250551,0.00749074655988488,-0.00427593249056941,-0.00433290977998125,-0.0524435914482698,0.0293550390064559,-0.0151150208543134,-0.0182638070958321,-0.0317258792037324,-0.0222022760010091,-0.0274474959874886,-0.068269192584483,-0.00414833438398218,-0.000887289957443631,-0.0326151787882842,-0.0207614173891686,-0.0264889791854302,-0.0266881924199569,-0.033877937345955,-0.0313461205760801,-0.0245915321839795,-0.0134556574028099,-0.0232003274873898,-0.049602623506673,0.0310924812283637,-0.0204296180990063,-0.0231476259006572,-0.00288289101635111,-0.0379243660320953,-0.000655886935908791,-0.0250296369511716,-0.0201881055704481,0.0182056659708,-0.0294060169803638,-0.00160296692610148,-0.0237653278520702,-0.0410423856215851,-0.025772533395537,-0.00217185420099313,-0.0243460568859895,-0.0354947617287161,0.0074169696092748,-0.0186232372949149,0.00402256950563089,-0.0102620114254546,-0.01096700855453,-0.0153103840049134,-0.00132576226542477,-0.0221472326093244,-0.0206882390140948,-0.00920749724950517,-0.0139077359342409,-0.0367662041989465,-0.0173413803347594,-0.0299258311942866,-0.0111666755323576,-0.0090386760369486,-0.0022039789680346,-0.0293089309911827,-0.0468829327370033,-0.0256318988906141,-0.0690503669127705,-0.0486452919583246,-0.0267356464551697,-0.0171712321717426,-0.020212347561434,-0.0243624298073703,0.0290435173567633,-0.0439840967596357,-0.0433351024001997,-0.0104452218218901,-0.000742016268963053,-0.0430525738935031,-0.0481160191142368,-0.0542583700830214,-0.0315321672295804,-0.0159095812709473,-0.0351847384627686,-0.0152632173938505,-0.043775396076394,-0.0117796212996153,-0.00352163761232764,-0.0216455763195577,-0.0216993233793262,0.00328856787982778,-0.0181405813407767,-0.0280108650533237,-0.0263358537392287,-0.00794056878527323
"UI10-00023-Andante",0.0817712385927788,0.08220106262886,0.0750066906323611,0.0576543028977258,0.0843301868981636,0.108185701640107,0.0346926780107503,0.152908570538688,0.106587196952356,0.0867238378611514,0.124463754694128,0.127291524364126,0.011108618346317,0.111865439865774,0.182392427805135,0.140886136021726,0.119576500780306,0.094234230279664,0.0773696426380494,0.105830289799488,0.116685244484679,0.0780385376637577,0.123904630218033,0.102862667705212,0.0835208864084239,0.0775052652627748,0.0748716316453093,0.103329442641958,0.0480807737482545,0.110250355441694,0.0714389591716789,0.159398053626029,0.0915470709730824,0.164339500871326,0.06054987896043,0.0870566387704464,0.117045190844608,0.124676509666789,0.117166225770751,0.153294343898069,0.133454568561588,0.102371385817419,0.143186276237278,0.113389325197942,0.0773547099335141,0.149082539145311,0.140311960637347,0.0751286730166908,0.115594094859177,0.107304033481494,0.081363212855629,0.0314726555598706,0.0948305731782681,0.0972085312509975,0.0818389623199359,0.0884471592518522,0.086342383884272,0.0650710640058456,0.0915431011207531,0.0806035955683515,0.0810541911197203,0.143269716397837,0.0631692674646128,0.0839532026282879,0.114885911888093,0.147058565576536,0.146842648969827,0.1247108830246,0.110862684718074,0.124232073985695,0.091602631274819,0.0806185809170854,0.0242336746011613,0.0886483559242619,0.115082496682299,0.0713088925872375,0.0687102310462751,0.10730565772882,0.151347638878681,0.0616045422331812,0.138862523824302,0.0896935986880613,0.140240476079939,0.145310093003894,0.113222901541695,0.126294236314033,0.115971546923426,0.0798006818327201,0.0698507555031386,0.0899899089197956,0.134106109308853,0.109786690613918,0.0745610110678597,0.0993790174536621,0.138647128654501,0.13549770316108,0.107456530282643,0.107030863966888,0.129142140925431,0.145499167515742
"UI10-00024-Arabesque",-0.304210965326731,-0.282397754514225,-0.284305344614429,-0.304942187676914,-0.318195005993686,-0.319474121894725,-0.311338458191813,-0.265435601583983,-0.257827237614903,-0.288091232424049,-0.287309375469425,-0.292368603798942,-0.287031444231311,-0.290149395424177,-0.312693487327752,-0.333485125610305,-0.286224928718313,-0.299941309456361,-0.273378274888903,-0.295903503549989,-0.315627622673959,-0.309396446563637,-0.288542853125178,-0.301054018453584,-0.27897997410859,-0.307893236189992,-0.295267175928512,-0.268520408889096,-0.332054544217533,-0.264938463837627,-0.325079692169242,-0.284078795929051,-0.299293958515258,-0.244537336576288,-0.309059106318196,-0.250898153400906,-0.235918577459303,-0.294740782898659,-0.311125634057395,-0.31713590952075,-0.375446479362781,-0.288788156793996,-0.298641390646561,-0.275127454772931,-0.344800691148751,-0.299871482458168,-0.293125920770855,-0.297765004129324,-0.254153043424539,-0.334902823750665,-0.304805154090574,-0.252910652592739,-0.255024902229107,-0.277366502425403,-0.255152935475515,-0.252411005408079,-0.249946102977145,-0.242371265020475,-0.322201660135306,-0.299436279951739,-0.314405460859017,-0.31752763650839,-0.276666675734176,-0.288955170954674,-0.279638876974045,-0.295855563258457,-0.274838998849421,-0.265396519790144,-0.278398811627806,-0.314003640265634,-0.30404021598254,-0.301784259189884,-0.256634470169139,-0.287601979056361,-0.288508734714662,-0.322799899123847,-0.281988195175632,-0.297498099443085,-0.309612821314434,-0.309546835459862,-0.302518117649685,-0.267644726586227,-0.273430658459695,-0.325558245918226,-0.275200487498642,-0.279409810980203,-0.290385739165992,-0.322192178250602,-0.27707285600852,-0.260581123374648,-0.26017058058862,-0.223302473960357,-0.288289137776229,-0.28136353042166,-0.315213935892205,-0.29128836442495,-0.340529496482224,-0.292302425366691,-0.295348090440518,-0.287150501573709
"UI10-00025-Autumn-Light",-0.0117109805600024,-0.0282088212601312,-0.00561707513131237,-0.0131509442978599,-0.0111591658562888,-0.0273152259954306,-0.0296549693754098,-0.186543379579551,-0.0220588813887972,-0.0234254993212649,0.0107269721249496,-0.0275771969399344,0.0141138826986555,-0.0407957723579952,-0.0415499633725124,0.0251949063259742,-0.0040383277506314,-0.0352795364852274,0.0553839611227852,-0.00414920272609312,-0.0478400782425402,-0.224510070951058,-0.00743850847096894,-0.0106004823785894,-0.0390190943370923,-0.0355067754804249,-0.0479818932043965,-0.154213542240956,-0.0211673057734177,-0.048450378956691,-0.0858361786005928,-0.0155923114168243,-0.0299899216463401,-0.0363749904427759,-0.217383440191783,0.0281554404672674,-0.0130261639914348,-0.0011074897255923,-0.0061782369874201,-0.0222900815988533,-0.00763457986461547,-0.0344954936424971,0.022879050092027,-0.0244635004777975,0.0337355802134514,0.0380925022067915,0.0120619929252544,-0.0054625659336487,0.0143547684234823,0.0181816294336467,0.0364928560445904,-0.141735443041427,-0.0200880475779477,0.020662612873255,0.00134185539107622,0.0208794189272165,-0.159343751618224,-0.0193765354068315,-0.0106187965297814,-0.152683200805977,-0.0376508478660959,-0.0225873460103904,0.0025038137837244,-0.0292456963015716,0.00780392073168999,0.0293769369843652,-0.0331126975104234,0.0121798235214573,-0.0324278737665779,-0.0148103152474773,0.0159946544916304,-0.0377430936391653,0.00950822534322063,-0.00584586302591621,-0.0623593383959058,0.0370977114196883,-0.00588015623810354,-0.0435715372576415,-0.0253198672508849,-0.0464354054065204,-0.0297225260616335,0.10880027823088,-0.0417274635787526,-0.0316143999645278,-0.166491768064238,0.0178089262043283,-0.050703673788399,0.0390153945444801,-0.059216809513289,0.00992468924642052,-0.0178664752653997,0.00522223092902279,-0.0124118786425898,-0.0136169380004012,-0.0833590212419704,-0.0450362824982277,0.0365257575959758,-0.0571834765140488,-0.0306413992514392,-0.0138949851532083
"UI10-00026-Ben-Graz",0.126211545299652,0.110215918612087,0.133249291119592,0.113018832994671,0.14038071439663,-0.120906154493194,-0.015241994533231,-0.118361749596803,0.0250441373413056,0.128148784244743,0.0996252960091966,0.0274393403283294,0.111279475833478,0.038478805389933,0.0101600240551796,0.246526669678918,0.110704839115236,-0.0130592891616459,0.106782195827163,0.123665156997068,0.240770602666873,0.117573513795275,0.0741567831017343,0.131577555838397,0.141866262759215,0.0246510489602452,0.0097100770994851,0.142380293847421,0.128074909418239,0.1203376849883,0.0860205355258061,0.186392095119105,0.0564463469457987,0.215463260693012,0.0510040873609353,0.20135539007151,-0.00318013758796391,0.0826672528898778,0.0848172080233228,0.150694054784576,0.252135722309944,0.301927294375993,0.254219802929884,0.0602460964737005,0.0939296421340595,0.141255374304181,0.0845205326859554,0.111801106215027,0.103107772237139,0.199433007707887,0.193170073162691,0.12470092439473,0.144143150309322,0.0801169548595664,0.104702104096945,0.116313593513084,0.093368623760672,0.0569674522525767,0.118636709757143,0.116931451831487,0.0354261131974113,0.126999812282193,0.125650662212528,0.0658272646274571,0.111091661871119,0.0491653060135505,0.125009964256509,0.0582027690248381,0.012989678889593,0.132812225531679,0.097793129502292,0.0496082618040904,0.108341993296557,0.0831889116544829,0.150327547361076,0.280614420530681,0.0852714723960171,0.0912337359322396,0.0484024470088546,0.0622653934827923,0.0409908412715088,0.122640194782755,0.147093107045514,0.115666717960847,0.113267503507874,0.0959384719467715,0.0796691744915182,0.121283741277774,0.0594400321571468,0.177247856096533,0.0803837123483464,0.269729532627624,0.0433545153302761,0.113236461157531,0.114488753751368,0.116527664792895,0.0166223905271682,0.115626858460791,0.100753004113359,0.131889748104764
"UI10-00027-Ben-Rotkopf",-0.373159787496607,-0.311676144470816,-0.29658501881822,-0.466110735446161,-0.289927296804986,-0.366581676900022,-0.299528429284944,-0.469196701779574,-0.282074231680111,0.0257747723687412,-0.296315826652807,-0.237155690778501,-0.28667533587813,-0.331847818466537,-0.320197426857779,-0.341941644142696,-0.314422184852818,-0.279946925559608,-0.278250411820794,-0.357205777977603,-0.314634050245595,-0.349098766228678,-0.323290550824976,-0.254673138370627,-0.342399631801276,-0.277095772529911,-0.326083709252097,0.189089260587259,-0.317403996137722,-0.294564651277731,-0.319601756163534,-0.329523963156585,-0.470245675798022,-0.319582352787017,-0.316057910878764,0.310849866471542,-0.301798356398908,-0.361607169788553,-0.3029335891173,-0.307769680848716,-0.274912516711745,-0.35806749148112,-0.320031073018632,-0.328653089214125,-0.321311865482342,-0.343086833435087,-0.296204105626232,-0.310553463658432,-0.449152382474959,0.248990826380835,-0.275117309648333,-0.313376697998017,-0.394417297083902,-0.454029329360498,-0.291642320396925,-0.283670413450525,-0.491652326049287,0.148402207482725,-0.296471781139421,-0.29906343649925,-0.319839917224298,-0.304244446814453,-0.140100896238214,-0.330812926601905,-0.287433647846131,-0.345576109108637,-0.159287870502249,-0.323571260526929,-0.244479871344224,-0.380723553785973,-0.311278453956797,-0.302391967991851,-0.286745702103216,0.21703918293918,-0.360612055607108,-0.313778478916708,0.158890294388671,-0.28747966768817,-0.338308509111131,0.175324485392737,-0.310753814463338,-0.312327416693038,0.133946363927669,-0.314354495741752,-0.347610717636248,-0.303153464881541,-0.340591368463671,-0.293017984541636,-0.303853451455926,-0.270004639917156,-0.274278743902339,-0.315485125812927,-0.352009156108218,-0.334135810319359,-0.324565533955961,-0.334036047552471,-0.285915120922272,-0.349267896187472,-0.457074867026665,-0.43474791074641
"UI10-00028-Berlin",0.252829349607323,0.263259488088212,0.24133545532924,0.22222380357576,0.228439382092741,0.235946961136909,0.232676252734188,0.224723555924415,0.238063260736731,0.240948022298346,0.208925241882808,0.250093308768671,0.255601770227838,0.202413081881687,0.270320594762006,0.284676889103501,0.224726044511341,0.0024365259151208,0.241480896946813,0.225915274346437,0.247698985146422,0.237156419136406,0.243741215097952,0.227073893396099,0.215207409745835,0.219537462223634,0.189379549997168,0.278411010120054,0.212637845205619,0.26626821355614,0.246441033841858,0.237687514135822,0.25081212227221,0.213909103928527,0.202013122364921,0.0395440227465723,0.200682033301209,0.271274114672836,0.231912599161626,0.23028053499842,0.247024773788592,0.210647782355209,0.213568615541525,0.198761529446486,0.266950358283463,0.300253218445266,-0.0231399850286589,0.269978789996318,0.222433961510485,0.242181632860189,0.247026641836376,0.00897747757450881,-0.00335283903875332,0.24461417162541,0.262939412734733,0.212009835688005,0.231363620248429,0.0190283589915431,0.277852566720166,0.251935650926917,0.229610913171141,0.159488874411005,0.237920379783479,0.256284997554422,0.211500201728112,0.237542507989231,0.19239812434022,-0.00486085778446277,0.278331482561883,-0.0278399438657307,0.227850067820103,0.290291644052206,0.23498787529842,0.211605027844131,0.266897071583358,0.279314194628013,0.23449177915471,0.205044727360686,0.229487432722653,0.245059856749061,0.281432200562601,0.202317473399496,0.266855560393819,0.217644650444578,0.229838737383431,0.268970374151639,0.21657520752849,0.198177839317198,0.225986468528192,0.254984254409882,0.207423293147235,0.221178833230435,0.250846859093999,0.228805930990184,0.190394233453523,0.0499365647102421,0.18120954203214,0.258433961917297,-0.00631613615156792,0.239908474981582
"UI10-00029-Bitsy-Ben",-0.266670253655431,-0.256242038707604,-0.136526270147542,-0.227780349457017,-0.210573063895841,-0.27116547468103,-0.206095432674356,-0.212213438179621,-0.255844858025688,-0.239761225905009,-0.262153175099054,-0.200327563580353,-0.216148469697449,-0.190930720177586,-0.223264245772736,-0.226994776917193,-0.106656938751912,-0.224166918616826,-0.262238151026037,-0.119098691606128,-0.261451350223487,-0.21161267826508,-0.209623664320962,-0.263819054242636,-0.254782480941253,-0.214509764923249,-0.270407767787801,-0.226639297487067,-0.254853305738079,-0.224179392315238,-0.245928457677933,-0.217246634142756,-0.208795083744469,-0.119589600407297,-0.216681145098083,-0.250757768173958,-0.234881238476595,-0.232404312813803,-0.22146694533705,-0.212718276967149,-0.219246305140515,-0.217589139323186,-0.254752473568509,-0.238897524271885,-0.223135873561494,-0.268896526535647,-0.0474028597995497,-0.220260259194174,-0.251965317488967,-0.194795778746794,-0.233739636270928,-0.228546970249414,-0.240167686169387,-0.236416042609726,-0.220289073106672,-0.186460593090258,-0.215153875577436,-0.26922749411305,-0.252039673354997,-0.218499969632443,-0.249891632795354,-0.21727362994616,-0.199378721074705,-0.14028534563676,-0.233041833772444,-0.235348416640318,-0.252239711420971,-0.217323996148012,-0.233862351460386,-0.230755594481217,-0.248731782281553,-0.229810326244514,-0.223361313050408,-0.215674336126758,-0.235837107586504,-0.261140463242773,-0.235904844830964,-0.251349617029181,-0.195749639113786,-0.108345024201393,-0.253546088868509,-0.226785982281185,-0.257667617640507,-0.233209661853151,-0.151520119722549,-0.207280379312238,-0.22007922636844,-0.226253881360145,-0.235685548643946,-0.218677678314847,-0.26774269950952,-0.228039015345016,-0.261168551968492,-0.134702699072644,-0.260776019091007,-0.238000213238158,-0.23103816254209,-0.188412843653653,-0.149768962369253,-0.235829444695817
"UI10-00030-Blondo",0.012549211623601,0.055469842806782,-0.0223582836058038,0.0586196173951753,0.0228040420992612,-0.0137486963228388,0.0459362024103346,0.0331611279672556,0.00557427408594711,0.0437166475790165,0.0358879207055681,0.0713641101813397,0.0332775582604802,0.0613276876227828,0.0427330706582154,-0.0120486911027623,0.0270843475609884,0.0445803437547915,0.0547806449464601,0.0262264601280027,0.0234877832243349,0.0586629841666355,0.0325663930572189,0.026102500977885,0.0333773300549645,0.00993468254983816,0.0706792343404654,0.0107362235459634,0.0381245811414894,0.0404360660378597,-0.0485465561554847,0.0485735228708762,0.04791115969316,0.0398031268157903,-0.0618663915456448,0.00622234893713901,-0.0339815549337025,0.0642293425356194,0.0599390970939277,0.0263473624065497,0.0285519935183691,-0.0340663658991318,-0.00354624570986915,0.0496460869507812,0.0235862435440643,0.0512301300282293,0.0502628668911354,0.0342728653381956,0.030132541248279,0.0109690812990282,0.0185593953703016,-0.0243980264447483,0.0251851912574124,0.0207393850494998,0.0243680134007496,0.0438171589730656,0.0551883377290744,0.052867806616861,0.0147334216495057,0.031408464292505,0.0289240013995159,0.0411959871734604,0.0597015862145974,0.0784823350601458,0.0554697861061554,0.0136060667440931,0.052694954706636,0.00275133289771041,0.00370501612714015,0.0543401006850778,0.0527608594937939,0.0463358905652551,0.0482186469910253,0.0326447700306496,0.00524899851271496,0.0372487186613361,0.037743687700366,0.0413564827466421,-0.00278243337029672,0.0490132399035422,0.0252521571841113,-0.00410277593805179,0.052236360434854,0.0293285761422143,0.0433000688035484,0.0444541644501816,0.0223251281642819,0.0586800181969492,0.0196862512194788,0.0117896428048353,0.01780612918222,0.00373914626180564,0.0395969706528727,0.0747944955882937,0.0206066469542064,-0.0258135457095401,0.0297602268682906,0.00353666579588758,0.045404328064774,0.0372668671295767
"UI10-00031-Bluetenwunder",-0.0327986531247492,-0.0216178672727629,-0.0205296052051327,-0.0277456015036242,-0.0198799481928584,0.0484424339970295,0.00547106779216709,0.0349405579198472,0.00210628578066483,0.076247667731008,-0.0131084813252327,-0.0911048007626084,-0.010106442566685,-0.0160012663350535,-0.0088417290041444,-0.0110521886668854,-0.0441276501651166,-0.1466370674263,-0.00803640521647576,0.0375611277141284,0.0263992964045378,-0.0227708387341189,0.0339018966620886,-0.0314386945501426,-0.0955276346740187,-0.0107894558063758,-0.0260726316203774,-0.028451686439276,-0.023387277567511,0.00230997376341559,-0.0353159268448112,-0.00625927054429799,-0.0161348528725927,0.00640409046330632,-0.0421306415187671,0.0059555749719641,0.0271717217765773,0.0596261402418675,0.0245544742512927,0.0267044806241067,0.0758948809243724,-0.0225842267496031,-0.0135652974674411,-0.0312996384214384,0.0478482653617608,-0.0390999513868986,-0.0285075622293528,-0.0169797486865352,-0.0473317455158024,-0.00112149485208086,-0.0230414438951428,-0.00927162852506263,-0.0131739086383824,-0.00460079483621461,0.00153745918479504,0.0476391084749373,-0.138804240352751,0.0112371114606859,0.0194343366552997,-0.00299645644849404,0.0594951238626559,-0.00132191640688208,-0.0249989113599727,-0.0386946766491858,-0.0527288733957677,-0.0111514071125432,-0.0781344347198117,-0.00862937245749723,0.0473027152249846,0.056737963202169,-0.0815894155661237,-0.0060241903426069,-0.0691564968329809,0.0252241487344675,-0.0531918670474134,-0.0260303378105612,-0.0415926800498172,0.0868541846377349,-0.003175061577558,-0.0517937296065029,-0.00705321694727586,0.0413692503479002,-0.0255136714616001,-0.0632503965216158,0.0251783678605741,-0.0456435513277656,-0.0164981707907202,-0.034305710469135,-0.0112303950578615,0.0207504153710174,0.0589987577368969,-0.0153274429079891,-0.0244782975417086,0.0459829552882592,0.00899997457631686,-0.0339378871639281,-0.00813561458352281,-0.0377725058291624,0.00405224821630412,-0.0887372203203607
"UI10-00032-Bodacious-Ben",-0.100268505599716,-0.136879659567521,-0.275981454276504,-0.130503352515273,-0.158666059639954,0.0125182119638982,-0.115526611245961,-0.169289606054471,-0.180660580520732,-0.137950893599953,-0.203931810824289,-0.133129903106931,-0.150223872404927,-0.104302952751789,-0.0883664247791046,-0.133447064923729,-0.133149550316357,-0.117033591799891,-0.0891333597919714,-0.276379201217249,-0.156521738721537,-0.118918316763752,-0.107752367358299,-0.123448039411808,-0.105252537829784,-0.154471651997844,-0.153580637362859,-0.0719595921887808,-0.173971316498907,-0.113282904818327,-0.150174807226419,-0.0368678413063694,-0.0261924940442756,-0.133583226679289,-0.148642261057256,-0.131765284001638,-0.161336850786124,-0.150647470473248,-0.233110998527942,-0.150438635400004,-0.100322938763903,-0.117565248304212,-0.0875387749268423,-0.14116655085867,-0.16676082765031,-0.109562369253501,-0.0739972848767856,-0.115462118109711,-0.112046695089199,-0.122910660492244,-0.0358941343763017,-0.141559348148074,-0.0769576840053261,-0.0434528783968307,-0.196820366582583,-0.108794788459508,-0.124901134901739,-0.134095964891434,-0.0981977687040793,-0.103617421002345,-0.0254691496827034,-0.1504370029997,-0.134438295383889,-0.0996289944145354,-0.108221730155399,-0.152749991675569,-0.137354174685674,-0.073208726802027,-0.219566257518904,-0.186029937939447,-0.111311040277856,-0.112545374460497,-0.105941236766398,-0.149710030820675,-0.183009603616256,-0.177703988891152,-0.132477340440983,-0.0101032173345931,-0.0619617113312653,-0.125237398369794,-0.180224777786045,-0.217551874745587,-0.128973585475873,-0.132643599990069,-0.162796771216241,-0.0951167442425229,-0.117948969825615,-0.114642363855988,-0.200933073545229,-0.129517455832313,-0.0801801234944066,-0.140985230953586,-0.0213068744247282,-0.118615031004995,-0.129101035373517,-0.121133784237206,-0.0377199974447878,-0.11272571284119,-0.13088614538497,-0.130749928427047
"UI10-00033-Border-Bandit",0.173721298053919,0.141657624679004,0.15758199666929,0.167930931561374,0.32935375965813,0.136169583416284,0.188065677774369,0.176790212022046,0.148377398493163,0.148810052337976,0.136099851193471,0.171552196021373,0.152144431923605,0.17115435015281,0.17937190520058,0.195351009252113,0.169751107366746,0.166116029273879,0.148904602351335,0.181279121764506,0.137577161569435,0.13715299258921,0.14146812579849,0.143264961047309,0.356953470185229,0.174922896221341,0.180558705617849,0.155959661176163,0.165682275534017,0.144638664159465,0.164132887273799,0.186186670486398,0.153574424971112,0.158075904827371,0.116007033874244,0.311176230271789,0.343505924842224,0.155326404339772,0.144003700199328,0.15744488556868,0.141318176746947,0.18043892570086,0.166609711202255,0.168530890353473,0.120594019243811,0.163617615013804,0.201353482397546,0.164060442401383,0.147221837955677,0.167818082062632,0.154196899354433,0.12188081839183,0.167740106892587,0.172033158055783,0.14467174430474,0.0976361032268694,0.14108006975466,0.144367623351633,0.157424554221604,0.161512720066185,0.331002408558023,0.172528159818871,0.0813749885445646,0.196635878927395,0.315626272340779,0.142853491481517,0.161885029501358,0.166010757279282,0.144935362582808,0.159267324722204,0.157287882806362,0.154954647889338,0.173955574997291,0.150606992919599,0.143930466254652,0.286231740313595,0.168977642100185,0.136190852601801,0.185178762141218,0.183438198995049,0.154445439938413,0.142179443864571,0.14805045196324,0.400182227340878,0.163648527064448,0.117968723547925,0.0671476033131761,0.142169262599103,0.16699636087434,0.126615704463986,0.168892027298664,0.193703960656545,0.177097847525524,0.155989715635449,0.16277477870333,0.186856762618749,0.178369955921561,0.342245542150959,0.168507201535045,0.228142497739018
"UI10-00036-Dixieland",0.0738769494226204,0.0847564576563512,0.134466403620426,0.113187201020776,0.0992213730142786,0.130308992589143,0.123738050110761,0.0861485748019189,0.113316367695558,0.124704099105174,0.238985295319276,0.075700058131809,0.105012915200565,0.0373532121125519,0.0573251637749,0.097827164253742,0.202519505387537,0.191494500263342,0.0998007038277348,0.122109647850023,0.127182384250193,0.0686164702646681,0.151923271936126,0.086981916311621,0.086559000995065,0.0927830427182058,0.121128112102407,0.17361768382127,0.102296364951925,0.08567250107532,0.0959908070823501,0.361510159618756,0.103421795753016,0.0253852230876077,0.110489651522014,0.105668272895226,0.100180987028547,0.13692769854154,0.133013827168389,0.111519838329109,0.104878365049876,0.108544309968111,-0.0027186111660407,0.197436237152863,0.113403638949819,0.120000224557086,0.110508827632202,0.11165852702695,0.0250511816478535,0.0226904354671366,0.111787556911215,-0.000900890029671825,0.0850664957340732,0.0311416356965132,0.102112652144831,0.105452821554728,0.114854489816946,0.0874347907809152,0.180408056903772,0.140486317676935,0.0767127310807903,0.0868267688724041,0.0983011252420148,0.146967870847037,0.129374410854651,0.15217160659744,0.103794468319639,0.223355539756431,0.131019136966389,0.144044379199415,0.1942427909172,0.110512204889274,0.0963946020631933,0.129462581665092,0.109110595216796,0.0812886567673324,0.129496687020959,0.100695885279484,0.125366497851341,0.109425095415587,0.107217106192173,0.12707657630164,0.183010244851269,0.00421483735068119,0.0901202864661602,0.138320977650602,0.245524406533163,0.100764257521576,0.0159866480429293,0.174613955218443,0.0983145571351909,0.102258849267915,0.111180475257211,0.110604029091006,0.0950908894401947,0.100166442358964,0.0764205241888102,-0.00837886360680146,0.123411228917707,0.129900774274874
"UI10-00038-Emerald-Shadow",0.263165722860557,0.220046189739001,0.202405796497229,0.19647398758258,0.195459166062965,0.222135182339663,0.210322850056067,0.254906113069464,0.210687915751518,0.184943088313015,0.245437593466009,0.240426776939024,0.202115926089814,0.208221588500072,0.217240975441791,0.191459887405746,0.20562377584896,0.214555792459742,0.186067501219934,0.248755199071303,0.192663078169835,0.223569570881075,0.187233975322096,0.212306066745424,0.00152967069070374,0.255963961000219,0.20561121786849,0.197017514340333,0.203566392427987,0.21106831289133,-0.0092864942473542,0.203675833595526,0.202527751564877,0.220114418343629,0.217134387127783,0.217441774135026,0.210027396366814,0.204760277745282,0.218369375399503,0.226927532810303,0.243059171573161,0.205526429813679,0.192050285470863,0.026307289695152,0.213686297133138,0.234599985424626,0.259657892075172,-0.0272170646371795,-0.0250577436961249,0.224050744186585,0.225718116422116,-0.0293508666797708,0.213789359191194,0.249533744465469,0.223046508857446,0.206779531303673,0.198882550604645,0.209128212145283,0.254102372158538,0.220024701690794,0.20225523096731,0.157541919005353,0.206538028736216,0.232967005257729,0.197354609012715,0.221975222675254,0.19314780034717,0.267242453551996,0.21873756107746,0.206323200448601,0.204610761061506,0.187470276997337,0.216866782720379,0.20680021196086,0.20807321394437,0.215197902473805,0.189255522497573,0.216810407415054,0.17669457694178,0.198095603442016,0.223569741946113,0.210127185823392,0.212947486028721,0.164324961285764,0.197701711439138,0.254074368684461,-0.000261595250156722,0.221700058794205,0.197733945192028,0.219190085954697,0.243174570006731,0.250163846468594,0.202850667235759,0.235557370775377,0.233019057702489,0.219893756187624,0.216618882662033,0.193301192304971,0.214939247078092,0.259772073966868
"UI10-00039-Emmanuel-LePage",0.203495496859426,0.0409263722773135,0.0982448440835056,0.0309993676407709,0.0557683974195601,0.0867031376465278,-0.0673442115989032,0.0792434424031175,0.0563771104487423,0.0695309228819649,0.117819969033757,0.0989748538237412,0.0682051608231046,0.147105518801873,0.0817877163222108,0.072621815217708,0.144743427534098,0.0946235816499997,-0.0151724824220657,0.204444223544748,0.0555096411664438,0.0952084476998372,0.057155497207895,0.112706739884504,0.0221927782490152,0.0954724207093216,0.0683770236561203,0.0305733562778027,0.0578560685243009,0.116163728887611,0.0237753730163917,0.10265013236708,0.0716155942641599,0.0913585106534673,0.0717958998650568,0.00716462369813427,0.0469217182820564,0.00981041200451095,-0.0255880791174781,0.0815009244577908,0.192000033575223,0.0959238604049777,-0.0627680022907181,0.0666715398486855,0.154490974494834,0.0818727831395456,0.0681483417338338,0.0312280441964273,0.148208811015757,0.112295610333487,0.0973561264093697,0.110934527389355,0.0237770804037795,0.0841919233817987,0.0888914925234869,0.0873013870361205,0.0388452508716812,-0.00591821918192509,0.130380300602238,-0.0636069721200929,0.11765458683128,0.0760497939008636,0.037250325906643,0.0669248984642161,0.182533873712702,0.0478423514972475,0.109082863935529,0.0355332958442656,0.0969984891278442,0.0784481425767096,0.186924711639145,0.0921487683229593,0.0829844179342819,0.172098942399828,0.0253456622942507,0.177527814433825,0.1048829852588,0.0902076682822291,0.0168069777712088,0.054325958505279,-0.00695038592392836,-0.0612952939161633,0.0167638132431859,-0.00388651608237662,0.0909364693371744,0.0692180138092011,0.0410547281532136,0.0883229792239434,0.0500761681258621,0.107742099615223,0.144806987318613,0.0546260537424861,0.0497569571306643,0.0262718685736943,0.0896731718191287,0.0893402864339547,-0.0166027684667256,0.0715704378649708,-0.0122247253216904,0.129118190196975
"UI10-00042-Giraffe",-0.0806924283154951,-0.0724324936061714,-0.0937282334141823,-0.115497990479063,-0.110972788318564,-0.131300159769459,-0.138924809082488,-0.11264787324237,-0.0826327613976405,-0.152240616504123,-0.0697405671088047,-0.103923985006419,-0.105724872498387,-0.132791149852575,-0.12380228397981,-0.13456619112173,-0.107003417891565,-0.119099703168168,-0.107011005785827,-0.0679632303098159,-0.14465892180149,-0.0707653729409321,-0.11762897006786,-0.0834490764584323,-0.092761992218874,-0.104727305019877,-0.103623276965229,-0.0980006079667869,-0.124173868613582,-0.0977918599042227,-0.0639619847529825,-0.122563893507965,0.0297932182059252,-0.0956909681864935,-0.088360830418334,-0.064541751053059,-0.113307659583938,-0.0722597652845947,-0.0650656077772341,-0.111118046431545,-0.104276722394577,-0.100714313952939,-0.111822204605574,-0.130476904497897,-0.120704810559843,-0.113952966647474,-0.123737782186428,-0.102053539818281,-0.136473919688186,-0.146133258314079,-0.112195956879199,-0.0686228738820214,-0.0646586437966067,-0.0741246860553774,-0.106793481026642,-0.110826919709946,-0.107139134264059,-0.0882810153913179,-0.104815768400987,-0.113962701624016,-0.101851224845397,-0.123360171678454,-0.0703847359253463,-0.11216926734713,-0.11188068046956,-0.0636594909369838,-0.133521406226337,-0.112534563634954,-0.104128080817363,-0.0988641871622754,-0.116136013455007,-0.0892598312394437,-0.101701357801062,-0.101804865095618,-0.118761591886536,-0.109034820570302,-0.11331899904019,-0.101985962331419,-0.105139506997919,-0.10399072901304,-0.107445218819788,-0.0698215483336083,-0.122107044688997,-0.0879408456478898,-0.129819296726232,-0.0770553128737067,-0.10821534555018,-0.083523532106567,-0.110103690855053,-0.108657901576271,-0.131224817205789,-0.101711261906653,-0.0958209152348252,-0.114386954461488,-0.110408515762055,-0.10201680513738,-0.0965386497683703,-0.0554903234380542,-0.0694576559407416,-0.119011616875359
"UI10-00043-Gold-and-Silver",-0.693924277408693,-0.371875817394693,-0.637184466785311,-0.674735490787059,-0.606892335763869,-0.622106273148503,-0.48884445550384,-0.655843693001159,-0.615434039390341,-0.652978804854528,-0.693996055670532,-0.658731637378064,-0.681888064378246,-0.671714324323964,-0.576602498066975,-0.666064283523578,-0.729187055979704,-0.666852492124303,-0.681455032783238,-0.665829658430968,-0.660128174987452,-0.642804600637724,-0.644886215634623,-0.657991721881023,-0.626627188973257,-0.654054746977452,-0.670767725491076,-0.678422060122857,-0.613799640988712,-0.639664591988442,-0.663764481746634,-0.613933900188674,-0.660764553146976,-0.659887016120651,-0.657632750274038,-0.664670161131408,-0.449452805446357,-0.627765011427207,-0.670889409221958,-0.710357893926229,-0.686941444534623,-0.647724702332672,-0.637248417358923,-0.569667572900357,-0.49369988991763,-0.651093878968332,-0.64665521815474,-0.651047062454173,-0.664822635322162,-0.661985883111465,-0.745100796463841,-0.384088989838402,-0.65676117535952,-0.637600521136733,-0.67391340574469,-0.52576803859197,-0.650850410512601,-0.6258750713019,-0.658850491017304,-0.677782301640031,-0.681892546838514,-0.430614831729933,-0.628800626015069,-0.676208878521254,-0.6588085424324,-0.666378195021271,-0.668563050425611,-0.635732207127232,-0.439341937481807,-0.644697517639012,-0.654906936753256,-0.664040824992705,-0.62370802279704,-0.667180201700338,-0.660011688556542,-0.631884578791396,-0.669121125380404,-0.664866556250931,-0.560741845827193,-0.649464724909398,-0.691871449444317,-0.668202456759694,-0.61270846551391,-0.624981234524069,-0.605663330614073,-0.640775907600388,-0.469803607812812,-0.645098428077619,-0.461741624844619,-0.653432045391096,-0.658761420630598,-0.428006008847577,-0.656892255585945,-0.442232791373937,-0.645477951832579,-0.669301631542519,-0.465665949842174,-0.660118499887723,-0.676228514127629,-0.658484123797149
"UI10-00047-Goliath",-0.231903821158867,-0.21626380919668,-0.276104884029729,-0.219947445396817,-0.235096691113377,-0.29564058168718,-0.24492056824654,-0.270825125838188,-0.220946187595093,-0.254751685946654,-0.177169363817636,-0.2270545079882,-0.293730109402441,-0.234573683234503,-0.294693304393109,-0.279259731693212,-0.237823075056115,-0.280163437565303,-0.221388914512339,-0.300530365090398,-0.288477223288183,-0.242427597351645,-0.149577704660601,-0.250669574184823,-0.245081261492501,-0.255679606104465,-0.241063257037744,-0.251412629673346,-0.323898125019155,-0.246169658603457,-0.219941813535628,-0.237017711640169,-0.297479693726627,-0.29365621945337,-0.301438916984422,-0.262028470710418,-0.255928262531578,-0.317870234997674,-0.251643624158135,-0.249416033642,-0.263501083098102,-0.293391337695704,-0.219236116528352,-0.257785770952689,-0.375284933194243,-0.275901216195477,-0.264561605747726,-0.274424386442434,-0.28780932545055,-0.197355216597307,-0.277884102658064,-0.253797174356254,-0.126529969585243,-0.234255466700963,-0.221959596823054,-0.263046821593003,-0.225680711899326,-0.232136837698391,-0.277837409632761,-0.237629314508569,-0.258703267753348,-0.264423296269662,-0.275481058301218,-0.250619946157565,-0.285606180477974,-0.271669030326042,-0.258621287300027,-0.251511094845374,-0.269203665493461,-0.260949620413323,-0.2836769791103,-0.251203709482096,-0.252600213293961,-0.242234417042576,-0.209709742567011,-0.135165031433025,-0.259901778675553,-0.258378670986904,-0.22216719407925,-0.16861046855673,-0.237276407509848,-0.248275833050493,-0.262347463961442,-0.231291397001747,-0.207752343290718,-0.245397694973246,-0.25931266515282,-0.305494757001264,-0.26874551842767,-0.222827285099658,-0.236002704337035,-0.280815912172595,-0.303545706755301,-0.320307188034335,-0.272390217507503,-0.24443031221759,-0.229942229316078,-0.170563307801815,-0.212719542944715,-0.261543908615355
"UI10-00048-Gracillimus",0.00111954665088786,-0.00946808085969207,-0.0561804088253081,-0.0153615901752856,-0.0380230665414683,-0.0128189520138325,-0.0287487466635,-0.0103770013967321,-0.0759100097386026,-0.025979636058393,-0.0263150646813146,-0.0512188076932457,-0.0405546398123456,-0.161189888143174,-0.0128907412451464,-0.0624423307511099,-0.00332394475387697,-0.194922512582003,-0.0657949926042399,-0.0622714243917714,-0.0387393700141581,-0.0479849369891445,-0.0135267996940943,-0.0523729981694841,-0.0129627944333753,-0.0190615364467842,-0.0466313956570024,-0.0348581607242407,-0.144983358722416,-0.0538990175913421,-0.0304014391069537,-0.0216257530233984,-0.0515921526535171,-0.126345988681856,-0.214405933112731,-0.0275060156375499,-0.0305024581864801,-0.0489646879662781,-0.0273959517648578,-0.0388321980990708,-0.036271567270753,-0.0721509261584087,-0.0616807123064705,0.00560181377166261,-0.0805733395483984,-0.0418386957637747,0.00239027069638235,-0.00865725718413678,0.00549239596779343,-0.036418381177182,-0.0712633653371002,-0.0282536625047396,0.00563848097282888,-0.00523545086533173,-0.0297204709992986,-0.0294935884571513,0.00571201781752953,-0.015899207415893,-0.0166501813274103,0.0170729900422914,-0.0554266002073238,-0.0700182368361417,-0.03896947438692,-0.037582587006756,0.00648363184032935,-0.019575091176191,-0.0370681493061861,-0.0965620704624477,-0.118664855746754,-0.0326100407897269,-0.0302449500582985,0.028059595903202,-0.0186492326878196,-0.0479174152544967,-0.00227154452207051,-0.0479086338660703,-0.0435165958513643,-0.0341300334360781,-0.00468344678410236,0.0252519139329581,-0.0314656451923984,0.106096301121385,-0.0361859064920822,-0.0360235804126557,-0.0686969296268103,0.00604454951861042,-0.0180353980733874,-0.0347326205156435,-0.0563007149442498,0.0112633558050453,-0.0366572166065253,-0.0368716323450666,-0.178765079839575,-0.00887635810275258,-0.0224919434164194,-0.0319735381335675,-0.0237243917097055,-0.0422285120221866,-0.026652166973526,-0.125884795294719
"UI10-00051-Gracillimus-Nana",-0.391246196584837,-0.335942053241062,-0.426747891529262,-0.404533872486443,-0.353214050522952,-0.447840713122963,-0.375340734906275,-0.400579300770646,-0.358720198844026,-0.444684001882451,-0.371778907565934,-0.437094552404972,-0.378093638189304,-0.380088059748541,-0.338742688202982,-0.367040305389771,-0.387379266560931,-0.424329448273027,-0.350811490215163,-0.413069032164082,-0.395593776161286,-0.401905574746592,-0.38331660131507,-0.360837454698566,-0.370169238027731,-0.381308740639101,-0.395186101488488,-0.392327201508566,-0.344566782755952,-0.418913773292865,-0.447621209699018,-0.411820832145274,-0.397256993398244,-0.394908822480231,-0.408556886764756,-0.38830059543495,-0.44252020277836,-0.40008389275986,-0.392692899763105,-0.428615472749542,-0.372418801860043,-0.439568821294117,-0.390239604816994,-0.397057409206997,-0.403947259146848,-0.437043873360753,-0.386762491298186,-0.368170599346877,-0.406702809812802,-0.375287775219712,-0.43604016835203,-0.323311078240009,-0.396183232780748,-0.406805415804595,-0.388016414530703,-0.361525863369466,-0.440575255140038,-0.404767237769048,-0.366330582226705,-0.404562868355952,-0.385203604102539,-0.434058484681847,-0.375773587027504,-0.428149463051543,-0.394039800023089,-0.399660285107998,-0.395243695168261,-0.382928663432208,-0.394864793538572,-0.394622618137668,-0.321568558864298,-0.365064236454463,-0.379590924616394,-0.363590652627219,-0.367523568049726,-0.366389944399513,-0.393699901488151,-0.401972694610768,-0.306788062372574,-0.359775758651298,-0.384448432877362,-0.382379586995563,-0.397510259341843,-0.41306680103737,-0.357099672562141,-0.376671444520275,-0.38360968937522,-0.356773207703772,-0.386366568819009,-0.41391868843945,-0.348742884083431,-0.365808800645292,-0.395922469807931,-0.396656484936436,-0.390860933245695,-0.360634220350173,-0.401624982625495,-0.381706575594745,-0.373321192549295,-0.434567131334838
"UI10-00052-Graziella",-0.0276743514038782,-0.0229795474750888,-0.104777007769964,-0.0162371815578427,-0.00962000765107963,0.0279383109313778,-0.0450418051382605,-0.0321512954113031,-0.0226053229780238,-0.00617783215243885,0.0150383085632253,0.00533874340526608,-0.00528701273482895,-0.0277231435387424,-0.0418697517255872,-0.0381263944439763,-0.070144141902667,-0.0216429449112077,-0.014497591650506,-0.0892737895836029,-0.0117724554397036,-0.0349614327580439,0.0135909570213898,-0.00493049865622795,0.0000832401513683864,-0.0125549777472818,-0.0319074053377382,-0.0458834684090401,-0.042612998052343,-0.0288904216362577,-0.0256407380558502,0.011700405256393,0.0295708081439527,-0.0819218352048689,-0.0240831464975103,0.0146812013423735,-0.0169415511681239,-0.0282439899064612,0.0446620823108903,-0.0314444339118219,-0.0116717344881424,-0.0128703075363742,-0.0478630411543416,-0.0357852792595938,0.00291638152303739,0.0114528736320109,-0.014310444386021,-0.0225864902005815,0.0279119740141609,-0.0577512265613454,0.00726342836102996,0.0305970226674057,0.00211019681566133,0.00330146318331713,-0.0462773699486463,-0.0355045646400848,-0.0162678736370872,-0.0422926208885225,-0.0300669052746588,-0.0134465182297196,-0.0376676196234836,0.00110302203777684,-0.0210355128981685,-0.106100409750432,-0.0214204068347319,0.00030547881975819,-0.0130109378694335,-0.0152556426452649,0.0155797934176642,-0.0356701601166546,0.000816510163733547,-0.0143555344139582,-0.012277102700266,-0.024446393400223,-0.0283178892244042,-0.0176734323213774,-0.0325267359765083,-0.0222960096492161,-0.00814751358545323,-0.0801344232810659,-0.0383154717939137,-0.0212683481007693,-0.00794244555553451,-0.0287171468465907,-0.102497318314621,-0.006410521968654,0.00579130888882194,-0.0414172263137601,-0.00864035642937001,0.00305778705368861,-0.0335226965017453,-0.0228436436940024,-0.0187479256148502,-0.0981048134415915,-0.0354713395780721,-0.00402444958223264,-0.0588430695604249,-0.0214674644659733,-0.109694147097161,-0.0472441454177448
"UI10-00053-Grosse-Fontaine",0.0554944946802654,0.0329849146264817,0.0481013399248369,-0.0955318847572642,0.0142820878324741,-0.00430804728703997,-0.12710020618455,0.0392563981883532,0.0350161277516649,0.0869689572305268,0.00588495241801355,-0.134910361410511,-0.160209636352444,0.0154796554468388,0.0199406684409783,0.0541030769472585,0.0474842121189488,0.0598546500270482,0.0138876140514392,0.00626650655946755,0.0344207242233982,0.0444139226321084,0.0365639128551691,0.0746794401264277,0.0386998322179962,0.0326250711123382,0.0498869706437754,-0.14238450331675,0.0124677040575457,0.00203033838474269,0.0380080609955195,0.0183685709992456,0.0000616025513867297,-0.00995810306270441,0.00803562191047451,-0.00481529292471075,0.0583159698185362,0.0217906611568782,-0.142103330350221,0.0118007340611007,0.0295979415568479,0.0600759965885203,0.0298719983147178,0.0163515198910536,-0.0175208843090503,0.130889839469602,-0.110283545934647,0.0318881901464342,0.0902735656618845,0.00930076935187621,0.00377194617199817,0.030679206381492,0.0205290735327357,0.0110964619518187,0.0195278138137899,0.00674504346014916,0.0147219278701183,0.0174111992189579,0.0286034954258652,0.056477750517298,0.0466212767330825,0.0949198281132078,-0.00451059355024073,0.00373610196971951,0.0390543267127177,-0.00650799046394916,0.0196758093057444,0.0130237800295085,0.0397344508747708,0.0320884735979066,0.0843714107114987,0.0414921759470796,0.0279001951425201,0.0213119357581436,0.0189415033175153,0.0353143862946057,0.0610711368803646,-0.0000854922303457272,0.0376428213215058,0.0383442392144751,-0.00772928729990312,-0.15365774637856,0.034234890443319,0.0358359922348439,-0.156383122987455,0.0579570454425257,0.0375198890010782,0.00563578647220129,0.00315613904183646,0.0166638202752932,0.0135431003598679,0.0176191285003298,-0.13429073546562,-0.00416033802999391,0.0335234569160514,0.0272487499842066,0.0125283317507303,0.0380463229288092,0.0301305097734401,-0.121743810021642
"UI10-00056-Huron-Blush",-0.161441917397874,-0.127981810804578,-0.12977790814069,-0.0961239735232921,-0.116217783028616,-0.138893644094809,-0.138041073541935,-0.097217276830951,-0.120797064300975,-0.168855600475201,-0.0939260736909744,-0.14105335579945,-0.129569829842497,-0.129644664205432,-0.153455742927237,-0.17844896992371,-0.144592666583398,-0.143248989441617,-0.123137417916819,-0.118008350348687,-0.110052321969022,-0.116207462823342,-0.115724427043629,-0.117989675958643,-0.0781051834673537,-0.115216582000288,-0.158835075056995,-0.116563875043228,-0.106366447168784,-0.111995258388624,-0.145676552977198,-0.136928421395772,-0.103254055767873,-0.094863145786569,-0.156285328503683,-0.106885310419862,-0.149436345495508,-0.0957058352410739,-0.130405235149617,-0.183804118641006,-0.15704410180895,-0.175000546149243,-0.104429384245681,-0.169913024612221,-0.123760793296321,-0.0749512438976622,-0.075205827163983,-0.132674890006622,-0.142771551279168,-0.153108247308433,-0.102088895325826,-0.134109872943518,-0.11808099887642,-0.14996993092391,-0.124954554828186,-0.0853745378524213,-0.108273255961574,-0.0842780394403865,-0.203985390052459,-0.203271217762584,-0.0351459424665612,-0.0716246034677121,-0.091854859443944,-0.124518792736193,-0.0865167529541195,-0.0954127949413789,-0.125974028151129,-0.214420395480595,-0.0502900246300756,-0.167292355487574,-0.115120472131888,-0.188147216119581,-0.099594356898109,-0.114142412234278,-0.105705658051595,-0.180572188022155,-0.150453906189897,-0.114896483959411,-0.125273604957663,-0.0541287725770248,-0.192113470143689,-0.0811134797818501,-0.124043447750737,-0.108934662473855,-0.0915652854677234,-0.12829687378071,-0.127165997696332,-0.141945589870094,-0.108372254795761,-0.0801094301662448,-0.116845639482179,-0.126855899875376,-0.11697837982985,-0.190019625942968,-0.122877159191413,-0.0920937700907117,-0.112776567656753,-0.0672376822856513,-0.138121060886513,-0.0632181898694496
"UI10-00057-Huron-Sentinel",-0.0925467895153532,-0.138274021778666,-0.0805246224611453,-0.168032738136604,-0.128391706461984,-0.110940339519461,-0.140362922776342,-0.146551284857642,-0.203140214095337,-0.0739218192217488,-0.172794068462314,-0.0828810343802774,-0.060820758618881,-0.130757238615585,-0.269186743931718,-0.14477230937059,-0.123943298834763,-0.0945746410173692,-0.111061301781913,-0.146105208245572,-0.129384075171397,-0.157590649151794,-0.114459754362608,-0.188005163344508,-0.0849434190115582,-0.113410621002136,-0.123129251145561,-0.274192795783455,-0.130941454116239,-0.114877398557052,-0.116620802605676,-0.12663554460606,-0.0738167262544455,-0.121887459729389,-0.0979760302055881,-0.0441983658749663,-0.15107363633752,-0.130320495019756,-0.126424112725588,-0.0916055656541881,-0.112338815548977,-0.150779144465851,-0.109457138398249,-0.287165584400261,-0.132380122307545,-0.111197823216314,0.0134564272065951,-0.173680612636476,-0.1139914022114,-0.11446313724787,-0.0703345574669445,-0.0509960825383555,-0.0607956101143705,-0.176032393082838,-0.120287157578734,-0.167169588732993,-0.177950165344238,-0.0967090807278241,-0.0985929822318182,-0.0464367693531057,-0.123791306481337,-0.1248838076987,-0.124670562585225,-0.118915447501345,-0.100731848402554,-0.196635391057862,-0.111654282630354,-0.15396276231473,-0.0948543457484851,-0.0912104997602317,-0.0654577241924539,-0.140427233028875,-0.210694755710572,-0.179157858008541,-0.0953480167619393,-0.227675091049844,-0.118815911428618,-0.110688294264196,-0.147457821794321,-0.129110156141432,-0.177192725848009,-0.142785107171295,-0.0550746329527851,-0.171878882397451,-0.127696854210631,-0.104050029683147,-0.114045517210834,-0.130052492812407,-0.0971773805636232,-0.0440646986518884,-0.0841152893991675,-0.132173086294987,-0.151283441345231,-0.127615567821892,-0.130731673835898,-0.0527213971209085,-0.129172107902214,-0.12833846228365,-0.0506792007031906,-0.11401910377636
"UI10-00060-July",0.0568263273600631,0.098669042875488,0.0956277079088761,0.110287926115508,0.117375803429858,0.129718405001387,0.160833138787149,0.169646536878303,0.0819149934443646,0.0903761294536434,0.0192731256119953,0.0995597463054297,0.115128107291777,0.0971961131781477,0.0990867495030895,0.120802041937829,0.114698599789765,0.108270279715982,0.108779154806908,0.0856130091983688,0.128553919886582,0.0760725558331324,0.0868442379616088,0.118382147456806,0.122681478253128,0.10788624548483,0.0980603893317882,0.145132361163442,0.0750487775722086,0.0763151163998122,0.159526916239723,0.105429399658779,0.116800320280668,0.0845898196503008,0.0825959884432842,0.15022737111201,0.070612248467216,0.218051060088694,0.0130702877561336,0.0838235719243578,0.100101149587503,0.129259679277732,0.135794318935216,0.0342590812708276,0.109344967734695,0.109264014840436,0.056251631446097,0.141961069714074,0.113544303259057,0.112632653690815,0.100687206990568,0.0991173209563968,0.0884788980760936,0.0729301872350062,0.103882348836914,0.107960448640913,0.107154907817683,0.105994549556152,0.0811209231365925,0.101647767317632,0.13009920002028,0.106966605277089,0.137588580361176,0.119242293023972,0.0478139648366393,0.10190089960071,0.103437204055979,0.111442490068557,0.112624183101131,0.0935301861768791,0.0841074583218666,0.131791779673812,0.111295576658648,0.100817231849337,0.112021459371203,0.127750653614507,0.112419528849794,0.121805786300725,0.147846199517583,0.127966707748881,0.0996573724797889,0.114773490726441,0.0851764813150456,0.167721685819853,0.122377113217792,0.104921315499192,0.116007730862107,0.130440745050164,0.123730135954467,0.163815394193204,0.100410383500415,0.113209927107272,0.099149668313659,0.0744534449861027,0.0341521493960463,0.0489349079965874,0.127854436733241,0.101441665867031,0.0800612523321311,0.117937617308137
"UI10-00061-Kaskade",0.00889719548132115,0.0458206350861038,0.00269717319082979,-0.0774740433789199,-0.000565938585573311,0.0305334373502433,-0.106304498789171,0.0295215502701543,-0.0196946410931299,0.027946893390755,0.0219489887439178,-0.124282012935394,-0.145240616631418,0.0244643147198154,-0.0437699071050405,-0.0181436208914229,0.0132431052687283,-0.0148114806194015,0.00894025196749527,0.0448619131179878,0.0290719686496149,0.00251956606825852,0.00166471360832612,0.0395811799608128,0.0265084951751654,0.0115954085763126,0.0245781873021027,-0.128127608204781,0.00570509629088828,0.0125398654440345,-0.00241335871631035,0.0348425922466681,0.0313908333840934,-0.0145817745831611,0.021330208145854,-0.0125030543276312,-0.00354974215943428,-0.0196012736582961,-0.127590892182305,-0.00831946708446005,0.00404897477292095,-0.000681456061131602,0.0134785343398769,0.0193014823235638,-0.0110975162593946,0.00212253525165728,-0.084116083117622,0.0223505984251617,-0.00464996608953414,-0.0113950951596954,0.0522298886686213,0.0230289181589009,0.041147488654966,0.0295616074431059,0.0112184906338218,0.000794670932700785,-0.0066021513731249,0.0433831759721046,-0.0125766906985523,0.00996511301477611,0.00766107059696873,-0.0277170795351614,0.0423048297132861,0.0267339948538804,0.000892528235832484,0.039213231286832,-0.0270150486203806,0.0364299155863403,-0.00727191863792736,0.00460302282273252,0.0673911467106747,-0.0277091759479029,0.0664404641397533,0.012192167651605,0.0088349079804262,0.0201625688489463,0.0378701644436488,-0.0106929905462244,-0.0155977366635011,-0.00242320572430455,-0.0000696735388429738,-0.14318126271784,-0.00681083972819242,0.0219906605817444,-0.136168854720401,0.0261472097978986,-0.00783340486682492,0.0762162318148267,0.0168563915552882,0.0632921480023415,-0.0209492355533353,-0.0154647206869455,-0.117114684471762,0.0164163913958293,0.0225441093710164,0.0257782245098224,-0.0157431169922638,0.0458382204065363,0.00997714523402464,-0.108093629690803
"UI10-00062-Kirk-Alexander",0.181507819885552,0.256635646218247,0.198019342797763,0.186114595928374,0.179898267021046,0.192308399249101,0.214448681398749,0.235707989399707,0.240829819227628,0.126886209693992,0.217164008463476,0.166238739844885,0.127046123879158,0.351413885410199,0.213820506871806,0.210885144387702,0.218701850198901,0.238390245868619,0.130332347195093,0.186284414328216,0.167912707103787,0.195462606211776,0.215774539604047,0.175190349074085,0.224187439513515,0.147736801082745,0.191980035433844,0.198072427541531,0.201402187724587,0.227134931538439,0.195940368958097,0.212917317384712,0.151014571742623,0.20127566612219,0.183402712278021,0.194709213829292,0.203258576272694,0.251321231330007,0.262015785671322,0.195307620807418,0.15279968137606,0.227808450051353,0.16881282034005,0.231355803951778,0.188114890260829,0.188840327604469,0.202568268809184,0.179792774956666,0.215181625513395,0.181196657101992,0.191273421846899,0.231740180882259,0.186792947451406,0.225278809205179,0.245845698475047,0.234814585360869,0.253489025532431,0.25584893705815,0.260495749501243,0.183755137747147,0.202122131209576,0.273400569567289,0.238116764875956,0.169074192240085,0.0632541066892253,0.182202935643457,0.191298871502899,0.157789563775365,0.271633560283343,0.208823916292563,0.198717416850129,0.160555189692633,0.208202382432741,0.107500021223801,0.197060187758142,0.246422240242395,0.171400613725313,0.212029479824467,0.242780586705993,0.0957486715924739,0.218331998487413,0.153131577424436,0.245152531732647,0.144867374560236,0.277564294832339,0.106944325288501,0.16436172788974,0.237316874296631,0.254455687128773,0.233655544833369,0.219353676622487,0.109453092304137,0.215857679357651,0.234838097797572,0.256543356564421,0.198758945023809,0.198260533706944,0.207492751685257,0.192097752138427,0.20373844359478
"UI10-00063-Kleine-Fontaine",-0.119840546571042,-0.174085720008391,-0.199053381093436,-0.15623363288347,-0.169715966533767,-0.167245987638471,-0.182463369862932,-0.144305199812747,-0.143339515068535,-0.136504601086302,-0.171129344814474,-0.185416909014124,-0.162531646541537,-0.172186159954428,-0.194577806433122,-0.173504313795441,-0.103900197506817,-0.185631740233859,-0.184409719785863,-0.18318437213598,-0.192359070292541,-0.185645373923839,-0.172805563238053,-0.178838084317579,-0.145638619825768,-0.174666247103525,-0.230821815478618,-0.115074118914529,-0.158791348075216,-0.18376109546403,-0.168974525092543,-0.0645885213943035,-0.154162700080521,-0.141446254977127,-0.122588806397858,-0.166979927502556,-0.172048068042359,-0.169279433035488,-0.154144387440593,-0.153595587361746,-0.13360219865053,-0.168685215641435,-0.0879914232312268,-0.162719098886021,-0.165445619157241,-0.207364547391723,-0.171412172354068,-0.19531418927957,-0.169560926090015,-0.163384730950007,-0.118559006988569,-0.155841262986339,-0.151743047234162,-0.169693727785862,-0.135448511295833,-0.0514815625061853,-0.160136906933587,-0.153968073157426,-0.175408170380156,-0.17150276737046,-0.219944034575495,-0.149434007534077,-0.182889105746828,-0.179840682160417,-0.161416635689348,-0.148314574282226,-0.192278803217293,-0.188867930715032,-0.175928753788974,-0.158891154966547,-0.153525996442868,-0.160887922194175,-0.144219629909972,-0.180113444801147,-0.120734850706933,-0.164570501107882,-0.176499318225819,-0.182350603505384,-0.176123472705289,-0.166166288569926,-0.14334498758409,-0.156916835833492,-0.161527645956762,-0.225643862569832,-0.13239615973153,-0.0766765108355225,-0.165573782135608,-0.150468031761816,-0.187839974952975,-0.189064378884162,-0.154147976347634,-0.161910015027328,-0.154092056897123,-0.09863276907332,-0.1842519405794,-0.134453342289399,-0.19225261422373,-0.175445956117924,-0.163286193792897,-0.17297476609853
"UI10-00064-Kleine-Silberspinne",-0.562232737169028,-0.524677285694622,-0.544109596908877,-0.161937344017088,-0.541679713492603,-0.469071664821507,-0.591970517189577,-0.580637707316913,-0.0636236586503585,-0.0587683887195272,-0.502264472291368,-0.511900734744251,-0.629733647875473,-0.616925911210626,-0.475245287177289,-0.511060429965924,-0.523823056736405,-0.469180449323142,-0.570166877299531,-0.488720851462806,-0.479120635234694,-0.614851630520809,-0.471470062222187,-0.521052118358168,-0.519806313578151,-0.478581948389364,-0.578550043759348,-0.53643094999261,-0.563369069666685,-0.557528587109396,-0.534879073965442,-0.493656549264727,-0.479281029970917,-0.508468027878998,-0.537561563256375,-0.490212326359251,-0.494420193354582,-0.630891803259199,-0.113145306746353,-0.571739993874499,-0.634675031094428,-0.458405624617691,-0.132796073504848,-0.507841302049597,-0.476279116845115,-0.528467656214655,-0.483920053091665,-0.619387769923353,-0.481256108240392,-0.453131048777003,-0.506236387399158,-0.502067705122685,-0.523347528178552,-0.483614841822833,-0.525711955933696,-0.489096383539422,-0.453109083131078,-0.491425117014722,-0.572250866828075,-0.525689560841832,-0.501218355703227,-0.456836931617457,-0.511873280768979,-0.0140763134661379,-0.507718875441637,-0.512990899728641,-0.07075667416111,-0.572254986136387,-0.504732442107586,-0.562698978373955,-0.621531836225331,-0.145256510385145,-0.501513245934332,-0.538062096670839,-0.539613430124563,-0.468642195770553,-0.535248222507208,-0.497801239454878,-0.556788394817304,-0.493985427082816,-0.550393090451488,-0.475923757638835,-0.52479597378252,-0.58787709889816,-0.604642971581172,-0.548827417949116,-0.0871224867348314,-0.457481393364666,-0.528818564065675,-0.471490930059003,-0.505083039457379,-0.585139727466911,-0.505224742979719,-0.477422252942846,-0.512426470552572,-0.519498998615036,-0.506161459548943,-0.589876174638173,-0.506958688248652,-0.503963262608802
"UI10-00066-Little-Nickey",0.249736443069588,0.261552909051702,0.243656494289761,0.248028121687277,0.208168086911627,0.255846753254216,0.257644957042726,0.293956057065768,0.231564296979616,0.275097356108819,0.209023841238572,0.213443787499057,0.227656757913265,0.208634434661739,0.22002476689217,0.363848829113308,0.208995311236597,0.258440036705963,0.211745074618684,0.218421092022977,0.184701791019294,0.243055910978549,0.270653922849862,0.163528071745014,0.247563204277562,0.231115770822102,0.239303697776026,0.222058108471931,0.260687283257676,0.224724537671676,0.314892567044307,0.162004348048922,0.25889078179987,0.230657322206487,0.270697192234482,0.270730545676779,0.270472598718295,0.198003849196939,0.257833059671072,0.222617901301941,0.231098493094129,0.176310979248157,0.233636867303195,0.213248138328388,0.204881582150434,0.224939439718677,0.20806501148888,0.242457364914178,0.323840104779005,0.204221987846146,0.140134434264753,0.10660561268298,0.199198473841852,0.225039631853956,0.240066408039789,0.20475981893367,0.242272242058291,0.256175168831665,0.244070614038315,0.228667278151752,0.345749698515935,0.203507103650314,0.2593345194813,0.215169577484305,0.253543559434944,0.229291336750704,0.215509507705998,0.201855214884652,0.224644444289623,0.202523678513601,0.223689792899712,0.234964520319772,0.236512171105947,0.220360930888264,0.236652779284565,0.291226379876408,0.265095721485022,0.230127294756269,0.33663565601829,0.204839885304691,0.237906369084549,0.163086711096582,0.24842940748183,0.224989581471474,0.218658583608676,0.241111393065721,0.274548788173446,0.225755324875782,0.159928365902374,0.234319161296218,0.212301660450187,0.224208010364314,0.242203925433824,0.239203363228237,0.284646760867141,0.254596113649826,0.2700053218496,0.267085924504385,0.16500145825824,0.253948133621106
"UI10-00070-Minuette",-0.159443398605063,-0.181673958973472,-0.0806903308623998,-0.161706719126618,-0.209907846296217,-0.133247090658036,-0.0986315893737131,-0.139273604938766,-0.107991647687938,-0.185213898287718,-0.179251715816982,-0.17033550568795,-0.124141996897448,-0.1411328121404,-0.156754150620811,-0.179010927218143,-0.150890328562385,-0.163938647881392,-0.170733411585035,-0.120649111894925,-0.175673480257964,-0.134985267137457,-0.1722667934664,-0.174299123365656,-0.179510295376635,-0.0704534142416247,-0.159106365158688,-0.166473000849804,-0.206919221092852,-0.189204234312505,-0.163783794051619,-0.187395154507858,-0.183478357765122,-0.165553175160326,-0.148874502694736,-0.160395666696869,-0.147659510289197,-0.157860753052716,-0.162246763626675,-0.146292663988578,-0.190657468568244,-0.131679514092946,-0.157843898417938,-0.155994630903437,-0.137517756902565,-0.162691765070797,-0.2012622972822,-0.177540259880614,-0.158920987161696,-0.194105139092877,-0.128627336388393,-0.147467969494027,-0.163618919510159,-0.150814943692109,-0.126827120248893,-0.141549502802202,-0.153134295016661,-0.0942185488117452,-0.141088342436156,-0.192202535573169,-0.177197319447623,-0.158135687726514,-0.100073717438228,-0.159139388093081,-0.123241507969763,-0.160972573329433,-0.163998691462212,-0.145181598392367,-0.140524928379387,-0.15291444506814,-0.149736748784884,-0.143268051486278,-0.188191005943011,-0.0842117558950352,-0.168026279666458,-0.189504082357973,-0.180817876622752,-0.196191913329644,-0.159755185523388,-0.126316232526386,-0.143979210237607,-0.147976549396547,-0.166048428617243,-0.176652033194329,-0.179073846882661,-0.15635884049594,-0.181055267069417,-0.13000422781619,-0.183207820678394,-0.165603707916358,-0.176628812561813,-0.161938709150219,-0.168763619257128,-0.179562890441505,-0.178246377575016,-0.15357509565416,-0.163411215711589,-0.161951438498698,-0.16880563179097,-0.210160370047161
"UI10-00071-Morning-Light",-0.151549861067923,-0.152649381042753,-0.0740987643580762,-0.120006886453822,-0.0975675773426104,-0.126002473460251,-0.143331886081293,-0.166141365173685,-0.125349921547381,-0.138927265488281,-0.139897994698712,-0.107785187443525,-0.120678979274452,-0.154710604211802,-0.122548578548279,-0.137337067068192,-0.142425201248849,-0.189122862411359,-0.120838027118925,-0.155691105299088,-0.147561581247449,-0.215407342017036,-0.152482105854861,-0.133709668406735,-0.14345008500438,-0.140414567532118,-0.106221062576937,-0.150228970677763,-0.129919268225098,-0.137494974595346,-0.136462610003078,-0.11755368088444,-0.11561112596008,-0.116494405723653,-0.209470954677138,-0.136568289613012,-0.115398985150689,-0.121026360206108,-0.127820039084729,-0.125590178661354,-0.126371848423213,-0.160666275433089,-0.137991272951811,-0.118818543574304,-0.101318453377849,-0.102330661542595,-0.119235430642978,-0.169386442498152,-0.0953005043179875,-0.133184202367318,-0.114424038119395,-0.133422975081658,-0.129957805157585,-0.13281596339371,-0.153459954946033,-0.147515006408723,-0.155530978834933,-0.116834217866719,-0.10688033875545,-0.147155609633023,-0.112021233388137,-0.137122238135328,-0.184497744314809,-0.108941553508557,-0.145127258909076,-0.141901515157822,-0.17347410428498,-0.0759828976125042,-0.110385369800369,-0.0733435550405553,-0.121365057287826,-0.14266128013282,-0.111053624373404,-0.128411312653687,-0.135434957001441,-0.132676963029609,-0.117340468371167,-0.153218781174688,-0.115871536352145,-0.132246838174348,-0.131424174707452,-0.205747836638877,-0.108858594318175,-0.0863416639880642,-0.16606214968756,-0.130804489432208,-0.12434833376982,-0.0990124164736844,-0.136169420975848,-0.114335270172832,-0.144465091553854,-0.13694003790191,-0.173209870350467,-0.102065649016136,-0.146309015490951,-0.137809989290978,-0.0971583170526639,-0.105832703736695,-0.10833960766777,-0.114413362685669
"UI10-00072-Mt-Washington",-0.551898972155865,-0.503797627800961,-0.53191144102606,-0.563737814563166,-0.61604294630515,-0.57888389800356,-0.513343624811798,-0.510214251973965,-0.505290374198536,-0.545120088905234,-0.576999878550541,-0.565445517334013,-0.535988524933738,-0.524332637483965,-0.413565078247795,-0.532096524668298,-0.595971903292492,-0.533017272798464,-0.559503300351789,-0.566632526037423,-0.571514763960939,-0.602385006286855,-0.593887018737362,-0.572347123793743,-0.5517266619163,-0.489157160154691,-0.50731482958959,-0.550747278817569,-0.555609426830324,-0.510278656765679,-0.547568595181749,-0.5344331678533,-0.536665509201031,-0.4484717606653,-0.537103883234192,-0.505853777634703,-0.549847970519058,-0.536631876186784,-0.571908978282991,-0.535700618609429,-0.650117807231064,-0.63391441319787,-0.648346495429829,-0.566699087362378,-0.46405717212247,-0.521303686194748,-0.516286905770671,-0.55043217613196,-0.589448888072159,-0.521007227525947,-0.569025832595722,-0.539179446992722,-0.636938191089949,-0.540926821491312,-0.632875549203836,-0.678439925565237,-0.597890712764919,-0.549676262134897,-0.547393393352978,-0.543379012669202,-0.543243977074253,-0.623760247040238,-0.581657382119645,-0.559573971295595,-0.555785329341278,-0.456879201593934,-0.638790610194408,-0.556213371419347,-0.542050195295303,-0.591855640770161,-0.530159166380089,-0.577951426562928,-0.481060287728573,-0.572400045894585,-0.519362505834441,-0.519315244531449,-0.55442975581705,-0.554006476967249,-0.445339222771647,-0.544429744609481,-0.55648146234021,-0.527997360482581,-0.594871590326977,-0.510970449343381,-0.543630450822532,-0.708944635973593,-0.588178554586733,-0.53102566007981,-0.585894672355709,-0.543386257946819,-0.529365546628103,-0.454325632210083,-0.544661589015439,-0.482199786736671,-0.633520188739047,-0.446514663526336,-0.507102780491465,-0.499403243542754,-0.515633937339025,-0.545028768803947
"UI10-00073-Mysterious-Maiden",-0.100747738978417,0.236903155842574,0.0830350310611297,0.26023890080796,0.246709734530877,-0.0183181980908831,0.0969960284636925,0.156792815499855,0.120402543895759,0.0875924712148222,0.0512141307487718,0.104982424400768,0.0981172488879274,0.100070986686797,0.114861091855364,0.0615362607410177,0.201537766943412,0.0397053242720624,0.0972612684080945,0.113998176092612,0.0737012551508663,0.0423491782413884,0.103242108316606,0.149508259502994,0.0992621053770933,0.122559513402402,0.0847090033088012,0.070095402068659,0.0697521741879039,0.0713915084403918,0.108325850090019,0.222404802851067,0.0682002311606379,0.131190093862001,0.103520598120662,0.0779373475614752,0.0258689726610372,-0.115562629117812,0.105883282942288,0.0452204345614289,0.078800164299696,0.0254005406732908,0.0775838076261873,0.119979240290524,0.0803327247464564,0.066132742267711,0.0724102023035651,0.0238082065214892,0.260390157951542,0.0452407322661142,0.0749330778147828,0.161518026836988,-0.0840608235086632,0.0944772299757166,0.106038600290136,0.0504593443661209,0.0565065989456154,0.0886596007821971,0.0926797380175706,0.117849944973736,0.137107734394136,0.0641920389850517,0.0927575317003516,0.0911045359039906,0.0985929184474541,0.152693984395988,0.138901369805388,0.130945957571871,0.0636560463279024,0.0686868527366601,0.131812657779332,0.0401781351557337,0.063905715150052,0.0955791355430921,-0.0567259614174115,0.118022470758805,0.0861094051776532,0.189058537039581,0.119074167595859,0.0300701518370221,0.0805840396776389,0.0984100843031911,0.070715644135588,0.109342170386645,0.0701929492837629,0.0564047096953554,0.233158912129623,0.0665110721475694,0.0820684978983279,0.092925756391372,0.124660098756097,0.388670694157918,0.07236240208445,0.246141145584016,0.072179362040084,0.279863523181046,0.125617509972791,-0.0507038367736755,0.150438606839108,0.140361214141743
"UI10-00074-Nippon",-0.104452674059754,-0.162642618911224,-0.113610409634746,-0.172831176145646,-0.174854825648357,-0.143842528967569,-0.122241803366339,-0.101670125207566,-0.147067569939719,-0.113050927354773,-0.171887650466627,-0.132751303150738,-0.172689410707484,-0.139180150921468,-0.148047099486698,-0.139280688058928,-0.134129632908308,-0.126193049066506,-0.14930438471722,-0.158392611310755,-0.147225203515222,-0.0878055689424537,-0.0936243121950783,-0.134656844954,-0.109775764734882,-0.139336139945261,-0.104938431977368,-0.111832563610887,-0.12417602032634,-0.137048306919154,-0.159755615626972,-0.178035332808574,-0.148408375719432,-0.133731849015929,-0.119986399810141,-0.0993665157222414,-0.172206846519614,-0.124115838643008,-0.121528920758994,-0.17331900760499,-0.172220591296425,-0.214505313944302,-0.1514840817249,-0.146176986439811,-0.21496879786631,-0.117539243827021,-0.0949539689095204,-0.115770821231061,-0.0648273680528307,-0.207806210283916,-0.196951254501394,-0.19179565011132,-0.116692227325456,-0.113279025968896,-0.105291970450604,-0.148530654775327,-0.0758092533998389,-0.13877748958171,-0.129957537154684,-0.170928186374259,-0.181233928987967,-0.165991403153605,-0.122066155810839,-0.0957395529610009,-0.137244753880796,-0.134139243690513,-0.103952312740947,-0.166903755504442,-0.205790915150863,-0.0946598300536633,-0.118053741297976,-0.113999748490501,-0.085498958513467,-0.197482372204452,-0.0481305100529686,-0.170877659800961,-0.0456490154731317,-0.102968836227919,-0.120089348452029,-0.0927726716681164,-0.182219095795968,-0.191424886227237,-0.0870885948763985,-0.156913166199475,-0.149634610290226,-0.0178220508721084,-0.136760957925771,-0.0566556372173227,-0.158777817487649,-0.0906229916293789,-0.188485505628453,-0.148703430874405,-0.126848839031931,-0.128496021841165,-0.118018196446819,-0.167944957791687,-0.142052579856187,-0.139863559991573,-0.125110719325551,-0.106909613169054
"UI10-00075-November-Sunset",0.114203821342639,0.163301254928825,0.107904351182938,0.195496406606968,0.223680311084406,0.182835830652331,0.151200177499437,0.190064864504849,0.180154651164784,0.184608171163055,0.162200218556069,0.162353382673246,0.147241520762206,0.132605896060955,0.155803081399564,0.194493254101608,0.162006594511555,0.134859852136264,0.154735564238116,0.216513256630929,0.189980537404153,0.16513237534647,0.199255502907927,0.157323013619089,0.219381603893095,0.119797651216576,0.16714953790605,0.146851029318699,0.163309848818957,0.135718944374932,0.184043965818109,0.14391914525467,0.184753612588813,0.166665253891143,0.137518992589621,0.18586202008787,0.228987225378469,0.154734887041326,0.145133929725135,0.183844562461274,0.15490610710809,0.168567913304667,0.168115262504818,0.169920230426747,0.176273805455947,0.176118047597117,0.18539247638361,0.160318642409058,0.153948571072719,0.145521696973842,0.170055848446768,0.132710096072293,0.145920798489061,0.179873639340412,0.152605492370453,0.138508532068625,0.137233151133127,0.194712168512861,0.169865555837791,0.154369317621607,0.200566307024423,0.141715251897603,0.163964573424904,0.207933297399403,0.187387623080101,0.152780727464781,0.166347558114835,0.135673742600667,0.148673056833564,0.1383230041616,0.201315847492415,0.210603292224219,0.18436350960281,0.182036824103032,0.181018842989536,0.20083645137742,0.177632702224365,0.175375712029392,0.190421537348339,0.165817107587314,0.204537996604949,0.232200731457882,0.225543344413466,0.226769179310372,0.146949794277753,0.137887611259908,0.150385779486317,0.164510522400925,0.248697332082215,0.16269015849568,0.162292847999293,0.152479717495716,0.160296882253578,0.200066333569899,0.129849442480225,0.15909872973086,0.192268006512674,0.236085215784133,0.175088725077729,0.181948556043504
"UI10-00078-Puenktchen",0.389553124900155,0.389487674447885,0.41141343017032,0.421714263239868,0.380733411473556,0.39376898808018,0.385964024490149,0.388978138227795,0.37517977750786,0.0281197754452173,0.393590688875928,0.393093385006064,0.379151071545907,0.416796962529568,0.379698878595999,0.429957167301448,0.384148806166046,0.376628444987296,0.337512044977475,0.421823256781224,0.426193532086285,0.370072418973471,0.396924488590993,0.386319282303677,0.349143564155482,0.258473079440994,0.370331648920921,0.197993956756309,0.419993190151883,0.383827954952384,0.388899819220972,0.459153366769245,0.425815590956317,0.389638455846442,0.413482489140005,0.321530307611038,0.359521493761288,0.428610507224612,0.406573377994536,0.400739482455157,0.434967419266521,0.448837331065053,0.442189863198724,0.394724252336371,0.35982408990527,0.399750130217111,0.392082340671322,0.4387712152306,0.417094095871648,0.254908442072498,0.381008114716649,0.320313145500086,0.385272099698543,0.404360751529904,0.400399926971655,0.372571112441741,0.401678914197987,0.147564812065008,0.371651159874753,0.414761179554563,0.402068867844431,0.408743110569401,-0.141831612177148,0.375729483591257,0.380261931772747,0.413416895242407,-0.147687786779745,0.375558246520338,0.419707627132165,0.410091131865114,0.397167356247077,0.406683950744133,0.409835831305177,0.221444371547754,0.412314188116947,0.431257402846268,0.169553309858024,0.37432763672153,0.417730574059198,0.193939760417395,0.375692261768715,0.429992116050642,0.154434341183649,0.369273380388348,0.423094983373596,0.391186076624446,0.348844713055544,0.403338482521311,0.427004257419655,0.411780062612266,0.390526881336837,0.448153560069406,0.383558007369438,0.374453905385559,0.39503577629985,0.362981734950515,0.345986294655883,0.356839793546019,0.378760691050397,0.434847599724244
"UI10-00079-Rigoletto",0.131827541379362,0.149085783794207,0.202489190509308,0.165356134437113,0.192286302577258,0.164428480502649,0.181741365203203,0.211961618167403,0.0926878898759708,0.154416494578125,0.257754261727162,0.143427250803454,0.158019951180578,0.143218571034583,0.151018435712031,0.207433758617521,0.219051505899689,0.217840100104365,0.149244880208017,0.159395050775898,0.131568845905465,0.117541741363513,0.146122919337165,0.141008301631516,0.173303409253305,0.160178539618244,0.0718379995693186,0.0681213609809677,0.141816968048469,0.131840201128307,0.110566692305771,0.396641366209433,0.0554117514397618,0.165412267612779,0.0834862630535776,0.138952784617614,0.148487829122567,0.152046819154448,0.210135101968448,0.18400201942079,0.138478566917601,0.223360751182759,0.147539409949059,0.229726749081824,0.159466624241434,0.197596955632524,0.260618446893715,0.109151262798709,0.149164602417436,0.149092550804496,0.124636434575006,0.158720548157561,0.162410597692868,0.145173241796796,0.163223236746589,0.130839837765957,0.207068643495714,0.131504957064482,0.196166302164279,0.0755574536029058,0.15183021223396,0.187155533625094,0.138686897754338,0.116357960939709,0.0989284540100988,0.123928105852486,0.150553278536321,0.243472258773933,0.15143655522816,0.165078151964992,0.174099727973236,0.180389907458065,0.157518346287488,0.189947421127906,0.155782463606919,0.171287069645967,0.209515690789239,0.148402274342695,0.147075833220656,0.150773730874194,0.141796504698908,0.147080868996133,0.208737104779724,0.14828777370553,0.153683305464018,0.102602202585742,0.272479203997419,0.164206018709814,0.160480077350733,0.205828982254263,0.16111976100101,0.0999014577514777,0.212810530321327,0.187612198990948,0.162149605521154,0.142515219882033,0.15486971468445,0.0288834179546945,0.158104217989832,0.15171514262617
"UI10-00080-Roland",0.231992482858117,0.237159313702932,0.159409730929654,0.222867715936008,0.22276162375002,0.243231943877692,0.304261778128742,0.222452651986863,0.210809560168698,0.257391688510242,0.262315073406743,0.159742475312268,0.233126849680881,0.235220644476213,0.224023373905068,0.234456104878224,0.12547949051781,0.243093099711447,0.265644442340372,0.260003180008899,0.230126181811064,0.247317616137101,0.214128672849727,0.212443038116389,0.197921935351597,0.255396850396221,0.192839172855707,0.286427508551004,0.236238315298952,0.25040177839303,0.219704854380517,0.292847680550734,0.187011119557413,0.11802245668137,0.229481190655389,0.212123171100252,0.172804587394839,0.230149654193812,0.243596518476463,0.250960463939253,0.233079830130122,0.262014524587581,0.269823269214033,0.121842078029963,0.272230067343294,0.22723945042001,0.244218463327894,0.239128165173999,0.24710301026305,0.278947807835418,0.220898049483402,0.20660645381573,0.232816188640006,0.233387391031722,0.162993884772762,0.134914125678224,0.167761594858281,0.204386252959307,0.269448426567616,0.257072893612802,0.177568032383437,0.236214221936853,0.222996781090035,0.152709214336042,0.245180139002481,0.223313646796048,0.221957136392151,0.246922626570695,0.228037025266579,0.232382794578797,0.207455007725206,0.222347117334466,0.281722132814181,0.218893322492732,0.119882246045825,0.165863573456784,0.224600474026507,0.235925607334803,0.237435446757855,0.208621585113237,0.205472491356423,0.162018815390025,0.29017722663421,0.247303667774259,0.225438337892805,0.178337096383308,0.292779181989339,0.292650283063756,0.253210324491341,0.171931156734743,0.215467224961132,0.226371127652218,0.225763391067965,0.238816444443107,0.240779525513254,0.134427034598113,0.279422491131783,0.239002871249971,0.113415177816491,0.25150544956802
"UI10-00081-Roter-Pfeil",0.0934916795588332,0.0655992960865202,0.0673281008972708,0.0327520422640213,0.0163686968060316,0.0639192777698547,0.0484436278907766,0.112996007919873,0.0672061314178592,0.0739567545724993,0.0422175605920243,0.0540420293995944,-0.217063808906836,0.0819823029525125,0.0584277291255873,0.0952949904377925,0.0339581339038536,-0.00497503796444018,0.0365948845866044,0.0452367237659696,-0.283618452644376,0.0583652920682198,-0.00393131217453141,0.0424463936115144,0.030918446493556,-0.253640532578767,0.120159692215722,-0.0187509980611456,0.0174073199042907,0.0750729577797677,0.066477828077901,0.0702736155004521,0.0306206607940692,-0.246738679646846,0.0322486787389609,0.0436397450393553,0.0275148942172202,-0.000443744191446681,0.00703722288301949,0.0461067015223465,0.0150294673865323,0.057520821992857,0.0723828116898871,-0.227636320612917,0.0449896828016622,0.0359033669010035,0.115981077476164,0.0962788135012902,0.0429268239391047,-0.212853054631128,0.0349931190936262,0.0147036894387831,0.0380719580258934,0.0794686436123022,0.0186472034527665,0.0245297881452635,0.148454545829955,0.0379229174638019,0.03675017249885,0.073167013258823,0.0443904526950416,0.0392884759750971,0.0517984396588445,0.0923219876658736,0.118587111762233,0.0454824424362677,0.0748028039885269,0.0261996773044103,0.068071007780971,-0.00331829140251374,0.0964312289219083,0.0554134046808288,0.0557426787938864,0.0340537158312856,0.0244817790890789,0.0878194908112368,0.00078185344780967,0.0193492644199746,0.0599726760048278,-0.0112039482383649,0.0926494366241414,-0.204395038338687,0.0258439474012794,0.0281371894551483,0.126777234562519,0.0587685501578592,0.0998380402599505,0.0473497712868636,-0.245404593125063,0.0602408189786979,0.0863245179093722,0.0269644908442869,0.116527500451409,0.0966448288431866,0.0359342420383777,0.0660442060023637,0.0480380229978072,-0.2420230050373,0.0373410339204943,-0.213532232260433
"UI10-00082-Rotsilber",-0.1270430365271,-0.380453051568302,-0.300762446527427,-0.356934513395976,-0.346634951888572,-0.365553851784897,-0.327690165813021,-0.152463999536433,-0.333090555078065,-0.2995416772707,-0.388140626392224,-0.327311677552477,-0.396863849789377,-0.308309716311849,-0.345694818274724,-0.342935972482245,-0.125837011180398,-0.373795086239169,-0.321413180808495,-0.399061147331376,-0.375545133006791,-0.401375715581959,-0.316520009819,-0.372716089437051,-0.401679147238528,-0.329106203555589,-0.234692819463638,-0.11810010548764,-0.331694874251106,-0.336286798122693,-0.17511245649585,-0.0737769424775459,-0.324381365462189,-0.373803250378131,-0.134533913247617,-0.261842583649864,-0.402903664957298,-0.33895131976056,-0.32349990505687,-0.323050812009067,-0.336468027494851,-0.312218288469989,-0.0980491671170126,-0.358527176720752,-0.341384952859808,-0.346604021788178,-0.363055511188841,-0.316380981250705,-0.370379181737047,-0.349699282150239,-0.125841280882255,-0.363125421783849,-0.359763079559088,-0.353317437935232,-0.155194017135862,-0.0606163358891224,-0.359682119713811,-0.327757805067745,-0.338390839709731,-0.34069264122578,-0.38591292440156,-0.381493096967263,-0.324058268793556,-0.34395679710746,-0.3630739907902,-0.311641602435613,-0.3354412872359,-0.376613572947545,-0.329387681998817,-0.37022872461693,-0.344610939928128,-0.356170667333493,-0.368029893139472,-0.362798514949179,-0.123615418825529,-0.33113443740933,-0.29667020126549,-0.359160553492717,-0.290752320178098,-0.346699347250701,-0.365715321899693,-0.358821543860906,-0.336804301834875,-0.361766913256517,-0.136200099207507,-0.0877856233837201,-0.339830815346732,-0.32834397367165,-0.438909922781041,-0.349919071789095,-0.31178503304956,-0.327181608639959,-0.362359077161454,-0.112586677209108,-0.327391593811987,-0.144434024677995,-0.337220444601067,-0.344236122294724,-0.37575536455755,-0.331050305662764
"UI10-00083-Sarabande",-0.883649167275238,-0.385691492005752,-0.836236337401108,-0.722849532974287,-0.768184727418988,-0.86951908871806,-0.498069339675486,-0.797403656295402,-0.756235008359825,-0.743381810518722,-0.79715725870951,-0.72394284754395,-0.782871544847087,-0.774634615139473,-0.876295459468508,-0.775206976412768,-0.777327137566971,-0.785395614584054,-0.739751888541766,-0.732240293495076,-0.803650557880327,-0.77429390560472,-0.86834973945555,-0.77370129480276,-0.856286368875189,-0.77127958493811,-0.755686505017498,-0.784504728815456,-0.764847179045232,-0.860543849421936,-0.858916231951971,-0.762094953566355,-0.761135143943922,-0.734622138941861,-0.759788220200863,-0.754302319306007,-0.461864121154156,-0.76605499649294,-0.770083072716704,-0.776366657166722,-0.796545295035782,-0.733634846294366,-0.776391661261208,-0.582677626997743,-0.502977792532904,-0.768265397434409,-0.744296799021718,-0.694529081327086,-0.733780502482268,-0.752528768397899,-0.781758535451162,-0.386704650754331,-0.778278461494998,-0.788649995457838,-0.785296893852768,-0.536702718761287,-0.79551052246666,-0.78571739803708,-0.762595344257577,-0.783554222819839,-0.766216996869827,-0.447226083594693,-0.790856043023587,-0.75898636481498,-0.759542185091274,-0.762296068027494,-0.782527992664245,-0.806331945361467,-0.455410710419168,-0.757909822635032,-0.756200107946509,-0.786268636444035,-0.773462099610562,-0.768782965357118,-0.76832574176656,-0.712612086311008,-0.791102315778047,-0.827540787521398,-0.711578878901937,-0.751289099716149,-0.788695505161008,-0.750233646839985,-0.758662041299125,-0.823889217797968,-0.77539635734651,-0.785172928266792,-0.481780702303965,-0.775667691593174,-0.472727221943624,-0.775150920380852,-0.774527981601128,-0.438615304450316,-0.748171849037206,-0.451634910842716,-0.793696856145357,-0.836727974671943,-0.476771248979174,-0.792801250971415,-0.78562767284636,-0.812755155509554
"UI10-00084-Silberfeder",0.0079195682664389,0.00242953483939029,0.00159133456316162,-0.0681228247390121,0.00242045661490911,-0.00196710778553186,-0.00486109318308055,-0.00488830241535353,-0.0114982473734721,0.0142295336161412,0.0129746126095857,-0.0022183189517065,-0.038292270898008,0.0519755837292501,0.0674046385864995,-0.0755536752757205,-0.000326577519949878,-0.00910487381840621,-0.0321315503989416,0.00708559267957653,-0.0814864292468802,-0.0106041519968214,-0.000954252632949872,0.021861718065379,0.00370104059825858,-0.0719727333066712,-0.0246008682724405,0.0504115722638233,-0.109500730411048,-0.0132190178680384,0.00142541096822611,-0.0409128321742497,0.0311815882406729,0.0334724470421799,0.0670565125300606,0.00134936114341162,0.0221583118584934,-0.0109733911602175,-0.00786556749470527,0.0325923736909919,-0.00356679278550039,-0.0512172803692385,0.011076723889452,0.0325563383510522,-0.00831862561156297,-0.000412358658847923,-0.0215095195475031,0.0829889438443459,0.0333489702644003,0.027265544241266,0.108919921662077,0.0223044523302779,0.0251737525953154,0.0392830832225981,0.00447811078550048,-0.0732928086851037,-0.0122986780504706,0.110080393554557,0.0340811529769867,0.0577538588737557,0.00334581441411652,0.00121540394457864,-0.00188519567974736,0.00456933281504856,0.0131481843313492,-0.00637127174221385,-0.0460101563538709,-0.0611455043099384,-0.015829384828356,-0.0236288979543977,-0.00119784786433813,-0.0416338729812453,0.00211288195005642,-0.0936502629537115,-0.083827792411279,0.00138241877836577,-0.00256103102878058,-0.0518132891833116,0.018256568302663,0.000658141094759791,-0.0176563298324441,-0.0521683191193213,-0.0095069357843421,0.0151456435796422,-0.0504710046888695,0.023478288404394,0.00196502847674684,-0.0225366544709824,0.0176216465986737,-0.0111524894409264,-0.00239835985331644,-0.0430805917247229,0.0157914938492476,0.00567670946631615,-0.0222855415877803,-0.0218824458996421,0.000642499891105735,0.000587722628638586,-0.0739588546698054,0.00873577724373612
"UI10-00085-Silberfeder",-0.106716810977016,-0.137008119647933,-0.352115259412476,-0.170458280449402,-0.202470709955071,-0.225133290519629,-0.162129831297068,-0.208314034346653,-0.223770748063033,-0.172197145515629,-0.170376709119371,-0.177299580526426,-0.218540998021365,-0.0341227471630084,-0.148242334592315,-0.222120155268026,-0.178577504519181,-0.169887641560161,0.00767898765309129,-0.297949889183087,-0.173436032970132,-0.124588804397647,-0.102122481225668,-0.0802376907958776,-0.200702365185291,-0.159049777969162,-0.146263622355642,-0.125463677703534,-0.217291952936879,-0.0451040566048992,-0.15778012736752,-0.137332268947121,-0.181083762389641,-0.0722242910460861,-0.103748094314551,-0.176513919747735,-0.157705101270086,-0.184680739717758,-0.277186397523367,-0.169549903291711,-0.127631255953349,-0.211750522355982,-0.148176360855619,-0.172643058418712,-0.121354572042774,-0.0936356086454586,-0.198632431201105,-0.147082341405921,-0.125172225195704,-0.121618117435511,-0.171925574490954,-0.0633300559387068,-0.201079976584369,-0.180025292836745,-0.0245434244923552,-0.0584606701043074,-0.134978157560947,-0.153089554214559,-0.183700583553438,-0.09202976368899,-0.116591400156442,-0.174235689472533,-0.117183866751609,-0.199779384570063,-0.20184808232867,-0.136402580421635,-0.0948253020871385,-0.150852742268495,-0.156926582620911,-0.17189423106985,-0.213456681698017,-0.243127134056569,-0.265330421086518,-0.196507542401606,-0.0732099183835548,-0.259980027332927,-0.107494637190874,-0.16848382449989,-0.177769690281416,-0.107584514670136,-0.176331115201451,-0.159034716708502,-0.0194376009035308,-0.0289524357715577,-0.145362994866751,-0.220823318413444,-0.235560192633039,-0.221390893617483,-0.135792143577729,-0.192997953010885,-0.148685780997306,-0.160177024187576,-0.193089245694743,-0.163136774986282,-0.190000342466395,-0.0463666436715603,-0.18495437661435,-0.153598707191249,-0.133554463595873,-0.225585644627173
"UI10-00086-Silberfeil",0.0255978558504648,0.13769003428749,0.026918573122573,0.0102591031658633,0.0175263101684594,0.0167723193768652,0.0395637998288068,0.0382738107630601,0.0745438616841163,0.0131549436734329,0.0418754342822667,0.0538151561082342,-0.0324644747192096,0.0001706590478683,0.0407909313914179,-0.0723851216804606,0.000230403026302827,0.186635322497309,-0.00523883598515088,0.0320251322165966,-0.0838138880571448,0.0583591756865964,0.0349065814643987,0.0558448836496574,0.0485783772028714,-0.0659216871954969,0.0502292576956152,0.019767803655253,-0.109286529974799,0.0302862634294557,0.0862138815248662,0.0424292097028131,0.0186367471547996,0.0347373366703064,0.010797987425957,0.0159691126265005,0.0203818646811734,0.0471481644086952,-0.00246039887868663,-0.00484356256987706,0.0182542782910361,0.0245930977234351,0.0318074300064496,0.0296557087956517,0.0820286980382939,0.0115262262940508,0.0247107364783706,0.0000975529794981719,0.0303925031473806,0.0421230745555813,0.0195091542287727,0.0405674570321662,0.0299887864273456,0.0519565053280306,0.0186308805602693,-0.0709054001733147,0.0402523240688725,0.0244439839331503,0.0223382917519686,0.00207494631065759,0.0802812757846529,0.102692887410537,0.0515046312892376,0.100744389349363,0.0750319592367225,0.047496456397401,-0.0423828818832787,-0.0670246455915006,0.051330872590661,0.0551571584891073,-0.0240512985454822,0.0384362863019433,0.0492828989078419,-0.0971719489968168,-0.0677083486791936,0.00977873625587502,0.062611257381058,-0.0537880812414291,0.0383285250815407,0.000981531470797404,0.0521426178965634,0.0189566993559858,0.0415480944492897,0.0170125503714723,0.00170555530178366,0.0846731344512778,-0.00658606307222396,0.0243208274875298,-0.00290562849602005,0.00404591812824689,-0.00389418942275307,0.0774280605192976,0.0106862306303051,0.036060474880447,0.0684283050432374,0.0568258503172968,0.0790542512733974,0.0012460661298586,-0.0636533212386559,0.00940502870139426
"UI10-00087-Silberspinne",-0.457509176502442,-0.480467477379223,-0.444259213847781,-0.493993800112011,-0.443529899367381,-0.463393969825221,-0.481211165497696,-0.439292918436476,-0.446222507300591,-0.447074401962067,-0.437023468755852,-0.430279034629139,-0.502754649691272,-0.472718690658652,-0.438412838347486,-0.431492359356733,-0.457709338514622,-0.430740990908845,-0.445121174503703,-0.423800581132484,-0.451731982531612,-0.433074680405868,-0.361144697180258,-0.455133065173472,-0.419357566293733,-0.450934050455369,-0.429743323238632,-0.42459807414886,-0.503927399918622,-0.500389616140721,-0.435221836372701,-0.434821825237658,-0.38073926705348,-0.479641991396273,-0.517937969028843,-0.519156298225448,-0.508598203119293,-0.438617480021995,-0.432054377890933,-0.417060246078552,-0.412984585831575,-0.426395122233727,-0.416777343504775,-0.436032001567937,-0.439784127980835,-0.469901659730715,-0.368554335990804,-0.437303642734224,-0.458349392036584,-0.448616825831303,-0.428817429717813,-0.421021783595628,-0.370595348917863,-0.410889233420305,-0.434284967020296,-0.317575378010365,-0.438092509661496,-0.496921845264279,-0.432302129341634,-0.415407541479056,-0.449486886867722,-0.439287889539707,-0.356828519669655,-0.455066985215942,-0.449166672027517,-0.435908439281974,-0.393912329287499,-0.454731561619319,-0.457676868421921,-0.432270763981826,-0.329932016497966,-0.353990871729563,-0.450046958232401,-0.475480564496207,-0.328800580038328,-0.489535055699121,-0.465971003776911,-0.444410270915556,-0.479247498362401,-0.505822163632144,-0.441009350047466,-0.481009598223357,-0.432762742777565,-0.444389792449821,-0.436848043184337,-0.50591644158969,-0.421146703101919,-0.451170071452722,-0.413722517962376,-0.450767724739552,-0.449607283214409,-0.434048344838145,-0.449865015351741,-0.524971611571004,-0.368888698131195,-0.434554777827855,-0.432335005488329,-0.47786676553225,-0.46402038348279,-0.458807655742905
"UI10-00088-Silberturm",0.00670249697850888,0.00290516233362935,0.043786695300298,-0.00543214548594924,0.0000563686073089545,0.00327875653838937,-0.0122118296107737,0.012316039830672,0.0201287565265984,0.00675253113949057,0.0220201630911122,0.0226260218426198,0.0208831537278997,0.0228184685974207,0.00187393045017587,0.0280326869604496,-0.0208155351852492,0.00254282842002987,-0.0101939274909502,-0.00485512041260644,0.0300317360581363,-0.00213837818349979,-0.00136858918288683,-0.0236890800390401,0.0188678559749738,0.024947025795078,0.0579596441660603,-0.0224381913711014,0.00283389200732797,-0.000881177262504139,0.00369207328714826,0.0213830932050535,-0.0285355050657287,-0.00157376559840901,-0.00126822026174908,0.03751943272196,0.0338682121485817,0.0133454740320466,0.00335819132703651,0.00447833018463739,0.0176514056877733,0.0101957192493729,-0.0209193893931186,0.0360003348079462,0.0128159170088321,0.00471960683209058,-0.0161951145698936,-0.00765711454632271,0.0146119060244919,-0.0223232328956597,-0.000655138691054091,0.0044404148429174,-0.000824440350983002,-0.00358713480636665,-0.00225131469255383,-0.000568680160847773,0.0545658111078737,0.0165319260384251,0.000210740565795166,0.0169915101413743,0.0626521942642642,0.0101828381240089,0.0225715813822929,-0.00592833398850505,-0.00709273539029784,-0.0160220631877036,0.00123773975809279,-0.00684675671200424,0.0193443999387225,-0.0220859418844767,0.00451302215000191,-0.00884180508308147,-0.0107987799575046,-0.0164423150973714,-0.00141712078781259,-0.00202544971317445,0.00544854908016482,0.00187868842040364,0.00266824620784534,0.0651700667357304,0.00978875104377479,0.0398970934210114,0.0179654445846638,-0.00321503750875011,-0.0416942434180814,-0.0195556185911902,0.0103775364014472,-0.0130087600770574,-0.00915272242354698,-0.00326516645053235,-0.000390601095982652,0.0270409126477143,-0.00381491550894725,0.0113153155755924,-0.00658963698835496,0.0471786348078761,0.0115474820780075,-0.00195137747735781,-0.00235568149014024,-0.00901985761225534
"UI10-00089-Sirene",-0.245797040444101,-0.234261741572998,-0.243659116167617,-0.278484133007997,-0.260191001946351,-0.255836262980057,-0.251257670070839,-0.267648809686754,-0.312049949411201,-0.280347435181152,-0.271730648514455,-0.249779293707047,-0.21819649322176,-0.241299149634434,-0.242038231580663,-0.299416360008945,-0.257477204758505,-0.268316976427358,-0.248442962123206,-0.288436762637516,-0.284327977620691,-0.283735173230326,-0.251712272830558,-0.250039774852402,-0.272931401487163,-0.252104667831391,-0.258931768969782,-0.279138736310563,-0.229692631926892,-0.238491325591098,-0.226930930048646,-0.242791208349464,-0.281944258656278,-0.247698978848238,-0.275368064607302,-0.246606582536921,-0.257163974888996,-0.240536903526438,-0.245296048394498,-0.258280884487948,-0.26705108051296,-0.288637510918789,-0.226466656078351,-0.22877537695263,-0.214580475781799,-0.249888618674328,-0.256468129947835,-0.25045505086755,-0.288716691520927,-0.224331071305244,-0.26004191765447,-0.290865796843557,-0.281724499718991,-0.262865220300634,-0.268508253734734,-0.286773309224022,-0.287673409998403,-0.252998442116293,-0.26358701556209,-0.273672582616072,-0.288438395780676,-0.316449164168522,-0.262601003720741,-0.238630806336752,-0.277158568012838,-0.259334027998902,-0.26212992852893,-0.270191051333601,-0.264623919612372,-0.278567497522982,-0.273676738135374,-0.259629260012679,-0.280271431594766,-0.264181498414394,-0.293162162970794,-0.277816729058188,-0.280714072126388,-0.272816238406383,-0.284394673241881,-0.225042066533944,-0.254873327440523,-0.215534883811056,-0.245505024611189,-0.259971088377277,-0.243296127213814,-0.274794586217283,-0.262617391763358,-0.283500298558539,-0.253763612207268,-0.285597721976853,-0.271067794669877,-0.280497771216609,-0.280014779008157,-0.252482304625733,-0.27003632582627,-0.264102275031703,-0.256474467922531,-0.246222898951207,-0.268362281235961,-0.218341315264452
"UI10-00090-Stardust",-0.086796437805424,-0.0677262779348851,-0.073064432216325,-0.306153083722351,-0.093528277756129,-0.0981947692370764,-0.0494081827388574,-0.336034551451336,-0.0442453512555979,-0.0589223437166043,-0.0554397518981008,-0.0781122767210841,0.0958488011783596,-0.057954229627929,-0.0722896898000046,-0.0741990418626591,-0.0561423897094212,-0.0648257106639034,0.29521112788827,-0.0836438197088914,-0.0736906522334456,0.0564106990169205,-0.0503398180965085,-0.0795309492287633,-0.0470991978262723,0.0159037900040361,-0.0557426319757886,-0.0944955866748197,-0.0349849157086068,0.0864053862117814,-0.0371096571586685,-0.0797889802252561,-0.311358937482933,-0.0634200309322541,-0.0636163712660875,0.0677603556836491,-0.13447717809101,0.0631244182782358,-0.0538992832749553,-0.0930113380223934,-0.064568686247294,-0.109424287955943,0.114159824287489,-0.0446385711120085,-0.0331862377783838,-0.0628373874121423,-0.106288003180783,-0.0622005325705782,-0.302990853522444,-0.085282609310198,-0.076504171347491,0.066584117628354,-0.0846947324242237,-0.29896405813595,0.0781760297258588,-0.0870874524892255,-0.337778389773709,-0.0629187330378339,-0.0706077446094385,-0.100493931485654,-0.113830877785689,-0.091231951140333,-0.180928861540693,-0.0638017247007811,-0.0660065673483478,-0.0816045509173512,-0.128500516004662,-0.0698060540720854,-0.133051298147028,-0.0874258947772187,-0.132778354593269,0.0903000900392511,-0.0881000792192965,-0.0317134189757913,-0.087782290717563,-0.0548188202094573,0.0794868066921311,-0.0516168636355608,0.0991567613079384,-0.0864830220533721,-0.0575185890345525,-0.0668244606224039,-0.0409315983678687,0.0578436360026244,0.0597634172362095,0.0612315915557535,0.101181607027381,-0.0814957190813667,-0.079212509719803,-0.0881085528879591,-0.0808729990005303,-0.0847569229809414,-0.0760145313211793,-0.0804919363830045,-0.064599376215195,0.0799654270983208,-0.0591076607750252,0.0961487323839722,-0.295299009000293,-0.292966636312968
"UI10-00092-Strictus",0.402245334882809,0.372112278357677,0.335388112672373,0.385712054821651,0.300412891390579,0.407904392086232,0.375206924376618,0.289469956513229,0.281984302878738,0.236529268606434,0.409632343601006,0.32469566297332,0.402922015385069,0.479376517310307,0.303574691106475,0.315067986251978,0.389332447900307,0.29296738061989,0.376274439296861,0.319561363083501,0.340107363348854,0.291755852150256,0.346495789033482,0.323731951140958,0.385577283645053,0.37171876031837,0.33889314848794,0.361524684789454,0.294912902750802,0.343216362618485,0.342898280298604,0.368274226069878,0.33094590219866,0.363230378439425,0.380242774570957,0.404082820060598,0.401892479636228,0.332791033820113,0.265272587379374,0.395682732954581,0.29887164708803,0.399607014023364,0.370209810284781,0.199532659037026,0.354102081810427,0.39892264091079,0.341077286171298,0.397765726028989,0.181747130002999,0.392549087199096,0.434265834879951,0.367204890104602,0.373272514921205,0.163631114157159,0.349223645630881,0.385041861826259,0.35843268622624,0.313202160248873,0.427905231807657,0.372187329391812,0.378263524990971,0.418094794281988,0.378224253913577,0.372551479722897,0.362896805325842,0.360668944943739,0.363429279587297,0.427178359662822,0.388453786983374,0.454137293938269,0.384466081791553,0.374929285547864,0.377373973822599,0.437478542179508,0.341625899559691,0.376713844525939,0.393977681563676,0.241536577241489,0.447719532040752,0.376545286218426,0.278394112367046,0.375636665299662,0.286666260108007,0.382331175899748,0.372457261696347,0.407220475840027,0.358255279318911,0.38095759806811,0.39900106343846,0.404831602636167,0.429770266220789,0.35025253733245,0.392772049032812,0.39814117364569,0.376532534885824,0.244650700618299,0.405447184354614,0.360576813274865,0.236486893628481,0.384264998999842
"UI10-00094-Super-Stripe",0.287598214592203,0.299758089705171,0.25056975723244,0.371627128142132,0.306637798064997,0.367424787803642,0.311481328464539,0.316418143126368,0.27551187768596,0.302364344811614,0.319005036425624,0.380248048309061,0.313571622857503,0.278781656082234,0.294013741244625,0.277189920402765,0.286033650218204,0.30984021103901,0.291475695661567,0.326624905504218,0.255171612252647,0.286712970603995,0.300943934582082,0.279124219403849,0.313051319545252,0.249286263025168,0.285018801924178,0.352271916770054,0.255489549052254,0.310896479911133,0.283064237847576,0.257466779072331,0.285187712368944,0.355477988033551,0.279898122679487,0.297358009489529,0.265411205885692,0.281614993124178,0.246063516361554,0.321519264677338,0.286136630992595,0.386344196534317,0.277196153397714,0.224028155069384,0.346601514916353,0.28989219532141,0.314262224656757,0.291363728603102,0.289130514664248,0.15091943910276,0.260536477828268,0.313332672816607,0.297119580913621,0.32691083829539,0.287495004631909,0.290770431302587,0.0906073087030916,0.279977076127613,0.17920576681048,0.239504670970278,0.285920598884656,0.251795224525751,0.180396713961236,0.303318886329245,0.301780732777633,0.288749979121011,0.296291451679608,0.318817579002746,0.272249187402744,0.288003473432623,0.221938038815839,0.293304551755715,0.319964728020588,0.277906663808846,0.244860093998803,0.306174188425497,0.295477762551349,0.191986809821406,0.251460712456095,0.288253067753417,0.359075210489141,0.391750374151928,0.296317534540869,0.244658733434905,0.248311859325964,0.314578898212464,0.327559227875255,0.283179199703111,0.301979926988296,0.298826824289594,0.183890942739011,0.256234524100346,0.294596141477102,0.251620210073704,0.3440552160433,0.19398215699664,0.33051475940983,0.327297156223778,0.282014789796204,0.137101303127047
"UI10-00096-Undine",-0.113515508158726,-0.111378559879498,-0.0631860302593496,-0.163847361055901,-0.122259011072772,-0.0508886808042013,-0.136796252688015,-0.204694314191226,-0.0870984286419274,-0.164653541558531,-0.0917544784258578,-0.0763514358123343,-0.132834151581299,-0.156265249657267,-0.19501114327332,-0.0942619958938582,-0.122657385026635,-0.104507605098981,-0.107083968277244,-0.105457213930007,-0.151591432546153,-0.0932286226439947,-0.110058444225661,-0.143016350452112,-0.099577607547766,-0.195921134732026,-0.123475142194746,-0.194464783065493,-0.272778673535094,-0.227039427879782,-0.109374085656347,-0.150739847899645,-0.125024292525775,-0.109997846824394,-0.138353922342194,-0.151816162007885,-0.171211149279499,-0.133667793106396,-0.120777663222298,-0.114363494098522,-0.0458296885084907,-0.105892527423433,-0.166332758461369,-0.136708258872507,-0.140774767085967,-0.0941832950255328,-0.228300931492904,-0.152055763096937,-0.241963412791145,-0.104031693762884,-0.134777102656771,-0.129078109499522,-0.0356133273690764,-0.106394047490027,-0.14282252797221,-0.129512556059359,-0.128849714364671,-0.121365062745066,-0.138981018292788,-0.149426654368226,-0.14973376341899,-0.0921770184443469,-0.123070829341881,-0.118211466162597,-0.124529667805508,-0.128326845624307,-0.198018726811331,-0.112252143923279,-0.109721289778913,-0.103938753343422,-0.142420721186344,-0.0900953348432948,-0.111971172801512,-0.120582393525137,-0.163743018784007,-0.138391117041045,-0.18437791979561,-0.126484330384201,-0.0935529673377148,-0.178349373310349,-0.128281431550286,-0.196100643670632,-0.134539077738929,-0.0920490080738841,-0.182134572474749,-0.104588625664663,-0.101478573269095,-0.167532863244452,-0.0929112738131242,-0.091939260120671,-0.219408099359656,-0.0784092242948668,-0.10392970085822,-0.150666611234063,-0.11595113139467,-0.0914313916378173,-0.10289901939797,-0.0897009552182402,-0.177265692683437,-0.136018055017162
"UI10-00097-Variegatus",0.152963522923321,0.155346951316033,0.208535265594027,0.118252907221662,0.205974475756536,0.154466400575237,0.189087502524323,0.224467892348564,0.116565099463497,0.133724288432532,0.12424417561228,0.0756666313310661,0.0790483493691698,0.0702605589162401,0.0844192258934858,0.220002607272175,0.154668879566995,0.135775821381275,0.137507665703049,0.159347660041307,0.128071118123318,0.132663132034564,0.0281759771979549,0.0414594266003013,0.189286040287533,0.146181704000617,0.134770479586663,0.091053731506315,0.124839635697962,0.132626003888,0.125528075713311,0.416435942708143,0.114690011558988,0.130945471275785,0.131874658536637,0.132830580975563,0.126333401108456,0.115707812861691,0.220273388766268,0.118723285498257,0.13763924824728,0.25092649971047,0.150721928378844,0.108493455426951,0.0958198475415796,0.117367739816293,0.265905590634184,0.13084642082219,0.141747728288409,0.0618940412756393,0.124453628501655,0.0756936196342789,0.106843722216928,0.0804018757349427,0.131933738531341,0.108915093422349,0.222262830847592,0.138763234201543,0.131212335204921,0.167246880512128,0.121317527053916,0.127158618719626,0.131478069636453,0.123943727009948,0.171185081453788,0.189248258949744,0.132370939589839,0.118203506224919,0.114421326669906,0.126338124253716,0.237025202454704,0.191520368347212,0.0616929477664218,0.157666778529011,-0.0728550289054245,0.143173816142595,0.219945210691232,0.135139058632839,0.0427409343004413,0.130587410958121,0.121511752016708,0.109515900320885,0.126947558658034,0.104433205794868,0.131214289643141,0.182559299118808,0.112364266723434,0.182171057473482,0.124685617441357,0.127747313719422,0.0170213162487493,0.150118957415156,0.222618621552556,0.129719635374877,0.124359890920584,0.0809547910725004,0.128718194730517,0.166352385255113,0.1131986028816,0.0320690428768981
"UI10-00099-Wetterfahne",0.0884884897858478,0.0403430663706777,0.064478247809354,-0.0440354822199443,0.101088522892827,0.105249704531189,-0.00256940360579248,0.0634478126151823,0.00910055658456247,-0.0245634877382476,0.0707999257529137,0.0354311855183496,0.106686670863586,0.0792143863909364,-0.0480530054417411,-0.0195150855929076,0.155759598945453,0.0720451089305664,0.0415135508222381,0.0530246247987278,0.00942646140185227,0.0875630952155842,0.00398443767619793,0.0966019208205091,0.156602117463534,0.0742684510568871,0.105677340467485,0.040964118141474,0.0785353142914065,0.118914556514371,0.0633586711686928,0.0923460385379763,0.0537440496951306,0.170992129944567,0.139464786412533,0.0537210397466473,0.0378815184795568,-0.0218250898683521,0.0992644463821877,0.0700969480403759,0.0509269806138156,0.157588476838909,0.0478132331995856,0.144940692298638,0.118280290705741,0.0931277647517682,0.0729934425871736,0.136049337801236,0.0947061685383142,0.0914065638964237,0.0873992210125532,0.0601381261313147,0.0620529113589827,0.024453213961461,0.0449812064405714,0.0725092394132026,-0.0017268775303336,0.0878032160842349,-0.0147026702268743,0.0842163667570214,0.0461203780524387,0.0687098818003499,0.0873522785258397,0.112044672329064,0.000106033669607855,0.0469135976720548,0.0397107008783628,0.071426592246024,0.107763200618126,0.106710127269712,0.0508404927727269,0.0696630465037635,0.0767347078074827,0.0574274767886935,0.0371962811259458,0.0592785560097115,0.0660879327266862,0.00328926944685367,0.11671520078891,0.0609728260687538,0.108366799346248,0.0953789918245934,0.0566826875035729,0.0823077785072533,0.0872463661861216,0.0959823093212894,0.0461541081620609,0.0262142713806215,0.07061985312033,0.0644056468051869,0.0628498818892004,0.0493350589192066,-0.0185978346582811,-0.00825674067570891,0.0108329181442013,0.060558732115536,0.0853262070331793,-0.019183714098655,0.089998199729082,-0.0725589087959305
"UI10-00101-Yaku-Jima-Dwarf",-0.866992775531221,-0.906919653667013,-0.92458822612357,-0.876142219738029,-0.867233652975418,-0.859080499959637,-0.850415351268022,-0.814564639665418,-0.823518739879978,-0.919635616605915,-0.937447116716961,-0.743417990007751,-0.883001183695001,-0.829871985487498,-0.8801441275346,-0.907938032511378,-0.856069951483277,-0.8429591711348,-0.808721902371816,-0.86907957525091,-0.811958330893715,-0.884231989761854,-0.896587328225821,-0.864092407390455,-0.966989204743894,-0.786684240520486,-0.862609022803235,-0.858133229305618,-0.911418295020337,-0.908193845715208,-0.835491968368211,-0.902417751554232,-0.8575470619857,-0.97748127397734,-0.930576221961091,-0.929102502658242,-0.875871626633241,-0.790921818837744,-0.849032891282636,-0.876185087650908,-0.897478600521372,-0.84423905795951,-1.00824937631809,-0.907895740384438,-0.862120613505802,-0.896634281948266,-0.888943372568888,-0.931716841096084,-0.83246051859215,-0.912909542765719,-0.918948910554422,-0.875343750021045,-0.886247325286808,-0.865215095283458,-0.736479376242728,-0.896174536019126,-0.880392345218292,-0.936068456135502,-0.930209847720175,-0.860036666610756,-0.827867843680119,-1.001301845086,-1.00127274471305,-0.901874831531474,-0.809203560255458,-0.895106682200588,-0.891296010758402,-0.902993877634663,-1.03018950848088,-0.751716948558548,-0.800404253728592,-0.874561218734804,-1.02717154721478,-0.903343124906878,-0.907065511265741,-0.898050325527777,-0.913297958629552,-0.759737681725317,-0.846147684729389,-0.92316105224658,-0.922480027726381,-0.757835795654359,-0.736553265727355,-0.826362519578014,-0.971489905574855,-0.942393547814907,-0.884506747329307,-0.992702787003962,-0.831482446342993,-0.884478517693041,-0.891260109586997,-0.889775261529155,-0.882784815045571,-1.01295321128713,-0.835868960313151,-0.879556848090742,-0.926112319519325,-0.876503950448864,-0.868782901879595,-0.876085767346283
"UI10-00102-Zebrinus",0.155814392697431,0.265801973813281,0.171833398733578,0.269891052325847,0.194864003385794,0.212807058995671,0.233109093896813,0.158742393143487,0.173057518320993,0.231745709148466,0.141790418774481,0.266919497426272,0.28977639413224,0.216266172632208,0.265130982768647,0.259807497972721,0.230098651500269,0.214171287112092,0.217157902896269,0.188568487602641,0.227152338077862,0.193691019185822,0.111752892523277,0.200993407664565,0.207352592267637,0.227443944801866,0.183565303590158,0.192545813076791,0.222222128699515,0.0921832753554552,0.233183251964143,0.0250387101138658,0.306860214643261,0.255049409684357,0.249332724082797,0.209985152951494,0.250182566569655,0.24960803566246,0.187301775083319,0.252348633874723,0.230815349733466,0.203132366511132,0.244039668217457,0.248327074118918,0.181451087467823,0.187989690611958,0.148583627695009,0.224739298480962,0.214197403967776,0.168646713014569,0.174289726648671,0.182551463279786,0.180961452963246,0.247512226681153,0.306330666236212,0.26294527620429,0.203683246614321,0.205806263505151,0.232584335911083,0.244237732539349,0.230379764327845,0.135065161461497,0.198091376187636,0.237401658602231,0.154002844508724,0.159870951699859,0.296069650695832,0.299622986588266,0.253407177563223,0.157889150946355,0.178726975736742,0.27785471031065,0.168949598036259,0.100512965714245,0.245112582534832,0.289614431897236,0.227627734656458,0.222592925292921,0.205794553059378,0.143616255625961,0.228797607063101,0.125079419613887,0.246453138529569,0.291095952624325,0.200290912092789,0.261703168849022,0.17501756227529,0.224175176899806,0.146499636947556,0.264439200818776,0.210543239549661,0.25542427674577,0.19562330506925,0.181970701766958,0.23939587699391,0.25200939275145,0.265589426201234,0.212979301866718,0.243388393120213,0.175276526439794
"UI10-00104-Zwergzebra",-0.0681374195630424,-0.0963827735398074,-0.0844425409605107,-0.0782916145077605,-0.0853762846912519,-0.0959255825235501,-0.12323428350432,-0.100468194114798,-0.102390013628525,-0.129490037932001,-0.0721595437273687,-0.11459659834898,-0.0806589854034306,-0.0699592273198795,-0.0923242784797671,-0.110161319788934,-0.0563702939710955,-0.050526410090779,-0.0814844883810172,-0.0666990621079587,-0.0842122434928702,-0.0814402019856845,-0.0794168186491206,-0.0751133185406173,-0.0358540747841652,-0.0952330646548798,-0.0443123043643378,-0.0947003236599143,-0.034229396485696,-0.112350912615099,-0.101664968981605,-0.0808663356393485,-0.0976359325136045,-0.100639563127256,-0.0840150597322665,-0.0829612560600811,-0.0579036324829289,-0.0939868949105407,-0.101759974250456,-0.0786343334275273,-0.091754849051337,-0.0508203014528173,-0.112303029613532,-0.115782123960205,-0.0632631645948895,-0.100110391099458,-0.0980015409739608,-0.0400840745830026,-0.0578499055850128,-0.0794339903953701,-0.0722807932866063,-0.0855791636896586,-0.111515456926207,-0.0778729800028144,-0.0744313262962472,-0.0929488053552355,-0.097161184742312,-0.0766844622015111,-0.0795830844705336,-0.0437851106808025,-0.0736607690012209,-0.125449418225672,-0.085264507809962,-0.100003501462158,-0.0926579908023748,-0.0929234195501651,-0.0941904629489732,-0.0844935755660107,-0.0543175264210471,-0.0852017385555846,-0.0810971477976125,-0.0827521858186221,-0.0826677154818858,-0.0680023518398328,-0.103676161441144,-0.0521070392241694,-0.0906755847717355,-0.131276346661043,-0.0734616098476777,-0.0316575118826148,-0.123891084983824,-0.0946768187157774,-0.0736594516446841,-0.039265008928026,-0.107994644958619,-0.116923788468925,-0.0718020485501451,-0.0857880249873204,-0.0693804468171054,-0.0419663144062915,-0.116669101222261,-0.106244937930082,-0.0978517683026941,-0.0832449383558227,-0.0943978154039771,-0.0568486648116133,-0.0798718692295509,-0.096539531554261,-0.0792177915148569,-0.0930129943322816
"UI10-00106-transmorrisonensis",0.479360370162368,0.433911678699529,0.45063280747516,0.4416623917786,0.424094808883507,0.377014956643298,0.469709879007303,0.433314383722414,0.472673994678014,0.462652760134515,0.45063970000096,0.406965112468329,0.386167934350075,0.458672176972332,0.404835872549823,0.393443728105119,0.388181553464638,0.408868993346544,0.445162636661577,0.452742853703895,0.44510114895447,0.45703241202771,0.414057851942236,0.368523057374012,0.436322704625341,0.461573820757215,0.426964724962569,0.440726348995617,0.422838771044191,0.368544466062292,0.461068375868908,0.408581040509666,0.446985292813235,0.423798242704743,0.389128452139325,0.441747027889461,0.408767769398289,0.421891595460857,0.382689925071097,0.40895744806409,0.477798036376378,0.387775513254591,0.481190790363156,0.396261196605033,0.462379898496619,0.444671687506779,0.415064114495915,0.445927910071732,0.401146849060416,0.483118050795467,0.362527808589867,0.460009927319756,0.424996389618076,0.396069697770907,0.419112693382295,0.455813283170955,0.430896208548395,0.362773078260652,0.510072709619456,0.450924734360492,0.375412251173144,0.384574222633285,0.431971915144414,0.439108875519523,0.407424404411723,0.422789123760585,0.423142107489165,0.417662662888256,0.397965827924106,0.384054917170797,0.439595857237062,0.378967349459781,0.411902519492159,0.484075815549914,0.428219702344566,0.406038057223347,0.384386673646876,0.444860215068167,0.406592532604486,0.408618154029609,0.39911448048892,0.432123823681897,0.42996783322393,0.396412486054375,0.465835770975513,0.381761536401528,0.360604754843736,0.469844961302035,0.464904714467656,0.4510402647161,0.417951136293652,0.429539229917321,0.407009824266677,0.459238718371733,0.391891021408971,0.385222155872479,0.451361011604512,0.423794338357451,0.388134188193098,0.414562472643414
"UI11-00009-Positano",-0.147230006436864,-0.204872290297697,-0.155246188118855,-0.180912027634738,-0.184501689302921,-0.175560027028199,-0.233651974990463,-0.109670289441549,-0.164796275133539,-0.0954534447452157,-0.173891970887629,-0.233834311475157,-0.189687838540404,-0.18046140151715,-0.140328856048566,-0.158916929453719,-0.248768988626164,-0.186178144886451,-0.170255360586193,-0.0921781194078491,-0.174362386001473,-0.186594516041151,-0.0947424840171321,-0.261446693674317,-0.121078052620508,-0.159277270939301,-0.143146628359048,-0.202930722750709,-0.178134021750899,-0.240893459559862,-0.140203827740093,-0.157537493150948,-0.139888147962847,-0.234857236212834,-0.14628048933605,-0.154804657899202,-0.153520980665293,-0.0394195613458625,-0.0970855319198659,-0.176345376583898,-0.122111853924871,-0.259669746309256,-0.199047413708508,-0.134736815501713,-0.100868707595694,-0.21452977775948,-0.149496292767974,-0.242332085607003,-0.127675165373998,-0.204773316671092,-0.156808551879519,-0.13040324423757,-0.164786467523087,-0.116277782043527,-0.135709165002619,-0.113239064035843,-0.187307844973164,-0.0756583853516688,-0.18436705797844,-0.184249807974772,-0.173076693411352,-0.174810338597002,-0.198650897102044,-0.226266482318013,-0.192527385432766,-0.172311767165541,-0.16890356212121,-0.171175027416481,-0.0571784431628178,-0.0608087235946618,-0.215688376179198,-0.175371295991001,-0.210233823011963,-0.187616526286785,-0.177230512125526,-0.101311031653856,-0.14515296808861,-0.0110553926548807,-0.191062383314908,-0.174428787595531,-0.156796860821696,-0.0702919986126118,-0.185967847567204,-0.174545416212381,-0.185698301352644,-0.168438703454956,-0.127799504893795,-0.178333400621872,-0.30194444023113,-0.281637035136892,-0.164777519942523,-0.112597691708881,-0.116614776550183,-0.103526145073194,-0.135902918284839,-0.171599813932704,-0.181069871204859,-0.182272144591805,-0.198108146866579,-0.269608188429762
"UI11-00024-Flamingo",-0.11327760845745,-0.112706496190967,-0.0694806622152977,-0.135920554046584,-0.142581313238714,-0.130207105768323,-0.0435209201774183,-0.0200015545810472,-0.145364107423267,-0.158894510341841,-0.0154883075109533,-0.0674257816991881,-0.117713336691168,-0.0940438303803862,-0.142326309702093,-0.0900834926178709,-0.135196070899712,-0.126941721841739,-0.189407458381735,-0.0707077522704633,-0.104228076301676,-0.154259387199074,-0.00929768907757704,-0.112115707625297,-0.047369512331905,-0.110367698904524,-0.119337066416599,-0.0384370312193647,-0.13224583851463,-0.0881636968126059,-0.138198098589294,-0.119191997697777,-0.165751878124677,-0.0894590274838759,-0.125899370770345,-0.147124502063685,-0.0822490638063573,-0.0893289762652426,-0.116318210322649,-0.0792678525262742,-0.11838335729645,-0.135230464892458,-0.0945638843772269,-0.107823928045237,-0.0484469514118146,-0.0364735793765115,-0.164125485737155,-0.0557312618676776,0.0663944604261826,-0.0736466674865192,-0.00480113753830921,-0.099029362573145,-0.140996240897281,-0.126349361992577,-0.0925416386661522,-0.138167185834452,-0.111170495365754,-0.108272185796384,-0.108326093908601,-0.0920037256530266,-0.0887987280585441,-0.0826113004966409,-0.101196233468034,-0.125232151244914,-0.111341857114654,-0.116366016384914,-0.111793540830358,-0.11897156174002,-0.112122670911002,-0.0521417899681455,-0.129271455169714,-0.12895091560929,-0.105964466504366,-0.0918367902033988,-0.112884014118953,-0.137221962218146,-0.119629251792652,-0.0856301081881599,-0.0744678407406619,-0.139331426193627,-0.0931195656652036,-0.113476426520146,-0.0437003806850629,-0.128039603876762,-0.109285165790511,-0.10960614224348,-0.10199304408665,-0.05741188406905,-0.15571797162745,-0.106199711025426,-0.0200316992489743,-0.0891967432309456,-0.0941910263876039,-0.0440122529446173,-0.120573450051704,-0.158071764963078,-0.12464597235068,-0.111957502737313,-0.117282037777598,-0.201570988124331
"UI12-00001-Zwergelefant",-0.066377761406212,-0.0345705511247132,-0.0219941660624892,-0.0549858632149265,-0.0382932092872299,-0.0328587492581272,-0.0435736173839572,-0.0281351276068969,-0.0331378561895609,-0.047070761356385,-0.0555993545845647,0.0237580615121815,-0.029472625458901,-0.0400524716475309,-0.0101979843347317,-0.0447114985130625,-0.052227571955591,-0.0297831036597057,0.0194438034808113,-0.0311038390698629,0.0367743881729343,-0.0499828231249183,-0.043421644896499,-0.0713510825791919,-0.0480671179658002,-0.0271077398280618,-0.0431922655298354,0.0232912558741441,-0.0189100007509011,-0.0345139804289769,-0.0335558590229147,-0.0132821766023627,0.041362129358285,-0.0434775801557483,-0.0614858419533036,-0.0499365365356388,-0.0591854312068684,-0.0414009265085578,-0.0511224883797534,-0.0517861449284712,-0.0448777589624219,-0.0297862003740846,-0.0305857619372528,0.0107419492658678,-0.0354102048241603,-0.0400909321617206,-0.0534915385772021,-0.046016787929076,-0.0590706996467905,-0.0394981382593448,-0.0504703116723275,-0.0495076774217992,-0.0296123371429367,-0.0512944123437017,-0.0523758921359731,-0.0206922876436296,0.0115737177996469,-0.035250750621874,-0.0563710470369075,-0.0543100581728211,-0.0439657332446015,-0.0189601409695674,-0.0476778931594756,-0.0815312758143782,-0.0514570894262978,-0.0315337778437351,-0.0403787455792787,-0.0674651682389768,-0.0555023448982637,-0.0265640245902094,-0.0395614007455451,-0.074827088367271,-0.0516570278775367,0.016035650824941,-0.0309435906883915,-0.0259786777385678,-0.0321310476892009,-0.0425008480123045,-0.087028325273457,-0.0426220244177219,-0.0370467222366696,-0.0604377285410916,-0.0495567495960496,-0.0273251895299969,-0.0389062279051164,-0.0382462295170088,-0.0374899193288377,-0.0702303084995348,0.0239831664402449,-0.0498548655143752,-0.0428956092996657,-0.0213368557256251,-0.0225214789503603,-0.0397956813206842,-0.0475168393404678,-0.0646002736740629,-0.0706004393967972,-0.0505558018379891,-0.033500124706145,-0.0517831447229796
"UI12-00002-Malepartus",0.183739457699984,0.212136333165847,0.0359200279644288,0.133870128898466,0.188510685848169,0.110917922018518,0.245248996243907,0.232046260496286,0.145576448668617,0.108243452243934,0.160123315125586,0.199118691491591,0.171081532670226,0.167911076615797,0.158341904934185,0.112111354721065,0.168488637348037,0.161214891534295,0.150875910353685,0.216429437904043,0.145682264068898,0.116442688385878,0.158435176381793,0.227979793139188,0.170796461385256,0.0433431971493128,0.152069737928736,0.193984442649177,0.0487754152166524,0.171625282947081,0.197483757161901,0.150159217979446,0.182153174100283,0.185469417976012,0.182228512107557,0.152311723067566,0.15926786952145,0.205750897230843,0.172267943395426,0.126057450589607,0.150482216681552,0.204290856896491,0.16022211459847,0.128138307944718,0.182108444242011,0.17877450431788,0.100446695925843,0.184804537996046,0.0894521140479322,0.250106020560975,0.163068324909651,0.121980117507911,0.214255248681008,0.110507187691125,0.190642452524302,0.151591428101451,0.151125329252113,0.187695032635173,0.14143190046947,0.151826003007769,0.16640944049395,0.245876478306077,0.24786628007784,0.177538805374333,0.170356060810605,0.156561303338248,0.157751182544643,0.138488853268804,0.16114705913687,0.07821235286712,0.111783023341107,0.162824491323858,0.244357713946566,0.240602029991909,0.233424616335908,0.191690890883843,0.151742573966578,0.214940483171016,0.199349117553452,0.202720581268637,0.166661127022018,0.177976954107108,0.16532403815087,0.203296976526036,0.192479587596772,0.146939588679635,0.105388555914213,0.145760138104285,0.136863875305772,0.134069369703721,0.147237234241216,0.1597486742108,0.169566725526014,0.173101088914807,0.200137592118029,0.089583169682305,0.0949540191979258,0.130650584941056,0.16136679285743,0.0981679896171993
