"","predValues","predValues","predValues","predValues","predValues","predValues","predValues","predValues","predValues","predValues","predValues","predValues","predValues","predValues","predValues","predValues","predValues","predValues","predValues","predValues","predValues","predValues","predValues","predValues","predValues","predValues","predValues","predValues","predValues","predValues","predValues","predValues","predValues","predValues","predValues","predValues","predValues","predValues","predValues","predValues","predValues","predValues","predValues","predValues","predValues","predValues","predValues","predValues","predValues","predValues","predValues","predValues","predValues","predValues","predValues","predValues","predValues","predValues","predValues","predValues","predValues","predValues","predValues","predValues","predValues","predValues","predValues","predValues","predValues","predValues","predValues","predValues","predValues","predValues","predValues","predValues","predValues","predValues","predValues","predValues","predValues","predValues","predValues","predValues","predValues","predValues","predValues","predValues","predValues","predValues","predValues","predValues","predValues","predValues","predValues","predValues","predValues","predValues","predValues","predValues"
"CANE9233-US47-0011",0.152745365984037,0.0710945016132872,0.13980892314344,0.16714383737473,0.183133674966463,0.000000000614383697240076,0.151096889874038,0.130713268576894,0.159611384473768,0.143528456417858,0.151407417391822,0.14960879358026,0.126247296627469,0.172284942634996,0.156210784637725,0.180508030923436,0.159512230512785,0.125181573074587,-0.00557941842878274,0.146718954025146,0.134726788042711,0.133447230631496,0.17372519557632,0.14390124465878,0.118373879187189,0.174062922203401,0.000000000896581460151104,0.00000000074653776846033,0.162786443539388,0.102569524544043,0.113663359178631,0.140094809262923,0.137390945880218,0.164521538129292,0.148645534678525,0.161817032800758,0.134688486734682,0.129585159627531,0.000000000766360294067812,0.160851301447948,0.0909970954151582,0.142769823717051,0.177021056320388,0.159068968750414,0.121853148589017,0.137592998426092,0.13715440345572,0.113206583383861,0.134659763869473,0.187817613639226,0.162408953665422,0.163665191014943,0.158379346260158,0.17971813774147,0.142540395930079,0.164657280782976,0.140984570114398,0.000000000706213019013891,0.148705945525898,0.179345093152099,0.0990782610929413,0.147692084797109,0.108320815096919,0.150696179806319,0.0825176906811732,0.158089115398962,0.160312987286959,0.134099935597517,0.140439488083213,0.162037204634995,0.00000000099826848762705,0.156255019343632,0.146342864799285,0.164859744411329,0.14434831657564,0.149431582146852,0.160151711553173,0.0996747342301383,0.137654073146829,0.134969863015823,0.111598605825973,0.156749599612656,0.154986107603413,0.133707118761847,0.147157255660068,0.177294336027509,0.138170651295406,0.12757113926915,0.110967606995998,0.126889127571024,0.136062325139852,0.155236480525951,0.102549631455062,0.158260095248228,0.136560832215141,0.129108571405309,0.181139740629894,0.143221216782061,0.147105674158068,0.155441521501498
"DC-2010-001-A",-0.0583436520266208,-0.0757683222171855,-0.0693152558509877,-0.0554004229453063,-0.0553621681754263,-0.0701564937304388,-0.0570523680656429,-0.0705881148187223,-0.089812746025809,-0.085416489562699,-0.0599041269805403,-0.0695840531623918,-0.0491005036232573,-0.0412612693328101,-0.0662355228511289,-0.000000000247009313683379,-0.0805411339917359,-0.0963917489799323,-0.0704408262211482,-0.000000000147925272073421,-0.0462221835628386,-0.158504671721832,-0.0243173068119815,-0.0228992607510682,-0.0611996881473586,-0.101244189851701,-0.102888394678605,-0.0212062100171641,-0.0461394571376227,-0.0692314788097744,-0.0322873384662202,-0.0919972367861339,-0.0417946095388507,-0.0683333826414835,-0.0340172664182133,-0.0712728105871087,-0.0516095671032534,-0.0497439369689502,-0.0482335651239931,-0.0401042250113084,-0.0419472551840943,-0.0606700139239179,-0.053563126281819,-0.0503078280260376,-0.0588379041425599,-0.0860832327395694,-0.0507933200836056,-0.0636085662030623,-0.0519291902003897,-0.0671281105391308,-0.0999318734256984,-0.0549911620507412,-0.0731996141826516,-0.0331022973516089,-0.098691857732527,-0.0597600883464234,-0.0544560844581938,-0.0719409161188526,-0.0582837914342844,-0.0536801337575406,-0.0685278752759265,-0.0733910006933677,-0.0662683155470865,-0.072420484090161,-0.0567908076322622,-0.0525560813333109,-0.0428733802541813,-0.0463530650384567,-0.0574077420743547,-0.0587286672666155,-0.0637330636837781,-0.0525730978779779,-0.0620838297406974,-0.0502688646024863,-0.0577393284261725,-0.0550036242455832,-0.0561755848451373,-0.0802414142399019,-0.0602504918693439,-0.0917141385353448,-0.0685777748213499,-0.0656767329434494,-0.0431761837028584,-0.0472135273796868,0.00188630851915769,-0.0709728193354061,-0.0442529258108988,-0.0453932343871644,-0.06267278749478,-0.0732356830581505,-0.0367155807584774,-0.0695481012420347,-0.0720316717038053,-0.0825418037258319,-0.0381336257346506,-0.0655885848648069,-0.0431545229013542,-0.115425584590568,-0.0563790268662637,-0.0766412800074128
"DC-2010-001-E",0.0702079205262613,0.073787360989291,0.0418638828692841,0.0250873999332582,0.0535119339030729,0.0592073923948872,0.050693228431669,0.0764008202700512,0.0207504917762589,0.0853323636989127,0.0825981807214519,0.0160821522411666,0.0621087012735912,0.0688175091294546,0.0578179500784345,0.0146257237355894,0.0689235406176894,0.0281660265512839,0.0315165199635015,0.052854034534592,0.0437470108409141,0.0402689300336661,0.0331294242762285,0.000960000836834328,0.0371666683175582,0.0578629436103743,0.0459015894440836,0.0234786648147662,0.0350672772617228,0.0438637332956684,0.0368756933654607,0.0391452580484088,0.0559751554823891,0.0280996198964811,0.0270803131454164,0.0246237961199775,0.0502221883753127,0.0371811257968932,0.0638433662210856,0.0658797498348284,0.0465655069273647,0.0477570964150425,0.00798231149053205,0.039896182945053,0.0442358223377178,0.0365398991679938,0.0141559633626938,0.0545142136685688,0.0535537199988919,0.0440723998463935,0.0558219626112325,0.0394560187146101,0.0287087207424165,0.0266709000410583,0.0636392357098058,0.0579218991847573,0.0178534098779689,0.0393251017026404,0.0545893833025225,0.0681045858794828,0.0454237008556796,0.0349475520359392,0.0589798773533861,0.0596331363668739,0.0342818185031092,0.0148856701583035,0.0428707407911954,0.0374762356625933,0.0814884130279716,0.0637085155817033,0.0405588011233046,0.0531247836422178,0.0791429792117355,0.0318260644498667,0.00957809060616401,0.0691249696809561,0.0208801869722541,0.0291876375656995,0.0764174073486583,0.0388409141500172,0.0394642870849167,0.0407627481330151,0.0289286234692595,0.0407774676603226,0.0343706014982076,0.04401641287746,0.0341016426962914,0.0427865329615804,0.0270212941758885,0.0376923561798266,0.0299061584764861,0.0587198059314372,0.067483405073956,0.0485205563381918,0.067539907130471,0.0148729110418504,0.0203774089414614,-0.0071797611479157,0.0729638262600448,0.0820140869255401
"KY-2009-001-B20-e",-0.0463034480354726,-0.0890298808994681,-0.0583993377265003,-0.144172248294886,-0.0852080490767945,-0.0740566409875085,-0.0566148361456717,-0.0738525896114697,-0.0385698718703191,-0.0875508207031299,-0.0759850802150295,-0.107513709157819,-0.100859073531193,-0.0621316310605749,-0.0621958096750399,-0.0573220202878243,-0.0490820537757014,-0.0285814681185408,-0.083772703894805,-0.0586064505785822,-0.0782404963555496,-0.0737714223271851,-0.0835329866810356,-0.0624900901580876,-0.111937866297965,-0.109874081623883,-0.0820010952936996,-0.000000000360399531615259,-0.0817446275027027,-0.091239868138367,-0.0913947720829239,-0.0747702613170547,-0.0422457189978904,-0.085796893493759,-0.0757969201101248,-0.0574048157892875,-0.0575783756989334,-0.0601044576622456,-0.096253435731908,-0.0270807433527982,-0.0586962612350479,-0.0798055589031659,-0.0624411956284303,-0.0878202523238999,-0.0955925752399158,-0.0928772137513278,-0.0386523567271023,-0.0678340362382435,-0.048834881046778,-0.0665212118863291,-0.0184275870578839,-0.080293498161722,-0.0552598365306017,-0.0777225707863689,-0.0589902002489449,-0.0597559236664382,-0.0587354341927446,-0.0796082444485145,-0.0646563713148304,-0.0636907026443765,-0.0677764040597014,-0.0829356899984858,-0.034644831332269,-0.0573567748219122,-0.0681220992630326,-0.0756395269093991,-0.127625852315605,-0.0461929250238799,-0.067972156537021,-0.0502036094298432,-0.123683843856985,-0.0577156186779486,-0.0517487604967739,-0.0826926441682705,-0.0438562565608866,-0.0760356910518022,-0.0596122249329522,-0.0747812272151543,-0.0286326401156021,-0.0752392945855363,-0.0427514067165448,-0.0907760281829125,-0.0449059568879957,-0.094032678356917,-0.0683836190644295,-0.0440136689029153,-0.0626945659732993,-0.0630435677471543,-0.0491531110344527,-0.0994910539097943,-0.0712706862559146,-0.0347365971118373,-0.0611111693000195,-0.0637145025930946,-0.0545202584978869,-0.045703089311373,-0.0637822620887183,-0.0860615755058635,-0.0476140574759193,-0.0730590331514273
"KY-2009-001-C",0.0154535296558664,0.0726449941529399,0.100639336519847,0.0660567114452944,0.0603338529864324,0.0000000000102974061030803,0.0954340284374376,0.063787727917174,0.111923776565654,0.0633203778872878,0.058792329968402,0.0575105412209717,0.0305017584811472,0.0944469023816976,0.0780943245648972,0.0763568221560901,0.0796974102281035,0.0696054403455301,0.0762827323148378,0.0000000000268094855574595,0.0848449020227229,0.0621889362728855,0.0166360204808401,0.0468450153062529,0.0773404012583325,0.0881087124003503,-0.0000000000954802373781856,0.0549923688350698,0.0509789178340914,0.0866539354129043,0.0412019413294823,0.013160237266341,0.0511288438183504,0.0703909250372964,0.0819790180454393,0.00352692080721637,0.0824721909908677,0.0705846615885521,-0.000000000169573547210334,0.0174946150597625,0.050775121385145,0.0633513198486383,0.0808503335170161,0.0498772155623036,0.055005572790091,0.0791515355360488,0.0922369024545689,0.0632237116782558,0.0825499767869271,0.039480055898855,0.0523940055483537,0.0386525842459378,0.0674640660620082,0.0683036381445569,0.0711455127357008,0.040653086960258,0.0683737733997692,0.0180647742376824,0.112827199476837,0.067455563464487,-0.000000000282097306095727,0.0337869944281829,0.0581180112011235,0.039703264663938,0.0292410452009152,0.0710364060216238,0.0954075325868618,0.0440135181926831,0.0724969091122648,0.0368925250072975,0.0452030263172583,0.102156572655256,0.0439848543175079,0.0824695936303924,0.042681184058427,0.0651617986279658,0.0788963842272548,0.0922953975474117,0.108487596772782,0.0710917443479412,0.0427308672836914,0.0521163709415583,0.0403420702424733,0.0578497591570958,0.069432905101782,0.116036814224357,0.0102611733752996,0.0724892483698681,0.108774151122747,0.042310923174619,0.059280905639955,0.00582554684807034,0.0884569776175725,0.0659654434002487,0.0760856180831939,0.0437373892791147,0.0552077844704521,0.0839410066102593,0.0675347184474984,0.062870887818177
"KY-2009-001-D",0.0948199111475106,0.0653261085191319,0.0669341411460739,0.129508970312502,0.115613430101339,0.0000000000902077545010882,0.0836830148836863,0.149729590650587,0.153571343368333,0.134292273912149,0.103209768863266,0.0943688378610517,0.113745043667777,0.12783445763618,0.107735365599208,0.16187008712766,0.113551081500602,0.129272777819862,0.0609063580350773,0.0784615936999627,0.0932551059445463,0.0664163939457824,0.122361190924171,0.124404705251734,0.113436416535769,0.111151736183231,0.146316613217845,0.106247522893138,0.0355153732352239,0.131413955554723,0.0763569160618781,0.0754890312885156,0.128622030331265,0.0752618266173446,0.113095236775822,0.0736842745554629,0.105684361627442,0.093219846842282,0.150600932875173,0.0339273917203746,0.128192684481709,0.0622919247279184,0.108110616315081,0.0943879198283126,0.104491941422949,0.118183032292673,0.0655917645813794,0.109197531463153,0.147641485818858,0.146191813307572,0.0592178805009958,0.100789683233739,0.113634842485833,0.0982056722235166,0.0981872893333707,0.132480219077735,-0.00780609585738004,0.044071392497256,0.112238531380744,0.000000000135045726800494,-0.000000000181870977653123,0.0924924329116855,0.101828636718521,0.138488401148134,-0.000690165828698781,0.120013659695224,0.0681970743807776,0.11941145531854,0.155700289524066,0.125443585453184,0.113008285608728,0.145083502817081,0.0635209020941286,0.113253204855398,0.121429463411275,0.118109616490089,0.0342821485801091,0.0877324349864788,0.000000000109496534835271,0.0999893708021684,0.122798439894572,0.11423148616398,0.040670998247872,0.148248022516303,0.147530069580449,0.0454115191380466,0.0461104371667488,0.125889295808918,0.0790477265856729,0.0724821571479148,0.0998202806099519,0.10346877162584,0.0705094575162614,0.0872585477654979,0.149545614485007,0.0749976553544018,0.0686755543879266,0.125062410422552,0.0390352852011306,0.0204306107241574
"NC-2010-001-009",-0.000000000366073801856783,-0.0629405316897697,0.0364721098353847,0.0470849440465074,0.120218625693885,0.0644476049026249,0.0513531866092874,0.033014551173857,-0.0300246031938778,0.018015498638275,0.022585968483883,0.0486129258797606,0.00865311479687425,-0.0259983124672775,0.0353445265970336,0.0921272677305497,0.000114367204200392,0.0665346900527773,0.0222219051141542,-0.0433223489519904,0.0939968487878716,0.0664225801443414,0.013921146653635,0.0443725124089648,0.027492797985074,0.0271537898803468,0.0103835408144016,0.0195234248493984,0.0354520120061886,0.026284745432203,0.0304620757629627,-0.00626603953155268,0.0216028479707976,0.0616695202174519,0.0468160941273286,0.0919147808142355,0.122296476491178,-0.00423182649441782,-0.0000000000173347914099997,0.0357944667400796,0.0109643453697315,0.0314715330413291,-0.0000000000750578876482487,-0.00640186229390462,0.0374298963147802,0.0126970425354278,0.0788958352671947,0.0500101461812844,0.0991624896007869,0.0181958794214454,-0.0616846658444718,0.0328015855675314,0.100988263398253,-0.0404182142300405,0.0714777413706006,0.0287699546484385,0.0442851885703519,0.0439148693553628,0.000482199195935619,-0.00585630635679467,0.0472935174380201,0.0147046330435849,-0.00522712299017066,0.0535354939411114,0.0491982238419723,-0.0381922561349388,0.0520906963231724,0.0126485993506891,0.0350262634958143,0.0271914699700155,-0.0132489381829662,0.0398080308762928,0.021232650031794,0.0267912468870033,0.0654645912017049,0.0585436599218053,0.0350482996312989,0.0438376884292778,0.0000000000230172407896695,0.0329355450196757,0.0256845460521202,0.0216259302047714,0.0220776600819997,0.0000000000696281334180623,0.0452210267282877,-0.00481683655828742,-0.0391067494628189,0.04420192277333,0.13568367076812,0.0297307911953129,-0.0316087992850793,0.0253037110399551,0.0114589933032107,0.0647972494209526,0.0272373586851977,0.0290484029942832,0.0191701550372877,0.04635144735659,-0.00244688679416761,0.0287891896813434
"NC-2010-001-010",-0.000000000368454207770497,-0.048927427063097,0.00152794311534967,-0.0107527336972986,-0.0239696162901115,0.0275678408051052,0.00787551466228048,-0.00291475068657649,-0.0314383451988782,0.00513757892244012,0.0194901710145871,-0.0000000000649887713758938,-0.00231136935343638,-0.0419858995517261,0.0445823825119333,-0.0208180949805101,0.00974387028354987,0.0167088712234931,0.004709839651558,-0.0397265073161866,0.00249302484405318,-0.0196030656685768,-0.0100239581335765,0.0194138744561552,-0.00311357918761505,-0.0193163824618529,-0.00000000000499702352651002,-0.0348127322855307,0.00343054088730912,-0.00558635945319677,0.0015383868151589,-0.00743814017213235,0.0125275146456197,-0.00947571101247299,-0.0186957662297691,0.0308286930298267,0.00853112772557046,-0.0142774853400155,-0.0161067781429557,0.00375798094570143,0.00263980229871583,-0.0120493726991862,0.00880188337595517,-0.000838450935753705,0.00519254052793329,0.0330010566632138,0.018094037623412,0.0158148169147885,-0.000890696770169057,-0.0156730592796967,-0.0386880413249924,0.0304969358524275,-0.0184014919395779,-0.0577942424416089,0.0136750678747581,-0.000750847084997972,0.0000315843109126275,0.000444958363581573,0.0031847138204642,-0.0178015486576618,-0.0464704668581614,0.0381420015267154,-0.00921330071023071,0.0218624904014469,0.0163852939243247,-0.0563894967620589,0.00617576297647765,0.0251286612108935,0.0339451494386019,-0.000288602483764204,-0.00177999609084041,-0.00497043714209138,-0.00374816619002327,-0.00872227744992146,-0.00284417268722467,-0.0236434651525427,0.0290888059475152,-0.00262655819259688,-0.0065006914233178,0.016683318126911,0.0459813882936512,0.0201018772512968,-0.0389642005458336,0.0105569361634133,0.0532604786561652,0.0360690746092509,-0.0318141176926581,-0.0416630100869121,-0.0112760736583031,-0.0194505725381702,-0.04495111703743,0.0307953052836389,0.00730884988118159,0.000496044276498398,0.0300158728140686,-0.0118646687200071,-0.000313127180122687,0.065924634825669,-0.035456100889148,0.0468443706317016
"NC-2010-001-5-B18-a",0.0846166628969066,0.0590635453641974,0.0925404016064246,0.0736192247702446,0.0615409741554535,0.0970335020706716,0.0809718640971498,0.0492286269903572,0.0514104502074474,0.0634400259212719,0.059107284887102,0.0593662699724367,0.052519641718825,0.077505365847709,0.0446647409825865,0.105439082271828,0.0722435879718063,0.0450342097222416,0.0139680282108779,0.109573994079774,0.0713117053395545,0.109102863795038,0.0929613702246728,0.120416537571017,0.0736745030336814,0.111882522770011,0.0827350192066851,0.0734843727002513,0.0543289677893931,0.0570574030712899,0.0468576747110744,0.049588451909429,0.0865652832095658,0.0455673329469851,0.0503582897878929,0.0439066819849348,0.0606255192697236,0.0263807514879026,0.0595655327980357,0.0392280493059464,0.111652003051074,0.073530759435452,0.0581155195767374,0.0655150944011762,0.0940726480061976,0.0801491254945427,0.0728160885147326,0.1303400263421,0.0000000000625186425775574,0.0443127514069003,0.114357920901174,0.0940170184752068,0.0764984994927493,0.0976988122795611,0.0871859128158522,0.0616462631384644,0.0567891814951156,0.0513786150269696,0.0943820115987522,0.000000000281377532935718,0.0744413908513873,0.0908130072889345,0.0787511556602381,0.0992015238304975,0.0658131301004126,0.0364962754496776,0.064528898910382,0.0139193503832347,0.029942191591133,0.0840637475898224,0.0894451585190654,0.0373370167336219,0.0963813049294145,0.0494925174211942,0.0729217826554205,0.0751716709317987,0.0766414903681752,0.0640844004954946,0.0564700686833871,0.150023720497588,0.0571476224403214,0.0712120266054309,0.0804045674004157,0.069080603015348,0.0509516059236934,0.0864390479980519,0.0591092484551953,0.0645992902358517,0.074651705803436,0.0748253960662747,0.102892089062765,0.0155920910347716,0.0722741345780792,0.0807505366228349,0.0289288130822123,0.122958362080237,0.0603704830506509,0.0805701835148423,0.0507630312760503,0.0131419766515614
"NC-2010-001-5-C",-0.000000000119920135626071,0.121082386864279,0.084449169626035,0.125934204158968,0.127447798983209,0.0853007395820397,0.119994001576993,0.0931484271336947,0.185438185908979,0.0925250660168128,0.0898128846712357,0.155719779945871,0.114955164213056,0.182083888644627,0.0594763201104371,0.0552927378793222,0.0967697160835032,0.0971111174804054,0.110029656467607,0.0861963003246584,0.102939888716381,0.126704366635132,0.0843402588186102,0.152923901354838,0.0839525061470032,0.105221500106474,0.12164144444545,0.103715953265383,0.0810209514400656,0.119111034345739,0.0748252311491685,0.103413275320425,0.0663174814625091,0.18075065986417,0.1400846058003,0.156857334398619,0.0908615763205874,0.0696780582032933,0.0978457505566307,0.10198352220715,0.0856657973809056,0.100389415095403,0.133078718074344,0.0917633992253724,0.0968072421294678,0.107774669780412,0.0742891301077791,0.0185643960253514,0.0989105341342631,0.123848173290613,0.11685503532096,0.0737660376735742,0.14250201637465,0.105461790102562,0.0754111003254611,0.0851370892386669,0.163068025650101,0.102228459537413,0.0753787803007275,0.0769779762654552,0.0972899784772694,0.114092779842631,0.0835193232109481,0.191248811868163,0.125025396033306,0.100584246453426,0.0508731124843835,0.0675425973677116,0.102111882552466,0.102190854410655,0.103377020278256,0.133391936884588,0.093431239545695,0.105487389078096,0.0710125565829025,0.115148131746341,0.110625004616405,0.107370301804439,0.0985843440923699,0.141539309767359,0.0486808375112628,0.0879318183025314,0.10940702553536,0.14292112992494,0.093549485308651,0.145796042149915,0.0701608143763374,0.117420133162923,0.0712484300837928,0.0701365664827653,0.104400725444404,0.103205759831999,0.0979204706548184,0.0678302337970713,0.100954894572751,0.0907039523515654,0.110496061917641,0.0510153273932913,0.165718209060503,0.0915142403524995
"NC-2010-001-B",0.0276445011663366,0.0271099763341256,0.0374134568722461,0.0280388024421886,0.0409946075278204,0.0327153921999091,0.0233099063913543,0.0362578153965588,0.0285858147757073,0.0276098655142683,0.046569497969525,0.124227080680696,0.0413028529277544,-0.0127285514174508,0.00349136209645914,0.0379864445318215,0.0306407487867739,0.0705819892814136,0.0386319365342511,0.0668164741501484,0.0083178170460187,-0.0136778508567857,0.0283455606457967,0.00987798680105702,0.0300062262104395,0.0276194542116239,0.0511975417603255,0.0237506901461497,0.0228472503251456,0.063906012929505,0.0325085677931631,0.0364487390441901,0.013293704485698,0.0422725343509937,0.0173845506203892,0.0791363733066809,-0.00891621263066615,0.0551409130887965,0.0473507621680062,0.0277629714974776,-0.00220073633727587,0.056818157653377,0.043280571057935,-0.015902755515843,0.0708911692200005,0.0306664370845371,-0.0202113839005209,0.0383506785129462,0.0719357744967059,0.0349363294131377,0.0373997411117046,0.0254960647880519,0.136990158637861,0.0950211432744704,0.0322237963295322,-0.013316292520276,0.0497760776364253,0.0817571175137041,0.0431872834861222,0.0345776045964398,-0.0797018570852821,0.0229737052097292,0.0245083907580368,0.0727800833407806,0.0452185057375374,0.0132789183157111,0.0679346262340154,0.0286808288556792,0.0355727988850565,0.0294707726844987,0.0584784640604726,0.0665882391459576,0.0175156663470824,0.0354847937051568,0.0440802059081547,0.0673294892517066,0.0611122151574307,0.0169391865089957,0.0261492598509788,0.0487191141553441,0.0477330148078043,0.0521259255032963,0.0331779854216673,0.0719534506081434,-0.0186192142524779,0.00031790413318785,0.020534899188827,0.0354165461706572,0.0301553016563093,-0.00706881367010429,0.0399833200014051,0.0388153358358488,0.0142533630268928,0.0233214357565041,0.102871269964655,0.0281361622371452,-0.00647276458892751,-0.00425391574928667,0.0556664496915271,0.0687144102324132
"NC-2010-001-B44-e",0.100215827106206,0.110734451525264,0.0904625659263838,0.118046999715491,0.132583872555572,0.00000000041850769362666,0.112686182337127,0.0761917893571242,0.135620201212996,0.08294937879782,0.113586415150116,0.154865155957086,0.133431805744119,0.0791761496125793,0.0707099476072275,0.115772321547805,0.0962740195328512,0.0672668157981322,0.120449370748277,0.127392667624293,0.0487401140520932,0.118835788022355,0.126176614180803,0.0822110285770383,0.107415806039559,0.0594522854849513,0.126715110670648,0.0748866948621179,0.0759438269342235,0.104573825645309,0.071350614111715,0.117063308399031,0.122560021502794,0.0966702309255719,0.148614476695233,0.116793305547257,0.078437196686127,0.113303883328717,0.0932500005644018,0.0830729917510813,0.102744771848125,0.14677091738297,0.116104503979478,0.111104381638826,0.112674003466547,0.121826016316522,0.146866402912954,0.121443245014522,0.0847988665750467,0.127237529892329,0.0945733400723999,0.0829662674895656,0.186553329947951,0.0968635236805757,0.0892638617951986,0.12533336776939,0.0992761335054687,0.162359072803712,0.000000000220335560235309,0.102963591059466,0.0843764682334102,0.11422750610198,0.0824895673700273,0.108341675497353,0.0729835222273742,0.125934211364808,0.134760188448438,0.102156941621147,0.0809302793369777,0.0762498009225359,0.113260908208728,0.137573323559697,0.119984802417292,0.112179011420889,0.0928320861335932,0.104728691215386,0.0949483135496929,0.101187427994405,0.13848957587642,0.104098766359234,0.0858722410330887,0.125493269478083,0.0869351754148773,0.12672945550148,0.104458954103467,0.12639396120914,0.10902481300598,0.11502168084356,0.168264596491149,0.123699549914384,0.112513190537281,0.163838283065011,0.11395189878292,0.103064609997807,0.145532635604931,0.149707339088787,0.0891542024750866,0.0995049823884348,0.118740360263257,0.140750056844805
"NC-2010-002-001",0.0574729512745476,0.048121029068903,0.0502614536247129,0.0884744584619347,0.0439952686006566,0.0756811977592551,0.0271763727086841,0.0274031370134973,0.0994022897059482,0.0605914182051616,0.0456882531707208,0.0278240795949843,0.0948890764002472,0.0874170580658182,0.051586922690305,0.0456379333623537,0.00764355142769815,0.0705222019956338,0.0206927506760061,0.0830689523519689,0.0573189961912893,0.0345206666740671,0.0522643967250281,0.103527653790825,0.0744698397722357,0.0533541399682469,0.0620131618752821,0.0961410612621355,0.0784505349866975,0.0354265874235808,0.0580317385165882,0.0368054243862116,0.0642276784251054,0.102327903014487,0.0189744467480077,0.0797822976161746,0.0883036393748758,0.066249627154458,0.0852337241165891,0.0636187834230605,0.0693998159665634,0.0808049630720819,0.0748411172753566,0.0829044538465748,0.077011223283998,0.0324048862712901,0.0492001078377527,0.0479466708267827,0.0759005491345211,0.0268605856780831,0.0730071342079778,0.0615580209567481,0.0576767581616662,0.0792111187670596,0.0458956249160355,0.0338085943106138,0.128470972255301,0.0828606806779489,0.0541007604602744,0.0687696061552093,0.0449559386059983,0.0594574395635274,0.0566654339024339,0.0929488668517343,0.0853965416391406,0.045199087373424,0.0734884012341053,0.0674214321774454,0.0338777555637392,0.0721354262643473,0.0728180446918701,0.0443808313357045,0.0656960286996799,0.0239271833043712,0.0646398298180698,0.0906704033744529,0.0216350977188824,0.0708751871237295,0.0645878581005039,0.0834585856077917,0.0248906971519254,0.0219151697953229,0.0116857009150224,0.0553130204226501,0.0331121497026108,0.07336156663997,0.0500683662688197,0.079012170646082,0.0847197492871943,0.0656358621893328,0.0774403931892502,0.0586503649530554,0.0761156295772036,0.0398060627918412,0.0431018722972094,0.0712170448035159,-0.0144168203470182,0.00792062121342491,0.0945880773601866,0.0696694643868648
"NC-2010-003-D",0.0652859524621189,0.0434741508072675,0.0544268988137629,-0.0943405260788478,0.0624289585246545,0.000000000220214090884045,0.0712716800561077,0.00802613224853969,0.0460131845722384,0.0289997824812385,0.0691749312359921,0.0167946043880337,0.0235340446566706,0.0823828657775572,0.0442065574736294,0.0560759737415081,0.050043444879205,0.0505709242662646,0.0211911674829774,0.0260722419260337,0.0473321157785882,0.108578391268322,-0.0674564002007865,0.0712109454923031,0.0414639448946015,0.0785706863261721,0.028785338138985,0.0485698020974854,-0.0168648364522857,0.0233298242557801,-0.0158977661109154,0.0681448914284034,0.0458379633864601,0.0177761242065313,0.0362423672286298,0.0787118944692237,0.0843014621145844,0.0254788912497618,-0.00418702461268688,0.0541045630749259,-0.0265309723643548,0.0535048281170235,0.0405559924281798,-0.00507554994248127,0.0505589627355781,0.117743310360654,0.0424892751583769,-0.0528274275392746,0.0281491336582459,0.0842032137945487,0.0922734280417839,0.0703813362214805,0.00469264459142537,0.025283910233686,0.0461171892671233,0.0531567010473321,0.051288367586994,0.0558663480116462,-0.000000000115687526665027,0.0580773815107321,0.0609373806469839,0.129239132922809,0.0582355344315717,0.0770841499005482,0.0459814549794792,0.0511691789686799,0.039610482675349,0.158402955993442,0.0820760304244273,0.0700296729164355,0.0370785310780892,0.0221213308712144,0.0666979665275559,0.0238246986719046,0.0261274889957473,0.017010232830091,0.0586635028667592,0.0210201548233281,0.0567826394827944,0.0991314073052363,0.0726830795131886,0.061880674587258,-0.000328865759097409,0.121346470342747,0.0319444507836448,0.0802854583291237,0.057744554073008,0.0228406845467177,0.0134145696338437,0.0699467439344011,0.0574062337392705,0.0758088623967585,0.0412284026089704,0.00167122531195072,0.0294994691611169,0.0554216027053605,-0.00715032259934044,0.0599348074658979,-0.0275789991153576,0.0128907729833443
"NC-2010-003-E",-0.000000000272163321832582,-0.0172368652724917,-0.0158259898540036,-0.106002112985143,-0.00778706430792173,-0.0138850652884651,0.0065659914244653,-0.0186292940382279,-0.0127336841591402,0.022224276199774,0.0175087055734524,0.00413272296312552,-0.0190600793747052,0.00727015923763113,0.00524295460480527,-0.0472290720116408,0.0313033929809373,-0.00317558087943332,-0.0247020555649594,-0.00225077016163871,-0.023155541309576,-0.0075932153327544,-0.0650724928898088,-0.00582112926110695,0.0023276888302401,-0.0089320061233393,0.0130981259359349,-0.000000000061043260561847,-0.0159340155368245,-0.0102971013530569,-0.0392499909788336,-0.0118310844572167,-0.00228700905432137,-0.025810078554255,0.0119871615588045,-0.011159190548768,0.0024860148060824,-0.0191993698605548,0.0119187614089382,-0.00150861680631312,-0.0214808247786789,-0.00210873338703366,-0.0518560800818863,-0.0180435289820791,-0.0105233446416763,-0.0106002596756109,-0.0393318568014874,-0.0642524065551445,0.0184254514126635,0.0166553384457659,-0.0129783177133408,-0.0175810371311009,-0.0311287331289572,-0.017213634496988,0.00310468188407252,-0.0182760418845807,-0.0400771205956025,-0.0036727001661805,-0.00000000000175606670991049,-0.00257624343935038,-0.0508550175171762,-0.00975567297324775,-0.0175286466692306,-0.0000000000373108098570203,0.0125688820867377,-0.0172376680162121,0.00694909007332633,-0.0254840297324859,-0.0276473261158735,-0.0336367585687867,-0.0258783956049682,0.0302793610103712,-0.0149902330930689,-0.0009569578596097,0.0224763061402939,-0.0163606599341435,0.0196943632722613,0.00188811757679986,-0.00292294615243191,-0.0241786962905468,-0.000502792569414011,0.014630289890306,0.000911496356026361,-0.0117313722528144,-0.0454822893603001,0.00699900785033268,0.00694930963490174,0.024636437712333,-0.00637749167170552,0.00307308053147188,0.0107519650567341,-0.0332753173288575,0.000431031382788286,-0.00387868425191862,-0.0160211371121763,0.0491711917613036,0.00853232142147324,0.0287040803045187,-0.0628022678817216,-0.0257538536309116
"NC-2010-004-E",0.017014914557778,0.0148485219804649,0.0135684229551867,0.0191124435413059,-0.0037042210762796,-0.00956549993183359,0.0262135143991754,0.00787603717958613,0.0115758147039947,0.0177159702398148,0.0153703491676779,-0.000443949128522326,-0.006181876169093,0.0246225427605231,0.0285035550330781,0.0173888194917529,-0.0128337983695768,0.00352151221916575,0.0389507488759333,0.0330173614789562,0.00874395036390106,0.011575528151746,-0.0543082501744139,0.0156866088688113,0.0207268546403639,-0.00158726607805627,-0.0000000000467155962481247,-0.0181844535402906,0.00769760802682973,0.0158189080239042,0.013255399022161,-0.00173613243033838,0.0183546419045248,-0.0181068472554506,0.0263532961104655,0.0106703301269818,0.00387299841166316,0.0289981283376777,-0.00662175107683135,-0.00674370135955478,0.00727220258669042,0.0112757455323665,-0.000000000103354432858827,0.020220793812404,0.0195721201964238,0.0147107550294404,0.022088605841777,-0.00749515995701704,0.00173848986388402,0.0247494211561383,0.0113906859717234,0.024692922128319,-0.0173050108643736,0.0244150265567066,0.023138901137355,0.0556243969018846,0.020866518945274,0.000769532207657078,0.0444631159535547,0.0562504897761014,-0.00230050492495738,0.0232522503455314,0.0258729537266081,0.00841431681826234,0.012599317901471,0.0377536943940136,0.0390125722194071,0.0150883589001524,0.0148932679460115,-0.00349768396266608,-0.00642310571205558,0.0120953384519675,0.00476381536489374,0.0136912018548378,0.000846928998975198,-0.000937538098146889,0.0134571174002988,0.0500853064128032,-0.0032933706421715,-0.00939399762426743,0.00616663468243618,0.0127859847896577,0.011951007327997,0.0000000000212584111756555,-0.00376905478115995,0.023686741020746,-0.00722852690846081,-0.0175515805862874,-0.00549700629252135,-0.00210268992591893,0.0223929197553232,0.0213268711772248,0.00887110277880839,-0.0184100376314127,0.0343603143325998,-0.00481545669164171,0.0337569127899379,0.00546226791131054,0.0251068081736342,0.0124405437420862
"PA-2010-001-005",0.0372485006843201,0.0600110401756472,0.0662969671135763,0.058164208660373,0.0465778530266777,0.0163720377637339,0.0474826254928842,0.0464318460127757,0.0164323841656534,0.0728596412820104,0.0687601306747126,0.0577039065346967,0.0711556086975291,0.0165292827385893,0.0103410175575257,0.0641333783481042,0.0636939116949208,0.0456374402225916,0.0428338504135127,0.0640699937711109,0.0494217992447039,0.0633200555289447,0.0251902060954551,0.0690472223753505,0.0477324903219021,0.0643355419139474,0.0498755766638648,0.0744734855034611,0.0492300570259658,0.0295246509733997,0.061541661853031,0.0423470868094685,0.0680294580609672,0.041316521508442,0.081141374997411,0.0692041738176994,0.0904858050725215,0.0187167702504766,0.0629048355335414,0.0168826791653569,0.040438067779854,0.0657772325543571,0.0733638190039539,0.052322385064437,0.0143488918777777,0.0357457222771823,0.0561710080133049,0.0908135835992555,0.0486967701357201,0.0245701510561319,0.0606462907672736,0.0675129729991497,0.0142103212150982,0.0600445806340701,0.0499682859552196,0.033402587476741,0.0426449772205896,0.0176147845818083,0.0137928680099381,0.0437635771840153,0.0740398387063346,0.0497354012721233,0.0682337211898254,0.0502664780185328,0.0621240915531107,0.00875388659516016,0.0525044252141783,0.0487475439836888,0.0804258991021473,0.0803367821924714,0.0507542327398525,0.0431078002934551,0.0501624865964492,0.0362080530674615,0.0692356673173455,0.0296149257796856,0.070744139027998,0.0672502868902733,0.0598782676669893,0.0548551871502498,0.0371177747529698,0.0808965370312104,0.053335642287817,0.0477353497897006,0.115533271527383,0.0631590901853674,0.0503202233657614,0.062595043499516,0.0493687294043936,0.0582984690225212,0.0292790477068403,0.0310287508614766,0.0474742968129632,0.0475866498517653,0.0416017268414963,0.0470890441713108,0.0622786794738551,0.0380854594760743,0.0437042036498108,0.0935780291490031
"PA-2010-002-004",-0.00000000018618063709022,-0.0239435976501471,-0.00434334058761722,-0.0714508943817293,-0.160575109372056,-0.0520123392623281,-0.0161568391247763,-0.0388946738517379,-0.045849550847729,-0.0389286768667038,-0.122964793036722,-0.12090468263395,-0.059650622168985,-0.0791863730073035,-0.0400934759305964,-0.00000000048003324375477,-0.0495563185202011,-0.0392597105167748,-0.0760065126120088,-0.0310845299919589,-0.0385208402674524,-0.029563920009698,-0.020822768400594,-0.0446796224980864,-0.0425422211467409,-0.0587132111626515,-0.0375312813290767,-0.000000000211614702597052,-0.0430921796037755,-0.0647229565162407,-0.0358706231028843,-0.0445551529435349,-0.068868950183724,-0.0780652683475788,-0.0542185297926588,-0.044355902048983,-0.0140905942337504,-0.0228360550805901,-0.0870482638690213,-0.0711272848238617,-0.0114761564220527,-0.0115940323021109,-0.0510247813732512,-0.039628890875989,-0.132245801358675,-0.0564821009540893,-0.0291345417099746,-0.0528097135362307,-0.050352115302595,-0.0476723601255638,-0.0335293391651001,-0.0427518016955475,-0.0736586100880315,-0.0511963597696412,-0.0510445874645001,-0.0695022867211258,-0.0732588514579182,-0.0715931667848842,-0.0602251460932645,-0.000336931461419426,-0.0543482699955087,-0.0177165170748498,-0.0450659011828914,-0.0363280072268446,-0.0521236631998559,-0.0661281306618499,-0.057907253519187,-0.0484043695882417,-0.0738639366023226,-0.0812167120084391,-0.00441118343731624,-0.0649153397518482,-0.071064698238331,-0.10081092701336,-0.0822059433715689,-0.0270145535840586,-0.0532752096304819,-0.0739846574509372,-0.0815507445816046,-0.0535878441907978,-0.0341892496270767,-0.0859006616670359,-0.0638327510424684,-0.0467760538404003,-0.0401669885901983,-0.0755757841974891,-0.0758921689853428,-0.0648921281720573,-0.0977455496653229,-0.111338324629745,-0.0590451455309828,-0.0618837931756239,-0.0487010946956288,-0.0923688710395749,-0.0379043211205033,-0.0538388260900785,-0.0379170888438698,-0.034476320385119,-0.0862838210914797,-0.0485482381838054
"PA-2010-002-013",0.103633840586021,0.0892377755875819,0.0553630876950219,0.153908371888846,0.0946122623139114,0.105946754207529,0.0688728905518324,0.135381013957976,0.118175847546502,0.0172100502532333,0.0619508438701592,0.0660016141237951,0.123670499044168,0.0869213627492597,0.134018631698351,0.0390333120953526,0.140627679595548,0.181632570533573,0.136702228270857,0.0000000000837633611926615,0.0830453309035227,0.139223601562164,0.0342865148593815,0.0175246486426384,0.0705827349018265,0.0866883529032091,0.0493929222470112,0.129625891188205,0.0846006303703984,0.0857974864606377,0.0445324665678303,0.0231167674048215,0.0105065318913477,0.0844151892929983,0.0229318502531354,0.0859771879408911,0.0820120447517942,0.0615538098114583,0.0800788971112715,0.0274698491232039,0.0610670764806081,0.0915770798650931,0.103261685766264,0.0675223985030186,0.0828360884077699,0.0656970171063726,0.0662542485671699,0.153700309715967,0.0817153665209743,0.0382420176161124,0.0771422341688132,0.0578243004681318,0.0679405241101389,0.093532520895736,0.0683729051187352,0.0775980939737176,0.0810046334868008,0.0617970710580166,0.127082254754515,0.105556935463636,0.0535026344329378,0.040666675482228,0.089549544145001,0.131547993553851,0.0533763952825071,0.0798788572837024,0.0696559169989096,0.0839102400200768,0.0847393790284834,0.137173844970394,0.0750541171594804,0.142444161736752,0.119206681937057,0.0731719845650463,0.0414163141247104,0.086164414038653,0.0665004035583601,0.0878798711838997,0.0796024678377086,0.120107292693019,0.108814889187267,0.114294707140279,0.107414134049927,0.0766644053117116,0.0992006406641932,0.0414145777315865,0.045802220158634,0.0650626829537244,0.11398648804182,0.068823667047913,0.145811817375791,0.1611679338057,0.0877325647653015,0.0683375248840398,0.11431388842358,0.0683209436018718,0.064254005427264,0.0763042229302452,0.112301324419394,-0.0077785650950051
"PA-2010-002-015",-0.0341033890702874,-0.00831169799568163,-0.0720847032384401,-0.0882580703377396,-0.0692750524109217,-0.012262243720999,-0.0939630439564654,-0.0608578750478451,-0.0305913751076008,-0.0698912616704389,-0.0846115839645955,-0.0372139214207627,-0.0464019193213953,-0.0390421416889628,-0.0199875794519006,-0.0703705683096524,-0.0278471586122207,-0.0756774060437888,-0.0837043955394315,-0.0872222700741054,-0.0169397059350551,-0.0311137818067769,-0.0383043812050679,-0.0607609513212082,-0.0726723414638788,-0.0314305371784055,-0.0787826812708184,-0.000000000123060704387322,-0.0971308334346506,-0.0803624396193564,-0.042607483712466,-0.0401224502285213,-0.0922369027589111,-0.0795888749914796,-0.0316365981571148,-0.0525796443028734,-0.0770168011775714,-0.101314300688654,-0.053069045288097,-0.137094047565935,-0.0744566484763834,-0.0601731749139702,-0.0775377810453046,-0.116371933828263,-0.0988984432978649,-0.0990895099072718,-0.0436147372231138,-0.109952099819538,-0.0838558595018296,-0.0992516894229566,-0.0267274856793791,-0.0545526368206405,-0.0534705752244625,-0.130150794031193,-0.0385397690319881,-0.0696871999687276,-0.0456326079808951,-0.0338212507264733,-0.0733592269097202,-0.008673282822223,-0.051928300483802,-0.0353378017549455,-0.0198034128549399,-0.000000000197003025593883,-0.0459936902531759,-0.0743228648677437,-0.034618436344587,-0.0858851046440273,-0.0248871715113702,-0.0445739158173017,-0.115145082148609,-0.0615963494816787,-0.0638396101432228,-0.0632515827962305,-0.0889353264522922,-0.0913172857931886,-0.056533956013806,-0.0689723934960566,-0.040698040637192,-0.0849381122287107,-0.0622541938360296,-0.126370766847709,-0.0129860061691802,-0.000000000153885455335489,-0.0877765080327626,-0.0527014041681668,-0.0678333849604425,-0.0704354248909983,-0.0915773445845103,-0.052999180071007,-0.0930853749127719,-0.0641803390513669,0.0073330847037333,-0.0254773828494824,-0.0552114961497139,-0.0500805953259916,-0.0473387070712985,-0.0534247275190102,-0.020697702511426,-0.0194537830940796
"PA-2010-002-B3-b",-0.0354636399421711,-0.00658177205004769,-0.0300980346327388,0.0160595342743529,-0.00372389709241803,-0.0358245175994616,-0.0473292834191521,-0.0161216730183083,-0.0744498802032726,-0.0390834678643501,-0.0341838564415285,-0.0393925649486877,-0.127590014868935,0.0100851969477067,-0.0145048712549609,-0.0515802088485959,-0.0502160340966632,-0.0629254659842778,-0.0407892115904504,-0.0223943940853602,-0.0411186246596187,-0.0294212275095617,0.0205968481587292,-0.0561379361353701,0.0470955115744082,-0.0463576132601348,-0.0310334263863992,-0.0589043799521804,0.00738288648047222,-0.015557863887879,-0.00338709769815434,-0.027772971158909,-0.0728357201088645,-0.0282145331609098,-0.0455791879051536,-0.0100660839642034,-0.074942788962953,-0.0439359299277385,-0.00590570038335163,-0.00927952097077184,0.0217848447440669,-0.0165452573835699,-0.0692320294306557,-0.02034032823728,-0.0280666519711687,0.0218400228259294,-0.000998599328980174,-0.0137330898359484,-0.000000000560243611532713,-0.0506274423323056,-0.0906719579666976,-0.0442863520586591,0.00418817160771228,-0.0657610173765503,-0.103753719997552,-0.0603177251773706,-0.0462598599188748,0.00200519136739895,-0.0251534121075562,-0.0125717741438998,-0.0233357770188429,-0.0102788886819691,-0.0496914472504979,-0.0366527402544752,-0.0583362272489224,-0.0909184663260904,-0.0363551290085393,-0.0437637193835676,0.00219194273250103,0.00959255951169782,-0.0360516626819508,-0.0172010923624414,-0.0430006583264391,-0.0473430092675916,-0.0167839786866441,-0.0717694086514153,-0.0445217315229414,-0.00710626973246768,-0.0345879261995416,-0.0282562025943517,-0.0109215815863208,-0.0262935499955134,-0.00840480226503319,-0.0183417551818329,0.00337846638914337,-0.0422959140351086,-0.0131696900481558,0.000505846546909279,-0.0609669131509445,0.0241639118357872,-0.000615094381742639,-0.0839758647457726,0.023949078050918,-0.0204346586961979,-0.0595943423918712,-0.0375894601867931,-0.0191802714701484,-0.0227661441019518,-0.0497997058485155,-0.0423237950499651
"PA-2010-002-E",0.00758428081167863,0.0758576491134101,0.0204239106865831,0.0809521362325417,0.020969083650636,0.106018631140861,0.0202320887219843,0.0406916304653048,0.0804884265896871,0.0795508755378872,0.0385766946233544,0.0596874185215508,0.103663833166335,0.0828230539647208,0.0659340073128328,0.0618690422423336,0.0750246277526313,0.0437940662042573,0.0713201820198597,0.0572352517963058,-0.0150187913846762,0.0725394185247556,0.044581019525688,0.03721344754101,0.0406183186579242,0.072826733148417,0.0426770899143472,0.0502364318747777,0.0378050116135143,0.0720133328519069,0.0467654613024918,0.0281938256899092,0.0187686647435598,0.00992954854939693,0.0316354799063992,0.0450852336257411,0.00640550376536386,0.0634680177164928,0.0458582866973024,0.0145314571052831,0.076679599905578,0.046585265213633,0.0452962652140973,0.0429191449193205,0.0599993809426216,-0.0251257596926107,0.0587353394712209,0.0804101246897169,0.0564953488293902,0.0539980269839087,0.0687537211903751,0.0511798398786737,0.0578744383743406,0.0531634405720943,0.0657082514166991,0.0536836757201938,0.0548275596928014,0.0319581894043536,0.0789999334831128,0.090137248558659,0.0618538794457177,0.0840333730967198,0.081737582522415,-0.0000000000615274388786656,0.0605442411642254,0.00165514949066738,0.0537723205805098,0.0315149974373075,0.0602443920519922,0.0817329575532871,-0.000000000106151534191503,0.0260242358392767,0.0582904269248877,0.0492409315473937,0.0232831920457725,0.0656595441274597,0.0355321208319391,0.040525672459493,0.0715540900917866,0.0110192157336685,0.0567672175954499,0.0125996973458272,0.0799555529570702,0.0440458149153264,0.0291429326326566,0.0451902562829551,0.0694788554070899,0.0769458040407855,0.0105378427218636,0.076430971488302,0.093726001836452,0.0927548684774561,0.0827199857905572,0.096267603793856,0.071864503192142,0.0568654755252017,0.0109162988505918,0.0417414116242188,0.13231222993405,0.0730563965626865
"PI230189-US56-0022-03",0.309132327527944,0.153656669828655,0.288045157740051,0.278958753829591,0.222554367871942,0.00000000087859163704177,0.249358546795892,0.264653937803849,0.201798676822218,0.241934180314876,0.177446042806069,0.303635751153647,0.222037059006311,0.160337363688268,0.101585620070266,0.249874214223236,0.195284405466921,0.209578682896165,0.0157491697925514,0.252927661834,0.283445508928108,0.292837793740468,0.227009491944802,0.223236586275239,0.303707279709165,0.268891577607629,0.246976609887217,0.26632781536857,0.235817460775283,0.220813284288913,0.193478206874426,0.337335018436119,0.289699974946783,0.300408466153076,0.266896141403603,0.269165108747119,0.284332221151538,0.25828500521702,0.243446670484086,0.228354596284846,0.198145361134366,0.29266014167918,0.000000000817403264385401,0.260293645164404,0.276987203424674,0.256786871045699,0.226065536492359,0.170941758846926,0.317234789648937,0.262618838570857,0.21135065496643,0.194574682538433,0.292020115565242,0.241265514574657,0.271948969950604,0.244100226314838,0.207202676059376,0.000000000934783758395395,0.295652222880067,0.22703445960352,0.00000000142494109892363,0.221410511517435,0.205340042416991,0.00000000123810284475661,0.263099043022971,0.263819248884759,0.185347961098623,0.178643892405461,0.238097412991724,0.271550042560441,0.252873985956738,0.28719596653588,0.207513008996539,0.239894508106336,0.287358173735448,0.215660600761639,0.277897251615833,0.207907151865384,0.00000000113800050360112,0.218023550829614,0.266044521485808,0.334521144876024,0.274592086099134,0.346004156898912,0.243202197825208,0.200836592161415,0.167950823819063,0.267498040743163,0.24250404484509,0.0675338833506709,0.269034739610577,0.249590262852446,0.224208447293204,0.148358423521123,0.293499571368751,0.25425067221978,0.193659168631596,0.145091081713993,0.303508460616393,0.236434970633138
"PI294602-US64-0004-02",0.157898061783735,0.224667989355579,0.144377385187769,0.000000000905396702793948,0.262774964052793,0.293937267031469,0.28308026996013,0.27511724054167,0.283048646823446,0.278972862310561,0.163027098648135,0.276681130835581,0.201568613333246,0.272196708858495,0.246682101637225,0.00000000111583432205336,0.270521652869849,0.188164068127652,0.0279613281899434,0.26734472841126,0.256110103288881,0.183083699283197,0.14498929703522,0.204692966338688,0.253889823030829,0.264796027963382,0.00000000121016886987658,0.000000000978525993946565,0.334052492451019,0.209592067867795,0.296711213053447,0.271114505106246,0.181462211014251,0.197078212808161,0.262661150062479,0.268606978605188,0.253882431998349,0.278226369330125,0.259102790599362,0.226741226295262,0.256696663201374,0.263604656484138,0.274838797225522,0.281372568165864,0.230711214218609,0.243770342395758,0.209609876851532,0.244619036066637,0.00000000141324533478106,0.000000000786303642197445,0.272881631740522,0.280917135008097,0.196639500023383,0.300326646360401,0.254386995767204,0.247397572215648,0.302158685413481,0.291441278229204,0.000000000899992102908654,0.00000000072654954821259,0.227360948714264,0.215685236201592,0.249497841184871,0.273315557285144,0.137501159405737,0.257706022087968,0.192797442799792,0.26463027209432,0.254275629534646,0.26957494396759,0.247987389080665,0.238228484472811,0.194521039488289,0.266502845022599,0.275396165106038,0.217021734414499,0.223428284920674,0.283884371960705,0.288975274405259,0.310771181481333,0.239204375330325,0.272412035643993,0.245189319023461,0.196730824272232,0.228397073145407,0.269630271550707,0.290429823568043,0.223197198989728,0.226198353508407,0.0811849841104491,0.272543044081266,0.272172285936264,0.1733496609554,0.260372157777975,0.221966479570822,0.19090165799936,0.253840728059601,0.256053655283966,0.274733536165727,0.28730888289947
"PI294605-US64-0007-01",0.0494586225286455,0.0672036952256301,0.0340468720132997,0.0621597316442488,0.0474969783507488,0.000000000272420458205433,0.0588743094451393,0.0536558366987233,0.0593524966862959,0.0360569444446485,0.0623228792371266,0.0521797312646354,0.0453829682981237,0.0794207201992738,0.062370761886551,0.0888489346907137,0.0329968178035566,0.0588948207813337,-0.0144151383902769,0.0315127093367966,0.0680749801150862,0.0636047893468109,0.0542272892142078,0.0758318732605331,0.0493073374287002,0.0521533074214772,0.0548058512319534,0.059635189971309,0.0347124510391564,0.0403408981127875,0.0523472604485758,0.0320571908473545,0.0445160959906255,0.0388111512194033,0.0701262676815365,0.0540674122607286,0.0554300239635182,0.0290806304754822,0.0671692501025023,0.0647436891662165,0.0730330119733931,0.0552208440925207,0.0506604224665156,0.0371323623069836,0.0565083406046908,0.0641816163931411,0.0682122426971936,0.0453179851277162,0.0330758852809536,0.0533521364322577,0.0560242608242574,0.0605723133913565,0.0506878336306319,0.0390005532734058,0.0275989667242607,0.0567116738855894,0.0589815398288524,0.0606763224016402,0.0491692634841893,0.0586075414213215,0.0358922090708177,0.0594335776577393,0.0639118564478613,0.059506137175099,0.0191394622123569,0.053513904047876,0.0505024876835088,0.0690968009938492,0.041976119159935,0.0499783044859591,0.0552068466387078,0.0428120894017321,0.0556283820703711,0.0595641619100475,0.0558964221621617,0.0583105304798847,0.0627806508481148,0.00963385055475493,0.0581136564968794,0.0468493285516797,0.0512031649236889,0.0226276236625915,0.0459534836470184,0.0791210280442168,0.0728927791074336,0.0635089883800809,0.0417147515032366,0.0312735930642829,0.0741713447430812,0.0575225601727626,0.0580743119748878,0.0466042247950169,0.0538824090360025,0.0380465055982462,0.0528002318474013,0.0391422966908441,0.0509402121005609,0.0519829593362359,0.0236418944938466,0.0408909163176467
"PI295762",0.208479323542015,0.16778617273751,0.205037708886741,0.222591036367511,0.173041246934287,0.225395154663155,0.216514263598185,0.187318266601669,0.202461257030288,0.131225739161125,0.136397269512165,0.195817597739713,0.196154935521015,0.180020333648376,0.226416841166555,0.202971911620936,0.208754992776417,0.148296147060076,0.220142946829602,0.188709364872472,0.180147771440556,0.148337305957401,0.203141620245403,0.224882216158602,0.222266478147792,0.21570262108454,0.19380861577862,0.245388319470427,0.217481941102061,0.160070542335614,0.201379954542719,0.222263413017505,0.224351572917844,0.200563476474438,0.192688099947696,0.187416844194819,0.143140855876582,0.230114708040961,0.202295512763501,0.173023938149317,0.133703050552473,0.203775106074362,0.197768172644573,0.188492910872248,0.18518920881596,0.18717376797532,0.223260555139925,0.24246367075809,0.236033056414443,0.186962091174982,0.189578655545447,0.189496044192661,0.215167142644662,0.234617098770935,0.189834865299163,0.201131384930254,0.215319347663084,0.215454829829151,0.239520565431088,0.208180269694836,0.239582559742523,0.163933569873835,0.212255114061051,0.173074582265081,0.228099576207268,0.226590880157446,0.16171390097275,0.185356739531453,0.163523577658778,0.246680702141987,0.182315274597782,0.209527709174533,0.222856698917232,0.189045144805752,0.197093839737568,0.207470204818572,0.215372441653776,0.212313840240441,0.152108584435281,0.238698876172208,0.153832882868312,0.214889646355138,0.150286880315995,0.20060659332509,0.218019071110924,0.140923944618114,0.217617899858793,0.222099412255719,0.225967546839068,0.182856491688163,0.23977670800896,0.178969619281703,0.20172555669629,0.173469811328512,0.21056076349887,0.207883981344207,0.205155079102751,0.239136176531701,0.202530121604212,0.197411243440237
"PI295764-Gracillimus",0.00000000151213005233617,0.289259494012984,0.266848605776396,0.000000000982358976214144,0.292450460349898,0.0000000012459963542952,0.323791587663822,0.3264631564534,0.269902816052292,0.202259376234976,0.300368855976642,0.252588270716966,0.287331532539529,0.300193063636807,0.110055931970935,0.286736902582887,0.203963419074235,0.249468615472313,0.0382768135043544,0.293583992937817,0.310404321243972,0.214150559925081,0.304613207024853,0.249199963364688,0.295171753229674,0.254932586695136,0.259211717663691,0.358660451204293,0.274489264988674,0.26582746923427,0.210535303486434,0.287665746782989,0.203701890747086,0.227533187195858,0.226424201542374,0.275843711894927,0.226901589264858,0.238521099290284,0.00000000105974238712931,0.252640680688351,0.207199769090896,0.266615379674867,0.000000000864398029965761,0.264679539658284,0.283104633752907,0.281876423661735,0.255131775258486,0.188676690410404,0.324904820827953,0.0000000008667222095482,0.296758324709741,0.2118045561826,0.248243100200755,0.268000985244632,0.255961002020044,0.231826040248688,0.282733351841128,0.276387507403177,0.000000000962786833384541,0.000000000792430489693655,0.207263644070026,0.273934946224029,0.26543509305689,0.267534614001941,0.174570679747662,0.171365129735224,0.20266725622486,0.286419784530534,0.287191274784973,0.253843444703714,0.281591019095526,0.266057299554863,0.236950314539199,0.119120607342843,0.283008025812817,0.260148654092472,0.257781051870677,0.2763415788317,0.3061974505278,0.294010923718258,0.245334131229069,0.207414660743011,0.254816691880404,0.218926339190098,0.245457116821537,0.296498316260552,0.183544013087696,0.290724485275021,0.264876688784112,0.0839129306960794,0.232577382913191,0.330633272440182,0.202701098656829,0.161298076114159,0.285276532976275,0.223585694179449,0.262008771266323,0.302420618203321,0.24738026606127,0.00000000124727107696317
"PI302423-US64-0016-03",0.20463175985174,0.193542588876979,0.104014236682205,0.205503303790407,0.202677894606441,0.18046031645485,0.198759304878013,0.258821014698159,0.20453772299752,0.164838181785379,0.247322916149658,0.198835784013303,0.187819353226983,0.21830502531069,0.0891709422421078,0.225742881158996,0.201298404085927,0.236327138214432,0.208381615191512,0.177228045904456,0.199114968114157,0.164352182283015,0.209947158182029,0.261480494664396,0.165186224341975,0.182154404189016,0.000000000995787688860154,0.204462654377089,0.196120586295283,0.250105014904048,0.211134060684552,0.214335304188848,0.216192340443835,0.199466819389294,0.227891150125126,0.169115826709855,0.148870217285294,0.218551624025782,0.217580438068286,0.22329883155821,0.212843794390279,0.170569158045822,0.210925701539582,0.244827684129605,0.197400428880243,0.22878143321473,0.162435398929446,0.235744448240326,0.211980265522023,0.223831765827266,0.182842321133138,0.202694500533865,0.203572694574045,0.205891612324959,0.192572649399352,0.199744972223989,0.153168237078705,0.215510277214033,0.205147150580084,0.201034496565799,0.218125231579593,0.241842364856276,0.16047791575033,0.164254871376005,0.21367099425003,0.198570034814576,0.19760710305718,0.199295717800636,0.265352852844964,0.205740225695971,0.174140419298235,0.176417877377996,0.142606883758432,0.203851954983278,0.223261600764202,0.153156847632596,0.195163551424842,0.201127539368876,0.000000000935735721064498,0.213703747739192,0.217210533159624,0.196936364222233,0.200764925149967,0.196702702950375,0.163262646472728,0.196565325661288,0.19071067968634,0.145989895031751,0.151489392437408,0.228212246975802,0.179845384605536,0.182408213377086,0.191394355516212,0.193423873384886,0.208274550949956,0.194299179538991,0.269900620222948,0.167073507946899,0.21998033651226,0.206354707841185
"PI423566-M75-062",0.179538324772388,0.180501941159884,0.154960771104301,0.18890245499906,0.149886475278704,0.212864331247981,0.135098331870495,0.213726148140919,0.167564682723819,0.146492985195973,0.198836369549347,0.184552340484767,0.18284478909028,0.158981031709708,0.174618960659496,0.210955503071474,0.150284709633341,0.188105492919147,0.186601488903661,0.208179547578223,0.155435600181381,0.183494356470506,0.150691380369317,0.211689645617347,0.199386624418808,0.142634015070952,0.21174814651572,0.183627287384485,0.191548296513335,0.200132962137489,0.171311115657852,0.166566394232847,0.200506842097629,0.131401743151286,0.172152648650781,0.144610613962168,0.164059332828457,0.193001237994217,0.197844663085662,0.137785443625092,0.181102042573895,0.186842215006732,0.193359615128231,0.185413536746766,0.179932384211567,0.189647179446333,0.176824463121736,0.192844958687835,0.177011292544864,0.157051542573036,0.151597850945091,0.169285986307659,0.205735692324516,0.154807665647051,0.138055939536452,0.160190956152543,0.187268690813103,0.171608939090133,0.194698108809939,0.158947250627948,0.161583689401002,0.141718769658756,0.173495399087201,0.000000000915327534774071,0.188445780451894,0.1338569383731,0.187061760784478,0.196468945465604,0.209582375978423,0.143061543034093,0.206358798579677,0.146510076367384,0.18420803379744,0.186722435862995,0.15382637643897,0.188211659212922,0.142693888378162,0.186716350789186,0.190448570170669,0.134253835398765,0.169960293552274,0.121726620248331,0.169116103655733,0.20765412988697,0.183915451288791,0.151122395501205,0.185606755080335,0.191130695148994,0.200898954930545,0.198876286689707,0.152788507448026,0.138550743204453,0.192288898266355,0.175872962995572,0.175336527533264,0.17903987384202,0.159457291345439,0.0856322627980621,0.150321926114373,0.183666040840069
"PMS-009",0.198776087311219,0.172823278862275,0.207506927524435,0.197797155585671,0.15474570925442,0.202726396019136,0.172519383604372,0.142010898246544,0.130032268782365,0.198275127511462,0.155844146014872,0.120502539782316,0.188556784739271,0.195141518289767,0.149256233765407,0.164206951233905,0.184078264362073,0.131062779135241,0.185943380223374,0.120000242127626,0.131471061561487,0.126542120682477,0.163278022174791,0.16592918511518,0.202766986007659,0.157062691065501,0.172732322051188,0.177445058144257,0.210838689999457,0.193004052072107,0.176832534240298,0.17319937700344,0.190208383071513,0.164089192141468,0.218282563317151,0.167700218996662,0.194749152683905,0.163334769128373,0.112990371608305,0.189449058476988,0.165343566815106,0.206838629416569,0.16542128039404,0.140337847597281,0.195243063415043,0.183476270968776,0.168786865941934,0.162783707015345,0.154660662099332,0.111837222182305,0.199076945374515,0.157311040960447,0.228207528773757,0.171997945734714,0.205313217326863,0.21144583273095,0.222705103790175,0.169183140584544,0.000000000502440341910935,0.17128699518534,0.180865614708138,0.236470295177324,0.196663967940035,0.190544567913761,0.176472926721444,0.185914266597369,0.206557465088464,0.10657914622441,0.19951348465579,0.171451553965282,0.186334438034931,0.171080935422935,0.165505174711201,0.178837812322989,0.195755858066421,0.135615326170335,0.207839180621752,0.205044132896075,0.152065392978898,0.0900309955300944,0.17035849951896,0.169855995245165,0.186426838976441,0.205959507060507,0.147237971287073,0.245141495911329,0.120617211760934,0.143867375428296,0.194233490802666,0.203057897352413,0.15006061939611,0.209689323189467,0.14659842702451,0.226419038411787,0.155353793325292,0.157907536694129,0.198704992879829,0.229139711102201,0.181132155615877,0.233445195413701
"PMS-014",0.129973624387414,0.0554491375096969,0.13277911290853,0.113619949580537,0.0596774725210673,0.145637664833569,0.172783616529149,0.165320630978042,0.131696771748828,0.123538946614854,0.165002167130733,0.000000000887568034472431,0.156382900191869,0.13573902760288,0.179516467616992,0.000000000592760720395303,0.158090843500084,0.13698188212451,0.0942059524598287,0.141949387765897,0.132437712633544,0.167769322858669,0.145143196968585,0.199749366184426,0.127384495982297,0.0895377431101887,0.000000000524966378760945,0.133826778659256,0.167141141687014,0.136378520592373,0.156152505506029,0.164265176932921,0.140630010723679,0.152585777516455,0.141258341278165,0.161750828575053,0.059057239939338,0.0923920326845511,0.130715348546655,0.149812024045642,0.145395479662792,0.120327219223761,0.153593452757423,0.165807302694906,0.0658861372526548,0.128434971982172,0.130596252663345,0.107259970615986,0.175605892118174,0.129479403058416,0.111892133652413,0.132162739238174,0.132869877744817,0.135949533493411,0.115139370192716,0.149243264525223,0.0623969141765505,0.120789713744599,0.156467642601816,0.164016899587164,0.117360469023756,0.169065925937869,0.12984011638019,0.000000000662925365016491,0.153379863705413,0.145593523003507,0.0996554737165643,0.130612590088494,0.117017131163574,0.107261576156455,0.181398366788288,0.126916078763092,0.12718577141004,0.150401911808062,0.12190819322811,0.170029790668672,0.177743866488664,0.115480518506683,0.173267210058551,0.0999533893487758,0.170199367768253,0.0459961661922216,0.104409250503724,0.000000000659872253287814,0.150363460186431,0.159516324453013,0.141913524073376,0.100535179509371,0.054930835514241,0.140307280145136,0.136800592687222,0.120731663631551,0.120335472403326,0.127208289733172,0.154011293848584,0.171902684612698,0.100493754522024,0.0342477299270986,0.116447584924746,0.134765619365543
"PMS-038",0.105699399169582,0.0230862396219131,0.122929618564489,0.107069986393853,0.0294377867030671,0.115821676846195,0.109479587230643,0.086049054076465,0.130973210888048,0.0921067324618215,0.101554375850145,0.101640041647205,0.120469681894345,0.0733973442333923,0.129849354625589,0.13388036414521,0.119011335714788,0.110612426046143,0.106550338417032,0.000000000510620205241894,0.109194825417865,0.111533081142514,0.0608519740634751,0.123148919042251,0.0837322575189667,0.106805807290069,0.000000000415974986860853,0.000000000532079355165286,0.115614663931683,0.12981204170294,0.064921089187866,0.0850830038434384,0.0897122232416782,0.111828019148976,0.0812724750234366,0.118903515632871,0.0269982622581431,0.115872140862354,0.0851482703950702,0.0822594583178586,0.111684651417291,0.122795700361048,0.127656941666337,0.112479879990277,0.0380169259188854,0.0979883452248058,0.0949910565686028,0.133074653990872,0.112829310424788,0.114570192485549,0.111543126576679,0.0980797332834183,0.105930350334367,0.173728759952667,0.0664386533751061,0.115333768629453,0.025808665223794,0.110030466045343,0.0942349140400337,0.000000000347417782592454,0.0712344772726003,0.110127406800715,0.12796989797337,0.102521452553675,0.0856811732202918,0.107610828417955,0.0980096334291643,0.0818565880590176,0.099197078270652,0.143830545764364,0.131688674132561,0.136176117613785,0.102038360963926,0.087972492846952,0.123112669716406,0.122505378533071,0.0935449957628076,0.190083587205692,0.0987035330170039,0.120895177324695,0.142783124958762,0.0101270461538614,0.113854669352354,0.090185877828024,0.0982315182344859,0.136040017804217,0.10293767643129,0.115564517432441,0.021002490292105,0.106473399174928,0.0869050405642564,0.0993111511428768,0.121981707205303,0.129995733211965,0.130891333195905,0.109156190358003,0.0899957701300263,0.0209839157428006,0.124520707052674,0.105285879749977
"PMS-087",-0.0332189470619374,-0.0379260937623142,-0.0333556647840115,-0.0525364962833717,-0.0367315559130492,-0.059225431373799,-0.0731621041284123,-0.00957545945957206,-0.0220777498380354,-0.0337413202434039,-0.0243383480882045,0.0031540645556437,-0.0683131259653019,-0.0259429791028115,-0.0560790591574791,-0.000000000264034145787382,-0.0234670159707045,-0.02837178279178,-0.00400642429349743,-0.0568606091854168,-0.044871449850689,-0.0308517780574686,-0.103372964855504,-0.112968891637771,-0.0712606813076827,-0.0234206475662256,-0.0352684441677621,-0.0491514902618817,-0.0523304680767884,-0.0203711453718343,-0.0573922712710771,-0.0167968772681391,-0.0391829204577023,-0.0148313409166485,-0.0350529280638179,0.0141095368156818,0.003821179445945,-0.00542374782077995,-0.0387071683554456,0.00192711331548443,-0.0763550043154569,-0.0292667891412162,-0.0559841520122503,-0.0572540532110446,-0.0235285652361136,-0.0435682648559188,-0.0189251421216535,-0.0347185264649912,0.000000000335497965314615,-0.0439809397979399,-0.00374770140820916,-0.00678067988184233,0.011227979936611,-0.0507866674696616,-0.0856029890189875,-0.0631437312494996,-0.0325524356797405,-0.068971658691856,-0.0327279358757579,-0.045372294753585,-0.0240547228098637,-0.0222739669533767,-0.0345802524038985,-0.0213298231947018,-0.0353367838980343,-0.0617757924196246,-0.0472730152248219,-0.0565775007528288,-0.0232462910517091,-0.0696102451189184,-0.0699839114023503,-0.0857191021672245,-0.0680423596658116,-0.0490164286598695,-0.0192805810184027,-0.027778989512868,-0.0318541334871472,-0.054377347574413,-0.0360253312059269,-0.0324706018140211,-0.0494550946631762,-0.0449166435220959,-0.0356164802295898,-0.0798927769049606,-0.0212280956633009,-0.0591525897818949,-0.0753121881805691,-0.00823700160261112,-0.0766158292193972,-0.0337549408671264,-0.0927505007902024,-0.00678705225896643,-0.0442280743084841,-0.0368703076337616,-0.0779239610842344,-0.0563887010464669,-0.0460164466948847,-0.0164934341955973,-0.0451547614948725,-0.0205039723602801
"PMS-130",-0.149155679358224,-0.0730100257473812,-0.129139279292895,0.000305541269609291,-0.110083383130002,-0.171397102801959,-0.0886497857437124,-0.14421810900973,-0.113403736110717,-0.123839588114882,-0.0936435360933221,-0.175192412133142,-0.182399514165984,-0.0288759361841419,-0.0892037223009772,-0.103530610369494,-0.107086736478516,-0.1435692061962,-0.123527906265518,-0.131843932343711,-0.0582953648229236,-0.118708120661757,0.028322976518792,-0.106047890752167,-0.142835626755607,-0.130972470860225,-0.130138902121149,-0.0881364653827811,-0.158639211085543,-0.11952002939105,-0.0860048995470531,-0.14973922698734,-0.053060099234637,-0.0893899348016623,-0.083194437435363,-0.128373807497477,-0.100574697093986,-0.153215695909301,-0.144147364916234,-0.0962556513132793,-0.147219072636739,-0.197180925346576,-0.000000000101387487125106,-0.164391538491916,-0.0233552147782596,-0.143933215138863,-0.121932131565592,-0.116881145259253,-0.083519039744908,-0.138478865736313,-0.126664344667594,-0.132188115134212,-0.0562701624916188,-0.146710984904332,-0.10746475976148,-0.176851632878197,-0.0875364045499636,-0.193279468384296,-0.153625676889727,-0.000000000875519639981675,-0.120770448072607,-0.15211836752317,-0.133203837441415,-0.100663510765062,-0.113925416139755,-0.0792616604633232,-0.170793403778715,-0.109694324558579,-0.106615471167346,-0.03035160626664,-0.163198525275543,-0.0505081788773759,-0.12735424252909,-0.143933968236994,-0.152207123331698,-0.143200260461718,-0.130368658065955,-0.13536313225784,-0.127936665391075,-0.15486075593186,-0.0754234825526989,-0.12909633179623,-0.163771545132199,-0.0981132332835929,-0.0842259232964204,-0.0721694776558049,-0.12168483844064,-0.168366631641058,-0.126170589870308,-0.147078113909718,-0.202106450098558,-0.150681625963313,-0.152062462718557,-0.109532885319827,-0.105673346174789,-0.118575646893153,-0.0854388243445998,-0.127534092000547,-0.13353948677274,-0.000000000324807429357563
"PMS-131",-0.0000000000214491067332866,-0.115880550627295,-0.110614575734425,0.0029646237400167,-0.151797692342104,-0.116550275288862,-0.084295957341023,-0.124289970445779,-0.135922362985786,-0.14224256049322,-0.124187030096128,-0.123640314425199,-0.134377975109192,-0.0192303573588632,-0.172467371213545,-0.149512776363717,-0.138548842903501,-0.119779297507863,-0.1603665171363,-0.129075132943405,-0.0404309503865925,-0.105599654898414,0.041179666623212,-0.136220217987956,-0.0625049246637581,-0.0945035907292779,-0.000000000437175679308551,-0.175880177725801,-0.104400193898485,-0.168696006834599,-0.0645894841540859,-0.11853795514227,-0.174090994514571,-0.121808370503692,-0.0877242081830606,-0.0765779965885132,-0.105324845912027,-0.0378651181630512,-0.0000000000393783111037867,-0.0757735277698278,-0.124370601788989,-0.104943154156484,-0.117017365534628,-0.0389762454040294,-0.0125194152825573,-0.108044103587704,-0.0709397772055919,-0.108077158745559,0.0000000000910459441302203,-0.121212567043357,-0.0829712875370627,-0.121965348304269,-0.0394431173529233,-0.174324971701204,-0.1459161360087,-0.112135045051101,-0.0691226015166362,-0.120503981104137,-0.135023090004771,-0.110686133195128,-0.0664882602344031,-0.0419157445059216,-0.122810033473781,-0.134190791602494,-0.0974221263025647,-0.0986691770097324,-0.0671542314799712,-0.134844621595856,-0.106513000940018,-0.0182188229620414,-0.102982501006358,-0.0907969126871076,-0.0262821382047027,-0.170311598123944,-0.164386306659242,-0.110842466049431,-0.102855324730949,-0.124406550287891,-0.0827410556669431,-0.121496323550045,-0.100966260064146,-0.0795106483706079,-0.111766946244343,-0.141028157840342,-0.0578773288277023,-0.115784502078258,-0.110111471765614,-0.120457870988329,-0.141274573988647,-0.109910424557291,-0.0776462543684084,-0.0963238501050013,-0.100081917210369,-0.12783731940136,-0.11041933040778,-0.110079995957013,-0.0707031660986365,-0.115077764525641,-0.119836484485776,-0.131663332183518
"PMS-134",-0.0774000325163445,-0.0420633242038699,-0.122724865327539,0.0245583984210003,-0.140556758991501,-0.000000000449232401761847,-0.0627944449319772,-0.127611636270862,-0.0922091460504078,-0.132243031929023,-0.147629366498557,-0.102105829376119,-0.12516828606121,-0.125486152413687,-0.116032641306376,-0.0773592636864122,-0.150243346299815,-0.0899859548462265,-0.126255666871643,-0.143773481380056,-0.155182418567602,-0.145838497465069,-0.0988953155263389,-0.0878652000352927,-0.041730736012469,-0.0761118047513973,-0.125005617730555,-0.126509684514449,-0.103320392417265,-0.180735638863202,-0.051457121168466,-0.127762592504362,-0.150899664535447,-0.0607630532261642,-0.159634736263798,-0.125871141922827,-0.0572386221351783,-0.0172206638937837,-0.136344767063956,-0.105747112498143,-0.141532343667423,-0.151728185651461,-0.132609484267456,-0.0126915561742685,-0.00141120214119973,-0.108046273498661,-0.15599221344432,-0.117779867508288,-0.0485598943450632,-0.122475324953473,-0.134195788896188,-0.136436401233262,-0.118559005578186,-0.131143931541845,-0.167806868090423,-0.112450045252692,-0.0962949758718929,-0.0840075260601201,-0.12439477230843,-0.102541790115526,-0.0539747135522088,-0.0294845986476699,-0.115916996256121,-0.128836449311481,-0.164542170570299,-0.141001511663259,-0.135277967397983,-0.175292847466763,-0.115780800981046,-0.123438200309261,-0.168348183031454,-0.120787728070818,-0.146007730022828,-0.0944077465005493,-0.143264725980511,-0.145252969230661,-0.109599904753491,-0.124353587728443,-0.145472969280631,-0.152120204152852,-0.059905350581339,-0.0817642393954316,-0.0905031153687395,-0.0573683433150865,-0.149471313699286,-0.146756400912045,-0.142524490759096,-0.151930538042109,-0.124928814295458,-0.117921173168597,-0.0868478103162059,-0.115575617198104,-0.0383304880483518,-0.12649421671257,-0.152917965838841,-0.186423241481924,-0.136908083163106,-0.12370534260889,-0.139940560467899,-0.143749959372622
"PMS-144",-0.123535989692088,-0.103709496797185,-0.101528621420666,-0.116312375226626,-0.112985378420077,-0.122567376173882,-0.151177690414892,-0.101480659277486,-0.0744974386604085,-0.113778508374446,-0.102782918331061,-0.117852606476282,-0.115251629165454,-0.14233519742128,-0.117442506826378,-0.000000000639713266099387,-0.0610678777523113,-0.121134068697593,-0.0739421078368458,-0.113779092412328,-0.0788084831747858,-0.0849879863995276,0.0475584092045955,-0.108786178700713,-0.130028090006129,-0.131256067674892,-0.000000000423852120450365,-0.00000000038183881423784,-0.126868585467541,-0.103977738176403,-0.0324095751710812,-0.10322762588608,-0.113959131181966,-0.103764783013897,-0.0491773923929248,-0.0605092859538775,-0.161558449482806,-0.0188787406657799,-0.118567064672971,-0.0987418035725902,-0.151697999908755,-0.13987794570804,-0.124860745590493,-0.00638992382700094,-0.130390508178906,-0.162477286030843,-0.0539718540122387,-0.134447763062432,0.0000000000849254252096324,-0.132188628232839,-0.128183293990235,-0.0965727444979508,-0.0846057871940657,-0.119239425269323,-0.111823010893103,-0.103473043629456,-0.105173532980187,-0.0751372429838379,-0.000000000719638527100919,-0.103691772624336,-0.124248623109113,-0.0190111507102093,-0.125841747308288,-0.0601601650904258,-0.0935837788299105,-0.140045234594423,-0.124783175061783,-0.123934220819338,-0.0658635292888433,-0.115368128938855,-0.12169902970629,-0.0317576722545568,-0.0197508042497234,-0.130411015255666,-0.115098771807631,-0.117490396852027,-0.108873693109761,-0.103833732003815,-0.0729101718942991,-0.126004182166388,-0.130236328993674,-0.107712092271542,-0.128613277537551,-0.118946415009473,-0.126571873773002,-0.117417157093408,-0.0760334013982952,-0.157156820883158,-0.0944755452607866,-0.124989953620101,-0.104699708791729,-0.124210366879215,-0.0368501262649944,-0.104705337199928,-0.1001691365085,-0.10052418375427,-0.0401421348150861,-0.113081942398156,-0.167158673843332,-0.141902559688853
"PMS-159",0.000000000111896535097135,-0.0547862514541181,-0.0284841752930258,-0.0881127112502933,-0.0712240009971411,-0.0915413761819566,-0.0912891197892886,-0.100761235530649,-0.0348599900440588,-0.0750954043078282,-0.0804393622551448,-0.0300450297168795,-0.0521624080307405,-0.073830063107413,-0.0318592396882162,-0.0791894156707444,-0.0817830186473179,-0.0918359202745814,-0.0676463337951697,-0.0877071441462339,-0.0826717498282369,-0.0862095469675617,-0.0818180402345033,-0.199235889194845,-0.084623983541665,-0.196083367680327,-0.207167134544605,-0.0721178545073744,-0.101241418802268,-0.113725368178838,-0.0988132592893456,-0.0919133621313048,-0.0960490679559555,-0.149734640842923,-0.0723813025817905,-0.0868217510639564,-0.0815515197483532,-0.0417028544126195,-0.0656060930427361,-0.0897634713674063,-0.0529672371579184,-0.0828842215072714,-0.0628244100731986,-0.0939377235158543,-0.086987655556965,-0.0700061710569012,-0.0778924601002154,-0.0734876978479487,-0.0642642336498311,-0.0736434436413407,-0.0893008868609323,-0.0844693972376775,-0.0510621826448078,-0.0586058841607586,-0.0319706810241594,-0.0737132619201181,-0.110632970984884,-0.0859432150509562,-0.0541495242148212,-0.0253930779822292,-0.046027607674727,-0.0224334963908559,-0.0841655582701198,-0.00488773962463845,-0.0673005138025099,-0.0912104066218723,-0.0825924697362032,-0.0939603173443904,-0.0576158780947901,-0.156337498113242,-0.0832521957509481,-0.117996882518138,-0.075326508717508,-0.0487324193722505,-0.0569632829386296,-0.0715639331581409,-0.151893273031719,-0.082321343262667,-0.0508486160510508,-0.0850365255928305,-0.111147784826586,-0.104118257093058,-0.064931613830446,-0.071445450240059,-0.0397553887376643,-0.0641451269075669,-0.064975684588791,-0.0810465144921238,-0.0495193308266453,-0.0545041183554385,-0.0341813642809977,-0.123509417433181,-0.0901353915682188,-0.0388607375371813,-0.0805119748359673,-0.0815720077874931,-0.108248739815571,-0.0437147589147314,-0.105532163311591,-0.0896384049040263
"PMS-161",-0.145007764457142,-0.147733734658792,-0.128447988532035,-0.140944348623231,-0.104966675357065,-0.085016571565862,-0.10571046405035,-0.127715937629056,-0.120729659468469,-0.0811740073733903,-0.106362994502086,-0.142022982366805,-0.0988817779999898,-0.141709843643967,-0.110574345113706,-0.0774281297154993,-0.110981246344206,-0.126999034196278,-0.138967075227065,-0.123965205528099,-0.130215679190701,-0.144179266567273,-0.167914295994824,-0.190025246403481,-0.0948804059122534,-0.178097620624973,-0.217344797000974,-0.107894850693363,-0.101917535827282,-0.126159346052328,-0.126585619661709,-0.120824315590976,-0.111621035496458,-0.153279699073964,-0.11340197432758,-0.136185071214098,-0.109174894381886,-0.126128865939714,-0.14807849902235,-0.142834304807519,-0.0987070178495981,-0.135565274249847,-0.110961668262197,-0.13283707448627,-0.136358709684554,-0.103420928714148,-0.147530440953671,-0.115267121850896,-0.142623569901419,-0.159038063539135,-0.128966244367976,-0.0620408466900068,-0.145730523071862,-0.0984475931524871,-0.117471256111521,-0.0985487065937554,-0.040231990488215,-0.13018620159369,-0.135271621816007,-0.000000000784316457860514,-0.100242663700902,-0.120813113647655,-0.106912914264516,-0.125816330131137,-0.121947873053923,-0.137654097412445,-0.162156255595071,-0.121598371730083,-0.131862951086937,-0.154922111482018,-0.118746176932225,-0.127522083553248,-0.136312610810602,-0.129635485454371,-0.0846528994476101,-0.153536777214164,-0.141514731056915,-0.0738479382923646,-0.0590096050542809,-0.116353479120386,-0.136918526566837,-0.139058576250247,-0.059269339438842,-0.151859718044828,-0.127608063245058,-0.115582375475786,-0.158159090493848,-0.100466325943804,-0.117520942827731,-0.123730126275996,-0.153629307855704,-0.125636531266429,-0.170868055047002,-0.120424031714038,-0.138265527698684,-0.120365085698938,-0.125598031906662,-0.116992113119403,-0.110479641447957,-0.0679750961073547
"PMS-164",-0.11824197415798,-0.183299325537119,-0.124749083614327,-0.167983129662147,-0.117633316626885,-0.112097718955378,-0.123051610681921,-0.155095778798304,-0.14627103317492,-0.118916486110876,-0.141759758016471,-0.134219740115479,-0.0883288104910096,-0.117381299450703,-0.151687915410403,-0.121788943463376,-0.119431867157411,-0.111208560493222,-0.127658178684606,-0.116261990265954,-0.101836746262061,-0.139750146172862,-0.138336558285986,-0.103622956353495,-0.120531251773035,-0.1988869025454,-0.112614682774538,-0.125720967839748,-0.12759391642437,-0.113866703590055,-0.153789317280315,-0.0816286483035688,-0.13975868938438,-0.114689946527494,-0.109725445020344,-0.0809183230029439,-0.0753960049679303,-0.135782433529061,-0.116719459219027,-0.133154962597,-0.125267065025951,-0.115996201309122,-0.0937551361917265,-0.138794418399109,-0.127127833643945,-0.133871891572846,-0.142971558125574,-0.122403989729313,0.000000000125853753264928,-0.101039747312118,-0.125215249834954,-0.137019432563466,-0.0748596844654342,-0.113911648731774,-0.115145594550009,-0.0913539189000127,-0.143832625373633,-0.136013691295744,-0.118040797116296,-0.13284903224404,-0.112671364630866,-0.132984083665611,-0.13929153188867,-0.0860878937048388,-0.0871285635497101,-0.152108441038314,-0.138489107521791,-0.1132745341062,-0.146862350029927,-0.135912763927818,-0.000000000513512513101607,-0.116437291170377,-0.0249987416648314,-0.113287822507881,-0.09625063080867,-0.10860219430022,-0.160755029085377,-0.14401510167175,-0.13421040164878,-0.094583407529404,-0.120885847226325,-0.111590602953707,-0.104840753121261,-0.0915391154936703,-0.106089162417457,-0.143839983748356,-0.157438323610712,-0.115041141249053,-0.150617800880761,-0.159697775287034,-0.134648466521937,-0.100156734733014,-0.0726428392773261,-0.106230103891947,-0.0906595253409962,-0.140905056461566,-0.106161415791827,-0.135738734402256,-0.0768111842020386,-0.0965333644689048
"PMS-178",-0.0696890294102668,-0.0706259537478234,-0.0672125768058958,-0.0894937019630194,-0.0851595795056092,-0.000000000384712251719373,-0.102181568632959,-0.0445910673047526,-0.0477706907823322,-0.104215682818829,-0.0313623636721005,-0.094383312467982,-0.0833371519600594,-0.0879826505194062,-0.0853220852313409,-0.0911961816095843,-0.0822454871620454,-0.0965920376853849,-0.092665754063781,-0.0751584205224661,-0.0921238557195463,-0.15914719513391,-0.0771874371459282,-0.0679267184326439,-0.0517342679900446,-0.0716656910417559,-0.0524996235804077,-0.075836863242203,-0.0923423861736673,-0.0935278767786408,-0.0676076126744488,-0.058939107642891,-0.0800400140898511,-0.0867634776545708,-0.0828416967299941,-0.0719642984276933,-0.0922120306638217,-0.0946270987974443,-0.0568999373605143,-0.106993700248806,-0.0829728243584923,-0.142342964513134,0.0000000000279328793385869,-0.110901039072329,-0.0913394357923952,-0.0653274033951231,-0.07827327877781,-0.0797043926787999,0.00000000016227318958253,-0.0317954910920879,-0.0707713252219669,-0.0418376815670368,-0.0514184388882726,-0.0308388759220386,-0.0818208918750329,-0.0609217267054659,-0.0920486050676417,-0.0935542851902426,-0.0952787848331291,-0.0567194232575037,-0.104839823920524,-0.0831585189246309,-0.0891429210149514,-0.0835647131908673,-0.0864334734117643,-0.0584155086171538,-0.0958245452694554,-0.0691293488593938,-0.117797981147185,-0.0480592774423285,-0.0832925736424475,-0.126033600946555,-0.0737909996307387,-0.0890725534897343,-0.0936010755441825,-0.0772923428027729,-0.046077686926027,-0.0987917673469084,-0.108603625930695,-0.100436205957855,-0.077335042209079,-0.0891211738862219,-0.0831424434266597,-0.168331333923921,-0.0768400218960757,-0.109765808318159,-0.171070457314796,-0.0484057594567533,-0.0593606945021531,-0.0734709210771644,-0.0431248905186272,-0.0899023214535703,-0.178072014555968,-0.0664609034211281,-0.102325037560016,-0.0356887958355101,-0.113579228178032,-0.0610024060207048,-0.104804778458778,-0.0866532065051159
"PMS-183",-0.0377025951995038,-0.0221507753830083,-0.00888130615931675,-0.0924963422371183,-0.00422903177891907,-0.0300511055763179,-0.0299523698084529,-0.0669601339742588,-0.0156186989676977,-0.0415964018726747,-0.0295712139769078,-0.0613808953585919,-0.022246153536638,-0.0550697097326357,-0.0457028632056032,0.00289841827881178,-0.00521686511616484,0.0119132431659193,-0.0230991935996643,0.00511559165873455,-0.0543886108667258,-0.0521619241015321,-0.045044519337644,-0.0479766725284262,-0.0108255737333134,-0.0226608813249144,-0.149446886179498,-0.0435350242745242,-0.0254237082559693,-0.0411809811819935,-0.0179518894845744,-0.025047673389648,-0.0421839149526676,-0.0218050369645314,-0.040911807785214,-0.0404381657899336,-0.0624729527448622,-0.0289023039323576,-0.039011242453034,-0.0204809145434575,-0.0502186154254806,-0.0782735837027366,-0.0464185905968621,-0.0192415261306461,-0.07201478436371,-0.020634326238296,-0.055970188228768,-0.0249984137915472,-0.0369977994192815,-0.000000000560473748292353,-0.0137729142173102,-0.00646473669908392,-0.0172510221700281,-0.0373920720611179,-0.0824070308176758,-0.0727031577694615,-0.0182413466980143,-0.0304757546168825,-0.037756309621007,-0.0540454544127542,-0.0451200090059019,-0.0608176190144166,-0.0182884242195905,-0.0360226636147075,-0.0199394818449182,-0.0588391316020489,-0.047435035634767,-0.0597304247896624,-0.0695375912077691,-0.118898888778497,-0.0437399000419332,0.00735096707307698,0.0125929214701744,-0.0405575565167089,-0.056662851911798,-0.0790456674348193,-0.0334809045313018,-0.0326707980793005,-0.04547536466608,-0.0610507808455962,-0.0437639735561724,-0.0300749160584609,-0.0439089450618016,-0.0796407973684325,-0.0287394124322492,-0.0524350717965972,-0.0265515555338622,-0.0331661144165003,-0.0288989881435655,-0.0478549714575473,-0.0352095187220095,-0.0470932342246134,-0.0148841935310792,-0.0505582064855779,-0.0350527821021961,-0.0451437751663368,-0.0563391674433967,-0.035240120844886,-0.0173011804316756,-0.0358246844906984
"PMS-204",-0.0584640533603354,-0.062064944307033,-0.0648525015822438,-0.041967957694899,-0.069986344908743,-0.0745749499086885,-0.0741313579732276,-0.092870761163954,-0.0255580149708804,-0.0455314680896724,-0.0716870536538416,-0.0601120886382552,-0.124954402180396,-0.00622375443645851,-0.034752606158818,-0.0583202079862407,-0.0434779901465234,-0.0799871001959429,-0.0747366237886069,-0.10288376762467,-0.0613745660891532,-0.0655658791236174,-0.120615235201578,-0.052344105834229,-0.0874168944330747,-0.0907926408248333,-0.183134185473625,-0.0522785604589666,-0.0482267094725347,-0.0840652778377567,-0.0966471970656353,-0.0640155409951529,-0.0493905781435726,-0.119076958356019,-0.0997943899471399,-0.0266742130296914,-0.0915891100613654,-0.070564744900861,-0.0814801970503245,-0.0717181519181159,-0.0810551818684151,-0.0996245946973636,-0.0531987775417194,-0.0663319241152577,-0.0946762511115826,-0.0753532957543068,-0.0844107924552253,-0.0748170538386642,-0.0910232655220872,-0.085078363193935,-0.0922258644269787,-0.0614219858584176,-0.0812573373023304,-0.0162803452173948,-0.0600787982718835,-0.102228577331762,-0.0501895892978489,-0.0591036623549897,-0.0752698772985134,-0.0627054395994403,-0.0544246262385951,-0.0594886086672709,-0.0979279816000335,-0.0782774368132423,-0.0598203384137607,-0.0851806393522772,-0.0882695569108818,-0.0646658264686759,-0.0832924298027384,-0.0643955919847901,-0.062841946692455,-0.102053235334401,-0.0937765349120631,-0.0563212014890321,-0.064713101803949,-0.118283344243421,-0.0487558652873296,-0.0865128786708643,-0.0566240653456161,-0.0600841455697816,-0.110338450951454,-0.051508382531333,-0.0601281298823525,-0.0453250019600162,-0.0463022654483047,-0.0505928102020841,-0.0156089139563995,-0.0835589887402989,-0.0934262382007606,-0.0638964194372203,-0.0485505965130283,-0.0672247305861287,-0.114778532684091,-0.0472171773023509,-0.0865180546988349,-0.0935720899741192,-0.0885804329899331,-0.0833975002314474,-0.0875012736719218,-0.0000000000570521717618593
"PMS-272",0.0189690927052873,0.0553994253723326,0.00982443003697623,0.00285899182065851,0.0152566667136174,0.0185678527071064,0.00969568457719518,0.0317344113911282,0.0160116287198551,-0.0296192224589596,0.0337718964103297,0.0410791671114915,0.00178312218404002,0.0314323777749977,0.000904450147920123,-0.0324782134532306,0.0287691005069554,0.0245033879065831,0.0180113439600763,0.0146397692840485,0.0315810748217512,0.01789418065034,-0.00134359462706045,-0.05218126060629,-0.00343716835317792,0.0301065353779696,-0.0000000000243456213056881,0.0213984329249724,-0.0244611239393946,0.0406463865538906,0.0251175742225463,0.031447667245865,0.00506701570912439,0.0133911565793105,0.0410885058982569,0.0113762176109789,-0.032801731892981,0.0112013348571983,-0.0265735410150024,0.0393737951210552,0.00234155816106711,0.0189675532724233,-0.0136296301181296,0.0400347473851317,0.0403373509525632,0.00348085414595563,0.0327566416911339,-0.00467985068115442,0.0278365974535616,0.0128959026850351,0.0174991121782505,0.00307522281326883,-0.0764266012580991,0.01571469196139,-0.00134439543704226,-0.0157882523144634,-0.0125624846647874,-0.0205556490081621,0.0477877953364241,-0.00765510069445801,-0.0100800660891816,0.0288725057989613,0.00697001279164557,-0.00422011082258138,-0.0432788556365712,0.0139460394733592,0.0225510147240516,0.0306878710951946,0.056687422418163,0.0192883087625917,-0.0000000000734651965057633,0.0233714122241838,0.000995269047724331,0.0452627587680385,-0.0148384910017798,0.0414379774071249,0.0134152349416819,0.0240791533835181,0.00917133264685298,0.013115893664297,-0.0449215061035867,0.00874448219429436,-0.0216108715164579,0.0457040125062837,-0.027549290626821,0.0301143407195958,0.0172798844470814,0.0110621745965405,-0.0295493797053268,0.0353266603298705,0.0307420554339919,-0.0202430569315502,-0.0242455003843916,-0.00648082090768137,-0.00265449367781271,0.0420476023659888,-0.00937436654770669,0.00568369310380208,0.0370062533711439,0.0324876166654758
"PMS-285",0.040986122391452,0.0317072374319046,0.0625363730182425,-0.00949778576182663,0.0462388721435147,0.0297073244204048,-0.00664416892293145,0.0108687658319551,0.0408412253971821,0.010486741386318,0.0114571789423018,-0.00501135713629188,0.0536404199022584,0.0400667131659222,0.0441670681734918,0.0951829814801922,0.0514670092606317,0.0614534985842772,0.0215196243415587,0.0189534579494023,0.0630257316733704,0.0647849026480635,0.0451854221167819,0.0356101712568903,0.0535545964537987,0.0248078633458094,0.0606403282089066,0.0725909194606137,0.039402589341228,0.00839333052035885,0.0218750685523714,0.0682429536105878,0.0399835930735078,0.0109963227470884,0.0176191265151606,0.0130989268843371,-0.00100129443269557,0.0161206093512733,0.0738665900936993,-0.00939706157023619,0.0764286749539079,0.0441885025044118,0.0200934787679251,0.0460936998118822,-0.0126775296652675,0.0365904227097763,-0.00312116702349534,0.0622585312583406,0.0137533873175569,0.0367990835626278,0.0644263976366395,0.0491473908414044,0.0668275842979495,0.0253764412678463,-0.00802134955363099,-0.000685648321064226,0.0379855917272765,0.037896041972973,0.102327853771806,0.0136254341682916,0.0249897954171894,0.0709034299971153,0.0455949775930005,0.0395962924006715,0.0313987856028283,0.0315667100412447,0.0828282359733958,0.0468812764422416,0.0364035134466696,0.0795596956003464,0.0450814955787595,0.0575984280125779,0.0602640284232805,-0.0002728960075211,0.0452033686748407,0.0785162052478459,0.0521248599319755,0.0604744942499614,0.0362975895746501,0.0366023424199232,0.031620643974329,0.0340830860362894,0.0350388064146865,0.0366853509867244,0.0189357528090814,0.0805298408074569,0.0448590397518401,0.0255830911387939,0.0321115214014827,0.0114506561039868,0.00233320009420484,0.0308706183173654,0.0111359133360929,0.0696291914363417,0.0359497718297545,0.0721912764028453,0.00982916760111597,0.0457451195401733,0.0160033902143117,0.0156229057568913
"PMS-293",-0.00239530963325503,-0.0430379086383922,-0.0552828085060291,-0.0460017689857532,-0.0487897403987309,-0.0407617577446347,-0.0422924772706415,-0.0405155805141415,-0.0464345699845854,-0.0305952526375936,0.00716368749347382,-0.0392744004936103,-0.0718805534528671,-0.0452849452568827,-0.034565961136453,-0.0362598663845341,-0.0489243109854342,-0.0587670907313529,-0.0255388892787505,-0.0116499538526404,-0.034741711299428,-0.0112878348699461,-0.0353918123371871,-0.0309711313479454,-0.0552793432217054,-0.0441422252648133,-0.0564508642664067,-0.0343332080607317,-0.0261158201694224,0.0072385146807026,-0.046072570154623,-0.0183245841455989,-0.0379463328867408,-0.0166060911343336,-0.0199234400145157,-0.0104135564305744,-0.0316694649254866,-0.0227424546030196,-0.0472864426635876,-0.0118485460873918,0.00601068961897665,-0.0267753898357752,0.0149044283938983,-0.037375914893644,-0.0278088857276433,-0.00918745251742625,-0.0350021662777857,-0.0484775675394916,0.000000000326000034675956,-0.0320867885802486,-0.0280919484487605,-0.033026747252708,-0.0582288456279466,-0.0208084418365027,-0.0572071383863845,-0.0235121486639583,-0.0456677918636714,-0.0403925877254943,-0.0000000000396404474960524,-0.019180806773058,-0.0475103673806065,-0.0281513730908163,-0.0415380481400391,-0.0440560685119682,-0.0286318211814083,-0.0360056363807795,-0.0479968195139027,-0.0372319127984408,-0.0386237379550478,-0.0519407738584955,-0.0454684717858575,-0.0556725277892276,-0.0345525225711924,-0.0315821612458021,-0.0230283097071888,-0.0524880854373688,-0.022455670185741,-0.0353311814673038,-0.0330478623109611,-0.0293380240765574,-0.0297141855673431,-0.00416102872683686,-0.0394034876202266,-0.041497221068173,-0.00703219896314934,-0.0607226690334384,-0.0233126071226688,-0.0387782724531692,-0.0441294369272547,0.00692073297930865,-0.0296712739959653,-0.047073617443316,-0.0306147230399877,-0.043060062440601,-0.105867175989519,-0.0447691993098008,-0.0137359088642144,-0.0693871644692061,-0.0354599479043752,-0.0352773585182292
"PMS-303",0.0101107901216062,-0.0172359420975404,-0.0195080260506893,0.000000000169183653844438,-0.0659687784848583,0.0227076368591623,-0.0094436588595998,-0.0153528220520428,0.0242311808423824,0.00416455366374256,-0.00500822515328971,0.00605197197512425,-0.0348358346751246,0.0774571481983956,0.0331605499864242,-0.00388309246353294,0.00260481855498147,0.0234478931526789,-0.0284694717471208,0.00740704328639187,-0.0186084204532447,0.00535518482202441,-0.0465964892232793,-0.00808322415090178,-0.0150444046797021,0.020042134630284,0.0138076788413538,-0.0265249581115007,-0.0233388048633296,-0.0482311276043271,-0.0100170829906634,-0.0151063827482075,0.0370665522136406,0.00163575123645249,-0.0262301565228255,0.0349879113919916,0.0166409400019025,-0.0081840437173485,0.00631289188412548,-0.0085751287585445,-0.0211360002685791,-0.0107255295505769,0.0252954655762896,0.016095447841516,-0.000399884102971776,-0.00380422975752734,-0.00648835916498572,-0.0139195270336704,-0.0122876693756911,-0.000000000391399234991152,-0.0403231941971221,0.0078395568705553,-0.052835709074548,0.0271301310612003,0.0154946595627936,0.00367968501391433,-0.00983930502740058,0.0148978415754952,-0.00168594177026887,0.00132163479655558,-0.00560735968221111,-0.0146815953063734,0.00671445398201533,0.02760046110462,-0.00429067901787248,-0.0243182637811753,0.020255953418587,-0.0221901771324955,0.0171676536243822,-0.0284140233903643,0.00564821193837224,0.0247688751210285,-0.0118180554859658,0.00787456504789074,-0.0205915961649658,-0.00913187205618392,-0.00312242157136508,-0.0123063589678746,-0.000000000166879606590211,-0.00142128898094654,0.0296308372641517,0.0211085999155457,-0.00350593929271662,-0.0433138145589715,0.0271047213752954,-0.0408036881892591,0.0235897751326412,0.0107156777616173,-0.0061906558515527,0.0104260577251343,0.0297741506427791,-0.00339989868038586,-0.0244785769399021,0.0061287411429722,-0.00133442824849322,-0.0381708701146245,-0.0256733743112838,-0.016975228223594,-0.0368158535374092,-0.0434554964572771
"PMS-306",0.0206951745712381,0.000536512478189503,0.00636126184277449,0.000000000115906949778385,-0.0215156450087798,0.0112934200897946,0.00406343613645205,-0.0133699574068719,0.00145048386660625,-0.0431851679927518,-0.0401263669420195,-0.0216077270080245,-0.00449118988789505,0.00909119282044018,-0.00346489721938545,-0.0133363691748124,-0.00834823285962179,-0.0849736050419051,-0.0190730108935797,-0.0083749130498183,-0.0346104353727506,0.00539191957738558,0.0484576839747005,-0.0416872474170977,-0.0106780333940352,-0.0571302070010643,0.00027455793176514,-0.000408430599432344,-0.00824082270767711,-0.0249100431934731,-0.0493115648715752,-0.00992413616161647,0.00513508005061774,-0.0770052548783711,-0.0105931618393715,0.0015175486510906,-0.028014151347595,0.0127962977648012,-0.0207459320309073,0.00097098884882377,-0.00675499183848639,-0.016206857920838,-0.0354757953172817,-0.0273695389516652,-0.0388298319740489,-0.0227117703961777,-0.0352526700232568,-0.0449690577304025,-0.0219437928124175,-0.0257160957552249,-0.0583532940225298,-0.0058324398412918,-0.00530243465316787,-0.0105498721535927,0.00928154955914728,-0.024040044826401,0.0174002872786732,0.0131308526501726,-0.0263664945699748,-0.00104098287072335,0.00438136033303872,-0.020596473707536,-0.0345108656979318,-0.0532418228086807,0.0149615212673002,-0.0487481564094638,-0.0477398577965513,0.00976642953756438,0.00298678526475683,0.025744498796853,-0.00188548863687239,-0.060920861935953,-0.00578895476702134,-0.0183333727593141,-0.00162064330375327,-0.0334266300914048,-0.017215113527622,0.0221937522170135,-0.000000000220086565577264,-0.011928385699825,-0.0510213204690484,-0.00580933343366474,-0.000553865834518905,-0.016518061397116,-0.0145740714441968,0.0128187732004708,0.0243671101022909,-0.0244491364986209,0.0107016840048217,0.0406822523327053,-0.011750920690405,-0.0233822294031161,-0.0171074402405425,-0.0332846149673767,-0.0102593726470427,-0.0486635562921225,-0.0102717334478764,-0.0562367430422388,-0.0158880690057191,0.00149125140534935
"PMS-314",-0.0725702455576203,-0.00819231573734558,-0.0287140650358129,-0.0756146310902249,-0.0691674116916198,-0.0577792402962138,-0.0545054898417219,-0.0284238970939072,-0.0419767209056359,-0.0544883978978101,-0.0513227681584563,-0.046035432525663,-0.059290625335505,-0.062122833373396,-0.0414878390109221,-0.0228923516103733,-0.0514698586930105,-0.0718790291841985,-0.0483614904910519,-0.0584714071639104,-0.0417577699022872,-0.0379511224170517,-0.0119944262877402,-0.0277350742775228,-0.0578822135335312,-0.0324205316044118,-0.130449163233933,-0.0526146346577641,-0.039890731830091,-0.0725789251302303,-0.0542997140578213,-0.0337062503132602,-0.0571052437845112,-0.0843676803196498,-0.0330437212224913,-0.0251704914241889,-0.0361639859274099,-0.016174210002228,-0.0434085164981507,-0.0613158913892877,-0.0668690304035126,-0.0383291726933436,-0.0251088525287765,-0.0375416117799133,-0.0192971000121518,-0.000476010452199777,-0.0272719304793414,-0.0354631183412058,-0.0553432884583997,-0.0588415297560978,-0.0610619855643407,-0.022708631102358,-0.0746837427258003,-0.00980176401059142,-0.0635047187451706,-0.0299547011736913,-0.0646290389524587,-0.0419953734755946,-0.0340216187886734,-0.000000000395100585769647,-0.0173926860072006,-0.0207774529307754,-0.0417059174414333,-0.0239332381080679,-0.0420119473621612,-0.039015944381487,-0.074339755482488,-0.0440792466286512,-0.0420656891507348,-0.10374456345503,-0.0471412327193654,-0.0507862854053762,-0.0350072822168429,-0.0194092266870727,-0.0121115254239239,-0.0247581725730588,-0.0592605527229949,-0.0340815480869666,-0.0165642384693997,-0.00137371780913295,-0.0519284269714159,-0.0332288051084273,-0.0577382222843691,-0.0352679732408556,-0.0345747816029691,-0.0360548935691503,-0.0367562960883683,-0.0496792515520436,-0.0433019232210742,-0.0262322816518149,-0.0398301242515284,-0.0378761018859448,-0.0277982420860262,-0.0411950220521608,-0.0592327135142098,-0.0450054147166796,-0.0159532170152912,-0.0460848744583381,-0.0536651629647565,-0.0717473903198071
"PMS-347",0.10747222991477,0.204591160144329,0.089493107680485,0.0880290402807943,0.0837646196221749,0.0819857548694288,0.148575399128038,0.0864488165526238,0.0967608160890535,0.0776378554370551,0.108724335268611,0.116224983140731,0.0911941059782179,0.116021861583544,0.109542030833636,0.0913879136909161,0.0986846748038068,0.100809309565771,0.0592665808748664,0.0891289272161028,0.117229064710615,0.109330261678181,0.0887074589991422,0.0792804649223095,0.0804953070252064,0.0989452841121737,0.000000000449076143698593,0.110246205603998,0.105190865978195,0.0495645606876432,0.0941423302590414,0.0955149652846414,0.113259817711687,0.0718441115840171,0.0660893519986385,0.10590146409068,0.051113284281278,0.087344075089484,0.116069582170722,0.101337330836795,0.115265939007997,0.0856443332783207,0.0971754833271134,0.115516162008319,0.0973336921346,0.09525819382923,0.114688014317919,0.0831465161987506,0.0823947143875588,0.0910786915363838,0.180538455179691,0.0912196406144775,0.0955766492028895,0.102918350936723,0.147073927054726,0.0466143421083694,0.0923443982845453,0.102896683268241,0.0571732926743062,0.0938671562484424,0.000000000669507921853838,0.16578247799676,0.112790567285241,0.112988585043185,0.108767972245466,0.0443447268360063,0.10186467903761,0.0901815192802974,0.0903417861506935,0.141910450610007,0.143587602319286,0.0813066611670741,0.0915713330811724,0.0943452872907108,0.104156288393105,0.099513098775823,0.0285737436919161,0.10264711929352,0.097406553906608,0.0903591644599602,0.158973195793325,0.0596631508862909,0.113469925980212,0.135913326351302,0.0550951378345251,0.098829304236183,0.127212733761223,0.097800289356694,0.066829404093756,0.0936154795938715,0.0602678894446176,0.0658272031026175,0.0793445880036563,0.0517075794023093,0.0916798228557155,0.104726779749575,0.121244869800962,0.0970163494359665,0.116684392351344,0.177456087020735
"PMS-359",0.102284469529099,0.175493456095171,0.105686484402823,0.104339396059644,0.108699823967617,0.0967782852853129,0.102391232876069,0.1192621405733,0.0869289886674673,0.0922610539837099,0.047754676712559,0.100874642765656,0.0913112175708996,0.126247465019818,0.0921412053034406,0.0794680441266322,0.10287587536971,0.10147702459541,0.100644455617701,0.0575679987166658,0.104061221858112,0.0833526295959164,0.103971035508963,0.101712300785046,0.110826909170353,0.122615963434707,0.0994047923094455,0.110890558457504,0.0914091656985267,0.116987836530283,0.0633751943921292,0.0608064022428477,0.100797659838868,0.0817222116233728,0.111219975044724,0.0868705938334806,0.0943492237231844,0.0701942203150094,0.117545694775754,0.0839480155362604,0.0999045531515199,0.0890182984810586,0.0696261305330654,0.0785429981255494,0.0987868638074946,0.0437084219089747,0.0982659501191872,0.0971074695936897,0.113713380415441,0.112092493337388,0.148150961972296,0.0846812714641258,0.12121756991161,0.118869899864044,0.13518150181117,0.105745565822802,0.106654034655952,0.0944277621455199,0.118916186139569,0.124044276351799,0.128760474930583,0.134937149656729,0.109948038088775,0.0965612703937072,0.0885152964054719,0.127267114190018,0.0713441860769114,0.100433060810751,0.0803300696921322,0.136362857517316,0.120931562976757,0.0857728245133528,0.0955518056480324,0.106542889046498,0.0692530564109397,0.0976114745797977,0.113431239206212,0.121456643128576,0.113248541638552,0.108550048263369,0.123862461928672,0.111939348176369,0.0902468652273868,0.122677811870683,0.0714083163453477,0.108385916250514,0.108130922267034,0.100674234991217,0.105970520743262,0.0629887500728501,0.0951715847443737,0.105493933138751,0.11101428849921,0.0885427257011803,0.105894200905392,0.0782890049325093,0.103879846041845,0.116497664326885,0.124931921227146,0.149067297330894
"PMS-375",0.0768619549744266,0.124010713414758,0.141467133658525,0.119701721742872,0.110223372635941,0.000000000701766315214247,0.124572089672146,0.143523590614272,0.100650453285119,0.0556997119160111,0.0811122384684315,0.112320346390542,0.107054806013141,0.0769072403113611,0.0805439050848103,0.0986422063018735,0.0707280276585712,0.110119572152115,0.110531820350394,0.082560448667187,0.120086098629256,0.0916954818449453,0.131258526183228,0.128267568701684,0.136331205432559,0.171495528215346,0.100026100206384,0.111057215459959,0.108670172476085,0.0877945924491495,0.0918795799040382,0.118562556404634,0.146797629211177,0.106617687288496,0.0900549295239306,0.134254933457253,0.154249931305772,0.128183081197164,0.121341341076246,0.133163992526287,0.108086485370395,0.122324448663215,0.122164952793111,0.110980182832611,0.0991642056705652,0.118760238035469,0.0905434676390651,0.100559121602619,0.105671888317657,0.125533862568184,0.108704492001822,0.0893108427824006,0.167786154004098,0.129916058562897,0.103457074787613,0.087725220683426,0.146514036497977,0.123633006452629,0.113192069655151,0.0988871770697472,0.16353536381174,0.109240285751069,0.154779284840849,0.134532738050959,0.083340105134507,0.166379303407613,0.121122899195961,0.123874324367089,0.135697268969746,0.109055732301875,0.0912675127712936,0.0843534628032943,0.0922020549001559,0.101057218195494,0.129035200623186,0.109508417743167,0.115077925446007,0.126482535422541,0.110514872539455,0.0878922036506468,0.0910031774731985,0.0872762326053483,0.112236599946008,0.137533501644195,0.125830055870459,0.088858317191143,0.118462642835924,0.0971998625130614,0.086474635658087,0.120391313915223,0.105844366724885,0.103356559870198,0.141759897602371,0.0922328243669599,0.110003204479597,0.142427171588677,0.140605693154059,0.140201299141617,0.115664486670456,0.123185291699984
"PMS-381",0.0743488745950021,0.0680921597076989,0.0747487678491481,0.000000000619755534924133,0.0850388691096697,0.0844428653522223,0.0757612916717094,0.0739120340741156,0.0711861777418983,0.0937519315308483,0.0745444704529008,0.111634942588436,0.0699223378357889,0.0632474580933721,0.0505335252639893,0.100668407419643,0.0735207335485909,0.0782865612783835,0.0636641634800945,0.100482550566306,0.0786273805746215,0.0767971416748064,0.106282585046894,0.0801123701262423,0.0795165277824479,0.170299415600912,0.000000000523081148593683,0.062582678369851,0.0603584016504781,0.126165680978665,0.063332966915129,0.121380354485945,0.0725198952183713,0.0612056276389471,0.111228954599371,0.131353270755009,0.0594788599321321,0.120117101997454,0.072744637966216,0.0794353495156043,0.0672769132904407,0.0629871130026826,0.0539597184436403,0.0861955615239225,0.0500081821502631,0.103872853927902,0.0982964425028219,0.0675927774075164,0.0482608838110284,0.124082190207695,0.0587718277511374,0.056449676316052,0.155803430794078,0.106187995023255,0.0755948200384449,0.075552294442904,0.136228301056759,0.0627305442282301,0.114853762165425,0.115302325924894,0.0885231997917337,0.0650984481454926,0.098975836942012,0.0845883616833829,0.0604861497366286,0.0466353277670154,0.0605147897471543,0.0811816203074519,0.080771899957635,0.0877746653989013,0.060043126136051,0.0753269562130236,0.0497123926827272,0.118060542723099,0.0890526231161866,0.0856852735376827,0.0791316046379822,0.11865583871114,0.095035796692518,0.0530715372381401,0.0898875240350887,0.0923680267492206,0.0603377829206242,0.127053904648375,0.0927428812256079,0.108769017201702,0.117935756946551,0.0864416077844151,0.073049095897303,0.0912123263491845,0.0885670233133704,0.0681963648159027,0.0887526224574906,0.115992984004806,0.0843405343174117,0.139518798301232,0.0421596011586334,0.0297255073463364,0.0774839937209733,0.0709480290755255
"PMS-397",0.0505835046395713,0.0326448638739744,0.0414394014922899,0.043349135176396,0.0279916949483612,0.000000000373262197097766,0.0800551123152016,0.0108666303166342,0.0438796537348652,0.0285653272606673,0.051716330060773,0.0166202180058581,0.0636087557657112,0.0172668654608716,0.0438699696892302,0.0418216589322557,0.050295523507337,-0.0104722627738696,0.0863923359211037,0.0471822014358782,0.0361366045717579,0.0386948612248901,0.0524668452188091,0.0455069145988917,0.0432516954481197,0.146698408604223,0.0452176590772419,0.046754594198035,0.0871678422978336,0.0402141357234933,0.065436798606556,0.0491887314775431,0.0186421474659079,0.0510750369003053,0.0646858852187565,0.0461151720872392,0.0440866290968892,0.0728054234143923,0.0127775565456856,0.0772104134330555,0.105063187890968,0.0573680761262649,0.0451512740184172,0.0589159885472595,0.0419627658630006,0.0734407686105812,0.0608613070715513,0.0595018799593049,0.0370380630715505,0.0191357688975262,0.0191760264242144,0.0688718529622773,0.0405329720192188,0.0512543308165407,-0.00475365883105148,0.0168767577607437,0.0405517354605596,0.048813908036296,0.0597832411524865,0.0525611413086964,0.0268294107549612,0.061877610348003,0.022920997482574,0.042615047633518,0.098645817061873,0.0407716079728755,0.0489239037865111,0.105546179135376,0.0370125659930701,0.0390837233912641,0.049802456181063,0.0744554264719741,0.0721527062123394,0.0114435181516818,0.0810578264865083,0.0713223723638385,0.0415661063642688,0.00186036669556792,0.000000000465169279974908,0.0554727441484041,0.045081899268197,0.0464747663400386,0.0575029008536691,0.0365213533866829,0.0830276136421813,0.0663777089184032,0.0603146547290386,0.0101011780175276,0.058425727469253,0.0928372118060881,0.028124171751681,0.0417394028260446,0.0520773139059192,0.0226137641845335,-0.00890551268450641,0.0787438243492927,0.0427215407279806,-0.0112243965321617,0.00222414756800262,0.000000000542316616854644
"PMS-425",-0.0224099224795764,-0.0586426340589264,-0.0340769699037404,-0.052168553793408,-0.03972431618593,-0.0642915891690286,0.00251350724525082,-0.0345223697174917,-0.00609174201168253,-0.0188940841429883,-0.030657593702486,-0.0423132900270044,-0.107896992712466,-0.0323464651354552,-0.036385912135256,-0.0339736440144442,-0.0417841407975202,-0.102928502946826,-0.0349135685004235,-0.0225413613222193,-0.0497483052342153,-0.044493944002409,-0.0275002628154723,-0.0629499547959712,-0.064570857664649,0.00334273997863399,-0.0751458273837952,-0.0000000000163708079617179,-0.0475013915247167,-0.0259452943511572,-0.064302554555101,-0.0326015342513729,-0.0324961975270254,-0.031818228075988,-0.0378622842041641,-0.0449012929248047,-0.0360347288330608,-0.0105265327172216,-0.0337813718393522,-0.0186173248035618,-0.0720063155396758,-0.0375320545744122,-0.0312517374249666,-0.0360595815600672,-0.0594859266551884,-0.0339806560506591,-0.0303451866283131,-0.0130526323754863,0.0161726672778202,0.00312777926298505,-0.0600483539803012,-0.0199762583465344,-0.0143781963166693,-0.0478404541240404,-0.028960836656819,-0.0481198654322144,-0.0213069928577915,-0.02478372855266,-0.0459817462957971,-0.0302228422967386,-0.0563947628888692,-0.0306637061228981,-0.0402213457204793,-0.0147052050364671,-0.0229530656900594,-0.0251139077418548,-0.0090470998202317,-0.0459649043051085,-0.0524345393543917,-0.114802453989963,0.0100381335287968,-0.0341195262724607,-0.0334002742656881,-0.0369062981287737,-0.0416126754189578,-0.00908196799045115,-0.0124855581538261,-0.0487217554660704,-0.0159770535486653,-0.0134769836920249,-0.0227126863296929,-0.0564323351844399,-0.0210111415106271,-0.0760986291758891,-0.02208995274914,-0.0254896217036602,-0.016980588719622,-0.0326185263975454,-0.0884810329175828,-0.0577704442301766,-0.0440964630226046,-0.0258343565689389,-0.0108253513757071,-0.0454280299587836,-0.114689807542857,-0.0348912586935184,-0.0370330956328261,-0.0460635614024958,-0.0144546061865705,-0.0256729318580306
"PMS-436",-0.175422761556254,-0.293576405895642,-0.188240070340293,0.0000000000600401917952514,-0.322540395587401,-0.0000000010706853333558,-0.339852416318203,-0.208344125324125,-0.356897527046062,-0.262843313663053,-0.326238874548678,-0.319504988207871,-0.442279404019974,-0.185981394129866,-0.15326695238173,-0.284338340088133,-0.236077285966422,-0.247603785492512,-0.36446249812769,-0.35218625988055,-0.310771801060946,-0.27798734922744,-0.179436169252829,-0.262908279158506,-0.285434369323663,0.0437389058561479,-0.000000000773897426761659,-0.000000000751793399032846,-0.299652956982198,0.0175844398138635,-0.256678965139187,-0.193869589738186,-0.306181873319811,-0.332545661413583,-0.211683231821539,-0.27208596323367,-0.371221452839318,-0.234195637691292,-0.000000000536308437327402,-0.229374228041255,-0.247508909336582,-0.40063488164278,-0.00000000055371794774426,-0.341103695548002,-0.350109123150559,-0.361789862279421,-0.309496414606532,-0.3956367747742,-0.394801136601533,-0.00000000124197531893421,-0.248291396793463,-0.346714768611274,0.0436972102167443,-0.020408498285165,-0.308223794868024,-0.258588950661989,-0.343789010404141,-0.402708678962889,-0.281032257475032,-0.00000000108561522866579,-0.258501366983648,-0.334839027488867,-0.365036535393481,-0.000000000889732765978014,-0.34337114050698,-0.137537972465229,-0.227931834314172,-0.250021934197923,0.0586410508092319,-0.286036155882468,-0.297446254288021,-0.290647108024501,-0.40853411439942,-0.376340169397452,-0.278041105975489,-0.363405854813607,-0.314547535910575,0.0587831832271787,-0.24483535227125,-0.279783111754537,-0.383907597691698,-0.383090129419366,-0.254098348659173,-0.376821218415185,-0.323077286157044,0.0342424031124851,0.0164823563883151,0.0507773702847429,-0.297741386673071,-0.281985677811927,-0.274863633882598,-0.268640381084868,-0.164748480946994,-0.25345455263838,-0.32788772682171,-0.373678443079652,-0.332492001147089,-0.192875670052144,-0.284339497889109,-0.000000000724648727358366
"PMS-438",-0.0000000006599009712273,-0.456189822961451,-0.388441552737172,0.0000000000598586941151246,-0.462806379575737,-0.000000000963327292025166,-0.336263264154128,-0.349551945022489,-0.319131234733767,-0.292647333181468,-0.348518450807518,-0.00000000100925423011859,-0.449148568454226,-0.265641291061306,-0.243965736006906,-0.00000000104909288141999,-0.346641985884069,-0.248889499744386,-0.198979335149237,-0.00000000127174449796292,-0.225202845235812,-0.24902163882372,-0.344627169355475,-0.373680101951352,-0.535947898538582,0.0432066443174724,-0.38463777083485,-0.198303630532778,-0.439729394921366,0.0159617346508891,-0.329010488588587,-0.369331110167858,-0.144330286010785,-0.417211907254909,-0.518461816735009,-0.415892046951763,-0.457404543678838,-0.491767297089542,-0.33561588091466,-0.271450484478559,-0.377382098599658,-0.59701218149454,-0.288753366958236,-0.380151115490755,-0.405099016598889,-0.359352881468348,-0.457959969798777,-0.368256040090245,-0.000000000622460772460351,-0.327881508170955,-0.325574877710462,-0.455582597630705,0.042274775894027,-0.0227834809802478,-0.388054680787587,-0.339782176674266,-0.295778921833378,-0.00000000113205352802497,-0.432414921613912,-0.599333313975808,-0.00000000096183269122762,-0.434649985057805,-0.449957830384495,-0.35589631111779,-0.504573207481025,-0.253156653583346,-0.28080992242692,-0.387821357149815,0.05842052643448,-0.44410113855564,-0.00000000107166258296163,-0.2995140848223,-0.262433828036103,-0.154231862580588,-0.351307828305046,-0.413235638796976,-0.356552734556357,0.0552303188770939,-0.00000000111634479738702,-0.347134997275564,-0.315827466360836,-0.276107190685806,-0.384231211297137,-0.00000000124973110986033,-0.318600054779061,0.0319559533751897,0.0163993718493865,0.0455757836847932,-0.533421363250248,-0.422294786256298,-0.284475155038109,-0.594788920212123,-0.388628769334885,-0.402132257959108,-0.335418486258133,-0.410840442870559,-0.307547710588747,-0.512169769977734,-0.470529661553279,-0.512758856846934
"UI10-00012-Cabaret",0.267392545277665,0.153426738306435,0.285622891602921,0.258863990492284,0.209808453480188,0.000000000428576204628023,0.294648549958332,-0.0242882600179653,0.309819387397977,0.147763501618778,0.215774659233678,0.000000000403903055015101,0.193724877657272,0.292717680399002,0.0989381511715542,0.235767931294994,0.244779429019791,0.117821877488206,0.256438555695191,0.260705148931056,0.217204648111343,0.308498220825096,0.0915812605353219,0.249792153452195,0.222430458559449,0.303426617843098,0.272923032221177,0.268452316121663,0.229384563677447,0.234096499363497,0.307786975036171,-0.0148775326515393,0.256634523381146,0.238228707931923,0.277329239966606,0.229490771916685,0.228540480627065,0.222422550652464,0.231477846968103,0.120879646597692,0.0335666452366342,0.285381004714106,0.229155725802979,0.187696069430407,0.247346364197643,0.203635698796898,0.215701603286152,0.215612483156006,0.250517072104134,0.23172841506681,0.238396889523937,0.172343125522626,0.256849054155243,0.28618387382341,0.237525411453334,0.223414366215169,0.249541463428002,0.233862684584224,0.288075520441803,0.218856102452017,0.32292536051943,0.216174113610294,0.301576745183552,0.238741266789831,0.154092941444026,0.234874012767688,0.242592955747941,0.341860323735671,0.202560023591918,0.249288886599715,0.227094964641733,0.308672841323047,0.255199898323212,0.302214950041559,0.141310240930257,0.269090103148631,0.198299504963286,0.200689573059512,0.199125945019551,-0.02100084962861,0.142986144448487,0.25865584204763,0.00250191765053493,0.332751628982497,0.207335343716102,0.225501920786847,0.271998238293601,0.248261969242846,0.188988990360749,0.185903866237996,0.287816089781093,0.303622875132071,0.299322768541148,0.228707923780147,0.178008027500858,-0.0212979852000243,0.238467274059287,0.290557643515807,0.259141211800632,0.269428270604054
"UI10-00015-Cosmopolitan",-0.109937787331351,-0.110775894419308,-0.11391999799663,-0.0859983718921783,-0.0770854611652458,-0.0841832788114271,-0.0777423494595766,-0.0847381676155467,-0.0734821036409643,-0.108732169911066,-0.113388960251259,-0.0898513236857757,-0.089075157055054,-0.101766197634818,-0.101785919009717,-0.168826286021022,-0.0907231904896216,-0.0575157464981021,-0.136763361388498,-0.0581391378304826,-0.130073097111081,-0.107829771068594,-0.08683395201693,-0.00948219418937211,-0.149860978534257,-0.0772357125755559,-0.12688847152248,-0.0929877606618554,-0.087226687013047,-0.109323694028156,-0.133709293600861,-0.0947579375117902,-0.112200364927811,-0.103067531812989,-0.0462559006575058,-0.12687377333075,-0.0955822867011784,-0.0803612092497882,-0.104664947429167,-0.064974474470995,-0.0456513386528977,-0.0655834847867281,-0.0975513713772385,-0.159709287064321,-0.126205842892072,-0.0948053006553752,-0.0297881451926107,-0.121935415597006,-0.126279700892645,-0.0835334540410373,-0.070557459278127,-0.0699880370639549,-0.0979650560787863,-0.0815102208413553,-0.0103473306252189,-0.0561594267078339,-0.0993631301316546,-0.109336318456336,-0.125458223782711,-0.00000000000280577588167017,-0.09210225445602,-0.159275002844282,-0.0911619529640971,-0.0895275743916896,-0.0634189129514322,-0.0915357146105957,-0.0964313851448759,-0.0736357523613308,-0.0556818018981441,-0.0799513684167855,-0.104510050947155,-0.0607556682414344,-0.105951555830853,-0.0783832915892087,0.00884358950872982,-0.0911202557534961,-0.0674177206528154,-0.114697426400054,-0.074085824945333,-0.098647140311484,-0.0998324937272472,-0.0810519602588869,-0.083621768198952,-0.116749847428312,-0.0740348068404868,-0.0814705323761778,-0.163066906935495,-0.0946678113337792,-0.103054721856485,-0.0923884180850336,-0.135904009807957,-0.104536905551615,-0.189235644510282,-0.113446408031887,-0.060255595536515,-0.0737174654178046,-0.00467729951332199,-0.185268005576006,-0.120579696238774,-0.119526730283055
"UI10-00017-condensatus",-0.166342452108701,-0.143969479689026,-0.0919941201683186,-0.0866471777688406,-0.104579555654946,-0.0632567559724956,-0.093279231789248,-0.0227332829111326,-0.0722161922801022,-0.0645878220850695,-0.048637932022725,-0.0381564788827164,-0.0885700794334267,-0.106810173091531,-0.0621383684500218,-0.179311039349728,-0.0826997744747007,-0.0437082164441526,-0.0952274383051884,-0.0803167435711618,-0.0554401663623909,-0.0564673948100728,-0.0674831837421668,-0.0516585801143655,-0.0679877232563899,-0.0503692730564367,-0.0893914921526922,-0.130986780034093,-0.064017292492977,-0.146489165306323,-0.0776254916122291,-0.0839466533365688,-0.0642342952740011,-0.0497637272332429,-0.088056551464967,-0.0438835054628453,-0.0427692592657953,-0.0652074396499013,-0.0720589485385097,-0.0995853762728756,-0.0573511312346554,-0.0597971803684247,-0.0698176961481867,-0.157731368732639,-0.0724830414725565,-0.121715634288455,-0.0583188015304817,-0.0690461295563914,-0.113986162612928,-0.0613746349604147,-0.062016840074799,-0.0470569391336656,-0.0583699821156345,-0.0769021453003453,-0.0757382434733734,-0.069719495914873,-0.0894682023337559,-0.0622811328339763,-0.0782756002879085,-0.0815131737603776,-0.0451899948468581,-0.0567347606473226,-0.0517874582397063,-0.0851733936019243,-0.13569566493433,-0.0371163202977548,-0.113004932497033,-0.0900222365766395,-0.0826832778921936,-0.134927004774815,-0.000000000141413595793377,-0.0832359995968592,-0.137917010398579,-0.0268107022236264,-0.0382463657063146,-0.0448254404326264,-0.0972800217609051,-0.114565903209079,-0.0805461410874394,-0.0955023672700121,-0.0507572292213468,-0.0666055561621769,-0.0844890931685262,-0.0873745718253424,-0.0574992523926976,-0.107966308039021,-0.0101571377050834,-0.0774629803287917,-0.0793706322906206,-0.0577442509477505,-0.0470633612833232,-0.103434190149299,-0.0112982712885294,-0.0586445815096445,-0.0637845222801728,-0.11670797170956,-0.0705540866178679,-0.0898165451032097,-0.13012228296575,-0.000000000302825996921528
"UI10-00020-Adagio",-0.282982881819704,-0.235585372752846,-0.235568162366468,-0.284407152833395,-0.219791174460726,-0.310156303171298,-0.200938573875963,-0.177125896703829,-0.101292341813972,-0.194031088849597,-0.223577308051152,-0.253012633004781,-0.26072284209315,-0.222475391599428,-0.156119716348439,-0.000000000531324882338313,-0.262235152127153,-0.187607195120606,-0.263293456579769,-0.199026287875593,-0.238125324674213,-0.0896139981571468,-0.258608511636843,-0.287510157959546,-0.118396622329519,-0.184359839781428,-0.231785133560155,-0.183141806068419,-0.191558489005429,-0.231172849670825,-0.193057199706326,-0.0817359870303822,-0.0547047567762758,-0.221240338085252,-0.155040078372957,-0.260898072060053,-0.198885005472664,-0.242095170457029,-0.1511959533002,-0.242170186717729,-0.18812186107807,-0.214061118921627,-0.219937554413668,-0.275795113380799,-0.1919478074373,-0.333104997764158,-0.23453951143439,-0.205537053175727,-0.000000000441103120347078,-0.2737157498189,-0.171719069109919,-0.210555515982984,-0.244262342239263,-0.253907434264352,-0.143950517039651,-0.189336687892188,-0.193829593263412,-0.272623901566779,-0.150057606277749,-0.000000000663181242563241,-0.245176327030937,-0.208998235241392,-0.230222663849558,-0.000000000608666736403793,-0.195182373099149,-0.0921115837205095,-0.29678747463257,-0.261946669866651,-0.222721119395535,-0.21834407638232,-0.247595371670918,-0.276306530537167,-0.196935391669431,-0.284846560318397,-0.122181551005958,-0.21452257960899,-0.216272885354261,-0.26792520987347,-0.247635981592668,-0.201271195330289,-0.222908556193457,-0.266801837780257,-0.231745216085077,-0.00000000046233529705419,-0.252605402144211,-0.157409110421482,-0.183262506830175,-0.3388895286105,-0.229807865217394,-0.311118271903373,-0.197360599973318,-0.244664147279195,-0.235580774501684,-0.140623178834823,-0.2516917870441,-0.258900220988027,-0.247092554152231,-0.308514478552599,-0.17251729065505,-0.204764578556276
"UI10-00021-Allegro",-0.0599397691687732,-0.0594249712456282,-0.0397909249388736,-0.0507791357289399,-0.0387709630396452,-0.0440149261563155,-0.0502902560883511,-0.0300807754218342,-0.0960970949283204,-0.0496463915394003,-0.0648817778876018,-0.058522035228719,-0.0679330739925663,-0.0506253472293105,-0.0783780308864752,-0.0880700810657658,-0.05393735661982,-0.0669568515832818,-0.0422529475322625,-0.0531771098448734,-0.0405275334895582,-0.0809494185265633,-0.0666381768634868,-0.040320632316676,-0.0584032289468605,-0.0650300216138362,-0.0529604148007594,-0.0676537992037092,-0.066544354758543,-0.00727009647179553,-0.0578956453817475,-0.0578412051112836,-0.0611342672953163,-0.0490937327939782,-0.0528189051797094,-0.0683287063334339,-0.06097899319617,-0.0117545478883049,-0.0555108066762633,-0.0463863420401821,-0.069478790298208,0.0554139436466897,-0.0703737651822435,-0.0477975433883261,-0.0690279049372767,-0.0456321472640243,-0.000933424160733386,-0.0542828635578296,-0.0721694456747634,-0.0739313830726703,-0.0525107707006354,-0.0442417712090877,-0.0578728422622389,-0.0826322319408703,-0.043622981176093,-0.0791881777232078,-0.0701726601617289,-0.000000000145886589966395,-0.0720824311842116,-0.00597388475544752,-0.0639246349338583,-0.0592958167747444,-0.0742010588200021,-0.00000000026793766947031,-0.0749415046891185,-0.0443763909633774,-0.0555212874476236,-0.0523745593750666,-0.0548285396677772,-0.067927133270193,-0.000000000546150840648326,-0.0485114362792489,-0.0446091739750197,-0.0470282862190452,-0.0897576114192921,-0.0600271239030154,-0.0595949760080673,-0.0536136962928407,-0.0580827299676974,-0.0894799912268006,-0.00911839243562534,-0.0459938857835926,-0.0947528382609719,-0.0593106574581116,-0.0680832566138388,0.00189478183279644,-0.0600019896561999,-0.0407897214043678,-0.0402313221902205,-0.041523315427164,-0.0509008708078341,-0.0150390383588182,-0.034068196094042,-0.0621422929012679,-0.0611865334444669,-0.0553826410743884,-0.0336587547981608,-0.0477068885133747,-0.0494050737533987,-0.0732638540287829
"UI10-00022-Altweibersommer",0.0200229743078267,0.00566446451862764,-0.00133513806345732,0.0000000000924885088831675,0.018068872079886,-0.0543161737900101,-0.00555546731901067,-0.000262684383607585,0.00347981444443574,-0.00542375277405866,0.0155049106835084,0.0172763348951287,-0.00439371892652544,0.00472757965118229,0.00978732395688098,-0.00339109994701663,-0.0239833411125761,-0.0135250041112692,0.00796269808771064,-0.00276891829856404,0.00714876855487187,0.0193912208090078,0.000694568085923197,0.0269917698527992,0.0151446136811126,-0.0223601649442366,0.00547199770700232,-0.0185775725577369,0.00474978126057539,0.0064504460823282,0.0117211505795648,-0.00338045143089712,0.00644855082723336,-0.000440387246879313,-0.0101825119830523,-0.00213165421637458,0.00305022299453344,-0.0610656096201119,0.00552801144738962,-0.00223373226051163,-0.00504832775815034,-0.02154450593544,0.0244345492945439,-0.0164974294994143,-0.0149676877912728,0.0172880895647621,0.0580030853199843,0.00202703826505443,0.0139166380010677,-0.00147553097570135,0.038270770153941,-0.0573073449305394,0.00563980473164245,0.0155075160790124,0.000500265043411371,0.00405170487441717,-0.015501462919081,0.000000000168376266716144,-0.00408471942203358,0.0000000000387148984302402,-0.00472785438378927,0.00494939433279464,0.0145602115809482,-0.000423868564865906,0.00831984851734073,-0.0066472445432072,0.0315308967921154,-0.00156056295887131,0.00873241088531373,0.00267428202647084,-0.0260760543098035,0.00401292870754808,0.00765607124548559,0.00401610268717875,-0.0357227016560626,0.00413919646054384,-0.0471509304503699,-0.0162368034107476,0.0000000000916924069477314,0.00089894132016963,0.0231161052955335,0.0187409677153882,0.00542153669050473,0.0223708725952255,0.00161879418336319,0.0173499004104571,0.00505823191048353,0.00984553009466007,-0.0017166406397239,-0.0650392839405783,0.00555566967483273,-0.0891970845697224,-0.00553917614753477,0.0122939698655953,-0.0361045268390499,0.00813529213412747,0.00818411109670536,-0.0119125095013637,0.00298017832446997,0.00313830398121502
"UI10-00023-Andante",0.0695978795303759,0.10283125499512,0.0902246258654009,0.130388991816121,0.109286710893026,0.115918627955573,0.103467900720684,0.131568667479687,0.192978360243667,0.136015075309566,0.110736696363343,0.125014768213254,0.121918196003659,0.133454468940552,0.146343052006156,0.103915243256212,0.140576674406039,0.15130393836957,0.121402796161513,0.102636094599799,0.103776569450187,0.0861553786466519,0.14950702195515,0.0732126795371573,0.109208919281157,0.145552437859604,0.159293343660327,0.134746747027126,0.125791957789397,0.0799484293492598,0.0885548175959642,0.111092617494499,0.0505954836169726,0.142496367115039,0.116995927650193,0.0967587518874796,0.102097658801169,0.0953071157795944,0.0899652772424895,0.0706390843424439,0.0820240467285231,0.199137818467463,0.144677565385302,0.0800168980665462,0.102604935953951,0.128769588450697,0.0884696272196704,0.151529829480976,0.120406219136668,0.179307945739295,0.135306791572956,0.0980406245814096,0.112035747950288,0.099853525358572,0.108956650065617,0.138286269126257,0.118840703495669,0.133719016237771,0.106649177321037,0.13351479371288,0.123205572754756,0.161568043426808,0.151092235688986,0.177795141270881,0.144146332771788,0.0807663798644526,0.0755471967793323,0.0802008677212716,0.104389433030316,0.109567769408863,0.109767837822199,0.154610249469896,0.0782685561577517,0.086556865320816,0.182461896670463,0.112840325996651,0.0778103637835143,0.131701152465368,0.116487417945777,0.120249640910776,0.159366891160812,0.157791890877493,0.0848307062256774,0.145647617704964,0.117952871195796,0.0872314136848793,0.124091159464483,0.137800162013063,0.156330245567327,0.129843523414006,0.077660126151732,0.0999051894559504,0.0913863907958398,0.0995557387999943,0.16018695851227,0.121436443672835,0.120332888520315,0.103666003486825,0.100320085595378,0.117235231150759
"UI10-00024-Arabesque",-0.0369940541455009,-0.0194213768716259,-0.00506344290244764,0.0468167298358266,-0.00628131965687397,-0.00945611710816315,-0.035026009092071,-0.0155184221727954,-0.0262013346231821,-0.0427905246055828,-0.0486280181669662,-0.0584798277718212,-0.0354895444842094,-0.0370239224217236,-0.0100391972225027,-0.000000000130032068418364,-0.0286508929440981,-0.0479446193229629,-0.00234313127649178,-0.0289805400528382,-0.0438961770691298,-0.0562296884536471,-0.042592111951181,-0.0150214303053337,-0.0144748833304064,-0.0335081017780266,-0.0254277522583181,-0.0421713346114893,-0.0278169578220352,-0.0234707067597013,-0.0384912056095217,-0.0164428917651029,-0.0174519950182078,-0.0335606912351016,-0.0628930187660018,-0.034999280987212,-0.0126689325848667,-0.0440772643400208,-0.0373127164851344,-0.0421971324679502,-0.0397652728140885,-0.126944342617607,-0.184767731124294,-0.0159588324503028,-0.00703763266989624,-0.0367877996346109,-0.0298609608250534,-0.0925045015444277,-0.0514637229721228,-0.059016987200385,-0.0274714608995252,-0.0277225399491942,-0.041455013692846,-0.0226983728918644,-0.076190616954222,-0.0502365525112821,-0.029243469630836,-0.03007253996502,-0.0356003246995785,-0.0406528191186134,-0.000000000000530439099672968,-0.0257773946784614,-0.0616758073604673,-0.0292463051519159,-0.0493233896875194,-0.0512131160930224,-0.048532760846684,-0.0342931779912219,-0.0281447202091626,-0.00578168227159257,-0.126489938841975,-0.0405469669759241,-0.00886063943478316,-0.134507295124528,-0.0189918045748278,-0.0435862946822525,-0.0255663166955024,-0.0317314380875722,-0.106174407903761,-0.0176775655231693,-0.00303748558446848,-0.0569450097650366,-0.0333460583014177,-0.039568130337399,0.00917419176744409,-0.142908786807759,-0.0309335075589893,-0.0366781339114298,-0.0278629198122662,-0.035312597302759,-0.0198592192960909,-0.0567789596104747,-0.0694409522364031,0.00764988048101628,-0.0173307745009862,-0.0270973834283584,-0.0279515245548248,-0.0447641475430474,-0.0417397663682621,-0.0401884942503016
"UI10-00025-Autumn-Light",0.241786238578723,0.279339228957892,0.291073424812878,0.233451825064616,0.103895976683131,0.21011877979728,0.29628440236361,0.251797304146736,0.270897062436488,0.252271741653833,0.189411177508245,0.28116875649122,0.189181282832112,0.257407163800188,0.249158823540832,0.25163063850693,0.176666700383197,0.268768215470467,0.219323144868908,0.270019569459411,0.328012453913167,0.112628507632281,0.269846125108117,0.339881830482555,0.0694424745796842,0.294667633136896,0.287006991262092,0.0476505609010959,0.229488677008714,0.262210474562361,0.233882479341136,0.213066187430814,0.00906366541665802,0.225764709787427,0.0785526922555,0.272228966288334,0.195257515304948,0.168383189182224,0.000000000579907034775603,0.14375436928514,0.0673463102340515,0.235376247191241,0.288499302110324,0.271561232765384,0.326845761396248,0.195850725360655,0.323870620605985,0.228235875591992,0.302631352298592,0.262660373138034,0.277520815390162,0.227575513583045,0.253561127467913,0.323696422530323,0.209625733584323,0.267554107503525,0.257823663298239,0.19598622111371,0.25558019998327,0.302024612082343,0.277983380536528,0.297968197497876,0.227462026800128,0.288272734968622,0.26539370147767,0.110972716493765,0.114669590881012,0.180528997162503,0.304847577898811,0.228874641184763,0.217542541974655,0.239774998528069,0.205337929898656,0.0854745237049401,0.246066595132718,0.260821558361104,0.224229726406895,0.207562696421799,0.230557948941503,0.267858730577276,0.264764721693833,0.213082911969044,0.195781188060707,0.250947912901564,0.273859041412941,0.261949176472061,0.21943065186281,0.0833331114782461,0.275157035125151,0.231833433583478,0.261810136279719,0.209297902485267,0.252688726643663,0.133724848300484,0.294192995285317,0.207363208964771,0.026866263738603,0.324587959076906,0.120973800519472,0.309125876672702
"UI10-00026-Ben-Graz",0.276808144867588,0.178511586291757,0.243959872307119,0.16045990614154,0.178232401222487,0.128080955849761,0.143351001272221,0.208752078567374,0.177151747272944,0.119871213789054,0.146244844527762,0.129872893844502,0.156976896414285,0.083272318091028,0.116254656153935,0.174041895811424,0.140784788949034,0.138405520771247,0.162628829154382,0.119875277998067,0.187611174087175,0.27825486738031,0.148404035171461,0.182580990058385,0.231097534045636,0.174657674898637,0.176541169118297,0.157316718997015,0.197076627539005,0.176858087444905,0.201440624182195,0.193507823704914,0.187681625327208,0.158991991298444,0.219025389987461,0.135882813357099,0.16156608899594,0.225502095685253,0.000000000273375597082988,0.121165762370162,0.232676535405029,0.21045921199678,0.148630063334052,0.145628752047423,0.174170249821778,0.0875111650692054,0.190073765586386,0.136398818492815,0.136758594750459,0.128403246912139,0.178378396626639,0.061637473798816,0.160800886002747,0.191626882091807,0.169998670901536,0.15976894896568,0.236085716650157,0.214716644767331,0.000000000529476636688784,0.17326729742196,0.108792587494806,0.193746190100305,0.169236751471217,0.149777291868676,0.119509714327471,0.195803099311899,0.13481958760702,0.153382955772908,0.0906162115599203,0.162489824740829,0.217320074018972,0.151114782617709,0.206302061055907,0.121718799127503,0.118685479180188,0.116961739556955,0.13870974243064,0.131611241727433,0.157786882022851,0.15326783273511,0.158703234877941,0.174265475009885,0.122871267762488,0.121823160614123,0.122144966069447,0.157814823520184,0.166128550264626,0.181056246253622,0.172237130227423,0.191600501396999,0.147712292254614,0.183613113680705,0.124572576322572,0.162264507337128,0.217246328038509,0.194775213632983,0.153124283525801,0.172154639237851,0.0601033486543996,0.15103989669672
"UI10-00027-Ben-Rotkopf",-0.193230033765015,-0.0434453371085974,-0.051916865909582,-0.00704015694021972,-0.0648262165353083,-0.0423634366706819,-0.032173197288176,-0.065994425286352,-0.0353114577804926,0.00237010797072307,-0.0545294199379271,-0.195221394885554,-0.0322761612719039,-0.195939998311734,-0.0192850102831429,-0.0174336817434548,-0.0617757611288575,-0.0682268870522952,-0.067338006515732,-0.0759794911258442,-0.0750769832684696,-0.0695952303556099,-0.0272113488201499,-0.0324561654437924,-0.0551278970294836,-0.0320690587619243,-0.017681971468159,-0.064668223149553,-0.189639045196324,-0.0315866818841555,-0.0541442236942104,-0.062935325377527,-0.0467032866973595,-0.0379368412663901,-0.0570851055335061,-0.042902733705572,-0.0580407540986119,-0.027986680184063,-0.0331180611870169,-0.0524597218196788,-0.0474798920156157,-0.0177049847963903,-0.0555591768838851,-0.0640650514253774,-0.041201368936635,-0.0415285649404421,-0.218352672337605,-0.0652505337179677,-0.063421177985098,-0.174034236688702,-0.040163874477375,-0.151739507526162,-0.0783667907879552,-0.0615485578528457,-0.0734981031291242,-0.0300905724696041,-0.0689637227619792,-0.0487332968271529,-0.0444063953652979,-0.0432386278316517,-0.0479925867765612,-0.0482846096152837,-0.0554896500098833,-0.0434506407087843,-0.0697058829695456,-0.0652932179510484,-0.0630084677567218,-0.0531914449191379,-0.0198261305330903,-0.0264813007600335,-0.0634429961874108,-0.0505165323061077,-0.0499120577782956,-0.052271317003914,-0.0296632410980746,-0.067122168926382,-0.0500505080683152,-0.000455406336148989,-0.0319940075423514,-0.0485683039118373,-0.0671170057013195,-0.0772063218628606,-0.0303298320559485,-0.0785404360384907,-0.0286736635368993,-0.0690680004591328,-0.0522834216923454,-0.073925282863358,-0.039747945041062,-0.0474794326585497,-0.0776567359088725,-0.0674249527280432,-0.0725197214287896,-0.101942131998969,-0.0490881599100738,-0.0798426090015707,-0.0405863922331031,-0.0293981879572427,-0.1460757119334,-0.0494739254769795
"UI10-00028-Berlin",0.267031442192563,0.21288912541137,0.200306015599708,0.23104403959351,0.180997513294699,0.220504023889566,0.291653806930118,0.239496735699849,0.286760843094319,0.240902252256203,0.152273593556386,0.25895469552203,0.242057798147997,0.305586898690778,0.220104048187951,0.274332715147156,0.221312673045987,0.241642113688959,0.234083828302091,0.176414860790353,0.194403114597755,0.230284686911572,0.225892119466448,0.129295898518637,0.218725933929891,0.207539721338626,0.229042189014927,0.186987521256906,0.190219390217253,0.22943587789275,0.235494269240458,0.222934895850265,0.224731068082022,0.237051854007668,0.26742589456773,0.263511453130689,0.218896822448005,0.191794904161525,0.235583132837394,0.254944189456256,0.260990178690606,0.174062924365776,0.249022539096073,0.213839056050737,0.213234632696069,0.29433474110738,0.105272255757499,0.179194607771177,0.221596107895592,0.249628160013352,0.253279960248442,0.248107085504288,0.326090058987714,0.32769360340395,0.0772035401362469,0.233310838914277,0.336406399123575,0.219709315278188,0.234656526928581,0.335010764231281,0.255209641848681,0.194338727268848,0.190314607786523,0.234971335032852,0.226466338276588,0.144516449103835,0.314607503696832,0.231022927948058,0.218694071036969,0.198382321779612,0.237220083567378,0.232269340288231,0.227893540000277,0.329244035349887,0.143760766297067,0.193838533788249,0.185495409570836,0.221447403358607,0.213329658832126,0.198053062009559,0.293991645051084,0.229157241427641,0.201513173024632,0.238060324551153,0.206028791766252,0.254753558339131,0.206227657769942,0.252409314030085,0.16734659560278,0.255494884167671,0.238692027096969,0.266826005642702,0.224864198779229,0.201376836432888,0.231295571158469,0.190770797865041,0.167851079368479,0.258404847849677,0.231065670857224,0.225692821054962
"UI10-00029-Bitsy-Ben",0.0473715174084383,-0.0580856714647069,-0.105146116482898,0.0938416977159495,-0.0613826581710164,-0.165806257164723,-0.0609266878663536,-0.0523177615849537,-0.0481929208700897,-0.0431077521002071,-0.0836828548775987,-0.0938795408389741,-0.0888499037619397,-0.0452373204031416,-0.105757568411194,-0.164085933966809,-0.0721898593878463,-0.123739644724911,-0.137392607824028,-0.0731967774297614,-0.1252986909211,0.085698860081628,-0.0295223647403246,0.0677168096596386,-0.0882007956210614,-0.0635063406069853,-0.0774106451839622,0.0603979060248819,-0.11540620044132,-0.088336923205364,-0.0811039811602985,-0.0821193761317746,-0.0340962613616128,-0.102222936413303,-0.0686747990158557,0.0714515451757801,0.0702768249740941,-0.0838356308061503,-0.0835242052578323,-0.07467241548137,-0.0680930416855521,0.0714335485272714,-0.105230516065327,0.0750664870250851,-0.0843939610354083,-0.130468097983775,-0.0963626185071311,-0.129203653226092,0.06292317365426,-0.150802734496894,-0.053469653033561,0.063647276558459,-0.0850926649181384,-0.0955600625284905,-0.0970776206582916,-0.0785586587223454,-0.0364215303344571,-0.0911929295122251,-0.0894999442213078,-0.0644262375650712,-0.0856369491763836,-0.0587183634185363,0.0837734364673858,-0.117440283445456,-0.0925134588874158,-0.0546555175477145,-0.0446966923594941,0.102041816912797,-0.0720859528542043,-0.0620309024059196,0.0767965327500961,-0.0607408533706607,-0.182346967360878,-0.0901362653041695,-0.0393527906390592,-0.0640032643144094,-0.11379788854032,0.0488343931931813,-0.0809867090077954,0.0713633333730416,-0.0516536917872911,-0.0456514242567272,-0.0511100647490526,-0.00000000013235469909001,-0.0398128020203797,-0.0456161367631634,-0.085268322907353,-0.140790717607721,-0.0334208638207509,-0.0696959255389619,-0.0968312533396597,0.0750588656030931,-0.116258794566601,-0.0742877720861505,-0.0688183628937391,-0.105223118315589,-0.140810245999794,-0.0867325081893565,-0.106858117987344,-0.0000000000373766051484154
"UI10-00030-Blondo",-0.012223855322145,0.0256987162396051,-0.0325974675992435,-0.0463394241931074,-0.00483919569014086,-0.0383961650715426,-0.0295307881872484,-0.00617086166761581,-0.0788530035501449,-0.0310114085813701,-0.051456132362034,-0.0811353767208465,-0.0196258639294115,-0.0235420501384626,-0.0351797789799703,-0.035233937685044,0.00304431753215873,-0.0232898341855649,-0.042597520157142,-0.0192110335636418,-0.0434707254813269,-0.0158672189413671,-0.0244402077094714,-0.0757185283681429,-0.053091101561864,-0.0791067429825487,-0.00927917059749791,-0.0501651462145347,-0.0546870767015188,-0.0247246127675553,-0.00543762409020154,-0.029953079884343,0.0163240793250531,-0.0124824032297417,-0.0167418460684622,-0.0308248941805945,-0.049569535666363,-0.0364573784584747,-0.0308694517749849,-0.0535744515541918,-0.0117311034975738,-0.0177150355344635,-0.00648854717930178,-0.0220618077017695,-0.0157022259155578,-0.0573470341919157,0.0591697600065981,-0.0151948486393973,-0.0206109886707122,-0.0425821627267368,0.0124461955483875,-0.0520165147354936,-0.0446002268797342,-0.113435689634046,-0.0214761127598388,-0.0398383258230394,-0.0474123630940479,0.00838766509334774,0.00298267873376052,0.0000000000831677572154573,-0.0292531914758314,-0.0128629923562578,-0.00463004128452373,0.000000000168258191144517,-0.0115969672651605,-0.0318236383473896,0.00505715678067861,-0.0575045675998783,-0.0544295892883912,-0.0412964454811157,-0.0387452000844626,-0.016917661568379,-0.0407984030265033,-0.0522107064541228,-0.0403387263742179,-0.0322944119413159,-0.0561319569254861,-0.0456451618594045,-0.0685840844837846,-0.018942629602365,-0.00551778327958513,-0.000375666290689137,-0.0712301658204266,-0.0134378299107692,-0.0303121617923513,-0.0249934712491183,-0.0265819096360426,-0.0482431379107023,-0.0366862557050388,-0.00470578410607419,-0.0298708016995865,-0.0443275624609757,-0.0441784234984644,-0.0288526190001685,0.00218318688417325,-0.0106726404636691,-0.015896290596,-0.0314711438469374,-0.0346901007781847,-0.0405976421201976
"UI10-00031-Bluetenwunder",0.232468036026695,-0.0174990393081544,0.145435849142321,0.141182289139582,0.0938499275009108,0.168990043207295,0.0271216714019548,0.160203414746046,0.0920139557103824,0.131361153701328,0.154493527577075,0.112713844501316,0.175865320242781,0.121262658979281,0.0469740413688738,0.0693158296338614,0.138674439076226,0.186374318854182,0.128447940427001,0.113909656737651,0.0873801591062345,0.139657986179255,0.154110357276143,0.11345572728532,0.0254124026575382,0.222076899755435,0.117126253489907,0.112110455350896,0.0351510693942659,0.0982975281886267,0.166283326778198,0.19334582679846,0.105071164715568,0.11851804702625,0.0547075488541163,0.151539129204828,-0.0683782215144834,0.0125691895936868,0.117724295368552,0.144428680130921,0.131506607283222,0.117328393678324,0.153850246840351,0.127725025946519,0.119999974025882,-0.0116831065312639,0.0782539831221782,0.0814375087202603,0.122617581046032,0.115210184699901,0.156620230549194,0.114086164233535,0.166840854140137,0.107563350533873,0.0960288263635413,0.133882848000936,0.157647255176716,0.000000000322234131556321,0.118806362458619,0.0481632033648253,0.103137910845007,0.114306353315264,0.120106892742194,0.000000000271870635565573,0.160608154031756,0.0552711891128466,0.137512344149639,0.135278039200627,0.161748446945779,0.0784727961833112,0.148526681423452,0.136718570596729,0.121034848557885,0.153015852908085,0.172440683006289,0.13462291652325,0.108423308828278,0.0724246820196058,0.0113233272796994,0.128293589203675,0.137183470889319,0.157515479257653,0.0335897433104386,0.0239963234884473,-0.0338858858238235,0.119154203154233,0.0666480786809835,0.12540148125231,0.130523328707256,0.115429229073936,0.0445047526396542,0.0445372826906777,0.0818925303697826,0.110087928375882,0.111760927849913,0.0934295830585046,0.0107984220090178,0.171960578601908,0.137385589793273,0.0915024442340513
"UI10-00032-Bodacious-Ben",0.193706076958714,-0.00235321943529216,0.0235811442944024,0.0668532335827877,0.0133612008708907,0.0541686337064858,-0.031856634782743,0.0222141916821102,-0.054102139917976,0.0104181516786742,0.0677104305263306,-0.0000000000418260940355709,0.0693416631984333,0.0454493411406006,0.0311634950764147,-0.0174693330579082,0.11752792973601,0.0797060356348664,0.0646999109689981,0.0894078268892126,0.0350732956155672,0.0317349250487917,0.108770186081478,-0.0344047103355992,-0.00205275967800131,-0.0262152850934536,0.0223277202124564,0.0131432968477718,0.0729587098962297,-0.0153094723586068,0.0158255966556347,0.0357055136757686,0.0330725982425389,0.0123009352950989,-0.00977514916495466,0.0383047497164741,-0.00382774381971944,-0.0143722298785383,0.00630904602743498,0.0765477597807191,0.0320577908939445,0.00134406974425239,0.0264404836203163,0.10086610287611,0.036862105617905,0.0433119759337998,0.0104708032247541,0.0243089253635242,0.000000000127783613333093,0.0829506610872145,0.0473393550414556,-0.0130908753341731,0.0379215403139415,-0.00646507479961898,0.027269561069224,0.0229466806427244,0.011529506540487,0.0162450329418551,0.00927256492391732,-0.00296282959334253,0.00839246006531592,0.0252251496613009,0.0820176960668584,0.0265225517843329,0.0758210201041015,0.00957361216666033,0.0413768349690228,0.019163999923154,0.125056587689688,0.0378533138805185,0.0192598014521864,0.0183979164944304,0.00395194063595605,0.0262306807761697,0.0478491228157373,0.0905002172436408,0.0673611455693124,-0.0465076053436207,0.00570878602149375,0.0211681179907415,0.0480690609461017,0.0175467219533925,0.0168178111896062,0.0573566994679448,0.0896493467183188,0.0147174002067515,0.0447432400587882,-0.0302609965040172,0.0255096471424419,-0.0147398162265322,0.013428399172323,0.0448365835161934,0.0192419416020592,0.0730987303741341,-0.041240397612191,0.00348013822296421,0.0363817302610684,0.0144976160137848,-0.0154495352985074,0.0834943072013526
"UI10-00033-Border-Bandit",-0.123438586437063,-0.0930181200940193,-0.081658271070287,-0.0789204231741353,-0.127065078126422,-0.101664494806205,-0.000830842438817047,-0.0944789624145237,-0.0464530884491931,-0.053986875124953,-0.075726388347837,-0.000000000429741000647136,-0.0873381453637161,-0.0574867259421785,-0.0603153527250075,-0.0723788538931426,-0.0856117985363968,-0.119435275433452,-0.0444184618771636,-0.0114499783855492,-0.0493850795936082,0.0113749602030262,-0.0777584069094738,-0.066006262523997,-0.102682405687608,-0.0643563329966842,-0.0967782113089699,-0.0625793977443371,-0.119439722746559,-0.106122436623679,-0.0572278145823912,-0.104820812096359,-0.083989854305024,-0.12136323034044,-0.0710694442845868,-0.0817259037128233,-0.0977390189922933,-0.104854067318962,-0.087833069305793,-0.0891977633027999,-0.0604139519341146,-0.0555779975644862,0.0175560624384214,0.0113908498029249,-0.096058690696828,-0.154958658876864,-0.0558623489520772,-0.0924855170501492,-0.115306733767537,-0.119317205421127,-0.101535900369555,-0.087676156005584,-0.0663013438690245,-0.065144734976991,-0.0776672230452002,-0.0895879184216421,-0.086270763970683,-0.0699901359852047,-0.0675354199309216,-0.0887711638198537,-0.0904655833336269,-0.0923635782408558,-0.0770060531810698,-0.103399127344662,-0.061683706105916,-0.0919241960666868,-0.0553068263249782,-0.0731899361734999,-0.0560103357506871,-0.101190583226801,-0.114289671132043,-0.0921293146023257,-0.0409435492300484,-0.0884273361282907,-0.0626307572895222,-0.104911007088314,-0.113629635403476,-0.121352986289526,0.00091558631492828,-0.0402500884598401,-0.121519275839365,0.0301499728490315,-0.0848542708092363,-0.0795862370627212,-0.0659320455496298,-0.0754161696655218,-0.0754278392652635,-0.099169084072814,-0.0802340759843146,0.0157348500082083,-0.0586574008187406,-0.0807233191859342,-0.0848772023512245,-0.135829946045982,-0.0888778776805981,0.0249534091201615,-0.0757298904911118,-0.0375291282622949,-0.0607286048817601,-0.100171048318358
"UI10-00036-Dixieland",-0.158960604335248,-0.121606439218991,-0.182761552854394,-0.137190608789909,-0.122511760398136,-0.00000000071867723802113,-0.157254146325597,-0.121982754265465,-0.151212921115892,-0.146884208724697,-0.164039539098324,-0.212323160343499,-0.141607111997691,-0.111768483593463,-0.158821866057644,-0.148348860595413,-0.27042324882457,-0.110485785700638,-0.142865898901299,-0.147599775254389,-0.150373795991824,-0.107140000676492,-0.157610317445997,-0.0872022300560242,-0.0169639273593218,-0.0125632085321645,-0.000000000713969130703257,-0.0776217732832628,-0.147244250076757,-0.153086485411767,-0.0971535279864411,-0.123333190292233,-0.135105088172326,-0.139796774116114,-0.169743612039173,-0.144097268016117,-0.14367818550297,-0.128613802592378,-0.135065762468561,-0.227272867401818,-0.087009851389098,-0.0403640901748219,-0.142843459812046,-0.134851524448155,-0.128818147653503,-0.141387221724854,-0.102988112085864,-0.173351959384967,-0.0105414095561181,-0.181199251597273,-0.151858249559975,-0.153004366819688,-0.142413374613718,-0.0851641605483496,-0.144021087259945,-0.0941359997990796,-0.0979686894261418,-0.140471991408142,-0.134430983689501,-0.176024994591905,-0.151675890693048,-0.139858027005752,-0.161699985025626,-0.0074767321125252,-0.0519279775864034,-0.100528977886572,-0.10507343917926,-0.0338560572380641,-0.122930883061602,0.0508221063689275,-0.126249168461026,-0.139791188855664,-0.00240294681271383,-0.203078577752571,-0.213434331083634,-0.124188910155142,-0.146161825511501,-0.013734483371817,-0.173008629094187,-0.0806692502757583,-0.134976389608469,-0.106394766011757,-0.112535828705007,-0.154397786225658,-0.156794435506835,-0.140386356168879,-0.0848878687237303,-0.127604777291059,-0.11188307716848,-0.184465165907979,-0.125995190433087,-0.102647170105154,-0.15723313775617,-0.0946243062823956,-0.0107938329231957,-0.117322283920351,-0.108758248609692,-0.101595194541044,-0.147301615138294,-0.140039473224752
"UI10-00038-Emerald-Shadow",0.0999546025969594,0.0509206970162963,0.0977370010275815,0.111224332145726,0.088391013347722,0.0774024481462574,0.11944731600801,-0.0333550050363828,0.0498822277522463,0.119882148223418,0.0610103250861444,0.0928944088430729,0.0485042728916135,0.0940990385844631,0.0296319553627801,0.112268261433297,0.12591278012328,0.0926544782438685,0.0835671857055859,0.084393388270705,0.0672000532005789,0.1482168088121,0.100642483732601,0.0710103027953353,0.117171575995381,0.048057248572328,0.0771546284219899,0.119733163225242,0.0540911920308876,0.075609866913965,0.0867553470107555,-0.0201172811278661,0.0776038579850583,0.0982125271090291,0.0892491608905044,0.0864271053154079,0.108771891638199,0.0872455410433851,0.057915318235857,0.105399204315443,0.0192830913215013,0.0908825676141357,0.0721289517172769,0.0907100700547068,0.106559868737693,0.0628331839265247,0.095202426861461,0.0923167625000865,0.102378847164171,0.000000000101104132071084,0.101536493192279,0.117486699280181,0.0930242160553294,0.0360636809050846,0.0566811832581643,0.102938685210827,0.0791421098783925,0.0973047735314316,0.0401092763382712,0.0758992191423555,0.0889233297522873,0.104543605316911,0.0785801693732858,0.117567569080088,0.0916104496496767,0.107458030756765,0.0731204839107555,0.111677971814472,0.0810873714357161,0.0962122845300519,0.0471420229746614,0.0626659923535547,0.0548183498083663,0.0932343595784247,0.0653786655990877,0.0959524430495475,0.107916566093212,0.12431587911393,0.110173338802023,-0.0236485668394492,0.082162343223863,0.128350275300817,-0.00670663810377666,0.0797251378940271,0.0785352694648613,0.101202692248712,0.101889133707169,0.0957167279780923,0.100828670055382,0.107594952543606,0.0667250676488312,0.0828746228903172,0.105064050254351,0.0429816476873543,0.119910266275911,-0.0289964171241502,0.09047071109318,0.0720124645300553,0.0925011652325344,0.0849300756658801
"UI10-00039-Emmanuel-LePage",0.0430021961744047,0.0651077876492769,0.0753785648800373,0.000000000223126283860128,0.0601090547657805,0.109338101541807,0.104349891883559,0.0554907809398782,0.0580734895730126,0.0451268065782997,0.075145848475505,0.101795767706655,0.098392882551655,0.0619148803347796,0.0757533517348404,0.0675340988051705,0.156473909288494,0.0763376419727841,0.0969573048074031,0.0931637375491106,0.103445327897023,0.0911654694253347,0.152793872234731,0.0687529088431154,0.0747510038888317,0.0646140220731587,0.0653101209963837,0.0472753869182587,0.0796341753931797,0.061291239761761,0.0979252894233901,0.157071176539574,0.0709440274917273,0.0825794989264063,0.0520936547800547,0.0532245794652722,0.0933083460195199,0.0668488512932613,0.012192649399829,0.0950293409662956,0.0623099773716234,0.0521844502517795,0.045838347145996,0.0341919542679162,0.0696340065653875,0.162434589938602,0.0565854959019828,0.0896740345652296,0.097888906593051,0.056633276256522,0.0454423790796153,0.0850595656676384,0.0674161392333649,0.160830721359718,0.0558485298720969,0.0696375097996643,0.101673408056237,0.0679399657721687,0.0694954888180806,0.0385634482384045,0.0744572994864473,0.0726722281352364,0.0524405863943835,0.108982901762919,0.0470571928130732,0.0711044174826212,0.0815009088772425,0.0843460132589619,0.0907139135324593,0.0857821751719561,0.08792124275525,0.0808662808138082,0.0156394937680386,0.0652080523326161,0.0761874826902292,0.0601427503937082,0.0751443400554451,0.151402715079891,0.0667452119344915,0.0723836398196566,0.106299275092971,0.0918836928927011,0.0348658102554669,0.0648208083030702,0.0677436582531568,0.0630605176220995,0.095444280343484,0.0941293028266001,0.0300121150600753,0.0638034014900414,0.0563578209360315,0.120656126199767,0.0236060386921132,0.0884228742286197,0.0697376615328562,0.0644373361737139,0.100585713222815,0.0981964542244262,0.0506444135146338,0.0592277814269716
"UI10-00042-Giraffe",-0.0450539805173943,-0.0636437081721302,-0.0344282827491789,-0.0311056351251278,-0.00512888135563834,-0.00709143399101308,-0.0611424970725375,-0.0453259849999845,-0.0441873962480071,-0.0274201610019088,-0.0445962826994995,-0.0554919035167385,-0.0358104765156082,-0.0718246435578913,-0.0242532941995446,-0.0982392205583025,-0.0439233243801148,-0.0454636499700809,-0.0454800195411948,0.0133045222157004,-0.0717405695131166,-0.0339816355449063,-0.0488480673341117,0.0392224157436944,-0.0497778546890905,-0.0630632960400401,0.0192872970425168,0.011545989577256,-0.0616995400287012,-0.0127402346530685,-0.0510795039603015,-0.031014543211832,-0.0201906527758297,-0.0473886654900528,-0.041519016123586,-0.0667333749332931,-0.0499343999560603,-0.0267470615580357,-0.00226618314573809,-0.03968518839712,-0.0610310472936174,-0.0391546846017064,-0.0429615476057434,-0.0653749680791919,-0.0302286667586704,-0.0533025130355153,-0.0510380197105401,-0.001988523140345,-0.0473023298061428,0.0287725655738111,-0.0269916619160552,-0.0495716445145345,-0.0590194039335816,-0.0429595993416627,-0.0493469169786461,-0.0936443367329295,-0.0507805344914685,-0.0193694341216711,0.000000000135129180679601,-0.0461305221028654,-0.0384928724190904,-0.0643861481324415,0.0237146129456,-0.0476385642041993,-0.0896108642451983,-0.042325785921612,-0.0455162232249619,-0.0362952668863074,-0.0489933922020489,-0.0364835857703447,-0.0502946186437271,-0.0540432361863395,-0.0414916756115769,-0.0433381790429274,-0.0422114707463,-0.0367133656843169,-0.0396720917733252,-0.00969041265898367,-0.000000000103803374093509,-0.0981231911814268,-0.0262042941539059,-0.0463887492039202,-0.105475489100432,0.00908773595123694,-0.0497571963200857,-0.053996622342394,-0.0477956993821447,-0.00779865387022353,-0.0157497061893831,-0.0398767989436512,-0.0426552972954091,-0.0279599425127896,-0.0379587419285494,-0.049191550955129,-0.0559943902790741,-0.0472658962276358,-0.0379338714310689,0.0724859724704587,-0.0339263442677165,-0.0636532495693273
"UI10-00043-Gold-and-Silver",-0.0897287237314248,-0.149737079992716,-0.180513283743736,-0.152996812552296,-0.151893281325715,-0.000000000258605998980384,-0.138901910616691,-0.135366891936496,-0.103646498870399,-0.21303099770284,-0.0993333396378805,-0.109242410819857,-0.118253784373229,-0.108385254374924,-0.0609692062000214,-0.135542915896475,-0.158744893465744,-0.153968510961135,-0.159360662450134,-0.0960177287943439,-0.185706596873342,-0.140779744688833,-0.153907298572741,-0.209626353353469,-0.171550545758516,-0.112036204276098,-0.0861312560335838,-0.0917160374366778,-0.140106107082262,-0.191910328964098,-0.18695381261493,-0.114001491495193,-0.156732957692892,-0.173387261118057,-0.16433821180321,-0.221390892533667,-0.0879936954340757,-0.143840489734958,-0.165680807604458,-0.089457961912795,-0.167130442466728,-0.119456139088708,-0.104893155583129,-0.107540335162002,-0.180006403535678,-0.089482567632137,-0.214556533857442,-0.124715081777949,-0.000000000232826882419788,-0.13935114272175,-0.115876561724276,-0.149661622115685,-0.162768340943445,-0.150418955370957,-0.123538904240528,-0.169754140319179,-0.176516981166894,-0.156445250880206,-0.1183432143174,-0.11281832090097,-0.119421726976921,-0.0738127883499343,-0.138834485411914,-0.157121672186178,-0.143632126860525,-0.181188164647268,-0.112391082299253,-0.104421901154683,-0.0875779543958027,-0.126793906568051,-0.00000000022632990664663,-0.165429823094001,-0.200928700006286,-0.023912003922904,-0.107460288566621,-0.162883101878301,-0.0653184105947478,-0.104683003385867,-0.121907632998593,-0.137118941583032,-0.133963306210876,-0.158215181003916,-0.106583066802112,-0.116598228810521,-0.0869607172567528,-0.209259991625384,-0.171990410519307,-0.132216426052347,-0.110357304446866,-0.15746842058213,-0.127406485514039,-0.142180002127766,-0.152723612449155,-0.253163763706677,-0.136266284256189,-0.164016237422208,-0.139802798252692,-0.141910352326289,-0.142022109448726,-0.000000000808671809615202
"UI10-00047-Goliath",-0.146675450516558,-0.134564300996471,-0.12454577636753,-0.147918148662292,-0.153222861559961,-0.135079202077251,-0.0990394353097862,-0.153424529143828,-0.105316914178292,-0.109675955024486,-0.164274649244168,-0.147444336002719,-0.136221572590739,-0.132230964224042,-0.143374735835089,-0.125165791286716,-0.129027384938248,-0.0911126638509883,-0.138813797666833,-0.11500574731445,-0.144164019130758,-0.1983499391466,-0.140780897973229,-0.147756778292693,-0.138608452352881,-0.194012346986395,-0.141726975893075,-0.160090798183814,-0.119082665882612,-0.130693972410562,-0.18134709934237,-0.170550257756804,-0.122584824912075,-0.132522544815846,-0.128527820463081,-0.121837368212403,-0.148714546581398,-0.119049220713744,-0.112458593311483,-0.182184777320401,-0.146838239474296,-0.133549193902891,-0.143394959868483,-0.173992935128003,-0.13594481205742,-0.0972806683951749,-0.134616169925786,-0.106857743239091,-0.168381196330563,-0.120000217273701,-0.152188729196349,-0.132254394730486,-0.155832689557635,-0.156766086864928,-0.128832742211805,-0.130789363252673,-0.140224458240708,-0.168490393364306,-0.136064395663873,-0.154486358710771,-0.133249387485838,-0.160806934915253,-0.127662252786873,-0.12421367250691,-0.110194681027106,-0.112159890224165,-0.15428540424713,-0.171053969087639,-0.117010841603934,-0.132831911835365,-0.136199110162979,-0.139230920981336,-0.104992640018664,-0.118806504537344,-0.173563259618097,-0.136804388567826,-0.152880702912918,-0.180141123867955,-0.0915831080277411,-0.178359544261333,-0.145646643899658,-0.166370561359802,-0.0742614557681144,-0.100831470436055,-0.100037508745349,-0.156968396216645,-0.126960240752114,-0.150421787575547,-0.123269002798083,-0.161315250851821,-0.175505926584858,-0.10471016339568,-0.161615922715475,-0.139065997081994,-0.15747561972378,-0.0820996091853016,-0.0707926907736225,-0.139486217159748,-0.191604107471458,-0.137556805762282
"UI10-00048-Gracillimus",-0.0000000000471046549906372,0.228300853396963,0.172977674700922,0.168426026326419,0.198328930852342,0.158140865438938,0.190258828837437,0.0242186876181001,0.184677123545538,0.147746949484746,0.187076511450097,0.213891370680718,0.183156141944242,0.202573054442553,0.210194781553915,-0.00929485084642817,0.164882965231969,0.168636218574869,0.195843698083451,0.149547330883479,0.182545237346441,0.221476881200978,0.18482102934973,0.157203258681722,0.185763030494515,0.144752732656223,0.27592122990514,0.171989507566065,0.122915021726169,0.207944303964176,0.171642130953493,0.196785986894102,0.15354268629169,0.184316226567281,0.140839621731283,0.0047815682005641,0.203969539467039,0.100341277246862,0.17701481918754,0.00156935002936495,0.217636811531969,0.166496989882189,0.219338845435294,0.18266154434062,0.186470816010605,0.193194816340604,0.183988622030193,-0.0294212068184555,0.0195490514244236,0.199600275695476,0.124064382624921,0.229345702736268,0.163090964243724,0.178634912470033,0.226181580371755,0.175848174657076,0.223176508888864,0.170294324428492,0.182738942614355,0.0176857506141399,0.245496465301017,0.184097017705277,0.219550701775167,0.166894705670553,0.256190236183201,0.178696099972233,0.156391045708994,0.117495108286587,0.172910334077473,0.158774168848217,0.205111763288979,0.144041607186723,0.194385158239472,0.175869407526669,0.144514345384139,0.160416768615214,0.147073056475045,0.197389243734387,0.182914941075119,0.172960315251523,0.144799177383438,0.171263081453756,0.183891418559026,0.185708022139259,0.171497514910635,0.172581691410463,0.206640821030976,0.167568958384327,0.181307830101804,0.152614403701249,0.191822295392721,0.186547300052547,0.201184168577941,0.141171976494242,0.283706543546466,0.195121613528434,0.0257939052578179,0.236501597271787,0.174928011677555,0.188721985356632
"UI10-00051-Gracillimus-Nana",-0.0622766088289619,-0.084612553548727,-0.0321927590102073,-0.0876579044491805,-0.121615714577051,-0.0750028774066351,-0.0878825185344247,-0.100669832479664,-0.0957117975728997,-0.0850222644670325,-0.0559358906525716,-0.0685212971147441,-0.0751029810812548,-0.0992254279172679,-0.109276357907716,-0.115916502130422,-0.092487536949266,-0.0731702408819152,-0.0539392495940762,-0.106841385704176,-0.0761941397707326,-0.0805001057896997,-0.0602839559135156,-0.0923511903904532,-0.0804004333639079,-0.076763438163052,-0.000000000389934743075342,-0.0554572068153662,-0.0928085132727947,-0.0758586921126393,-0.0995805263779211,-0.150281348449025,-0.100637132472594,-0.149257052246181,-0.116550656086361,-0.0836091493712041,-0.049905596540796,-0.127662557003629,-0.0907692120842301,-0.101447614400408,-0.0895608039447412,-0.144813272582229,-0.0656591154891626,-0.102786266240557,-0.0590228245670993,-0.0634955152457749,-0.0946891616895666,-0.0716036955182175,-0.123994614835176,-0.148664914905378,-0.0659902327957498,-0.108288276924676,-0.0815111037711457,-0.0923686304810929,-0.109389667719682,-0.0969575880267501,-0.087701915730052,-0.0000000000987833549012455,-0.116165619143814,-0.0965483631126643,-0.129326422782264,-0.0998997750557321,-0.123747686094853,-0.0972189930349213,-0.0827917826322116,-0.0481376657196439,-0.0668589212448454,-0.0509871035174405,-0.0511057294427306,-0.103827973203051,-0.00000000010960946834855,-0.137570872766425,-0.106636151845679,-0.00758485419346331,-0.0952447028918934,-0.0906115848444302,-0.175381453604163,-0.162983822581844,-0.0854058215460405,-0.0792009760475771,-0.124891006611996,-0.117821291568565,-0.163264529529976,-0.00000000010861865959436,-0.13508703109649,-0.0702155198856215,-0.085784549174233,-0.0977692961632583,-0.0716529351912439,-0.0954054219304141,-0.103068369376997,-0.130727437775661,-0.0955248101756673,-0.0663093719937441,-0.134911241423138,-0.0682972571658402,-0.0691688550410691,-0.12681703083869,-0.033466652792565,-0.102978756230499
"UI10-00052-Graziella",0.0537119922125576,-0.113511846327618,-0.0819272371214988,0.117475924735454,-0.119253777088208,-0.0955398100728896,-0.104106508298436,-0.0411252763550648,-0.0764007684804878,-0.141697978957005,-0.0782810626945811,-0.0830028236889809,-0.145431919929401,-0.0671694881602909,-0.0948120696719656,-0.0649331112005625,-0.0600132719230358,-0.0745314668744573,-0.0926350662856623,-0.131570488466319,-0.0249992981507777,0.0971423670009968,-0.111972640163435,0.0810339683799568,-0.149086856827022,-0.117066218569892,-0.130274975958549,0.0669838889561954,-0.0613982672623272,-0.0830721462344021,-0.0818282046564797,-0.101638692681213,-0.124342841080452,-0.0827205329174205,-0.0945228105517296,0.0765991393419674,0.090099398759639,-0.0299788833337876,-0.10465384104525,-0.0498976390143548,-0.10120614284819,0.0830339056484964,-0.0600447720232851,0.0860043666344292,-0.123382353247672,-0.0797453832429425,-0.150211432698784,-0.108243397210838,0.071128171009507,-0.135836984522131,-0.13006873603972,0.0755397773681391,-0.0591801942911739,-0.0776520706763714,-0.107153364854645,-0.0892643409935311,-0.178639859436072,-0.102540756046834,-0.112200674689565,-0.0874388971104324,-0.169865313523079,-0.0503266099295911,0.0901154285266104,-0.0927774398878392,-0.0759983856671139,-0.116900379352922,-0.177706969257449,0.109677277436297,-0.0823715629802839,-0.113656762575972,0.101309153867925,-0.0405333347976506,-0.0957120708662532,-0.084146135324506,-0.127478954969581,-0.116086530255752,-0.0811009809417031,0.0583527576066764,-0.0546337188770844,0.0752362668401707,-0.0787753980893462,-0.0780927167141414,-0.0707960609388308,-0.055750898795197,-0.0325640231709163,-0.118367123461172,-0.123603990598344,-0.0922755097653322,-0.0781506595626436,-0.0739766784792103,-0.0935756341398618,0.0882841433206208,-0.108614246311797,-0.0692225538140801,-0.0780502065305534,-0.0880208645369315,-0.108982919675581,-0.0874629056621212,-0.0865711674972523,-0.0735145588898623
"UI10-00053-Grosse-Fontaine",0.17299329245759,0.151105983582614,0.0645178293622967,0.000000000325660142529473,0.119778983695881,0.0751361223977041,0.0717148623037714,0.149155066268405,0.0883996611944744,0.106967568878772,0.124615423076943,0.138751116302992,-0.0214621974296264,0.151221529334071,0.156780735566464,0.0567294421502169,0.111887171400192,0.13649705462865,0.125367974048521,0.145956314834072,0.0907461224606518,0.15989893101471,0.102271126765437,0.107794547457173,0.149687901826811,0.122618229567827,0.000000000329217691397187,0.122655649452238,0.114866781010429,0.131923174766527,0.149763212733192,0.12653905448636,0.136399351959539,0.125223381762329,0.150902498985256,0.128976456386554,0.144134919319035,0.127587567924984,0.000000000167839462419308,0.139762809522514,0.1622710701934,0.151338600466898,0.039657287116282,0.120774586326292,0.112838487160044,0.0395905344839787,0.124665062486467,0.157197668032423,0.154768045977777,0.137980807340056,0.133896247890311,0.135511749092321,0.135101899518575,0.109945915319458,0.0739297129837684,0.180944400656538,0.173970328872704,0.000000000474112841187295,0.000000000479175210351588,0.121940669439039,0.000000000128992353646045,0.107131321810059,0.112966020907952,0.118311332285745,-0.0452400184029749,0.188573506153468,0.120544527503771,0.166850680049445,0.110401629968356,0.0134766324195479,0.142286138978069,0.140665617429508,0.135453560543323,0.122588462547714,0.179332791310426,0.0899557068790298,0.131330207393635,0.112950041992954,0.139755405590531,0.175108053487823,0.130774152231846,0.0713859321062096,0.0990182594280701,0.000000000485823117204739,0.110641970751142,0.156397802610967,0.0933401894912144,0.127087466298836,0.100470026958176,0.155025043919755,0.151287070264032,0.183441721742461,0.166808176741433,0.122541732997569,0.165455218548733,0.110529722645591,0.0955983798081873,0.136606213599,0.163919957299642,0.132218160121338
"UI10-00056-Huron-Blush",0.00662807332124758,0.110801707802506,0.03503784709567,0.00275303544718036,0.0819916585792815,0.0270779330722121,0.0588126946638214,0.0189959968911937,0.045789723678083,0.0221734893457231,0.0162821927940386,0.105831644600843,0.0213446876200436,0.0490914268428021,0.0241913426189831,0.0289423735230641,0.022883332203431,0.0253036183310156,0.0297090552031912,0.0173795898933912,0.0280578927241746,0.0356411756201931,0.0493032506441117,0.0218792779292093,0.047416312124385,0.0161635226323703,-0.0347458935005029,0.0184349096645934,0.0165874230123761,0.0371334746695357,0.0905385382484618,0.0436142168980376,0.000242590395107225,0.0430647067681453,-0.0227432935088001,0.106768520867816,0.0739917844422057,0.0900801495724428,0.021672974835193,0.0141812040648276,0.0448791663641427,0.0486759646555959,-0.0160890949447771,0.0437098910629368,0.0200174915022721,0.0574931245106114,-0.00134649698551453,0.105319610501343,-0.0210298776401625,0.0239760856462228,0.0217247601865789,0.0310098838223487,0.0391147952827392,0.0341338761527141,-0.01193198877337,0.0311247655854446,0.0451757246008858,0.000000000414028063481702,0.0244925631688183,0.0121712681413171,0.0291327073002638,0.0244380587962246,0.0346523219551302,0.0285510579735638,0.0101074630841581,0.0237467963385142,0.00398931786144753,0.0060312653843131,0.0276814671273845,0.0624865229334168,0.0551097100659296,0.0210409108295257,0.0316571068124139,0.0935767605826433,0.0562820017821537,0.0504408552576678,0.0450533537185968,0.0222022318824272,0.0368434211753703,0.0230076994362358,0.0417442268571948,0.0273364109772124,0.0507920552708703,0.0391212000580039,0.0235788917091997,0.0178833338430448,-0.0301195630569439,0.0385050778956308,0.0340069323536794,0.0364238193869473,0.0124666462847829,0.0632100104604661,0.0501160272906185,0.013428646983214,0.0605133098543038,-0.00325555794362458,0.0153810138824857,0.0353552671886753,0.0387927510560086,0.0266866385087923
"UI10-00057-Huron-Sentinel",-0.100972717758344,-0.146812545539428,-0.095790014186483,-0.113078251139422,-0.113777286257486,-0.000000000161672780862493,-0.104249667137421,-0.067097954866359,-0.132878801640067,-0.0520826290246746,-0.212007503798321,-0.120762085073408,-0.0305199647827366,-0.110800245403268,-0.107072928957188,-0.0939329960883342,-0.0895104252702925,-0.106421456553354,-0.0830340748517652,-0.0000000000953070220970786,-0.0817676404626095,-0.120135741070734,-0.112966710873622,-0.0925365213830337,-0.0964834384041767,-0.154635789793355,-0.149409446532113,-0.107092201779242,-0.112678633680874,-0.0667879752576833,-0.0221323685739672,-0.193497855334603,-0.0726545158388013,-0.134891046874423,-0.13641736879445,-0.113116180325936,-0.102650657895271,-0.127751764092901,-0.117340526410169,-0.101130722077073,-0.105692773026246,-0.0795052871156351,-0.136839008102212,-0.0615334768653561,-0.0821817612521069,-0.0929358972522766,-0.0949426664180786,-0.0869462868052072,-0.150878128696888,-0.101309856930514,-0.140875554183555,-0.104937242253916,-0.159055589413464,-0.0577154877552861,-0.123515180198557,-0.0545101250295504,-0.063744393169122,-0.108149473889881,-0.13208819090921,-0.075867967723776,-0.0818380065218404,-0.0398829657666331,-0.114295008346828,-0.0219395840884929,-0.083049148531591,-0.0396505639423841,-0.105171643242281,0.0581089055132536,-0.139515592129695,-0.111096625492454,-0.0457627435425859,-0.133923539672427,-0.110033732255595,-0.125277454832716,-0.0675958930902424,-0.110237514543911,-0.0632511385108081,-0.113143782565215,-0.104479732085468,-0.099450230188303,-0.147305423416248,-0.0523171804253484,-0.105386024635999,-0.100069348772509,-0.206780757322465,-0.0834867004488085,-0.118349604475808,-0.105258427566206,-0.0131964848320368,-0.0225845049188941,-0.122862550447249,-0.203148067757249,-0.0687950980567308,-0.145590691492954,-0.126304568753275,-0.0952176549135248,-0.15588766487333,-0.00999635131257798,-0.20469548961213,-0.136343781464276
"UI10-00060-July",0.126583984543944,0.155493828728835,0.120820695945402,0.137289588248229,0.0991263422729917,0.0973064138096007,0.125485577323671,0.119078481832246,0.103946640030084,0.138257973774765,0.104465617322722,0.0000000000586161465432634,-0.00986454176127472,0.141072184753938,0.178071104287948,0.119646035509508,0.0729283166289037,0.196500653341993,0.0650055214799051,0.0900342670881949,0.122969812501861,0.0959500962024684,0.0676238391390147,0.146207584942457,0.147507318670374,0.177578566047996,0.113139639731375,0.14746562064965,0.111133698147156,0.18547126734544,0.0822310749398447,0.0741539584572904,0.135414577426549,0.130262711071709,0.0707285457016567,0.0696718671410497,0.118371837491464,0.122649503478416,0.000000000121495448435527,0.0605821509803657,0.125045375191858,0.112649868035462,0.104472737244584,0.120825677945275,0.12738903147491,0.125347773342928,0.217073789798964,0.119830036746424,0.118475060632883,0.0882823786434583,0.140541341932902,0.127887099889127,0.104457321921132,0.135344079378997,0.138779695635674,0.135577715493828,0.103497621631649,0.109952047006466,0.112803600017133,0.0652256673984503,0.0000000000732623518310038,0.111405780073255,0.111629580599834,0.152656132425296,0.0308591899017507,0.125573260225576,0.200749541928177,0.141464782549099,0.155513716618804,0.0941517025789616,0.113673495741622,0.092811956909577,0.0898397224592998,0.109718771520935,0.146529470777075,0.0606838219531682,0.093529212323139,0.0529164524530018,0.000000000430621119659486,0.0635776214726769,0.101712725003749,0.130808357312956,0.15083738939807,0.156999648645553,0.0719162073039218,0.125723491318977,0.0901085587534844,0.110559464939413,0.0789359108473927,0.176189973017312,0.103316731116715,0.148884900007491,0.115628301536548,0.142234707037991,0.0496150509250803,0.15113431804588,0.089791665490459,0.117373414776829,0.0343746608660845,0.0900999749256385
"UI10-00061-Kaskade",0.179853273697418,0.181419484987163,0.124301361353196,0.17102925938855,0.144106663569222,0.0777570189179304,0.151157669507901,0.123376320136359,0.145828640561109,0.105867045437627,0.123037561354718,0.141419008159854,-0.0224239569670081,0.179700294332823,0.199807946925357,0.0600529366488882,0.0939982971205206,0.110454533619533,0.121206363521257,0.142668416939603,0.148692662234494,0.185019474250429,0.224379694163128,0.15367820089408,0.125215148400959,0.125555992735209,0.000000000442387535747618,0.165109416682056,0.134599104721696,0.13880424509811,0.121838377717997,0.161530558185262,0.164237350210431,0.148445780517749,0.111822229698506,0.140356762634498,0.152146779523106,0.155601602842818,0.198436555021346,0.121966445182787,0.0898178145170941,0.166241534110287,0.039648919378605,0.187214515630732,0.14361429082059,0.0405042677780286,0.160086602666042,0.118996394345117,0.161704687830773,0.229076157699356,0.169577537199122,0.116650768740876,0.0772860785833079,0.150368682256035,0.143296584204022,0.180995015869611,0.108673504996648,0.162869551319844,0.15056338980056,0.185538299633028,0.222270189671313,0.20351459618685,0.194396785213938,0.182478796552518,-0.0462259734765409,0.134065813122854,0.174609580487249,0.163559472316072,0.171759683952907,0.0133228586027151,0.142909868334459,0.140997672944815,0.115120060290784,0.128564712214528,0.0972374858480149,0.152066973812699,0.157069238672754,0.175583690024093,0.137929624120368,0.0762179060432459,0.157616883903938,0.151033692772344,0.130807035685236,0.135427049648717,0.158330716489443,0.10129277641497,0.118293219314127,0.145123192926763,0.207911248250418,0.137389002100647,0.116535525337052,0.116247202481609,0.111913960013357,0.145436074260444,0.0822939770428894,0.204722970657575,0.0995647930243954,0.0803709242599714,0.113686083520962,0.157375823856415
"UI10-00062-Kirk-Alexander",0.000000000107644242036399,0.105357540365924,0.0878331823279712,0.0895484526911229,0.0340470897996754,0.0753748274258361,0.0434258995476517,0.0207756125534776,0.0984102637519975,0.0303725211752554,0.0841842732798012,0.0871627131145699,0.103495767233934,0.127136157119332,0.056149049322409,0.0855302222466489,0.0625040027983677,0.0862575892752578,0.0906003245581415,0.149747271823983,0.00727419976438604,0.102862078061049,0.101150179567123,0.146925739001437,0.142694988804854,0.039879184946231,0.0249264474401236,0.0923561077846973,0.0491877505692728,0.0853766627415622,0.0769568845723658,0.100870000107358,0.0819843056347115,0.0889450403829343,0.0359680344881872,0.0864194789330467,0.126148738385585,0.106219158208098,0.0000000000675366589050967,0.104452690415098,0.0724240073457384,0.138657944748718,0.049956408269424,0.0707888320779937,0.0842845489588442,0.0894265180983826,0.10622057149801,0.0991142780612497,0.113483093408539,0.0583933406059165,0.112289117212497,0.104942418082576,0.143106677939929,0.081645801813206,0.118055128695121,0.0523163795520323,0.0959017657616989,0.0786354805377805,0.106613052369931,0.0179592401482998,0.0518228078566588,0.0956523053549472,0.028507780045916,0.0790404420202063,0.0826201282195645,0.0680216177477645,0.0385809147270026,0.0913400149354911,0.0478238694387034,0.129420189239972,0.11824746212677,0.0141343399467675,0.0934870457736002,0.10213517591046,0.178311982541361,0.0544152122722241,0.101838852301846,0.102609830587447,0.0610775053390045,0.153095423075764,0.0566538991977318,0.0739281211487664,0.0730068103140906,0.0888449437557437,0.0629474578871329,0.0170613592737503,0.0776955008428955,0.0507438098868387,0.096229454502374,0.0742717345284043,0.128476068667803,0.0771793580292888,0.109174971869777,0.0746253043124945,0.0534530365854146,0.0777938901240182,0.0633914205173181,0.120728676022243,0.0509898267175571,0.103921706314728
"UI10-00063-Kleine-Fontaine",0.099030391378285,0.0637469453403919,0.0524939202316394,0.0980752942462922,0.0995980919443274,0.0909286021460715,0.0852311807785611,0.0250865918037304,0.0381027510493085,0.110768187370883,0.112026050493535,0.107943898080141,0.12978334827172,0.102082867574906,0.148956722743191,0.109472654618176,0.0981515356307702,0.111785990436856,0.0940717763709199,0.103371469748556,0.113470467239864,0.0831603546715125,0.13511133487074,0.104892201372205,0.0575346590362215,0.121303728109658,0.069743893051031,0.0728205888860768,0.117491666232365,0.136640480095418,0.0970645659774192,0.0605924470461078,0.129600711784594,0.109181364457784,0.0493057117235223,0.042378445788762,-0.00497776075721705,0.0941394051448838,0.106611723319701,0.0624124952681761,0.102267660554575,0.0628453560356348,0.0765144791938283,0.111271984784227,0.163701708493556,0.114765055343966,0.129006489723415,0.102194049337801,0.0794126749850659,0.00000000012673583726712,0.0983987842411624,0.091662644535029,0.125604878950882,0.10818327798582,0.0325967996328917,0.0640600548043146,0.0879111162308694,0.0673908133827679,0.111766610864334,0.0922208766523802,0.091913954969472,0.0455707772241461,0.0756385039740573,0.12178964361212,0.0498166918247309,0.0108821334753839,0.11146895879591,0.0608521762683633,0.0678823295685822,0.0907007010246844,0.0861389723159957,0.0708284722079434,0.09317647361574,0.0954796137909297,0.0663578260730184,0.0751645678420994,0.127614845319131,0.0502354181530961,0.121139353621687,0.0821665723088528,0.070291913223298,0.0979269675436909,0.0723808330579137,0.133000842148645,0.0900591394745293,0.123652129278155,0.11167140305928,0.112604945121785,0.088480989371583,0.129819468175615,0.0694186416760389,0.0873384257095329,0.0834364519462091,0.0777974912024958,0.0422765391836357,0.119857389401942,0.0282707869667822,0.118096425439893,0.0837015167765867,0.000000000161166368401929
"UI10-00064-Kleine-Silberspinne",-0.0959648943261638,-0.147388980884321,-0.100081365177327,-0.244883920787276,-0.197797769978509,-0.296065810165846,-0.207268164481359,-0.10887673955175,-0.0313099032629096,-0.279313382932446,-0.282467344233412,-0.240166069511549,-0.0972476872372031,-0.249754561720126,-0.127429300221517,-0.190563316381639,-0.150519152072943,-0.132250260371195,-0.0951573223216032,-0.178687730292658,-0.209231905182421,-0.0503306320290588,-0.224955550371229,-0.219566717519191,-0.0341024427240074,-0.207587325328023,-0.000000000503319927375068,-0.208511497711658,-0.211880982613821,-0.261763458168676,-0.227586525575168,-0.0331692184844783,-0.0420615488636107,-0.204376226007501,-0.23337013753286,-0.235451020006656,-0.203922159473132,-0.239731925634843,-0.0961715234985556,-0.160302785568155,-0.14750263697289,-0.171941549536216,-0.230733958558066,-0.178760091224502,-0.207035000700765,-0.272371272212724,-0.33066071707413,-0.151044755641149,-0.211434511023772,-0.296811148787088,-0.123443180654102,-0.247195062384889,-0.238828830233101,-0.230105637723402,-0.0777312112461447,-0.199402686567477,-0.29605072808323,-0.183783389293011,-0.000000000189483256562542,-0.230967662827373,-0.164515910796738,-0.259408407834221,-0.21284125355206,-0.271595259916541,-0.251662633660567,-0.212234748476765,-0.219260626719975,-0.191931148679314,-0.163814224788071,-0.276304636531126,-0.301833479885981,-0.168297479394758,-0.23973556389291,-0.192289946489803,-0.0324831234298919,-0.179368367986116,-0.253661030625471,-0.1727200627042,-0.177538883632582,-0.233994289138218,-0.19225577074472,-0.225721164927689,-0.259663907570616,-0.175993268686991,-0.181924316160188,-0.207247085755155,-0.23501185536747,-0.310577369082317,-0.231546773742712,-0.122970067771614,-0.230609448727527,-0.255414455978991,-0.200706652755947,-0.18466358583009,-0.240838196379131,-0.188715173129535,-0.140894899947833,-0.193756869566435,-0.206694122636697,-0.206452031374316
"UI10-00066-Little-Nickey",-0.0192753457441251,0.0200758038227877,0.0019914452458244,0.0127457123010598,0.00870555507126162,0.0148120652283751,-0.00379977943868302,0.0410493374168849,0.0179098498982922,0.000952783065916368,-0.0130385714287808,-0.0441172295716271,-0.0471175646561327,0.0113133109952622,0.013038945324145,0.00537359379450456,-0.00311854747058474,-0.00447789527656414,0.00104705714603811,-0.0138385421773185,0.0120563972700672,0.0055250293608445,0.0323839304630708,0.0206150921392612,0.00459039515318589,0.00826269918724188,0.00581830060658328,-0.0128778691387578,-0.0056075794888848,0.0231199624171851,-0.0491829376658272,-0.00977434858794907,-0.0242520550325496,0.0105682778702879,-0.00898541187761154,-0.0187204776559396,0.013267960178382,-0.0273198471288382,0.0231622872384199,-0.00847803610619361,-0.0198536188264826,-0.0278248016976361,0.0360577989904354,0.0241324831454787,0.00851765027761225,-0.0439995652328412,0.0198231477450249,0.00515753897580912,0.0386110748219383,0.0503842381291386,0.016676549651862,-0.011994268367473,0.00537683226047114,-0.00473387863891748,0.0358509768411648,0.00425707488314586,-0.0228160962329719,0.0270922918377436,0.0505456061087224,0.00315059526630879,0.0125176130165542,0.013915407426084,-0.0186815537932275,0.00379043065488864,-0.0159124738520475,-0.023240910148457,-0.0229231595326337,0.0132513794913497,-0.0065353561284592,-0.0301810227379468,0.0273390982731424,-0.022852331596565,-0.0259358884075399,0.0227535296863504,0.00736070310320935,-0.00338824806302633,-0.00889890382988553,-0.00819571420420091,-0.00747910854276255,0.0240507202317456,0.00677317252893939,0.00310211924432725,-0.0118439255368665,0.0476732674582592,0.00623604642079768,0.0194727757438132,0.0158640064758541,0.0123648364566234,-0.0112460589809254,0.0103634487952586,-0.0334561868484697,-0.00245819620516887,0.0156530345373578,0.0179316544530274,0.00477420077218417,0.0139313015348194,0.0211341627465875,0.01658883695572,0.025107834205816,-0.00154273530593628
"UI10-00070-Minuette",0.0474298898487134,0.000167022330334499,0.0337757708259744,0.0267657591190417,0.036967077711894,0.000000000140584435309858,0.0340231330083068,0.0323906318256748,0.0238638187776343,0.0186494592982327,0.028618897683135,0.0977193804645478,0.023816943033339,0.0421536074985693,-0.0103082855443324,0.028844294124063,0.070535839657719,0.017890847311907,0.0198319099177177,0.00308791808734623,-0.00656935245357893,0.0229938132784346,0.0656424331603014,0.0629074962801374,-0.0149575894089644,0.033754730248211,0.00275609293706895,0.0375735176124918,0.022137663600827,0.0201538047761674,0.0364849993469255,0.0554013436935494,0.0570719847133158,0.0677201748929691,0.0502768683217489,0.0964598766781778,0.0275782801817146,0.0357068404664723,0.0440816194499851,0.00814996799190815,0.0345377114849834,0.0547593281633839,0.026469153042045,0.0557964180808173,0.0456590596964168,0.0288236923450654,0.00688761112840088,0.106578043049682,-0.0280193403066214,0.00000000024482868636749,0.0269894058347534,0.0262884551062563,0.0160043185750662,0.0851520216147536,0.046949547357691,0.0320211678504095,0.0326818942702097,0.0630317135460062,0.0230390723954735,0.045877046789687,-0.00110659546425636,0.0287476084301467,0.0433627877622363,0.0364706404430283,0.042624360172585,0.00707728688370148,0.085872513041368,0.0464681738448378,0.0470748863160157,0.0170997070082217,0.0427689292239808,0.019520108808667,0.0801950129084034,0.016063159983547,0.0346167449379877,0.0265841360984525,0.0511918211943756,0.042419087400196,0.0287381766078158,-0.0135293866435584,0.0336118937623844,0.0299116909749385,0.00964067048407578,0.0274361318699356,0.0576005203722876,0.0246978715134997,0.0325295264086938,0.0407230451266901,0.0326668841299843,0.0403981385168323,0.0503030948922592,0.039725385211355,0.0328177804319742,-0.0206498423115328,0.0451390766669196,-0.00285023220900171,0.0053286615159726,0.0709005160378162,0.0711146623625848,0.000000000127552796474039
"UI10-00071-Morning-Light",0.0842217333711219,0.0740823001527986,0.0780775979556978,0.0684923316641944,0.106046514794926,0.0693757829804123,0.0682837191350108,0.040008652045619,0.0624874004026063,0.0748724622613598,0.102903042985545,0.0583388579533109,0.0519080430401982,0.100551350213239,0.0663743368616971,0.00672643108381447,0.0813297628114673,0.102247128845358,0.0720719059463484,0.0979584145458243,0.0473957440827496,0.082858298408593,0.0501977904690085,0.0474871826057555,0.0731202748178161,0.0594104783856282,0.0672506110835979,0.056006414541401,0.083944662558934,0.0797685263132814,0.0840253091551222,0.0584510131834929,0.0105163005408844,0.0821616199274988,0.0874291934294697,0.0187210411001369,0.0670646280084754,0.0643932721690346,0.0486932955488438,0.0107434791753798,0.0731014376256181,0.0781306411861316,0.0481895396848511,0.108052754670851,0.0809463411182861,0.0570195020279186,0.0673950779986207,-0.0227162832708594,0.0398794662410496,0.0698213703406139,0.0662338679429445,0.0637301875268457,0.0280758921571931,0.0794545437253688,0.0764956723468787,0.0380075933725229,0.0735306184345755,0.0534199122317562,0.0527615387889079,0.0312771012170106,0.047589505989655,0.0550552227375911,0.051092319427986,0.0511834591711558,0.056344490231209,0.091694789730179,0.126411048455207,0.0956058756940117,0.0833699567197239,0.105322321774919,0.129400424292615,0.108410509789909,0.099609927807704,0.0915418090435915,0.0579596817824899,0.049015974400264,0.0819875503105723,0.0765034657735875,0.0000000000897241626529911,0.0370500434207191,0.0722139491492685,0.0849469658261162,0.0803233297462239,0.0750079985372786,0.0440662539208985,0.105550179140648,0.0420126257431171,0.0897924696020626,0.091186617631224,0.0715395175901644,0.0677248307694843,0.1004289896372,0.0806049214788379,0.140736621870754,0.0601052232994265,0.0792474187859898,0.0439256499357555,0.0780735056723444,0.125627068004889,0.000000000170095012090447
"UI10-00072-Mt-Washington",-0.172496345366354,-0.173863200032561,-0.231453029505464,-0.229550029610661,-0.207771086900728,-0.180245382150547,-0.189888238019235,-0.147528034332606,-0.235990648756333,-0.274344451276338,-0.279478777414365,-0.000000000607360547581559,-0.105655605460423,-0.212105603093283,-0.0884001464694222,-0.203999311914127,-0.220587986264156,-0.185143971646674,-0.241607732855983,-0.000000000659296449490027,-0.213599241437953,-0.213885483489027,-0.201973123507154,-0.207568011541982,-0.252634309976788,-0.20272204991469,-0.271999638700914,-0.187172896295753,-0.194774405334667,-0.198347420364775,-0.28022589842617,-0.19481505332682,-0.251979794786827,-0.267956263437003,-0.210562001633775,-0.238699231039347,-0.198785314870529,-0.254400634374791,-0.241430663987154,-0.134379305527655,-0.196446735666793,-0.172710345110884,-0.161716524802131,-0.181501067561647,-0.192776307815073,-0.184477435393926,-0.226343368544706,-0.159489597836124,-0.000000000411720461691376,-0.261861602220813,-0.180634220817548,-0.189302284850086,-0.22595846817122,-0.229580531248403,-0.235104940032415,-0.231404360299209,-0.169391851689728,-0.00000000057506761776021,-0.000000000424469737212198,-0.188768779965334,-0.000000000369687961959815,-0.204730734526065,-0.216182753713921,-0.246484538925106,-0.233260733309148,-0.178171790857892,-0.21438140399269,-0.23366900355088,-0.242517729543908,-0.207442701880594,-0.189148324148312,-0.241520836430325,-0.239218189134865,-0.0694126500793171,-0.191765406653271,-0.225996767172041,-0.197129097178455,-0.292724673242201,-0.222186737338936,-0.206902175970835,-0.213241245787906,-0.241774946794408,-0.24269783987409,-0.179091754813621,-0.207396109312635,-0.162110833689064,-0.210472599026833,-0.231971238287269,-0.221936705666382,-0.189008888182253,-0.293394387293475,-0.233100576418762,-0.144575078506311,-0.185778607568093,-0.386849693012043,-0.217986139546741,-0.171222245745284,-0.336434477675121,-0.162689275890863,-0.219453159180922
"UI10-00073-Mysterious-Maiden",0.22377117293915,0.186338495638491,0.261892986128821,0.000000000377862218374627,0.182128533630277,0.000000000394705326739317,0.142474492400975,0.230280531391165,0.158653503763511,0.188654914575774,0.119386092038705,0.187300388371585,0.119676163719797,0.0874255791140369,0.171488983208241,0.150350888666998,0.0933061710864566,0.0990829002869546,0.118826306057694,0.182531208960945,0.231583661678622,0.158939079000069,0.121539842841279,0.155787274959623,0.129263717675936,0.16041232073847,0.0789016020204693,0.17635988808716,0.120211833360502,0.137018370044331,0.173852433465821,0.145462583468162,0.181207439809514,0.119276474016143,0.126018817425976,0.151435678504759,0.185756936450646,0.156809187805136,0.206914573144209,0.203665475154017,0.131923077487754,0.151959632156405,0.227558873679153,0.166639285279289,0.164777612151408,0.142912816659238,0.168739402334874,0.242127563236968,0.107360006606087,0.128601707143328,0.150899201073605,0.167377868547882,0.184641894556706,0.21801886826562,0.165014008632025,0.0953252704230351,0.264657077991412,0.100139843882712,0.178946504610005,0.000000000635105669031279,0.132757948918771,0.144972455038301,0.161134220035323,0.138561193727785,0.176337280164356,0.188244004841811,0.224691936653271,0.163379849996839,0.136142093299106,0.139399563055876,0.240759142751905,0.157086520125888,0.21509294598202,0.183420648240997,0.201359779934015,0.128096867176249,0.223451296188305,0.10892963637157,0.00000000026319560278541,0.160338992931259,0.157344311542287,0.170728322090591,0.158321752701913,0.155481272896684,0.129445710297972,0.172904138593275,0.120518172475939,0.197087099977309,0.201198365141936,0.24878550810963,0.12691498533851,0.179136886139183,0.202220081978034,0.168098019767756,0.1352114538586,0.145299461500698,0.130551787555137,0.102096650437047,0.109249118326904,0.162177828657968
"UI10-00074-Nippon",0.000793282857081589,-0.0707979371678089,-0.020730709206919,-0.00855157033865739,-0.0242898000126502,-0.0244766071806757,-0.0180075474064954,-0.0437121828032548,-0.0178501052226015,0.00668221609905706,-0.00342227580709687,-0.0000347571850816079,-0.011567827507225,-0.0187946975036448,0.00502673960248587,-0.00506739990924351,-0.0314144926456524,-0.0217809622232211,-0.0277945360575651,-0.0615394209611851,-0.0524011141194111,-0.104802819812838,0.00566015754033958,-0.0338115302005988,-0.0150519899889071,-0.0821153924773639,-0.0185605181251594,-0.0326697447024671,-0.0299233971698552,0.0642132297510628,-0.0926702489073538,-0.0295831559675431,-0.0130140027501754,-0.0379216382918319,-0.0372087582485159,0.0212294602838918,-0.0554214515410859,0.0396450814671562,-0.029926657531612,-0.00496273689845677,-0.0388714983379715,-0.0244406205531422,0.00220877336619714,-0.0111326701321777,-0.0475400566254669,-0.00250287565190032,-0.026287805221519,0.019600608125849,-0.0969169268250958,-0.0000000000617802729686852,-0.0140140139275021,-0.0151396923928862,0.0208069509668263,-0.0371286031584392,-0.0217250383866695,0.0668137953017373,-0.0244393202802257,0.0375560124976032,-0.0146738777296908,0.00277891975000609,-0.0214225997965427,0.00701815288103774,-0.038519251243245,-0.000646887710318275,-0.0800362955638738,0.0416557301119887,-0.114363669272808,-0.0678627520023637,-0.0242043609597309,0.0129116103506989,-0.078939988835705,-0.0840846830468082,-0.00678958648781768,-0.00664419472285813,-0.00324495411768211,-0.0146243691212602,-0.0556244666748923,0.0139810317465718,-0.0169901746401614,-0.0861302779602398,-0.00930885209795369,-0.0213769042350538,-0.0131729851825478,-0.0188628209744526,-0.0319207966698868,-0.0184616079931533,-0.0574139945235012,-0.0717194569659492,-0.0362109321867532,-0.0175771744598198,0.0141060957571295,-0.0241518378592628,-0.0250471340630706,-0.049984030346177,0.00203419071011639,-0.00717768611755263,0.012416549810788,-0.0266122232859677,-0.117519109214939,0.0222577846434173
"UI10-00075-November-Sunset",-0.126355264737425,-0.0819517632165222,-0.117713816324408,-0.101130086365074,-0.126074195066684,-0.114258961804553,0.0542199339068175,-0.0825552247403914,-0.142933757217863,-0.0939090698638553,-0.106405735963189,-0.0971656352042245,-0.119443017171286,-0.124539460268985,-0.0453303537622962,-0.0958597074585156,-0.185626159109061,-0.117805731859091,-0.0852513704355644,0.0402371230143303,-0.073915937574636,0.0526251627071008,-0.122210073720324,-0.111400102738069,-0.118498484336232,-0.122891867669692,-0.126640425916079,-0.0414780970999998,-0.102613088231178,-0.117261882597046,-0.19722630202496,-0.121769780329132,-0.153773695904426,-0.141547738812776,-0.195774880267429,-0.147764476786749,-0.130654500863294,-0.0731366119045376,-0.0755240055105986,-0.133839984937677,-0.113397883637978,-0.144017058860652,0.0555732955795558,0.0695574013959321,-0.17688909244945,-0.160285654800906,-0.135480941917665,-0.100592510541179,-0.142974190538706,-0.129473292902455,-0.156916134720924,-0.105499829789222,-0.110144154205141,-0.0530004283117,-0.112856641091814,-0.186147066220295,-0.0710198389638106,-0.133667626341272,-0.154580155400001,-0.0988668990436185,-0.205572556870058,-0.131973748269458,-0.157204331157962,-0.11356588666047,-0.146004333726341,-0.135297648599831,-0.123280740279634,-0.169962116113372,-0.131700824228068,-0.177117212155861,-0.157198081446628,-0.196007353074853,-0.0855534746919431,-0.126127341429498,-0.0982998228510247,-0.185638968066808,-0.104144380524327,-0.188808547536215,0.0863593418642334,-0.141053693200391,-0.0803557805013445,0.0563677732952709,-0.167419663088463,-0.000000000338933568398833,-0.126635409622932,-0.148955085026942,-0.170073146966689,-0.0936554301479283,-0.119668843821777,0.0570143456306718,-0.130825543897844,-0.164471645777733,-0.201157345932084,-0.113481860209568,-0.195022772938626,0.066030693690501,-0.109879964735388,-0.118572535890025,-0.108696954023526,-0.110854541950692
"UI10-00078-Puenktchen",-0.186247534678489,0.050371036857223,0.153366691059289,0.144883224372626,0.0995685534543428,0.00000000000271086862579837,0.106598165788324,0.0492435476591686,0.087162526080133,0.059759093043992,0.126098480425471,-0.191419142712632,0.117520824807186,-0.19006401698398,0.0463836649201811,0.13240589234179,0.158219573429522,0.127013221297679,0.217005744237813,0.0628636167896645,0.194945502248647,0.283246849802566,0.108734317796863,0.0902685734962182,0.220755488999864,0.0853094752409579,0.0684054193014912,0.147091633010287,-0.186061042014413,0.142238284564245,0.0992116961860889,0.117845503481391,0.0904403135744324,0.0708415120325027,0.0983591354574132,0.131419837840243,0.0631135244083229,0.0458939093366374,0.0452456349785113,0.136322237007697,0.148276991548688,0.103382364649811,0.161469659338116,0.105023117684875,0.102348972257318,0.103564469996349,-0.211879751427964,0.0618061028701987,-0.000000000237593286757689,-0.16605204843861,0.054175595111621,-0.149025891573205,0.171292660866452,0.0550829711333615,0.149053844907799,0.145569437156578,0.114801709468011,0.0951089745822651,0.112972907196867,0.0846632006337191,0.103652138524376,0.208716791244644,0.0880845261321719,0.159933959048183,0.153817869207409,0.107125356486903,0.232639985620467,0.186361795510968,0.0715107175872116,0.0729362845786669,0.116260901659085,0.211209897107763,0.115058537096735,0.142088764414091,0.107695389553486,0.116701866503999,0.177584707728738,0.101127883773363,0.13216728853222,0.184062467301174,0.0472289046378175,0.0928344763583604,0.110090647287566,0.0891063435494768,0.10700893557379,0.229429818102196,0.0936684411448299,0.117434784074185,0.133562723110834,0.183577063577791,0.11679902337319,0.0988605478618227,0.014600476756353,0.177158787278635,0.112043521172435,0.113073046375776,0.182449490612465,0.183343177658476,-0.142017607293914,0.12331823874211
"UI10-00079-Rigoletto",-0.000000000788104810408004,-0.177934442057418,-0.217018535112786,-0.117463182923278,-0.11180706174923,-0.221109662433725,-0.14344329485739,-0.152315407538501,-0.159149719130717,-0.133320811953041,-0.104940416580787,-0.139413911178945,-0.136423944117849,-0.227901761953747,-0.109753378800897,-0.12548096919539,-0.136899841343151,-0.0832899557377878,-0.144028267934007,-0.00000000057388152893628,-0.157762601886531,-0.138981962637188,-0.143495303639164,-0.131576804423632,-0.0223421811351982,-0.0150347169618642,-0.169666149867573,-0.137516746464697,-0.112496147526859,-0.174633261255778,-0.199171107151329,-0.147955825827084,-0.131120658482606,-0.146433708766085,-0.106684367883973,-0.166503350032816,-0.157436295539735,-0.149119009357328,-0.196420919494639,-0.118609367402553,-0.110714026245871,-0.0388624640486042,-0.124675390268744,-0.150383604984425,-0.128298114027318,-0.123636922331533,-0.114108738004964,-0.11559645406574,-0.00995644220945568,-0.124731543696808,-0.0629678988336996,-0.0413746597558711,-0.133387443833678,-0.153362750800075,-0.118890340210097,-0.14149140647815,-0.138307634817498,-0.149722342139937,-0.138108078734062,-0.114716544833119,-0.124320172586241,-0.189411719557494,-0.12853475437811,-0.00963970632822814,-0.0558561157474271,-0.132615093607159,-0.170163705843734,-0.0429747135845137,-0.131540858419309,0.053280645082116,-0.130870961203052,-0.0941896568580776,-0.00559300785044249,-0.162569380025961,-0.0744384471843807,-0.127466459660351,-0.19304688942682,-0.0129199858247188,-0.140075168667613,-0.144951402227991,-0.102229053288233,-0.124063554887081,-0.148125448971149,-0.171891737585628,-0.189555867405945,-0.13088100379868,-0.132084434789213,-0.198011666842799,-0.122092281333525,-0.245080281372007,-0.133427932644748,-0.150017414307317,-0.108383883575263,-0.129528213865499,-0.0199072017365684,-0.251416723935163,-0.135284910834448,-0.146714037753155,-0.146131789504254,-0.152375653166832
"UI10-00080-Roland",0.00892037489494693,0.0943619316315057,0.0242842792183998,0.0274400134270665,-0.013801993979129,-0.0773871532748086,0.000194064154682223,0.0213433389746671,0.080805280511424,-0.00948311568798197,0.0432187364610119,0.0352121355121991,-0.0857499999779023,0.0208471508747567,-0.0364200401349683,0.029276935004467,-0.109163689226652,0.0286182424115618,0.0407876476302276,0.020602881208504,0.0765908421366224,0.016186558811444,0.086439641601638,0.0546358794896363,0.0239918224887034,0.0857577046991477,-0.0767903650160117,0.0487590660650395,0.103833798215711,0.0167852472401745,-0.0967873218964881,0.0894291827287757,0.0158586830158853,-0.000951764612218461,0.0372325260829453,-0.00636282306196122,0.0324530565209442,0.0595477382003803,0.0251871742569199,0.0192519121870613,-0.0111727158252488,0.0736815008375518,0.0415716946832077,-0.00559888960338426,0.00315804089942334,-0.0740581381476128,-0.0295209036351417,0.0073846021733997,0.0276919603490929,0.103272775694032,-0.00321604369059156,0.0223982354107829,-0.0334516432066598,0.0398202652717066,0.0808360530134765,0.0265600889828451,0.00106709954131302,0.0339216575654707,0.000484142816054876,-0.000584247735386539,0.0831529551432764,-0.0482343751980204,0.0290884068422625,0.00718246675295892,0.0592397159434207,0.0181672963872792,0.0272101044541708,0.0264123683936906,0.00621265606671303,0.0732029272841212,0.0153999259653813,-0.0181730064503413,-0.0377583205215739,0.0212488571992286,0.0254720183110985,-0.00857829548448417,0.0610054539923975,-0.0820018572884608,0.053276513855947,0.0117031065053034,0.0168747690362508,0.0736598083897596,-0.0372544705948867,0.00253433024570794,0.0390610560866758,-0.0478169915588003,0.00616348817431138,0.0327858470680464,0.0268271438844092,0.0371682452388551,0.0196169850149883,0.00260515187501241,0.00316448809140234,0.0130167594970519,0.000222972962118005,0.0436147747654328,-0.0336580298106621,-0.0527177154154727,0.0274024792507466,0.0290834684188713
"UI10-00081-Roter-Pfeil",0.183797326186983,0.112254297504149,0.194009373060997,0.176431382414575,0.193236882053594,0.198220953223318,0.113274758234721,0.0351523234570918,0.115014606647219,0.0549237088682335,0.106806412899171,0.0941977744255469,0.196998098210884,0.21049341986889,0.0303549282721545,0.150103362835359,0.173255561476418,0.10634210882982,0.21518623451088,0.197940639251966,0.197423651578488,0.25258118674111,0.188662886775805,0.0502246530105376,0.18116952068049,0.0929699248517257,0.217255592025967,0.165144262634605,0.173610004056751,0.142192671829354,0.194564846507322,0.201148756233578,0.177510043487634,0.178011535155993,0.175307748870177,0.200581676190135,0.143433784054847,0.183370996417755,0.216137697696427,0.0957197811036915,0.167333164757276,0.187154736273542,0.125004358585857,0.138674999745845,0.186628667331345,0.17968850445926,0.169301282319421,0.124345409073996,0.220239665097106,0.152686195601903,0.172792858740688,0.196994064532287,0.146578377576393,0.219234845761585,0.193505729466172,0.193505966016597,0.102051675703261,0.160268739588918,0.181292540912405,0.150409436505119,0.000000000313206181288288,0.185016512191085,0.155261444584911,0.141769954070761,0.133020933761955,0.14837357765299,0.129397147156739,0.0772942828378767,0.0992715170949532,0.189419302864606,0.193141144500668,0.218945544350503,0.164221460557575,0.193625566996955,0.161399489048762,0.155666503207707,0.181428590497359,0.194672852305214,0.133510716348331,0.128973476383471,0.122296063478823,0.0958006230692728,0.093888866624641,0.165827202474278,0.166619455676565,0.145658513490433,0.0842450744995208,0.18576617908886,0.151348349915927,0.162926561981131,0.213427133241929,0.179541523252448,0.210424728691018,0.194741722073993,0.172645701063715,0.167933634852162,0.131223235939571,0.208269281428221,0.181312552661093,0.11133274611441
"UI10-00082-Rotsilber",0.112194823670632,0.0707336725426197,0.0897379996029059,0.083683969703131,0.0743309340332101,0.119471202701402,0.0933715557496602,0.0235485652229255,0.118892001891891,0.0990897311524998,0.08025906588333,0.125977683062754,0.0967959475216819,0.0942375330568733,0.0818150133160772,0.097728104255664,0.0747017078502295,0.05261181631345,0.0212206074954238,0.000000000198831784620593,0.164777804098964,0.0766053599144989,0.107439962165781,0.0673355479271494,0.0549497694223898,0.0898152589857653,0.0684793699042274,0.0727818545973448,0.103315614872296,0.112004710512883,0.0745858659447759,0.0901770713831618,0.0640845289553106,0.085723017796765,0.0694615415158831,0.147378562187056,-0.00973816335491608,0.0674667225151445,0.10981664196639,0.0855148218030889,0.0964694573225803,0.0776201986404692,0.000000000213139312280161,0.106767716889643,0.0922201545146902,0.0658530124956404,0.140828711291734,0.0928976080489769,0.0771654459133576,0.070813152523128,0.108432318269799,0.13158003269999,0.0850424308645221,0.0658002113324308,0.0313689641772378,0.0609568649605938,0.05748529396206,0.0686394462781478,0.0669324608735017,0.0750445505208569,0.094252703385998,0.0413348124578253,0.0752590238500851,0.102744165591635,0.112979137165317,0.00982672164266811,0.0863024552775779,0.062524954369504,0.13436632797913,0.0742801847569564,0.0000000000569605778053654,0.0696149721718128,0.0760953367972041,0.0926065395140493,0.0710414104354636,0.122661545719321,0.123275709748358,0.0488260873363441,0.09662098759219,0.0965031361852864,0.0837613037076288,0.125513199466123,0.0943876046798554,0.0870817127481045,0.122800974147902,0.134033943223432,0.0698848505913914,0.110665874903506,0.112940879349712,0.104697641185393,0.0651883651735237,0.069686871058499,0.102154944218349,0.0493142970585153,0.0392716169381734,0.0870738654827687,0.0247396051020575,0.11348025384727,0.153902191614641,0.0882448700071625
"UI10-00083-Sarabande",-0.000000000882512984969711,-0.158560276234315,-0.187642540269555,-0.229974188312309,-0.184241432382789,-0.000000000236435835075209,-0.219073185030601,-0.197083711358859,-0.185210320410533,-0.156359379083668,-0.212249328011608,-0.209319538067572,-0.277879090521458,-0.132988721033673,-0.202353131803895,-0.000000000401575679931011,-0.266268915400587,-0.205711466306848,-0.211634747126703,-0.0808854114517948,-0.189557225037309,-0.158867325324931,-0.189595315930469,-0.150029936827119,-0.152852947701698,-0.199923602239899,-0.0702783695840555,-0.0820301986732758,-0.172671736860799,-0.221187841998849,-0.190786633037495,-0.0958437442321343,-0.183273415303818,-0.19342385863972,-0.133267601062298,-0.229781200550294,-0.0704873529283741,-0.204902103216493,-0.224757460429091,-0.170590281232212,-0.149703693274486,-0.205925724587078,-0.190585766549603,-0.0858680131083513,-0.172159124443022,-0.0701496863799072,-0.186555465981607,-0.174566934864392,-0.189815604720322,-0.247341664632564,-0.182476228772684,-0.182723272196063,-0.141128290237302,-0.166314680589469,-0.181850463164539,-0.215320648924248,-0.193215345799674,-0.173173800920728,-0.166349822727379,-0.199617731952287,-0.171455695653733,-0.062142636181491,-0.19112711214966,-0.201922467147845,-0.200416165838118,-0.215159081606855,-0.140056761921633,-0.204998299434966,-0.205949773444839,-0.170075528044244,-0.213651467874461,-0.168450868439869,-0.212994888318128,-0.230425515106651,-0.180554570180173,-0.147973381129742,-0.0533944868412703,-0.224164911608623,-0.193039362441475,-0.216233910257559,-0.206802178035222,-0.187412395607115,-0.220720025244818,-0.102321565248671,-0.0761105024150432,-0.18980274822885,-0.232795720903622,-0.179705532489515,-0.242233550372485,-0.246761520348437,-0.151979275332388,-0.156558248090327,-0.177153931382012,-0.203742598233403,-0.19434204140133,-0.218732983051621,-0.124699240595656,-0.196590305969001,-0.190186192744808,-0.212079657163185
"UI10-00084-Silberfeder",-0.361740179164341,-0.243543786105849,-0.184191065502307,-0.33448135536392,-0.258765173177023,-0.219563777435717,-0.241912235253668,-0.255105696953247,-0.309291858870797,-0.281159116394297,-0.296985189329873,-0.22153390563325,-0.364366657934935,-0.231381632155251,-0.292053765070376,-0.407809380400917,-0.274922311256362,-0.274575147912653,-0.283312269159625,-0.293737549729221,-0.267406078405204,-0.333204615156959,-0.233702391039347,-0.331404463271059,-0.247957680284771,-0.260886773934568,-0.170164175351021,-0.359371518901556,-0.270614461004292,-0.280495858657787,-0.270393152120874,-0.144684682465019,-0.304557867965276,-0.269467883015876,-0.295559235486598,-0.314380501741465,-0.229626743127084,-0.352293213350896,-0.194077683538591,-0.222720045992602,-0.292355561686043,-0.265276750752275,-0.292815605970164,-0.396014346491365,-0.301605346899748,-0.28954362987399,-0.347932579084621,-0.303731308504984,-0.316746923681421,-0.274505454745385,-0.294636160103171,-0.298882546405162,-0.292405436064793,-0.286805644696858,-0.27997555251812,-0.363515727493627,-0.326451869493104,-0.281255835807351,-0.270471192715221,-0.00000000105960575332929,-0.291384164614452,-0.312548155162022,-0.254108457987513,-0.246548631657113,-0.311927030639316,-0.100630466311411,-0.336073950575688,-0.249501775412482,-0.23320481346034,-0.304094455996843,-0.311082108051498,-0.305205302093568,-0.288117372308952,-0.200862376708034,-0.200801824767415,-0.278157959603706,-0.192513496808639,-0.280654983730294,-0.262851705655191,-0.297475280613863,-0.272677279959631,-0.253844938527472,-0.212980381284197,-0.248202307831615,-0.189863862336918,-0.271546048865177,-0.27085158943917,-0.193139098942041,-0.260393197880029,-0.238024235667662,-0.267309798528957,-0.308410456000343,-0.305131375127457,-0.305644020306039,-0.260951556234687,-0.251688500525069,-0.284685502139628,-0.304480314607705,-0.266068467454629,-0.334169920931276
"UI10-00085-Silberfeder",0.0796175291358852,0.17543010002507,-0.0464393811684278,0.0233632718490481,0.153678391067763,0.0678878820750307,0.0383670088484132,0.00947342043242337,0.0235052226779164,-0.051176942442388,0.0746181606195478,0.164396136491964,-0.014743786265526,-0.0501459223612748,-0.00860216850975109,0.0674839607035623,0.04009310296862,0.0318512259554521,0.0462339842362375,0.00000000022518088778966,-0.00274938925758163,0.0543957451618723,0.038403681943406,0.0719642356341453,-0.0339426123458349,-0.00485445619541851,0.0476896979076246,0.0528946474556925,0.0424873504938482,0.0400146535317526,0.131645204638959,0.0384724705141588,0.0456019750299,0.0800971657869657,0.010778756056397,0.193534428955993,0.0504915186757651,0.159817875251101,0.0641420220745433,0.0693612258778284,0.0362795820825112,0.0294147878003808,0.0401967739854994,0.0489736517793988,0.010680189920271,0.0799069702533196,0.107144000494261,0.176097145209004,0.0342684304819492,0.0158107010093198,0.0491048581051425,0.0345796971956254,-0.0116044837603596,0.0602028890732923,0.0440122434254638,-0.0583815068752983,0.0268651284537968,0.0113423479562311,0.0770221577605994,0.0953171864621434,0.0129569756444927,0.0592814233650452,0.0291675500725619,0.0435457105445784,0.0657373689388007,-0.022266425674692,-0.0148092898864744,0.0285646858915328,0.0363053613230135,0.029424985118719,-0.0538199239046777,0.0592279351093466,0.0299540091616502,0.179004235110289,0.0720372689445764,0.107601600398808,0.0167090969463746,0.0217184164448693,0.0193947326148017,0.0618114390492116,0.0238778064100869,0.0562145764344068,0.00565881222725614,0.0668753012730708,0.0252792140143679,0.0808212495792839,-0.00522010644652768,-0.0282409020336028,0.0184014051965972,0.0630513609822574,0.0538383991142665,0.00105773874571795,0.0253518282994672,-0.00791726939224686,0.0521239072839315,0.024522243974238,0.0521372978429791,0.0359164771839267,0.0303828202496006,-0.0678564129312088
"UI10-00086-Silberfeil",-0.249056940094236,-0.265049863466479,-0.212245419766293,-0.245411776192155,-0.236785103279942,-0.258010965313899,-0.268241532374944,-0.174036842324851,-0.218830585027561,-0.196103873325109,-0.235971699017098,-0.242329828173681,-0.357913500296815,-0.272642464346932,-0.265587143823165,-0.390249431841643,-0.263209400863197,-0.212482600437264,-0.267442559979243,-0.241466009255945,-0.152213766902909,-0.261403619063918,-0.156900384657871,-0.20855173445637,-0.212413511989232,-0.26449319039912,-0.240663601757387,-0.348957336352083,-0.234941331673066,-0.176854505881932,-0.195155172236665,-0.203290189500183,-0.265493719201095,-0.144492474768952,-0.259998805466306,-0.16476328959685,-0.153849178773971,-0.344262618362286,-0.278004753089445,-0.238563652402978,-0.243024274237364,-0.245314008995142,-0.121901303671869,-0.395865121024526,-0.225066131183442,-0.233177808928602,-0.10031762956531,-0.170528723029034,-0.266246311572195,-0.177230111565211,-0.26132609043882,-0.200675995181003,-0.284885813759567,-0.215609738611248,-0.203625770845928,-0.349931753220246,-0.137934834116631,-0.00000000129024127263092,-0.257062434807657,-0.175776701216874,-0.221412598419971,-0.190956864597589,-0.261801351488662,-0.245299556396851,-0.0553240090527902,-0.228093282355718,-0.167464145742076,-0.250627302184703,-0.22345694256447,0.0464988665516392,-0.25173248489662,-0.22546818068077,-0.248401071864402,-0.206071936648001,-0.215058671801655,-0.233471414686,-0.185966159299664,-0.274678118594194,-0.17521933092769,-0.255219877337614,-0.271964296658319,-0.258026496980726,-0.262603582445908,-0.245239320183002,-0.24126457717278,-0.134250953845682,-0.253763236814937,-0.260678819903993,-0.262895136831061,-0.175932965368395,-0.243137261709826,-0.226383542620038,-0.156075816759363,-0.228770146271499,-0.266830017766335,-0.245846033166447,-0.222417214023127,-0.234454149726135,-0.14549222179026,-0.240864830199693
"UI10-00087-Silberspinne",-0.166841564287507,-0.0945576060615854,-0.153296099403822,-0.136362531436169,-0.136354758647299,-0.197371425924532,-0.142062103175418,-0.149956385193981,-0.135550858989866,-0.155536696502179,-0.14176748682985,-0.000000000282421963646549,-0.0773766315074905,-0.130415997190938,-0.123697144630617,-0.139442853427562,-0.134491974985379,-0.282318660352022,-0.130630209949925,-0.12951323514212,-0.141405629566973,-0.135954610730955,-0.208843651737626,-0.155668451908171,-0.144969480477995,-0.149866382236851,-0.184443121116067,-0.103414520006967,-0.117614005514737,-0.11642756499176,-0.134195014776561,-0.130988440445094,-0.126963257612995,-0.144394266320547,-0.142018665033785,-0.140114679985209,-0.100843160157749,-0.136331014215261,-0.000000000604662651739343,-0.126199721474587,-0.11589075945845,-0.129866387077408,-0.123672621000992,-0.144731104818332,-0.171742247877405,-0.13413347197776,-0.118644906990758,-0.12556101732316,-0.146664319604502,-0.120523545695327,-0.148649133469987,-0.117208169818517,-0.141898268024353,-0.171231383229123,-0.134363314732111,-0.145040209847209,-0.185796652580078,-0.151816816796154,-0.150128791286379,-0.186330211888518,-0.110041781215243,-0.132638180981286,-0.148480808621119,-0.136184620829694,-0.13934359584602,-0.131965966892496,-0.123993788579294,-0.0658767623021548,-0.147793375500129,-0.198297555611569,-0.137086303248853,-0.127620537757813,-0.124281005317378,-0.128015199122402,-0.0828034767660141,-0.154841379779003,-0.16417119654441,-0.191279643287484,-0.105232296379771,-0.124827554562123,-0.100809656952542,-0.136976563746766,-0.122193719839122,-0.161354675152409,-0.125673601273838,-0.0651490422559764,-0.137155014248483,-0.151964872824827,-0.169399398835336,-0.150021924536745,-0.142414459504107,-0.169925756373569,-0.14217518255266,-0.108136355633272,-0.15405784412045,-0.0953508632162902,-0.0954494834202518,-0.123827147390234,-0.074772379061261,-0.128469513890003
"UI10-00088-Silberturm",0.0658008535529188,0.072249770699515,0.0524574180639127,0.000000000375448356948123,0.0311734423083116,0.0181066791758308,0.313044699236175,0.0319427717103313,0.300909122774526,0.0606011635547689,0.0444127165156931,0.268286632793207,0.250704955463224,0.319376590149996,-0.015220355308436,-0.0886934536963776,0.0405967726717839,0.0357649786011389,-0.113157289307749,0.0677138912254324,0.0261313364450481,-0.00655565427363696,0.0608082541314782,0.0340079716288574,-0.101148698931813,0.0333606657794026,0.0460162781476657,0.0544172367364636,0.0335154159931748,0.0610366196419083,-0.0203936467111739,0.0547965970318415,0.0473694711643539,0.0417444555426594,0.276903235118769,-0.0751775816454729,0.0569018553580593,0.0340822948216427,0.0329560864651386,0.0345208706000722,0.0507036111215101,0.0648091058549117,0.0562902522824486,-0.104536077351466,0.0565549216029764,0.301910520858726,0.0511911608138456,0.031084051664143,0.0386367687952199,0.0389401395977473,-0.000425101803348082,0.0515950241331638,0.344037010370612,0.339378727561829,0.0388292775902029,0.051407186232057,0.349127772554392,0.0296514364049607,0.0266268857212993,0.34441629882967,0.0233601158341323,-0.165806702483806,0.0493093580747857,0.0503148395681434,0.0585975426128413,0.0592885654864749,0.321147342130722,0.0439533806529155,0.0562370687340475,0.0262768837220948,0.0378713604916039,0.0760518322471133,0.0581250617117796,0.337430673819577,0.0530389351495738,0.0588433567827563,0.0432450344157833,0.0458323629180672,0.0244107263578772,0.0403729741542677,0.310130033953122,0.0454307562991217,0.0688317546838936,0.0602183630978648,0.0308867862487954,0.0246036204372657,-0.0844006432207578,0.0393077816359293,0.0357158143382836,0.265381456185615,0.0417194204810903,0.275721883751538,-0.107050859276586,0.0492172673914164,0.0345580807192794,0.0348975710614833,0.0498052647536066,-0.0985815197906747,0.0549938010846374,0.0513948846335471
"UI10-00089-Sirene",-0.000000000358649269000881,-0.00848554231703966,-0.0276285056752473,-0.0385921248799543,-0.0134135176449367,-0.0000000000179639403819826,-0.0527916073467191,0.0343121513517154,0.115260604814034,0.0517313881810006,-0.076986304865163,-0.00000000018563253158072,-0.0347728132849455,-0.0363088245735284,0.0294621934911957,-0.0228329848204018,-0.0507917160937467,0.100675017820437,-0.0371383808353678,-0.0444349964144908,-0.0706789124795438,-0.106808126556859,-0.0372492805903239,0.0489784004376818,-0.0356600554795508,-0.0345880323691529,-0.04317205325513,-0.0284208085018732,-0.0568821384935804,-0.0386555284770055,-0.0349524612608821,-0.0986058668614131,-0.057247165127602,-0.0179182583354079,-0.0612463581685596,-0.0450018556359677,-0.0609093338030237,-0.0244295848808399,-0.05841502910269,-0.0328834586639272,-0.0440408514359257,-0.0242714988462406,-0.0455766232722074,-0.0280851809595517,-0.0727648824997683,-0.0306089803243492,-0.0544498011577132,-0.0461040381525642,-0.0313793128749646,-0.044670036886281,-0.0207269363200217,-0.0144807835243352,-0.0517019718983822,-0.0546785119684736,-0.0750383230116828,-0.053259345691911,-0.0293269512410515,-0.0741141487640154,-0.0523415808452999,-0.0487667214436459,-0.0460165721568247,-0.0413062353773759,-0.0344481408138485,-0.0397214850987151,-0.0401829336510644,-0.0231246977487541,0.125470332114862,0.0740365328752798,0.105311196888936,-0.0290274676598071,-0.0422094791392637,-0.0219853087826669,-0.0496152789633148,-0.041882665878376,-0.0449279528551655,-0.0202732604357442,-0.052239076825811,-0.0175228619334244,-0.0447550098207704,-0.0524809246749003,-0.0461588848147443,-0.0805535113811252,0.0912453100852983,-0.0741281849965371,-0.0450718276898248,-0.0845052991924688,0.079108723577432,-0.0253386522296365,-0.0324042471320941,-0.0192971274626273,-0.0904001566621783,-0.0568993237810796,-0.0191148436038529,-0.0222294153287688,-0.0438202945301801,-0.0499798234681251,-0.0147884021056814,-0.0438175707773334,-0.106082619574196,0.10271936714801
"UI10-00090-Stardust",-0.198050682928211,0.00350532462964927,0.0168904578389131,-0.0455677896424868,-0.0311898251595969,0.0020094345926118,-0.00929422300523871,0.0132821544179414,-0.128788026326836,-0.0829950689668536,-0.144965360494454,-0.0425400335742048,0.0439784791145483,-0.03078481567697,0.00850735493403609,-0.0201682502578932,-0.0011367757187941,0.000263175971048482,-0.00575403186196932,-0.000000000176897812048079,-0.0255894356029226,-0.0154136120499342,0.0297322895873558,-0.002769956365309,0.0561415086183668,-0.0159244131549364,0.0360700611997012,-0.0300104739058432,-0.0174631838761712,0.023028013188484,0.016823221344024,-0.0306689140675898,-0.0475052940701579,-0.0576819952032357,-0.0111762185353236,-0.0320364731488326,0.00135095457895323,-0.0134205770179408,-0.0983206647908818,-0.02552422974828,-0.109006877883178,0.00875539247920525,0.0398985744577851,-0.0165973242848148,-0.0220503146266948,-0.0321358291480856,0.00788437408750447,-0.0538283605269635,-0.01817451926487,-0.0239392038970596,-0.0288229955263162,-0.0250491671180099,0.0848497691216794,-0.0347037945615497,-0.00213762316419759,-0.0248769291276736,-0.0147561842096554,-0.113260652958244,0.0167469411114704,-0.0646911906797467,-0.0463635510599621,-0.0666264583523862,-0.00313813137414083,-0.111100498300211,-0.0514712874375635,-0.0572729861510153,-0.0407530716268141,-0.024415396095928,-0.038338748498723,-0.026042539513594,-0.0260940435735575,0.0229661424766269,-0.00626803753452854,-0.00734289964785376,-0.0308168443296829,-0.0467720261647312,-0.0413342703860348,-0.0882848658798419,-0.0120887818011586,0.0130894229495915,-0.0163780783157745,0.0260958486611845,-0.13262316315431,-0.00156810026290218,-0.00110265523591036,0.0345282326059299,-0.0191841361232589,-0.136150470117156,0.0741109448577034,-0.0942030124453568,0.0319735697851781,-0.0374755115579769,-0.0211996441667,0.00721301397787712,-0.0218380211815928,-0.0848458261006496,-0.0232526976195173,-0.0123823305200286,-0.0134967783698881,0.0571756617096921
"UI10-00092-Strictus",-0.0942527056711384,-0.108761686687551,-0.0445911458522914,-0.0847462545489552,-0.099993671744265,-0.0216516670760348,-0.0222989077876342,-0.168227129563204,-0.0574336083186602,-0.0305832200796222,-0.0417317784658443,-0.00242924571202335,0.00386115910574869,-0.0523125381929622,-0.0372601203310377,-0.0759444973640593,-0.0304375469902634,-0.038951260539644,-0.0355900738553038,-0.128220958346177,-0.0325209810422486,-0.0394921617863185,-0.0728863332328734,-0.0134277992774929,0.0159835770850285,-0.030387624733599,-0.000000000376704316671397,-0.0281160157717773,-0.0392662364675419,-0.0248614839886512,-0.0630242030375106,-0.0321982849951173,-0.0641869658017072,-0.0270899774690834,0.0926652503013756,-0.0200871531292173,0.00302097538569807,-0.0781916405435673,0.0423725755337037,-0.0212231104285816,-0.0543367267275148,-0.0416508661912709,-0.000000000645357153120957,-0.0846826885720461,-0.0189031060288477,-0.0218921188822078,-0.0175644396759431,-0.0492312535552029,-0.173747111973388,-0.0449287122802923,-0.0283942918284307,0.0275697307401802,-0.0790301045967237,-0.0142834398209657,-0.044878291382791,-0.02780375356657,-0.0124757833453943,-0.0276694259810023,-0.000000000381824656572902,0.0407215929534998,-0.0300017510733193,-0.0988758188806661,-0.123205097675732,-0.0531748531207623,-0.00100227051127899,-0.021743249370867,-0.063411608878066,-0.0400999470239323,-0.0623173017474912,-0.000170088842565988,-0.0361472503053206,-0.0445935905117276,-0.0212072237791856,-0.0299885947789836,-0.0569917014397803,0.0296877335843749,-0.0469877032652264,-0.0218667786060217,-0.0559262136874639,-0.0332975056245008,0.00035790064632997,0.0338223922060251,0.0000884037673178906,-0.0395178549974395,-0.0567505664336505,-0.0502100502675176,0.0751588904763713,-0.0272761200336223,-0.0777286582063198,-0.0667046679868194,-0.0593769247347513,-0.0852070844908381,0.00330220767432131,-0.104084802274179,0.0152900924206134,-0.0417195689627536,-0.0406719180421764,-0.1387278379612,0.0610999510483002,-0.000000000334937237781428
"UI10-00094-Super-Stripe",-0.0703772826252409,-0.0570418638896208,-0.0447656121980191,-0.0856580794099432,-0.0698615142804185,-0.0911782253772674,-0.0592497368699272,-0.112488352864705,-0.0989893353333766,-0.066455015787062,-0.05993144967508,-0.110637906634883,-0.0765066220453409,-0.0522210691195705,-0.054920354169413,-0.0168739477258217,-0.0632475896090999,-0.0556203449856344,-0.0290543218517392,-0.0635670003920888,-0.063012040186707,-0.0999340316120409,-0.0755528193963903,-0.0529860919281998,-0.0648718217713371,-0.0723851387390647,-0.000000000340897847488932,-0.0391711493575066,-0.0444933773876437,-0.0340298293850667,-0.0741378980826188,-0.0550205768653835,-0.0224492306329975,-0.0748951767131204,-0.0238373638484715,-0.0841510810468631,-0.0566952591918913,-0.0377071625229483,-0.0421505666972248,-0.0543126405240577,-0.0482406259267888,-0.0476649903407403,-0.0370262878657646,-0.0462778428948268,-0.0342787919247322,-0.0668708370779825,-0.0673238086362201,-0.0558730504541615,-0.0409310255881244,-0.00000000000128418460609876,-0.0668033209028605,-0.0275024113327949,-0.0518823622770487,-0.071478608270577,-0.0527914531975396,-0.0729240426261233,-0.0707092954066179,-0.0352789496918698,-0.0755462386810728,-0.09245098780358,0.020852652929455,-0.0427376508548969,-0.0589864460259143,-0.101527278662857,-0.0577314822754601,-0.0583194016158332,-0.0737038451619146,-0.0246955391051465,-0.0621724475299492,-0.0372544705645026,-0.0406603907892172,-0.0475170947602226,-0.0820162423036326,-0.0221325685164865,-0.0934070733599514,-0.047755063270011,-0.0637050626790245,-0.0209746199585579,-0.0584648335846431,-0.0743606171214002,-0.0770007338491526,-0.0988087070467096,-0.0893923120661431,-0.0658935649424696,-0.051152518252346,-0.088996694187035,-0.0341068811132679,-0.0753982089338845,-0.0681722259234779,-0.109637590646509,-0.0442506268139397,-0.072521803962934,-0.0857057735413684,-0.0627513505184502,-0.0744547615415689,-0.0691112694199074,-0.0149734620630809,-0.0780902917028604,-0.00101321419844049,-0.0709292690198164
"UI10-00096-Undine",-0.000000000570255538959182,-0.0721777058240981,-0.0707688665119887,-0.0366550372399243,-0.0407639059986373,-0.102792498503802,-0.0395722678047709,-0.0715549883334372,-0.0235217330089488,-0.0649083557207347,-0.0527481243014499,-0.0343467994786448,-0.0709230191942625,-0.04140740191876,-0.0636368491016027,-0.0562884685478697,-0.0609360178414416,-0.0895147599881981,-0.0399779706997656,-0.0585461499549874,-0.0974074011874799,-0.0721255964438128,-0.0282729170917577,-0.127605486402449,-0.0918075445048842,-0.0457512161753907,-0.0745555328286533,-0.061033000259481,-0.0973312618478767,-0.059332061053196,-0.070778496492995,-0.13068260992454,-0.0647511974357315,-0.0303218632898395,-0.0926390642709451,-0.0159605115576239,-0.0625328354944716,-0.0554944389079296,-0.0583920426952298,-0.142993905107968,-0.076464527119702,-0.0686485660464532,-0.039713362890809,-0.0696436049199549,-0.0786290494983978,-0.0963887114949012,-0.0858360365981587,-0.0657205091630429,-0.0819390561261639,-0.0577220749703162,-0.0331733692637831,-0.0677385786231313,-0.0522009088650347,-0.0405541824597317,-0.0684539323914058,-0.04485425678937,-0.0389977035748767,-0.0606760951767637,-0.0407190459311347,-0.0599360616877625,-0.107508877552183,-0.0455409242984367,-0.0867212658344313,-0.0466241390671403,-0.0571321197549919,-0.0660723543601532,-0.0542609748945937,-0.0795786115588867,-0.0635411586950134,-0.0954444667662074,-0.0238465339253403,-0.0330790612556672,-0.058759210863942,-0.0791734890056129,-0.127312427619391,-0.0868574131289204,-0.0380590763481693,-0.0584183342097918,-0.000000000121118906880408,-0.0753222826117288,-0.0666973802171918,-0.0780076056539198,-0.0422825936336038,-0.11229114075334,-0.0829304865708419,-0.0556050493221668,-0.0481385114812689,-0.0593125680849738,-0.0708219920316527,-0.0866519926002645,-0.0354877643875957,-0.089605995280813,-0.0592937232210168,-0.091779238816036,-0.0787940713676822,-0.102486958515829,-0.0831235798510608,-0.0403308843792514,-0.0982981201222179,-0.0188972030994496
"UI10-00097-Variegatus",-0.172171327811054,-0.16823543880692,-0.120837255252094,-0.163570763478029,-0.207252886576748,-0.174312756318862,-0.206814998127755,-0.214198217649887,-0.144801882503788,-0.123649563826344,-0.181182487730438,-0.197502337904293,-0.145757076913047,-0.118596556469907,-0.115339645828295,-0.158565795286329,-0.163129892825486,-0.080441221182423,-0.195700258317437,-0.197565356669626,-0.166503753798542,-0.319097587412205,-0.153603465095133,-0.211723842476037,-0.19639560883057,-0.17123840621487,-0.179662844303452,-0.15120044047904,-0.153223808354015,-0.167229020737834,-0.229030985522124,-0.1384119547155,-0.181462055657012,-0.153203813497472,-0.142837525521445,-0.202790747744805,-0.145616707867261,-0.350612323214223,-0.153154883115179,-0.1720675590045,-0.0808174004361032,-0.24382025091177,-0.000000000950944859211157,-0.18905825792592,-0.152488246235346,-0.206335086915514,-0.171584516679822,-0.159201736794028,-0.186618956938073,-0.000000000356983512717108,-0.0593272433269737,-0.0323060883997068,-0.286971943141398,-0.197575951037996,-0.158720498011104,-0.177749096685875,-0.162161681826481,-0.207125880810712,-0.259668914821552,-0.139782214519922,-0.137009823610058,-0.31191476051457,-0.169164524626288,-0.16902464054513,-0.16406733021407,-0.22656733215752,-0.199478863507533,-0.117438507221556,-0.231474701246244,0.0618379571521147,-0.000000000978918452523635,-0.189588241610359,-0.155165725061052,-0.203536434561443,-0.0718417522515624,-0.232768384648717,-0.177948555894559,-0.175000002741111,-0.000000000495630965711369,-0.146165339475516,-0.191503069491128,-0.173601310769883,-0.103081951531457,-0.221238107690755,-0.175321611549982,-0.157633189755389,-0.182391097206149,-0.14915867529047,-0.198105402644657,-0.184589022554778,-0.263401470622045,-0.151645201629022,-0.147940396558976,-0.0837955425306751,-0.183413054278216,-0.200616706621086,-0.279068421337535,-0.0969564634731453,-0.156744772667709,-0.161096587551707
"UI10-00099-Wetterfahne",0.153940403304777,0.235269548623578,0.212259461484193,0.191342024568988,0.229740386657115,0.194272524170509,0.236441609344389,0.143827227251384,0.202187608176066,0.15177052583676,0.146297471931136,0.166550428235593,0.136499579348125,0.242935159785722,0.121744079176691,0.135632268891443,0.230710026838009,0.185644961906776,0.153895409500197,0.183668614013194,0.164738231101616,0.156857243422377,0.141248167565855,0.243481070919207,0.180488002918261,0.24966981809442,0.136385269971104,0.218472076998531,0.133490612552872,0.213362245610275,0.178434363183972,0.17082571820742,0.157443176054815,0.164417573518014,0.185056098783995,0.266174938902754,0.171299285680801,0.146466089146266,0.187226271440785,0.180134608415155,0.110651842506088,0.196067957381218,0.197093041964304,0.19039610348556,0.13508720151772,0.138734688308022,0.163512248561935,0.159665560129045,0.149145226869319,0.23051282139787,0.14138251733691,0.165012679993224,0.207942752845795,0.171366217938471,0.140708992655698,0.142940068790769,0.169261593800366,0.171972805176869,0.18658257315162,0.17444660562612,0.000000000357497063313656,0.124897127620126,0.190750481414967,0.200812849755911,0.183276060918478,0.129346800694141,0.260243049057021,0.176424381472943,0.247656955735949,0.132279147985792,0.20000191882752,0.22551595626075,0.170949290796607,0.0683099751910805,0.232079237924591,0.185443743280717,0.146778970588222,0.158261649472081,0.19891758051199,0.190647819284131,0.182561338925321,0.166354976772435,0.112844821434951,0.170951088144565,0.142210546162152,0.195469383429156,0.193153922513145,0.17156576164478,0.146345900693832,0.149688053528573,0.166395041010929,0.152691296128053,0.0809168166064003,0.193090610114219,0.169219083860953,0.144840251150692,0.223845654658819,0.196642936341303,0.1600176851638,0.169411266368563
"UI10-00101-Yaku-Jima-Dwarf",-0.00000000133316809771563,-0.514572914924954,-0.633282430734891,-0.598477279478196,-0.546992673123614,-0.588579974135216,-0.646301526992515,-0.496839628211459,-0.624835346944007,-0.604238666861224,-0.428397947933875,-0.565051365544605,-0.491844841443692,-0.566311750283521,-0.188022490473624,-0.691274490372629,-0.589805778159881,-0.624025883549289,-0.566460166194878,-0.00000000110739405184751,-0.614688630664178,-0.574427070190964,-0.565587824659309,-0.670950583528489,-0.544813893758808,-0.662004172793233,-0.00000000124011971866317,-0.00000000150847721523035,-0.337113296269113,-0.551538764223206,-0.653619527379908,-0.501702740370248,-0.435496928402379,-0.383740710765275,-0.519441930384821,-0.608214934454441,-0.600139514653612,-0.555269109712975,-0.591029355253787,-0.639727323646989,-0.623729525443898,-0.597359100746473,-0.00000000150938337789155,-0.614293193884242,-0.503280389390671,-0.584148707004478,-0.704634502032313,-0.506319119786928,-0.519545197329408,-0.503143280323505,-0.575640313008402,-0.474025346510978,-0.408332243745779,-0.605323697064422,-0.583741283653019,-0.518121170802062,-0.604733171924547,-0.58556242790052,-0.000000000987635782758232,-0.599668826437795,-0.000000000903654788406156,-0.654753093794827,-0.593111793359274,-0.639489736488986,-0.664648392896105,-0.522486107361423,-0.551683422454735,-0.628279592325921,-0.668219431467178,-0.636465879900729,-0.633213313526835,-0.547922209962272,-0.56550652171629,-0.561211488625704,-0.319696075175336,-0.355186949774451,-0.539891609995312,-0.50885490766645,-0.59334762360727,-0.385288185273211,-0.552425943543928,-0.598794481182571,-0.524804734732359,-0.00000000100240405308449,-0.643841199989732,-0.575545408744135,-0.583921151190145,-0.594337889913581,-0.61962067270277,-0.608038236277774,-0.518277761696723,-0.532251835693508,-0.591849100364392,-0.60590443842428,-0.595336243056484,-0.435390223175657,-0.569068671462683,-0.592797498782204,-0.600134633424228,-0.583516219534903
"UI10-00102-Zebrinus",0.0322865211814995,0.0901607823820264,0.0524577557565036,-0.000553619455164602,-0.00768027589420751,0.0246253142635944,0.0911011896426662,0.110018080683022,0.0984707609397187,0.0217831068958318,0.0311069936135661,0.0683246007095025,-0.0121530015657937,0.0124256513770906,-0.0318445935543186,0.0000000000784285410130741,0.00964075742336211,0.0710155083108016,0.0878700219750296,0.0152636863009201,0.0197779713005388,0.0377257666007525,0.0078640525830516,0.0104343703018169,0.0542809994851904,0.0479802767415477,0.0796976176809604,0.0524495662149017,0.0693942428369828,0.00910247640941922,0.00671848999163674,0.0812856504558653,0.00589490602019101,0.0643819327458877,0.0284236847706424,0.0243897958501499,0.0303781912034586,-0.00501218304147118,0.0303094912092409,0.0179454702281131,0.0230294389766377,0.0643840069482461,0.0614635279367412,0.0616538295306973,0.113780764775664,-0.0199836922548583,-0.0106554467597579,0.0387306627501769,-0.0113162145576244,0.075542941742421,0.0421319903946536,0.0702063912501364,0.049748440319351,0.0749695471325943,0.0290250040486452,0.0143362436346495,0.144590033734979,0.0527683129861174,0.000000000143443286828107,0.0319281551173388,0.0570424413810906,-0.022074481927363,0.0324933439680465,0.000000000344781993836264,0.0585585019631197,0.042883442796121,0.0258521913633716,0.0631535449699979,0.0360905444217918,0.0561218370804306,0.0505637483191634,-0.0354063518427122,0.0596939048763439,0.0672159837186654,0.00435245999902999,0.0486086398638098,0.0814472588908284,-0.0405707575118512,0.000000000318333495254139,0.0475135065248838,0.0312583798142209,-0.00474472994304111,0.0670884376548569,0.137544621658202,0.0157201659523355,-0.0163880604169873,0.0409876074303039,0.0358848831979378,0.0793609643327537,0.031648187102747,0.0159942572129663,0.0327895239074383,0.0492719356360167,0.0443291310482624,0.0243488248153384,0.0268207792580326,0.0583783612678627,0.0927551317804591,0.0625070553622023,0.0330591915839763
"UI10-00104-Zwergzebra",-0.0604148533540406,0.00523450166657672,-0.0259144969167091,-0.0581299839546201,-0.00938058504648592,-0.000000000108739800824859,-0.0237002172127057,-0.0303963860636893,-0.0123216786810623,-0.0167883619874506,-0.00366068627169877,-0.000000000116206698199582,-0.0262249032125348,-0.0276382594169684,-0.0174924939964904,0.000236019218701629,-0.0100431093967766,-0.00386785689055956,-0.0183489892386385,-0.0181413098829351,-0.0395391798392401,-0.0188861907647304,-0.0291300662954692,-0.000877369047081251,0.0491519246092411,-0.0103851095561968,-0.000000000255790075062448,-0.0713404654032983,-0.0173773396110932,-0.0154502130464604,-0.0133263068303585,-0.00948530678663116,-0.0265043072538761,-0.020572922209462,-0.00232947452725129,-0.00971796702879425,-0.0164128563642039,-0.0200834854201959,0.0037812020804088,-0.0047876272324798,0.0521954931710336,0.0547206449102794,-0.0157351293316414,0.0540268328820176,-0.0401255832470816,-0.0449684333517516,-0.00814107273526587,0.0024510161339284,-0.00651277250424664,-0.0209082621816119,-0.0139120678699302,0.0493888501310039,-0.0198031787846179,-0.0130032839131936,0.0604761123796156,-0.00554779233472105,0.00417478710693791,-0.016016307763672,-0.0138289396043277,-0.00708120801554249,-0.0127274704322011,-0.0156730171077268,-0.0105339720984545,-0.0388629129000947,-0.01929588212083,-0.00649993604216664,-0.0189681654295184,-0.00650132947023488,-0.0166698155009757,-0.0193335798511247,0.0691539237801552,-0.0299248579587387,-0.0437137064212373,-0.0157935576728711,0.00490291403897397,-0.0647557217540561,-0.00918044115652858,-0.0319282767983153,-0.0391079234064478,0.00154126580283059,-0.00935064449318255,-0.0205582408794092,0.00031192653133008,-0.000000000165752610415957,-0.0321863886162702,-0.0107217371528618,-0.00532595852837107,-0.0083035336832679,-0.0427652372370994,-0.00907241064044837,-0.0232067683088426,-0.0117676294290585,-0.0364231370603717,-0.0153705978123733,-0.0128771960637182,-0.0155127976652847,-0.0204211823484559,0.0785630123357312,-0.0166474864272157,-0.00381215395931036
"UI10-00106-transmorrisonensis",0.119943667716044,0.132128991887923,0.111381265797297,0.125402247197412,0.11445217510322,0.126304491787707,0.0979188675799396,0.0593814851927845,0.123872759674039,0.143575498243946,0.128537240011699,0.12468235154662,0.129112943033903,0.134366272048979,0.063452210364487,0.115139586399438,0.0975113902744925,0.0761855712060514,0.103006359517926,0.0953277907093068,0.125209320991728,0.152576107795246,0.0903982609862765,0.126617562269063,0.112365134029029,0.0498911387513555,0.00000000039441026291618,0.000000000390284175299897,0.137164104731437,0.0796568469571176,0.126310841518832,0.132976842862824,0.117734006347782,0.100506524409124,0.0774264344498103,0.0646313436302181,0.0786144828145412,0.128432710109209,0.106749111667277,0.124541387537142,0.0938124345671258,0.108007967565954,0.0855096728965881,0.110061143105786,0.113797040346608,0.0913667347354515,0.117580217653223,0.0969277010529839,0.089244118230757,0.117875243032086,0.114403650251375,0.094747584203741,0.123058606484817,0.106903171738089,0.113800147629109,0.1384364749602,0.0853873731028282,0.000000000268422641987177,0.121958773694765,0.108389099338298,0.0713391003831176,0.0735217666474294,0.118859229130259,0.110666424921662,0.153147223052289,0.0519723942036114,0.0800602362318368,0.0782210177878697,0.115591742521222,0.0672946716957841,0.000000000421663486699902,0.0952013782325951,0.100527321145264,0.100185333690736,0.111987533965666,0.133188327466185,0.0843824366371592,0.120880152544592,0.124062353049696,0.127053553400336,0.0845488033659032,0.111263989465036,0.107118246188621,0.07985810971808,0.0879612558113425,0.0464161939757653,0.124711815987162,0.117760387910419,0.104161880585295,0.116315052946493,0.114196979514948,0.162131182501583,0.0938930711041517,0.143029682755324,0.109249742840295,0.104613447303815,0.110795018151674,0.122862002460288,0.144438486853021,0.151081521068213
"UI11-00009-Positano",0.0464835357130196,-0.00470513663881236,0.0174562758695809,0.0860880100846934,0.0547223477220072,-0.0499111053002341,0.0751239048765136,-0.0684811229968467,0.0624401681443741,0.0338903464267404,0.0473601000516896,0.0904847649068146,0.0155444306924532,0.0498789769659305,0.0373176369932423,0.0193192371691145,0.0396291103966145,0.0457420834616503,0.0921146184493095,-0.0515726208632545,0.00769235909000007,0.0493485152023281,0.00540971965318432,0.0679645538210766,-0.0128803083311145,0.0384702921866719,0.0406513412096758,-0.0856142104865716,0.0295348231120799,0.0596964198612092,-0.00483913622066862,0.0825573919976824,0.0187189159408849,-0.0551516030562081,-0.0124277608932025,0.0310988777245114,0.0119409211495364,-0.00113897106753032,0.0792301099271339,0.0312063464941598,0.0716706612315308,0.113496963850809,-0.055363539849754,0.124905572371228,0.0275793114976672,-0.00272644488616142,0.0473306534302272,0.0213428157509362,-0.000000000152693372354698,0.0520045584330193,0.0883166800329719,0.000645014827617019,-0.01004378253689,0.053294333866095,0.0547270343111953,0.0346055538407956,0.0437379460640386,0.0065475294079531,0.0613780919695508,0.0334083815269432,0.0290467379592055,0.000991459131946348,0.125679442657019,0.0423110834519818,0.0428012789573819,0.0819233813582525,0.0469698456272899,0.0211943864126508,0.0465713049370035,0.0446216958861367,0.0390703722906562,0.0501496668108267,0.0156214219793108,0.0159144973331256,0.0248002244388066,0.0210542437705408,0.0424578271275249,0.0401182238096335,0.00383944758276775,0.0615488117230238,-0.0383956243020054,0.0498903555082904,0.0156545820526466,-0.0240922374260504,0.0713122310070771,0.0618368014424242,0.0376658011250626,0.0490337132415449,0.0802565065851876,0.0648580848690329,0.0524706111323244,0.0247110964986031,0.0155070621994144,0.0597700359900575,0.0118666650849797,0.00709112447378411,0.0120712381200243,0.0209406729716608,0.0286975116845354,0.0183583584685114
"UI11-00024-Flamingo",-0.0363718771527639,-0.0436671612822023,-0.0195486076601072,-0.049943727438547,-0.0578276722575933,-0.123790571792455,-0.0270744170916398,-0.0339867694047082,-0.0114318353058024,-0.0633869008918476,-0.0448382500760922,-0.0143260992705489,-0.110752898397082,-0.0278668093849345,-0.0200612232987971,-0.0122945258746027,-0.104776235837158,-0.052799276610958,-0.0235178411461066,-0.0303872033347775,-0.033319768851411,-0.0302992002689106,-0.0228905166735406,-0.0400565213033267,-0.0377361171883306,-0.0307292557674731,-0.119466553555911,0.0266791158565281,-0.0390287628348444,-0.0390542798473676,-0.0385366362054018,-0.0422686133845829,-0.003192525762615,-0.0360808309912463,-0.0173429969698013,-0.0271514295169737,-0.0236491348754665,-0.0319395116940206,-0.0288394785980584,-0.0316310237250271,-0.0288681155719996,0.00934875261291187,-0.0195827283029055,-0.0432161107822967,-0.0180667196931823,-0.0838949335414667,-0.0429747921602557,0.0447610840772462,-0.0267430154243644,-0.0000000000786154863240442,-0.0216600160387541,-0.0447851333220062,-0.0223575558439888,-0.00730419100001115,-0.0173782730536086,-0.0328139936921777,-0.0358122332776366,-0.0373023464194087,-0.0486030010977832,0.0000000000412400127441617,-0.00614018886993277,-0.0313169159499314,-0.0472287065825113,-0.0318212290589069,-0.0644458840796835,-0.0113660917208454,-0.0693989506532114,-0.0389239870195745,-0.00592001854414824,-0.0578663558976463,0.0164486715044169,-0.0573447288569404,-0.0569789168925022,0.0159747048561498,-0.00630067769710395,-0.00812187555267213,-0.0188204798870794,-0.081977310109442,0.0435579341299786,-0.0118328457181099,-0.0430069535353511,-0.0389602160625443,0.0042961556371976,-0.0289403501827756,-0.0323500461953582,0.0178991811971986,-0.0367743503538131,-0.00416543673746982,-0.0185405688796571,-0.0159655018483614,-0.0160428942189962,-0.0470259459958678,-0.0109773842682722,-0.0464772638756824,-0.00726573606352626,-0.0528065972341671,-0.0226999264969913,-0.0948434080711593,-0.0290539128770399,-0.0247640204353749
"UI12-00001-Zwergelefant",0.00874210959925405,0.00680088803937132,0.0296643848973213,0.0156929070711718,0.00819193810281606,0.025400935045935,0.0332382572322503,0.0284727452980077,0.0235693333218281,0.0318858036720005,0.0102408305008995,0.0403721414973292,0.0309580220360019,0.0267313403605259,0.0239573765868865,-0.000000000101289304367267,0.0237268216501046,0.0295221668017494,0.0206266129423849,0.0337528730871887,0.00434601061395757,0.0294962114126989,0.0408149629265288,0.0506851765457934,0.0540168121113932,0.0353138561473516,0.0347121201662907,0.0300111255199748,0.0423268047893,-0.00444940372906207,0.028561393687248,0.0289141270522079,0.029761656791326,0.0158940620747919,0.0334311198727005,0.0114791204396261,0.0222144246173921,-0.0082155036959723,0.00959142177432461,0.018464572618471,0.0619231070400206,0.0633978294216534,0.0268134963014483,0.0674947583041505,0.0115410576898228,0.0310007982743246,0.000628548051666842,0.0142237672294817,0.0364545218855186,0.0445908408073237,0.0183661156536494,0.0569638143551039,0.0431370404465535,0.0337679888453526,0.0666021100297312,0.0237920523357311,0.0311555937928352,0.0107167015330756,0.022999125998947,0.000405186323294912,0.0203470422939292,0.0434120562895715,0.0441755381592062,0.034135515587027,0.0278866137171888,0.0378630421635715,0.0265092858501921,0.0428008782088751,0.02548566809107,0.00734990702524049,0.078601977432158,0.0504895691103242,0.0442242758896411,0.0209771905974128,0.0164770239222825,0.0396750705875908,0.0231119541205363,0.0221734414596862,0.00869750040777741,0.0191436955830043,-0.00829808425945094,0.0344201491084539,0.0184338103010605,0.0262709985249833,0.0298658565541638,0.00368837062927766,0.0200504316020503,0.00532474603323893,-0.00698762604141577,0.0142485715943177,0.0424086038919957,-0.00774757523749415,0.0524259715799175,0.0173762819326613,0.0560578398769592,0.0421249752060674,0.0276244503953991,0.0887958406950227,0.0170922966577827,0.0279853994084872
"UI12-00002-Malepartus",-0.0215192258163799,-0.0962990442193262,-0.121150021566615,-0.104171775468142,-0.0782608285276028,-0.110168276623705,-0.0855779013581772,-0.129858665951756,-0.0953507435794467,-0.0632567757222122,-0.0730797741621037,-0.000000000273744390935753,-0.0817484707049235,-0.00335199347087841,-0.0735798901377458,-0.0946821139423053,-0.141731514815293,-0.0120912607625108,-0.0710092447121921,-0.107591747454395,-0.0677514099738031,-0.101790339425884,-0.0617301544596267,-0.0736985845464224,-0.0558718413659455,-0.0972485489382075,-0.107726886743669,-0.0578840933094494,-0.0927318389488167,-0.0497862590486937,-0.138378249616935,-0.0335345554014663,-0.0124474562422402,-0.0636171896270673,-0.0482772475757933,-0.0669631544342565,-0.0990003569442648,-0.0694203182908041,-0.0809952935816704,-0.0200738473398472,-0.0908404373554653,-0.0794988665115505,-0.000000000353293300769133,-0.0894969959764175,-0.0536153981150236,-0.0501607528954843,-0.0709046141279676,-0.078139205087101,-0.0887563499618205,-0.0378024180212311,-0.0920912034009075,-0.0665146733980513,-0.105818055549277,-0.0624104215919803,-0.0735580841985499,-0.0627646027668187,-0.110857108619749,-0.092010614165779,-0.0937521536003059,-0.0767250484031607,-0.0180620286499104,-0.0852914034671513,-0.13532617961582,-0.0519015973196959,-0.0536930380565957,-0.0709840840920149,-0.0701443951386632,-0.0892908999050964,-0.0502278601197347,-0.0845106177815695,-0.0959860126430167,-0.0982858986585524,-0.0311519322912664,-0.0603834689417831,-0.0643672518903499,-0.0749612429882498,-0.0713333383831924,-0.0505484559820619,-0.0245546416447931,-0.0404287303699025,-0.0789848262466725,-0.0879241793320952,-0.0788618851442835,-0.0736962381754575,-0.095553329621235,-0.05474261316965,-0.104424185834001,-0.0813783750248817,-0.038846885326747,-0.0373984572896528,-0.0531814691642353,-0.0463093194103126,-0.0395005814105184,-0.0247126788978271,-0.0965624905561197,-0.0548370001542615,-0.0651049926114449,-0.108750627846591,-0.0529253767737923,-0.0953422711939124
