"","predValues","predValues","predValues","predValues","predValues","predValues","predValues","predValues","predValues","predValues","predValues","predValues","predValues","predValues","predValues","predValues","predValues","predValues","predValues","predValues","predValues","predValues","predValues","predValues","predValues","predValues","predValues","predValues","predValues","predValues","predValues","predValues","predValues","predValues","predValues","predValues","predValues","predValues","predValues","predValues","predValues","predValues","predValues","predValues","predValues","predValues","predValues","predValues","predValues","predValues","predValues","predValues","predValues","predValues","predValues","predValues","predValues","predValues","predValues","predValues","predValues","predValues","predValues","predValues","predValues","predValues","predValues","predValues","predValues","predValues","predValues","predValues","predValues","predValues","predValues","predValues","predValues","predValues","predValues","predValues","predValues","predValues","predValues","predValues","predValues","predValues","predValues","predValues","predValues","predValues","predValues","predValues","predValues","predValues","predValues","predValues","predValues","predValues","predValues","predValues"
"DC-2010-001-A",0.273272481755704,0.22853775628761,0.267134672117224,0.102863373165115,0.218576553809013,0.138490542134623,0.185121456247442,0.281713931604598,0.396252965780545,0.116852702859171,0.264751098511783,0.220607305003981,0.296579431309229,0.193619370691199,0.22032358648033,0.220220353716054,0.291507470067144,0.230946999295121,0.256517354891434,0.316776304590879,0.261714190089278,0.148485017524344,0.217601817777861,0.186666540663998,0.268016401732462,0.16531170594303,0.417830362901379,0.273069418103849,0.14530162455377,0.252807306931815,0.20446423689979,0.212437916414146,0.148079026135046,0.09283387451082,0.242423402420022,0.273477150739492,0.113355573446603,0.171295650107172,0.251094432295593,0.156801435314508,0.17182550167267,0.198079535447555,0.292053425541778,0.240081524530422,0.257373737303662,0.192090927430362,0.169659534317403,0.214765996907831,0.337804204849707,0.235305742371407,0.175635195937456,0.206171475090555,0.267707831257986,0.207755581007945,0.180635590929011,0.287872083877558,0.250990544926886,0.203603441014818,0.305238275523544,0.175182279761895,0.159255380600029,0.0969772687535537,0.277254039414847,0.0965967060760048,0.272339941565392,0.261742537992932,0.269338056883726,0.1731676686461,0.0845368061143795,0.19407660543252,0.191957762861364,0.218985927290788,0.208751984165095,0.284504874921128,0.1966270056786,0.188970500174658,0.141551561178454,0.209627118352957,0.301792367575138,0.322637550104035,0.194012575966383,0.196286100111361,0.207084300936435,0.155529148115746,0.19360094911777,0.27862811726609,0.23128698649778,0.276095923353173,0.327204503604113,0.154424859039425,0.317329313638787,0.22812671731167,0.170264896820829,0.230792051600316,0.183985117046631,0.219651508201766,0.186456257053722,0.243944303391838,0.185841294353843,0.249625795614535
"DC-2010-001-E",-0.0524751312786228,0.0860465915983852,-0.088358367024055,0.0543908575032401,-0.155888147450343,-0.0218891385163944,0.0776289485248476,-0.0578820745362057,0.217498873514668,-0.00352965882942553,0.177174603031964,0.214803145376702,-0.0442130411987998,-0.0537369825706883,0.0300737355805335,0.0649333811545328,0.0882467138940924,0.00298850486622887,0.00527683889548223,0.0452254029629943,0.356468377171626,-0.0708459948966204,0.0605649101972542,0.0718102568111006,0.112254321308363,-0.0667102354598571,0.221324469020186,0.220649966860232,-0.0294787066819726,0.0922720674390348,-0.041118108004759,0.00927253335954109,-0.0305113554693731,0.0609737900594246,0.0934627389962463,0.145327913100031,0.0141137070328095,0.0457424855775489,0.074490231517265,0.102596492479199,0.031199332059864,0.0584265368168952,0.205954291140247,-0.0146929736831988,-0.193070037235828,0.0837366901110861,0.134335154071229,-0.00302124260039521,0.279350404452075,0.0596551872171386,-0.0378348154612578,0.0534151058481826,0.109238544066369,0.112926986973245,0.0854522922738015,0.234426097600397,0.129431125107502,0.0530205053708577,-0.0346102221771108,0.0495446971394918,0.000771276785423339,0.00446471127580465,0.0335728218520564,-0.00656271856554166,0.128798046476364,-0.0645949874097315,0.018026135356066,0.0694419345367053,0.103500459811893,-0.0108410010823178,0.142582197904576,0.080342453675402,0.0850989828095566,0.0247399805964678,-0.0561532563132132,0.0246907150693178,0.0197866012562956,0.0562198559646148,-0.176002259216379,0.302645722182993,-0.0394914538272959,0.10313009140631,0.0517999551583993,-0.00329655808653247,0.0616239503791359,0.0886182753046054,-0.013155872052198,0.0189157305923973,0.0729094154331981,-0.0201109463191431,-0.00695530923345625,0.0134279137448163,-0.0342969158901996,-0.048007927739858,-0.0753969117583651,0.0143069044035895,-0.0232593391122819,0.0279335048471588,0.0600812998697267,0.00288487770826121
"KY-2009-001-B20-e",-0.00832648287100109,-0.114030655113185,-0.0774646785757274,-0.0975780476299996,-0.0691446029982076,0.257397442115967,-0.0561438151371823,-0.0461163964275485,0.0259827968706576,-0.0191640207774075,-0.129691313899647,-0.107712163026133,-0.0620645003538903,-0.111273142230813,-0.0402300008727461,-0.0970143367577918,-0.0873312701942985,0.068626050487231,-0.0596739184360971,-0.111165827505923,-0.0117062742762277,-0.0221393037594445,-0.0775852932387023,-0.0682714514288823,-0.0625942230932271,-0.0833415278746147,0.144872440302268,0.315401091737559,-0.0361287190309053,-0.0403914153217522,-0.0300078420912674,-0.0930399343974556,-0.126328279204226,-0.0615870649524217,-0.028430875474842,-0.146483520753644,0.193870894022996,-0.0889975655870993,-0.0717461962205108,-0.0930159146728139,-0.0385449024204396,-0.0885531318036759,-0.0205394714074247,0.224788192683834,-0.0974885545219264,0.012288029372644,-0.150064825044949,-0.0736969622315361,-0.0420549350495373,-0.0270049750514723,-0.113203739676038,-0.0576329500437458,-0.167193900782587,-0.0756840712512154,-0.0987075784595183,-0.0150506451796083,-0.0889596828117581,-0.174567270562273,0.0331224846137012,-0.0233090521782679,-0.214964372833602,0.341651757892484,-0.0334717584370368,0.252144416731008,-0.14310407892698,-0.0847683489805939,0.0216900324965679,-0.0837192588885023,-0.0189824428609713,-0.132393823936784,-0.0677137462191766,0.208701160716108,-0.0792346420678423,-0.102494046423375,-0.17750327525881,-0.130722407234112,0.287091225659499,0.224493403931181,-0.0720754243140296,-0.0563765958893033,-0.0712353996891903,-0.00858844724652695,-0.0626131513193643,-0.0365157399342548,0.0104500303189614,-0.0786290888242232,-0.0923900907995947,-0.12080200965707,0.0147340862248773,-0.0980576328027592,-0.00356371054798898,-0.11865549149428,-0.0794532052159745,-0.00849780863136224,0.0298166714058952,-0.0735306531834579,-0.044247756025156,-0.0675420314359927,0.25786515062183,0.278269678072128
"KY-2009-001-C",1.0878356523123,1.22786291848051,0.998806564962021,1.50120131916691,1.0869687990403,1.11051513973324,1.11308492665227,1.21321286788833,0.803016707687989,1.21803313423781,1.36443460913643,0.551268080433427,1.12560096355452,1.28858866611528,1.04406545107278,0.899229359219629,1.1174928893361,1.19339015596788,1.17168695730862,0.888158360876983,1.270787238931,1.12424450445689,0.991674447632624,1.35347890675162,1.11730210208597,0.506904111332136,1.01224879662169,1.33851301029107,1.00098809702079,1.26042968744543,0.595386849471295,1.23534223462187,1.24362409985302,1.69306336633035,1.15937597076504,1.290955017874,1.02795839055016,1.19055184242974,0.273574693901427,1.18826253059236,1.34091677460853,1.22476651426222,0.459611639270748,1.1502574998892,1.08410598059951,1.11773394135392,0.350170498879179,1.03775728764194,1.45456851958787,1.45776082141372,1.07876697876975,1.14606430316997,0.486900832000505,1.1923185978401,0.427282514820242,1.02580281302632,1.25389059752655,0.935254808278619,1.15980408333546,0.255135657135844,1.16404015171085,1.46055861928838,1.27359631843037,1.16285587479148,1.08683525474829,1.19468111965596,0.744934291330331,1.34622469589816,0.440392567946227,1.34731472970913,0.860133480760033,1.39172189971331,1.47639057623446,1.10220689936566,1.31883869221428,1.02243662978299,1.21210809960936,1.36728755615382,1.19162316051764,1.50363092882267,1.50672792337254,1.1000259704034,1.07980416687336,1.23869722555143,1.35262447628349,1.24440505875883,1.13305491094003,1.17365462589766,1.14889500732308,1.18174893809141,1.24450740342031,1.16070415157383,1.11346056062307,1.05070879225113,1.28187387502268,1.10605189915831,1.38713688010158,1.00105392442001,1.36486336944602,1.24572523197321
"KY-2009-001-D",0.500573822157016,0.310920433496146,0.44123650611478,0.575231296740734,0.456387793918887,0.373254806413468,0.43464777903347,0.509991040718989,0.695598735407592,0.453390795248017,0.379100140829416,0.554323448544422,0.484466712185106,0.375522805620872,0.34644080307739,0.381299258341404,0.311616193769911,0.611002944509638,0.447414360501535,0.562457613190857,0.555888405504832,0.561839385019092,0.453185705199521,0.0449699463477073,0.565659115294671,0.535604396124486,0.370115359751744,0.41081971716886,0.4857765316063,0.452245286860778,0.600266592673824,0.441204685483844,0.560711749005032,0.451534146552406,0.429559310291282,0.438231967140952,0.420521431239279,0.555593604821211,0.437707985768977,0.454785367319056,0.455764913634744,-0.000790647006011252,0.564403680233313,0.531566838610689,0.567726417306001,0.509189749135757,0.45492313794795,0.367704713568593,0.369378902733257,0.471357389530115,0.266260984162,0.344250580240705,0.545502014730734,0.557970309521454,0.479412605655628,0.305342585903914,0.413547561792611,0.456612777496587,0.647849674409958,0.50884235813282,0.475047953362471,0.417360821024835,0.516049875495384,0.435909611119048,0.480885545175067,0.509327080854107,0.383726908087533,0.528316148916457,0.438049379190546,0.483979293739593,0.429193462282763,0.254530901504687,0.416296896461983,0.508552203296065,-0.122658752900648,0.46839486724465,0.484590794763947,0.552360690668996,0.489591216472941,0.423708625816438,0.368808340764378,0.723756356679766,0.0533491286320617,0.477191537048149,0.506652647964372,0.372579997780107,0.47979414011197,0.45097656068257,0.455891493603674,0.493043005594233,0.553212031594641,0.377508847093721,0.468056422372814,0.439529175947551,0.476806024913646,0.447456013725537,0.411760359248668,0.575313459128763,0.42409209563206,0.49478123886325
"NC-2010-001-009",-0.168924715241989,-0.259869158560481,-0.236299991501736,-0.23168005792626,-0.142811650280553,-0.23304663575018,-0.20311232540986,-0.275560896781829,-0.172681111708691,-0.262580699779108,-0.227755320255799,-0.19530345368492,-0.207810185824224,-0.248079462777423,-0.370358887417224,-0.150896255126102,-0.157732983995137,-0.278684045356035,-0.212003410289309,-0.188558265602352,-0.155362546464797,-0.224887930868994,-0.226670496579568,-0.26829810002618,-0.245131287988161,-0.205871979703893,-0.333510252298336,-0.255047328879697,-0.202008487313326,-0.242465234245263,-0.231168391342352,-0.23150364416203,-0.236924988445992,-0.237126795751079,-0.25518337428925,-0.220485018273352,-0.295304009753215,-0.238970761694719,-0.208301949939171,-0.172316456301209,-0.167562718075575,-0.188230652565507,-0.167625031078538,-0.187448614333255,-0.140435052559575,-0.290308179193034,-0.104881729269829,-0.194348367098521,-0.284230971337362,-0.269301841969058,-0.226239942144074,-0.115859979565046,-0.21134015403065,-0.244997210395394,-0.135349387012627,-0.278986011837236,-0.203730157820318,-0.239352920382606,-0.24977105962223,-0.0552055714146573,-0.187106178003016,-0.340613402442692,-0.223957378345563,-0.219496554862752,-0.212674884193241,-0.244110280150545,-0.242293411816822,-0.289843447562052,-0.195063059692838,-0.227337015568885,-0.266942024387726,-0.214037651092961,-0.219021851906998,-0.240537107759821,-0.06719736939187,-0.24128979131832,-0.223046942445614,-0.307882841352895,-0.277700541884494,-0.264763805365436,-0.216820997902672,-0.199686253252775,-0.31069235456453,-0.16294476608422,-0.143245509850167,-0.249998331992575,-0.204322485801542,-0.196817785603476,-0.261302004937022,-0.260343567144288,-0.27757451732174,-0.238707283219031,-0.235901787526337,-0.243580463709689,-0.228184828276605,-0.191186120880973,0.00435081076534162,-0.24030220160971,-0.239095906607502,-0.232265942674392
"NC-2010-001-010",-0.171772537757587,-0.0892050236630315,-0.0404844496463863,-0.137228970183741,-0.043223117480873,-0.129059929370619,-0.0189305771446676,-0.10418139596296,-0.0949791390732846,-0.117391171183505,-0.136472159420283,-0.133938765336587,-0.196210604381671,-0.0925477140591435,-0.123226820930672,-0.119793773038436,-0.130550910470828,-0.103004088494518,-0.0854470666929975,-0.0980834544898941,-0.101951504292715,-0.0239103811929908,-0.147234955128663,-0.152986682460309,-0.102469862256235,-0.08493623298055,-0.122319470720255,-0.160011463476404,-0.123755751247045,-0.0608685256439249,-0.023311693737917,-0.132050997384448,-0.119731054837198,-0.0152901705247477,-0.015749182375582,-0.137346814753777,-0.101642711237342,-0.0427378516271876,-0.0462856663564305,-0.18733349238105,-0.0971789656536011,-0.0992124599051788,-0.150402526044628,-0.0601220465300466,-0.0878294709090664,-0.0105528234563259,-0.103587303167484,-0.0806772652376379,-0.0234072843064601,-0.0907516181739409,-0.133245568492262,-0.0704853704021589,-0.0447703230829918,-0.0725599296675774,-0.141602414707967,-0.145765704708767,-0.09151919904079,-0.154953570815457,-0.123068875982505,-0.152645734586407,-0.101585678347538,-0.0516708008107333,-0.094943364243427,-0.13309685427543,-0.101152119352608,-0.0918011216711708,-0.100573629628487,-0.120463404727172,-0.134385738869123,-0.126388800192443,-0.0552843288457321,-0.0242293903812664,-0.0842999762200947,-0.0544450383362791,-0.137076523937583,-0.0225456178107405,-0.104482838005573,-0.0692694224379103,-0.099524140119916,-0.172823334967603,-0.0446158609080884,-0.0908303339655217,-0.0900711321883318,-0.0674408223913117,0.0182800601244459,-0.0963226526579126,-0.143250707199631,-0.0579522203213796,-0.0178784127548301,-0.109423113755629,0.000122762967758185,-0.11002134062009,-0.140445773848293,-0.132264097508554,-0.0108883282537184,-0.084598280139414,-0.0508720830343538,-0.142751934621767,-0.103601133791199,-0.0580831605846973
"NC-2010-001-5-B18-a",-0.109270997705793,0.88664940191698,0.672036489767626,0.605441520376335,0.679382803132114,1.1119524710876,1.24396810306845,0.719477957343387,0.841778467591717,0.98349585686687,0.859702251737633,0.658686004125528,0.969050400243985,0.917538095097588,0.728144298370205,1.3150878915702,0.440799105357565,0.83698562536836,0.829727890652013,0.894665297092773,0.906980517493374,0.795406574260428,0.956398983999206,0.829378895217733,0.865028511187508,0.931732923676166,0.80319640690029,0.860568948911983,0.823904578077556,0.950526259158307,0.660324840405494,1.08274732350848,0.878982981715318,0.947178630847385,0.702565365067297,0.773141850328097,0.632636197342368,0.859470919470354,0.729020105109351,-0.19794872663421,0.705128955674119,0.952136624739803,0.760116305790002,0.795223145009196,0.898307556678188,0.729872141899786,0.908612946686492,0.757105286005264,0.894331888428395,0.840118339831763,0.803763977727026,1.07629703108986,0.79860619622316,0.759864288015395,-0.130107676245186,0.709652752848142,0.818713363917033,0.706564176254805,0.783741286287004,0.770794138990656,1.36002342026058,0.704739236326544,-0.137589014169834,0.816811663470861,0.877438105496199,0.791686616018819,0.978774857057207,0.950136039025884,0.583877588951187,0.966171712274233,0.897657460382413,0.890048091423742,0.917998278951016,0.853979293387065,0.904326514674289,0.907410905964181,1.18325995965486,0.986880024054267,0.830615426083951,0.769902556123679,0.758637361965452,0.882880339418842,0.830490230162782,1.2232524076867,0.999619147758744,0.592535788396296,0.928315014850554,0.58648649306983,0.732280378666024,1.02572703756302,0.694353984674825,0.553630813878965,-0.16951068967338,0.716140202399538,0.774698409816468,0.763395190548704,0.74359098675376,0.662364404323997,0.609925017382942,0.597773539662826
"NC-2010-001-5-C",0.965203168667805,0.531715858700493,0.68583609033826,0.632172754694834,0.661220700559277,0.54816772198389,0.512675245607531,0.669305525952566,0.694878278833884,0.630095751454763,0.530476360923398,0.638796320006777,0.238346034891568,0.986932101581552,0.671436551553888,0.554447736273125,0.873706693963817,0.622865671237556,0.515452828873723,0.638817403536982,0.681329862875495,0.670918669918724,0.740268600263432,0.497864011967884,0.849731351551327,0.5539319462179,0.763067780714112,0.563656034737071,0.887855823389897,0.722092783835192,0.682251504813509,0.479672995394506,0.0382209908252424,0.513836387566926,0.618493120083992,0.641373986537811,0.95776469135267,0.567253048187747,0.100618949532219,0.657077391400609,0.717303884176734,0.135979339764349,0.648800411752858,0.637043476275764,0.570681929724484,0.547393334184176,0.575129923044999,0.579100359635981,0.720611235932014,0.574776085895525,0.699793661994339,0.177999349547326,0.53137446726771,0.793442854801713,0.587273115213637,0.651246203950626,0.637004752548674,0.625090978695386,0.637909182275255,0.593028716132418,0.578208169683545,0.63540058750071,0.668414641515772,0.143483182637498,0.814554977221395,0.655046304986315,0.540616673206161,0.552079467625943,0.693979688943233,0.587227273038265,0.699178414518599,0.615165498313061,0.629739137768156,0.582489935358425,0.493650213295853,0.657387701275244,0.507120584668246,0.572212180972781,0.656957258672493,0.636156654680654,0.933774949028344,0.60956845793823,0.866324910536484,0.657192158577323,0.595137885427346,0.667410137390279,0.630245553227718,0.622265664401938,0.644295782862278,0.70886676419808,0.67938759297498,0.747218852550824,0.696901836277663,0.547404717070972,0.604803236299832,0.543583412949098,0.67777653888036,0.657995956625066,0.566688171630271,0.576252352166137
"NC-2010-001-B",-0.137945192566503,-0.13216571348637,-0.134963724608951,-0.20977438931727,-0.0372776216381706,-0.027820200188479,-0.0359044052535974,-0.14911434839626,-0.067323795313071,-0.0293513144856614,-0.116650456283711,-0.13141305573676,-0.0527035393633943,-0.0206954166679515,-0.00104047747205845,-0.0511655029601695,-0.0995426824539257,-0.152858594932974,-0.0639221100225884,-0.170109553392244,-0.0234286935601289,-0.0300131844412464,-0.154634041602591,-0.108049724924385,-0.07126378960077,-0.264000128012113,-0.033612596799929,-0.0560990929832437,0.00637449006025728,-0.20815405924199,-0.0825434841949343,-0.0990398914992993,-0.118141257368789,-0.0675136692512745,-0.0317722371759808,-0.136166699634487,-0.205103339915643,-0.0995487164205344,0.0128431660589077,-0.062931426096438,-0.0279894245949281,0.029367661721013,-0.121867975717845,-0.188206539507113,-0.0796609190481385,-0.0834091962289742,-0.13588069853348,-0.141185038130496,-0.0340096440398455,-0.0827311694376171,-0.0748184109682675,-0.100854094542783,-0.140372104801132,-0.0954481167619049,-0.19456078152534,-0.153667465483576,-0.118365690615119,-0.18734159916874,-0.138239470730264,-0.0626514822892487,-0.0151868064526348,-0.128188506591798,-0.0519542390571225,-0.134953262956637,-0.107490683640806,-0.0294624979779713,-0.0542314518694115,-0.063679523453387,-0.0153993146565398,-0.18472074406664,-0.078602725120125,-0.0357659407606157,-0.0682791354347661,0.00131536333339639,-0.138375379922305,-0.100320714026696,0.126749104929035,-0.0714028349057907,-0.0777864471215846,0.0371818860151089,-0.0641336673377088,-0.119015469652857,0.00388253916698826,-0.162491667213029,-0.133329623879854,-0.0707305789247894,0.0126560493816638,-0.120149818534256,-0.0430866847259513,-0.061032867992762,-0.0624031656426663,0.0208847108068762,-0.0354880993341362,-0.10648208695793,-0.14623619149263,-0.0362155575096899,-0.031703422229396,0.00936984533534787,-0.0663742311584914,-0.0427287405317241
"NC-2010-001-B44-e",-0.187071623253821,-0.146016190717382,-0.129725901215604,-0.257530446061338,-0.226519852646019,-0.208331251946449,-0.276532106929558,-0.179885381869049,-0.226078359926744,0.228693805623395,-0.25209852854784,-0.205805820790259,-0.221304810851381,-0.161632589434342,-0.277851327048097,-0.225892035192975,-0.167330435515536,-0.187995762018949,-0.180714400162021,-0.21979118464857,0.249234613263767,0.341492213038484,-0.152561320941944,-0.306368737051589,-0.173447663014241,-0.326935894465924,-0.266187937831375,-0.2004443292124,-0.202690973975066,-0.286789725127125,0.247650138472492,-0.156642223134491,-0.193645387847767,-0.253191647856164,-0.19669902101195,-0.357725426141105,-0.20468572617308,-0.136719340377478,-0.184037211487849,-0.124525931572282,-0.219628958332074,-0.234238421557052,0.209911572489898,0.289068571263574,-0.232984103230247,-0.255949537186714,-0.317848852552712,-0.191434062290729,0.371844908015726,-0.144257296973988,-0.273019760007494,0.214321567375119,-0.32078095706508,-0.234679601187012,-0.138401896750008,-0.264961787586105,-0.27029078504135,-0.248267532707876,-0.313553615593122,-0.226287753162629,-0.214061977428315,-0.170854501669296,-0.18172278672518,-0.218102918060181,-0.11469536649479,-0.269461215927039,-0.2665542142622,-0.196140961017727,0.275186596056557,-0.205421334256301,-0.231405485800353,-0.132628491238749,-0.159558877762186,-0.197384775501648,-0.198767579518131,-0.155140252445702,-0.0463451367676295,-0.288190268466313,-0.183134617599373,-0.205587517783137,-0.142902927409923,-0.211278474109591,-0.227538046820005,-0.186661655411288,-0.208723055994992,-0.172777036293883,-0.35432893117753,-0.246202655656296,-0.195809213546246,-0.173064495931839,-0.276583160796399,-0.17253940368482,-0.252845088173095,-0.14176931087381,-0.147107213517819,-0.159680844752254,-0.158098188114959,-0.215951076195711,-0.246182938789957,-0.443572892373706
"NC-2010-002-001",0.0648002386360337,-0.0189997753726451,0.220877699170315,0.0901224115465362,-0.0138234375678674,0.144563500378946,0.157681434262043,0.0985977121581564,0.207095941774146,0.145901060323797,0.121132541169896,0.157499561246831,0.00920701619713673,0.11965721682602,0.143885651688999,0.160508833526493,0.192092400628957,0.0976791991501331,0.0336780690888959,0.0757614502553172,0.1230812128033,0.106749677774701,0.0371111301197061,0.0258507380646637,0.0645448809589571,0.102811355548109,0.147331622981123,0.00216583965589411,0.142094277113231,0.0476235990871786,0.143179023111292,0.0721421336381348,0.116215077648501,0.0831319059148864,0.0067034687644633,0.00946314987651703,0.145846682149001,0.0872691499689872,0.15833937974482,0.0708844668475617,0.0223466154892383,0.137865415559132,0.152239350251056,0.135507712759375,0.0983688557468473,-0.0219490379439394,0.048092034923341,0.0741106334179165,0.158068085447902,-0.0044847970184611,0.0426236114813756,0.143137226672093,0.20198622507603,0.0540691261164405,0.0744931894393098,0.118500706927535,0.00282056326758019,0.0340250967732851,0.0727301111508502,0.152885787701057,0.080799174012199,0.0810454556724876,0.128306489127273,0.0925161223890569,0.00691976247733031,0.0231011303356967,0.0579110367603227,0.141104812176654,0.1432923643822,0.0892169219347679,0.143093212144966,0.0297812947454465,0.0654078749468151,-0.0624422127363497,0.0690680894047966,0.12202943880209,0.22424974143003,0.213376157816275,0.118034537549772,0.173363225872014,0.127156576939324,0.0379171631911715,0.0133021058047519,0.098337681287538,0.00381536779755307,0.156680515601529,0.0942393059203668,0.192238437000192,0.0815151148133786,0.0682107366262387,0.0389624041910507,0.184097965887233,0.122331484398714,0.0736328563573796,-0.00110054645003629,0.112013471765778,0.119958112350752,0.147372596272868,0.0340509149018834,0.156059612090083
"NC-2010-003-D",-0.0107484652922045,-0.107932686204291,-0.236060063806553,-0.108560715458766,-0.186854772262352,-0.170449920594119,-0.147416103651942,-0.146367219916843,-0.0912764976842167,-0.0645608589097243,-0.124835846083459,-0.159929235337126,-0.166376921747754,-0.157872595450631,-0.215912151136028,-0.0800884384764933,-0.151842342614991,-0.231219266920527,-0.285886443302947,-0.134217165930499,-0.0572510442536754,-0.205791761819668,-0.121507308271616,-0.0561046401963475,-0.113737481486086,-0.169218259596854,-0.205928535035308,-0.291052417700943,-0.20042308250528,-0.203773787367205,-0.132241076395618,-0.232619677506663,-0.270549785575287,-0.239431585819121,-0.224853779757226,-0.167544730659282,-0.124971327354784,-0.173787300287299,-0.137662768870218,0.0663802856840243,-0.083834532188979,-0.0863571185390154,-0.145812654445571,-0.292443002447122,-0.220360555668335,-0.10634379286918,-0.18056954712617,-0.232763262639555,-0.11619889814505,-0.183491870972989,-0.118496945134084,-0.146138232653112,-0.011985048490659,-0.180464963974884,-0.1479859924041,-0.275875588729163,-0.227132082425053,-0.208214773439684,-0.179901655569594,-0.254950180213623,-0.350326325955928,-0.140526213749035,-0.199513798299882,-0.196931464764377,-0.0419777187283857,-0.101035035906291,-0.144533626264763,-0.122322989565738,-0.252902237952618,-0.113498837503048,-0.177730219692448,-0.276481731369732,-0.277322739021415,-0.0158348417874508,0.0160953141541995,-0.255144237669104,-0.206135466552857,-0.111238954731798,-0.147891344508967,-0.105113094766776,-0.181548872564197,-0.236064683623782,-0.110155841922891,-0.21225543727802,-0.144194474083047,-0.110771559489082,-0.0191576665298113,0.00431802864457922,-0.256266661244325,-0.113878628706157,-0.256122523438227,-0.226313486793968,-0.0980357901980417,-0.129863025202208,-0.159537637913651,-0.264718129604356,-0.18559086130948,0.0539335371621637,-0.229288295014582,-0.260165635791369
"NC-2010-003-E",0.038080728605694,-0.130070817764474,-0.0603235955815722,0.080356644814237,0.0232187874993209,-0.08105335003407,0.0241162926428834,-0.0171394101279189,0.124282711132569,-0.207106707802095,-0.0488863430514198,-0.0278329029661036,-0.0456981370044459,-0.0845442858130272,0.0436334085515959,-0.0297005894035974,-0.0753190956217371,-0.0936010862558082,0.0942233281125253,-0.0175022274264793,0.0178220655651051,-0.112521183648174,-0.0451504567338652,-0.0347231570433622,0.0789085554756098,0.04543557137398,0.0391223955993009,-0.114264017550751,-0.116965761082167,-0.14670945823985,0.0267462947776179,0.0531570506227187,-0.027051448403703,-0.0698484718987885,-0.130981338624114,0.0220977884279162,-0.0410025785898552,0.0166651366443092,0.0807704124377738,-0.233770947326731,0.0197274215786793,-0.0666616607497643,0.0500647005816106,0.0141153467019816,-0.0541218438797947,-0.141415979110111,-0.0765775065283085,0.0617614409674662,0.0269393062499363,-0.149578156409942,-0.0264122956637069,-0.0191451925051081,-0.0576942746591262,-0.00202672494933219,-0.26475606126314,0.0623826347464847,0.0451157894236588,-0.116522299301614,-0.163744024699827,-0.0914836641296928,-0.0684732899952935,-0.00205442164883701,-0.00869320249562502,-0.0229408702511999,0.0335962799430738,-0.0536139060162994,0.102589167049318,-0.0914082956292876,-0.0407187837014554,-0.112093564420974,0.0178808679825568,0.147283623327074,-0.12485274930208,0.0137174928178025,-0.0928179614541753,0.0931718200272891,-0.0457755337189351,0.222384753924197,-0.169852321837704,-0.057121034560486,0.0664756033230796,-0.0417560884584847,-0.0966846858371569,-0.205777739647593,-0.122677298155178,0.00107896790641673,-0.101227057958044,-0.0130042442737057,-0.0217156882431431,-0.0836372945295993,0.101798402823048,-0.0799782521589031,-0.030956701167017,-0.118196155482075,0.0701150082703532,0.184389639545605,-0.0797900510864539,-0.0566817827953462,0.0220183451465687,-0.0234956824006984
"NC-2010-004-E",0.163366344754052,0.166664960200786,0.0868608144141482,0.162739712023876,0.191465842116026,0.210598081728521,0.144886729084686,0.10598838320395,0.135790664735346,0.111340881203366,0.106488348867549,0.157726095107157,0.0347359001876368,0.172031378372459,0.182961102445556,0.122074272202755,0.188582037771156,0.0307223913918107,0.127535576034246,0.1689881275335,0.0134320993828648,0.0938736889830798,0.184923187645035,0.164903012955952,0.180213695934014,0.0942528274327093,0.166384303915328,0.0630295514973496,0.116534366212497,0.0651236392065603,0.201147804838598,0.163803505473046,0.119106652887598,0.0733667209536704,0.144096953045613,0.247609322088857,0.113746177133887,0.0801988897100613,0.114735947952977,0.103649673916639,0.127371388364704,0.179965478189453,0.13847620707163,0.126291304012496,0.139414695130964,0.226948309140784,0.110164018577613,-0.013365353533826,0.200454754476156,0.0290189780043233,0.00739814993181231,0.113754005115998,0.235657015315333,0.172314247524502,0.164967372150252,0.121818056202679,0.160955724336183,0.190167945908638,0.0137281875724009,0.176592827440232,0.220044742799759,0.0506089756942092,0.0492047345629578,0.154678304115945,0.172473628238204,0.108026057370655,0.174430380434028,0.125204484266827,0.167095205977327,0.179196009353365,0.0801548866894094,0.176295101620725,0.0609775171900857,0.085776118244585,0.156118243931586,0.106545134159662,0.244057747733695,0.207375625955676,0.135720009971582,0.0726754631566404,0.142576267722047,0.0935979268878536,0.128922520028176,0.0691317482423201,0.205881616625651,0.0476814440802675,0.0726325707374687,0.239061665098616,0.118306159492335,0.100319508768002,0.121400397614382,0.16879019532953,0.079011262950819,0.181018573457508,0.0650629771899947,0.0578248437369676,0.132018910366041,0.104266928620252,0.191323122586537,0.191447867349501
"PA-2010-001-005",0.358260988795603,0.330041982745824,0.265773705857983,0.276311188346594,0.303184567773423,0.278131807675034,0.323499142387067,0.274001819515118,0.307264895122099,0.31309916972029,0.30092131584686,0.341807512737168,0.339336376575213,0.268544499521661,0.356133767241932,0.141191686405714,0.415586180706975,0.283676809845483,0.526931013795373,0.34872608083946,0.248327279006952,0.330863507394071,0.410529941692799,0.263179597379494,0.330261318832963,0.369374351520745,0.203289698516714,0.291710309248854,0.276128113532672,0.247405940403901,0.229074822164116,0.202249952368872,0.212864775060958,0.192159826038245,0.310326943245627,0.280678462501888,0.30923419714225,0.249313007084863,0.291828104732363,0.464978589407648,0.325866289317286,0.245725524501546,0.224284553755316,0.244812884808555,0.337206113697689,0.196232715144472,0.258784235343963,0.144973968832728,0.36454829522461,0.388035649586498,0.347477747370277,0.300163876234287,0.295964794337486,0.436498462714892,0.369650451732269,0.238500260478794,0.326265446487493,0.268362569509596,0.366664597814625,0.226667243020928,0.327841256242619,0.378898290634756,0.379958260092234,0.195361283263881,0.288496702928088,0.231324333646729,0.462498780862969,0.217625860257959,0.438352028431466,0.180760581518668,0.290114674677739,0.352790312041634,0.371355817012187,0.451371674084762,0.280340903412776,0.408547333932641,0.206561138044518,0.375223431411672,0.30570492517621,0.209590316525191,0.310590158287809,0.178141321439011,0.291857500849566,0.471433812421017,0.242743269618498,0.306670618027702,0.573036568930984,0.246918668612797,0.323936562877316,0.305913614914499,0.408821834761308,0.292644677713871,0.385320939609154,0.244003489451431,0.217890970617169,0.489232403169764,0.330742165898778,0.360275436758735,0.194635193130975,0.288104569367591
"PA-2010-002-004",0.104834101019703,0.448013368667595,0.106566188586101,0.0951944985977229,0.0615497402749286,0.053034304915111,0.0955698191610941,0.381193434804631,0.0790488470192412,0.0268501358582732,0.0986858068985959,0.0183681824047317,0.107087056358866,0.417195394511707,0.111517588825799,0.0540688258669288,0.091007081599914,0.00657581716335714,0.0933202204889326,0.0578393074386688,0.134764142153968,0.111224200371366,0.0394630810957979,0.131211087789959,0.0440683536654812,0.0977983221977148,0.0550055311453546,0.139353036176574,0.0915329275463911,0.0577894432605796,0.455277469283926,0.112865367963535,0.0561397235837667,-0.0119638334952032,0.050069382341297,0.0930825989232011,0.0575938826011875,0.111261363845326,-0.0468006013649088,-0.023353029677582,0.0950864683756947,0.0605143597432306,0.0041932867058575,0.018760942671821,0.387579101080645,-0.0830232757621223,-0.0250500439844708,0.0202993540621012,0.0744955833320596,0.056106694017551,0.124012501419406,0.0610941208834709,0.101773916918413,0.148738401315151,-0.0329913392727751,-0.0343082196424244,0.0219358179501479,0.0443628269803157,0.0331866184029993,0.0135288203507691,0.0511062638076969,0.07367592145006,0.0271155067047073,0.0729192547730992,0.0372873494035567,0.102877125891025,0.190378299382404,0.0397678752915598,0.149304950670486,0.0533485697119197,0.39450340234039,0.109071442795597,0.131569270635307,-0.0607438851801715,0.056842147085423,0.0709273198571167,0.0672155456214114,-0.0207221283194871,0.112332067898118,0.0077569488245406,0.0912397525299872,0.172835192695664,0.09831331203622,0.135723133273312,0.0902789306711818,-0.0079272652799089,0.371649178998136,0.108491658210759,0.0616527159331734,0.191038795755644,0.0789818658553589,0.384738170963879,0.107963986726512,-0.00642904131803506,0.0774107915259975,0.0812301555214219,0.0988798185352151,0.103407296735499,0.0565323457314014,0.0717314338752991
"PA-2010-002-013",0.481814151653314,0.478403322529204,0.640289135033676,0.618474871443433,0.605591913313647,0.601570164248241,0.465956710830286,0.49823479049264,0.45357108406331,0.568720812741513,0.74611678228813,0.536825573506118,0.53255005669151,0.545472689925691,0.55375529865626,0.528617263138011,0.509469451410271,0.497042697587968,0.527697707332578,0.399137163981462,0.759921521456089,0.561573716965287,0.498372722738818,0.520355476734464,0.560099515214587,0.520304537627132,0.361224609036371,0.523171531621294,0.443871899943196,0.58953023599213,0.545950297489305,0.534940605302547,0.447033281006749,0.49870989744057,0.4694598612126,0.60129066048971,0.50950302984683,0.45781769549043,0.436813182448406,0.471809446788809,0.576417395618366,0.534858786527792,0.479516788599809,0.440797173116586,0.545457315675904,0.626903540602233,0.549838874247837,0.545224845962166,0.558230045906702,0.421508449326172,0.47898576905351,0.51863606852069,0.704017563175094,0.596894872448789,0.558223879765154,0.500541421311783,0.600329875067839,0.378065145776098,0.56554283440828,0.579823972288524,0.494733778276807,0.398973447253777,0.556078258081045,0.596921055677159,0.434064107945816,0.585814945316286,0.550087872925615,0.459760052118753,0.476603314442317,0.609630979587886,0.293732741567946,0.755117777856348,0.554682117722126,0.541535678252994,0.615201612309451,0.518757731286247,0.471989100540001,0.504961683814779,0.484923270592021,0.497051060188057,0.380096507462214,0.542100225087486,0.633992489017756,0.523802508510507,0.515638771572021,0.453679840958064,0.328139735875782,0.60313941863778,0.475881694302004,0.507781443654338,0.488175987593605,0.499603881801829,0.499774271830777,0.54002373949326,0.506696515802277,0.652580140350184,0.550486554681956,0.551191685554234,0.560769647981914,0.510798297232242
"PA-2010-002-015",0.158233452570789,0.180802813499808,-0.0985371134490203,0.253164428290328,0.0191021122176165,0.00483178343001274,0.148125008572281,0.277170155118202,0.186114454773117,0.184197416044267,0.135062604653617,0.199225527077405,0.142268313287411,0.169828944086353,0.202023262758337,0.198656160558301,0.0246446278539911,0.103049936127266,0.20260858876523,0.13404038041051,0.147883832670043,0.189069775081488,0.166893952148137,0.143958339337784,0.051504732571864,0.144898329540542,0.224096047938208,0.172120361730901,0.572978456668538,0.214743985141991,0.15855492571079,0.200407478680214,-0.0199332431872437,0.144788318511283,0.160236498007739,0.778905009330092,0.106654058932218,0.181218231017074,0.207978498151344,0.1940713187786,0.694240717926482,0.149312856103532,0.00186464985758167,0.131448857904196,0.157983121121251,0.207054715111635,0.122690046025723,0.545572640038105,0.16374079061132,0.196915187997885,0.0438147643849149,0.155106258252413,0.143413404519676,0.00426593178377983,0.153831257885465,0.122091335542418,0.23675696278582,0.119580286486264,-0.0181041867367051,0.0178222016873381,0.517589133265135,0.41435586335447,0.126531799818112,0.639446177974686,0.58030485681438,0.119636637678403,0.160328588101718,0.408722699666975,0.093925319877225,0.209194646447625,0.130797427688851,0.163877908719524,0.0932164371857999,0.152110093874087,0.203884746669657,0.242934918702351,0.239707547716284,0.145751704728257,0.171729178705076,0.122938169543398,0.216207558812289,0.664114278954729,0.215891004128817,0.11416201076196,0.585333443315598,0.109700254597362,0.162689683626629,0.150243832568185,0.140345901420661,0.139400876670107,0.20861366953936,0.620791909678613,0.194104737254941,0.192731462492527,0.579824269058318,0.16053839246264,0.192861280179772,0.159889444174263,0.182698644189653,0.142598853585887
"PA-2010-002-B3-b",-0.0493421357972712,0.252918414536965,0.18233720075466,0.367596960174305,0.285993693958475,0.354580973669697,0.26157883083521,0.285164818306069,0.377676038403359,0.314009931847934,-0.0182213791874355,0.280893716797052,0.378756675317278,0.285494469716513,0.311245534847007,0.320126660643013,-0.216115528612385,0.23455906992752,0.323043950421915,0.307476765450412,0.156368965837419,0.246064084568871,0.267211433178188,-0.0991985308320455,0.281588705034848,0.31280149083978,0.22755864121054,0.239380276112643,0.29580558556353,0.292009756204578,-0.038895344078902,0.205140924505199,0.311808644500272,0.229225756607339,0.330400956510374,0.280514872744837,0.304782896483134,0.275651983244671,0.260045632630663,0.25667215183573,0.0850570681370626,0.288822811881774,0.37819317661495,0.310227619724269,0.25029881251829,0.321765470702893,0.275862197552573,0.300835031629849,0.302738587737892,0.296365352192133,0.242495181893014,0.370996178612954,-0.00209892935114152,0.325644312043688,-0.116434836570287,0.123889528551342,0.234181453104406,0.270860208561535,0.170788642253138,0.26550935247202,0.329264122378216,0.225158276403163,0.15765413661365,0.230373709392062,0.2584787104239,0.149033362232519,-0.0074935666596038,0.253760912430009,0.279284091890226,0.217113336016638,0.211639097445096,0.321593715433487,-0.0113932809959489,0.200540668160996,-0.0139101364952001,0.244482941500583,0.246448132995013,0.234857411437842,0.246935600940956,0.269540039563631,0.151682080249955,0.29387478404749,0.290019846453997,0.345501362804312,0.209143096134561,0.0232878150780143,0.250741205104158,0.195647928416302,0.289230968712339,0.295121927386522,0.309045543283412,-0.109047887727515,0.294836004111937,0.222761043227657,0.249248890571199,0.366431259274884,0.200496482687397,0.286300848556042,0.306185179383593,0.470953470742442
"PA-2010-002-E",-0.0978130230101374,0.00364927061451717,-0.131027428850231,-0.103726916319714,0.421022138334251,-0.0541337925005821,-0.0516337659889565,-0.0622238283590089,-0.00389354712476925,-0.0946724061589438,0.0286351635647066,-0.0556773511079725,0.0234568702229965,0.0141647354467718,0.0272643815657944,0.0141865971175091,0.53477482983107,-0.110793194716716,-0.0387952974113197,-0.132340327088529,-0.0920569773108256,-0.0995401535931082,-0.289885035267415,-0.153261112010118,-0.054363005012129,-0.270352036693292,-0.0842747137970736,-0.0466854248265434,-0.16100711942465,-0.157194530477334,-0.00109714925419355,-0.150330575090765,-0.115106705382274,0.0168258025950948,-0.120544510067068,-0.0724639001254306,0.0193204675346732,0.387121316699909,-0.151101186209367,-0.150910091038169,-0.173420743844318,-0.0394978604823809,-0.0302797248449073,0.00710246188774268,-0.0356481144321791,-0.109750894079717,-0.0727383466889161,-0.0505046064611597,-0.128438296886661,0.443321893126464,-0.139229759646777,-0.0236022223896205,-0.0934678950032543,-0.0582875163190811,-0.013207397672147,-0.0762384292305393,-0.0723667999548084,-0.252114871413189,-0.108275843226383,-0.0144358706703169,-0.0845008883886597,-0.0246214864312908,-0.123080740040351,-0.153858200080862,0.0136275323815825,-0.0774653892967279,-0.0964806496512716,-0.031166060616947,0.444574641015949,-0.114521163862838,-0.0945951772733322,0.352731082689287,-0.188959820972433,0.445247412356336,0.000340978935665023,-0.244326142632258,-0.0305363389044716,-0.207046628586131,-0.196846193016166,-0.150184910001465,-0.0523950140224841,-0.0717660315307337,-0.116805126469434,-0.0974753273642426,-0.0636880984413588,-0.0872277106160518,-0.111707959095368,-0.183340986814656,0.407059343350079,-0.00440179185110185,-0.0534831979613742,-0.0564595177720749,-0.0126683182517111,0.019234904435184,-0.20268940317147,-0.111059593541178,-0.0293620768746783,-0.0151287415365804,0.0140673067874948,-0.0497925172491378
"PI230189-US56-0022-03",1.35926352484176,1.10857407792463,1.32341220965996,1.14328749225761,1.20051814111174,1.12956769360977,1.04172825811946,1.20259622728775,1.3635146939243,1.03896366094356,1.04265328282305,1.19031106907676,1.2596331004833,1.08735970691808,1.2909069349341,1.08561816023239,1.14926682631696,1.04270884179877,1.14754839790755,1.24882724988695,1.00523569216514,1.24649707477251,1.1349589192329,1.22416443979756,1.18014131724645,1.02136095721211,0.437935736883329,1.25890477433942,1.05565034732005,0.892399127908094,1.12322697490146,0.988336861125585,1.19252222293331,1.11309256688047,0.973180702553813,1.11196649377471,1.33693534654584,1.20494053478606,1.01395687702349,1.03413585908018,1.26467587106406,0.930816464047817,0.983999055592706,1.089559011274,0.962136685425066,1.07856901990228,0.993946220585123,1.26753911784598,1.131085898592,1.20415664444655,1.17833176745253,1.02012241565009,1.11991185227875,0.914672933472346,0.520546375994575,1.55325122140568,0.896501158668402,1.05959100026879,1.03810980231848,1.05154825185559,1.11604264268737,0.936370784475862,1.24485034291519,1.30781863753156,1.09737783340654,1.11365837438846,1.23289469086809,1.13103813087881,1.05057034121503,0.657687442824494,0.941459517458082,0.927862936538589,1.11533036706249,1.35934590258529,0.887155247925833,0.490961104990677,1.20930889493113,1.04214173118008,1.16155173388777,1.00019696334377,1.15901541548492,0.734673706026387,1.08894857678347,1.12320507208434,0.993849778785069,1.25084772497892,1.33720847349924,1.15017175926927,0.948862462136644,1.21411192149309,0.761008631461089,1.23447528693557,1.28339293753704,1.25642526067434,0.856194755850154,1.15019179996857,0.638532776364455,1.24764138817863,0.989757467003989,1.16230001920352
"PI294602-US64-0004-02",0.867833930246569,0.889146254797584,0.882922986607463,0.897117367911351,0.944168102760083,1.05137140598377,1.01071859103077,1.06137548723575,0.878769733240363,1.07269607067898,0.950183931479121,0.983099593392994,1.04608024020948,0.899124107938376,1.0221599828973,0.657087362887285,1.04459988710631,0.806665581224916,0.989204164658256,1.0805498749665,1.03411140570584,1.03278905616247,1.23197770761165,1.08561480325365,0.902727184194864,0.87643282115021,0.462070990257379,1.0350324831001,0.863495459816162,1.02768965304097,0.952645463498788,1.07228827711433,0.971159663042338,0.831252885123531,1.00879727491677,1.12692483889414,0.931621613813397,1.04531645582232,1.22369221877027,1.02406535394918,1.25711724090942,1.24133055039122,0.906984053096984,0.94166624872484,1.25399792884676,1.17116698068679,1.06098767168122,1.08195267562229,1.05776192664178,1.0705355968774,1.10892817534595,1.09907309640508,0.910909019239638,0.949709076637183,0.544992443958418,0.830160623633103,1.04929155099502,0.859991871578075,1.03266166300762,1.010051814198,1.24000849647656,1.07320428829141,1.13422559428991,1.05800676764705,0.719940898362954,1.03616954394856,0.904841563130089,0.882672866974551,1.12970634528259,0.639173413284174,1.01064083272749,0.952375909367469,1.09636258162802,0.95475927908155,0.942326933258224,0.546740862778026,1.0419046826853,0.777372422644444,0.973949181545803,1.1120928103279,0.981308762505192,1.24923704735711,0.926286447205471,0.976200356661104,1.04450819180397,1.02348832694492,1.09142440381213,1.11538354889262,0.964966430321589,0.994859501327367,0.727061284134072,0.863521077091828,0.895197511069554,1.07600803567106,0.939190654059843,0.913504669804633,0.628038244723117,0.830504288224559,0.959523864080153,1.20432897666724
"PMS-009",0.434825808464026,0.533927752254232,0.509304479530342,0.517966408485149,0.489023000564031,0.626005106588859,0.518022811591795,0.604717950214676,0.594112179221507,0.615219307765759,0.505647631138361,0.663057306997656,0.558682842028861,0.788001886299861,0.461597799030199,0.449214458220501,0.565390460742497,0.543161960615566,0.482372503663332,0.592183132569169,0.457660564407204,0.526970234249191,0.515139672528582,0.69733190472341,0.607547752332901,0.539431895304942,0.314042520213531,0.633986557125657,0.625395078384573,0.568888560061175,0.596836249482494,0.560003841246385,0.634915355963727,0.580683858889387,0.346720907621583,0.55709091052998,0.554515913743026,0.462677217116234,0.579400614503978,0.472492410163374,0.559963514958136,0.569336555733688,0.648148168176683,0.596316859048302,0.567877720968714,0.462030352796062,0.53803013128154,0.464310470593291,0.514157759349312,0.67906877112481,0.623063572066836,0.694091733402964,0.613256234529082,0.426044390956182,0.625915233280476,0.572312602949625,0.517349586095189,0.637052822471313,0.484166288240226,0.491867750200193,0.556012164259268,0.598548370942131,0.484419477763976,0.667728398967537,0.299796466888278,0.499221023077199,0.725463390451198,0.569897462156664,0.457552350431932,0.70954942682413,0.458409791568813,0.562284241108388,0.57076865558807,0.602907786680613,0.429710271939909,0.598307850214105,0.525453769265273,0.628726442532919,0.597009356219991,0.626919874164735,0.473560626597926,0.657467407920709,0.492119530736656,0.423360132742939,0.513041686017082,0.426835949781638,0.565702458320714,0.621101764429301,0.561621981183107,0.474126169046903,0.60257810224476,0.70986798818693,0.513485451989075,0.536451434614365,0.63063530380037,0.649898097265913,0.587943980886808,0.626047809773183,0.402239448063751,0.615429508180424
"PMS-014",0.842302383752289,0.953858008135924,0.943229669800152,0.700725121507787,0.842219105650654,0.954607384382355,0.891731789677444,0.746382945438105,0.645783499171995,0.8465872456572,0.943355019449984,0.79303347593334,0.773113495165604,0.934777032452557,0.953112549084828,1.21725229492001,0.837456197436283,0.605691596063691,0.904668089716942,0.740209499638026,0.860977888917136,1.0177744175789,0.94351846621291,0.856034222564289,0.929303759320843,0.759660402604233,0.824038601979213,0.920502609204324,0.711300587574638,0.90360192906814,1.03567298963243,0.788902842305346,0.825004448993536,0.733771268589087,0.841728696538628,1.05742334485267,0.879862408280964,1.02973469726202,0.942019976378771,0.886897796359339,0.980486096954386,0.831777281237099,0.799685157217347,0.803539621171483,0.728865068532312,0.830937407976805,0.996218697006993,0.906371149210305,0.990270241585789,0.877714630003721,0.610480833172259,0.876871691976838,0.830432164097793,0.826926387900046,0.919704539772643,0.912436422496394,0.763828285532963,0.793477100760021,0.843792018386273,0.826324025965777,0.871635968478246,0.735877942090128,0.913056685741636,0.848043745163204,0.602171792948922,0.895188361056735,0.867325609014375,0.718280093778679,0.856494042908325,0.761634093029612,0.823407855730214,1.10045052350406,1.00565204310288,1.05371363935627,0.78776684734768,0.937943378792831,0.846598149743848,0.735399278860805,0.903008063489341,0.945987992917039,0.923408293740505,0.487554904418065,1.0994998772028,0.836290658846587,0.961281197567704,0.936345477411727,0.761751231087876,0.917415832893829,0.786063743975117,0.796563893396517,0.672488815659803,0.927978957807472,0.888655922592458,0.892537509716962,0.876881599025318,1.03882576529381,0.978277028231697,0.665032450719765,0.919651149710911,0.794504514532954
"PMS-038",0.722458179736118,0.866396620443072,0.724628109878776,1.05125303287723,0.777595405010753,0.719261570470103,0.814064899182252,0.819943456865067,0.490911735875083,0.821038426451706,0.777565793234018,0.690445570479633,0.932095955528052,0.815685726634764,0.801579015326434,0.460856512978997,0.858207546245934,0.395071999358039,0.821990049923728,0.792538462360363,0.862482516233983,0.832114169018847,0.694070994874875,0.676518967645962,0.728456835812136,0.705097227178982,0.886363527066569,0.748328586000802,0.777954942687528,0.85365154167939,0.860919423846039,0.542185511012361,0.779138974384436,0.752441047047778,0.743668198822723,0.750612994054116,0.685402239413867,0.758120891566138,0.740824930292029,0.694475087039033,0.781434349684563,0.677732606205242,0.571582094809392,0.832869850902531,0.687497919465422,0.794045470921469,0.726729765935387,0.712265962449958,0.859022079896825,0.883886357784088,0.957472805826587,0.851413715995856,0.801872824059588,0.718444346937252,0.78136950343161,0.814374531957162,0.575073947166925,0.59569849107761,0.752687039318679,0.825013036671402,0.803918087118694,0.878720113799334,0.835275906003328,0.840535141788503,0.804872992899236,0.731077401469476,0.779078502758874,0.744338381994247,0.870528487884762,0.717050044530893,0.730630970191317,0.770521887765661,0.897049344895583,0.839800696304811,0.936141352589863,0.624783958910584,0.654772521179559,0.836518764743802,0.942531945034559,0.724699511705145,0.737253985993953,0.693040196316209,0.611080719414138,1.02788975461904,0.90793656805292,0.700804422104051,0.727038105095671,0.875072568370421,0.591318516961345,0.561508906750555,0.513500188895465,0.783373325167164,0.758961284824137,0.763899820054978,0.760408143258784,0.741725116524864,0.689748987894304,0.469707071178635,0.618309642015127,0.689666506687117
"PMS-087",-0.220263583212752,-0.226274194283085,-0.216504627278052,-0.20805932494665,-0.365840528952361,-0.242851363854341,-0.287534178035902,-0.203481914947486,-0.136564785402233,-0.313872573596032,-0.312620132109741,-0.291913754339495,-0.178239878832982,-0.233627859006294,-0.210884988856046,-0.204860303995764,-0.354677662632918,-0.329377595083652,-0.315256638494475,-0.230132248979588,-0.109972666956754,-0.318026910199529,-0.308469370267678,-0.142234114465335,-0.124372189523924,-0.348211846108924,-0.368429777919395,-0.161439232542199,-0.0750228005151144,-0.299826264350806,-0.38065038372888,-0.310330262137899,-0.158413447351676,-0.342188985943974,-0.215488697924873,-0.368969757571199,-0.347368592907884,-0.228035431443594,-0.234368068762522,-0.302656269901154,-0.279403973860031,-0.107796161203826,-0.219159162048792,-0.314205030085043,-0.198789257224379,-0.0975741050552417,-0.23816966110578,-0.222269089606614,-0.059412587452645,-0.158672783745363,-0.229601565741646,-0.318372911113986,-0.363741597310891,-0.325539258421478,-0.298782359457164,-0.27127764452417,-0.33008711291445,-0.283153910990507,-0.224254483919928,-0.290578306189994,-0.292138421900854,-0.222795207381713,-0.299274705516196,-0.1977993289342,-0.144548414244541,-0.171916236126082,-0.22006383129953,-0.27425375981647,-0.270879793509356,-0.277856064590647,-0.154530269785059,-0.337677913705373,-0.144988939565445,-0.256744965510901,-0.129993130313829,-0.232889223335671,-0.283645756250868,-0.155424975316595,-0.252546160871052,-0.207865076112789,-0.319061840773681,-0.194043776050303,-0.201439653639212,-0.300850436191403,-0.320159849008439,-0.199062861518403,-0.362079294766441,-0.0508170752791116,-0.280948445145813,-0.172444622160544,-0.308607862152815,-0.262887441297558,-0.385860912725516,-0.202781874783911,-0.282870826825797,-0.235641748040434,-0.310351614070262,-0.345878631231199,-0.155150342293144,-0.0953631573293479
"PMS-130",-0.738409825938076,-0.805400859490261,-0.595943739608141,-0.702626510386243,-0.836088032369095,-0.841026145404454,-0.759622561814842,-0.73085047592862,-1.02645187418392,-0.707689392033486,-0.643602506712177,-0.646627174026488,-0.781963659603009,-0.859618160546316,-0.897336275461135,-0.83621817418667,-0.348687814402982,-0.592886591560379,-0.935097242298054,-0.675185377074473,-0.930298882499333,-0.755967839976522,-0.86749050515591,-0.624106770969645,-0.772628144082104,-0.487551645817874,-0.777770573849532,-0.822731710457912,-0.738416363547393,-0.767049480621596,-0.620551603889904,-0.49420424649713,-0.567037020523269,-0.892334198115653,-0.775800334372406,-0.640996565443638,-0.836621442605092,-0.74314897630989,-0.760753301719971,-0.850397872527226,-0.563446173069982,-0.791941316793386,-0.827400184754873,-0.721555443839429,-0.717061866389109,-0.932960299087002,-0.732658425135152,-0.668556283985779,-0.68080569441537,-0.633029501713726,-0.308523050799917,-0.740428530447555,-0.696828610734557,-0.899454597109816,-0.609188650910972,-0.738583786681881,-0.572059687589759,-0.787060199055445,-0.991232946961376,-0.639801382025033,-0.713946015422355,-0.799410254977813,-0.711213272438462,-0.813913023241464,-0.924236975609253,-0.79453906894618,-0.460840654283998,-0.788018850161844,-0.796676058213099,-0.799554461214975,-0.886423017599968,-0.85043843298562,-0.803310130454142,-0.836774958878488,-0.706070187655831,-0.42302455344511,-0.653830878601685,-0.634562080068698,-0.797749738869698,-0.74519444468519,-0.685315021510988,-0.528510025468837,-0.941854601256919,-0.749730254820841,-0.55487854136949,-0.757091212376848,-0.853032778935718,-0.644571728360144,-0.838709121140314,-0.979884166231569,-0.842640784488708,-0.946034993797368,-0.821476083661792,-1.01735296216443,-0.831384468921668,-0.803503803678292,-0.788998532032719,-0.919683117245962,-1.05587372532185,-0.754383067405841
"PMS-131",-0.960173215802488,-1.07449969347459,-0.982126031541488,-1.00558646780778,-0.796036133352254,-1.03401620603453,-1.21846217689715,-1.06317522933753,-0.8522720608362,-0.985316181481901,-0.556184919833223,-1.03302905841143,-1.11271470670258,-1.02210016217246,-1.15313658956778,-0.856411064930304,-0.95980010182995,-0.865130761558058,-0.883285596786165,-0.695534573164803,-1.10818442933898,-0.790453848678523,-0.773604551348945,-0.97973642688502,-0.855575805607507,-1.04767811358532,-0.876133886552748,-1.03365525242489,-0.800813750616904,-0.721856802272176,-0.594103193586805,-0.441408009748539,-0.675774487863732,-0.748797804733888,-0.924889246535597,-0.979612671609132,-0.93103250591169,-0.874396299119432,-0.841907074155632,-0.66435974122836,-0.49846245162561,-1.17869691539855,-1.10008632961422,-0.967561484622922,-0.974346106348939,-0.813588098032878,-1.18732664774324,-0.951465721076915,-0.874297512963115,-0.95035324428906,-0.297296946051362,-1.18194280988163,-0.962563174143804,-0.772931557323014,-0.589108091264668,-0.898177908526731,-0.949949303096017,-0.904117296627223,-0.908353327180614,-1.00609520528531,-1.11559879581246,-1.02296208157253,-0.952966264317408,-1.07075866261507,-0.8946715990578,-0.80344025115736,-0.417782807653698,-0.882476849449604,-1.12702616875443,-0.784257306971507,-0.841329391805949,-0.765577030856213,-1.01193213579551,-0.852092113142366,-0.921694813860765,-0.986684418541633,-0.897925220242953,-1.14592567824261,-0.945126054719144,-0.86267645252864,-1.22214169853456,-0.993418604896308,-0.776989872972378,-1.11983093391738,-1.08754897238164,-0.968854584915071,-1.05295719642813,-0.868178113143699,-0.872618927791769,-0.966197275978282,-1.03311409047513,-0.940353522904601,-0.853756769907185,-0.991612502540971,-0.857744207537629,-1.32639372261882,-0.95970890990579,-1.0023515432699,-0.861814231694875,-0.866687985110721
"PMS-134",-0.588006673448804,-0.299628011810534,-0.211240667540707,-0.693265899532562,-0.580764023730973,-0.516415082144369,-0.59383274565824,-0.561631029078944,-0.554407455251764,-0.334487239461241,-0.618540996677978,-0.696956580159684,-0.471692872899944,-0.704061697954682,-0.567281893655496,-0.635017390408491,-0.140730126196071,-0.191689987867624,-0.488606741724471,-0.611981886086769,-0.639372056334471,-0.518104862872855,-0.638175722335681,-0.311743325285949,-0.686914475300074,-0.158991031547339,-0.496893004250791,-0.594938305828574,-0.440004895523778,-0.405635751010748,-0.659354839161093,-0.468831584027682,-0.316513905065123,-0.792459715234398,-0.605204391694034,-0.649935598571326,-0.671985956068725,-0.739747469307838,-0.520439673351188,-0.408069797435525,-0.640942525944451,-0.554653412711249,-0.603741554336005,-0.590156518922297,-0.531489961807465,-0.591812671540845,-0.600119507084357,-0.390422162043756,-0.584639907512206,-0.361555576022466,-0.577889990358173,-0.723358494852554,-0.527784651552656,-0.660112911249116,-0.636060636959439,-0.529357327416193,-0.251582495867536,-0.575808276347027,-0.642558138521022,-0.346151050487512,-0.5194581907357,-0.634589394081097,-0.653729856823897,-0.600263744346795,-0.576912063560051,-0.42971793412496,-0.553778452248325,-0.604149173640379,-0.484974876505427,-0.741815883245985,-0.645034036170853,-0.63387362641236,-0.510369346784089,-0.652364905691764,-0.55740970424598,0.0367433191801559,-0.503463794450237,-0.319496113390179,-0.512205906072336,-0.517084925416826,-0.643178747250133,-0.568110736051156,-0.599999270532887,-0.793139196535755,-0.252654406725075,-0.62317118453582,-0.554441325980865,-0.641399703960304,-0.633577661521508,-0.619119046138347,-0.491412938507684,-0.643334886561593,-0.52918567179319,-0.690280622191079,-0.681555399034169,-0.533104932471796,-0.57579770488545,-0.64147402599143,-0.618725705852221,-0.623634977152761
"PMS-144",-0.576014092482248,-0.614604097998917,-0.567735881592285,-0.562861931856972,-0.557515456710786,-0.661514549422053,-0.62388780437395,-0.626326320108075,-0.582786051494347,-0.537808357605537,-0.544868265974942,-0.603993340084424,-0.589768677161359,-0.568759994785681,-0.557718723478129,-0.51521082386615,-0.515624479389807,-0.547952159427976,-0.567755670543519,-0.693390341356018,-0.50407184150764,-0.438475791281815,-0.545454533852819,-0.633980421075223,-0.500038601463392,-0.60030140544056,-0.544333248503188,-0.556805001206172,-0.495901048518343,-0.391984648713686,-0.270636709628249,-0.53915522075991,-0.373748593395668,-0.503612335356392,-0.581026308775414,-0.598121070386724,-0.586403608618978,-0.639290371871509,-0.442608854444418,-0.56499170974194,-0.187020275580563,-0.465697690799475,-0.676350023553756,-0.517034160585271,-0.717338935571195,-0.728560881347672,-0.537346444973871,-0.470038424020022,-0.465800155012863,-0.518156009491143,-0.156786368715904,-0.569005839860937,-0.543421102226767,-0.623974604450228,-0.269203898696471,-0.561850785411666,-0.670047754955396,-0.634415797057099,-0.56427300676903,-0.534494789545739,-0.713721495963869,-0.575591938105457,-0.588379440181887,-0.640065973802592,-0.548958661210946,-0.385593164654109,-0.253293705288249,-0.549517400476314,-0.428563557475886,-0.666998649387194,-0.509535962057003,-0.435801700422512,-0.652242874903197,-0.56881884464424,-0.631191652524351,-0.618693652960822,-0.735373355304398,-0.537316956618131,-0.621068839725346,-0.598686994380148,-0.600935607796489,-0.265292456915102,-0.76967741770084,-0.584249612134765,-0.552502167166149,-0.581423103088238,-0.481446361295034,-0.545627578274035,-0.41814838966825,-0.475391274260822,-0.593130328576116,-0.58444641272279,-0.666566584576646,-0.57823713595734,-0.490695202273512,-0.637669863933338,-0.353497789715207,-0.467025612335133,-0.604519532551401,-0.633089825660597
"PMS-159",-0.486880618425768,-0.218942176720083,-0.103375165642234,-0.488393719289041,-0.396860925790591,-0.389387082981948,-0.426789334877167,-0.557912182354676,-0.500129592909532,-0.457081764097186,-0.46735224722942,-0.438122505401125,-0.330971151456435,-0.536168837714473,-0.515854673703221,-0.48664783296133,-0.483667564193403,-0.623424173925866,-0.5490292449772,-0.446148325227278,-0.438466942709739,-0.416696122138897,-0.406697578584542,-0.476706940806956,-0.395616033478401,-0.1432007939762,-0.490461776319457,-0.571409106546214,-0.50373521703859,-0.425452174201035,-0.397003569392174,-0.548457253575478,-0.351939949740044,-0.392821911893699,-0.512665098266975,-0.441057638649182,-0.427535271827678,-0.532797829772354,-0.552312294980107,-0.465101561980083,-0.537845617471348,-0.588283950161772,-0.433663881098688,-0.278306547191853,-0.469133224473012,-0.376414369064959,-0.611633724511717,-0.584405966560159,-0.505954732942324,-0.452230197612797,-0.457292331723206,-0.49410330007389,-0.346184932627969,-0.492635661348945,-0.410278584471849,-0.529042662976648,-0.374771913521457,-0.464203441762835,-0.446110188784179,-0.481804838419542,-0.395394889066537,-0.513682657050449,-0.450790971422702,-0.466377810149746,-0.476673751324052,-0.523785930107096,-0.551096067496407,-0.519946308890248,-0.460152217168343,-0.411373342856881,-0.535830599534163,-0.558669083273089,-0.318098413768573,-0.441405780700838,-0.490190159777275,-0.020922348796874,-0.549119471358981,-0.513023938897595,-0.613083681980917,-0.517231661469062,-0.430939809106129,-0.566462779089479,-0.57961659196462,-0.498209756177785,-0.450880260700387,-0.571284242696802,-0.446271764081791,-0.49879271552765,-0.6607946167891,-0.384732959428627,-0.564935646612281,-0.546288078978917,-0.430361955431262,-0.479260599725447,-0.379589929436542,-0.581532548771595,-0.454397039287463,-0.577888796639932,-0.355073049861103,-0.314194058158625
"PMS-164",-0.450171333213268,-0.252140995101316,-0.540095962479876,-0.45969487698784,-0.646413198319161,-0.593797164838688,-0.590391122262696,-0.50993106269844,-0.542087487609265,-0.573776081598783,-0.548314142063332,-0.54644291296902,-0.527920295242663,-0.484574358426149,-0.537927919531465,-0.524875515085069,-0.615245827545019,-0.551878972752154,-0.440865101096573,-0.673256736840641,-0.56238357707163,-0.589780172084928,-0.690275790977176,-0.491121557893059,-0.668243287826983,-0.465114345786886,-0.584332344320644,-0.497817809836522,-0.472327573843142,-0.561654909024506,-0.385899694053711,-0.62375675896397,-0.364343121879265,-0.554981998011593,-0.511929006863055,-0.478076233212521,-0.659348998911919,-0.528040664632995,-0.520407328967756,-0.589251554474151,-0.709064342826819,-0.673439553573538,-0.330754156948516,-0.75914711633294,-0.616280859012438,-0.530879042013054,-0.548354255011725,-0.618351662065992,-0.641774841987109,-0.667699150021947,-0.7290348150825,-0.562547451943981,-0.559662022702755,-0.637350069529107,-0.60451200530842,-0.718224132822223,-0.768250931892415,-0.527027322603378,-0.530835976576698,-0.495199815716095,-0.594820809078508,-0.465953080719292,-0.8067372013463,-0.454995588218062,-0.54548274169647,-0.678810509646671,-0.472192098308391,-0.576035639603425,-0.850618516773807,-0.486432945044861,-0.544861984857251,-0.638503730795917,-0.534839234091313,-0.513758306521016,-0.452551169546602,-0.652949708916471,-0.488320298699504,-0.555360040583282,-0.524312973440414,-0.595228351270843,-0.619754041129395,-0.497665931367937,-0.57510357694422,-0.586125935455228,-0.3696417262808,-0.631799801214016,-0.648782997330975,-0.482047386109552,-0.686899202783911,-0.518369215452403,-0.678764327717528,-0.596175686975344,-0.554917955641733,-0.583159066466896,-0.530604626805257,-0.614247565715654,-0.471302654716784,-0.567726393783296,-0.63684764428479,-0.667725607479951
"PMS-178",-0.753166416314544,-1.09667767468905,-0.765421032564273,-0.900641702486888,-1.10296071286021,-0.979167806188464,-1.12184533114167,-0.869300075950594,-0.941615244132024,-0.874735862165995,-0.992858822254779,-0.772261132103288,-0.902717184971255,-0.832313260310218,-0.92316309887252,-0.872450562888688,-0.366357684989611,-0.650805468473475,-1.07039984220385,-0.837045751380014,-1.1539995745689,-0.941680329628032,-1.09287218064935,-0.720867561667023,-0.978309663015037,-0.952510193460262,-0.757064761891244,-0.882424036217635,-0.963325286352291,-1.04054702527061,-0.785464741812336,-0.877687046794307,-1.0543202145103,-0.98026046753199,-0.856574472524365,-1.02981581062917,-0.816389506766168,-0.717166041256728,-0.897070249265155,-0.987483327662408,-0.871892008058096,-0.670357690969718,-1.08959989850347,-0.877035873498325,-0.899119184903376,-1.14776083827011,-0.869978716451143,-0.716784358928635,-1.11732905392661,-0.931936161743697,-1.01496017912574,-1.04486904964983,-0.954121698956462,-0.942125135947331,-0.936546999086409,-0.793142702272408,-1.06477471840558,-0.960235503800816,-0.871619343463001,-0.994068627577265,-0.906362493717985,-0.952488330391934,-0.877328843374233,-0.741799399862781,-0.926525434712762,-0.75650228580322,-0.915692599056824,-0.970877651688904,-0.987722381184607,-0.886668088015554,-0.792422426212948,-0.751396242797629,-0.834641353540893,-0.924698280409684,-1.03077069069322,-0.996104842788864,-0.620280851014303,-0.926788093202203,-0.989093967081545,-0.869861499519158,-0.954565645676623,-0.921092806845585,-1.04619151535327,-0.948871552442364,-1.03488126776682,-0.856371136410793,-0.779839018131084,-0.98900140132824,-0.818931822688681,-0.787163219898328,-0.832025759796213,-0.741170372188249,-0.952470623385038,-0.905138833703388,-0.698677450597554,-0.845534737332061,-0.846085736758574,-0.898820291329465,-0.774878054438228,-0.821197019810565
"PMS-183",-0.474352407535055,-0.720688495563471,-0.385813341172472,-0.471443347584261,-0.459471269685241,-0.368344521918181,-0.592298871228894,-0.495912557430821,-0.596709402785402,-0.327174657177111,-0.592114194162709,-0.267845869858873,-0.507059096308801,-0.549382219222166,-0.345520057289541,-0.496612469473862,-0.672847863435693,-0.547137582626701,-0.458148444821183,-0.545296454579538,-0.215556518937473,-0.512575815580792,-0.492092622427892,-0.531630379190743,-0.53556191468966,-0.476126323007915,-0.576671137557482,-0.39017257739554,-0.725589492285001,-0.42253994109469,-0.455421189690057,-0.669716414530755,-0.575097230542726,-0.567561928289898,-0.552979653588592,-0.489694804549667,-0.468032292883323,-0.509621997239552,-0.400899407427349,-0.599150430850555,-0.493021250900904,-0.555455363797049,-0.411340752620023,-0.692281478615739,-0.446597606041625,-0.567016089983663,-0.463671465850074,-0.446955832366094,-0.429442137219596,-0.499961401077946,-0.45623250043085,-0.621877409449471,-0.572895258863951,-0.321859535864124,-0.559062563863133,-0.363565684921627,-0.466876107956362,-0.519670056225065,-0.525740164794924,-0.593078385866379,-0.478392654524196,-0.379258654469004,-0.463708717310381,-0.374332725503161,-0.574424140824352,-0.543471647578602,-0.596471362583286,-0.42591061965196,-0.380414416236678,-0.531572899995879,-0.451962862738699,-0.569009922311363,-0.507195496271487,-0.547745342782054,-0.534981199964609,-0.462327118779551,-0.470613155507246,-0.419733551257514,-0.398170841988758,-0.499580346602213,-0.520851007833565,-0.531574258661043,-0.528911592813788,-0.485306931155162,-0.26960229827321,-0.497801292889588,-0.635265825955105,-0.544537570584267,-0.478915135587801,-0.438530531498383,-0.413642191217998,-0.528067956583269,-0.487316165494263,-0.412052175152881,-0.270047463080329,-0.59262712587917,-0.595625109405038,-0.57803720855167,-0.311525315295734,-0.495089666329766
"PMS-204",-0.262246899241936,-0.646077069167963,-0.298821520740751,-0.387378611269027,-0.481203171971647,-0.245862068050833,-0.294534305873576,-0.306470317112586,-0.463224944334213,-0.372146179256298,-0.34210334948892,-0.475668694256817,-0.380928076181038,-0.373359622383932,-0.260092867288895,-0.35607727834636,-0.490869455131542,-0.356370646918654,-0.351246057732548,-0.211671451776567,-0.325997901129815,-0.386672326321153,-0.382556639309757,-0.414139155879478,-0.530507864517365,-0.0421833291090923,-0.258003248676492,-0.317182408519024,-0.354926789824121,-0.406905931439332,-0.529167618002278,-0.507728327584047,-0.39780460208054,-0.393390502029058,-0.291095693901025,-0.44386762799785,-0.449682119999599,-0.312850886567736,-0.232132915309419,-0.434754417703622,-0.373169619394632,-0.370432204293988,-0.403318195573089,-0.368104374636981,-0.357946500918782,-0.384005543717133,-0.377737381822827,-0.292790145633917,-0.250239060944191,-0.411736118115484,-0.467192094276091,-0.328515402354451,-0.253552692805997,-0.236141129694141,-0.291282522751252,-0.298555419818725,-0.428564625493803,-0.236116009145712,-0.296492904483724,-0.273231059249565,-0.341546592144129,-0.392829483589955,-0.496589649403037,-0.518741043538333,-0.352929229906723,-0.363426708911718,-0.406525598841368,-0.313121134863088,-0.577588379527272,-0.26177112024611,-0.362206399480632,-0.378968855912928,-0.490287534459748,-0.394467925253087,-0.444761033799965,-0.296534831157132,-0.417707618459915,-0.239430031313648,-0.335402004620142,-0.302184951678743,-0.178192667053457,-0.386234936024378,-0.357999453912056,-0.365218160061379,-0.383337128262466,-0.344998647739609,-0.478078362376931,-0.369618124545826,-0.387919730612236,-0.437555523027932,-0.407488448059155,-0.420250082705038,-0.253336061073846,-0.321383473625258,-0.310555026949534,-0.379670893533629,-0.363441015451578,-0.314187889940024,-0.382841971742441,-0.225339052317372
"PMS-272",0.0588613059021815,0.0476100869931904,0.0585503742652719,0.0949218828058761,0.0170594231753415,0.0943007223279026,0.0201845338453982,0.0618363217572423,-0.00117920198669555,0.156647700939952,0.0385772754449308,0.0685740372742302,0.17393671945236,0.0841190951461851,-0.0134571080914111,0.153551679022392,0.109953300371955,-0.0963655434435926,-0.00815769243014076,0.152024575083838,0.10153680607556,0.129463636446769,0.0386643820430191,0.026665044736866,0.148994331902369,0.0520025978567241,0.119510221839694,0.0343447551835762,-0.132836002563061,-0.0736296538693983,0.0149876913077949,0.142033129104425,0.0955517426162165,0.159393851449562,0.0920154469981754,-0.0816840869476906,-0.0565934979159535,0.190018798680762,0.0201080262084361,-0.121080728587457,0.0133979654474031,0.143620386712971,0.162125821702088,0.0303335294197685,-0.0352858139927778,0.105684888576386,0.146560228082764,0.10201137102067,0.124838268714534,0.0798191050360924,0.0602507918766081,-0.0265530445193486,0.150364438646031,-0.0394341494035947,0.0901504477173965,0.0760270634147446,0.0453375365457437,0.0420245793665976,-0.0093597874539079,-0.0615912655821213,0.0985833629788953,0.0755587907935475,0.0856299921349432,0.0433793396473553,0.0121490851755131,0.0280913393007998,0.0661945643590902,0.0474926344038467,0.101583008389335,-0.0731794671642173,0.0470387376491682,0.0534497609456197,0.0224458686255829,-0.00792930334183739,0.129957984604545,0.0209474890580659,0.140555897862779,-0.0101530694050572,0.0232198821413798,0.0542499356151383,0.138437111487154,0.181640447919959,-0.0459277435091021,0.0257103902857776,0.0895185753755148,0.000346404651182013,0.0452382800369907,0.0006552161921572,0.10200629003179,0.0687082625281917,0.0551629735317804,0.0718428065113959,0.038272942034288,0.025772509614486,0.022130119965961,0.15822909999578,0.0657214937843029,0.0042488589382865,0.0117562858075248,0.163913847349933
"PMS-285",0.612711414212158,0.554158896787084,0.571151505320149,0.545926363405454,0.710385682583437,0.516783622773654,0.588874461344078,0.594247544639708,0.700171286817925,0.646167606482536,0.560363435950756,0.611710909623496,0.478059224378009,0.487959334201342,0.569409992210084,0.534370979561969,0.736395540457396,0.577330475307553,0.49775818810742,0.650183949808642,0.604204377650107,0.540112197586745,0.396894786890656,0.506487150094825,0.609045462178367,0.49358813527782,0.805360112109317,0.60315465133862,0.551820958334097,0.592890152693118,0.574538470782938,0.483339708334112,0.45701923937282,0.571461503763176,0.462659568746471,0.538642850026641,0.554583438255985,0.555742451949476,0.498117326486112,0.586487465159891,0.520392273962749,0.465935355402667,0.525670354108355,0.482129608466408,0.520923659822276,0.435467259305959,0.389409019811624,0.403462393805721,0.660314512930116,0.332302461098086,0.645749669154632,0.485137013138539,0.58954927025715,0.680628787649199,0.455449930531148,0.578756568365619,0.469757150504099,0.600964613995332,0.502400676030596,0.35792348220755,0.446250791908961,0.314977736428943,0.61406009053995,0.620425080278378,0.528974705328056,0.491297674885827,0.711375232455664,0.473905944811089,0.552333907937113,0.672115573487008,0.436009022329726,0.513107824017919,0.375885425019745,0.419556326913175,0.77050565737491,0.722343965001064,0.848844885368027,0.549020837100206,0.5166585148154,0.639341289635906,0.599888116848368,0.684677424247244,0.547067866584502,0.323585471698366,0.673432072995779,0.510275720818047,0.492998371834481,0.578900636559482,0.678955407697782,0.423262183087904,0.637791983728518,0.540117185943508,0.288592429651913,0.498910834975185,0.681018384939519,0.672332043641394,0.548312765553119,0.4988146578409,0.414180152988599,0.355683452841363
"PMS-293",0.393391973525691,0.406872747086412,0.379352022848141,0.394104444945948,0.412523763709527,0.508797029678905,0.662224855394695,0.313381059300368,0.34474800242712,0.471031954372568,0.418759803613945,0.358722514913646,0.42625929090139,0.368777862094034,0.471657119266902,0.312589410718068,0.459521807595572,0.445371619758117,0.386783502736908,0.548380078345814,0.491459476247207,0.455310527318708,0.344717982838872,0.430103096915765,0.397767812110621,0.514772287028522,0.244710245455966,0.432365592119359,0.281855240242721,0.475045007827161,0.485594871569507,0.37257430607349,0.372144817410711,0.490376566729585,0.468882047971332,0.435168155682268,0.334994800276353,0.575475290685875,0.362197895453016,0.64773407851341,0.396950491016987,0.400684325441146,0.565030703187556,0.428281632675647,0.340263350747326,0.374486207859869,0.477493064839948,0.561867034784775,0.386056395798289,0.384064614483396,0.303319723590347,0.53013384836303,0.362733132087487,0.424980178117521,0.445146110879572,0.352869408857001,0.445683183340984,0.318510633090766,0.568294847083838,0.36219789844894,0.332506353257985,0.504687039432405,0.466132592397764,0.392580136917702,0.380645581416336,0.405589274645625,0.401942370894839,0.534806997094123,0.430833035809158,0.637189678518221,0.409070652905565,0.447206547533662,0.382976872661791,0.406218455797203,0.482001422574942,0.250295498930039,0.352265154975033,0.329276187163183,0.306734013802054,0.338467941897782,0.326195494078152,0.185951582867081,0.382011808609072,0.363463387580717,0.463410259152073,0.363305362049685,0.449309125701505,0.554552131214419,0.428509073742123,0.517552248613244,0.521066225048087,0.405727708023836,0.326925625630569,0.424801759094092,0.474838609121007,0.399956304491543,0.469804969043119,0.421479405345046,0.418488414249778,0.363485765424581
"PMS-300",-0.0780274822031489,-0.113203381446546,-0.145412054409835,-0.221821637862289,-0.342765592270712,-0.131995735619185,-0.140506655777476,-0.187223374030093,-0.178447445623608,-0.254670322573424,-0.19930146743901,-0.178342995226452,-0.244772576427009,-0.196873184023889,-0.189749277109385,-0.241040022080707,-0.2898980461026,-0.252129667338282,-0.177961202997427,-0.30282280167455,-0.236112842319823,-0.0675634475900066,-0.184660150611404,-0.232479964252541,-0.0399959362938041,-0.330442490132681,-0.142594265839555,-0.2345098685187,-0.200297254481606,-0.267351960059476,-0.0811284590420666,-0.237870337644811,-0.216450299949691,-0.410716132668418,-0.185482828720914,-0.1360437749626,-0.155086436453645,-0.284326744279735,-0.23596835648552,-0.25720311921671,-0.137958258053907,-0.291665458166796,-0.0545905199411111,-0.209592601728154,-0.205471905122411,-0.308319526774681,-0.154547933467155,-0.168521156351526,-0.271155458387917,-0.196899361035739,-0.265743924377011,-0.127516739967465,-0.199272801771011,0.0491184644106836,-0.172700176164218,-0.223360528500783,-0.17887771874236,-0.0843004727324277,-0.097407830479552,0.044344257548137,-0.249442803581589,-0.259414009837796,-0.150713618944609,-0.0936901722142242,-0.141298318669948,-0.210618971688359,-0.325872547021721,-0.261285942049595,-0.228205374551858,-0.175076462948614,-0.24381882135554,-0.4127971465331,-0.11353676285804,-0.202289387849904,-0.284647188357969,-0.221583601007936,-0.142731659508401,-0.164558679208111,-0.344490675744598,-0.172963068542515,-0.105632838843129,-0.0574855800360999,-0.261990992961799,-0.10548276963089,-0.237040868430003,-0.259152941309289,-0.0661112978890055,-0.144777376610096,-0.2089422515448,-0.140716154582301,0.08590136617001,-0.168258220490045,-0.0232476741586488,-0.193879933659027,-0.139151967093417,-0.296269056918783,-0.237561587491941,-0.241782516920367,-0.179924326035764,-0.229310572064465
"PMS-303",0.2894382634458,0.27419341518644,0.084742077416556,0.38057953895305,0.257388687287429,0.113378348837273,0.261545346446576,0.0827238158439111,0.243599925816719,0.185250458277696,0.272709458047938,-0.0390292512962169,0.306020200479944,0.112127205347997,0.229045847501768,0.357416696591561,0.158549256813031,0.300469892956145,0.0807926877487906,0.266462976232413,0.105031124743591,0.0569094810062681,0.39941082569239,0.195320901074666,0.201818293110286,0.154448572320278,0.340283307140105,0.318144440053392,0.158008115400902,0.165219134550992,0.247745466808929,0.220777428822235,0.0836731451915961,0.219979572372765,0.149410518992837,0.188392324080484,0.149571104304782,0.244152407213663,0.46626775413258,0.181615006884772,0.268785057705954,0.152470466107102,0.129136066147878,0.166100534348855,0.118062386741301,0.292508279205316,0.289214125161499,0.166996946711669,0.211959472603778,0.174253008323991,0.117911143673713,0.302346691945817,0.260930798942141,0.163406411201078,0.198094363102712,0.249071864337408,0.189049821145063,-0.00698573093854286,0.214243758769958,0.130468441920381,0.223898530683056,0.050969709429995,0.21498120658703,0.1570327989721,0.361364070384076,0.186746601382682,0.1333481211196,0.14044410790457,0.277373448765597,0.288053359569648,0.248816451109396,0.174369577665889,0.167582885436276,0.224463218061259,0.263474874261754,0.170377542670646,0.188660025587364,0.342870410778166,0.116376058348559,0.241217655979608,0.134865074903037,0.184845309495274,0.168716745076711,0.150561563098392,-0.0317405523370399,0.359989790031435,0.189025352583921,0.188255342026702,0.177698150565816,0.239179490094316,0.0776307368234774,0.189959258564005,0.218247663174142,0.384744301171141,0.0857367937232733,0.230438063146849,0.268901715601301,0.144495429788556,0.218289473988421,0.076727966163574
"PMS-306",-0.0217696552847902,-0.350637916581688,-0.139103372237099,-0.104117927525415,-0.2185245614539,0.168093716363578,-0.108297118914057,-0.134921620173023,0.0520082038163891,-0.103747804890035,-0.0524540284710018,-0.281551162620298,0.0033726954916444,-0.17745651029423,-0.13208966973978,-0.15968673396924,-0.17947794331611,0.0164823078180604,-0.118613655064808,-0.136110233826063,-0.089768801826583,-0.217033346897907,0.0612363827050642,-0.137960911364225,-0.186054426318132,-0.0154104723411268,-0.022815937888363,-0.0734793796473737,-0.284977361243265,-0.154015365264985,-0.223090580526464,-0.311364279576331,-0.233229489493694,-0.148376690543452,-0.0355219040431234,-0.147938715088104,-0.111878993875667,-0.261357106088868,-0.0992133302784927,-0.0596250330612492,-0.0154500719943617,-0.157589549921173,-0.189494244865721,-0.291206813744242,-0.0508724190167496,-0.181745766758882,-0.097483908583897,-0.0240533334385642,0.0527441734614769,-0.096382071388279,-0.200396659601379,-0.0405699176508595,-0.0962603131346294,-0.142860025813645,-0.148328124777308,-0.0753059532716824,-0.112449918480226,-0.290226885906608,-0.0763489257806026,-0.200715803131676,-0.0969806729516063,-0.118952082594567,-0.0790906725277711,-0.159059436608768,-0.0717958601451995,-0.116238093888439,-0.209710981961637,-0.0345125859363766,-0.110906382156131,-0.0656549701150599,-0.126199634520639,-0.156753068219178,-0.256286430852829,-0.0724435027139172,-0.233651309680076,-0.114584657057799,-0.0624387346345361,-0.0657007553013098,-0.046735788134023,-0.0470892686479169,-0.0593379862799033,-0.0931053925047242,-0.0455365219239451,-0.0332635197829669,-0.381272294785785,-0.118986467495498,-0.29129780863994,-0.210101124219045,-0.10767926636312,-0.104667197159837,-0.169083560324922,-0.19377894757046,-0.115305541267511,0.0521266419880555,-0.143033321728314,-0.149384165066702,-0.00615973636328821,-0.124916622061479,-0.184298499212588,0.118388438454069
"PMS-314",-0.347308400700534,-0.0757543757879667,-0.0138597725059033,-0.162195015442479,-0.0996140013370316,-0.158395126926454,-0.190195277080167,-0.136007846892621,-0.0622054455768089,-0.204554123110966,-0.252173652749499,-0.109733656213429,-0.209333564252327,-0.197906959397469,-0.236849539223071,-0.0869712083140668,-0.185466384047311,-0.18613397543196,-0.119748735352732,-0.135678498623861,-0.324474521106984,-0.183058627018968,-0.114424581076357,-0.187206856855957,-0.225256524068596,-0.306334892212281,-0.25419742932712,-0.170709810676637,-0.194544036768611,-0.0999880437008941,-0.0344260959515836,-0.164676787554441,-0.259458439225057,-0.163933407489318,-0.315253954188057,-0.267155258076304,-0.164692183785672,-0.326597884480077,-0.0799809216447978,-0.203258095619362,-0.0651382179501351,-0.348911485514532,-0.141372293811087,-0.131622237027896,-0.295614402530065,-0.13444405057418,-0.20843582475311,-0.176995152202362,-0.213754744527806,-0.173856288538238,-0.179932481134481,-0.0919918780509633,-0.203365737308876,-0.133255631812317,-0.173364679114564,-0.187080636567409,-0.188172253003831,-0.162416100691461,-0.173957042956398,-0.232553824344665,-0.217414305257837,-0.253881982813412,-0.350471427391666,-0.143580109338704,-0.226802483198303,-0.305663579972723,-0.0613111586916396,-0.011280295076256,-0.377519774499741,-0.148055676433627,-0.119254552294012,-0.235536015557221,-0.267252088983107,-0.216162911765912,-0.134453948281258,-0.240517979329819,-0.294271901033693,-0.11573697315293,-0.343731372622593,-0.269402350088568,-0.186597582552197,-0.251471166078212,-0.185465756149557,-0.218143354086672,-0.379204470101876,-0.0962194947049678,-0.109803225722428,-0.146497080170411,-0.112334126920127,-0.0340717045216855,-0.203627734432298,-0.135744722601592,-0.130521324226716,-0.175785718666724,-0.233461861918619,-0.083556074085153,-0.201566999314517,-0.143475684086459,-0.234760889576504,-0.213748312312174
"PMS-347",0.679328439644019,0.659168354647721,0.68868946017116,0.528059795417839,0.564008279989543,0.665760511840405,0.657313699274871,0.533423230270633,0.718713160690132,0.706591167701079,0.767682708847825,0.571537826124458,0.533361147184244,0.566408412296827,0.676641766737354,0.427172909411584,0.638487253789296,0.606108489471986,0.678791129322939,0.492047606447474,0.620515055182697,0.641406944367618,0.685194016642132,0.630834665843357,0.70451832434522,0.524996982759828,0.465711918092365,0.751937101302801,0.417177033159603,0.684048920191443,0.656949265348379,0.507832613186884,0.664924930226034,0.542613085282373,0.862621293858323,0.599497774983775,0.760331343185085,0.651943960067091,0.895588517783182,0.770110129503124,0.616810484194464,0.756173549949229,0.695659626116796,0.704054076167462,0.612739067482227,0.616709964300174,0.809184736136347,0.574207285934377,0.673522969251186,0.628426412065848,0.742702721887224,0.590627445971364,0.586678522173503,0.677770871921228,0.725069612826794,0.534266782431433,0.572327550571973,0.774933110020215,0.655597778289647,0.583811114300969,0.554163813388786,0.634591891718388,0.767984436238187,0.653099702579792,0.426563338535577,0.64766371758426,0.462450605856333,0.6490671453335,0.71221815053102,0.581293730245609,0.618024139389936,0.727658480733776,0.791194816222508,0.589778259221084,0.413011374060415,0.49564156086376,0.615114749419346,0.46830951716426,0.749786808694891,0.712142442952674,0.638201752382808,0.572471732270507,0.657244629967511,0.666389778804337,0.628192812679085,0.685749146552512,0.508831978628903,0.720099209433268,0.501115821585675,0.67601729585146,0.766443165504362,0.910166278374402,0.635135060896355,0.600782438991598,0.868717165742401,0.536178301065055,0.714626656124959,0.684744260636685,0.762798942716082,0.577060344653679
"PMS-359",1.07141929399855,0.85595118287412,1.20709918916716,1.00582776779793,1.0942706194507,0.712791097098703,0.978565560192142,0.834267051728497,1.02448979194144,0.870237833027518,0.802155816853508,1.04203862213672,1.07119138387172,0.953647913495949,0.904543142186958,0.984677602401418,0.882325751822709,0.869767959014186,0.98474320798077,0.971470054134872,0.747402547952391,0.876305551170017,0.94170628910575,0.9231327472446,0.698254494427799,0.911413353478042,0.941772862866784,1.01254447875343,0.881261856149102,0.638719067724407,0.972870730197868,0.983232857827207,0.951555962379751,0.899445920914045,0.982087347669322,0.921273024727487,0.939059964159336,0.929637764635989,0.952118350668264,0.906590733331636,0.915513249786095,1.01732283138376,0.956873474312031,0.863325642290022,1.00397254770394,0.936482886849262,0.858411110769965,0.998669394490926,1.07212887920271,0.973095072715849,0.95238641450091,0.831240741629754,1.0451707126472,0.891625728764653,0.902251237582983,1.03021260605997,1.07548215344734,0.979395656204727,0.774953856236529,1.01557089141243,0.892568595753424,0.663861656170505,0.950629865403414,0.770226422079588,0.951409290736227,0.840466869354998,1.05699287721983,0.798939684105992,0.81793204893269,0.96926368275498,0.893457727789265,0.878746834315029,1.05470504699691,0.879878070092522,1.05621182945452,1.0318046235594,0.947787862806776,0.958536720716562,1.05618812222079,0.549753567240309,0.914171655653516,0.963003237387399,0.968594725261521,0.807970560469096,1.01936804145405,0.949774826684577,0.973959055476548,0.91558192376769,0.756445521494225,0.783043055770397,0.841625981527036,0.935480245630519,0.941695923518868,1.05273289683696,0.95101831944187,0.921770013675518,0.848065175282611,1.02471294953488,0.927249924959372,0.961094468604744
"PMS-375",1.09220650499337,1.01035612729745,0.970583208929225,0.67423700467838,0.894112878876961,0.84030419517269,0.816811069551522,0.896293671250149,1.01958288889259,1.02864084478067,0.981546295649738,1.06361466449035,0.958248579921941,0.870881359374477,0.847517780448857,1.10457676369102,0.77560793977778,1.01740850620693,0.795470312751424,1.07151191412757,1.11472860825938,1.01949262667575,0.803916299915669,0.811668093025279,1.01617379592995,0.878516562505625,0.978578342738176,0.78298124595243,0.573365174253242,1.02840995554835,0.952371001411493,0.930098451820416,0.769038124081841,1.1310840489106,0.921102921717372,0.974001800238787,0.889013218670383,0.8391003828189,1.12994655351313,0.946383627819224,1.03697726267802,1.05625940767971,1.06240348702732,0.975097296910994,0.962270433701116,0.969161239012974,1.04431280105287,1.02924988493536,0.841743120382742,0.904550208971369,1.02376617216362,0.904104827421258,0.839654076271232,1.0350493759817,0.921676050829244,0.842478187026173,0.974556380388754,0.963671701977657,1.10141061812194,1.0771265718856,1.02285550044943,0.858057277044207,0.893219576324024,0.817624282337193,0.967197745785338,0.798702408156515,1.08748035399479,0.917244787517744,1.09751267465653,0.937513799624722,1.09165423122454,1.03409724034154,1.01501806184034,1.01708040456164,1.0255608391301,0.898399537917852,0.842957492364348,1.05916948084705,0.856189411074779,1.09604162752664,0.882960684417321,1.05151481671296,1.08044989389312,1.07484446503045,1.07880728713226,0.804335039175043,0.746426015020801,0.967092714238833,0.889988893578139,0.891033313076889,1.01892944154507,1.039662908264,0.948881844458365,0.924370353104961,1.05271550958008,0.892919026906315,0.975029309576091,1.10296178873921,1.02063185548071,1.14365284203523
"PMS-381",0.780325227807787,0.951233896776883,0.825884436539138,0.706815287816407,0.772069934062165,0.867318762721725,0.812577466112346,0.967949124084171,0.849900100931688,0.85925990857986,0.932635355454316,0.732851074058763,0.847951536492403,0.972088066009011,0.944119370111802,0.474810675916419,0.759192636442633,0.773612807710501,1.04813196990816,0.651410041310918,0.8076015700095,0.793416341706448,0.866375570995961,0.809916892422858,0.808375518713847,0.824007158681258,0.461587578396963,0.834391727493739,0.614312962395997,0.819187535843394,0.861621394638809,0.886146909494822,0.712332197919134,0.927727407630388,0.855490757967115,0.822705543583118,0.989411778237765,0.769702355416839,0.769896340796171,0.702204214512772,0.789132864122079,0.956406034790726,0.892465043533344,0.9090948534087,0.969662428105036,0.86073069500552,0.850789768759253,1.08937885365092,0.868141823641249,0.762367175077336,0.868252310136161,0.6993187182444,0.810196662380625,1.05316929795516,0.723148247012186,0.615995276731479,0.700147948013029,0.826576550378281,0.757281082948435,0.848000089666619,0.844015071114676,0.843438583575361,0.81066305465499,0.85613968838474,0.967663570344121,0.882035142273565,0.898420111269898,0.611279076527233,0.791934308979951,0.710901991799373,0.651131578065198,0.791900559161664,0.781324562637035,0.881053417418139,0.978727659718471,0.728348204951131,0.823994116001428,0.863971753236164,0.727632606755142,0.784023415512798,0.781416994605728,0.737733947251391,0.778588152428329,0.713042083749101,0.836978580835313,0.825957878533363,0.640498599298555,0.737939088963466,0.645131175299129,0.844738380020115,0.859144801241544,0.837009909207485,0.872234937981223,0.756496168816368,0.536353155456302,0.829251878820578,0.934037692664512,0.875911894245546,0.796526937000457,0.825225157386805
"PMS-397",1.34193498430757,0.960477047798601,0.806616022886574,1.08275182811256,0.977166541717059,0.889503681291122,0.915783470488789,0.791394901554716,0.937584067169064,1.09985478707552,0.973019066944379,0.966453029203573,1.03328258931851,0.941027176900423,0.91159578900423,0.714545967563647,1.11814702408758,0.946267497385574,1.01857977462635,1.12301063055746,0.770706844917075,0.979607570760488,0.903158560993129,1.16090864754588,0.86395980536795,0.815710721479976,0.868724064323636,1.0802411696402,0.951383683193903,0.973259774597671,0.880346010661133,0.835500530364622,0.854024286512087,1.06845508113615,1.04125895841799,1.27067781958668,0.904065925372246,1.14316021398291,0.995442195500786,0.871855294675937,0.889094965020157,0.762528544305591,0.83802770187044,1.05456988251008,1.07987304663286,0.872024775175118,0.988090531758829,1.05049428225835,0.809986959548978,1.18713191303377,0.878834300544897,0.963990904407886,1.12909743608322,0.807066345973085,0.82633009171697,1.18832214608299,0.96008714626905,0.927209135902111,0.888645897172505,0.888587987089895,1.16373894241187,0.959370608717252,1.02741143652963,0.959735906909301,1.00799370869774,0.795216269597163,0.852156704676696,0.997301935259605,0.930487095126683,0.999431941549871,1.34020186611553,0.966740003613101,0.912181970203938,0.984764504454392,0.930779780782587,0.761658319287436,0.802416704523492,0.701689770679574,1.23153009628522,0.787123341943499,0.98440352665477,0.490291793494324,1.04047645356504,0.974424852637444,0.954406418569434,0.885377071065707,0.990823653743669,0.911360243941394,1.02782481176163,0.873706339596225,0.983176478145212,1.0078212738308,0.936246939741205,1.08916214264371,0.703905401863941,0.907111271416331,1.00262487623804,0.981587170660651,0.780394068704668,0.739467411689528
"PMS-425",0.210703615753027,0.199533217596237,0.198329986288366,0.152858070614925,0.23537372110273,0.107356879866819,0.192539139948453,0.186722420241985,0.27618449034289,0.0957713895631504,0.244542043668207,0.0050658531934539,0.319392442329924,0.151405552386467,0.167257809761713,0.104358633164617,0.145598088143266,0.188259647915106,0.151905275513463,0.125146281440616,0.19247609052843,0.112313519390357,0.236132160298248,0.322075657169285,0.226660898081547,0.277368566551594,0.0530057108744484,0.126938944573951,0.136181183321994,0.254329915696479,0.066743554533546,0.313560565461375,0.125536597024626,0.248289282098326,0.217792645396041,0.176398684812849,0.10710938424617,0.322101376945836,0.0660182129989127,0.153218614933752,0.196606188602163,0.237450885575279,0.228160662839119,0.19560839616742,0.18837967095188,0.18301698035258,0.183405833862822,0.182066724692204,0.197442942911946,0.128962237736759,0.198659486953254,0.0888520833124599,0.1755765476155,0.120533085475261,0.119957554616964,0.273473516482313,0.163351779060529,0.0444382397869267,0.150059938628105,0.287285190670302,0.343852401261789,0.130766642696513,0.317057736163336,0.0990515317852188,-0.0131985578852389,0.283348841959513,0.15775485831989,0.126773938329394,0.249175195260182,0.259116102756325,0.209803305610859,0.202530718759198,0.298668117232276,0.148016113343472,0.0337962420001123,0.487739326111286,0.132671519361088,0.221494292118458,0.246699099774277,0.11235943799116,0.0675855637020513,-0.04790632145243,0.177975791472248,0.108819698025667,0.125430500358214,0.239114643412893,0.332186865438473,0.238054032737712,0.156334308004137,0.0940988919399208,0.126635714020872,0.165157607886014,0.159833992403837,0.176652499970129,0.321657114764879,0.0854305081584422,0.194583414463666,0.253514365483244,0.283135139502009,0.177064584648917
"PMS-436",-1.10115805606782,-1.25977114783205,-1.25797024930331,-1.68756804543721,-0.0218229913914639,-0.155908393227233,-1.22485103745107,-1.19238887217811,-1.00280181989034,-1.54822238051156,-1.23422975357867,-1.07770567542102,-1.1916084245873,-1.19359422641417,-1.11834294222418,-1.08814228092555,-1.0486375249077,-1.31486990031447,-1.04877953285928,-1.10328505529321,-1.11173900717459,-0.10317520600897,-1.15796003948157,-1.16304192009586,-1.06546248599262,-1.07679994717402,-0.779339862949414,-1.2515024912115,-1.19443373477849,-0.964029869783392,-1.11646132384497,-1.04715865856074,-1.27617589137733,-1.11421084284715,-1.24306992031356,-1.03318767708575,-1.17270821145023,-1.09977137296959,-1.41394152153314,-1.16244088152808,-1.68694244632893,-1.09280975560139,-1.04813445301265,-1.23954079947658,-1.25177094183926,-1.21419162455492,-1.39080837082487,-1.23521668669531,-1.01733820159952,-1.60993422541473,-1.2181423508879,-1.14361387326155,-1.42902747511017,-1.4279235335835,-0.971023928071692,-1.09252018663439,-1.40658248140459,-1.02408115905263,-0.0998124958324654,-1.12903604005466,-1.43500076486835,-1.15753653680372,-1.09833529510033,-1.07208835527118,-1.53692285622803,-1.27352260791824,-1.05144388979947,-1.29816579465398,-1.13621397146454,-1.17309986671794,-1.04322249492424,-0.00852554927275357,-1.36015478126354,-1.12898369401501,-1.11425690087963,-1.39661824831886,-1.20777805776625,-0.181163086771656,-1.20410231957285,-1.23246798763786,-1.03619780881519,-1.28159352820254,-1.12456338213995,-1.12908597143604,-1.5235370044754,-1.48314708402065,-0.938301197764887,-1.0708469633929,-1.20012850818964,-1.14012686396357,-1.24679791265828,-0.976870479515035,-1.57445925970538,-1.2279103762824,-1.22669112211972,-1.09797752507729,-1.28508441249409,-1.06662987568833,-1.15449700705169,-1.25197087997904
"PMS-438",-1.08558871703806,-0.796659665707135,-1.26358779138072,-1.14826495126446,0.0239475069116272,-0.133475569718374,-1.24752324318468,-1.41736213133782,-1.4001658088642,-1.2801202649763,-1.19069246484491,-1.11801001945578,-1.47473460383219,-1.11526386924747,-1.17352328126925,-1.43358113081405,-0.871448980638368,-1.20520040003535,-1.12889627478802,-1.09690442208746,-0.963760703924648,-0.0732646956393242,-1.18781179201716,-1.32265106993813,-1.08711677643927,-1.49375881379025,-1.5429712457464,-1.50676728803412,-1.46096647200318,-1.51303291954483,-1.1498421982758,-0.972478803715345,-1.06727889118329,-1.06864421841561,-1.1644946393863,-1.02274055363243,-1.20806737710498,-1.30461826740203,-1.17603943325307,-1.58159963606929,-1.21504156294803,-1.10245443263623,-1.00991171047935,-1.12908965939987,-1.09573483827077,-1.3081115087261,-1.21156766946349,-1.00023346954137,-0.989947230637837,-1.13417017053897,-0.687834417931007,-1.05788893448209,-1.22216904252864,-1.07124513901063,-1.28489898800786,-1.15488692463829,-1.02103414275154,-1.25668301439944,-0.0511199051212879,-1.6395975596175,-1.31157937037704,-0.985811411897839,-1.42883352581265,-1.07845127723299,-1.43936023748372,-1.08501366464634,-0.934077817305441,-1.25797194059404,-1.39377122058876,-1.27591711434682,-1.17307848473725,0.0110994279894927,-1.13960851650302,-1.31986309501084,-1.15309298642792,-1.14006483950646,-1.25672577913481,-0.15031839946958,-1.47376331312066,-1.35666130701067,-1.15916998861234,-0.906958830226838,-1.13925733778418,-1.12440437310702,-1.15395205423487,-1.32495811995207,-1.07612800272358,-1.19729814592147,-1.11637852359154,-1.30700254293226,-1.24877313916781,-1.05345643073414,-1.03139617505731,-1.20741489204521,-1.29247321876777,-1.18373262584375,-1.1335115553857,-1.28311980039096,-1.10151974092464,-1.20297087967278
"UI10-00012-Cabaret",0.449705947095575,0.518649960841969,0.567999053100557,0.480890338796084,0.541594358827338,0.2589746987271,0.559227809456349,0.492270267487829,0.592052412380747,0.592935451896382,0.289950828436925,0.567235680281727,0.492244775295637,0.457963420698658,0.469022320543731,0.281687593005894,0.664020303596476,0.522147151014961,0.30553092828583,0.654500554577398,0.514829726420839,0.770894672137549,0.610398886552175,0.579673349115911,0.560731574956515,0.405628485201445,0.50495499307631,0.553180403907336,0.501944958554821,0.60454980933738,0.558558658613156,0.544326867675369,0.599850172970223,0.527619291274307,0.534693231117293,0.457455415847573,0.608987165602369,0.756048008839496,0.411357745804627,0.516218061552429,0.547726928164582,0.564779025126289,0.572199134001818,0.585989965787955,0.314805251379107,0.542477513572791,0.580018288633056,0.625938966223544,0.520894283247589,0.597482445588676,0.56231139225727,0.608658230736441,0.59190338625091,0.501021077299194,0.622971486477641,0.548986131000142,0.604388320960875,0.205545906965264,0.58981444963315,0.63019784735738,0.557877282988969,0.552158444170818,0.495804493597115,0.615586531507742,0.524454396049808,0.565221069499063,0.73215194314853,0.516000846077344,0.599805506588993,0.556838183071124,0.531379024946694,0.267024534365526,0.519365882279997,0.591982730502858,0.529569013915763,0.568673842564763,0.581038400516659,0.574247858344939,0.579014155598418,0.501508133748319,0.185097682331511,0.547858628839132,0.493944237879259,0.67173145995949,0.459774865404493,0.541040493380394,0.498112998478805,0.560177028634378,0.552839707971338,0.554260405265847,0.72523728200019,0.466685380494613,0.518278941423037,0.545054704083035,0.523385309153489,0.497242688489133,0.587798587474796,0.521402396267447,0.656612220968839,0.473191919459995
"UI10-00015-Cosmopolitan",0.361261014283909,0.268734394866119,-0.104998884649133,0.238944822932575,0.30494397093368,0.270731917849507,0.284442144937574,0.276695460905184,0.187318323735533,0.247457611825317,0.2360315554455,0.257577589377477,0.197596660947934,0.289966968377192,-0.0773600595782776,0.33435484246269,0.192878711776903,0.241903362773824,0.30436738016462,0.169997016211332,0.19320497504174,0.586087444177295,0.22640848713323,0.515816014999658,0.239777161645725,0.290045467781724,0.185820200913585,0.225721306348452,-0.0233127277360173,0.289752169062486,0.254647433680493,0.239053342652543,0.176460715771615,0.407947844537552,0.244529631887588,0.60477953134373,-0.0285331942688828,0.247359590590694,0.57726648468008,0.278945050166143,0.234763764646541,-0.147220404598156,0.177697292831618,0.293932963832622,0.330566510369846,0.283244287738632,0.230034780921834,0.266046724338407,0.33519253440351,0.27031306084476,0.564545399733331,0.334435578414264,0.271229476807224,0.278823679361903,0.301026943461756,0.234210389544758,0.302820139319448,0.241679383791106,0.224944913900338,0.355898687867051,0.200855161747152,0.25067837635895,0.32938695533554,0.245801736239856,0.179406191025848,0.240602773203987,0.182175721209914,0.217065589070336,0.299168482340915,0.217123477763427,0.3539673579041,0.357902266294583,0.236573027093417,0.248861496517395,0.408846257040565,-0.184812338331839,0.254385856521804,0.350919761784382,0.230355643246995,0.316937792360161,0.364180246726185,0.268634234209823,0.24641484376091,0.304031593442884,0.592845738371587,0.368266741019274,0.270686651682552,-0.0960770758780903,0.316994541706927,0.00803950653179468,0.309030629920742,0.32479321265553,0.230734020209347,0.28441206584055,0.235364781305557,0.559593450893963,0.259435370843239,0.332501967860191,0.260046884110617,-0.0247646379803424
"UI10-00017-condensatus",-0.00355881022364629,-0.179681406114421,-0.120945903208195,-0.122130586141167,-0.266092760898738,-0.176068011578743,-0.180017575958977,-0.190580226838995,-0.118134909606309,-0.0628251226203224,-0.186081843508744,0.0408491532913524,-0.144578851913005,-0.0478262591374845,-0.0734527237750004,-0.0702277350180483,-0.16490266361846,-0.185409424637926,-0.152625961024073,-0.107357083641511,-0.112387857676936,-0.0551361164249106,-0.191419288460783,-0.0955818676903,-0.105393567402706,-0.14904957985873,-0.137754417818354,-0.164518208838126,-0.249673499071034,-0.0570436679998744,-0.108347192240019,-0.223772666351795,-0.233317771631626,-0.161510987884296,-0.0954397233496727,-0.124956219747236,-0.12917619506613,-0.12935940451069,-0.0220172923007231,-0.0660721754256094,-0.134392867611487,-0.0766821561048335,-0.158956967765439,0.0005194833251794,-0.131273398975533,-0.175682545820842,-0.0922861473739534,-0.133847371004724,-0.0798656050174458,-0.152894043924528,-0.177026394134304,-0.178695650353556,-0.123283247077472,-0.122006429915133,-0.119416994527096,-0.123885302483127,-0.139481788725045,-0.0654239779572564,-0.137998013527729,0.0449289873131817,-0.159403363702668,-0.178557308650629,-0.0127183705268987,0.0699647505260543,-0.190717327872899,-0.146265022217651,0.0739147942016721,-0.150246630527632,-0.0555193450189742,-0.103371188205478,0.037191024160271,-0.127798575103176,-0.117857956301846,-0.168180378719597,0.00337004741402478,-0.132887170173587,-0.117198693072685,-0.0376605750455691,-0.130916331380448,-0.136564758558785,-0.223516257642459,-0.219723574074453,-0.12010860662566,-0.248340128638739,-0.0399157924240698,-0.144559655618067,-0.122086980135502,-0.194243200120819,-0.118548925940795,-0.0950179653811982,-0.11051904391835,-0.103856169827175,-0.0959260891033347,-0.177076252414851,-0.0687998453858159,-0.184268015187433,-0.0987619813821347,-0.0837792244867881,-0.0661165334038681,-0.241490680298088
"UI10-00020-Adagio",-0.1618347435634,-0.0677398338233462,-0.136177572164933,-0.18620516292956,-0.167020933754837,-0.1757360580344,-0.204495331949907,-0.139172581669978,-0.112191108091039,-0.197115213093781,-0.152146569106504,-0.118540449846503,-0.143837263941557,-0.144886657873683,-0.122146605652452,-0.121244041690235,-0.196899302955415,-0.183218997440289,-0.159548767095054,-0.182479163812558,-0.16409428239721,-0.159174256310267,-0.183958775204877,0.190124279651875,-0.19501657628568,-0.132490255346378,-0.16916172603313,-0.165371916815621,-0.11915008989349,-0.110476239939895,-0.226086338558771,-0.235791388833896,-0.257467573407697,-0.275831336800164,-0.229859496097354,-0.123299693164311,-0.372704119078051,-0.178500617788718,-0.147283260782878,-0.258135022941634,0.163591538047255,-0.19840347712915,0.202176886621457,-0.150773845471768,-0.401113692957076,-0.106485124042272,-0.240194953769466,-0.159562283595857,0.200041975237911,-0.0880836558821546,-0.197828310444149,-0.301729422471166,-0.152507712239096,-0.160892144599497,-0.198114515402265,-0.22536468662303,-0.168217535754447,-0.225656056209793,-0.109773165288723,-0.147782554240461,-0.120839552678994,-0.231016946899601,-0.164489590387771,-0.13687146931376,-0.186323076634259,-0.5159667153217,-0.247981408355197,-0.119149145901669,-0.17659334227116,-0.161429178461228,-0.131483929552405,-0.239582846522909,-0.111081654932429,0.155721894071685,-0.180987425442057,-0.149410160772037,-0.148396286772406,0.195568329858615,-0.195999482416565,-0.202693358245919,-0.129387052859004,-0.142009786458342,-0.179070605612396,0.0203157670797437,-0.214293026965688,-0.167229871702072,-0.123240388382828,-0.140301444540687,-0.161390242922344,-0.16218514699763,-0.0913178753641544,-0.167602212778937,-0.138340618737607,-0.22059552383874,-0.125090991903369,-0.237794833989803,-0.194104287100678,-0.138990330006724,-0.147481072472223,-0.0571772173445238
"UI10-00021-Allegro",-0.926075605458107,-0.972287160515359,-0.703935152514447,-0.891327640548523,-0.736011209892271,-1.05022248167524,-0.900135815820705,-0.932132359220923,-0.949855804315278,-0.851529540000505,-0.908576022531241,-0.930089620223752,-0.994313647687667,-0.939896400701504,-0.803345332309525,-0.977600979342687,-0.92473731061101,-0.928226869230945,-0.958262510934744,-0.956684516063154,-0.774377099965286,-0.942266358586252,-0.977678094209169,-0.983727811496559,-1.00615718690202,-0.870677339514929,-0.857943642435557,-0.950866243389157,-0.891862379732658,-0.902403509870511,-1.05639292042045,-0.864113538539499,-0.893096705926576,-1.00124517358819,-1.15170402825111,-0.884198532453877,-0.925892635523344,-0.568501999832899,-0.87953688864551,-0.914006011053592,-0.81545200897425,-0.860584320546798,-0.90657664308962,-0.928253641899368,-0.92715284925402,-1.05822463668524,-0.922624074980889,-0.913455431834737,-0.854526970368092,-0.88907548938376,-0.843984163605704,-0.925641621579381,-0.955077853648852,-0.957355475138084,-0.603222488737992,-0.987632203766241,-0.941665401316789,-0.895195101927402,-0.990339100306155,-0.974526199424114,-0.642378253725856,-0.903469399561561,-0.973427532551822,-0.9025301391179,-0.906224576589388,-0.934654949060559,-0.875610259708529,-0.881769544014671,-0.946473948598073,-0.863804207379898,-0.942431928830436,-0.893787619682801,-0.875559907334741,-0.879515321276983,-0.916420847260587,-1.00087574707295,-0.655687884254444,-0.853336500085244,-0.80310531229948,-0.912670314333747,-0.922802691941929,-0.840152721682648,-0.948457259961976,-0.860220163278103,-0.936878365774663,-0.929752080251551,-0.61729389228287,-0.906509740600657,-0.919493778738439,-0.902939105171893,-0.923432400206022,-0.960472107346766,-0.83094750276709,-0.889668015902773,-0.981755206361062,-0.817893674111263,-0.918482976665364,-0.940615045057537,-0.838722905615509,-0.975140068589311
"UI10-00022-Altweibersommer",0.179038750543082,0.116694875439881,0.0490322960362731,0.0770466951598246,0.101722550118528,0.00709742768996954,0.179573720931151,0.155276145199706,0.114268524635801,0.130759917518249,0.104037067346509,0.145805057118107,0.0383377530681896,0.0826802222333238,0.0552307914422489,0.0702612354556216,0.131517635309483,0.133946943589646,0.00141688081415346,0.0341335876462058,0.178526241587792,0.13898092313613,0.162280113693349,0.0616685696422589,0.104348691468799,0.16011566744739,0.0934759515432994,0.049859591623321,-0.00961223888413524,0.112909843404406,0.0721853951338944,0.247088322618309,0.145931063012439,-0.00849509707353267,0.193823471245568,0.132884498540474,0.12996300641854,0.0348282332645614,0.100746676984474,0.186944660761295,0.103582613864269,0.0776574698898437,0.102969667688566,0.131630879135398,0.165770416102217,0.131885689411096,0.342429695487651,0.119313526649777,0.0498950656096968,0.172079450171834,0.115827350697966,0.136404503635594,0.119423670081118,0.0081362867786557,0.0933393336669187,0.106496134448539,0.0985867865664488,-0.00737553889642057,0.0104101167665098,0.0935751334869596,0.0621840740189978,0.0466693645464062,0.136481174922537,0.251939710794687,-0.0190573637434571,0.0975610580011712,0.113542261279848,0.0800108375500015,0.0969772365010285,0.17453561421273,0.0814176627444522,0.062894440530372,0.0371807224063592,0.100646621785982,0.155690737975553,0.00770274438024342,0.119417902978731,0.00205829892514877,0.0147297994537665,0.0740377187573789,0.257088816882434,0.130522840459476,0.116094539162974,0.149639269224137,0.0902975238838007,0.1369942485353,0.0140246531111586,0.15205237630463,0.0543790816996316,0.00276684170941203,0.171232586840594,0.0382718220579402,0.123292799012897,0.112620857018882,0.127961370959108,0.15750424855187,0.219836372328403,0.0413684527408433,0.144730042385627,0.0890449148378805
"UI10-00023-Andante",0.218954463574285,0.312979389453876,0.330003317250127,0.327148696396328,0.205991586943299,0.219787416827754,0.393272763259121,0.332398796052368,0.178808002117026,0.252745798208579,0.255714212368303,0.215581505127961,0.304996370607881,0.318041867501662,0.254512231408753,0.215159269829788,0.397395163797135,0.281759915870897,0.403507076082309,0.169496423246261,0.339029866760935,0.178397890922962,0.375403806567701,0.226181737289316,0.332021784492485,0.245328728913934,0.260425159431807,0.269732050767925,0.292150961255666,0.337237803595336,0.287626616638934,0.194622843174582,0.256079149315304,0.322642872059335,0.247902325833747,0.221394166711119,0.230938408697186,0.254130749995448,0.351387438507305,0.374543986478339,0.331697817471349,0.356837031844143,0.300855304642476,0.252257702810355,0.3547425520929,0.28283682912152,0.268042072141176,0.252576143542927,0.465453512364997,0.348799046932562,0.114299654010669,0.272854763701188,0.383522519526924,0.19612300567496,0.3179482612227,0.296680970791158,0.338862006694704,0.224693777231554,0.300755319940188,0.439974151621787,0.397472568356724,0.229506489963178,0.330452079168269,0.273221467158159,0.237846357901619,0.2127819430161,0.21974361492384,0.244874435773819,0.335805266242102,0.433137008357882,0.298530793353169,0.149451621050945,0.22478700723745,0.307760965359779,0.194636008474976,0.251189583151414,0.211314598386481,0.303402308101904,0.330136811255388,0.310348037065454,0.252452399355065,0.278751346603227,0.276084237851354,0.232581632154553,0.262171129641913,0.210918421771459,0.272442999993747,0.160120513001695,0.340368123954775,0.276668759681778,0.260885768004407,0.27405475339675,0.27001385433662,0.354211772919657,0.269519501984878,0.288956138801971,0.276484371577208,0.268781692834116,0.26805224561343,0.193517985702608
"UI10-00024-Arabesque",-0.0861559383131083,-0.0932153444134459,-0.213877124591414,-0.1040789306342,-0.224469549034914,-0.0727784480022146,-0.0637042929582966,-0.119397320367982,-0.152641259503894,-0.0782088078218947,-0.114229598356041,-0.0800263163963304,-0.119390117059694,-0.035882923282225,0.0128382094758167,-0.0439412242405063,-0.118155207049192,-0.0296355122626936,0.0190082535849239,-0.0726290157235804,-0.114930513537178,-0.184750537396789,-0.473062662311716,-0.107427448812188,-0.0553067573608087,-0.0637804235732628,-0.138594891684185,-0.0190653326985725,-0.201702756839608,-0.160706313674154,-0.10202288381417,-0.0336332971947332,-0.372642392406365,-0.0994887868577252,-0.0764565546419298,-0.177459786376512,-0.119340308144448,-0.248951901794229,-0.0097022580494581,-0.0956963180219848,-0.0878033545770404,-0.0968905726350131,-0.0438406418699081,-0.0852350612102033,-0.13328541370643,-0.0690190442329517,-0.150515432677219,-0.139572738346051,-0.162494262538677,-0.0908471135005001,-0.0797409228560805,-0.191590118180466,-0.163863045272235,-0.151161358957882,-0.0215456489709477,-0.0602164396889237,-0.120513638103625,-0.0775310783803605,-0.0472767686174861,-0.107337853257133,-0.0603953431150951,-0.131072675036125,-0.120600206789876,-0.198032855264178,-0.168772359934452,0.00758739491948385,-0.100876572621882,-0.14706982776876,0.00915720557007027,-0.132518796904173,-0.196300857529779,-0.0856422607510417,-0.0226311433895043,-0.11463300775153,0.00369072747336768,-0.507121449986737,-0.0868201482520157,-0.148754789698811,-0.164103040712544,-0.0439486079085779,-0.149665483299988,-0.492057594181184,0.0259857170653357,-0.0280464896649689,-0.231653929270982,-0.0338674019166718,-0.25604723373945,-0.159398741059147,-0.121475984778532,-0.191643325719083,-0.0622225169110915,-0.127275340612281,-0.102004320851327,-0.198577183216858,-0.583105955923124,-0.42886909519338,-0.181653616686359,-0.136740174558752,-0.228894045386841,-0.142449171886688
"UI10-00025-Autumn-Light",0.460794431108051,0.218367140012352,0.295324663278759,0.161842861841621,0.195358429961944,0.245216192013065,0.17747916109897,0.242072131856819,0.316134966938566,0.340983542063335,-0.496110685098383,0.352213675312843,0.362890803437337,0.210907353762829,0.207506530112669,0.182303057375537,0.371823261144539,0.217779557010471,0.23727719615986,0.433968330801994,0.19427980345586,0.138681164528566,0.224430548635514,0.281315804852757,0.261202899546082,0.416685145935422,0.317461392870008,-0.0995087365119987,0.280399452467352,0.40735904503449,-0.220010780627624,0.132084614775061,-0.275024806929319,0.240060266540956,0.222100588707315,0.247389235675141,-0.175732300725905,-0.271554828919653,0.041358352729881,0.290018554926904,0.282286538166966,0.306847614637223,0.34417531072394,-0.231351883695283,0.319832636719398,0.693151680280958,0.352608601707069,0.179782042134684,0.262793589291624,0.215215205779191,0.269995727008993,0.357929221148145,0.265993568517696,0.165058026346488,0.26859356866898,-0.0574987702569564,0.268412200734932,0.142353792379553,0.284500489734783,0.42190183080601,0.167601132639205,0.19020947561751,0.233988314656961,0.34250557974586,0.14455912239705,0.237927014686845,0.171603001608877,0.169029023188267,0.295765746472973,0.363814300392631,0.092067899116709,0.354513464497017,0.185180281844874,0.572136332792387,0.158688721783866,0.638436667645182,0.229258490059051,0.243932265856656,0.187146194976842,0.262456665616728,0.260695597362699,0.118867097473688,0.331027373491213,0.218503965423495,0.282238203073897,0.333948163204248,0.509894381085459,0.0899850369074226,0.23739308977079,0.208741687896562,0.496965964410619,0.0986705178325638,0.452062255075185,0.315567171495538,0.237532891853635,-0.183413749325924,0.19242111103308,-0.20118322439786,0.170560277295823,0.273215094247571
"UI10-00026-Ben-Graz",-0.270445354023194,0.2973022060373,0.405087217487897,0.127583966623292,0.198637536881711,0.0201243582632417,0.268802168263747,0.14318447334013,0.293892275540328,0.0237535450057927,0.148712033648656,0.348686353063314,0.503895992936624,0.104912575922586,0.170767012929594,0.29026767630296,0.328995471590921,0.211211827776611,-0.137493528002963,0.186768864501028,0.177891496523801,0.165972993849367,0.144825762804705,0.0278535001916686,0.218282636425863,0.183168589489492,0.314399988110171,-0.0788068937077154,0.0306136925906003,0.324397693867564,0.219445385118917,0.118696806876842,0.144685900920697,0.0136676783419663,0.287659961637094,0.168073949305773,0.128725493233746,0.23996935596146,0.14923309982852,0.299765768624528,0.0188101914372977,0.184117094088327,0.249871398539156,0.212463370572678,0.104775555034926,0.661983618349102,0.439231454013528,0.340339941257848,0.352005750131001,0.273258844547153,0.0574819905181048,0.0306998810529766,0.333241691490166,0.25319418388212,-0.0907670839327701,-0.0123886208801279,0.184216882250646,0.289331768590011,0.571443256065291,0.31521909213524,0.0703447041250302,0.209398618883733,0.613403712197167,0.111906554268027,-0.110867920858715,0.171376111682483,0.247622790732769,0.123042588075136,-0.0894730137302364,0.199277413156413,-0.255128444865821,0.227103069567971,0.247673858248119,0.209544025766382,0.218080240132297,0.246226575990878,0.140121914559647,-0.107072586233017,0.208933537170151,0.26648340205511,-0.0415707228376549,0.0730959999231575,0.221611555324441,0.221410268738901,0.193440649832662,0.248331213247057,0.134472143905158,0.251993352581984,0.0212296490734038,0.0476274020446343,-0.0591229166505255,-0.123601887782366,0.368061205561665,-0.0365415702012831,0.174598927385524,-0.106491597144441,0.248797458931921,-0.0232224476064487,0.237600274016218,0.274288053879035
"UI10-00027-Ben-Rotkopf",-1.75764593785577,-1.65557540410096,-1.95126328908582,-1.67904268255849,-1.85812081237361,-1.91054142902323,-1.73267917653052,-1.67258135257261,-1.80617802869905,-1.66619293506855,-1.58102982638867,-1.5190164610759,-1.73315561708839,-1.7126222184993,-0.985907159570292,-1.84105380944596,-1.73293246154959,-1.43712113486236,-1.70787627675922,-1.43268733797576,-1.68332905278662,-1.64960222378303,-1.77399705556426,-1.07050701984931,-1.4848008532127,-1.79990480923577,-1.84056435571787,-1.52798107246179,-1.79338525771592,-1.66220908223099,-1.5830694746363,-1.59594324007885,-1.81645114371399,-1.8052017199965,-1.86926627316469,-1.84768942139217,-1.72016435255616,-1.66698093620842,-1.78779879343943,-1.72047213662526,-1.47699899706416,-1.7870164189643,-1.79942746124476,-1.49319938998135,-1.6287086175643,-1.85377021919721,-1.78065274848661,-1.62199727049233,-1.62879781473139,-1.07220973241472,-1.034083950997,-1.73855919062668,-1.85268518755601,-1.54412797670329,-1.50600256337231,-1.7284475148619,-1.77656145935013,-1.75932034527254,-1.64998559027414,-1.79899498054127,-1.94834521345095,-1.64682935860237,-1.569203587072,-1.60472864153216,-1.62555543915549,-1.79006833653731,-1.71667729045551,-1.8896667709415,-1.36955529204631,-1.53085275869569,-1.62369374033649,-1.8006926776215,-1.83950753799263,-1.85369516508062,-1.64980439322406,-1.85456692279053,-1.71532820851299,-1.5247326990643,-1.73035358452496,-1.64026199824368,-1.75890955270428,-1.79613099029111,-1.7108989181142,-1.72025778150794,-1.61250437418474,-1.62757632534556,-1.84364254233748,-1.86567423868532,-1.72511439580555,-1.64542156334215,-1.63451029292959,-1.63430142091359,-1.5998205128961,-1.78095060872372,-1.52434264638561,-1.62196587227413,-1.59340965534806,-1.88837881868067,-1.01094797362872,-1.94904345940938
"UI10-00028-Berlin",1.14174262903044,1.02008622297758,1.20219310427517,0.991309130591304,0.958620369850327,1.01070266044346,1.04151473044773,0.8988194821801,0.969209388516749,0.556394208800406,0.99955375281004,0.911917217406347,0.929005156809235,1.16242442131175,1.01715351104137,1.11854563116618,0.986496847710244,0.927545707313609,0.595984812808236,1.0459813823981,0.996821304065093,0.912172882303851,0.994871641590837,0.967171850402437,1.17490230770705,0.896946675079454,1.01289695650821,1.02053617920722,0.879574299431164,0.93561558497134,1.01248932377418,1.01869042616979,0.442508230113211,0.97706771986578,1.0875136686755,1.11110930204605,0.985644834749168,0.989137725816967,0.944188923537994,0.927184210250492,1.00200272487671,1.02351901184621,0.982259352990624,1.05090598059859,1.06751431614573,0.653327106956581,0.98658265381673,0.494409798416069,1.02268780098848,0.954293371138279,1.0838188920626,0.893093176331156,0.957871757815877,0.510165939193877,0.564011174446232,0.957574101832997,1.0122583232461,0.831599216499709,0.91768313328767,1.09506836883131,0.908899204508446,0.966675509170472,0.738708693955184,1.03893700338821,1.00187472406321,0.992039296334904,0.665633240490725,0.927235147963966,1.14125609339795,0.492756718407196,0.982126743597026,0.920754367161003,1.00717229714501,0.940095447533774,1.07616396455894,0.922266132029875,0.999495244602209,0.911982153806876,0.982142636200146,0.904368313627878,0.884360492640457,1.1930229977492,0.981646459950686,1.0398261803019,1.08337381146254,0.444939056516029,0.977111238379998,0.891539732870562,0.792174388990092,0.964625411188929,0.940839312878226,1.06776649231461,0.978848896184715,0.931365189989268,0.799256494592428,1.07289702343141,0.904884861858577,0.971935389678474,0.67030973855204,0.92437133386949
"UI10-00029-Bitsy-Ben",-0.771463931783736,-0.968965217451911,-0.942471443927968,-0.874167608932034,-0.65295134469475,-0.981205516558905,-0.918130791499711,-0.920625539584913,-1.18339283874453,-0.960123600751535,-0.90466893931119,-1.09860715577679,-0.810322154769079,-0.980762071812496,-0.805233895838441,-0.677265929277266,-0.883212574575345,-0.783235511919858,-0.956115898302708,-0.500390232695802,-0.864207932316378,-0.870219376622012,-0.870919005775731,-0.881518915024443,-1.10145274245817,-0.883409266755478,-0.776541935380026,-0.930966598624344,-1.22595084353303,-0.951858786399783,-1.08543070894683,-0.847261330790096,-0.885437386120302,-0.841340563982503,-1.0306312993499,-1.04617369579501,-0.987268083466469,-0.911194818822767,-0.931305354718994,-0.960359966945199,-0.816608467243909,-0.888921179109386,-0.981849375720626,-0.903519487922835,-0.976322827412272,-0.801585089985889,-0.632307828631482,-0.867501334529319,-0.896800536573084,-0.918675656891724,-0.891413924339267,-0.992081247480911,-1.007689008462,-0.867510286834328,-0.748529175698148,-1.18248676309061,-0.761318570050486,-1.07183484910108,-1.01640903948904,-1.03373040296967,-0.914503721098116,-0.922681821393362,-1.06858831002418,-0.833417890708697,-1.01611512531283,-0.965055191341424,-0.846025418817996,-0.847332116087355,-0.876708902020292,-0.999275320917111,-1.26967566767739,-0.711844679149527,-0.857862268848555,-0.931943181428033,-0.95961705784179,-0.803657050693507,-0.656682380154148,-0.87308531831418,-0.824203354641911,-0.964022682840864,-0.826585445893154,-0.825030822451136,-0.985253425635422,-0.893392406736112,-0.860485828747342,-1.00792136753178,-0.942615507195146,-0.658122674681354,-0.587204394653976,-1.03568675368428,-0.997415274837438,-0.795052705122884,-0.903327576228003,-0.62437522500549,-1.05168347632839,-0.882550483528853,-1.07359115710217,-1.09907198017502,-0.992060139888585,-0.920262341096404
"UI10-00030-Blondo",0.421983308452111,0.263599683424648,0.227888001899935,0.27132575281043,0.338050023061215,0.314544911215326,0.230199829787342,0.23981417906701,0.271692705267876,0.195678610917172,0.397939877177415,0.256309640366699,0.315239148769532,0.316549129667995,0.304936348049234,0.264649605845495,0.348464261131146,0.300302584985505,0.303318945193082,0.27121814664594,0.291904220523303,0.301752850045161,0.22058755576517,0.329720728930231,0.28499312305534,0.253197307602134,0.208247998254474,0.375403407165655,0.220165130209886,0.269669777245233,0.146172001277893,0.269955525715532,0.287136790238119,0.354507957364189,0.19658854794641,0.254452760864432,0.315862111796724,0.387289081539017,0.275430634087536,0.300531025143401,0.268774446667014,0.265604181495299,0.336494525990104,0.293388042446566,0.340361958486546,0.283085546967752,0.211651580257694,0.276990238393276,0.335387987743096,0.325058769510432,0.319131519017414,0.297750747344941,0.168617394843248,0.261798116076707,0.321354408719407,0.292512341852032,0.254505234846796,0.267117001847157,0.227007161299767,0.18831920632453,0.213591633283787,0.288222837266013,0.302312905265971,0.241075677228669,0.128811746128008,0.231658688822129,0.334802756595845,0.293669572015037,0.245083507388042,0.329826590636792,0.458365893715713,0.259748325824102,0.291473501653386,0.217426343586474,0.329112891603648,0.212935559654498,0.350525874743079,0.252390132832618,0.287101788391997,0.28914414049421,0.346880344792249,0.307450333019186,0.314016846967107,0.218238342112459,0.276470616463358,0.213744832684099,0.145374274217989,0.207373369928216,0.254239410196595,0.247102707045582,0.238363968421767,0.169180720902741,0.289578124203526,0.226262038097682,0.250308217325115,0.20686314766219,0.287455116125066,0.278077337935936,0.327226980816142,0.258823603654272
"UI10-00031-Bluetenwunder",-0.153284767333655,-0.0584833509098132,-0.0864471197391635,-0.564842681233129,-0.197911587955386,-0.203037006290024,-0.165789095395505,-0.131644521525077,-0.123342000216152,-0.11859930378858,-0.110469680907502,-0.14965623232857,-0.1766449717358,-0.121852528966839,-0.143113211269232,-0.249088214242446,-0.101433857070048,-0.139891398720931,-0.215357459305133,-0.483818934408111,-0.544525333604546,-0.326740438567646,-0.0116955862964793,-0.0687388067466085,-0.18790055420116,-0.155221133278926,-0.259321297374813,-0.223216787118804,-0.14072315379655,-0.159052157910775,-0.184075298142761,-0.233692331052814,-0.136468010658907,-0.278052089974378,-0.0222016312191751,-0.0522020016918849,-0.118909315584977,-0.17532510967364,-0.145542516316958,-0.178486429366592,-0.294645377294626,-0.12707363497658,-0.155825110725287,-0.06362390594672,-0.12269466933575,-0.252425257806847,-0.190524025157198,-0.259986571168624,-0.425175080033206,-0.183415053539931,-0.221153204766579,-0.177619256844269,-0.193479000242084,-0.0517283453907094,-0.103269997076872,-0.202193807902036,-0.285501718746384,-0.0879360344479328,-0.244538653474284,-0.113959210872452,-0.0226681356702058,-0.243769844382549,-0.260224014031173,-0.172756049491491,-0.186866411178592,-0.234938704612298,-0.116901662611445,-0.192943235622906,-0.226055589721338,-0.220912958967327,-0.269110393990873,-0.15596741586138,-0.114267347208362,0.0893568508194871,-0.285434973618328,-0.282052746166064,-0.0342406146739118,-0.0607585321004352,-0.160428558258672,-0.227209625338672,-0.145286693859145,-0.147954710602562,-0.166755819366879,-0.131104018098483,-0.170722237634,-0.159030259975255,-0.156416824330178,-0.23937486782423,-0.10156764356422,-0.11543947447375,-0.212043146690316,-0.170056673269712,-0.402069825713899,-0.136552843076038,-0.0368004844580922,-0.258988657438373,-0.162838031742312,-0.101734791036723,-0.247296325997557,-0.157718001878612
"UI10-00032-Bodacious-Ben",0.197078277443394,0.170336834311771,0.167292751712097,0.242589160119643,0.176611810721617,0.274454661822742,0.102201817910869,0.286639426899351,-0.0481053926037876,0.274704631058133,0.271759274574733,0.199517460889454,0.0737732036090157,0.379272240655632,0.269819457493499,0.222451744382927,0.0819188373983028,0.20146950923537,0.0851717815811288,0.228695030164,-0.0355235178229738,0.224618341559144,0.170146364354111,0.153477181511826,0.097506393167866,0.188062010019426,0.0718081450610408,0.186389648704958,0.236026956651298,-0.00679457990125048,0.113771501510121,0.312415734304365,0.0281923633584774,0.108005999811274,0.215919883458586,0.176052971006971,0.198826140532686,0.163608560125634,0.238856874473676,0.24988126081147,0.129310967883849,0.181928157234574,0.0221279811163979,0.133843967285773,0.175432553488476,0.0596921320228559,0.111976903208667,0.104235945396497,0.18334601664267,0.135757203706539,0.0958782616121198,0.0945299014505641,0.104066875481033,0.0215267078931838,0.101634272767941,0.194295872423103,0.153864258302168,0.211276737770846,-0.0780060055133613,0.108445663606777,0.151839808089306,-0.0290997674992959,0.0806169964091128,0.150952307058182,0.127938641570416,0.195358215364996,0.00891627394162017,0.316992973175361,0.068788816057227,0.171926913237449,0.363877132868357,0.0620474966621038,0.0312969543239132,0.0853169126782371,0.264327111544731,0.118669164091589,0.29814722970483,0.140213729906658,-0.0134424748991674,0.159536584340902,0.13521114202497,0.207266285769533,-0.0334919135097288,0.150154616230493,0.284828863771918,0.165016875345889,0.222006468313365,0.109966116474546,0.0861788894709287,0.302392534764262,0.270022832704609,0.22981503257776,0.395604342058117,0.154721017121911,0.0980449834322298,0.310734418455078,0.147126462583141,0.199291779424335,0.235693157320818,0.161545052789223
"UI10-00033-Border-Bandit",0.00366071258605384,-0.155112534214702,0.148121848039926,0.089498103574891,0.162031052950091,-0.0163862519930496,-0.00315695824129,0.194865268878221,0.210948280848076,-0.0136035945313816,0.099592777802498,0.0726581050116701,0.0314428438470493,0.250952035210853,0.105432673861074,0.140869611098445,0.0387258899133845,0.0916069244088164,0.0317785969920535,0.0463290538950264,0.107083454147297,-0.0977118629556275,0.000926081574797788,0.133810928359803,-0.106295984340442,0.250315793398752,0.113164144295177,-0.0837595272866392,0.125787961832622,-0.0121350676163046,0.0716978107910241,0.287698889712872,0.0403390647554067,0.0272961392468051,0.124602303689312,0.257797450319086,0.19885729212225,0.122466046984446,0.117040539468747,0.0806527355455667,0.0182198134043278,0.057850177248767,0.220808375810036,0.106742459722774,0.186916905262252,0.105151940733321,0.0333296453075444,0.0685508899108287,0.11629539613913,0.00468152537861019,0.0902382448475236,0.0310851522151872,0.120756610760243,0.083858608500355,0.336941938496517,0.105099107610461,0.0310836061347421,0.0998067372254211,-0.128695205612261,0.250275711493788,-0.0167397176829711,0.0129944410618635,0.17383620702307,0.138528838668908,0.0142130112068065,-0.0564131020030634,0.0747084071347169,0.0755819083783137,0.245525241565891,0.0864069769429803,0.0631083360824405,0.00403232137824171,0.038776282558153,0.0135418521703596,-0.00248387153393359,0.0662181192685695,0.182988206680528,0.0395162936252905,0.0853279150765404,0.0476816704401997,0.121315063149254,0.0546438786061855,0.0317065653632872,0.339899107233985,0.233677641657436,0.0105223499071557,0.299355406465643,0.0233566030644049,0.0700642395659625,-0.0679018422307951,0.0948115332745601,0.285186552817882,0.118656688567564,0.135127592723288,0.143559964333382,0.248458003782845,0.00235285521631054,0.0741896914863487,0.0588911938460446,0.0950549264989206
"UI10-00036-Dixieland",0.31720189570443,0.220525589688926,0.365560400731119,0.302498630904134,0.327092350848782,0.404355870983988,0.310328285878142,0.3700552332713,0.35893398877602,0.288314810891308,0.438051570384218,0.394877203499668,0.357707461119621,0.257005070698293,0.295930960049637,0.313570235877531,0.103232747508351,0.195499702352565,0.330578014729626,0.270102095812637,0.251282967359273,0.42715142549514,0.233029317603918,0.552505525837317,0.378561966545518,0.440945118765717,0.350626858711776,0.259120878852901,0.294586670768541,0.364565230101406,0.416238962385235,0.28018749250253,0.114300120090233,0.238890761843952,0.301742738449214,0.344617252437128,0.236418298576968,0.423339195611313,0.335057995077835,0.62639508253839,0.316689526546223,0.3380072954341,0.242924654032381,0.120225156800177,0.322342168337735,0.30478267814416,0.395064501170566,0.420487034770767,0.344356310263175,0.313840832538534,0.00389377422853496,0.124866262126954,0.403546878054551,0.421555929869334,0.0190657163991859,0.190591067842485,0.438515735376489,0.658369262502854,0.194530589153114,0.316957510933721,0.304868542040097,0.38060168424318,0.27577284875839,0.259096444399121,0.283678414766445,0.242066984898575,0.277698418584786,-0.0458151903150707,0.266272689079923,0.274162698618895,0.329169137711569,0.0600824462260772,0.228481313718777,0.161377278411554,0.25032128711482,0.3084600344615,0.019483554979353,0.45442673874892,0.109492415965289,0.265192963217021,0.652253724200793,0.341117725220343,0.330113101194237,0.112198804126002,0.575513513857611,0.287642093274482,0.0998428161423735,0.537512171148466,0.375813619589144,0.0822672950773976,0.312625033092566,0.297976363748954,0.292675376623544,0.0814983190675581,0.384705764326594,0.268529334878485,0.657652134772821,0.339692385047123,0.282954666813611,0.297620268344643
"UI10-00038-Emerald-Shadow",0.401014928461154,0.349544385666214,0.27159143090034,0.371428048998464,0.264838647080741,0.290175324020156,0.334263890140346,0.321483812814064,0.294171871968668,0.333113351965364,0.314138569280445,0.325991232039401,0.365208400839537,0.339039096833071,0.326417003912587,0.289016232096412,0.341111761345217,0.372906601781566,0.317406590384854,0.262708149131918,0.258145135171971,0.279687021565544,0.320940558768479,0.302400610204168,0.29265126358969,0.411237233432542,0.317251154015479,0.238169461280081,0.297844742906667,0.264324595182076,0.325875187780942,0.277438772280254,0.304347878356412,0.296967232102021,0.338415417618958,0.346857776731887,0.279223981116993,0.236747999491608,0.297962368611354,0.316494351433737,0.327613711064775,0.35838225874404,0.276754536883138,0.314895681033234,0.328536642158722,0.327135617221929,0.326992979471918,0.31148173799566,0.394369766730766,0.359472785100495,0.340908941182859,0.438399991426082,0.269733629828973,0.384930847600059,0.285528871135648,0.2521593218505,0.346228759354984,0.213571679945616,0.367733740144442,0.344094477012639,0.22207071416459,0.338817713956387,0.353433242973299,0.326014301759984,0.332048007026222,0.519613467488504,0.353960432279996,0.489871106143184,0.23787497069967,0.314743856614377,0.325922818260932,0.269568979782988,0.394721213890064,0.31382454751544,0.328744984199721,0.32773006034937,0.30603161107083,0.357842495789925,0.34648573013852,0.339835242310872,0.231861501026078,0.264409681284367,0.295112322132872,0.264324055453971,0.390501571708199,0.380437874491126,0.294998264178309,0.274494758680177,0.343321517353057,0.359094017807143,0.29961578666099,0.274500167073048,0.285867454095983,0.359447093560827,0.299686256282643,0.318669008992535,0.311526552451351,0.341205611936339,0.381589804291115,0.334936265551876
"UI10-00039-Emmanuel-LePage",0.0459645385497545,-0.183319663863682,-0.0867528276024367,-0.141882041628899,-0.282703512940206,-0.0645226774217095,-0.143932286937222,-0.262258553108063,-0.285507706702535,-0.120095730730413,-0.264091569892541,0.0720388308927311,-0.255949208031793,-0.191068688897688,-0.190340809119974,-0.0925307996525636,-0.161664107716995,0.0181389460056885,-0.259907551565032,-0.21984257576685,-0.157162418249495,-0.0901428367582651,-0.139347194462111,-0.122272919844019,-0.267247173764942,-0.120496299708383,-0.175337288532487,-0.241932377795701,-0.170935924182795,-0.278958844367466,-0.233303808276845,-0.329671465212856,-0.199342600947272,-0.0629528512974182,0.138798281643645,-0.269384454913695,-0.0707261088148371,-0.0952401226699112,-0.154196786102505,-0.332994644603653,-0.227998190062636,-0.0573762345723422,-0.107330969477126,0.116931661301078,-0.153196598358203,-0.1500769731851,0.0394497497307695,-0.130611213070505,0.0134847593207646,-0.17073365318865,-0.265595945312767,-0.227473993777971,-0.142513440579367,-0.229475337062666,0.065024421291075,-0.0574112895046026,-0.194420516581884,-0.124652870049306,-0.112472013347196,-0.00459713648520549,-0.00519619427389464,-0.21233340176409,-0.278340231027691,-0.15258468462019,-0.208871942080482,-0.00243532423159574,-0.154459683850933,-0.358803931055166,-0.198516857286128,-0.240754341758839,-0.000359940230761101,-0.0528656386400683,-0.134548784105336,-0.0740711033102478,-0.118097682548315,-0.171364963325729,-0.352695219933323,-0.0960497268467282,-0.0928963726639662,-0.235865898776566,-0.176321475963314,0.0378885903903712,-0.0732919984824221,-0.0622184104731978,0.00592744022724102,-0.180962556820616,-0.178957142694579,-0.194310046620178,-0.237612523894818,-0.257051284484142,-0.163766256110974,-0.0698437780616453,-0.00767923759344496,-0.198085087324347,-0.345486743442888,-0.226845444762518,-0.210658032418002,-0.105353256696199,-0.209368034356348,-0.122900437125893
"UI10-00042-Giraffe",-0.548175076516713,-0.607983264448899,-0.528073318214192,-0.55892905726195,-0.585483547708462,-0.593634795495953,-0.568160512331715,-0.969178044610727,-0.527209759980403,-0.618643773362164,-0.608165919228852,-0.496988576500798,-1.03316440302189,-0.989889092450616,-0.500964554128674,-0.267635546408302,-0.479496731356011,-0.218140996398052,-0.566811859096388,-0.540443160225477,-0.632886950427339,-0.567776403689185,-0.619465433244979,-0.6490183045908,-0.413393553590358,-0.601207788851154,-0.890858048873705,-0.522115497279313,-0.551758837972446,-0.527206367196069,-0.555831706892711,-0.451700848939797,-0.584379256534888,-0.570436699202446,-1.19926075060738,-0.560289656073523,-0.510180993500366,-0.597177761744319,-0.594702041971104,-0.590667646353303,-0.869845000769847,-0.590083561753792,-0.540229289755583,-0.588409498436902,-0.618435397600022,-0.57446986614673,-0.379236467237849,-0.588558490997698,-0.651559698453172,-0.901482578359026,-0.551420070929838,-0.961391560300589,-0.542311217710834,-0.239191900081883,-0.594923335468498,-0.234706883479291,-0.543500463286013,-0.555137921782591,-1.0192551991811,-0.62623123599274,-0.589647371336327,-0.640554203429371,-0.998893811943405,-0.567808630686196,0.140689830123057,-0.392940838962221,-0.601863224754582,-0.508065216056436,-0.275723290911598,-0.587816984539348,-0.515874232269496,-0.585805726171211,-0.40352793964002,-0.599189592364731,-0.629602370840143,-0.556563074792694,-0.515960552994258,-0.602574393982398,-0.178893404265313,-0.472829823866983,-0.555385921421975,-0.217727304894127,-0.463543988616872,-0.554866469779869,-0.554439673410627,-0.57171078157332,-0.608067209949468,-0.931430698487426,-0.510327757335645,-0.202443868224153,-0.515070693823972,-0.511372506938889,-0.536330730437352,-0.660147216320843,-0.599776745658159,-0.482890115990843,-0.645100356903934,-0.534819778094082,-0.489915676936959,-0.536768149533261
"UI10-00043-Gold-and-Silver",-0.418367047615589,-0.456781536705368,-0.265149983370209,-0.482873747394779,-0.619078568840951,-0.369526329992753,-0.960357566542406,-0.572910087927489,-0.447641268412386,-0.423225589416545,-0.438671352364292,-0.870701240676482,-0.419466373544028,-0.601622784090186,-0.419076298991668,-0.392690152304309,-0.367761309882328,-0.493247998737378,-0.544886679563508,-0.447418377519068,-0.41641410099705,-0.429960419949705,-0.523378906712386,-0.386489783771299,-0.586116031165595,-0.184088327611917,-0.472174300221979,-0.327279200389729,-0.439107603370213,-0.529689825442354,-0.42313250718235,-0.584908692882817,-0.456272865829246,-0.367455786692279,-0.464271747353263,-0.411563704853468,-0.456616888720179,-0.455037787746658,-0.482597021736453,-0.476606308507561,-0.565710870568639,-0.646378743121737,-0.490719856949586,-0.413251014522866,-0.500877584663837,-0.987486216047593,-0.433609721713436,-0.346860940714373,-0.353135478769526,-0.500912114503733,-0.463131317284066,-0.544679338559663,-0.512870952338602,-0.5278420037099,-0.366066058990255,-0.388786922955518,-0.521038242591705,-0.558156520255133,-0.162436990927948,-0.462348329471407,-0.479339678274743,-0.386707524542423,-0.793782666129168,-0.455079236253799,-0.422743604067773,-0.440604792638316,-0.661781548285097,-0.453476707300524,-0.415347812402959,-0.525394376427643,-0.508145021539364,-0.91766212516742,-0.884819591431546,-0.588931144182566,-0.531741916537459,-0.610511853719649,-0.673013023602094,-0.589898586070914,-0.103169476849359,-0.477661809656778,-0.466542133372139,-0.589079633287693,-0.479711839674891,-0.602496976099253,-0.495537433373751,-0.51963004326894,-0.494937573400083,-0.47471747029924,-0.136492264693109,-0.486610402507976,-0.503546192845849,-0.636590264617523,-0.464172132232106,-0.896386959289359,-0.41598623206348,-0.477425750107932,-0.467045862292767,-0.654580389408447,-0.426941512054018,-0.498907940625585
"UI10-00047-Goliath",-0.801648776783791,-0.735872121009357,-0.638151144220124,-0.816740390420863,-0.761488261082326,-0.666391610460933,-0.765540561107682,-0.603224346538789,-0.708534511162341,-0.793909094864747,-0.728471667950183,-0.70090768580192,-0.707484113420198,-0.703990337229489,-0.816029221599336,-0.678116160456005,-0.670467478226087,-0.780530944280716,-0.739126941771262,-0.776093601881272,-0.827290192409913,-0.651322382293615,-0.691623781126017,-0.660641855344121,-0.743860492387121,-0.69547911733816,-0.718377821500667,-0.531452558191616,-0.665180190665288,-0.79498987138829,-0.777131125066365,-0.816717962081325,-0.750176628433455,-0.853319289286453,-0.699850628096299,-0.724441996164966,-0.654633133409773,-0.708778978268008,-0.589719583937022,-0.589751068995662,-0.595899689916101,-0.867152933903156,-0.735908246857136,-0.806000889316726,-0.741555124801512,-0.80130734961209,-0.806606685909365,-0.714149014467468,-0.77712045852184,-0.736824343838564,-0.745098026497931,-0.679421477265006,-0.68927866992633,-0.777878577402818,-0.697983502409071,-0.92094492857318,-0.747835526773468,-0.819194587959443,-0.626527029487617,-0.657826411661956,-0.628148650846361,-0.686509261554392,-0.832673592958067,-0.730060663092459,-0.757927024443883,-0.678880716838627,-0.553954429408213,-0.827344141527881,-0.743366185170347,-0.711588432361309,-0.735622531001363,-0.737244843393907,-0.680704480074215,-0.63620839801091,-0.644077691057661,-0.793709046233521,-0.804965812399949,-0.7253022324544,-0.761042176456931,-0.709400961810822,-0.679067278609458,-0.752555969993882,-0.867365941419061,-0.484594421068525,-0.619755790705418,-0.755258919154105,-0.75533070556946,-0.718621854150188,-0.750692436052152,-0.654687490048089,-0.629889714573595,-0.828862813078844,-0.600527252305346,-0.608523744991978,-0.730423257883475,-0.686040128682623,-0.713486535398739,-0.640774517617563,-0.783385747424867,-0.767653686363802
"UI10-00048-Gracillimus",-0.0602774624100096,-0.430141511165382,-0.0191105054309324,0.000180431773285537,-0.0320174178089009,-0.0244436626098326,0.0550419535011742,-0.00728687601204703,0.0546425229392936,-0.416097945275265,-0.583493690959969,0.0225808441571591,0.0688909874138665,0.200846114575664,0.115290537252876,0.0926975034939995,0.15702241720761,-0.0876381992754048,-0.476499683448756,-0.0869470908792253,0.00241006860130734,-0.0438788342676087,-0.408032406452526,0.19009891497143,-0.349094440637832,-0.340488374058754,0.0354138110851209,-0.0367513450297963,-0.103788041050923,0.0398376386298338,0.0357595434648221,0.0151637906352888,0.00824922243350837,0.0021661903535922,0.103858062236999,0.0859055883708262,0.149552481403238,0.0649578584487967,-0.0134158137161058,0.20004696442798,0.0148289355661225,0.0679376758435726,0.212444380234066,0.149209885617001,-0.494442518122103,-0.0901555033773703,0.0626032361476219,-0.0539094185422941,0.155955208237696,0.148293166963703,0.153126888610261,0.0243741015507323,0.0410413200249966,-0.0376741203324398,-0.0256860343720999,0.0683881136221063,0.0206178216184595,0.323024327884147,0.123224643680158,0.0198943572637218,-0.0181423119108285,0.0572607392620623,0.0099427440567713,-0.129339702849141,0.261030830930474,0.136479041721101,-0.070198264450781,0.015207373848966,0.149885146071022,0.0959648308907353,0.0385635542633989,-0.011565759986518,0.056624998371744,-0.0247344470309241,0.0578847209531124,0.0380215540471555,0.00323202818925531,0.0358452254216306,0.0736894464220167,0.153524949326271,0.110996198000034,0.280384486311943,-0.638851458922719,0.17331885614868,-0.0521485502625659,0.0775181692150813,0.0897581139424234,0.0147631083877246,-0.00603103675132105,0.0861868180847763,0.0534593228563605,0.186688079186072,0.111784019708137,-0.0131490453152515,0.139460451082127,0.0968311984282864,-0.0711911326447604,-0.0801682872606345,0.0414219112645573,0.16353337734945
"UI10-00051-Gracillimus-Nana",0.0519325789399183,-0.0669836346755407,-0.00495760579818365,-0.0771258221259758,-0.00204397548026554,0.0461170570653461,-0.0727366393640521,-0.115069863077122,-0.378230851157679,-0.445662747351757,-0.027864484598553,-0.273441624012471,-0.0610545355867069,0.102339212495866,-0.0083519687651112,0.0071909662450965,0.01450020000943,-0.13950413455632,-0.132743770691416,0.0566017442872291,-0.396768395050244,-0.0968234139843526,0.0314716069791901,-0.0345640589848264,-0.0724273537241496,-0.00662458404215001,-0.0636987136198521,-0.0367955731449644,0.0743720503583076,-0.0723618175882982,-0.255564884065059,-0.17578377536287,-0.173989422600716,-0.0357392845563274,-0.269289209116731,-0.101913667510585,-0.0778823895314467,-0.0746715506554773,-0.161294168258931,-0.0628053223590772,-0.0693168100823166,-0.0263819761207365,-0.154737283712518,0.0495103055722199,-0.0667451444363954,0.0348951737642677,-0.0541952164701159,-0.0888639800302947,-0.0108825800764007,-0.092173213559769,-0.055363682667182,-0.181719936071358,-0.127601742843506,-0.0832307556199275,-0.617944213499665,-0.208658937784332,-0.00959461250471369,-0.0871340539025766,-0.111367787551157,-0.121963885373342,-0.124084386496249,-0.15996151066482,-0.0114995143170875,-0.0269370435054048,-0.0386391985683308,-0.159674260140932,-0.115319449170313,0.000993600039839433,-0.0170131795014993,-0.0848403782215284,0.0134066377836643,0.0385912132442204,0.00209720959563958,-0.0435395131536661,-0.0652713099026744,0.282280289147021,0.0347108259453975,-0.11464335862499,-0.0692839713669111,-0.145792556740505,-0.134009612386352,0.163250848567345,-0.0312758697073464,0.0360314288726014,-0.0505313451124272,0.0094830333433415,-0.0587151672038204,-0.209938622346077,-0.0601458849890381,-0.100686076761959,-0.0923651068621584,-0.287122824605919,-0.448408215444743,-0.00813816499173233,0.0389779369800926,-0.221549965111198,-0.0515041115187468,-0.310846604046104,0.113936218512094,-0.067559211808613
"UI10-00052-Graziella",-0.636920547324758,-0.552556413660629,-0.769237002823799,-0.688024428310474,-0.591373388029885,-0.709725359793137,-0.754328114315721,-0.756963255950311,-0.703957888054764,-0.696496871485824,-0.559693215084397,-0.585058316150495,-0.714236559290086,-0.822525812002789,-0.683775361734526,-0.726521982111408,-0.841500278988298,-0.749293797254798,-0.62819203640677,-0.461879325211964,-0.705453657506823,-0.827425934959854,-0.713130244666436,-0.672687398655243,-0.562697849582861,-0.555826169889518,-0.717232934991325,-0.635299403960898,-0.524813917445198,-0.715807855317925,-0.691276162758468,-0.712401880872891,-0.747780226647724,-0.688804770727836,-0.54367093928871,-0.704302366966417,-0.527534049561833,-0.663688484447771,-0.80755811498432,-0.75500581815738,-0.63240329055486,-0.742107839872998,-0.814474441844254,-0.713437853408025,-0.599286765739827,-0.73561635445332,-0.534545639053797,-0.651564705308983,-0.702824631234348,-0.662306677868005,-0.727535152096369,-0.667245322239017,-0.65666429887358,-0.680965210035491,-0.597065011414426,-0.652826061673049,-0.639689819989316,-0.617807577031814,-0.709696594995726,-0.782207110111843,-0.820558196162645,-0.70958294098907,-0.73420789996021,-0.76410568837829,-0.499038855151818,-0.794493508183145,-0.537604743789854,-0.624076738870689,-0.758458515186245,-0.73712636044212,-0.60585386131819,-0.696845312388691,-0.789420320422087,-0.478697834298612,-0.759994209374848,-0.733599328486738,-0.585208057059703,-0.806430440101594,-0.700169122510638,-0.581418443970473,-0.69676653098978,-0.5533012304423,-0.479621686457184,-0.580029304089995,-0.835764955003429,-0.438522068960002,-0.698428333896523,-0.581172621430325,-0.522510414245192,-0.7302936692509,-0.74105191067201,-0.647647359990588,-0.73889699683326,-0.574676184997991,-0.712153057342145,-0.61772311768874,-0.651466696486486,-0.754450917895506,-0.537671900630339,-0.596981390663187
"UI10-00053-Grosse-Fontaine",0.216954149893678,-0.0251036985855047,0.22361026973803,0.237078236590931,0.317099819623478,0.0225078856938559,0.324264126735778,0.228313963892848,0.25566636629188,0.274458365470836,0.478815652504236,0.19586295438929,0.398904140603731,0.23136008162242,0.341809391334931,0.21081414960156,0.481166140752862,0.264478425569989,0.138686355487168,0.336295256468144,0.126289870041114,0.296264330226964,0.39769244125938,-0.0422444177904125,0.0473885176410589,-0.0750144168755233,0.165917469613654,0.285199068513437,0.163144883584291,0.37533510568612,0.44797068639744,0.263723881742796,0.0567302053635043,0.327985243091904,0.14936805116169,0.180582309281994,0.35092979837725,0.287866194443546,0.229167163963928,0.18800516116858,0.0870857706204351,0.296979825559292,0.335356841589776,0.312693308236978,0.36930392747786,0.181981493547425,0.215170539382065,0.245659267080031,0.0502591258290733,0.00514083527267198,0.198058064978862,0.133980568644026,0.209283817995262,0.125266155318746,0.1120431007403,0.228794198821521,0.145815118686983,0.277085185058161,-0.138832226963333,0.213477817691966,0.149575923440015,0.0716902944710284,0.0287157709251479,0.188390552854651,0.0854334769884492,0.252084483583321,0.390917175061935,0.314539364701859,0.406387806119631,0.225220275599174,0.336123079764701,0.147094617699331,0.259975697976302,0.342301171257541,0.197939793615324,0.21324991812856,0.214460477571261,0.250115967221452,0.244573084726517,0.181401804218805,0.243729172502159,0.26204678895998,-0.354806451536912,0.162179514739681,0.2217407442722,0.456708415901009,0.0773376647498226,0.180491513860142,0.519825777602039,0.244425440580462,0.238373426519492,0.218252167780185,0.193218982937633,0.209002941088871,0.304451316958519,0.243269128382404,0.301221191267483,0.341211689933415,0.361557750261103,0.2431633970117
"UI10-00056-Huron-Blush",-0.0236340931327718,0.0628787010732169,-0.0675836614574378,-0.130536988135918,-0.0129155873389836,0.143448693452576,-0.033335079159182,0.000410100291446128,0.0224917460693167,-0.0563108022920556,0.00176098525798979,-0.0106295895933369,-0.03075417377322,-0.0468439019319044,-0.203854801757135,-0.10749692199008,-0.0613262437470969,-0.176986948057638,0.052806312076156,-0.102056286325069,-0.101404312013205,-0.0550677805346577,-0.152192834963941,-0.020980788055392,-0.0651842967133754,-0.124208814010786,-0.103834355167774,-0.0528032127203737,-0.00666364012191674,-0.0488138271259042,0.00591106964524669,-0.166139994224161,-0.00990831324438159,-0.0503460209982356,0.0414490953950947,-0.0702568342683541,0.0292320506632257,-0.147406720713081,0.0762438087182258,-0.154927734033528,-0.105627920807944,-0.0587706252169325,-0.0676830392164076,-0.00556069912147859,-0.0468295340877357,-0.0350205878945092,-0.0106554046537067,-0.142596740623988,-0.0745222340157474,-0.0676470948213033,-0.0702113107324552,0.0231892211475977,-0.10369299381827,0.0873260624720827,-0.0280349933729371,-0.0183340667446845,-0.201589092409917,0.0169390342550005,-0.141934281816887,-0.085216597471612,-0.02922627970524,-0.0757310688453822,-0.0474136689468326,-0.102282712856663,-0.0305516184917214,-0.162779659075091,-0.185629292866558,-0.0850507765666018,-0.0563562936223991,0.0342807037300128,0.0347105384785865,-0.0460628408904529,0.00435793984424009,-0.0267747857050931,-0.228615637828897,-0.22279023874855,-0.017096670344072,-0.0859003834704131,0.08601530983907,-0.0474646486026365,-0.0648711534133322,-0.111132134959969,-0.140423900863241,-0.210259267794455,-0.061268465727077,-0.127859637738852,-0.0648203480649554,0.0762270782245063,-0.00574023280340955,-0.079152434741158,0.138743261766359,-0.0554147441306777,-0.0860036430178174,-0.0702411091566103,-0.215735216803229,-0.141391529460848,0.0384013304602708,-0.0380453383400523,-0.0277564914858445,-0.00222700405906119
"UI10-00057-Huron-Sentinel",-0.942423275276188,-1.08774734973992,-1.29480996191968,-1.00868977810085,-1.0432882651307,-1.09749144015126,-1.26660479147319,-1.06279442317236,-0.817187321931778,-1.22048366338958,-1.04654073076056,-0.770671538322453,-0.922714891492111,-0.848647997031549,-1.05620014365921,-0.80079412527439,-1.00855275555959,-1.08165908352239,-0.950496019648512,-0.854271359084103,-0.909720453887411,-1.1210946131475,-1.16539962273861,-1.17448890811137,-0.994992768947479,-0.866289978394835,-0.990676897733147,-1.04616827870728,-0.996518326626692,-1.08806850009036,-1.23870370289858,-1.26149239604482,-1.01459058965099,-0.947701080448332,-1.22999754740914,-1.03537836462095,-1.2142943618325,-1.04481104169233,-1.04630553971271,-0.971241779761638,-0.834866379759642,-0.927912111488613,-1.20346569288017,-0.966856600554256,-1.13102085070999,-0.954836645783808,-0.863340936055155,-1.01681886782668,-0.943170840266911,-1.18305394294337,-1.18713609336971,-0.892094795231538,-1.02131919940183,-0.937807312118476,-0.854183025584159,-0.812854516635516,-1.11694430374335,-0.900622839644475,-1.09572004346782,-1.02903176209127,-0.960375712514951,-0.974771292972581,-0.983268584767472,-0.984147919857144,-0.996639949648194,-0.941611386066126,-0.731288518723182,-1.24265377664449,-1.15482984184868,-1.08710267826565,-1.14024375309067,-0.819270112107996,-1.11835032001659,-1.06523670757402,-1.13237062356458,-1.26301933321921,-0.907052678001128,-1.02578745531156,-0.955423865060537,-1.10098687635698,-1.08780475524242,-0.912362560237897,-0.65553049061668,-0.663724995491709,-0.981777211053494,-0.740257104933277,-1.25431873729279,-0.945237372605256,-1.06952328639099,-1.09104180169266,-1.02744581999602,-0.980950210398148,-0.913263514357466,-1.03976833230192,-1.06901016274782,-0.972544081735927,-0.93902882424058,-1.0079246032167,-0.992804792921581,-0.998276954354169
"UI10-00060-July",0.691071291588971,0.725776562989328,0.521615447957483,0.459807517606429,0.386832147382525,0.423821531249369,0.517976659881989,0.681182882858367,0.413672232702307,0.413719832264736,0.541930427167282,0.390249087069105,0.511145981714514,0.579090740191029,0.414643804202241,0.417896949755296,0.379600978091204,0.463302756180446,0.46037452275346,0.376022259684713,0.176964265076982,0.639173854491972,0.604212560907068,0.589785679633149,0.571077180378384,0.322711248756732,0.433027178097698,0.352742638614844,0.346574758232928,0.263157918726979,0.472429542755016,0.447442963879875,0.214054024067822,0.40271504923929,0.74234721912356,0.389072725983086,0.397105132347165,0.524069895778266,0.467897960749566,0.589793501490596,0.474197089728074,0.41588445426529,0.613019465543302,0.502257565013939,0.441133867820915,0.567572769990447,0.809781059359164,0.376091654717303,0.567267716993555,0.446967335162268,0.51229362781782,0.428789272210471,0.533174706674796,0.40638189114537,0.32850425051515,0.536268007912925,0.680251564980131,0.577926276277783,0.483724320039766,0.503931711665853,0.584547367182199,0.287812788779792,0.295180077348488,0.494302537256496,0.455120962272758,0.514478300016682,0.385478798477733,0.559230511970494,0.352489651277152,0.404708295463562,0.528805570484284,0.586219809274063,0.401850911770319,0.855212750198782,0.370943344264534,0.520429141718841,0.447930708326648,0.544578700828916,0.572802634574795,0.481331790147831,0.307071662998786,0.584940687986735,0.491011480854806,0.540127286837864,0.45781458375273,0.415142798633756,0.529673559225145,0.489428500970559,0.555762548738458,0.463934797783596,0.585805845915681,0.426553365823448,0.634994104684493,0.767168111125247,0.461044741296607,0.341285344913632,0.555309305278808,0.432604761604546,0.600235682977639,0.253989057904494
"UI10-00061-Kaskade",0.199528434986491,0.204271616973374,0.27942648178193,0.19294461734393,0.192177148392529,-0.00719711647519378,0.226506800720018,0.0751866550144553,0.160105687502453,0.310764010687249,0.265919482759686,0.206122231439794,0.169098485751463,0.19891776012312,0.33188456740607,0.198466589896842,0.135156799853171,0.291306985283358,0.345279243801197,0.164402659845554,0.31360652348727,0.185200297187342,0.25858676332903,-0.0895102659994042,0.020941735912456,-0.0770251107653016,0.403312398353177,0.194057470532786,0.130607815014171,0.209969121631682,0.323260593743833,0.243075868493617,0.0824273730229004,0.122495521073234,0.24489101646355,0.281171065730548,0.18035522554261,0.320319593111631,0.265635119553828,0.222537114028194,0.0513038044759517,0.243536374111955,0.17610841836173,0.159673958436802,0.194199466937719,0.476089225864381,0.413114175540591,0.1751813503259,0.256306561606865,-0.0115698932717258,0.332333684401542,0.112894175139558,0.134074249645089,0.222578302260803,0.366356678629228,0.257516757766806,0.236989698294585,0.302798925759881,-0.152453369074363,0.229539013087142,0.14062364454745,0.113120118977536,-0.00546834932714518,0.371200294690422,0.380148691895599,0.361640056851968,0.111616292223461,0.246160518095253,0.271461870845971,0.200276154110455,0.144467199927947,0.18811894666271,0.223543712037858,0.213147721622785,0.288967521634574,0.297404698836747,0.192793295885874,0.278891643624243,0.57991691171207,0.429547753079822,0.340939893137647,0.138795878588857,-0.380503874372819,0.259159949034467,0.31302127700303,0.334395006889383,0.0848911480794128,0.299899755723217,0.0723521913712887,0.150056880457254,0.346494979641844,0.223107633172825,0.245662123079807,0.108632580934728,0.258324937901895,0.132130070009116,0.0773227479296395,0.0680537499040647,0.281656205490757,0.0945896932696866
"UI10-00062-Kirk-Alexander",0.482819244557881,0.315572810048871,0.494417476687914,0.49711979797964,0.620135466666704,0.536451247266274,0.458710584203908,0.397553969652878,0.55435674985724,0.388561982411436,0.542228288791351,0.556089771800303,0.546324974826768,0.487682839266246,0.405611028021106,0.603935495499099,0.599263791716359,0.603980012477597,0.388704229376464,0.494553629439378,0.587140882885824,0.434381529068539,0.37022584063174,0.532191114777135,0.514831154252191,0.606630886524898,0.574162544515002,0.296287938768096,0.507956131560201,0.414391232671419,0.286990496428077,0.628934409987852,0.545487346863601,0.38658465791561,0.378761023397527,0.545796005758066,0.495010238464966,0.410680481254056,0.53641233488723,0.293391857647863,0.582451180210076,0.58830821716021,0.693055481945761,0.503016249392904,0.51166345900212,0.639279693048926,0.500686180270792,0.477448971749028,0.408577225707605,0.441002204054088,0.286566424438284,0.546744477068885,0.714056516574619,0.612660619843996,0.380202808979502,0.370403592078828,0.601231567113718,0.511827452675995,0.453716194223704,0.632472237479348,0.455882427392923,0.532628650193264,0.472747553490856,0.528006117369639,0.552505427780309,0.456425263814593,0.46089918038413,0.446064612301329,0.441875057915359,0.433220885735551,0.611101352479616,0.528721223176893,0.535148711655809,0.54671151510192,0.509911588741269,0.462228062414302,0.381392194160667,0.574556363777461,0.261828580637899,0.3458004917221,0.491081067226467,0.180026681697521,0.522195242044108,0.406129734640135,0.506329071096239,0.544413191622346,0.566909362843859,0.383687931355204,0.55275087480202,0.498239109332566,0.425692812240443,0.494676924781391,0.516415959450882,0.33822763896279,0.379134752206113,0.318966527848219,0.357656800901661,0.476964218723035,0.607081608692966,0.449719792152535
"UI10-00063-Kleine-Fontaine",0.11753065578887,0.337792924586542,0.167621448500739,0.125739377088141,0.15010607894942,0.0872844716735477,0.132496586397098,0.151768296826628,0.103493021616307,0.172524783906678,-0.00832729369985295,0.257795784620677,0.18584990990059,0.212595376493546,0.0467486478568436,0.164754462262694,0.122326224520276,0.245097694340866,0.0967845655419323,0.163710789495118,0.231773525329487,0.12845737750336,-0.0243243867162532,0.10135224159904,0.167161210939978,0.200602541870338,0.104039839136677,0.14468257723949,0.204494758385555,0.0972457514682099,0.161607804739718,0.0592502463861485,0.260422795710522,0.0917303356085206,0.0878557422276145,0.0535345801250342,0.119022233605809,0.0366500339677842,0.211955099901184,0.167857549798288,0.165266644934223,0.199753907897046,0.250615208872514,0.211448448402827,0.241515604792595,0.0494206968989506,0.265164381936706,0.00639049849757536,0.238227862934445,0.0929727014035199,0.138913214584209,0.0850214105909871,0.141461249966577,0.0535413025453039,0.0987770555543098,0.191321556318368,0.245323292047959,0.261598498929252,0.0664250333916038,0.111626689418924,0.322341123149233,0.140253665386479,0.10996351832143,0.15908489247111,0.193250157560491,0.149201693895046,0.188925681563209,0.160550189850983,0.155469605917854,0.0802646102211458,0.172194833129841,0.188636601610675,0.202288347714302,0.124610877938399,0.111999304483559,0.111071152180754,0.162099606652805,0.129502650003019,0.131169200277011,0.146999015186574,0.20491380360823,0.184904551565394,0.272412241986622,0.171629262774274,0.218118993858775,0.266821517241145,0.057404464776151,0.215045343999925,0.139398314714361,0.165317896924473,0.110882679132306,0.142981393781534,0.0710627494486417,0.190552886554191,0.145590823437562,0.177523792644089,0.114143533563114,0.183011324079645,0.140012954559003,0.126244527968242
"UI10-00064-Kleine-Silberspinne",-0.557723116244091,-0.506100979976597,-0.554968655255118,-0.688757729042022,-0.54282737959888,-0.521831571529524,-0.573202134421133,-0.684426459470719,-0.58898790309789,-0.645657815889956,-0.73925369037962,-0.603419239536812,-0.726288533391744,-0.76602854852019,-0.581464914904505,-0.657105143435124,-0.553653071346646,-0.518678046922149,-0.564101174598984,-0.522966129717231,-0.68224193756363,-0.562708648148208,-0.658132363902144,-0.199140004761937,-0.717663412349425,-0.93171664517852,-0.614797158617937,-0.540681974618965,-0.607375389324864,-0.866620674200989,-0.642602944380438,-0.493476103303493,-0.634862572602406,-0.614040144982006,-0.588357572667913,-0.635784266331185,-0.50802649696261,-0.618890784363466,-0.537886434741037,-0.490310398440777,-0.276368771570132,-0.527705457205183,-0.14843890037955,-0.625119014811254,-0.777809982074497,-0.618822786253754,-0.558043640755148,-0.513974970706849,-0.172867648413327,-0.756914224664638,-0.769411857860637,-0.63021232676857,-0.888872968316364,-0.711536056515785,-0.551203485865636,-0.498406392627768,-0.586879976448813,-0.703163741883207,-0.791847423900985,-0.477698723059543,-0.670790130402678,-0.544291449503036,-0.569071327258639,-0.571746865997158,-0.650806317460864,-0.471672760959761,-0.702257793680136,-0.62281729021134,-0.672298603400982,-0.680316449877044,-0.662987865569573,-0.766896172102849,-0.585239159340213,-0.258646288386042,-0.528484106846912,-0.464583505684434,-0.609665369682282,-0.334790071617981,-0.568066936894116,-0.640152544236099,-0.635888042370375,-0.752940917213129,-0.920139825835897,-0.16600641248354,-0.763294735715995,-0.524119115324328,-0.518759648091185,-0.911100879846892,-0.492854241092672,-0.67333704407931,-0.745675337334751,-0.619290148812133,-0.58236718911491,-0.67456650938906,-0.740157292684922,-0.628556334733544,-0.53046590017993,-0.704338241677077,-0.601512037680693,-0.531307791536667
"UI10-00066-Little-Nickey",0.5110765369797,0.299748049102803,0.381090731208494,0.247294698444467,0.396057019100226,0.184611449009708,0.360034437914268,0.271741201676963,0.20374680036059,0.285818287191737,0.283202770288581,0.15537388432259,0.199222719770124,0.382937431012165,0.434118561617371,0.339843990854261,0.296839689023107,0.390355271902441,0.423128163797789,0.24566833714872,0.320755438835093,0.320185761390491,0.370531437444542,0.357757493832584,0.311266737796121,0.247652266890074,0.211042769188728,0.40370806368453,0.280515777822673,0.37379793222295,0.332429369220504,0.385191844897373,0.378486210404952,0.319888992129938,0.413452522241402,0.300775626532724,0.172855268911643,0.318916789424472,0.221085652884404,0.311258657088921,0.336645032071447,0.360959388969766,0.233064703148778,0.275624375842968,0.391644552066311,0.401128528661678,0.390534172005891,0.418253347642663,0.239572111603918,0.328058897469952,0.366336233050526,0.319954859079779,0.374527119561453,0.326761992581616,0.380586436617079,0.442141929842435,0.28242607996543,0.386772829401982,0.355226410772914,0.272733912038736,0.261285596492948,0.28652719193627,0.316163674163232,0.336892971986518,0.290977619800199,0.619013555653947,0.383450717994246,0.342002131982158,0.354799610407858,0.425685328900652,0.277769783020515,0.283973055022035,0.395528419043937,0.372275677916795,0.34192973043756,0.306920389119133,0.300383454410694,0.271183449392759,0.382751840611377,0.361172801966434,0.204601436384767,0.189179603031239,0.267707756433705,0.332393056211247,0.335321621809324,0.307381547086491,0.267794622580796,0.350375642962784,0.534801196661094,0.312391408125823,0.18481017124636,0.406646534271284,0.485414360810909,0.345196939768645,0.317935028653902,0.386908894737689,0.316436335933566,0.363695235195525,0.347384883331356,0.568556635891307
"UI10-00071-Morning-Light",-0.117202550154948,-0.406103270635081,-0.246846980915007,-0.131117429262144,-0.232151678186468,-0.253973679901461,-0.112432985071988,-0.260767321859492,-0.114772994810951,-0.378595411245229,-0.520270235086951,-0.239351075699591,-0.327526482379983,-0.225710286161238,-0.279276257187551,-0.0807558283475073,-0.155718327930135,-0.0980476119384153,-0.467955835536504,-0.27529262203582,-0.196705377580874,-0.11188729461361,-0.373773944460661,-0.108240836438894,-0.317496699720895,-0.277204739281726,-0.18190916125118,-0.121205003814075,-0.114714256274677,-0.0708233589167552,-0.255808730615627,-0.214553452861851,-0.329549104496396,-0.163165289917017,-0.0935944616242215,-0.233313828720512,-0.178203610317389,-0.305179953024424,-0.120541301954458,-0.140255333722295,-0.177381110903577,0.0117814577339783,-0.154404009613028,-0.296128969673369,-0.425447624640646,-0.249714734301179,-0.224985351942803,-0.174093909127964,-0.169881720300007,-0.0939230919499616,-0.229520674062588,-0.1320009689233,-0.273369883468585,-0.126083769450094,0.00355499668937623,-0.118874322568128,-0.143346535041812,-0.245793512751329,-0.239981037457727,-0.326264257589332,-0.089754634040825,-0.183263001418996,-0.0494059074531576,-0.328536619895195,-0.180194423100431,-0.222173669109151,-0.18909528597176,-0.134540348445103,-0.0789208778278314,-0.235775523906541,-0.143371597097343,-0.173099706779736,-0.120267053147578,-0.164449870421303,-0.190651564388196,-0.280898647743976,-0.176782254987739,-0.23349610141658,-0.269435200023704,-0.200467015518941,-0.306823645542849,-0.228214279964342,-0.597515762528047,-0.251212414652118,-0.146917871664018,-0.208220325219714,-0.163111047717981,-0.117459580007903,-0.275634973401646,-0.156094398513547,-0.0795700202253537,-0.188589412192395,-0.138201780693279,-0.128554324924161,-0.205880513476575,-0.23052501564028,-0.214118289004844,-0.253954992019526,-0.064277102671375,-0.181612286930575
"UI10-00072-Mt-Washington",-0.431940711406215,-0.464345680474983,-0.536683805069112,-0.405534796172342,-0.42678087987664,-0.406340667548277,-1.39389479285398,-1.11674891110002,-0.435494478890014,-0.614618529925776,-1.04989293186208,-0.422937380086521,-0.54670763845935,-0.473927795985733,-0.472772464257439,-0.51063961969252,-0.458460788258002,-0.50899518430995,-0.429216192443452,-0.60380772266569,-0.687700918461945,-0.506957531105962,-0.580756484602571,-0.463254034084687,-0.752958413128244,-0.516446539950578,-0.591526341688049,-0.259098286004895,-0.369678679922647,-0.450650643264702,-0.364431377347521,-0.586335564232466,-0.55582893565743,-0.465125976861874,-0.5040118128469,-0.470252059682877,-0.395795857497748,-0.454591877265462,-0.534204476094281,-0.493245699917153,-0.994709094215797,-0.498160160114734,-0.683880791443392,-0.637642556223457,-0.433766563632721,-0.498620830338143,-0.557274246380839,-0.688357132391555,-0.717805448872984,-0.558143815391206,-0.582268885690251,-0.779418571198465,-0.624639164547056,-0.479747850063198,-0.268963758572645,-0.435766260962431,-0.863302396827968,-0.720960697023939,-0.298623608871866,-0.455751855732664,-0.453310727805712,-0.44797140127095,-0.548279532829696,-0.438297113849062,-0.662050694092149,-0.463125277771291,-0.5306775339822,-0.457565010939674,-0.68321113586155,-0.645033942234173,-0.45835929473485,-0.475036080050201,-0.398937340157917,-0.527814552189312,-0.610617050001393,-0.399485999878781,-0.375605944540928,-0.657823111060018,-0.675417309814053,-0.660129858568954,-0.615598885659329,-0.678054608222155,-0.604987609008036,-0.443143173499134,-0.54539953513967,-0.352349725367842,-0.285889461111167,-0.462007123447653,-0.153554947527433,-0.483659002842885,-0.489586856110322,-0.629621509121494,-0.630090548995161,-0.650233508149951,-0.503740736901443,-0.479015092561446,-0.588290655262492,-0.509402356282358,-0.326486181977887,-0.340020651855647
"UI10-00073-Mysterious-Maiden",0.0639171607397971,0.292497969288132,0.0883397602898436,0.10279091101875,0.269030060237887,0.182197444752226,0.206426938683087,0.253124923022001,0.200566998898921,-0.180664421915141,-0.162628939046706,0.335702747963455,0.225805142358061,0.44246244576562,0.129352044257961,0.253499623012745,0.432677937484487,0.183999724994074,0.288293612536471,0.595567333784449,0.089585260926265,0.203775654880981,0.588023466643918,0.300904556857259,0.152458585773455,0.2726211459226,0.225582746390902,0.103356677158755,0.248409675991521,0.338688508676605,0.399724753309899,0.300121960990796,0.17026329016146,0.111073403335498,0.126025912206569,-0.0136894871539196,0.149991897912758,0.231381016687589,0.173353181684098,0.187776410872155,0.148067551477699,0.730239552017616,0.0788011499605412,0.293390515955964,0.194352757533766,-0.125272577807728,0.209766485883341,0.385673484827,0.203148589238903,0.064864528825627,0.185876397441553,-0.175515078753324,0.398056204101508,0.0468557564824545,0.697683014473528,0.414745272447014,-0.118594694304133,0.779786318107619,0.236698668150088,0.171743533389627,0.31231320405588,-0.0963968192937692,0.220340288323892,0.184891012623849,0.294657183582233,0.0984257464876313,0.0459933404896332,0.33665072306071,0.113019410067876,0.169320380186918,-0.0923279078285977,0.0499540894423966,0.231840154393713,0.123370863282849,0.318619282423316,0.471515423864885,0.30575217228738,0.250227572690153,0.478239074585081,0.152903303519297,0.089525733466073,0.213190856850128,0.0697682579912854,-0.0838763269636728,0.260801656506321,0.206987064952689,0.774928705026713,0.521336426913094,0.220582013254333,0.42540483227159,0.176706489464024,0.338570486595354,0.39124086948769,0.243253241882103,0.24810304994337,0.125158200463098,-0.116991533918344,0.0539337366587388,0.367463332670002,0.173653080701082
"UI10-00074-Nippon",-0.396735613478206,-0.440862962577526,-0.296624756652717,-0.353959400166939,-0.598047587111992,-0.574467499059141,-0.384261971769177,-0.461861152256252,-0.281476588660119,-0.257414211476173,-0.413576863723111,-0.391320960132293,-0.595779297459223,-0.205577886003896,-0.398725141222734,-0.542681299466143,-0.40601090604987,-0.560449477234115,-0.346965867776805,-0.401472687283534,-0.297200332721241,-0.428503576483124,-0.47446110936225,-0.403435122460166,-0.424978593452247,-0.409622335062785,-0.367296135543991,-0.424328633562883,-0.463752469329987,-0.213502875226463,-0.295952337686589,-0.380325398203588,-0.306360111551255,-0.403086162993155,-0.561089537358801,-0.446455717859328,-0.369375713707546,-0.325347146211933,-0.275827260314489,-0.413159834544211,-0.31572700049016,-0.316726390375379,-0.477314314973223,-0.325302201077963,-0.35823474379048,-0.330439568700827,-0.406941611295038,-0.387352141753739,-0.363106633788774,-0.226025326461534,-0.376926678807886,-0.403663855267355,-0.434730381785705,-0.383580202916873,-0.312782058574893,-0.391885258554477,-0.495740551559549,-0.392111191450699,-0.397618498065498,-0.550615946714651,-0.176090718392086,-0.31877607744284,-0.409135995130353,-0.377099448409242,-0.49327633021769,-0.263821232101998,-0.488834461063837,-0.476309402877804,-0.449020017015155,-0.394458543219086,-0.359306506988321,-0.530991013311412,-0.24580059345016,-0.443252283393282,-0.315782050221901,-0.341369568182852,-0.387446423757639,-0.380437238551383,-0.227698034158595,-0.421564510414023,-0.408792607858107,-0.339530190478578,-0.370264432420874,-0.315707370984423,-0.482718433243443,-0.361493663805238,-0.350321593027339,-0.339903192172029,-0.343817834418753,-0.322806155299565,-0.515823731784528,-0.352371726583773,-0.244950997669195,-0.407085647737859,-0.406243741404705,-0.351194664603007,-0.363313937793605,-0.317811906966141,-0.367694489403423,-0.607193859272614
"UI10-00075-November-Sunset",0.196560265611794,0.178567145827701,0.122310231683052,0.129848312588802,0.213885666790182,0.169112812889413,0.236199397615241,0.392494046248,0.607514049021281,0.251525377051803,0.228851885730868,0.254968754233284,0.400161824268099,0.246115934444842,0.217583127293194,0.0824394674320577,0.22652556012914,0.235289863779329,0.184382723154833,0.17976617825998,0.250460829225129,0.224022721594467,0.218265180260824,0.13118953277866,0.197014966072122,0.561251872392428,0.196865713193878,0.16366377130664,0.556714550356849,0.250344259980544,0.228142845685082,0.357951816536643,0.175376502360594,-0.14198402003299,0.225568053588205,0.294953428642438,0.255810543183318,0.237728240970459,0.0665437125471727,0.221584346183459,0.174320739411844,0.321224695168445,0.475974179937572,0.205326935524655,0.207199511985295,0.251263811083743,0.180399547871401,0.136242788683798,0.166108363704449,0.243943019788824,0.0952465695860085,0.191673451065517,0.187971274523703,0.181868234710498,0.251703170177323,0.559223106499447,0.1116256594459,0.281274815376786,0.199669624784579,0.233694977483587,0.254936562524188,0.212360346356376,0.266505557060164,0.198660897274632,0.178523452663505,0.115612955322955,0.156109141867035,0.0736487291483681,0.174921860451093,0.429698115297712,0.169032093475793,0.225632794349803,0.369036036301962,0.125745188369469,0.291897756896255,0.142732296484698,0.435572129758595,0.227028002495841,0.0435667997749301,0.202973724019617,0.194420060891701,0.203928161580247,0.191872326017241,0.452391323114086,0.507812033542451,0.156849132031302,0.183504696450525,0.197100049672263,0.193607017384927,0.27894262236796,0.231939569286456,0.158094810597559,0.176179432712189,0.188718176790924,0.290389899841046,0.564473293777023,0.242610303823574,0.216222913959473,0.0599901505615338,0.157649665470121
"UI10-00078-Puenktchen",-0.0677456917651389,-0.0584824326870084,0.0249289440585715,-0.15860814098094,-0.12798878801786,-0.14535629490606,-0.0245247473950009,-0.128749541449296,0.0126868197888269,-0.132933513406693,-0.0486310102897958,-0.144213065315508,-0.00672832689315953,0.0212337241915194,-1.02144702130973,-0.103570453953389,-0.0370598748678015,-0.0395701408071918,0.0367971082362559,0.0423875409715587,-0.203065881339679,-0.129979244676465,0.0604027283769806,-1.09910652530614,-0.0714229913498816,-0.0359290809874078,-0.156947751508986,-0.0562099605171763,-0.0900479753096771,-0.0912394115063672,-0.0115147490413234,-0.154428900214312,0.0282951452023513,-0.00313556156932433,-0.189435422932586,-0.0619720824042379,-0.150235991202426,-0.123963744023233,0.0747745578333142,-0.165556103594649,-0.0809523200794478,0.145066165648143,-0.134182570424577,-0.153302163230424,-0.101037709820166,0.194009845702676,-0.00430047608640639,-0.22876122755417,-0.0158042422568047,-1.11350945723644,-1.06182653822948,-0.141640088134669,-0.100227302454933,-0.0291150386328955,0.0791411327968431,-0.142220230525645,-0.0730244581132493,0.0988724976916319,0.0213136847559284,0.0156767337932467,-0.129212098244683,-0.160999942485751,0.0620356177169887,-0.15015615518266,-0.106312650816889,-0.207182272530156,-0.10088990455919,-0.20723007057798,0.010935719136064,-0.181449244917442,-0.208840398699955,-0.107233534960679,-0.0429971350483273,0.0622984335979938,-0.0834525282640369,-0.0699426167684352,0.00113188391839298,-0.21492479772859,-0.051417074201042,-0.148413038925218,-0.00417193590996622,-0.0195332586719669,-0.0133340258604734,-0.194010436950986,-0.0983712730625329,0.0112222842770628,0.0405989878922867,-0.00802023763059103,-0.0177821683220322,-0.0155632842127412,-0.019588377230348,-0.131488526770365,-0.130028506855764,-0.145178224401967,-0.0896535750673051,-0.131297113900218,-0.180822441555207,-0.0909050298505082,-1.03667630007294,-0.147370620258714
"UI10-00079-Rigoletto",0.431253741213629,0.529011061442371,0.394998031418065,0.42507151847756,0.491390211460884,0.202384283417994,0.458249427508236,0.292648824380306,0.415256647820662,0.441319341639464,0.417145901232316,0.436882559927765,-0.0273515734150657,0.427355199470333,0.5340705166206,0.380925127530866,0.321768911363803,0.44235966493564,0.591957862734631,0.545056338103544,0.615427179990151,0.436738599873528,0.363439644785223,0.498113656926555,0.474878253202789,0.390685701618703,0.46029962128233,0.448984385658719,0.733888388244409,0.336950394206665,0.467878171273678,0.323704741425444,0.583395057461669,0.426341777246742,0.440671953608553,0.410469556142357,0.174444419548951,0.414962118048742,0.527236062873029,0.607786492923272,0.594111432371852,0.347608596525682,0.556061492910006,0.445354447504368,0.403739036778939,0.530437985212298,0.367076254401869,0.40110461995035,0.448055935193689,0.511427299224782,0.544115809747626,0.499141696387677,0.457051742162729,0.518457509999012,0.433096916281125,0.470802456823155,0.453180541531352,0.658511188977296,0.431714431559002,0.581007459114135,0.760192629797888,0.363640802215983,0.451000382629368,0.375418048279878,0.458692774881566,0.114680776761713,0.462858074625667,0.447863784310807,0.477578876033695,0.268443941428675,0.422990685065866,0.525715339062402,0.486314516152757,0.160172117282933,0.528758943952823,0.458360841752252,0.390762703320275,0.154972312697284,0.500778174002961,0.38070489498667,0.651022968620937,0.429916627135864,0.564935890789159,0.363262143778214,0.564682036549427,0.406088269530721,0.673371096747443,0.490059601672509,0.473895800291511,0.593357063827951,0.427706889743587,0.38605414931582,0.39723622250324,0.516928837467264,0.549788298861153,0.457251239235844,0.665860519833722,0.368383165438226,0.519688424654813,0.474153780239853
"UI10-00080-Roland",0.630237335875257,0.598905924045159,0.681820482270921,0.644530545690896,0.638112620054596,0.472745638543312,0.369177586188434,0.6827434341843,0.56197709338053,0.291600365192838,0.629882859275052,0.649478711360923,0.62034289469481,0.615922405257939,0.481338162695696,0.490034739156409,0.613248187403936,0.348977491293898,0.594969668818213,0.405729311222541,0.688824190431233,0.550716401299953,0.539676835834416,0.583607450359561,0.525179617634941,0.497950110222176,0.595907528452829,0.552263688354962,0.615201420912617,0.327354335438359,0.550676307748899,0.423530748003859,0.579545674535409,0.451550996390496,0.444156303293282,0.590826745311157,0.592883694407345,0.562069168519346,0.499817981947724,0.333183307322512,0.531741565018946,0.308550319699647,0.645062206826819,0.616698787476925,0.612418208876821,0.599483944510226,0.494114979585373,0.547443404636883,0.422039746210982,0.4788523327446,0.450584958665104,0.561086601617944,0.456387269983351,0.545693979536749,0.546151345486147,0.475886832585572,0.668401853967867,0.776878165587759,0.463416823076298,0.759020984545502,0.476678994726879,0.494646525824048,0.539141184576021,0.590978333449508,0.485066467281181,0.570426894797288,0.456414353316971,0.54994331733177,0.445419984419022,0.531663924668456,0.756912488866054,0.629638485149143,0.590270503750859,0.56203454731996,0.792094085241267,0.596948481766475,0.290459316669548,0.533916449172013,0.680927677002863,0.514948246137863,0.488929707598233,0.723809011466599,0.535733665528614,0.566971606500231,0.456094300497861,0.5783112040727,0.546857398607021,0.381178342913545,0.552964316593835,0.688357959831825,0.688821470505601,0.662167712644571,0.462825693883895,0.412426853232574,0.28408780025314,0.53815113683842,0.721426973824537,0.540965456270692,0.409418550439586,0.60171559545375
"UI10-00081-Roter-Pfeil",-0.558497597011161,-0.430844270591244,-0.401504747549088,-0.560148381712401,-0.506760498512528,-0.488041062752132,-0.617515943447469,-0.480464843834098,-0.679800015197013,-0.566249803136973,-0.446371353573017,-0.292671716842081,-0.398504000126597,-0.447844820488946,-0.481725981657673,-0.566760156930431,-0.421138983656678,-0.405567231897665,-0.401453974705205,-0.385811885115094,-0.469982011873072,-0.721722034088786,-0.417917091670991,-0.520400036334867,-0.423395287454105,-0.541990473202847,-0.531498691110871,-0.926694269262479,-0.431633594312186,-0.420580657970281,-0.502833102883808,-0.465017612962606,-0.407460778589188,-0.40253277000489,-0.455080122591472,-0.441643662474438,-0.550758321315479,-0.489297457215363,-0.591974668331554,-0.5421291036434,-0.54264163964734,-0.430192824591344,-0.50666640345963,-0.461525623131213,-0.582819897996017,-0.469443741400335,-0.475788884460356,-0.444651528523562,-0.630387409505812,-0.448165470776359,-0.475687546369874,-0.525487708829084,-0.434539410581516,-0.516690943401993,-0.491577625479675,-0.410432695252015,-0.560157810669101,-0.387200720377244,-0.511572541476224,-0.526768516856814,-0.460594794642512,-0.57888875198809,-0.478972766280156,-0.359295615637049,-0.387821942406293,-0.389562084718039,-0.549174854733347,-0.470008830366504,-0.56108002682859,-0.503166102583743,-0.419972203256933,-0.403127701881545,-0.491814813237272,-0.56111999002234,-0.614568684076572,-0.552012289386813,-0.44061199903627,-0.567964104786981,-0.747152504818816,-0.64389814051738,-0.503451343679575,-0.404830232612186,-0.390406542913662,-0.455723290931947,-0.697622284681304,-0.535122615561268,-0.506036654628635,-0.408343420179236,-0.424967174042926,-0.443153174083111,-0.501898034280993,-0.553095540097117,-0.50737602383226,-0.47233192844262,-0.477092468327889,-0.564118394429817,-0.383789655731078,-0.493751121955026,-0.594190300886167,-0.45737137374426
"UI10-00082-Rotsilber",-0.205877747674601,-0.283621210042197,-0.26880508303944,-0.244688319813458,-0.241630751422654,-0.195460197448504,-0.333347746053071,-0.186624524131065,-0.210889257004333,-0.186955395069464,-0.0556738539033781,-0.27745971766406,-0.213594612791434,-0.196207469208528,-0.0107641366998799,-0.210281385052371,-0.119127515340031,-0.226316203459821,0.0611448965328165,-0.191735232997764,-0.176332079930343,-0.143328378571761,-0.0643191128866059,-0.222483290589024,-0.244027994318112,-0.116263903739456,-0.22314581341278,-0.268805406617455,-0.205410853732685,-0.168169137372467,-0.195756060488815,-0.00951206870476507,-0.224441556025961,-0.196089134473264,-0.234848881050705,-0.198081858034495,-0.296404645234793,-0.00897229894580589,-0.187188237447673,-0.188725327111728,-0.220360823876938,-0.193033737561392,-0.14417045989228,-0.187081297684893,-0.170223533927399,-0.229699408842086,-0.234495567387623,-0.245794124563548,-0.237625193298491,-0.234412019059964,-0.146975205627887,-0.206430192412141,-0.234822668694107,-0.000805105417548413,-0.139590659340354,-0.190451523575695,-0.193448396812447,-0.323921965171421,0.00276090521028617,-0.181296438880067,-0.209247958638791,-0.196489050859674,-0.156737017218384,-0.205648753449882,-0.199455319532512,-0.200972477852228,-0.152610627886314,-0.259088132257916,-0.303696677310783,-0.206933043698315,-0.202708552043368,-0.118865847480237,-0.2615085965754,-0.217239520314096,-0.186725928106771,-0.18673545840705,-0.277491325966569,-0.210981975849985,-0.229388966672785,-0.194005345574881,-0.231972727572456,-0.230690446834927,-0.257615403755433,-0.259946688975639,-0.223077477822624,-0.133940906004285,-0.272305823757881,-0.171997749596376,0.0916096879280819,-0.178409338998201,-0.206071981376889,-0.186348581233364,-0.25006206058958,-0.200716934976794,-0.211139072331931,-0.143131462705279,-0.20255947285574,-0.198112911105237,-0.164256277142821,-0.202715070087804
"UI10-00083-Sarabande",-0.620735064733011,-0.475698739625049,-0.513141737439697,-0.367040903127285,-0.28874297529523,-0.291840363222112,-0.382639509272205,-0.411542792411008,-0.335419827683093,-0.404581469758453,-0.282341733163288,-0.399892854274009,-0.644953271930654,-0.200438769997968,-0.633924345953458,-0.792603713811186,-0.42245975319616,-0.641310297981376,-0.399791034988434,-0.33598863566234,-0.327399090049077,-0.336796673768922,-0.400218888346204,-0.301713845406099,-0.459454076254418,-0.11795612276871,-0.216648223694131,-0.237647522428528,-0.267984785507519,-0.239656284195397,-0.570575319230186,-0.252961803296883,-0.406608797022984,-0.32464483136429,-0.486166007839092,-0.317143890768633,-0.360332828185628,-0.3787006667138,-0.28183647915088,-0.593687549185403,-0.409348669693953,-0.536175114756817,-0.373669225222855,-0.361591983805464,-0.274964193774656,-0.337348121130483,-0.369576897899409,-0.251251086560023,-0.53551135910157,-0.43191993405327,-0.406570039667911,-0.317488967735526,-0.630546467311758,-0.434083927995454,-0.29240751570499,-0.405011699030982,-0.378642918001578,-0.382014787214781,-0.0584748371512159,-0.657717508935821,-0.619713962695753,-0.314228085318373,-0.314314601579364,-0.335706562430834,-0.414744075322804,-0.352039687144091,-0.402465738344491,-0.26508641695513,-0.254346987767083,-0.321084970391053,-0.312280538079422,-0.276537841212294,-0.342928414663912,-0.647715174797251,-0.401493715406996,-0.252100549117255,-0.486515514573276,-0.369155989154827,-0.0378053994203262,-0.49472269233447,-0.364764789594876,-0.21950960950153,-0.321170384969032,-0.317806711600307,-0.508715293340747,-0.273480878495507,-0.665364051162923,-0.240932275932144,-0.077202230802643,-0.39241673490681,-0.373715504917414,-0.276425165929241,-0.376762608005616,-0.272722236349589,-0.283834484256941,-0.232668001741211,-0.30746149528874,-0.315744377788049,-0.34207801889129,-0.424834501243208
"UI10-00084-Silberfeder",0.035104566814989,0.0460749470875444,-0.0189866039696055,0.0545157577019573,0.0229313548621789,0.0381441591084124,-0.0411364335141585,0.045512421848379,0.00645557010486351,0.0149579602099478,0.0291498967714728,-0.211414569329219,0.000182437556820542,-0.0978431042641112,0.0481994453974827,-0.0109946307528776,0.0898987305650265,0.253119704893871,0.0982564627453818,0.0437840469818613,-0.0700406967962995,-0.031204351747784,-0.02624929146948,0.00797175452111796,-0.0074015028097528,0.0453528476570519,-0.075549689207374,-0.231120013634565,-0.0378018961690602,-0.0264941213159029,0.124915670638587,-0.223756730560381,0.122470588486051,0.170322145562931,0.173301694971751,0.00150419769573499,0.184359643154435,-0.0281550553472911,0.105255265027154,-0.0399132422476744,0.0208336954301614,0.122994665619563,0.10174770189399,0.0313821762321998,-0.00734294417260034,-0.0416414303752682,-0.0605391711078239,-0.0102823664759285,0.0425545548533685,0.0397748523789589,0.0521961183976137,0.0490791503142163,0.059439204179172,0.0207533686419541,0.0440423916142317,0.162296187061285,-0.00328405429369349,-0.169515902788408,0.0384948783744057,-0.117395817744218,0.0782334458180315,0.119456717072057,0.030612065818122,0.0666763362111351,-0.00355011756315987,0.18285354395267,0.0543082879194408,-0.00673708105824673,0.0925156048297403,0.0349295371127328,0.0951300819190897,-0.0827923165110599,0.0111221675998328,0.192954109895439,-0.0201398520776624,-0.00881912440613956,0.0729645853438012,0.16806895996907,0.0431200824729308,-0.162958160367993,-0.0335059625405116,0.00925978773809836,-0.048016494682692,0.068629899083762,-0.0248862985294105,-0.0434932254779173,0.0404952187891576,0.115880104616541,0.0290504882660341,0.14152997875726,0.14717347677341,-0.0239943583731873,0.0623233152101889,0.120570643062981,-0.032357735648371,-0.0575810662404045,0.00873675230446376,-0.0244972590211619,0.00137000809794577,0.0130463234269485
"UI10-00085-Silberfeder",0.357884905330202,0.481245436907045,0.361408368454164,0.315291678804338,0.346285116933048,0.343521021877759,0.354012561732537,0.367238418468244,0.514927770089459,0.35562505617608,0.366958154990059,0.604268821913164,0.349483601128607,0.379775167399628,0.346912702604822,0.287959608151716,0.373203755440227,0.373269993347825,0.342231743456696,0.248017417567698,0.476644559214498,0.275005106190818,0.301682584863664,0.521198342045463,0.337398126316457,0.444976167494201,0.482385200093417,0.211618384183803,0.0887286121147476,0.456872902033152,0.54318983792748,0.409496935812616,0.376352381324843,0.287310737666533,0.244652438738717,0.171158365633917,0.35660884117621,0.406633391859132,0.306208221506882,0.398145621912924,0.367297341923916,0.0898957874631753,0.515806995461564,0.375408174552381,0.355519983417888,0.498676069273627,0.307022927599126,0.383515045636512,0.371419794988846,0.274886069940118,0.454896035929782,0.621438625143918,0.276820007270553,0.143475226426345,0.378664813280181,0.283466075559305,0.135283741810359,0.284341973597059,0.379681826040288,0.488046580520024,0.391238267604809,0.410149114238641,0.334070696767188,0.308494843526913,0.362318430712003,0.320568057210437,0.359324454850326,0.198716739643077,0.30641891430079,0.563300986544437,0.598779736487673,0.372445620891903,0.465811281760009,0.314804747910152,0.295123185032243,0.451661424544442,0.397864591922865,0.352505953406923,0.378631483065204,0.184388864434663,0.201728970985175,0.391764669907297,0.397733952211114,0.235434433354024,0.238297254917973,0.364111256855267,0.347216951093179,0.317781000231297,0.463873129520823,0.0268464303777477,0.366958601621671,0.208641519343626,0.169168022976472,0.415119631809821,0.24706315877337,0.269397268661133,0.607520444545644,0.383797229778776,0.525012790291882,0.324109254231329
"UI10-00086-Silberfeil",0.398352721996159,0.265374682760392,0.32776659898137,0.169312742924105,0.183500307975801,0.280154872548505,0.100716787820868,0.351556148931653,0.0307227419714522,0.16212511015071,0.361235942247665,-0.161387034662645,0.0567283001014817,0.246361649151814,0.119831696018607,0.239165649156706,0.185910047617568,0.129025306580574,0.116988682826432,0.139638783233356,0.0918149150666723,0.258816112709383,0.214235243581462,0.323620824525154,0.166097701931151,0.0514841149205061,0.172627913743922,-0.171211097214454,0.169008701744155,0.385273137391817,0.0896742512019368,-0.168688773541825,0.192156612716466,0.0879432304578527,0.145920750677131,0.124920663044209,0.168197096230353,0.139689036499545,0.245945728925113,0.201558007632747,0.194493254736894,0.431234608439219,0.270433514507203,0.201662695019045,0.253433301272482,0.147777604971622,0.466100280985675,0.234667240619795,0.239793658123726,0.259115704875264,0.267040180180299,0.214536826812376,0.124871078781853,0.125199224292905,0.2276986085354,0.149826871266408,0.136288894943475,-0.114317720885825,0.179841549943881,-0.0710290578187855,0.0872218016197082,0.159713470565259,0.214032561195585,0.253211835609623,0.268910229107109,0.0938513843018005,0.175717177205171,0.135909007910238,0.2086105188449,0.335489078288937,0.210384387521146,0.11916522581253,0.183341477084172,0.186641948880281,0.189222895516669,0.221930195408119,0.129865227915086,0.202481371449886,0.150840935158003,-0.0816757285741796,0.186047408894165,0.247989756485179,0.165965482786675,0.14552189337982,0.185255689348964,0.109954383193224,0.153279918042808,0.194572373398577,0.227484650647747,0.221531323608925,0.180326670995724,0.360322598658008,0.162027840750095,0.127818154422952,0.166740434991787,0.238639534957066,0.107098221846834,0.461821733300919,0.202913554151305,0.18809720897503
"UI10-00087-Silberspinne",0.356628771186704,-0.0198326588738198,-0.033939864021644,0.274521500866399,0.113398549443635,0.167428309117273,0.221406661102992,0.162598058493414,0.255800406776469,0.244384311720444,0.107708085832682,0.168010406069884,0.215780250927719,0.151726623320751,0.217616065319559,0.207340669872215,0.344366042245397,0.254763125448681,0.371761609675501,0.320898636058811,0.274142626153854,0.176320934581063,0.129390007999789,0.0204475553118905,-0.127519798801992,0.207337545574718,0.209596602072591,0.16150867800889,0.51195027709605,0.0816865295846169,0.23001293539541,0.147056805859204,0.112330707548972,0.168917496437539,0.129492815145881,0.122662082739476,0.39284647046989,0.20725555799622,0.175934497345611,0.184588072341133,0.0946770568246943,0.181884314817376,0.0814794147632705,0.134756484842424,0.128324920794079,0.293230551253079,0.111840829667792,0.00934849440488019,0.148427368181743,0.178536152108897,0.0872102967643999,0.0510884068019885,0.0474871810185392,0.053261336854122,0.138658459085843,0.244305365242732,0.159229986371986,0.252341984582015,0.171214074309552,0.117058768973722,0.206521550708551,-0.0889671880353817,0.0526865085751984,0.304383877892296,0.285190159776237,0.246464289518615,0.326541818621545,0.130775920572104,0.252896859931561,0.0898061000485161,0.254466141716719,0.272187742016207,0.200685770641977,0.203470176731376,0.212281276672232,0.0889482768225773,-0.0885859058860616,-0.021599840603683,0.222953771409563,0.196136273688879,0.376123631327578,0.369605690469845,0.0839756237951415,0.248096919148182,0.0593300943746478,0.207212547502519,0.273602581338372,0.316348497537061,0.0120229530515217,-0.146247198050782,0.0969642393438943,0.108226621993507,0.432547010292105,0.353893595852588,0.139111528903999,0.0981581883513593,0.171296400572209,0.257471988238351,-0.303678910414469,0.188937382968703
"UI10-00088-Silberturm",0.167424634276496,0.0958128228868195,-0.0533765789666403,0.0778002897053409,0.168187236250015,0.15635550143728,0.0415611443436355,0.140209586589919,0.120329648988977,0.479316846400957,0.00559855253557323,0.131148658008518,0.0243918722490867,0.121269104628868,0.0433367800191364,0.142074845724384,0.114378186352393,0.139000647757252,0.511683636765976,0.107417096426233,0.0060616097623272,0.00102808194039869,0.0532616838756975,0.125940896814868,0.107150791828712,0.0620211537534113,0.148147351451894,0.117679188162207,0.0316505502737013,0.151487859933797,0.0563766122488401,0.11850671257546,0.381327288814761,0.0193276518053659,0.0433332123202567,0.14483208386706,0.01580515104719,0.0763488089186662,0.043027522001939,0.0742878885081866,0.161021077598316,-0.0557541614927647,0.126609198607455,0.130630113583228,0.0864089897355909,0.578695634766749,0.0589362978959448,0.416372020034675,0.1037340479798,0.0631572479820457,0.139848337538288,0.0811470116827985,0.104755858797574,0.436642187307611,0.463176142637263,0.116094970075327,0.0285782184926717,0.144183125349788,0.00878718702819087,0.177082065245899,0.159109723674593,0.0309914431064575,0.119461335234128,0.153417288543915,0.142975223383946,0.146224298408904,0.118995515587698,0.0651080201325593,0.0547749256048146,0.372241295216514,-0.0481766960958792,-0.0413102683227048,0.137563259257488,-0.0365619991013408,0.133579604793739,-0.178688943666495,0.161020195106975,0.0526061765171801,0.0285380933165658,0.0771059243589972,0.197168470931769,0.122836599625026,0.138998787752787,-0.00269918499488602,0.0589782159860949,0.390831915184633,0.135106676835226,-0.0673695516038354,0.0747028042057253,0.037257590975838,0.10284204929715,0.124220528561089,0.164723861584736,-0.00970190833379094,0.0731589588735966,0.179863049973709,0.0480123987466095,0.158088517609958,0.579168836188328,0.079724092588694
"UI10-00089-Sirene",-0.986486081233905,-1.02367408714468,-0.889251743057351,-1.13465285726079,-0.968634048670281,-0.83281123510123,-0.86533850657145,-0.998393181922537,-0.717622282296279,-1.01755436649163,-0.999034018782744,-1.03850085753196,-0.885454081013759,-0.874677800946301,-0.858468798145108,-1.07902870376045,-0.939135498389378,-0.972440020888124,-0.950433650303234,-1.02273737531025,-0.918153218173785,-0.773841351637627,-0.979059162731645,-0.977853901453929,-1.04323959928643,-0.78543500225138,-0.998837486364247,-0.952568458048219,-0.870705158641108,-0.876214450909917,-0.995582420245055,-0.812194745942379,-1.13161200357724,-0.875462788881797,-0.861030436597607,-0.951032282337013,-0.593618264190812,-1.02058439913056,-0.97831866021612,-0.830072415800933,-0.865517046559411,-0.922248675252534,-0.547225346479979,-1.03400092580358,-0.907690172335393,-0.946402060722345,-0.923022785977552,-1.02594659039462,-1.01274117172932,-0.851288347504948,-0.970770866039595,-0.936284951083189,-0.899658262029869,-0.907033698004831,-0.878337080337127,-0.798408901219168,-0.599614944456322,-0.966660144956315,-0.896154312222072,-0.911041885337279,-0.886980705992714,-0.629266673298615,-0.87180760542631,-1.01666167293592,-0.417866528385297,-1.15901088047376,-1.00014493656679,-0.992252706759008,-0.997312915368739,-0.897667092108475,-0.837789162980874,-0.975880227320199,-1.06444498320152,-0.778073325228933,-0.937637145541592,-0.991605661708188,-1.12205916480613,-0.929019048186074,-0.774367691135088,-0.983114801061062,-1.26194303683049,-0.430376961768468,-0.93946478103944,-0.927069876210697,-0.721501028990563,-0.946024801485158,-0.875220835211805,-0.939983402711929,-0.918870118946048,-0.875618210540949,-1.05220338683993,-0.866008683721697,-0.91041131107625,-0.910128717457697,-0.987166101396997,-0.803386675787751,-0.958187114732651,-0.929657570956411,-1.07852103563859,-0.994928753305205
"UI10-00092-Strictus",0.303528105818534,-0.0456398520505102,0.117568499864039,0.125182372610409,-0.00459878431293639,0.327684047959966,0.303619056226446,0.608716051980256,0.269376999085025,0.174852275981209,0.232365323090916,0.0362445670935149,0.0587626072121496,0.415801019644259,0.179286285073829,0.183254739534057,0.337271298317329,0.409869094747166,0.245600968905452,0.17153664300481,0.1438276101534,0.149293956941475,0.205334764697484,0.213552379049471,0.288216025087548,0.301578527289881,0.180459988956916,0.282563975063536,0.193149335137576,0.495977283953667,0.431198641663958,0.509124729004332,0.472121508829819,0.39680787366254,0.253726975949543,0.518113884773037,0.491620953782104,-0.070565462385066,0.638539502664297,0.228722754217599,0.0892858167382781,0.285281765342417,0.281178797466303,0.323976143586228,0.382977632459544,0.267234880730735,0.180851847544648,0.0917264863048759,0.571928867419073,0.203808666116026,0.163764045059746,0.361865171742694,0.423617421241259,0.170405327203398,0.565482790509608,0.272502360521451,0.284664830635388,0.609090301182957,0.155857386352347,0.522890943588511,0.195494574687133,0.134707496460014,0.31935784136715,0.0921350619969095,0.241775635668822,0.328985023482447,0.399180008790807,0.31643028803845,0.545037559707225,0.189959935915384,0.301153504395372,0.223331970719573,0.458998858972394,0.160898012020864,0.251488251877831,0.329308855875881,0.311352599676885,0.267741655836859,0.408363012902723,0.195264463745253,0.24143457382695,0.239108347058595,0.444628367663648,0.427344042263469,0.159685627789773,0.304941632323214,0.558990748568262,0.278611306582436,0.378079176023856,0.13921431712187,0.204616367360745,0.419278307330663,0.348420257605693,-0.114910334873526,0.362895783516327,0.291991431960608,0.175306430762922,0.373603548441019,0.251022487455377,0.166728214489645
"UI10-00094-Super-Stripe",0.328199304296493,0.535826684966252,0.312157555221367,-0.0373784487122456,0.363775495852802,0.396885238623164,0.350177068229045,0.18751702027987,0.243497378408106,0.349456586600084,0.499766305768512,0.191150164902311,0.370076871154707,0.404854299132422,0.311273854155428,0.161874790358468,0.275764052233749,0.430293447145081,0.151112660301741,0.25527188122583,0.356256217751167,0.341849224391816,0.251012374399384,0.409198288544365,0.16666086829935,0.371951906220686,0.586513715361212,0.131526597734384,0.395664841459776,0.232677579490149,0.437185002564145,0.396238245093253,0.359041568120713,0.415968621230215,0.33243142889694,0.217997292811073,0.410449734571426,0.359473699886391,0.3348779416058,0.324099531148944,0.43469457057074,0.308638266671021,0.554902047436473,0.227771519878033,0.317606851762616,0.340382527475623,0.257194136107119,0.50077272233549,0.210045595715644,0.297549640890875,0.39396767232924,0.288235157699669,0.172891338413608,0.276115331920118,0.269484102470005,0.548541357323896,0.148750019299307,0.421712583498535,0.224559390144395,0.154148516891173,0.329244972274209,0.313184891001129,0.211598169674199,0.310002170014868,0.25978834591643,0.37555317712962,0.291727498223974,0.381927005407284,0.436471076051275,0.40678982010257,0.263433983690502,0.210139428315476,0.432539652095973,0.318991713607627,0.343649822218754,0.431778819731831,0.478859243873028,0.375000336936692,0.314715658240699,0.133298970056594,0.510938341425682,0.363291230540503,0.58617883414433,0.350058216338963,0.455683971628794,0.27049360438729,0.322611805548526,0.301283109563283,0.340512845927479,0.364418664622309,0.349463091915042,0.323072328539523,0.245805531590627,0.293638804100112,0.40288466960302,0.400474383181306,0.352081601228607,0.352315929176932,0.399448420971913,0.447803205332515
"UI10-00096-Undine",-0.383101135492917,-0.461146052742658,-0.388676561215692,-0.313614459723481,-0.241859142015599,-0.45575791389982,-0.422785261293008,-0.368229072117604,-0.251038473182037,-0.314963827441097,-0.272685761500074,-0.417892113362988,-0.329376468473834,-0.304386068628681,-0.250093458439237,-0.451539252759044,-0.4729550566365,-0.289956211405599,-0.39496575549572,-0.406854634539711,-0.337008554804411,-0.26577597140508,-0.308051723987993,-0.419928539497293,-0.266458257092437,-0.320377482254131,-0.417214809784343,-0.276104057024745,-0.259992850661068,-0.262979435507089,-0.515794064333143,-0.299438384886914,-0.24180547070791,-0.255451443718217,-0.343821323506357,-0.31877446087899,-0.280497120395094,-0.316325424554041,-0.438494461758836,-0.297810175467408,-0.269593390953561,-0.355941750592713,-0.35950465306318,-0.368341322621526,-0.260009619526892,-0.262834455468613,-0.278031595877586,-0.321396381205644,-0.365874463122237,-0.353142560344896,-0.298387787350405,-0.360388563894976,-0.257161896264423,-0.334737276521103,-0.316968362633919,-0.254728950708336,-0.327718816620865,-0.226176141092176,-0.264778359595574,-0.415814697941335,-0.293889001680422,-0.329013762695168,-0.294611561396632,-0.297255771142799,-0.437770853461137,-0.364101607770505,-0.373703346390385,-0.358452141950462,-0.315267112373542,-0.282789324392851,-0.276284647947865,-0.262210955538438,-0.355521257685771,-0.16950720337726,-0.113401914527272,-0.430343818943476,-0.456820433998637,-0.293553646252771,-0.39110085440799,-0.270426835635014,-0.34418595382283,-0.3341568862943,-0.340896047840105,-0.323699957838612,-0.300028184809486,-0.290226352531765,-0.326101340076625,-0.260149716534345,-0.42391802646154,-0.317406945165932,-0.293941630687924,-0.31892550626028,-0.381527740295415,-0.322287864857437,-0.297403986111707,-0.326155434424095,-0.405787777724703,-0.311105443946289,-0.285547866647105,-0.313682038894332
"UI10-00097-Variegatus",0.219960993857779,0.276902845744128,-0.044992705175813,0.288896626402618,0.276724494717265,0.310483590842864,0.420997606916015,0.223153401570271,-0.0493823691563627,0.429641554041783,0.414601745351355,0.206265824294686,0.333153657450474,-0.137643621856296,0.380752320226229,0.231496181182789,0.388750859506219,0.0616737531082122,0.225220756241101,-0.0189408589980728,-0.125886325254457,-0.083253715472547,0.185319601584847,0.219146831127271,0.240125444039802,0.210900318542816,0.291317359295863,0.29282368140527,0.259646331500012,0.351320939544922,0.374679116362932,0.306969340840204,0.102443329508442,0.205519299285189,0.206562204594859,0.305261160884,0.201472382808973,0.294226747832602,0.223410413267011,-0.0914389871501869,0.582744718792349,0.271585498256214,0.132768116889741,0.109146483777355,0.380775673331648,0.189259452812264,0.36510658856755,0.294344716734417,0.159778839382932,0.137440781275431,0.257170527898981,0.317066916665642,0.0192907904200278,0.223801719459741,-0.014720208549118,0.278422013582199,0.349687445370666,0.256858348691334,0.259352324789864,0.362564577102713,0.251497855275129,0.0769052075159318,0.255352713498689,0.298543802624614,0.16624059917277,0.40679012931623,0.17989845750244,0.246917454668675,0.231669503606055,0.238580435213702,0.190723129567496,0.285372460238947,0.441555668095882,0.254708271363455,0.180684906225657,0.28173899397889,0.232668999772406,0.155947204058058,0.493410847574189,0.323005690207687,0.0690709946012248,0.112405837816506,0.316024816054446,0.308110337428361,-0.08198286739844,0.0155835014086686,0.366014886504457,0.0964223690985994,0.337523887140473,0.261959075804186,0.290003708534725,0.199207900760899,0.297251938831125,0.295364560737457,0.485505114873162,-0.0785978787597711,0.0102619252184783,0.348464762474389,0.517572677729413,0.191964861481616
"UI10-00099-Wetterfahne",-0.0429174695560955,0.0186193841165141,0.0746906252750354,-0.0478058868491841,0.0306122429499127,-0.0742938923155738,-0.00943021882320128,-0.265320123252375,-0.0106488100353367,0.00454726471479993,0.0572086688951473,0.0166438602535261,0.0799553392539076,-0.00599445898754856,0.0130661911095045,-0.0773804141503254,-0.10010015760033,0.0238616099894129,0.107802839818518,-0.0546467213942766,-0.0899409827615609,0.15139976453111,0.123458943923588,0.0126161293409843,0.128717092440446,0.0849197707277046,0.0163560016186301,-0.0784797757567441,-0.0182375502277687,-0.0492705059398124,0.107822429370396,-0.0597779054615988,-0.00773048305660641,-0.0565043005381616,-0.122229210934951,0.117282133475994,-0.0267414850397684,-0.0333460381928097,0.0702192594313502,-0.00979926034967862,-0.0218794280563515,0.0152902903260723,-0.0396544941586733,0.144001608109746,-0.119351650400203,-0.0706319099551278,0.00473167170730293,-0.0654226432963183,-0.0683711356834299,0.0221621082601124,-0.0639627743228162,0.0322460327038129,-0.0657022895691415,0.14223292514827,-0.0462190541049858,-0.0423396628416697,0.00783946549403008,-0.0832745591299494,-0.174665580976265,0.0277697925383964,0.0148267679050441,-0.0291229148981706,-0.00968489640525714,-0.036328893464971,0.0392740122646491,-0.0220902164669695,0.0105707895743606,0.0280295492542806,0.0275180286324339,-0.039532221188339,0.159014619309977,-0.0693423534433019,-0.0307468757111755,0.068711893966911,-0.14068408348816,0.0428873761421055,-0.0404035193118267,0.062202514492697,-0.0839374180663197,-0.0461773581435176,0.0144430037749692,-0.0152163549914184,-0.0344974297950589,-0.0664246291158278,-0.153157375410558,-0.10702747732319,-0.0992381031709301,-0.058097093390681,0.115333762808927,0.0693580241585836,-0.00785783954752398,-0.0992126546798853,0.00131050775395829,-0.0326222750782202,0.0395870044515109,-0.103879120361277,-0.0864600134187779,0.0261004316460782,-0.070949119135265,0.050932810903311
"UI10-00101-Yaku-Jima-Dwarf",-1.23828337623702,-1.18497248766279,-1.10909926819718,-1.22882070938107,-1.23524826396971,-1.21143524655796,-1.29889957034118,-0.970877400917256,-1.16691434323204,-1.16920279001582,-1.04025244476311,-1.3776277820429,-1.28815616630747,-1.25629224489254,-1.16324176150355,-1.33131868046473,-1.29680606614576,-1.21015999026409,-1.56337910147836,-1.43862920217242,-1.15516097338172,-1.40942244702169,-1.32764394308303,-1.17487576262407,-1.30593881060546,-1.3146828103387,-1.32741076716288,-1.34035859132819,-1.43594739499626,-1.36742168195035,-1.09018342368345,-1.51137818510108,-1.29060426437951,-1.39702922308606,-0.81730214027775,-1.59545918467814,-1.18395811235942,-1.25785161420318,-1.31998036848024,-0.922242751959404,-1.01660631727857,-0.989438893407025,-1.20591384735396,-1.41011479665738,-1.08909431248079,-1.61510374767674,-1.20713429926875,-1.38864825683799,-1.17982880071748,-1.24936652523963,-1.16879825762207,-1.28896340976367,-1.23933827825533,-1.51870961149874,-1.33615995019022,-1.22796491426265,-1.22276552751802,-0.766647162996102,-1.2216080019667,-1.29638292324092,-1.1410670259564,-1.18275062908195,-1.21197875679685,-1.3768802098589,-1.25719918571007,-1.35467720478599,-1.24656737152732,-1.29510832191641,-1.488206063201,-1.30456581622783,-1.2684682911659,-1.20445971775296,-1.11786580405352,-1.24414319338418,-1.24756259962354,-1.30093208776914,-0.926718923150861,-1.16196266586681,-0.828472155836409,-0.758770035586364,-1.39478146158403,-1.36080963609088,-1.11579176460495,-0.860490494148492,-1.31802105102365,-1.2514374330501,-1.19085975896068,-0.974510792077467,-1.2848659822489,-1.23260601091469,-1.37961786568641,-0.766960611516565,-1.25024505133676,-1.16176906045139,-1.52370611598643,-1.32217019449329,-1.28573900257794,-1.08513491272353,-1.19294074783624,-1.72204452135189
"UI10-00102-Zebrinus",0.243137927894211,0.190007740704134,-0.0535767825703096,-0.104513955978903,0.0293351028474719,-0.0891597592102486,0.107752378041304,0.0906373714027878,0.052434051818329,0.0845121376421863,-0.059289423438434,-0.0612494654240373,0.0611227347805307,0.15699630839141,0.101511133787569,-0.0529816403199426,-0.0205742365803087,0.328789128648237,0.259654447501999,0.0504624093234018,-0.0605628071507922,-0.0596326432553536,0.118903427040922,0.182283499107257,-0.00972648282880711,0.138818676673705,0.0624047382427252,0.119794568460511,-0.080729066915085,0.240429360536203,0.221207620316816,0.156032203901724,0.136416047409086,0.264081194845948,0.0340702718033984,0.0382420148707839,-0.100100943480287,0.078978860843616,0.0964120329926547,0.177810484684312,-0.103246392557564,0.0580041532131098,0.217360398524875,0.182599933320051,0.207499197163662,-0.0892298764047448,0.0513921418070069,0.0723146531296556,0.111933387254553,0.105081659414187,-0.0352443646244672,0.0290711619579878,0.0508008564708007,0.02294188843548,0.128032320519263,0.343050050537754,0.0495595795380997,-0.0892780103840429,-0.191828722396042,0.150272651386718,-0.0973714452257435,0.151714505038794,0.120163563978181,-0.0261935196434616,-0.0426064467142162,0.100440894287048,0.156548670476668,0.0394186933505366,0.124616497694176,0.0407905224504435,0.00762838778800692,0.164318614861683,0.166913073893721,-0.0117867016383455,0.026370292023356,0.0733432690688044,0.0701096402230441,-0.0126988936376476,0.0331957213045695,0.148101242772782,0.0645601838564416,0.0566338861941413,0.144850164316107,0.145833349616126,0.0137799077374665,0.0290966724690406,-0.169263827004785,0.125872399342739,0.0770332103885531,-0.0559285053805549,0.0466136922806109,0.298754676077425,0.0627814860644406,-0.00856591239066122,-0.0774199384601828,0.0490656578083288,0.144476922512098,0.0575191594981236,0.0675694032122142,0.144513850305629
"UI10-00104-Zwergzebra",-0.197519293005085,-0.423110249054384,-0.605361731627617,-0.546925219760174,-0.770707011215461,-0.542827500172025,-0.499842832218285,-1.02106228504609,-0.544847315589339,-0.689788726216158,-0.548403359276428,-0.249393380123817,-0.636471023891635,-0.537881513460303,-0.872064166707056,-0.626017253104354,-0.575070331331654,-0.605943588964336,-0.566096597834968,-0.511623765419487,-0.84847728609487,-0.542395757506964,-0.235150279686736,-0.594296319294715,-0.480141929593161,-0.554370599810382,-0.5761941540613,-0.589507599274996,-0.971354388924807,-0.550313284164297,-0.68353667296364,-0.497971667879872,-0.496471318253631,-0.56189626621233,-0.504421889738645,-0.52797656505296,-0.461290230399729,-0.557427040695863,-0.500134449402184,-1.02449341026926,-0.900191853174308,-0.519894233342193,-0.570412751587122,-0.49545535012841,-0.573032170246695,-0.583187079325876,-0.430369444317361,-0.607403067694829,-0.966140311080765,-0.583041010358958,-0.625364427266788,-0.593213150096528,-0.544878775142573,-0.552891021126949,-0.540190509791042,-0.521159181762682,-1.10833815670179,-0.652073111398644,-0.567389950138518,-0.449865234458206,-0.600183984380616,-0.481643083864596,-0.61538014852706,-0.516410113460885,0.0516792349502561,-0.452110587520218,-0.554788601660474,-0.473676141459949,-0.549181253274232,-0.922352327258064,-0.572547690099942,-0.620321658760658,-0.442249261460944,-0.600407698828228,-0.528968566723258,-0.537148614747868,-0.615401807615666,-0.467153671930449,-0.856298405180595,-0.528756772623063,-0.511565039532139,-0.583313159889365,-0.515488848280294,-0.517624759286152,-0.623130409644262,-0.543374420764998,-0.556803799669483,-0.526682780924987,-0.62864656378751,-0.60964904499565,-0.587443654107649,-0.464259262878582,-0.598152729577696,-0.556671294114865,-0.599654468419198,-0.568444705784089,-0.555759971706095,-0.525159189104801,-0.479599694050566,-0.568845369819837
"UI10-00106-transmorrisonensis",0.76930295018409,0.588976595967034,0.674324984107557,0.631233015512402,0.693259158841756,0.672857026284622,0.659642619522356,0.53899283344298,0.749816579963153,0.634763463380609,0.675497927515035,0.619329451008315,0.613109955800291,0.632341254330311,0.597587424502012,0.611834672454654,0.658855304204941,0.523961636887954,0.593224607279568,0.621464379591767,0.580569412373753,0.503176945301304,0.649015437851318,0.551878650908656,0.473802355121885,0.536365594382451,0.635412502756788,0.598333855853569,0.451659318332405,0.601398457809515,0.648701663252036,0.595770172466795,0.491690226741924,0.503505332461372,0.664704815524659,0.575319860592111,0.607245367822139,0.627844498895113,0.689165725716125,0.63274808320731,0.557672396241378,0.730561224937035,0.682863847582468,0.597112123165918,0.542021896578721,0.60226208102059,0.640367699844126,0.661922014809601,0.521828415866638,0.68958773702898,0.698452543684728,0.744037906929452,0.767998756094202,0.456133950475672,0.583481197350729,0.62734062210933,0.727947759531235,0.719311446708281,0.642567147947527,0.708656266300826,0.618049640124177,0.609076654005309,0.566894664895999,0.742834152251508,0.648732194439527,0.721107355753809,0.658447352393058,0.651952955726601,0.55498474705493,0.605537696925284,0.684765943468545,0.703883755209564,0.43254522657311,0.607151999210092,0.617999819846404,0.546283340725885,0.487071645533368,0.492660177632146,0.636624969084544,0.712736973099717,0.762256120201603,0.611771167073969,0.660527512585655,0.628168378356225,0.653725008261769,0.568041326808941,0.671879132653899,0.629160414122119,0.558953868782328,0.595913262218501,0.589883723507133,0.60171199355818,0.569756547927947,0.605558362408414,0.577908961583036,0.634274173580767,0.608114365549128,0.512760929980543,0.642937184386549,0.650241857197578
"UI11-00009-Positano",-0.372156358550701,-0.308497750787386,-0.372954224489579,-0.457812421177977,-0.724911281011849,-0.624123047630282,-0.42058813193701,-0.455185066030783,-0.493137091845224,-0.382862348218419,-0.5978793885591,-0.42769297826379,-0.615460812084451,-0.4636221756077,-0.351182658279323,-0.440743523791692,-0.465236590609493,-0.341330884971941,-0.196024900220916,-0.258815707878372,-0.520060210545956,-0.300459486879444,-0.605615143732003,-0.401923071665288,-0.417574312740961,-0.482840384508303,-0.43756398337459,-0.553207986716958,-0.511908916463583,-0.243561202249957,-0.651904353854075,-0.510097085821774,-0.372711822084984,-0.386943355186354,-0.213121336324132,-0.294155979711668,-0.404591760204766,-0.694093749439123,-0.407782831071917,-0.470945987844423,-0.623554746232266,-0.476581026622948,-0.428927424031275,-0.376712492993709,-0.561326530154884,-0.563116943781067,-0.449515168041203,-0.618232487161761,-0.349765084349969,-0.407772476522129,-0.50969088407523,-0.468517419574408,-0.667393410717845,-0.470048400635304,-0.426317222856649,-0.384501655590108,-0.406517262100637,-0.306997099555885,-0.598097842233152,-0.448952836773947,-0.568513190227667,-0.488236423306473,-0.348895842022943,-0.460785967140822,-0.459239361538938,-0.459443125642452,-0.421386658884978,-0.416683567379991,-0.616908326887691,-0.396194730560599,-0.453261824640323,-0.256063386027103,-0.376977258675838,-0.037077978192649,-0.41239732793213,-0.513984126777493,-0.152445356231027,-0.489871314655888,-0.423199978757044,-0.446198440476597,-0.395485975162806,-0.488038322932801,-0.266415610321771,-0.457827964168883,-0.465098922232982,-0.127903268614497,-0.520579434738483,-0.424736068578566,-0.355560092069577,-0.516941335873664,-0.531199534368631,-0.44444080361909,-0.332299052391288,-0.368121484746518,-0.261913998176271,-0.363135851391023,-0.511566977818949,-0.286288696642542,-0.482663322432369,-0.363214250154172
"UI11-00024-Flamingo",0.219994317370316,0.233013445090763,0.201311740987681,0.0823927074779018,0.200121342987843,0.157208698736637,0.193067171487533,0.140076620315016,0.183045996913545,0.263824486631236,0.221298187543642,0.260566773398145,0.0938699153561772,0.246368868484544,0.125366699858517,0.192816271003755,0.182851834720305,0.12264220785748,0.242724595378346,0.184891673589196,0.157032799498057,0.147366111892943,0.143355448506249,0.212058819859989,0.2840529505721,0.159682165304329,0.119623927891418,0.150057528096075,0.216246290096559,0.165530007306603,0.247105409236268,0.182984160340785,0.081897707809454,0.244054418025791,0.145784659001735,0.213893913791414,0.241942572310497,0.191578362248094,0.184280602409145,0.198052123713979,0.19310665734699,0.187114057658581,0.184425534795934,0.24790767118082,0.28573430006495,0.198142860079967,0.273097880113722,0.20394015931818,0.170863445982192,0.257963145062774,0.192604301938505,0.172545213625127,0.162246915638541,0.278013341842082,0.0633133478895837,0.156193671430605,0.219723308626672,0.197620942935511,0.238852342370585,0.293191930819131,0.185999182013716,0.192308337077348,0.0545071061722358,0.256884289157782,0.213786520010308,0.236445345334965,0.317272787824723,0.171870221104193,0.338027900776009,0.189523595440152,0.218308555402365,0.245442051719516,0.244838414181975,0.273166292411053,0.202692133018989,0.17194355237446,0.142533433605628,0.175989370574517,0.164772259034004,0.203411491648755,0.223473438818836,0.188125957826061,0.153238663455646,0.246804885415086,0.153127468497962,0.201410033814755,0.0474134849636762,0.175361190914074,0.168151736921102,0.13821082143295,0.133311481363611,0.151380568751839,0.216357979823843,0.197384194192872,0.251012049468721,0.128683472543744,0.163204231960878,0.133395211873484,0.201025280318437,0.23317558412144
"UI12-00001-Zwergelefant",-0.0808963396336184,-0.265791206053227,-0.652886814707524,-0.33047696937767,-0.307763167242912,-0.294592468181639,-0.189218128176104,-0.320842956161407,-0.238036163599902,-0.245629804532733,-0.234392875192793,-0.108592967792743,-0.309631722367253,-0.289524660157926,-0.322632279486282,-0.215748708638391,-0.293452478298915,-0.168223032995275,-0.259219313265647,-0.285040812737746,-0.292945743821923,-0.310383301524246,-0.137768700146066,-0.290378924984515,-0.269308364821329,-0.284334993200708,-0.271982098489315,-0.287806214466086,-0.224496295228514,-0.256283696543615,-0.249057029904826,-0.306387161023877,-0.293980362632069,-0.209700626389914,-0.293240511156707,-0.352957673190102,-0.312552822766876,-0.524415056367118,-0.255347722437341,-0.294314566390161,-0.2193086347479,-0.327117746399988,-0.34841201063515,-0.22568464439231,-0.342535348672326,-0.249248456803302,-0.309946938252033,-0.191763980167866,-0.323415465249853,-0.204360200735304,-0.24958313652364,-0.310733524010955,-0.283388115096382,-0.174083978439599,-0.555911310099379,-0.161666907725487,-0.281134102209309,-0.308052874866291,-0.283395346300055,-0.329278378949705,-0.584243210629041,-0.292642004355082,-0.259267963200926,-0.314578788919418,0.206762965656083,-0.263206933393185,-0.284975589908563,-0.209963654609094,-0.220033510575759,-0.386875959612886,-0.301733689542456,-0.284143414515109,-0.298336248224007,-0.144569031082138,-0.297908055085917,-0.301879937338384,-0.542405153661137,-0.335256508319669,-0.120917693509239,-0.318745670152435,-0.380618732653041,-0.174308113022698,-0.319407729053539,-0.345470510786615,-0.313584619973764,-0.267107024968197,-0.562845947394258,-0.238223145801759,-0.268388969728519,-0.114552270779112,-0.266150298849119,-0.3302566565211,-0.353436607045169,-0.233484578805757,-0.312348507771007,-0.317670409704045,-0.256239508643896,-0.34362901319999,-0.398033250403245,-0.258899195670769
"UI12-00002-Malepartus",0.281872349877675,0.258115220544103,0.157299702524348,0.21017498910224,0.108780171952637,0.224528389762538,0.170926714551919,0.150058485769527,0.252844608283802,0.290214551091211,0.246743547078352,0.231150108562531,-0.0103960597445936,0.178852757505606,0.147340037891799,0.260478397664834,0.128446752061933,0.133936663124327,0.122601031135605,0.228866311916732,0.190210297777417,0.182691252227853,0.323442450621283,0.116952704801745,0.173580325598839,0.110504867063954,0.093495157002496,0.270227019959349,0.190456637957862,0.137215136021767,0.12068726153154,0.230580441093197,0.164538136618172,0.193868148563992,0.266693476176112,0.0527956023152442,0.235540101798957,0.23507298280754,0.0442863864018921,0.14122197781536,0.397255816311365,-0.0851568556078632,0.308553172019431,0.23036744130363,0.268254682498409,0.155562889002067,0.0368312570106283,0.221541139751433,0.1588195992891,0.0869660802434751,0.0928288963113271,0.261714548292387,0.116661819602329,0.188496992345245,0.173986541383858,0.232834057683407,0.229923425831245,0.23812373111849,0.266461045445811,0.162949499474274,0.371521497656695,0.253796268838058,0.0880492035386584,0.321782796192108,0.22418959356344,0.138153898333887,0.0801329524383766,0.225841225223663,0.277522572344059,0.164348487289287,0.158384038598002,0.158319665004497,0.141099777021828,0.275796404152782,0.209889754089632,0.252577225532905,0.193610671592209,0.185863558139257,0.178237261705708,0.248716726452218,0.074385122200414,0.123226154101133,0.128011767166806,0.248044343910762,0.101596561669375,0.10989517226946,0.185465407207545,0.134222159930964,0.145217788176072,0.249167624115763,0.104074995801675,0.223655986692087,0.18787851096057,0.177822197401919,0.0864170040346634,0.183687017037814,0.150680580977843,0.262756437865004,0.167859818535165,0.287695656492156
