"","predValues","predValues","predValues","predValues","predValues","predValues","predValues","predValues","predValues","predValues","predValues","predValues","predValues","predValues","predValues","predValues","predValues","predValues","predValues","predValues","predValues","predValues","predValues","predValues","predValues","predValues","predValues","predValues","predValues","predValues","predValues","predValues","predValues","predValues","predValues","predValues","predValues","predValues","predValues","predValues","predValues","predValues","predValues","predValues","predValues","predValues","predValues","predValues","predValues","predValues","predValues","predValues","predValues","predValues","predValues","predValues","predValues","predValues","predValues","predValues","predValues","predValues","predValues","predValues","predValues","predValues","predValues","predValues","predValues","predValues","predValues","predValues","predValues","predValues","predValues","predValues","predValues","predValues","predValues","predValues","predValues","predValues","predValues","predValues","predValues","predValues","predValues","predValues","predValues","predValues","predValues","predValues","predValues","predValues","predValues","predValues","predValues","predValues","predValues","predValues"
"DC-2010-001-A",-0.00011588863716467,0.0278684928434318,0.0151863433252518,-0.0128764438099762,-0.0190879449627717,0.00264372941493438,0.0175711187399796,0.030455584856079,0.0233900201284442,0.000453461791696154,0.0125232486904882,0.0294820470519069,0.0327014021112758,0.015804862451189,0.0108335448093195,0.00776392269909639,0.0386821922765748,0.00350210879413711,0.0425729054199446,-0.00249201361714813,-0.00276077222529355,-0.0308951429970303,0.0306002523462133,-0.00331826116813003,0.0176658257181001,0.0275079721257204,-0.0222435028045186,0.00516888919127354,0.015310254084226,0.0122377484271108,-0.0209188533642404,0.0362242991304555,0.083136037181804,-0.00235550652332148,0.0423805746603059,0.0134471198884044,0.0321689473233157,0.0114327262213699,-0.0166567958357706,0.0123218487964443,-0.00282096239984852,0.0430332673173081,-0.0204074164167655,0.0264911210173526,0.0142311083775733,0.0225135654172672,-0.0112405272887729,-0.00334158415329542,0.0189597318741307,0.000424685177312577,0.00128301641126471,0.00299636992530812,0.00781078282400449,-0.00475178564742066,0.00893820409675377,-0.0108294697790427,0.00734970974496096,0.00556304345530675,0.0278558406338551,-0.0160667975509202,-0.00748030757717074,-0.00488967538909276,0.00698787354393324,-0.0401546258708295,0.00432855842209177,0.0220893627743426,0.0110628580933114,-0.0174738383218042,-0.0287220134725052,0.0206133675453316,-0.0144695529483806,-0.00016350512174257,0.0157743554930346,-0.0060668507205739,0.0257414158894627,-0.00587161286960397,0.000841947019901963,0.00502241307302971,-0.00839199887254556,0.0363811521291716,0.0325799401989232,0.00162167155442495,0.0019436581944663,0.0185856573875557,-0.00256962436882005,0.0194996088625477,-0.00338924283412317,0.00673644961366291,0.0100429780982531,0.00570231612833865,0.0296519827182819,0.0400823009303227,-0.0365350388443797,0.0202090426349668,0.0169286619835903,0.0125348647076013,0.019972213513821,0.0046966076559508,0.00518313380833555,-0.0108818440681088
"DC-2010-001-E",0.0517703592916035,0.0694201481596538,0.00475581325618512,0.015779098672244,0.0588403895534588,0.0369387545715497,0.0174663132135994,0.0222733943884845,0.0474219161872663,0.0211642670513422,0.0139720462759608,0.052909708845685,0.0316448801657447,0.0254788099366258,0.02180204483725,0.0205744708997468,0.0367568641141257,0.0226468506741473,0.0167670991889898,0.0198464874387236,0.0419364308856339,0.0192823363939193,0.0365659671873612,0.0359491867301905,0.0434749039638018,0.0243984078583489,0.0186688344022207,0.0116606218642868,0.0196816521532623,0.0273540840715268,0.019604460400695,-0.00254136112848035,0.0275571384919314,0.0323719681981236,0.039372367851494,0.023410743262641,0.000565107962002879,0.0120644231851735,0.0152137045302353,0.054416210490275,0.0267424791104186,0.0268206423143216,0.0483059859544915,0.0280541519073099,0.0241845986002661,0.0123644037617954,0.0589098310762825,-0.0114742571208507,0.0368504278358875,0.0224715295177072,0.0250634783915009,0.0318242774466064,0.0329193043506856,-0.0147531637856716,0.0252437507341937,0.0316598661743204,0.0398979640319185,0.0449294227977286,0.0281960874362786,0.0485000460111762,0.0149803168146203,0.0125335306822394,0.0174248567930472,0.0300499420145594,0.0182972448066947,0.0821404187553432,0.0185540537799148,0.0286641589078137,0.0244142592778998,0.0248671813070104,0.047718901029484,0.00754266243506786,0.0501008327347073,0.0252650270998272,0.00369409470889077,0.0283483650823137,0.018412621472686,0.00416999882519498,0.0453049323925966,0.0270686682929373,0.0481255700689357,0.0164838788476765,0.0426070244805547,0.037637252368432,0.0322807984043492,0.0342124288365929,0.0249873948930109,0.0149009144151657,0.0505241330764401,0.0089288575682977,0.0323359387251786,0.0156624898606646,0.0145793095499517,0.0118803034219433,0.0267214271478532,0.0364431841317141,0.00124196612150702,0.0203910495986244,0.0451453498830325,0.0362538784395519
"KY-2009-001-B20-e",0.0690812344763588,0.08054837937741,0.0730588261531738,0.0708361737874146,0.0742646596361722,0.0583609607450991,0.0652773699896967,0.0516916652690207,-0.00365390504752387,0.0628339831727732,0.0623818790584448,0.0173811907370011,0.0834340546483645,0.0519701794900943,0.0716682832660435,0.103020476429337,0.0615760808727325,0.0592469665056914,0.0810587981532219,0.0698270943775047,0.0575536605526557,0.0509498610851792,0.0807090619571478,0.0749742959404849,0.0622757608003484,0.0748970124247382,0.0719124191534429,0.0583697496153937,0.0637499032343754,0.06554125864808,0.0535389977252765,0.0827556462387991,0.05791110166399,0.083414423763438,0.0662468582404651,0.0617731192171884,0.0704645362796982,0.0671119767248314,0.0509840850865629,0.0704477844235307,0.0795548342065829,0.0494522940973072,0.0603487165170306,0.0675943129848808,0.0786223530842595,0.0594728490891102,0.0619334166425526,0.0616871431308199,0.0523789085911544,0.0310527021082092,0.0527987636834928,0.0572985551707719,0.0617173675313309,0.0859820350270651,0.0421141306359609,0.0226677356780572,0.0729624738405555,0.0655422385490715,0.066202573119058,0.0733210570676855,0.0549588962840727,0.0736862577591351,0.0478677916334491,0.0246304977847079,0.0193930335502419,0.041677328677641,0.0346635716462169,0.0564484128862979,0.0303435418588122,0.0491216377958875,0.0676601036347279,0.0480628914102643,0.0601917852412146,0.0617299501397693,0.0580818129002522,0.0619293366411011,0.0559017950698222,0.067561171884839,0.0759929834519858,0.0538024623628029,0.0447475251357942,0.0662506509320116,0.0850490818699078,0.0718808826344382,0.0783979267839518,0.0587901118922349,0.0604451621881261,0.0791642238391811,0.0731825381266847,0.0628538751624908,0.0664639427397125,0.0615035473703484,0.0598327121899313,0.0650237522092232,0.0708951106221427,0.0583641455039284,0.0745060613445455,0.0740193666994988,0.0650740781685651,0.0608147112069155
"KY-2009-001-C",0.132671832015559,0.117372023398249,0.131991620510381,0.138152169459736,0.150376616537089,0.119809113825661,0.117986949913193,0.137702990769021,0.0911787231307433,0.114568404599033,0.144277045674344,0.0861932436885421,0.123024886238251,0.114274442638893,0.134402850887802,0.115961813980696,0.134724005159919,0.143566680507462,0.148675021938859,0.12040200602525,0.132473172128194,0.118717572249961,0.120281218997667,0.138982763586184,0.185674531696964,0.134405170392972,0.116635545255416,0.134950748268698,0.13441783952571,0.12227468685669,0.11906541446287,0.127534775631509,0.142596564025735,0.144755097716431,0.133788359119682,0.118394953748216,0.145132192259626,0.13195783591471,0.132003353403493,0.12530400682456,0.135129979950797,0.15045064590304,0.123012136064779,0.121847233335857,0.125339816766638,0.126892682798306,0.137764687000484,0.144027834991494,0.133990236249889,0.107738238959309,0.107463352153069,0.139166584553962,0.148034858480876,0.119933195503941,0.103487951198456,0.107900397352321,0.126441544216008,0.133240316604044,0.132041295207215,0.142385040226986,0.130944752814987,0.128357992134968,0.122383770426176,0.0788704384269033,0.107428277646431,0.13643434525375,0.0973154653689845,0.124486301169311,0.133456246003976,0.105917114863128,0.12520591505882,0.132766758770544,0.123651069756663,0.127524557339557,0.131024452247453,0.128003178919156,0.119678327038622,0.131082895948,0.100099312085261,0.11802605028035,0.091804062989613,0.14874290268862,0.138615538420818,0.112261936411179,0.130886171126475,0.133621456495963,0.152171347811046,0.13624848456529,0.132757715306139,0.116731010184055,0.116995164811054,0.132346238135361,0.123973140098831,0.117224126530578,0.130164227244286,0.145014498697293,0.123189989582476,0.108818276144806,0.132976705081352,0.127127255898092
"KY-2009-001-D",0.360305093362141,0.37716669584033,0.281271203939765,0.316468473371926,0.284342502418482,0.309284536079429,0.305125632426692,0.353373870554858,0.280453533231234,0.302407521023924,0.309406698371626,0.033009294784966,0.299723115106578,0.338123901565761,0.063169115195263,0.320147556005692,0.31630961671074,0.298602611208219,0.322700421318736,0.307441082525161,0.322115058249247,0.0290293637689629,0.259005220798294,0.33680590609049,0.31405441814797,0.315959615782288,0.305967187755175,0.300268022014271,0.290621071437544,0.305446579162156,0.274543213942454,0.306465559771721,0.359826543151454,0.381481040513893,0.27768683754207,0.319887747191579,0.337756490213388,0.305762455849267,0.34585531117293,0.046717072264518,0.0567979104741642,0.309462141402621,0.318710988536444,0.293368768036922,0.324334030213638,0.332618527970531,0.301760275266447,0.0461723079066919,0.0213877439606977,0.318233132817061,0.317450199740447,0.297029933355201,0.313680736316746,0.313567390268183,0.28943470293101,0.212406627287257,0.057969740777118,0.335179724756445,0.287527002845497,0.309553618608736,0.292358562206897,0.271141571597514,0.293875140574583,0.286708154930226,0.479290901892114,0.350011700518453,0.0218294210221246,0.027893039982905,0.328782062150227,0.325540943244705,0.0255403525250411,0.0097135463695909,0.0412659806462858,0.286690957656395,0.307140258835604,0.328236273653002,0.340218452907009,0.329906486569413,0.305973669518257,0.344104965341634,0.0309961387089394,0.30099133208283,0.293643285163742,0.287921567520105,0.324506124455173,0.0426777986921516,0.307362250009695,0.0566708646444525,0.334955717084116,0.307645113297407,0.333118121497335,0.0476040521062856,0.392216456927022,0.35233590279263,0.269139611295574,0.317321780794471,0.288270877313606,0.307544453566265,0.307751839983272,0.316265650874415
"NC-2010-001-009",0.12790732454773,0.121932331961496,0.00741672771094481,0.107426892900856,0.0834823448983756,0.116507185932075,0.117589135793024,0.123604785554447,0.122478970946974,0.112709041212002,0.102177663999072,0.10524708550486,0.00695216582721031,0.107322066144872,0.108704696995383,0.103913902726649,0.106696901074514,0.133627975326108,0.089463219355354,0.127447476998152,0.107200568143091,0.090017313380825,0.126997517853224,0.0913287387333421,0.107901207926592,0.108848946005237,-0.0116980204058254,0.101015072535651,0.101742085926515,0.101203386656717,0.129054281793923,0.133566193168999,0.128596754519099,0.113597328717421,0.104953784157853,0.0818589640423608,0.103725948513252,0.102890232160175,0.101984094398976,0.111174156642379,0.111868399311275,0.0930803951733677,0.117403389684869,0.158870104971301,0.104488238667426,0.106268395797029,0.157051937028846,0.10951758095309,0.101369654743136,0.123517847135608,0.10900733135329,0.121488600284073,0.108474248969286,0.103524679178666,0.143460906945374,0.120692596256167,0.142513278087002,0.117953728451252,0.00521095267079699,0.124115207628065,0.116130658616361,0.113367756553088,0.114717893087353,0.0871163514107743,0.196767884391551,0.103988076141298,-0.0133666455119707,0.121010091615675,0.00205218186051687,0.119221111254786,0.111412929986218,0.101444228774287,0.104285888532098,0.118173714352489,0.116046760354887,0.117782486805178,0.128746715630583,0.106144915154285,0.088390327182226,0.112406320489671,-0.0166223334941234,0.137021631984932,0.093060867776833,0.099872686048005,0.129149171197151,0.10615758852984,0.104199144834441,0.0951543553835649,0.108423796872854,0.00786018595471155,0.109669049348531,0.142112934750611,0.162328361020383,0.0978516926451376,0.115718081722966,0.123212658474569,0.11386152685429,0.116780300359584,0.125810925351334,0.105379960429311
"NC-2010-001-010",-0.00353859540366077,0.00778169965166422,-0.00328953433137092,-0.000985706081323581,-0.0118587077413369,-0.0119570609813057,-0.000781017713070976,0.0202290066304501,-0.00535637767183881,0.00356497461733602,-0.0213319895767548,0.000352059425554875,0.00394811241462953,-0.0249482903346974,0.00737145148618731,0.00587147328458341,-0.000449887399351731,-0.0229182544823509,-0.000162992664516146,-0.0191989322058744,0.0105753899291135,0.00410258595214021,0.00405916438641687,0.018906427720583,-0.0123258588098364,0.0222683606107373,0.0211151532486297,-0.00887271768228662,0.00188273877712052,0.0200379724119569,-0.00951286205905504,0.0166792374493225,0.00240442458505958,0.00112946750787036,0.0201930773315405,-0.0261841456775787,-0.00794697393070214,0.0131046864004552,0.00830488353449478,-0.0213033953044461,0.0101958233294828,0.00590639748005405,-0.000114818330103491,0.0088284835705237,0.00602221779176819,-0.00825865943898279,-0.00483764558338796,-0.00824833596506457,0.00704911067925914,0.0168149391082663,-0.00917902718228664,-0.0273981083572224,0.00687992109253105,0.0161458324929923,-0.00353427105310135,0.00571338921863114,-0.0103742883190006,0.0080563724465379,-0.00200862886909219,-0.00439909139897833,-0.00333448103434992,0.00841728591687384,-0.00801971921767648,-0.0131871073860323,-0.000431675301130311,-0.000727480149814501,-0.0158022268516351,-0.00551764165246446,0.00522939488706256,0.00252314661454037,0.00547849881991666,0.0337709817268085,0.00260304040062639,-0.00583881610949371,-0.00833115045313626,0.00786078295642601,0.00769400462565674,-0.00630458211065942,0.0196410318761456,-0.0021677987708988,0.0111817601410552,-0.0000594671099570113,0.0115790452067242,-0.00563327427573737,-0.0150009200038782,0.00856748858188947,0.00688291102058693,0.000129551704133911,0.00200368179357855,0.00851819328770258,-0.0107819039829657,0.00652063326787152,-0.00785060962000525,-0.00465732245551587,-0.00132877182943484,-0.00654889243600113,-0.000890783639485718,-0.016914126459834,-0.00497446868541571,-0.00137234865505451
"NC-2010-001-5-B18-a",0.145384328911432,0.117021028856154,0.0850421897112443,0.122332230145962,0.127595418725262,0.112330944558915,0.123225997187582,0.136768499450244,0.123186909595229,0.126386244047503,0.139403498254484,0.123976804445179,0.114191894057616,0.11894935814285,0.103068415080329,0.103307821075426,0.106976781862786,0.122657531455513,0.119614399079228,-0.022058306659316,0.108378677951503,0.0725417836282983,0.112062148166898,0.10975924746303,0.101812852222006,0.124175047195466,0.129675787930522,0.11119227505203,0.155850273233451,0.0997575079566646,0.115580020266158,-0.00792942125419544,0.128955972231387,0.126005374892141,0.121765676362714,0.116196429624195,-0.019479815292988,0.116053072831561,0.127789964124597,0.119947515937527,0.107520754053268,-0.0106622886172679,0.142266512915928,0.108202482501903,0.129986573639009,0.142656578135432,0.119330094099788,0.104927978029882,0.114391708392052,0.118303054903695,0.106335083080455,0.100448746927797,0.123663164971004,0.131363856493829,-0.0119982740807406,0.103880013463646,0.111790988230561,0.134507311184115,0.124568361033015,0.128580480543045,0.111070253930862,0.115368324847314,0.140947149363129,0.128851100950328,0.127842917306924,0.1282250293688,0.127393848709826,0.113290131792676,0.122501054117793,0.126693758895769,0.124847441356284,0.121934960784097,0.124749883550076,-0.015597397408847,0.137532093591916,0.119607175936868,0.12763844242565,0.132530673667402,0.0990627323069265,0.123182888525667,0.0983663671471487,0.121279597892886,0.148204223926065,-0.005278364462614,0.113798858099491,0.112459162182524,0.113693964815013,0.103749189288136,-0.00877281607674601,0.11402666758902,0.118138161181029,0.104672556218377,0.107553392301078,-0.00769546186847234,0.109581911247308,0.139083239932487,0.119939585262453,0.100010889426044,0.124138966176292,0.130863788226696
"NC-2010-001-5-C",0.00339449158080289,0.125466336418036,0.148558492487131,-0.0317411803833464,0.124002843880512,0.117744577560181,-0.0205485544848042,0.11060002844938,-0.00853076246062761,0.124679062703469,0.127240632779457,0.108772792842653,0.115256475126961,0.128399269442687,0.111963270323118,0.118578892619338,0.105244695530807,0.120433227724475,0.113038408803797,0.122015775758023,0.112625335305744,0.090118100618783,0.127683903071659,0.104983764817821,0.133138046155708,0.14297208441265,-0.0111075185048083,0.114244970443301,0.106758235529622,0.101263659521937,0.119338493782951,0.138283215818134,0.100557918874039,0.143460717297268,0.128480587458223,-0.00108194310061215,0.0971356337766149,0.118425547991063,0.115661723834432,0.115294919615958,0.108434112810907,-0.0388223174080274,0.111095191415783,0.106592797358937,0.13888187468664,0.12543959084895,0.15068481869801,0.108090824348772,0.111907681020888,0.10080076676447,0.142693294496418,0.119690178116409,0.128154499029762,0.133642532235706,-0.0478259136199066,0.118152170712161,0.103004838370489,0.109743842833094,-0.0184567737718159,0.115018597445403,0.137700537848424,0.115644324427262,0.125624314546533,0.113534758016331,0.113423413081952,-0.0339657683423263,0.0955115271809372,0.126812023045552,0.109632714643345,-0.0160349287530122,0.00348290404135482,0.116872265730383,0.145114682571092,0.102089557856635,0.128679248889737,0.123783067619534,0.145130410491331,0.12981286854958,0.129265476893221,0.108641608279182,0.105104471879003,0.0969903048278863,0.103743269373753,-0.00606270929767465,0.115570655137177,0.108917043422824,0.129913975604418,0.116607611546339,0.132046736495942,0.117616817193589,0.115795889896289,0.12210211866291,0.102363775255135,0.117102958979546,0.112557984639637,0.129850328405484,0.103761573346479,-0.0290800731765607,0.128418793602278,0.149783478896439
"NC-2010-001-B",0.0162701632727891,0.0162184087431703,0.0144249512069681,0.00946886806731698,0.0251640467198858,0.0111691757158982,0.00511949608215209,0.0100023150621537,0.0107631083401215,0.0199495150666717,0.0149221619693133,0.0168078116957314,0.0302045679298465,-0.00656443939684194,-0.00392560186898091,0.0266486910464655,0.034802767558287,0.00613421974173071,0.00383860232561962,0.0235526176858241,0.0191556125098643,0.0125283497993754,0.0136119480304486,0.0140638230159228,0.000297480803738926,0.00622164580819421,0.00950848512751782,0.0131612934471598,0.0588694881969738,0.0000690889540828276,0.0105039292993352,0.0162096757695136,0.00792677465199694,0.0200137128321892,-0.00628807209792026,0.0349999376173254,0.0186161307568159,0.0247974546836186,0.00756149729826674,0.0118524430478909,0.00328925788326978,0.0126774931745411,0.0298426096393201,0.0285872312507162,0.0103378156852257,0.0134953617324281,0.00750931123203295,0.0115605957694021,0.0149740715254629,0.00758161212759124,0.000815563516562167,0.035973551406277,0.0271536581361269,0.0260673065838061,0.0159902691254874,0.0251987346832209,0.0169894696239043,0.0182746898946176,0.0118582968560829,0.0143120774929057,0.0246497056731936,0.0143733776625955,0.0212673791035674,0.0121431942961106,0.0147735064214563,0.0143542677487461,0.0128772816661192,0.0141003097564689,0.0195123671989489,0.0185186083152769,-0.00170750348341397,0.00838990596096912,0.00471895430660169,0.00735404349049992,0.00273118741998969,0.0122500402482497,0.0178550148524186,0.025762157962457,0.00534150052733455,0.0170235446314719,0.00473821218477391,0.0103282080835019,0.0207321431199057,-0.00791606979349918,0.0141186045504841,0.0145751217295204,0.00928227014202724,0.0174507199593302,0.013902588479299,0.0319901184589959,0.0135747138058009,0.00792759229098391,0.00863836528093033,0.0219070104857267,0.0055323032466609,0.00537469827065561,0.0157863021559414,0.0193115189226222,0.00610112770106136,0.0211274063534488
"NC-2010-001-B44-e",0.115937707030939,0.0439751425681639,0.0659395540049796,0.0492806741866853,0.0529848098956702,0.0625335799904193,0.0580760961852463,0.0766109514703088,0.0645948268048571,0.0420844682330152,0.068546212968026,0.11374506525674,0.0545098027636786,0.0687648843385895,0.103052463048767,0.0671469446735563,0.0939463549205689,0.0561412893931293,0.0312028595403579,0.0649979085635297,0.0594206608213112,0.0655807229493107,0.0493758361509996,0.0365800378679616,0.0494014659248451,0.0620613102207663,0.0493230293299568,0.0673846222939154,0.077759114916228,0.0515642673959368,0.0678923268469474,0.0526773055427202,0.0522153937803036,0.0510621648161883,0.115490611867282,0.0536872802714229,0.0616006587175154,0.0703215000168417,0.0451385423211858,0.0527680099028007,0.0463919741795416,0.0472599408377216,0.0347410258289538,0.0350904888108205,0.147427422691872,0.0628561863689647,0.0541250143417516,0.114861287945765,0.0577701547625122,0.0675636342708006,0.0472711025800146,0.060062659923656,0.101932656237294,0.0429534882084843,0.0467198463477247,0.0393826991523698,0.0547947336916666,0.0828792449709319,0.0604273927607578,0.0293630249576477,0.0436766662361233,0.0995381045076139,0.0455033944660241,0.0678469730482569,0.0592537214782128,0.0548751216229716,0.0530453488354478,0.119359549183843,0.0562899714617044,0.0846040985513803,0.0655506274680054,0.0529271390103264,0.0684732842625092,0.0485541914550169,0.0664534504018564,0.0505429776507394,0.0506032995763816,0.0635380172847125,0.0460354984529882,0.0619945122057824,0.0561744623456823,0.0394808265764812,0.0575724029294928,0.0542440559546675,0.041678764703359,0.0533219589900968,0.04590581021022,0.0604791811113156,0.0614016762677327,0.0410029161809275,0.0392016305281555,0.0342557842543175,0.0617614282095402,0.1225670113378,0.0453495904783094,0.0468859239798845,0.0555549177075731,0.0660403401666091,0.0583297363774784,0.138178456642198
"NC-2010-002-001",0.0667364382668792,0.0648443580575984,0.0546666364998216,0.0533616730505429,0.0147609698723903,0.0262396810537893,0.0634680933524626,0.0449541465915443,0.038585146184108,0.0461509229975472,0.0593939436628991,0.0339966321360866,0.0451823096764484,0.0548543960813972,0.0300116830100923,0.0443546565513517,0.0416052511196274,0.016630747899458,0.0657660300557778,0.0430846124196,0.0170705987727611,0.0352219315332171,0.0450964058112613,0.0432516562474611,0.0713067182121868,0.0451012963837256,0.056483559602564,0.0643422278998205,0.0540545380165792,0.0538211800257576,0.0233076509220779,0.0689715747931515,0.0537384366438233,0.040654719669301,0.0521499263559902,0.0511350607323162,0.0429991904978531,0.0551166671118398,0.0158930407963973,0.0374444160918059,0.0590624430627005,0.0305182708450477,0.0338416847196943,0.0570731899034543,0.048102925589629,0.078542017495213,0.0418566141169952,0.0135793288228984,0.0426009851056992,0.0328080487356112,0.0382462372388512,0.0384068227911437,0.0252197923358819,0.0530427405603897,0.0600993032642083,0.0467079549189654,0.0884701931911461,0.0271256948915524,0.0582637994044379,0.054589223357316,0.0416062730518407,0.0601403803933533,0.0594823929422923,0.0669346841909559,0.0110574854370341,0.0192476976757433,0.0459130701190635,0.0293631015403819,0.0626481753467406,0.0578183125907922,0.0523039351725888,0.0314013106738354,0.0492746265614569,0.0440718481179005,0.0599622742066401,0.0446688653900865,0.0640061751108011,0.0590846067073807,0.0266229530121631,0.0619023491591307,0.0541287928350854,0.0439582786305255,0.0334978719279798,0.0613786076381164,0.0442645268391555,0.0526948663581095,0.0441440074267706,0.0504236025021148,0.0602799069260756,0.0452001758119054,0.0295547655428998,0.025128546013089,0.0539836463544453,0.0572637810488869,0.0539540199718314,0.0474744784070731,0.0534178724145235,0.0406478808506494,0.00530276877034649,0.0445439846796533
"NC-2010-003-D",-0.028534880914226,-0.0378868154571288,-0.0587336293613712,-0.0138336634994973,-0.0718812904415537,-0.0267379939222424,-0.0386543297159508,-0.0580895342441446,-0.0309625993676822,-0.0506099080082255,-0.0465986836221055,-0.0431906866528832,-0.0187234783872581,-0.0273498202228487,-0.0307990840138248,-0.0434573563820562,-0.0616513236866438,-0.0479771001053995,-0.0385352192540625,-0.0372828770970522,-0.0315205450090098,-0.0511666594922335,-0.0532769580650591,-0.0538189173820709,-0.0321467591159355,-0.044501370695818,-0.0462393035304355,-0.0481574277324651,-0.0427213710099691,-0.058644150835949,-0.0206242537588483,-0.0344721973909969,-0.0217089996324194,-0.0436435154509459,-0.115486074793662,-0.0340206926151313,-0.0336515449848877,-0.0550423913605213,-0.0650969553555799,-0.0538187156403992,-0.0342963473258792,-0.0477122088037695,-0.0291958601022014,-0.0834629736028154,-0.0337686243936904,-0.0123421545578099,-0.0631537097698496,-0.0444615281040816,-0.0552185243863254,-0.0338641401245124,-0.0643657261061417,-0.0209950262973203,-0.024101394470125,-0.0249935430432897,-0.0190225790135973,-0.0295621020817761,-0.0515518982588061,-0.037588463008078,-0.0294799695982524,-0.0534158958719043,-0.0639654408187665,-0.0226281850296443,-0.0244071079836313,-0.0500491635677346,-0.0443264238079705,-0.026591852919026,-0.0676379618901032,-0.0299615254275402,-0.034968292649338,-0.0426599485215518,-0.0327403898709083,-0.0438099161493497,-0.0440444870897945,-0.0408662984988276,-0.0473344988476677,-0.0480368256662927,-0.056578875546928,-0.0340238231588585,-0.0507477684318269,-0.0585074976262186,-0.0449617662538433,-0.0144821898756763,-0.0423558513030229,-0.0061511652113356,-0.0501036061428285,-0.0525973717335918,-0.0833094316923817,-0.0415904821846476,-0.0309627346008492,-0.068167463762556,-0.04567239404838,0.00625663081541756,-0.0527894546238042,-0.056364228103703,-0.031496199013717,-0.0508496773464154,-0.0636041284365699,-0.0545885949747794,-0.0671717621614014,-0.0520741734847489
"NC-2010-003-E",0.00253538378318246,0.0312657326169597,0.0636803556887864,0.0293265724850917,0.0361257303054642,0.0170822769734912,-0.0347941166709942,0.000245938423619356,0.00895489560276937,0.0575730410163513,0.00572222377602873,-0.00248304454327113,0.012717818665581,-0.000224728971501812,0.0172695730180363,0.00269770382585399,0.00797768828383687,0.0100670915114682,0.0265817893788849,0.0342227519245477,0.0245262096825202,0.0260091753888245,0.0177363124900131,0.00424240104465791,0.0278177413270144,0.0375689584646788,0.0199470191130377,0.0140699580734186,-0.00912615128395345,0.0174671737117915,0.0542175607551135,0.0215597945470645,0.0250531067681329,0.0176480868684886,-0.079507442793478,0.0247250456725931,0.0263878159131948,0.0209429028249065,0.0111615002621548,0.0221698954057771,0.00549860994309644,0.0192311322348243,0.00776246958321614,0.00662765244577247,0.0178587871744355,0.00123533275699069,0.0248313345608272,0.00508320518585153,-0.0125853778932881,0.0527179835352802,0.0769286847349676,0.035736366571103,0.035235459728648,0.0189290922406425,0.064706805377538,0.0215307226801492,0.0277954652137375,0.0118477787553866,0.0554297129180717,0.0226142334228309,0.0218028408229633,0.0164095240430817,0.0274686295799149,0.0380175181656136,0.0294879167322783,-0.0115030608134613,0.0344313007559035,0.00397451494842743,0.0588255447559461,0.0514159651369081,0.0643695263839696,-0.011947784600964,0.0233407533698198,0.0107108028883018,0.00176278552039812,0.00845355410013683,0.0224517394981209,0.0554154290083441,0.0406545187775533,0.0156059768534867,0.0339098035326211,0.0149709862976759,0.0319896075052765,0.00139520203249388,0.0312178061968092,-0.000259241547410085,0.0581001638555931,0.0289495397048886,0.0147719073907724,0.0341812275538496,0.039512506077186,0.053462416466257,0.0481990872223557,0.0310596103133937,0.0344047453581138,-0.0257486874763773,0.0473047657300931,-0.000780661614394169,0.00651488332832209,0.0345438337859636
"NC-2010-004-E",0.0169934844200671,0.0194218816565285,0.0293166227381686,0.047300902371417,0.0330242085427304,0.0315875241310349,0.0363647905765806,0.051814016988179,0.0504993789398944,0.0287307850870063,0.0102203487852118,0.0337976109352345,0.0456554439493005,0.037551790251621,0.0294032336118511,0.0260081687194935,0.0451305647265365,0.0279622192265774,0.0585013312591209,0.0285793046239845,0.0270780880135219,0.0385811303662763,-0.00153392761296864,0.0128602712676065,0.0292113229449496,0.0195006436260244,0.0432600080670039,0.0539500542047734,0.0393262686776079,0.0133509040056837,0.0188784962052349,0.0518031789547221,0.0534127682423262,0.0601740369572311,0.0303995136979909,0.0211778010010991,0.0303921994903215,0.0162476425145539,0.000518419798050704,0.0323392328869656,0.0189084738969733,0.0137471816584473,0.020175767619916,0.0137114709482974,0.0239624874788226,0.0298053404602535,0.0225329551973447,0.0110444110380253,0.0300195066341333,0.0345993582782984,0.0469389533998827,0.015185003650688,0.0502904064284276,-0.00891045812706514,0.031293681138396,0.0359467175344814,0.0272262751289801,0.0332389466101242,0.0152007003268617,0.0295806826986576,0.0535620823221677,0.0331686606964303,0.0204424617548505,0.0299708661211217,0.0347663858482166,0.0180021656004274,0.0148997513862272,0.0513292438463663,0.00242796937657397,0.00969182252749494,0.0236698026549039,0.0221740360967655,0.0484623845788207,0.0454797483829481,0.0359651479615665,0.00771691547210417,0.0300523549785511,0.0328448933804601,0.0457974966357269,0.0253833316813475,0.0272397590239975,0.0342120151312911,0.0135968200156072,0.00897666071382572,0.0308693936095001,0.0485843368467034,0.043974099342447,0.0317986840242708,0.0160307160567193,0.0192058020611114,0.0278893496141061,0.0481516275779015,0.028066043361447,0.052751794306059,0.0325019572251156,0.0197002990349689,0.0401062526555104,0.0172010181607766,0.0280280841146228,0.0221331942009969
"PA-2010-001-005",0.0818187779275903,0.0939620445931672,0.0818801191869838,0.0569980952492091,0.0436865659043619,0.0849228000672419,0.105669287259163,0.105675341822178,0.0891952656211802,0.0812518572303848,0.066773558619589,0.0420623819451972,0.101476433446291,0.0602238159516588,0.0867864657291377,0.0940724392002791,0.0760706944814281,0.0670966789916723,0.0989204699456246,0.0559863953802372,0.0929103524666126,0.100092272266575,0.0426783781048403,0.0828469830080504,0.0499308530700004,0.142423854931961,0.0917938939273407,0.078184885669385,0.0706991645710647,0.0717705700063476,0.0709549072969741,0.0899091835739191,0.0555569098810544,0.0833875971455794,0.0677282833346644,0.121714799999251,0.126116073508841,0.0451168739665473,0.110509718280224,0.0976920682844912,0.0922416262656667,0.114880273663341,0.107096862990205,0.0694526079757248,0.0739220208068882,0.0829241514900295,0.0906711218988654,0.0748216197257011,0.120809020453333,0.0521727194485409,0.116823962512534,0.0938085651441203,0.0985497469389813,0.123103566144861,0.041014699338112,0.0804605320970883,0.0777284404761003,0.0892608880202297,0.125447664121489,0.0725593549476572,0.0811647123960598,0.0764522783066298,0.0705286516396999,0.072237896607888,0.0671062425976185,0.0882722918808883,0.0771112574802933,0.0988419515748902,0.0695444618186292,0.0896179047127092,0.0313428672182265,0.073045984582876,0.0699685236083936,0.0474138311049655,0.0539719924998201,0.0958624584203808,0.0545135999558882,0.0877888000221263,0.10740898277164,0.0537264493477664,0.0566138683655836,0.0789812158445754,0.102621144608679,0.0699764162260992,0.0860379314176357,0.100251418861004,0.0618564428167188,0.0892372018187003,0.0873650002379697,0.0944721486463958,0.122796896229425,0.0547899124931908,0.0433732794554274,0.0930096139034015,0.0571217332293693,0.0854835067616154,0.0758146014057251,0.0966147937725434,0.107855506522588,0.0787584865391238
"PA-2010-002-004",0.0469682721311055,0.0174246674502973,0.0328580690767453,0.0362503124562226,0.0358917007690475,0.036114226966495,0.050103149507605,0.0327287014228629,0.0473551086729849,0.0347718293852926,0.00354094010428086,0.0396720561777625,0.0217257177756903,0.0242793635454968,0.0297876171931749,0.135808520128405,0.158342714217778,0.0228807024757712,0.0323949145762004,0.0377302640327528,0.045575704693713,0.0309435756362362,0.034915874841287,0.0384576123703257,0.0351401309081994,0.0432188678781555,0.0202976640398075,0.0366140797851053,0.1471407127357,0.0448508135483533,0.145001225406015,0.051602496196858,0.0565311591745899,0.03543300504953,0.042528054019422,0.0168067957851678,0.0195742516674483,0.0395432022978721,0.0440748184271977,0.00958413214973709,0.0373664258098204,0.0107720477335347,0.0400755221436647,0.0202436426500275,0.0304277571011941,0.0261966644054834,0.141325216296998,0.0417081054092448,0.0336420015071775,0.0401276616805385,0.0266544846917755,0.033997219938472,0.0483817600469385,0.0378973856439483,0.147080126455244,0.0375399225298975,0.0166108074677939,0.150166254611891,0.035051789214504,0.0386252715351776,0.0437565266970807,0.0362493087253396,0.0508121996449185,0.0222006142037104,0.0475461662696088,0.0494316749366711,0.051276270137555,0.0441187910079799,0.0208614345057348,0.0489434123187262,0.0447551575901947,0.0283814606031614,0.0187234854849199,0.0254893668180829,0.0312592037893254,0.0283897463238315,0.0100702145939645,0.0186472111556548,0.0379364894978147,0.0369403047862183,0.0062450939631033,0.0392175653720309,0.0162522478318206,0.0302806049390723,0.0351102492952789,0.0152800027995219,0.153569854535464,0.0414302358963245,0.031543047749432,0.1415610598694,0.0421799761032407,0.0075319206979714,0.156407513952989,0.0391480790153331,0.0347746373814423,0.0452583846728083,0.031647182148625,0.0361120448864036,0.0560472229428486,0.0253027133678963
"PA-2010-002-013",0.125737800488608,0.177729501889428,0.151100358289549,0.142628798503872,0.139920024967872,0.14622817120447,0.144647868266992,0.149198812572568,0.146596816270427,0.15500007251576,0.134244197258796,0.135947115893837,0.132209559500722,0.137077265315004,0.137652265693151,0.146801983140736,0.150582425151864,0.137753149431172,0.165467641894273,0.173448869254627,0.155856075931564,0.15800077709713,0.174713526583177,0.146643708540978,0.147063043555575,0.161433352262379,0.130156654031331,0.16312786439829,0.111430184970165,0.151050019024436,0.157410988964045,0.157559051548889,0.154063729126628,0.120949769895001,0.123022319943604,0.131159508472587,0.157516600606519,0.140201858903545,0.191857880192067,0.161719738771521,0.142121526521176,0.15393349025042,0.144124927458544,0.14884266841916,0.138945183099758,0.151548703686612,0.125494990961538,0.134693422255558,0.142260289840554,0.121779972058377,0.153221703431998,0.137157020401412,0.15777100963837,0.14301400812444,0.152148465198309,0.131795287366362,0.142536995019908,0.138077621434939,0.146731762983901,0.159776455520243,0.15013382451215,0.109328671598562,0.147161654377711,0.14917263154548,0.139517994161635,0.167996711730071,0.157018297939188,0.16873639703745,0.143540069242942,0.140011223919115,0.134304163143658,0.150216090042285,0.140238019949382,0.135257594843392,0.1372726347378,0.159394001590145,0.149591737489624,0.161476592754673,0.195226948798002,0.169350367568911,0.179465045448923,0.133137620498952,0.16051528309138,0.180392681666855,0.162322926725291,0.150863098352619,0.165208457845724,0.141008671327168,0.158196421760441,0.14387061647672,0.150062614302288,0.143346817323878,0.152978627799287,0.160946078269804,0.156175399502874,0.16727009652987,0.144490304809076,0.144241839321634,0.128749495994162,0.152852377950822
"PA-2010-002-015",0.132775823811432,0.0971882612051135,0.144535311008885,0.146817026871215,0.13156924000653,0.148554507271322,0.190816153095152,0.152916146785029,0.142200600457221,0.136033498711307,0.118513396742824,0.135865365206574,0.144606544843875,0.152694292339258,0.107419086996417,0.111395537104604,0.152611079220352,0.130003405666956,0.152368711526986,0.148945282260353,0.140898042641484,0.170896926682215,0.158593283727654,0.14551733242191,0.161661652596481,0.241211827643128,0.141526768132362,0.211033849589898,0.148015143397992,0.14715901567478,0.125189335065371,0.221897411065831,0.255106544199801,0.148011700642971,0.14358658942898,0.144786143116663,0.156166069217237,0.138308036811342,0.114775049474143,0.113677577368434,0.140858147098965,0.148563332738234,0.154396000289854,0.143009579084509,0.185595331595289,0.155120625231349,0.130645108170853,0.219955607200435,0.160159393728031,0.129424956822589,0.135531244903579,0.198202152851259,0.141260443983198,0.118085949603403,0.11647672030399,0.143062897748126,0.131988379236305,0.153628908583999,0.137318424027995,0.165178551194729,0.145450976362784,0.155043054882252,0.121304778208495,0.138648186670438,0.138502311138585,0.227606794633483,0.131140851201166,0.157222024404003,0.180344827496494,0.128724844247749,0.131343889712209,0.120604477917504,0.136131426350927,0.146918317857086,0.131052839352087,0.120395928380619,0.117001651644846,0.136529418638007,0.131387607887291,0.14154554433664,0.131712010056333,0.121377499144102,0.134504439030746,0.141665951458862,0.138412474165091,0.140664115105789,0.15027080898676,0.113284243366238,0.236845686744649,0.140524060558148,0.136952670060125,0.141240373789477,0.148960940170519,0.127641030539127,0.138706871171525,0.113895926195171,0.143821361390513,0.139450600688453,0.133164524270122,0.134746393010691
"PA-2010-002-B3-b",0.0391332991898877,0.0575852894812686,0.0538218547369352,0.0486332730730685,0.0507371651724918,0.0711756179981603,0.0627833717281027,0.0898219420441833,0.0542190124590194,0.0541023810515504,0.0666006120418278,0.0460975649641951,0.0179684489567466,0.0369481191565784,0.00731968092169556,0.00272176226824247,0.0412506645514047,0.0427476993367267,0.037290297482486,0.0478653503148178,0.0484917773049011,0.0555481564464934,0.0625606115266507,0.0407982048475998,0.0414682774526052,0.0679957224463126,0.0467027867129838,0.0470536604275621,0.0328028778250014,0.0590355577641043,0.0604724228875775,0.0299045731383201,0.0540903370860827,0.0585186101896551,0.0486445043795364,0.0307258078084741,0.0572065032243932,0.0668603417286303,0.0595381854552617,0.0573513694252158,0.0429716037017548,0.0548022185210464,0.0447529977478397,0.0353260554020378,0.0407409951032587,0.0169324705262859,0.0570979121357196,0.0565764117598036,0.038808519215401,0.0543979673464182,0.0510745688688148,0.052702846703298,0.00683130017210697,0.0418398007903401,0.03557671515575,0.0457443915115423,0.0512550633405979,0.04558675403252,0.0512800592283755,0.0191492274604877,0.0523293057333333,0.0333265599881054,0.0660535636449311,0.0430556356747351,0.0463607692594484,0.0534535045184394,0.0493199106573804,0.0488843673650977,0.0370319759285724,0.0526704602154761,0.0632874747204898,0.0404192072330915,0.015908574806606,0.0439301940530481,0.0751625843763201,0.0569463131688271,0.0367024616662547,0.0492159541095922,0.0346795027708859,0.031049717010295,0.0506862878640921,0.064556888783843,0.0594258239904539,0.0364229401960758,0.0287648222336932,0.052223636724593,0.030090970071225,0.0391203217412151,0.0452096062276033,0.0277777112309379,0.0696614977393087,0.0456478836189953,0.0413636963634528,0.0199514667471203,0.062108305946862,0.0137027332137945,0.0596152026751943,0.046638328532994,0.0340364693791523,0.0470809235157644
"PA-2010-002-E",-0.172251383312209,-0.186406157387827,-0.191368743603886,-0.0465103614424913,-0.210842803497342,-0.181035416973492,-0.236302818228735,0.0165562119961928,-0.193263706114468,-0.164016411236713,-0.186412579454689,-0.202542358837932,-0.183982766502797,-0.177369231797685,-0.186788129081062,-0.187306908038433,-0.159436052523114,-0.18090917310581,-0.160779743648098,-0.158750331950702,-0.000475320730022859,-0.160399347372353,-0.167705837649026,-0.202381276028225,-0.170000941412571,-0.180257750968527,-0.167807184297471,-0.156653355301118,-0.165014348448413,-0.167574191278463,-0.181289530832004,-0.00527494745378978,-0.194523157288862,-0.241104504908103,-0.186387212649039,-0.189538124246244,-0.152675928546964,-0.211163508000982,-0.162620467551019,-0.158525514332623,-0.138077533080111,-0.195072172690055,-0.146568106910008,-0.277659500266467,-0.172485176629839,-0.161787249827177,0.0196136655364203,-0.197038390698339,-0.159761837064833,-0.229845815015694,-0.171058402903486,-0.00870915798687369,-0.157751046829309,-0.180281185615753,-0.192137887314299,0.0225458926480806,-0.14383345542435,-0.204895647858913,-0.165070011045834,-0.185944425321062,-0.188251700569387,-0.169196843700232,-0.151222611175479,-0.166954605259131,-0.166370451408083,-0.169707329562613,-0.159408362584067,-0.183946087069894,-0.186946272444899,-0.157831273341832,-0.226098354270537,-0.158945078023459,-0.193219556326176,-0.173372760848515,-0.00150871527343586,-0.172193220113138,-0.216303359309244,0.00076244762336574,-0.207488658098021,-0.149844938210518,-0.198595945932162,-0.178077749510012,-0.156414111362447,-0.171745230294495,-0.189824795949241,-0.186617454647203,-0.173399273035678,-0.176091022475389,-0.182415049556119,-0.17633908549071,-0.222457372937141,-0.175530961698088,-0.187405108168844,-0.175575880044502,-0.181990808859856,-0.198070094163969,-0.192245183122737,-0.225432743835982,-0.178542770280386,-0.164220667832852
"PI230189-US56-0022-03",0.244282847097068,0.201251590963901,0.246873255516376,0.227294879981419,0.264745500497185,0.141726680127909,0.202401100083665,0.200701302760534,0.228121030992504,0.234053637626907,0.227683165377611,0.221342019145308,0.30522230828261,0.209891759224803,0.243404936648549,0.331272986651351,0.225369567769244,0.227695473193021,0.244893155787208,0.203718268916486,0.218914877637153,0.289437964593909,0.205931864701512,0.226000340831545,0.228119750746692,0.249134352652202,0.203282646341108,0.184672913284482,0.0260603436998056,0.261258654938066,0.193075196946417,0.219686540283765,0.0410528389193055,0.258535002340758,0.232988708532302,0.270393153478048,0.230137296840514,0.195390867527486,0.221497022630598,0.246381085843594,0.223804219620873,0.205421954402303,0.210543461334392,0.208010750860696,0.229172494535585,0.220588080430903,0.231407760015571,0.198518929355627,0.292198136462079,0.290430630718664,0.234388680221667,0.0709220980902188,0.230995579174683,0.218699733405084,0.211145521069567,0.229118097584972,0.257804101258761,0.234053702982852,0.267344284304359,0.218837056375482,0.227317157401135,0.103297599880837,0.215476599816075,0.218415089969192,0.209444740672173,0.250808554467181,0.232303193194786,0.258390704142974,0.201204649663835,0.245176468014898,0.221820490827518,0.101489098908539,0.223944599819238,0.21909151073115,0.232208101638459,0.259095019540876,0.222799563058852,0.27133069739742,0.0747471755036295,0.206751318009232,0.248463463028786,0.276460322683426,0.227262553464122,0.196261583081099,0.240108317382054,0.232677497916055,0.235462585682674,0.233060986766934,0.230637624932502,0.239910669720049,0.257854185925221,0.247304794590106,0.244966894352761,0.0756458042110422,0.230115890703963,0.223019328588981,0.20929997649525,0.215911485588712,0.228682560824648,0.208075837004741
"PI294602-US64-0004-02",0.401195908101658,0.432029788135245,0.340994115367352,0.342897033721461,0.324736910950828,0.174841592202938,0.347720740851481,0.36596663093331,0.326617663028053,0.34346420012215,0.343059480102312,0.347286558045799,0.33856313673998,0.420322056030384,0.330177377453049,0.352104931239857,0.459233416073192,0.376691359615977,0.321050393041904,0.29435827625763,0.322641797207017,0.306826370205138,0.349811679441493,0.381617464519104,0.381171432188639,0.326115476947912,0.372152893978923,0.358263639512724,0.0931422842661661,0.305599268413944,0.33510328670018,0.351505869326105,0.0772635998399206,0.375411869669835,0.425884530987027,0.417367710315017,0.38188185297906,0.343216694512959,0.3858331380446,0.318863263135736,0.280729540235954,0.310519816518481,0.295147342984566,0.336325353383924,0.322063767609326,0.322701591142216,0.385261874430805,0.390721682859517,0.403359127825462,0.348312341008282,0.333098445907678,0.105860603023448,0.366106134505982,0.407497797192033,0.354021866202277,0.345704165652264,0.318786703307676,0.376633901954509,0.292264322030441,0.306314707122745,0.292928705504732,0.130198355634777,0.372629425386551,0.320416481179272,0.31391747421205,0.384334465438339,0.402258383102755,0.363915512082119,0.344039268036032,0.334059196377916,0.337777776494791,0.132145921571188,0.384483862495749,0.30708624122123,0.427125838334507,0.316619376515191,0.2998679501647,0.405531640481515,0.0887065663091963,0.396162221924297,0.30812721163369,0.332108303069884,0.332320840427255,0.347155001847383,0.381067469171431,0.32233064108343,0.366722317184956,0.328126218000175,0.345065104102238,0.347514167906451,0.35983150151266,0.369487414650131,0.4530103014239,0.105967540350443,0.331877391722092,0.367448161463239,0.351159626490458,0.342425312638512,0.311718681259035,0.350907969392031
"PMS-009",0.105679650415076,0.13757237059139,0.143912248612325,0.157114548557339,0.111165651340195,0.141044653645483,0.140002079658986,0.128033131362674,0.139069558214512,0.115185730305464,0.0955643937759327,0.136430621482431,0.108032962427536,0.131221147619963,0.137512868664411,0.154472561730474,0.140716193474033,0.162604637554329,0.109936196018064,0.179688323207994,0.137204220798634,0.159591473671741,0.149831301237524,0.129615503430388,0.133670135299526,0.119615724525055,0.119946218088528,0.138391120012593,0.151998978156859,0.100372401380131,0.16920997151116,0.164709999473565,0.125854892661998,0.117334072544797,0.112217283617877,0.0933773769392033,0.131265394957537,0.15960015552789,0.149620888650289,0.148905078128578,0.134444514207602,0.121061547667585,0.138483335243655,0.117392619031098,0.129752066746757,0.133601483852235,0.173777792885062,0.13635188689658,0.193771392583893,0.147607570577873,0.10096935810553,0.154532200356871,0.117239015946206,0.145758671494385,0.0819226387494756,0.160984709930257,0.117966833027476,0.144536399123653,0.123521611196893,0.136924448299632,0.0567710974169113,0.114742687532675,0.153552975906579,0.116227278419348,0.102182038811257,0.142746623807487,0.104844887825424,0.138359784178205,0.134218797517571,0.150564773686217,0.143762116465492,0.0866497175526389,0.170166553921467,0.0779363664540867,0.118614162980666,0.125268454325958,0.0964803977757787,0.133922660444872,0.122685043273296,0.145864005750715,0.1594496651868,0.100497542325286,0.0843863787635165,0.146725813222061,0.160021926842441,0.151755762053716,0.0890041397478813,0.123506044770302,0.0813549820204591,0.110145975637632,0.140327825454117,0.136909252515419,0.148017867586223,0.121936839932569,0.0900096787622371,0.0990495376248296,0.115068538275946,0.10621403970916,0.136240638895726,0.0976505027072708
"PMS-014",0.22233308939075,0.232341959450733,0.230148258509665,0.237215974290449,0.230628661515306,0.228652677156528,0.221737565074543,0.243207722074604,0.208164871121443,0.185732077613867,0.189884719860182,0.180917738073194,0.210176439441936,0.273748109660118,0.227636143957904,0.190603724214397,0.251247649403652,0.220815708958148,0.243193819864487,0.222035842186073,0.247920411549391,0.172335100443745,0.228048455323294,0.228986239169398,0.238648121858136,0.211650595639656,0.176297940020734,0.250695003012605,0.244192467187512,0.212389069751068,0.188980083135723,0.178291784425369,0.22750256738927,0.252364516083453,0.211377042423599,0.200565110007349,0.185296530574026,0.242291347581092,0.232631220580732,0.198765877985606,0.197196298214936,0.147132015824056,0.227572631346526,0.2225687226666,0.213759437639901,0.207118174902295,0.202099389631966,0.259224739730076,0.197418310576839,0.200590025909419,0.217894695411051,0.196368252069665,0.259848417978419,0.234746332051011,0.253528319493868,0.216596525996465,0.233958994840163,0.197821308296214,0.214483923614768,0.268091318625679,0.148422037397523,0.23889913177792,0.214167405536673,0.199152337496315,0.197450092228973,0.235320865265654,0.217841664359185,0.188642620005353,0.247159427374238,0.174205166203183,0.25175370136568,0.204405454119168,0.233369375831722,0.211693586832208,0.220755203007517,0.162114891735868,0.223940889687983,0.22596155045974,0.245178128893581,0.180876207906756,0.229152769116783,0.213061713249976,0.201670602321179,0.277474250888672,0.243319744540048,0.207093311766826,0.201009940026482,0.175063466628258,0.242110540980393,0.22152358340075,0.182385396037626,0.21977589758404,0.217960847533998,0.207731197048156,0.263517687303354,0.226092358908566,0.237733176491221,0.224775465967447,0.235197044262594,0.237569512808304
"PMS-038",0.151145890929889,0.100897214654012,0.148607030294195,0.170681884345703,0.130052689368007,0.169600870448978,0.16060353852045,0.154080625849371,0.132240545055014,0.0930314305595839,0.143424480588095,0.149270052807259,0.163852653795722,0.196473300527899,0.1379050892957,0.162142534571899,0.164948677752888,0.131813896378451,0.125516500828032,0.164831699003723,0.129833405571944,0.165530828173719,0.16782522049391,0.105442548707338,0.165480115943766,0.154123981193583,0.140853015623085,0.139771597602602,0.125432862902917,0.127580120689757,0.146401902662525,0.0641758317482921,0.15000224695248,0.168966442915546,0.163086392895004,0.0897169395839554,0.124773540991028,0.158464719064593,0.153527939763188,0.116186093729081,0.133867101041867,0.0714583263661177,0.15375644089704,0.13325965342656,0.150692215366714,0.161617372975795,0.148874397588538,0.118477175357792,0.171393234586661,0.178514879516044,0.180075653611141,0.0800671673923923,0.153062679676706,0.164257942599678,0.147862702586384,0.135816965693562,0.13942624220441,0.0939959342351838,0.149523987349705,0.15872000690244,0.0580061924818564,0.105530073453517,0.0730843312459027,0.0881455842743812,0.0784359976546504,0.184982621070894,0.141243169237553,0.146540190071929,0.171589335669478,0.0703152892547036,0.177172066379132,0.152613206507336,0.141182572368679,0.167221026550127,0.146501332642184,0.0636449871783276,0.172335528097869,0.152471855876467,0.124885879912119,0.123871577990659,0.181370607470312,0.127428283883218,0.177785078689079,0.167457312763312,0.159039026634564,0.138937707502143,0.163186658878917,0.0942856875521099,0.119728011284226,0.151924352602771,0.186173661638771,0.173927366878019,0.154854868038437,0.147681102674832,0.142354809317891,0.172469259312504,0.134871755546976,0.195719231015062,0.177944689935443,0.174857288242368
"PMS-087",-0.0682678038059955,-0.0461561539920616,-0.0686640716865631,-0.0452163384131525,-0.0551044244216809,-0.0571637273946397,-0.0442924334136791,-0.061865354469743,-0.0531862482157995,-0.0542679382752951,-0.0388209212044699,-0.0636536650697062,-0.0307499886697718,-0.0607335244053435,-0.0518790649467389,-0.0531033834039768,-0.0281861106945325,-0.0571340443942942,-0.0521846775743535,-0.0682482161395884,-0.0793491571456345,-0.0619355402007463,-0.0103694299928063,-0.0547702484622393,-0.0282163118223146,-0.0385539577772574,-0.0521782495614148,-0.0682628447228152,-0.0585058559703122,-0.0683422769092672,-0.0552657957398435,-0.0504959475181757,-0.0432517926891064,-0.0585260150110463,-0.0708969271723912,-0.0724333936637601,-0.0778778758111146,-0.0557595136366799,-0.0578242760839576,-0.0252325898476389,-0.0529172228329267,-0.0442317338414254,-0.0572549590018106,-0.0536807920516381,-0.0446438626603285,-0.0632724482762265,-0.0689847442667975,-0.0559928269530315,-0.0471156814824644,-0.0589154738483496,-0.0736022466396569,-0.0460445904526663,-0.0536747196314539,-0.0483163057596584,-0.0547273786580266,-0.0357359076582108,-0.0584885055438315,-0.082864292075043,-0.0657504941941414,-0.0587418980958576,-0.0547345389805042,-0.0814902303728684,-0.0652315251038912,-0.0572609027282074,-0.044328179795129,-0.0695778837386553,-0.0458551325745118,-0.0660347542288947,-0.0787655049013849,-0.0463502336603869,-0.0148042234010124,-0.00995239944708979,-0.054111133162122,-0.0669970340218689,-0.0476206983176768,-0.0448550867003844,-0.0724397281748312,-0.0591424416610314,-0.0540075593673537,-0.0923572113196616,-0.0496034438083517,-0.0663470395616804,-0.062231959099415,-0.0503852278267526,-0.0695193668938115,-0.0468022788316662,-0.0953560370604459,-0.0718924019780958,-0.0274162700757236,-0.0692894961858092,-0.0779878433270697,-0.0651521065949357,-0.0602485320602182,-0.0511430058400399,-0.0434286947146022,-0.052102702242783,-0.0735241725484704,-0.0346404902016221,-0.0871456398646148,-0.0391259519990432
"PMS-130",-0.157411016923398,-0.203977720926044,-0.14735347245153,-0.162135045607405,-0.184545340108547,-0.210852943944216,-0.13246564137431,-0.185325127405685,-0.14884981775979,-0.169708199164681,-0.135486528063842,-0.140243333862772,-0.167664301008544,-0.180714949402392,-0.174988286410807,-0.175913751079778,-0.138206461889092,-0.177578135642692,-0.166266820614178,-0.142921641893569,-0.148104486515893,-0.155997914852515,-0.149301715363298,-0.131795852852647,-0.13939628268087,-0.16458806928592,-0.162955142235138,-0.134679810971673,-0.108535026446025,-0.158604442089511,-0.143082745008202,-0.176410214123555,-0.159589622742298,-0.087537088308934,-0.187163681152921,-0.187852105125833,-0.177712909068677,-0.148249635427597,-0.18429865883268,-0.192854402646388,-0.166054868402616,-0.150044127775083,-0.147674219735808,-0.194007501932303,-0.171610704603775,-0.137711131815689,-0.185754213393709,-0.14945910764415,-0.150928296342676,-0.176170182187246,-0.163564020669891,-0.152442793119606,-0.164717301266526,-0.144041743675718,-0.141001472608304,-0.1974318644404,-0.128165758235448,-0.182375421838007,-0.168697353340152,-0.183480500051604,-0.179429121001304,-0.147531774852225,-0.152823162414042,-0.172003221058125,-0.100876822596437,-0.174591952979567,-0.159733703159264,-0.19193625662216,-0.164468624435808,-0.158326448130256,-0.197725794680665,-0.165368554610141,-0.110822477008914,-0.158995115948242,-0.190472173721084,-0.170234608672904,-0.154457415591677,-0.182433276419331,-0.173705164568274,-0.142885331574242,-0.173701857597822,-0.145631761323195,-0.173679285016734,-0.181336671099102,-0.146068043289734,-0.176305021674232,-0.185523507553525,-0.140198150532539,-0.15466412079869,-0.149861815588051,-0.156953866521299,-0.177676026082417,-0.134029745847434,-0.155120455057926,-0.173523768991902,-0.183714694216786,-0.154328827590918,-0.163682331856992,-0.14384054104167,-0.141567467131721
"PMS-131",-0.178360336898938,-0.188652452824078,-0.193751350264131,-0.142642493476544,-0.174538571536019,-0.146230594232973,-0.178443095662088,-0.187898773043592,-0.189093906289904,-0.175577258752577,-0.189480250225365,-0.171976725735734,-0.195830213025258,-0.158612665374693,-0.179361253929925,-0.143797336541902,-0.175243906057183,-0.110146960842221,-0.15259723341632,-0.192128479741188,-0.163284341191943,-0.160988105477203,-0.167026414511129,-0.144806813867696,-0.154808572731085,-0.171190827382257,-0.181934424376337,-0.183509386874478,-0.104249613221058,-0.178475439295804,-0.159392564656268,-0.177934690934122,-0.161312471668833,-0.160033536912859,-0.16883864906047,-0.180229881993635,-0.168289917820468,-0.174849700670374,-0.156907612610746,-0.162965669209925,-0.178954666485255,-0.159304408311493,-0.129073914370964,-0.1849451423968,-0.18352177484514,-0.142112783251695,-0.167842298645966,-0.159330108107622,-0.146181237303776,-0.127007763132838,-0.192639112168394,-0.168923002059574,-0.147340633268965,-0.175316757063185,-0.150502193601333,-0.182114787373701,-0.173126205309249,-0.184640351458734,-0.173056311946395,-0.179356016697288,-0.166502354175964,-0.152833767799458,-0.118552021386102,-0.171546380657024,-0.0944163872357476,-0.176971770047601,-0.15835467830437,-0.160178212532174,-0.166975164055616,-0.172543936833496,-0.171446056666144,-0.185576742558828,-0.160426717085991,-0.0812779104523113,-0.176854106583642,-0.17277739127959,-0.180264020068611,-0.124631827796371,-0.143750136892841,-0.147209805473317,-0.164138212409182,-0.163052333368387,-0.171743843915611,-0.166218664822791,-0.155921473455823,-0.152736298040886,-0.173932493152054,-0.171956551687487,-0.168866193703314,-0.147819542627888,-0.16223403611737,-0.196112589866786,-0.134609264870029,-0.188874570211523,-0.165787662875095,-0.166493322148292,-0.173725282867864,-0.166741418189987,-0.164835089776792,-0.156755191771876
"PMS-134",-0.0609740075264346,-0.0774087931347113,-0.0792990852335498,-0.0902733328636906,-0.0766336204248786,-0.10734001415762,-0.0929539518700446,-0.0929712241808245,-0.110473955685729,-0.0928083433263876,-0.0694927538640045,-0.0683185688104547,-0.0538561557913636,-0.0440462083684436,-0.106284236322493,-0.0390551707382151,-0.0946148353721271,-0.0351327222041606,-0.0883052274308614,-0.0684866744891524,-0.0890988045881204,-0.0972504580103931,-0.0848098772170988,-0.087593606887228,-0.0835307038695349,-0.0841165973340137,-0.0864709450811454,-0.112312620316547,-0.043977756971078,-0.0661307552483539,-0.0761240920144917,-0.093506234201668,-0.0444619585484713,-0.0149629032882739,-0.0830568327479859,-0.100957132934672,-0.0720083032897172,-0.0789326040473433,-0.0689262373036208,-0.0459444610258911,-0.0880740340850306,-0.0739827995007339,-0.0841119427331998,-0.0877362237069475,-0.0881280379607219,-0.047125728946204,-0.0790402603604923,-0.108611716997059,-0.0525885756903905,-0.0629949755729875,-0.101307165253218,-0.0946345411821576,-0.0234729121717377,-0.0429820627163,-0.0735220942540242,-0.0942185778813923,-0.0781793993746182,-0.102623360622448,-0.0833922105476324,-0.0920358014971161,-0.0972696521933406,-0.100040634476944,-0.0371677111941673,-0.0925610470666761,-0.103392437979093,-0.0695009480610658,-0.0878493224495555,-0.0836271585914583,-0.105810843169967,-0.0560196560046511,-0.0986707520364579,-0.0628508768906292,-0.0917725370741719,-0.0261033702975748,-0.0915282639139007,-0.115716452945123,-0.12091472318146,-0.0873809669407566,-0.0759643762711333,-0.0825906688348789,-0.0475224615262824,-0.0967175408858951,-0.0405860745648529,-0.0728717633724187,-0.0960426851466483,-0.105344443046886,-0.105640886407529,-0.0867949455085997,-0.079852750722623,-0.113622195693833,-0.112753009620212,-0.0734641555255406,-0.0901304608246324,-0.11930123145466,-0.0932945885426847,-0.097661569177817,-0.0542467151711657,-0.0989227439867626,-0.0793350656394446,-0.070177637481208
"PMS-144",-0.0787574887516631,-0.0747098276514407,-0.0597059001559382,-0.0572939066474131,-0.0901520059005948,-0.0867228383694215,-0.0674972952844856,-0.0542572758209079,-0.075833057594481,-0.0711856829448707,-0.0790505539419243,-0.0679451673802168,-0.0463337662891974,-0.0465035202303895,-0.0623586977212338,-0.0235242934666561,-0.0743606332139421,-0.0308093437340743,-0.0593017646251235,-0.0725918205630786,-0.0906401533018681,-0.0947609793183667,-0.0656731321920758,-0.0529740690220432,-0.0702503572931696,-0.0716407177951955,-0.0952215378218014,-0.0715973508549148,-0.0830389481585721,-0.105530496200211,-0.0811808488857674,-0.0746841845852474,-0.0774898640810939,-0.0114091056873628,-0.0631192885350536,-0.0806365709268854,-0.0676451913926575,-0.0638978464908888,-0.0773540008946681,-0.0470411399667161,-0.102735274566048,-0.0808954933135215,-0.10438707774311,-0.0711403502373411,-0.0630100487420596,-0.0796000102908034,-0.0690599823931488,-0.0663828905134421,-0.0500714801150974,-0.0667175999182162,-0.0606781747108011,-0.0621186421045173,-0.0475642019381774,-0.0433712561583275,-0.0792183157941752,-0.0978111132366599,-0.054501045733932,-0.0891983622950028,-0.0697391348048668,-0.07573125756535,-0.0639771428541183,-0.0751766928132771,-0.0147733275957661,-0.101365315786652,-0.0378303593595912,-0.0673574255672621,-0.110039466186565,-0.0714910807993737,-0.070561670111355,-0.0614037976994614,-0.0535790037864791,-0.0357026137874667,-0.0590652314576874,-0.0247519414003445,-0.0674124594048237,-0.0759655475479317,-0.0797149619244061,-0.0730504382589207,-0.0712180674888298,-0.10485866310026,-0.0394324785846655,-0.0730163468417102,-0.0377914414547642,-0.0986252703073426,-0.0708016841527634,-0.0697017980328114,-0.0734369817237531,-0.0911864286511895,-0.0795916398859957,-0.0799316244683193,-0.0685664606972758,-0.0860417539029027,-0.0990009163008074,-0.0567464209309267,-0.0753059413016758,-0.0803883885925022,-0.0496373498676338,-0.0940756556100477,-0.0748538662991799,-0.0728562640461203
"PMS-159",-0.110137167130648,-0.083605513283895,-0.131807489723716,-0.0947711704445582,-0.114656147130637,-0.102160399772104,-0.0887754766094654,-0.0902093015348375,-0.0771455963476704,-0.106170354449754,-0.107624119206825,-0.0913110499966411,-0.124658662934942,-0.104035894437829,-0.109588311252436,-0.0801787959525687,-0.0651694153080462,-0.0943489942983278,-0.0643329102050227,-0.0854407561485644,-0.0881562722443876,-0.0864445953390111,-0.111611569535835,-0.12240320807827,-0.136970791174189,-0.11383906981332,-0.0968337164113914,-0.0848425982732448,-0.0317405609885072,-0.0991146879679502,-0.0659528074725938,-0.0904922120047849,-0.0766392924614242,-0.0359651469859553,-0.0943984143843169,-0.0818026531240871,-0.089089682345839,-0.110770160352677,-0.0802645240712226,-0.100628695280744,-0.0915974335122093,-0.0749060126302752,-0.101202273285062,-0.114621019155377,-0.0552859870294766,-0.0759942400296738,-0.0526656956628844,-0.0675109761977907,-0.0860727768791279,-0.112669801967412,-0.0916098509997048,-0.0817731865730649,-0.115782846902865,-0.135143824210795,-0.103228562753051,-0.0943961529399869,-0.0928379221877658,-0.125274223403619,-0.0853234127697489,-0.0871453408499503,-0.0959370688627129,-0.110505039666805,-0.100859149252236,-0.0910596361111854,-0.0834100782760501,-0.0691920745629636,-0.0974900961102226,-0.0695593792541798,-0.0882625751715916,-0.117816847752882,-0.0981557207809208,-0.101561139636211,-0.072060851489825,-0.0920358206850344,-0.07283854963053,-0.0825681511114811,-0.0929687979777148,-0.11366767596466,-0.100791354955995,-0.10579070744849,-0.0735304791498491,-0.106678001150002,-0.0639710613999279,-0.0928738487101741,-0.103469496819332,-0.0934357682890765,-0.107652876966468,-0.0802725696897341,-0.0965483972525289,-0.0689724752017856,-0.104677752663509,-0.0719871253830299,-0.0959543636446116,-0.0880985031629459,-0.0869561224521871,-0.0889369474246964,-0.125116188034477,-0.0865459870300478,-0.128147291840614,-0.0830378174596
"PMS-164",-0.0889692057168176,-0.113393004520635,-0.0884286351915782,-0.136241953861681,-0.0958955523794992,-0.1064780262001,-0.108250717574849,-0.0955228135057316,-0.0929242902788529,-0.0759507501728275,-0.106959347685798,-0.105043586124001,-0.107454279041612,-0.0802132156009169,-0.0716979204883348,-0.0617689031805277,-0.125274826358725,-0.0662028008026424,-0.0795120177251116,-0.0793538594831184,-0.093850172955941,-0.0974242388398753,-0.107797836038199,-0.100715644682803,-0.0907380657813404,-0.105778461090475,-0.108423320478051,-0.114009069689645,-0.108231256366695,-0.0816872752451679,-0.109473127897248,-0.106088298085774,-0.0676120891800248,-0.10932267155968,-0.0907785605401486,-0.126185207322674,-0.0866419481874218,-0.110961255284107,-0.0770098451279322,-0.0981904494305688,-0.0948725281478986,-0.0857463723436431,-0.0615102361669489,-0.109282287097718,-0.103217708200931,-0.082590810305089,-0.108979579099203,-0.0812010023393441,-0.111652913651555,-0.107384099711151,-0.117360171506636,-0.0944096567296934,-0.0869754275390472,-0.163034166409338,-0.0797936585019513,-0.0970916235492547,-0.0819843157216551,-0.044624570778717,-0.0887844489918893,-0.0753377607035463,-0.0862313144996863,-0.0961473624087606,-0.101290669491197,-0.0850974252391626,-0.102625545732549,-0.0988813023291853,-0.0968284811348665,-0.072930425355093,-0.113142263997465,-0.0898025156527824,-0.123474769940998,-0.0993034895476229,-0.125918017576883,-0.0841436155437473,-0.0915720799378798,-0.09640615090838,-0.105829537575304,-0.0933806574249124,-0.0755554283968866,-0.105237138985573,-0.0900027279139552,-0.0922230645828225,-0.0828611330360292,-0.068438904399473,-0.103665040441973,-0.0891725985417284,-0.0961881683007148,-0.104885737629708,-0.0829376672527681,-0.0954755177455677,-0.101604911457804,-0.0825176761141419,-0.105996076657912,-0.10535420294041,-0.106550342303961,-0.102776160511999,-0.0945467350645297,-0.0916995210654683,-0.0787898354513449,-0.103130928775911
"PMS-178",-0.163160229151525,-0.162061035673544,-0.152388756250452,-0.158964230757835,-0.176547934971736,-0.159616704919663,-0.137842943361835,-0.178878443378516,-0.124695856238509,-0.157675042567997,-0.165094588229505,-0.156331386179194,-0.153074754274922,-0.167932822148157,-0.151611821052901,-0.145845918859447,-0.144031096536796,-0.165996637244533,-0.118313981914945,-0.156435192778562,-0.132972626068838,-0.136888751812092,-0.108765836933734,-0.139369050169385,-0.191998180489791,-0.161954946028952,-0.166582694642866,-0.169399598414222,-0.178948039526363,-0.147602131806703,-0.14770228914765,-0.140212573085499,-0.161867462470877,-0.170648416990239,-0.12870409330262,-0.144993078513413,-0.158923415232808,-0.184367466135684,-0.112309873230911,-0.176239830071717,-0.153095036255695,-0.19436923665975,-0.120356573626577,-0.155105701409247,-0.14530994946964,-0.148233263891887,-0.154794768524823,-0.164541273646621,-0.17498358378499,-0.1446236871192,-0.125807282977712,-0.175789971549005,-0.150901909251419,-0.153110244086127,-0.182551409169251,-0.156953252332794,-0.151048935825672,-0.174193000464618,-0.15601204408871,-0.183673639628939,-0.140090267730912,-0.151762530725165,-0.163397847932382,-0.167250761928585,-0.0876129559286045,-0.170286409595745,-0.161694591458101,-0.165379750768218,-0.171225971269604,-0.117723590924929,-0.195764702807056,-0.162240226859578,-0.110680090085471,-0.153285532088442,-0.159570071580383,-0.162809095976153,-0.127788701687806,-0.146872194861788,-0.166989187121173,-0.175753057900258,-0.154296169548746,-0.134479217535796,-0.14080234430953,-0.151341292686364,-0.165941494953603,-0.153313840161452,-0.148774133869915,-0.175182406099552,-0.197100588723785,-0.141100141030058,-0.183363067093503,-0.157950080929254,-0.180067614920217,-0.167497516234018,-0.159442974918583,-0.175777057401178,-0.100377343321399,-0.151356783982552,-0.148595034616659,-0.154679725010108
"PMS-183",-0.204879984942148,-0.197952659424709,-0.204110817811092,-0.196425915573679,-0.158210395697139,-0.216701531927143,-0.172287366307742,-0.192563381113841,-0.206092488002452,-0.180886930496834,-0.157131105396154,-0.155115061893662,-0.175607891451051,-0.21362361401018,-0.173254791019808,-0.190727754856887,-0.184285475116601,-0.175461807456112,-0.171004846247063,-0.13786762165486,-0.152196834092411,-0.200944326121828,-0.192447724730433,-0.180561677199068,-0.189662612002227,-0.158155735104294,-0.156886187234871,-0.181529936229789,-0.183313447213124,-0.159703405608949,-0.12168721369245,-0.174541497529056,-0.156219923787968,-0.197159272442133,-0.154037034328503,-0.180394260494189,-0.176291100669577,-0.209475317848289,-0.18888424915327,-0.15205078508194,-0.162389355991558,-0.213274533574386,-0.190972985370404,-0.140877872101061,-0.194060329128792,-0.181405288458015,-0.186567736299438,-0.169960145899822,-0.182432957054983,-0.164431702183048,-0.194980550465581,-0.15753414638302,-0.155925101831864,-0.194412556567393,-0.15611619912233,-0.110371564065242,-0.222085744143728,-0.178341622144076,-0.209797618615705,-0.186158388831054,-0.184259307937174,-0.187343437251562,-0.183797082422785,-0.184131303459542,-0.194847846755539,-0.196729987441427,-0.17641464562267,-0.180333686570626,-0.103084700407416,-0.15722341370062,-0.155155556323939,-0.151381885547569,-0.155218490478215,-0.178126118102063,-0.160553427257836,-0.183246058110805,-0.177843087190134,-0.135393131164186,-0.186744827412834,-0.179712688351014,-0.165234912884062,-0.176276312071002,-0.184391036811854,-0.19445524071571,-0.181374868524312,-0.177021681052576,-0.159774730903647,-0.197423662795649,-0.190106600772702,-0.138365847522295,-0.0932546722856429,-0.187537833716064,-0.15344872045002,-0.177194338611357,-0.139709454645666,-0.191292516985103,-0.164283352892928,-0.182723148026567,-0.147561108630657,-0.182470995198915
"PMS-204",-0.0734400498418907,-0.104626114937411,-0.110497276194616,-0.150178732543917,-0.0851834023824568,-0.118412356906927,-0.103614551479345,-0.132782198608567,-0.116953027454589,-0.112383173754394,-0.10257313952651,-0.092835380231574,-0.105615937596517,-0.0947905988337725,-0.121244418673096,-0.107830188128539,-0.129504828414305,-0.131380676660016,-0.0942011742973718,-0.0919236089238365,-0.151195031262167,-0.0761186256641733,-0.0828548846262548,-0.151471738474443,-0.0463605581750077,-0.125157562335599,-0.101246048683823,-0.0981436008599011,-0.138418970550318,-0.106321210612761,-0.119643429267703,-0.0965208941751973,-0.0814980285723807,-0.10314785233897,-0.103160890397225,-0.149044747543718,-0.128526667069123,-0.106876390856316,-0.0768298982580352,-0.119003731420313,-0.0941081159396672,-0.113958836154995,-0.103114153646786,-0.146820723861018,-0.127266850897376,-0.142679381963687,-0.0991574051114685,-0.0974695514440938,-0.118110450068648,-0.108561401225293,-0.11018803863018,-0.106757582376366,-0.0977102057849497,-0.162139610511782,-0.137794840204646,-0.103211337024622,-0.108717058774118,-0.11735324960905,-0.107841598377042,-0.0932653365660477,-0.116770282135039,-0.117736752415033,-0.107395391128023,-0.117256648318799,-0.0971630546211429,-0.122337221698258,-0.104656479310948,-0.103057294811339,-0.0798628026380168,-0.105547679737495,-0.134423881115336,-0.156047437529331,-0.147492866868382,-0.102553230855572,-0.10524693388156,-0.124772164419869,-0.103282480430858,-0.128053120213371,-0.11204515760289,-0.122911615864787,-0.102385054096364,-0.157684687033455,-0.102604879582277,-0.156269998085448,-0.123212553081979,-0.10877970414216,-0.103003140198054,-0.0830522552887276,-0.135252740450116,-0.132121421056882,-0.110587789315144,-0.113271033027513,-0.105645276669766,-0.0926239005557845,-0.103359903224979,-0.123651589907953,-0.109031437544585,-0.087072640136251,-0.111609708329021,-0.114951752698696
"PMS-272",-0.0265518342454841,-0.0643778675695058,-0.0672844820865937,-0.043848085418139,-0.0720208980239473,-0.0398863755217083,-0.0557866082835208,-0.0510091026952604,-0.0560279174819404,-0.0714387826956393,-0.0747226029315255,-0.0551838447677279,-0.0630415705487039,-0.0381526549905035,-0.0921442270700294,-0.04470603263801,-0.0636582897275424,-0.0384531557191795,-0.0420358291043887,-0.0520346705085716,-0.0543674130643724,-0.045813400494494,-0.0554081594226895,-0.0734213373327643,-0.0223549152191802,-0.0522165236902614,-0.0824957328817794,-0.0749822199166721,-0.0555321142858762,-0.0663410022439897,-0.0373980971510511,-0.0664450159773233,-0.0559584534791039,-0.0683003674787581,-0.0442913585039082,-0.0607663086282905,-0.0489809006020303,-0.0400556753535865,-0.0716083776635024,-0.0580969673102447,-0.0475128301345047,-0.0430068826921247,-0.029479351229606,-0.0660997769165693,-0.0343109571819189,-0.0334102809780195,-0.0512802489177839,-0.054881595557977,-0.0563627505279861,-0.040600387687047,-0.0704308240371708,-0.0316500541575447,-0.0494850454158237,-0.051323273268656,-0.063889562356992,-0.0485747005149027,-0.0774250763438492,-0.0695829674526174,-0.077258202847661,-0.042155435669554,-0.0596577238510642,-0.0638995002708344,-0.0484903641654773,-0.0864479159894496,-0.044118767445297,-0.0718408051568452,-0.129103536169241,-0.0510518006303311,-0.0571045932939381,-0.0507507523062417,-0.0550838789353242,-0.0553581872840953,-0.0620643450796412,-0.0603162084658005,-0.0598611886371432,-0.073157840385261,-0.0769405228521367,-0.0792664000742992,-0.0728023588571832,-0.0485501010578527,-0.0474278190239216,-0.0675898099694792,-0.0524166554855202,-0.0411581568200818,-0.0763288653415441,-0.066825059528398,-0.0514314476424232,-0.0712952867344158,-0.0621287341854693,-0.0910460114950835,-0.0569763448491994,-0.0643706387683666,-0.0370772159692441,-0.0402860813272482,-0.0644170993373872,-0.0565956822827291,-0.0606478353155702,-0.0407221038319041,-0.0179307388868953,-0.0424125820180489
"PMS-285",0.0774771868925534,0.068379236277273,0.128060216194677,0.0916275380688398,0.0709308933067247,0.0996620588938529,0.0915430421660702,0.0654347445374814,0.0855492134889356,0.0920153482436988,0.0804051567918459,0.083277718358326,0.10503228849577,0.071114541900831,0.0822605694580442,0.0685477534893827,0.0633461170347341,0.124981967548189,0.0849204917242033,0.101806500946537,0.0827897267705291,0.0591936829522158,0.0793578653198049,0.0577898000558754,0.095390281480878,0.0904504886377122,0.139586011299361,0.0732634333583839,0.143251833298161,0.130137974924116,0.0806156902788031,0.0683719071161631,0.104076118465605,0.0941454701311804,0.0937379314505929,0.0861947154210668,0.131234043311265,0.0855718354981328,0.0668882318985769,0.110235363935563,0.0821398781323861,0.068455538718861,0.0724022177930921,0.0707735717084403,0.0913489598510775,0.0648406597202025,0.0531692287313463,0.0566611922252043,0.0979777945220489,0.0603296418937641,0.0949516732495266,0.116496845978794,0.122802512829971,0.0707253969703404,0.107145212549436,0.0661111175548354,0.126866529761169,0.111256099525051,0.0627097519288768,0.0761999163008245,0.0596767376798157,0.0932399694946003,0.0703610567120178,0.0789449455219789,0.0840115488309375,0.0757469059576834,0.106425340175084,0.0907445521782905,0.0926753957008054,0.0601015654323275,0.0692337333775641,0.103676640161103,0.0575074003629813,0.0850866782278527,0.0583785327622307,0.081658282110617,0.0996260223072915,0.0922000733002766,0.0557765230629145,0.0863050299739793,0.052201568703423,0.0819936235923389,0.0731616172030028,0.0336189847364354,0.0769024334687881,0.0919907246616521,0.0753913923457355,0.0730098448243043,0.075901601019795,0.0816367607985063,0.10115319176027,0.0700195824794919,0.0825337437740713,0.0768201363904166,0.0908005299955994,0.0681098030545482,0.0897382955904299,0.0732140541966509,0.0578001482460984,0.0939740284290448
"PMS-293",0.0294309442055729,0.06810624990002,0.0409287221985568,0.0580000129012587,0.0339287077352675,0.0228244153955667,0.0151264720048992,0.0330471901788048,0.0160161336846191,0.0172763253440379,0.0304098177656504,0.024576942379162,0.0373848637335688,0.0293262704136122,0.0223100263162557,0.0345535125890536,0.0410369412020737,0.0319956397051933,0.0690652101353855,0.0195646117595035,-0.0015324139931487,0.0395055341175221,0.0389097609855332,0.0487068497559402,0.0366339577290472,0.0178903229974773,0.0239266118787964,0.0162415543402687,0.0165492619191419,0.00640233393202997,0.0303394976975936,0.0356115699444065,0.00259418071826789,0.0476158842717278,0.0235465272768882,0.0971843674106262,0.0377749740601034,0.022976082080323,0.0102998738552769,0.0030769773975084,0.101464806599711,0.0209668723339228,0.0127491987162086,0.0314966182526763,0.0405765554389547,0.0280885624830557,0.0401429069000757,0.00501371694681629,0.0220293240690008,0.0264359565694839,0.0341180526238569,0.0189718185167316,0.00314715148858002,0.0367207990089031,0.014133889154173,0.0577676008148944,0.0484380418550567,0.0200258298470271,0.0384863668252207,0.0393003892332359,0.032462902446443,0.0103842563585365,0.0207975426179321,0.056629998117793,0.017170541141956,0.0501497907262354,0.023310297580474,0.0233946015160379,0.0390769905144958,0.0391822546413869,0.0355690976991605,0.102086685742667,0.0345206388229422,0.0182187878459172,0.0378235681450673,0.029426579619764,0.0446490153711701,0.0366338042921683,0.0353506881305848,0.0213613171403457,0.034279372425872,0.034830577051576,0.0458389355672842,0.0175926929350281,0.021046239111052,0.0128678440366466,0.0329694189726776,0.046426909714228,0.0320488415821019,0.0369707041657723,0.0159287636235843,0.018407159940735,0.0555041668837315,0.0260968624930312,0.0191538726055416,0.0282810553216014,0.0445054958367244,0.0729978172564226,0.0367235362225712,-0.00254798401243856
"PMS-300",-0.0957126317709226,-0.0559190811793245,-0.0473116314189701,-0.0579701039332894,-0.0400334970055894,-0.065506473256662,-0.029212491412512,-0.0463512003508142,-0.0379824010052994,-0.0617978113652372,-0.061215237535138,-0.0429349391803666,-0.0377837068835863,-0.062775190350919,-0.0130519869093447,-0.0268236184889213,-0.0158926038874042,-0.0519253194539603,-0.0720878061584903,-0.0626409337496639,-0.065992253454019,-0.0647448999728048,-0.0631932631418436,-0.068816148516594,-0.0327719471279139,-0.0486596532398032,-0.0467038985725403,-0.0646243710205516,-0.0835357519765902,-0.0308587196960553,-0.0268261832166436,-0.0180231131745396,-0.0439939857223425,-0.0539610382327163,-0.0460700672333365,-0.0690682804589358,-0.0579718183244797,-0.0532306122358185,-0.0547748475971174,-0.074704264112613,-0.0799605077422239,-0.040348945093209,-0.0793916739505672,-0.0544011552549029,-0.0642989042363676,-0.0553555178735826,-0.0793846967676895,-0.0134336192508408,-0.0583105385145864,-0.0338491104714732,-0.0535276966983671,-0.0937944845966293,-0.0776733780415258,0.0297863874338653,-0.0839039688145573,-0.0453212080726555,-0.0568326001387533,-0.0759512142523546,-0.0675218547431161,-0.0539393494674559,-0.0638740728526503,-0.0937456481426022,-0.114681671277276,-0.0666826159340954,-0.0142808900010172,-0.056963813631101,-0.0658112878379661,-0.0412322504980173,-0.0614503423456857,-0.0349233614333922,-0.0676078573830343,-0.0551977658066485,-0.0456736308232311,-0.0650718040710484,-0.0785945591505157,-0.0428936913527662,-0.0193766197240159,-0.0458584743975326,-0.0963539815018519,-0.100669038541058,-0.0539754096200486,-0.069255200089929,-0.0531948336127873,-0.0731166439097714,-0.0258080713764349,-0.0638827408341086,-0.0581545540272213,-0.0741626014022002,-0.0646819490824279,-0.0466649986478171,-0.0160713025564757,-0.0203985973469979,-0.0474682216383836,-0.0128091372927031,-0.0551405447262728,-0.0645017215306466,-0.0674325389946947,-0.0152562812063447,-0.038837448530866,-0.105474154691765
"PMS-303",0.035716691938585,0.0179388541528609,-0.0110636853331867,0.0649379399057165,0.0499552445490252,0.0195669300827192,0.0255611716460633,0.0303568419661067,0.0631369773377534,-0.0016769504642484,0.0673978511671441,0.0419541556742363,0.0194808209062942,0.0145049379403911,0.0396495141911058,0.0144731981751865,0.0209260815903237,0.0296036159675093,0.0355135269786452,0.043160970772319,0.0203278507246216,0.0493739958903866,0.0540309642921787,0.0585582320871802,0.00998388102331633,0.0295696470414262,0.0356402207105231,0.0302096770547031,0.0417771087223025,-0.0230372003630433,0.0394734438141567,0.0249766888915422,0.0279885774356225,0.0100161965668644,0.0330182489833447,0.0776655355475404,0.0597219734673054,0.03665453933543,0.0427663775577872,0.00486168960971243,0.0509598770776438,0.0397440289979154,-0.00605267859184343,-0.00724425128711233,0.0321956347887949,0.0482006598518027,0.0422821484457693,0.0363562918428191,0.0782219182284886,0.0531344018694148,-0.00324558878128581,0.0361009160734587,0.0448342573676948,0.0605408310472688,0.0252293943977748,0.0345957450641087,0.0552677110139836,0.0189938315898753,0.0356104956851646,0.0345416150250254,0.0629906300242826,0.0442599453837232,0.0459906761440717,0.0512492350121703,0.0385264630247743,0.0333509565547995,0.0304208562055091,0.00881838889696604,0.0299955803081935,0.0475027029023455,0.0222869228959189,0.0634024162661604,0.0387943070881763,0.0347544124976903,0.0388299431691513,0.037614901180948,0.0628487518316587,0.0491772969461905,0.0375067048910257,0.0614172878653111,0.0144910904270864,0.0788685198725845,0.0449451816210624,0.038313545039735,0.0282278000232857,0.0137072837659921,0.0398213347581821,0.0175874520401125,0.0586836541996097,0.0402024125311159,0.0459138346897149,0.03972517012004,0.0482217166870439,0.0568814827859384,0.0545981826251602,0.0466463260052083,0.0462343620550904,0.0298631652841982,0.040607096234473,0.0180167587107752
"PMS-306",-0.0487355137086909,-0.0478876742685536,-0.046535566415793,-0.0270342877618318,-0.0414186172235772,-0.0447386722301561,-0.0443706170503761,-0.0128560274032345,-0.0328290787372805,-0.0776406291343906,-0.0500019354477434,-0.0744528226505689,-0.010590086914006,-0.0361805538119251,-0.0375746896395415,0.000162957543209722,-0.0417624319806388,-0.023969640477885,-0.0344988954264572,-0.038708393464151,-0.0889315880789553,-0.0309656854940351,-0.0351697012294499,-0.0485895714882654,-0.038100860739682,-0.0699615606333853,-0.0573610094352819,-0.0526215149322392,-0.0451891404020159,-0.0459559825798467,-0.0602647663038155,-0.0782066876158789,-0.0376638636451705,-0.0699767223704596,-0.0469343222195067,-0.0587382996511934,-0.0477241350418509,-0.0532106846748033,-0.0733558596478251,-0.0830619105185488,-0.0205382238863316,-0.0489377394967615,-0.0518617689290567,-0.0614279877879053,-0.0357134872407611,-0.000862756017862631,-0.0661698970066268,-0.0424644678471472,-0.072275893760287,-0.0690524742302528,-0.0432151312298614,-0.0356445485127459,-0.0620536792065133,-0.0301431794182022,-0.0602894882426928,-0.0428194952930399,-0.0167322776388152,-0.0283977769091672,-0.0533810796748865,-0.0528016681957727,-0.0504953953185783,-0.0406962901867699,-0.0691397464518733,0.00644313686621686,-0.0419391620120512,-0.059148242645967,-0.0220895918068909,-0.0339336285830804,-0.0582527637410355,-0.0413533415060856,-0.0797146920286103,-0.103618178445206,-0.0563588248309231,-0.0279735426096715,-0.0187470718958797,-0.0655536828825615,-0.0274885353949079,-0.0556242858336421,-0.038713366414614,-0.0730082178355326,-0.0241039144254589,-0.0442265961699201,-0.0149329034524515,-0.0303898013283239,-0.0632749116394596,-0.0539109186583889,-0.0369431046658603,-0.0449249735175756,-0.058521047039413,-0.0473482088170789,-0.0647003136852866,-0.0469073177092217,-0.0805511120987244,-0.0693531872831823,-0.0415100468690333,-0.0728782661552367,-0.0739486105590456,-0.0278551713595629,-0.101098623340697,-0.0392583328160264
"PMS-314",-0.0362953414844512,-0.092173680372388,-0.0923634199630922,-0.0768995960924541,-0.0787962560610554,-0.0670418022324311,-0.0507141436306966,-0.0732504248712918,-0.0507244577721753,-0.0789326104785571,-0.0996815125894434,-0.0661078132436477,-0.0822730141453828,-0.082458608306764,-0.0676969927551349,-0.0735323739597512,-0.0673913706541686,-0.0681722107484993,-0.0689262072839753,-0.0902349505076255,-0.0893317054154467,-0.0621178690275524,-0.0808290273158378,-0.0985821651605732,-0.0875800796834134,-0.0554705579383827,-0.0447735807318343,-0.0958815155917502,-0.100986993760893,-0.0702405174601331,-0.0774552869647246,-0.072808925340215,-0.108433907887601,-0.0603082662472064,-0.0938716705977602,-0.0589143021242989,-0.0843965493967595,-0.0995018849154808,-0.0476253027887745,-0.0772984313794187,-0.0704586968430238,-0.0632926817922553,-0.0868837230327074,-0.106851226777722,-0.0442821030316099,-0.0937764177872619,-0.0844767552547833,-0.0564445581546157,-0.0815920832015855,-0.0815136961262429,-0.0830574440097153,-0.101431180971745,-0.0878518094817441,-0.110689040633273,-0.106941309333108,-0.0892172390656156,-0.101521966136333,-0.0636070485507004,-0.0753340085460866,-0.0896973139430633,-0.0735694242667208,-0.0891725644648107,-0.0740825133293793,-0.0811494695868492,-0.071520148797223,-0.0770268154464798,-0.107514931972962,-0.0912222268787272,-0.078958618466908,-0.0822563695657524,-0.0360407452955486,-0.101859539365359,-0.0749167284474733,-0.0651402811284931,-0.0560162302608289,-0.0647571494502696,-0.0650012881708164,-0.0975323216780718,-0.0702767119330741,-0.0712834166143921,-0.0813357629274076,-0.105153765283352,-0.0591838368394964,-0.10099555744145,-0.073280814675352,-0.0698199063171295,-0.0919594608445533,-0.0858688356454026,-0.0349245176232758,-0.0859803479624735,-0.085430368484959,-0.0765278674360733,-0.0768634752026491,-0.0817291128115685,-0.0803122238168547,-0.0720946379994689,-0.0623264916939051,-0.0742733818762233,-0.0912066534083692,-0.0980730688537783
"PMS-347",0.204420981355558,0.153920133002846,0.134216635130152,0.121652174337739,0.156963446295481,0.164962301241872,0.152749073405247,0.158550738130424,0.14127301778605,0.153398946701751,0.211925088884688,0.170553440047147,0.153743207745938,0.177349723672027,0.17998133484258,0.120942849442544,0.20730921747797,0.193133638148708,0.0908854633776108,0.185710953338258,0.12761549372411,0.153560860076017,0.139428834772056,0.102784722167369,0.151849872875896,0.170489911465403,0.172320077621509,0.13892959446061,0.176294591503122,0.108677026877138,0.175928258806442,0.193396955430487,0.153566026962841,0.0890974343843245,0.117245580114203,0.149173958665813,0.108046781133833,0.162258230821078,0.136870337020516,0.146857128551206,0.206044824536387,0.171455051262161,0.16594404503124,0.15827686077756,0.164750008983936,0.178303663235405,0.153995299896418,0.125747693104097,0.158033269049694,0.185512602416692,0.16302413927155,0.166982439704783,0.145755092498853,0.175453175438138,0.174342085587418,0.14125260515682,0.113674981042036,0.137393478964154,0.152718134986848,0.207820121825447,0.14814669743479,0.140908875399414,0.153942715038747,0.142718385981148,0.144491703378445,0.146809683173272,0.11959381525191,0.137234147240488,0.184185724316327,0.173771432131716,0.198867180743183,0.155770017944034,0.209117725499353,0.167430421029252,0.153190606177303,0.147552246184178,0.157282039227919,0.113841775667768,0.142228304938189,0.172627958112888,0.19591854374368,0.160131307397627,0.0876581994467109,0.165898361480369,0.16287272155171,0.160325590719898,0.176192563529081,0.163263683486624,0.142834309342629,0.153049244741347,0.177671066440939,0.161542597534334,0.168721260752314,0.11155996092802,0.16606723028666,0.154440766344223,0.111048094640921,0.116115339564802,0.162006918403694,0.160060666981254
"PMS-359",0.210600219392095,0.174020331664338,0.159963066095495,0.173659843133312,0.156809461614193,0.13090618714313,0.159828078943356,0.171264495409871,0.176253075303308,0.151206142415835,0.208277963998966,0.176825774621703,0.203704819086593,0.202284773848663,0.157042037793,0.189646184718328,0.216443431294415,0.201518624921981,0.150663264999058,0.200175372784893,0.158813597614214,0.146911359694704,0.170316462981619,0.092291919044248,0.189138093799823,0.153166443145146,0.23147136485444,0.174417283831592,0.217960516979057,0.197170861949709,0.182525915665839,0.176519675522521,0.159935801495925,0.17089235222102,0.185333431089614,0.200224820611386,0.17267854809446,0.187125483831675,0.179272383334157,0.178379797176938,0.205233638458483,0.227248100587057,0.210463621361312,0.212577163458284,0.114987775583754,0.141521487914502,0.179620401122731,0.190547798392609,0.240571655452237,0.188591719775935,0.129834274574089,0.178548082421563,0.177734748379169,0.203945289373524,0.176402282902032,0.149981308920786,0.207465827384542,0.200887119820275,0.155547370800263,0.215380378470168,0.13078813511461,0.168440564678117,0.198466161334292,0.167476877273908,0.202165708805974,0.171740685310717,0.177969444734491,0.148078634476704,0.138450639318915,0.17685694932075,0.20244512921198,0.186130197341572,0.229215714756225,0.150357475572011,0.181083782118017,0.16276355998701,0.171764992866631,0.191198247252823,0.166795940630339,0.208514315273793,0.196659312458322,0.171819728685249,0.2142206599919,0.20281510144825,0.15795996940017,0.18680829437658,0.191465748852936,0.198378981866857,0.155907285232053,0.195935926865185,0.176705637847679,0.185554768677845,0.126679008599424,0.194681937889836,0.205033373120891,0.194147307397016,0.133956380073852,0.192318293135748,0.154637736257488,0.216334554699009
"PMS-375",0.251770208001421,0.26192967382884,0.243950134740486,0.26623819080749,0.281762936397646,0.262803013428515,0.2954021111361,0.209152862643247,0.243103335522543,0.259093992208025,0.240823937694709,0.292115540964606,0.248300504860591,0.285962549682358,0.233066265075937,0.243505992705898,0.284023980371704,0.283958891950744,0.203773016577414,0.299434034079532,0.269070258026866,0.186331703271802,0.243889793845581,0.276542065795951,0.222485643831703,0.225454540688637,0.286975207374492,0.255241778611826,0.286746175929204,0.228940971798828,0.26410225034987,0.261911074907012,0.278021542419172,0.212838245624076,0.201710028329061,0.283169061809761,0.195442979296168,0.264283037366863,0.239752009599398,0.261335404365769,0.29720023640332,0.272324811362586,0.281795051859561,0.230175334626569,0.270290631072691,0.256883953117377,0.263447578015105,0.276779932291727,0.23310325290948,0.211388796886204,0.261485249560792,0.292713388344537,0.276396219176,0.281137100514079,0.270125874376137,0.282510318728903,0.28238447970795,0.179261267026914,0.268836479992016,0.268605501207697,0.282555668839498,0.264039001431962,0.292087454928532,0.251777648285801,0.288210470981502,0.143786742355224,0.260543202990913,0.276431090027342,0.217193242833533,0.149598507598547,0.237152912113754,0.147212614249787,0.262203048013609,0.267861035858054,0.246622690358231,0.26612551848141,0.261212458379033,0.210632437543344,0.259703515791143,0.276422534308831,0.296823380863581,0.23855536030902,0.199128742297571,0.264455715768497,0.266863503431052,0.264898339319234,0.263894343883469,0.248107960780416,0.269192064291717,0.277309322328076,0.263262677446227,0.252332267323153,0.255289317561883,0.244955871879956,0.263284528850336,0.228418252850487,0.262299095949034,0.259751432257301,0.262082262678471,0.274431312189279
"PMS-381",0.103342505642698,0.136522041194832,0.11173526618875,0.175094554909623,0.103461396642405,0.137258375586702,0.155827091018526,0.19714782506398,0.140705831534263,0.164941993751341,0.127490271322731,0.138355040059883,0.126010540537258,0.157200282941291,0.139404341014318,0.142349354361502,0.143262952369623,0.151644170644171,0.201780141476809,0.114654344450526,0.13258675980189,0.0788531934746823,0.148503126509478,0.125262202396301,0.193478481223386,0.177264802247958,0.146924666566952,0.110770667350622,0.14353683448034,0.200934411526608,0.150063639352376,0.136322257247058,0.146024458500006,0.141562222861477,0.179704607201575,0.145577205623521,0.109333544572169,0.0929512868142463,0.163544394234097,0.133581556200273,0.109741495365805,0.156938685792525,0.155857333507365,0.16088133435961,0.151071133704296,0.1711156272412,0.141472074818401,0.108821314670585,0.159624362459327,0.129453114311035,0.13325432971486,0.140613245067286,0.13414678021666,0.15685256419974,0.114562272117691,0.154321447112082,0.147549479999399,0.16035073664186,0.11902750205819,0.159120626612274,0.127357131532671,0.110593309859194,0.147008433212544,0.182117498759736,0.127149364987058,0.172021545481209,0.16098359476847,0.179161099813203,0.148732602402619,0.144638258993638,0.131892828174914,0.172647100046405,0.141529544913509,0.117207199889656,0.151261338285824,0.12630549237037,0.156557823539643,0.140911268557308,0.13575487752139,0.128249394514731,0.125553640503007,0.142304590535567,0.183761400561514,0.106110048022511,0.145047298028132,0.149119690782403,0.153670437341788,0.149764757367641,0.133993518787423,0.133125685232671,0.117588131549327,0.123919730062008,0.152178944053614,0.152731473381767,0.142207357903105,0.12555441735653,0.152418303437095,0.129639092344942,0.140939174821434,0.128726585054085
"PMS-397",0.165723959817063,0.173742874056883,0.152666120026785,0.200667421376656,0.190937855057217,0.234278909370967,0.166785648492216,0.230968676087826,0.240640922386543,0.161651995290984,0.249647364004943,0.244128054700598,0.22243801762693,0.251107210430672,0.215367312788758,0.198146364329027,0.235674872284794,0.224692932166381,0.254495899101277,0.176406055392045,0.218790978241093,0.173802965183409,0.195652715050299,0.182002494309803,0.188441610419132,0.270855982605834,0.218749526420561,0.235346390750134,0.17000234330563,0.318735151786389,0.287106155795777,0.197344734454683,0.308779205962537,0.200117625796792,0.218843483199507,0.26260249450023,0.220184033654888,0.228932250808357,0.302470150611961,0.212683738130961,0.247302519374191,0.238966054516874,0.21774537131086,0.259598873055074,0.202038863114074,0.303200685148276,0.223271461263423,0.19360196202268,0.210687271367958,0.243278094466133,0.224054751623097,0.227815399415978,0.249714179420428,0.167058999825978,0.250732175455022,0.287769963502324,0.235745918289804,0.240941133408038,0.251028601017406,0.209179339011984,0.194920325824012,0.163322849801892,0.267647786004171,0.261707889916411,0.257468807863726,0.223987105051976,0.242008953868864,0.22702669989709,0.173338048651052,0.218229356556749,0.276536444110487,0.207964848680978,0.260597946999306,0.275656958448847,0.271414121393052,0.242409768645107,0.196866267151763,0.230902780145162,0.20934664407172,0.240340353421791,0.184562277223091,0.21771975836172,0.233323042230108,0.251570966056386,0.242645439695806,0.202546222026928,0.239639631104363,0.233099103252884,0.242769246282216,0.239509035828251,0.241842826621543,0.245282766888426,0.274946604406033,0.268443073070838,0.282876753296292,0.26250289310761,0.212549760427163,0.202722285330247,0.273559446909683,0.227705518163455
"PMS-425",0.0425315321136442,0.0532948662634608,0.0133989959919848,0.068846130929269,0.0522090060762217,0.0533936506308534,0.0634666497566047,0.0649207435308864,0.0324012723432067,0.0585058748798164,0.0951905104783148,0.00711017779866048,0.0569906566540016,0.0822163334784844,0.0613176655835245,0.0595369883926747,0.0581658479267598,0.0699608594881443,0.0616807636882974,0.0583655661230172,0.0276207576799266,0.0670785307062741,0.0419740482886107,0.0465794492354429,0.065126035713327,0.0895142441950403,0.0789083497015566,0.0717573257398611,0.0710629681682068,0.0611668790086738,0.0694491497557775,0.0701922234164716,0.0606986002957739,0.0685813296450378,0.0242201845335198,0.0409982853196559,0.0276695353640193,0.00837105207371435,0.0585716142998897,0.0372928329501201,0.0484202662763859,0.0407440086628301,0.0706503356375397,0.0728988808913864,0.0201718790669953,0.0247663354201579,0.0748206518266393,0.0360797591187669,0.0581888850613608,0.0282878545658882,0.010492162547061,0.0222557034396905,0.0792935901008519,0.0476186692142046,0.0629829250448759,0.0669483926887854,0.0498046194893859,0.0575952268876705,0.0982425908011204,0.0345237832130708,0.0523713223800423,0.0172001179342234,0.0285395773019751,0.0572073717104492,0.0499896340549425,0.0476216738030244,0.0607187492422939,0.0374907255275222,0.0254601084605376,0.036861023828525,0.0453871594670439,0.0481193309801793,0.0465615405440742,0.0558458292267445,0.0662459747120032,0.0659812123320789,0.0315716132928019,0.0266136127460843,0.0328113799787642,0.0747949360042967,0.0470624451560499,0.0292037881200575,0.0266945634061465,0.0827495513510025,0.0874577724252506,0.0476630786084559,0.0642891079541738,0.093856890872092,0.0394421969529895,0.0714408388307861,0.0300076808851966,0.0327398486200743,0.0497547618400893,0.072095838245557,0.0426346847056947,0.0375707342149594,0.0250790883283516,0.050974323869064,0.0680498328878955,0.0683085559003442
"PMS-436",-0.445233965704309,-0.431125551757472,-0.399899211230956,-0.379666402203075,-0.393639341336004,-0.420678500976064,-0.454753956868567,-0.417217872015941,-0.393274964436496,-0.441731569561804,-0.364996362619403,-0.485134455706009,-0.450462221538571,-0.399693133714536,-0.425828713301467,-0.35494717074099,-0.431870444088164,-0.427327769769454,-0.394918113286699,-0.402050048445687,-0.480478332844881,-0.391457263762168,-0.426490010912449,-0.408089617279071,-0.422857378208478,-0.354177954102277,-0.420265704654607,-0.424360459179395,-0.441226375514105,-0.441939212465795,-0.412716248356025,-0.390787438637184,-0.41741437768068,-0.384527236441284,-0.0439294934844219,-0.402473404900471,-0.396661030527352,-0.459194806124372,-0.432081579670901,-0.433378151712992,-0.395584481936648,-0.375806506517515,-0.36584735245093,-0.395130480850843,-0.464049936677303,-0.394386137207142,-0.414165078885421,-0.471899215634287,-0.429531439667323,-0.459700525228962,-0.428873782044376,-0.40966189942721,-0.430852503749774,-0.0653779862306839,-0.0481885981189903,-0.329851540448855,-0.435032835260282,-0.508813157412235,-0.412305901997833,-0.391396913158307,-0.372783053664477,-0.545197063534811,-0.0517435143519785,-0.375356654772745,-0.675645191482087,-0.455638888204074,-0.376799140787811,-0.478805694739815,-0.100249275904643,-0.456796251002479,-0.43010167270305,-0.409478975596027,-0.425158717730775,-0.375234084927482,-0.41973494683565,-0.430858816822739,-0.404146986397628,-0.38349047598947,-0.38549240044306,-0.378423364892157,-0.383691826949066,-0.0655951742562338,-0.0472735847568653,-0.390488193756125,-0.453217961286539,-0.444388887272312,-0.372855115339276,-0.415255780195482,-0.384731437269074,-0.392322290619058,-0.0684365016807632,-0.0465004922233217,-0.364033523828392,-0.435133032677272,-0.416969069354445,-0.473406802455913,-0.43777297447645,-0.452530349695455,-0.469713290048042,-0.478869026702399
"PMS-438",-0.3431699929283,-0.37352566209163,-0.416337188058436,-0.345245116657551,-0.408865115834454,-0.368354551779392,-0.372108803943811,-0.463422659896353,-0.388094884215946,-0.384165648930699,-0.394125983012663,-0.445299208625965,-0.36149200434761,-0.422664296405368,-0.388977325706712,-0.401520063657876,-0.423768728994935,-0.393856979452829,-0.451541417839183,-0.344022419547883,-0.34211783054632,-0.356179341158976,-0.359752823297058,-0.368187206489152,-0.345459615812369,-0.434990761269972,-0.388808889190543,-0.399740281874647,-0.431365087643841,-0.343838623854295,-0.329385068502221,-0.492448695450509,-0.375416543355846,-0.396762788899291,-0.0324501719916765,-0.361072976685215,-0.384721463978298,-0.402148980222281,-0.368470756491977,-0.413729297875436,-0.417663702590207,-0.366973338799656,-0.39069559018883,-0.37322917657097,-0.359722574864172,-0.371632096677997,-0.360544186626974,-0.458828473451176,-0.4314029571472,-0.379918480849156,-0.420630366514773,-0.371999416393661,-0.333612268497693,-0.0540805059475007,-0.0379763616775243,-0.373959564170388,-0.374908062479074,-0.384399043224333,-0.38016204897241,-0.439338864557477,-0.360894887506513,-0.371924999852717,-0.041799539975608,-0.389455179663502,-0.34771700143685,-0.342127601514077,-0.408636469959632,-0.337955792795981,-0.0891812866993933,-0.37324093186259,-0.425103802031199,-0.386938953452091,-0.376338507262591,-0.377043263434439,-0.422291770040444,-0.398333188476282,-0.328493070299328,-0.373200122357282,-0.364724289274936,-0.353074268031325,-0.399441298006145,-0.0528517569462699,-0.0323575665056008,-0.385510681607099,-0.380927495126868,-0.370636680899661,-0.443257684184409,-0.411804626260807,-0.47985172029989,-0.376957901878942,-0.0500940977089597,-0.0385220785726264,-0.35532442145369,-0.340577831052323,-0.365147449308038,-0.364286036793415,-0.458474496261693,-0.426529324860944,-0.4146780155009,-0.387554437995187
"UI10-00012-Cabaret",0.324531807355104,0.314636001011895,0.283658336635689,0.0437121783568326,0.298369513372575,0.268466010809188,0.28711457421924,0.0249692719964124,0.26938737639922,0.293552349842907,0.283550712712827,0.28716694137586,0.289233332630851,0.277276665829529,0.065255762280396,0.0531742901514515,0.0385251763178931,0.269178876327686,0.26330694217976,0.290843616471366,0.0378001438068049,0.292357800512593,0.0526912389687812,0.255854254973592,0.32097714989674,0.283213117961478,0.0464288316456348,0.28936609633196,0.332031630670842,0.257198468137908,0.248823955970452,0.266603766356117,0.275458408860948,0.285427673810988,0.273071331199007,0.305320654645852,0.266094747746745,0.289595514474025,0.249677103625147,0.33520777554708,0.267926725539541,0.300221784020496,0.301085181304934,0.255843323826555,0.291578713900882,0.318709339469806,0.271160519426406,0.264698785881501,0.261855673767491,0.285983413271192,0.26170797569884,0.256516343121714,0.274224642747354,0.212590641638417,0.259965752655024,0.322636346722322,0.260039474207864,0.252969887702693,0.283616230426043,0.267755610085681,0.304363611018569,0.255470368818101,0.301068634702799,0.315357057036054,0.2799648599253,0.309130339868625,0.314349431453438,0.278717367606954,0.297602005693359,0.262996344388472,0.33245331342639,0.268269274013165,0.262641631868654,0.28151243369203,0.288726143740164,0.240298831709909,0.281356870283073,0.273727890661193,0.303074584348288,0.245652341002341,0.317434894894143,0.264712382370109,0.275998450987033,0.309653111264606,0.282413505381812,0.32081243151541,0.282772063985882,0.284174787703212,0.320470668822419,0.349957119134536,0.30272835768413,0.302365347991154,0.0367738048433446,0.307577377744967,0.280713201844193,0.258989892575918,0.262356699867019,0.281328588819984,0.321289267751345,0.284432084987295
"UI10-00015-Cosmopolitan",-0.0417041700296036,0.0173836385646417,0.017949358928012,-0.0173538351236612,0.0235607204317882,-0.0519411001356984,-0.00261236717101843,0.00761258013254986,-0.000631004177147974,0.00383539689890931,0.00645338521548152,-0.0150742587544821,-0.0113298225285132,0.0155766621467085,0.00730413534407797,0.00429250898607177,0.000238434510129918,0.00214743140039398,0.0113638700073824,-0.018285367330252,0.00174831141380782,0.0130963081065287,0.0080491903840997,-0.00471034146020126,0.127923167061759,-0.000795832308394378,0.0123260666736412,0.0137370363521797,-0.00264490740559392,-0.00660027907993594,-0.0025437679037118,-0.00661815295502791,0.0950223284532011,-0.0931775788001817,0.00935489749015093,0.102706498504762,-0.00450096218519702,0.00401944015032426,-0.00702746975856385,0.00873757896409646,0.127473486002789,0.00895123092755066,0.0082424104477438,-0.077624712789458,-0.00575759946724938,-0.0123534019328985,0.0290526960041949,0.00678879460360583,-0.011093291654993,-0.00249725068772922,-0.00911499541182694,0.0141285839062269,-0.00841931490311558,0.0130783536442355,-0.072263963466308,0.00503042681317704,0.0258010841553533,0.0398320522716909,0.0248783546368567,-0.0442779848381039,0.0207650048507402,-0.112010010423491,0.153895589605494,-0.0688780454406414,-0.00454982448151087,-0.00702181468018561,0.0050729076963776,0.0072645348878158,0.0156332162471857,0.0129102665333062,0.10967360897357,-0.075689566852531,0.0171183992348143,-0.0051758779533099,-0.00772223958724135,0.0176497623950923,-0.0024693458205227,-0.010832876307937,0.011281450363143,0.00187758152708984,-0.0593063369359731,-0.0191295257413335,-0.0056589182038511,-0.00941507513008744,0.00899549876497798,-0.0758230247312646,-0.0751377779647948,0.104279987958994,-0.101155186278576,0.000550742753453931,0.0109966620191316,0.0127559871380272,0.000342096707461487,-0.0104215300575563,0.000348424809530902,-0.0143407633538717,-0.00870775269494743,0.00992663583921984,0.00422652819313221,0.0153475473977966
"UI10-00017-condensatus",-0.0491102381505145,-0.0176994560888226,-0.0175403917774359,-0.0125578555216614,0.000178791217199257,-0.000101178957091861,0.0151480184190397,-0.00250424702813256,-0.015419212744251,-0.0577109038742528,-0.0212419733792786,-0.0125410029209447,-0.00400007034738734,-0.00761492766738531,-0.0100427038095912,-0.00131528012893998,-0.0145629277781048,-0.0218354138998864,0.00302724173642528,-0.071655626727396,-0.00637936197594717,-0.0110376650175909,-0.0175191376555691,0.000420336767046236,-0.00381723723294636,-0.0251540251808631,-0.0103957298952316,-0.0402812801971897,-0.0135903063375531,-0.075924761864625,-0.0618532961117732,-0.0644211793575513,0.00220859258914037,-0.00561900356258757,-0.00335861545525667,0.0432670832191494,-0.0451683215607166,0.00328380709334652,-0.0528884072218591,0.00178658897288043,0.0069974913542613,-0.0273091995587189,-0.0158780362347177,0.00988188102285811,-0.0378619040346943,-0.00232487484443859,-0.0179190021754804,0.010367103700498,0.00891387691230467,-0.0412498805050369,-0.00592988411120423,-0.00752861824680257,-0.0361252916758136,0.00941980224930919,-0.033082934638302,-0.0161797581181673,-0.00422252114458621,-0.00499435612072836,-0.00141059097002908,0.0146313456241509,-0.0216939208050471,-0.0502942309365539,-0.00864350494140978,-0.0148659553716979,0.00293057155549293,0.0240062109475111,-0.000812804397853532,-0.0201454563062394,-0.000917699575651763,-0.0262020121627952,0.00934949690511817,-0.0342970747736557,-0.00527776565163486,-0.00480528401432431,-0.0367938849190559,0.00779942534046905,0.00369965830589174,0.0107096200121036,-0.0204974207276971,-0.0210960884907631,-0.0258329860242547,-0.0131618314285818,0.0103117891125484,-0.00472909438950044,0.000591692203289106,0.0220742211897813,-0.00206938449512706,-0.00679382284227991,-0.0417740357702823,-0.0311165585917342,-0.0088851132964071,-0.0643958033908362,-0.00945422604577908,-0.0220806707101212,-0.00468358673111436,0.00295992570353942,-0.0168168829439123,-0.0094739202029249,-0.0158227532745617,-0.0169955166908469
"UI10-00020-Adagio",-0.148185268094389,-0.00339555149405965,0.0357008092606739,-0.125137088839719,-0.163932008364849,-0.130652948893226,-0.113535291723589,-0.124302513436549,-0.163987798245927,-0.143403374791746,-0.134747744660574,-0.128146336789087,-0.145301454506928,-0.143733170054864,-0.136803014382252,-0.143433783239105,-0.124848177641519,-0.13295817584875,-0.128387822154708,-0.154320368992206,-0.167111272538569,-0.122277699659801,-0.130776194552944,-0.159505868930762,-0.175358063326939,-0.126202233499828,-0.141075734340135,-0.115800841976292,-0.134067867794425,-0.122647101735944,-0.105693616803231,-0.129087248668147,-0.135329433399943,-0.120739264530804,-0.136803697951122,-0.129852051318808,-0.134502582711756,-0.134405007498584,-0.136594402028008,-0.144694613906949,0.011673742926944,-0.133711250109417,-0.166026202514802,0.0323940493721014,-0.128379980812267,0.0238878773681169,-0.150262565636204,-0.135503328833126,-0.170404458361844,-0.147438869812786,-0.114925035883323,-0.173223786796852,-0.150610911873139,0.0312017585152587,-0.119498282751734,-0.108139330752707,-0.138723810629272,-0.100929696232829,-0.147876012857848,-0.136866368335816,-0.138249707525571,-0.143918461268071,-0.178234649827491,0.0483899506308165,-0.21506693258704,-0.15853029934549,-0.161997871090779,-0.133748367171806,-0.164473563796619,-0.123568184261767,-0.13030700191024,-0.169178340449312,-0.11790801003193,-0.123598765345556,-0.1416935298537,-0.153706089094111,0.0365130001821062,-0.116368416600316,-0.133372966614683,-0.15534612969024,-0.169342843267588,-0.110027983501231,-0.158143879485801,-0.141740987698837,-0.118564331574122,-0.121202601019609,-0.133204065852082,-0.165801066191759,-0.139621308388134,-0.118263476738197,-0.127528372091885,-0.136923732181257,-0.177550355977966,-0.10922409616846,-0.160268677430787,-0.162300040314796,-0.127176184297843,-0.145444999112406,-0.12761251846485,-0.146488962800669
"UI10-00021-Allegro",-0.209706528872714,-0.221793202443989,-0.230992060498873,-0.213480350362441,-0.212039723265375,-0.225699560687534,-0.216612232940524,-0.224331265717372,-0.223067447675818,-0.235988005000239,-0.209261798689595,-0.232146331060846,-0.22545947745724,-0.203795338752229,-0.214493922771527,-0.216901449815215,-0.206167085932238,-0.224103588995166,-0.221511637312297,-0.244850549662922,-0.216333579765056,-0.189957079239616,-0.235215983882883,-0.229845779003048,-0.21978113216613,-0.210669628952772,-0.212633427687862,-0.23240540993165,-0.204666150495014,-0.212308366320366,-0.181062241469116,-0.197556179970385,-0.209529609135444,-0.212515613280481,-0.23992166528292,-0.243504288984572,-0.231051255268741,-0.207001608962093,-0.218691685935486,-0.2260082316216,-0.229931934836749,-0.23978390435902,-0.22145374783378,-0.239458664838348,-0.231856966516418,-0.214625387581563,-0.226046203358565,-0.207746041729106,-0.220236297377325,-0.231086698287059,-0.224068551181355,-0.224244838651396,-0.231926203149131,-0.219781787850908,-0.215124222002895,-0.232456039684462,-0.21731274795561,-0.215455767914296,-0.193792999549239,-0.206720382920385,-0.2167066760864,-0.200820046619178,-0.201670447069427,-0.221896197342639,-0.231993965012906,-0.221569499502654,-0.219587611955142,-0.217354372931513,-0.232634166240118,-0.224558678232133,-0.201630500813275,-0.213510345740957,-0.238820277497415,-0.227848167026036,-0.230300376029672,-0.219431086937268,-0.213407689552689,-0.218755247277657,-0.213561455464322,-0.228195638422484,-0.199304805452052,-0.211115779929753,-0.225083968139461,-0.226507712289133,-0.208884944162426,-0.238438223957875,-0.206470353701978,-0.204807733304381,-0.225735068794482,-0.226284572835428,-0.223453501358768,-0.203369759874395,-0.22556315078563,-0.23613562874196,-0.22271480567054,-0.198771880045451,-0.213157795463796,-0.238314708456139,-0.21996747416856,-0.220359480556257
"UI10-00022-Altweibersommer",0.023453635095465,0.087379261563685,0.0772018457448608,0.0770771542172471,0.0634092605976754,0.0933622123147448,0.0580444069605507,0.0431170148223717,0.054373033133489,0.0630173146437854,0.0918936162962109,0.0321676944059793,0.0704888298144286,0.0219787224249439,0.0471345646204149,0.0773496275885209,0.0434780734817645,0.0583475723880764,0.0593410135852068,0.0633256541463441,0.051478951409731,0.0574705831230019,0.0755362336817416,0.0381040759748628,0.0475359339220765,0.0740871968934106,0.0511967533630977,0.0323594597920504,0.0440110557989298,0.0643801494934016,0.0268921529865446,0.0671358750642379,0.100460543660295,0.073517053351055,0.0374264971554064,0.062150516334007,0.081069120857418,0.0660881596694146,0.0635488111453168,0.0671520936928816,0.0785436105793615,0.059356138007919,0.0762416474696748,0.0814201028019019,0.0335784490960184,0.0564203891987342,0.0716645544189819,0.0502666680265311,0.051700922214406,0.0736030863096227,0.0779175902455623,0.0733470322318982,0.0344416097823158,0.032194543365466,0.0638414201508325,0.0578244642290225,0.0695496520756521,0.0683847572598049,0.08661249132836,0.0575742234871853,0.027233068713603,0.0534654605129658,0.056126604054903,0.0647561451062147,0.06803825301686,0.0469897787844914,0.0664228164456398,0.064583931109047,0.0567762198415232,0.049893836785199,0.0487764663451755,0.0641577089122392,0.0663527298347523,0.0442572696137845,0.0643356906867252,0.0553611960620864,0.0737871168388486,0.0100160947857746,0.0997309786534653,0.0745866822819175,0.0655906896190426,0.0656824359552245,0.0560429819318152,0.0393419865718446,0.0725388015403809,0.0527002728294332,0.070582477024983,0.0699779639791865,0.0524007555007051,0.0616337761853499,0.0522065203842312,0.0236879705957158,0.0450989087543157,0.0680565396655855,0.0842621262684039,0.0563063079865183,0.0839972315668474,0.0531542520794941,0.052408149848384,0.0666275820506258
"UI10-00023-Andante",0.152168045722241,0.129710969694946,0.147864694868921,0.146765390314931,0.119486628123249,0.145328537799828,0.157359561130582,0.167377421448626,0.145089111115503,0.165023098539819,0.101606358120676,0.114390544486915,0.129502863809465,0.148859959335696,0.170062453292281,0.139519141454091,0.152748252894852,0.120373566019319,0.137842399554724,0.118461857752667,0.105625469580211,0.109079697033168,0.175181498248002,0.081429065780402,0.153556586586508,0.147193158558635,0.142230472925295,0.147755416583156,0.137320471322647,0.18512938155174,0.16414833021265,0.172436733427349,0.144993338956389,0.137328091744951,0.130284949130566,0.14420676866051,0.131045285423861,0.159797157842803,0.160137252736282,0.163459036522613,0.127038860573765,0.174565343753138,0.152999570243385,0.155992149617304,0.174547291545989,0.141838843041881,0.162246067052735,0.111774764932433,0.163115086770536,0.14903509574463,0.136089237263067,0.138827981840634,0.159660473618019,0.146606069436214,0.119107752723958,0.143999642372123,0.14202288232155,0.155094436536036,0.171258011094197,0.104692766123816,0.141799990579511,0.157081948729917,0.120965716025061,0.141529293819538,0.145775693915421,0.124388077499387,0.142661945573417,0.130829422255101,0.146422330009354,0.153551646567479,0.164518072571638,0.153407875739801,0.148434243223095,0.149874023431499,0.130585465686086,0.152601409898892,0.149155142143087,0.149711264442963,0.149761237275648,0.15155273938398,0.157916936502814,0.139505695449387,0.137317154652903,0.107389864775834,0.165573019127863,0.106050667753539,0.165660401222492,0.130296159140098,0.149240427620517,0.123098621348178,0.166961111637293,0.121303214092794,0.131772234962883,0.134986181373282,0.153901168187065,0.146347230843859,0.146228267724447,0.147831827595105,0.136107988070858,0.154030183414251
"UI10-00024-Arabesque",0.000387221813866264,0.0187162389511051,-0.0122097363485157,-0.0155756374407318,-0.00923699009088389,0.00845990422863247,-0.0141962101401525,0.0511843057742546,0.0062182465165263,-0.0471948760741742,-0.00728800428870636,0.00529963170052385,-0.0216793795014806,-0.00910462132464882,-0.0220609003731208,0.0782925697627678,-0.00652069549325128,0.0028105326849594,-0.00590860924182513,-0.0163766739584342,-0.0139635400189436,-0.00144470812730304,-0.00249603612055065,0.00282380178182871,0.0199034288469385,0.0453603716827547,0.00641282974693273,0.0151766739060254,0.00407753078366585,0.0111474199418361,-0.0145485233883509,0.00484187541598558,-0.0146987070281266,0.00302633362355627,0.00879447037596331,0.003854976379036,-0.0099744109608883,-0.00944264920919322,-0.0122045771914898,-0.010500305552715,-0.00648735092667479,-0.00347892576970094,0.0063319580891478,0.000292928957429673,0.029341960565993,-0.0384462968077476,-0.00684412712073488,-0.0259900700185809,-0.00376215835879733,-0.0245510724803161,0.0282081115994962,-0.016072772094575,0.0213541319840174,-0.0129986205221809,0.000687644206092249,-0.0151017732404581,0.0364079919501189,-0.0191695770754038,0.00666559683938953,0.0386198184884399,0.0309120362458618,0.0157233113256015,0.0147230522889232,0.0107334029389578,0.0152976052496175,-0.0180689448433567,0.0127017769326959,-0.016522397323356,0.00225274218854447,-0.0350675770630248,-0.0101728535121944,-0.0587048148750469,-0.00263425850876002,0.00170763900309339,0.00597701690738114,0.0157534032334089,0.0279443406935812,0.0124728471586705,0.00023859453591586,-0.00773413852687628,0.00507713221357388,0.0726191804018277,-0.0027423574353525,0.000764942397167057,-0.0345305328353824,0.0234838126536404,0.0119317931677685,0.0114349608449337,0.00414133489865736,-0.0055076658189412,0.0225079949395306,0.00754420789439413,0.0387175905969546,0.0203450361979921,-0.00489106293717838,0.021318447479246,-0.0011018726323984,0.013415168802725,0.011902817391324,0.0085461142969362
"UI10-00025-Autumn-Light",0.175946074421083,0.154966685976478,0.148582262827266,0.178411368825809,0.147871482111449,0.179452561723056,0.167511313781872,0.189928549785451,0.203171133523307,0.144435240347775,0.152887121714637,0.164384877087518,0.166958833979497,-0.00162615257622905,0.143643738920254,0.155822564152967,0.16606020485419,0.15395624635777,0.155043312231555,0.170272637459531,0.141610232494039,0.163088977803756,0.172344997521981,0.150604557718892,0.160063673653801,0.123866666118101,0.152452358801281,0.188738690131059,0.0290329923282481,-0.00719103991333332,0.184564106103983,0.205608712476382,0.168284626062508,0.169122809458417,0.164601647200245,0.116680072398842,0.157105065160616,-0.0135129680736418,0.164383671406316,0.182731238414255,0.122730400208147,0.178822052723258,0.172129569734891,0.132122403191957,0.00736140141008763,0.187512302365017,0.178904006555465,0.124776147318865,0.174001492814298,0.158892193048089,0.167559961762564,0.160398635899052,0.153593527078577,0.192815621327376,0.152982267924608,0.0289975575217138,0.167800111507721,0.0110238503365872,0.233005783895117,0.126711025269066,0.141133012867021,0.244541855258596,0.173188465814413,0.144266777458818,0.153927910882156,0.143009588588362,0.173154995649719,0.155465317576415,0.159456290631044,0.174008971529414,0.183680216333391,0.169597145875873,0.136888402853438,0.208014866726564,0.168448069398627,0.142063583663357,0.136549964555265,0.132801734508394,0.169962310889389,0.147551962946536,0.155652167313442,0.147350534044513,0.110653915465233,0.123850510230017,0.126754135381431,0.166642218996686,0.133213258647647,0.0353468282424107,0.152654840358748,0.15909729127608,0.151225701771704,0.212807315243769,0.191010760622776,0.176125821411836,-0.0240461346782857,0.155998521093139,0.139846773786242,0.152015693607603,0.121472849147037,0.178300331445183
"UI10-00026-Ben-Graz",0.19202304380553,0.187717253866316,0.290330730096951,0.202732539194619,0.229216331824956,0.22946628986617,0.208558117731468,0.141200269471937,0.216413604427565,0.235175844799105,0.212892207371916,0.196099168124428,0.186870103098782,0.196344396536693,0.196721047620075,0.213948769663182,0.193817308318362,0.229886933801178,0.244488780031423,0.20550860232069,0.184324196350169,0.262229295403499,0.219832396445603,0.225276739620794,0.215598050715154,0.224651237224305,0.190717366446846,0.201828577251006,0.216100038791035,0.161972198397654,0.201024942946434,0.253497539049879,0.213748472573694,0.205923094286889,0.244956693209482,0.173038085655611,0.212271431849884,0.152545491909829,0.16852521672528,0.212254826128731,0.196282576878311,0.191078211754729,0.352499341898326,0.21933896957861,0.173235254009928,0.173911082400451,0.195507861758443,0.218611445827858,0.124365527324326,0.170897896377985,0.242902247597416,0.243622369542851,0.234343171321785,0.227581610598978,0.206106464786634,0.221739332557482,0.187373694010917,0.116730305121825,0.0978331362945299,0.225360301222764,0.18254032418371,0.213308326179483,0.140966505699861,0.160065272376463,0.201957667141322,0.164938031418418,0.209184783098438,0.223052063358928,0.194326088697948,0.212005327892172,0.221948121852483,0.180320273444643,0.206905954784021,0.180741196082584,0.312855079050689,0.139297637645276,0.243415807557346,0.256868472730917,0.176178852659853,0.166090855825316,0.202787250723453,0.174918923861654,0.14425864338062,0.186189796198419,0.213150754950365,0.244739136278742,0.215427878476527,0.171616167072837,0.253522343499843,0.147476536624747,0.209590606857112,0.244560235311043,0.246668947650184,0.241428578314261,0.26042422616094,0.216243268764912,0.191513642235199,0.207218900306196,0.204879818961116,0.118020255679908
"UI10-00027-Ben-Rotkopf",-0.196881642137322,-0.195700814309998,-0.192245042476942,-0.202247725230188,-0.197007595758328,-0.200322253923225,-0.207321262606572,-0.199986722837035,-0.180515301193647,-0.202064663706749,-0.164580651811221,-0.190343112515174,-0.21279716948713,-0.205825717135443,-0.225900842317524,-0.213273053286188,-0.183565727667586,-0.206781662142542,-0.230536214338215,-0.198680963899354,-0.177929272480745,-0.219299391264206,-0.177908270917249,-0.212025716723037,-0.182544362400017,-0.196759920550868,-0.260857481448093,-0.189884354580983,-0.199341421500038,-0.205270518519277,-0.223526411139477,-0.202268331578792,-0.198111147044153,-0.18419200241341,-0.199538716905814,-0.195183028282655,-0.192648894661791,-0.2243681203305,-0.180715024352045,-0.209419626223177,-0.187486452141377,-0.191541398881669,-0.209796876008191,-0.180682581909871,-0.195989834278734,-0.199959620754922,-0.204392803676506,-0.211579606148656,-0.189038798081704,-0.190086467206228,-0.19425850119163,-0.182660287991542,-0.206292786171828,-0.204361693985865,-0.20247948872027,-0.201123071332328,-0.191961984783473,-0.163381864474464,-0.171453626581295,-0.213689244535393,-0.192628899734824,-0.269971997097081,-0.18914874526432,-0.176832485673961,-0.211490896817059,-0.183911975626834,-0.207325817476563,-0.182841375638287,-0.196996329125422,-0.19713404097738,-0.202886012120446,-0.198472590949967,-0.178386763015137,-0.203623494214812,-0.18543990607859,-0.172131096695335,-0.239249738938666,-0.19908029017361,-0.202386452529312,-0.1898862440178,-0.190805168324067,-0.193551900106974,-0.192007862093485,-0.194511559773087,-0.199931268644517,-0.215241696013584,-0.228194749563613,-0.216860110469419,-0.203842637942763,-0.164556842853377,-0.197082564608584,-0.172294512774291,-0.211077444707538,-0.208108609576092,-0.221382231443997,-0.180160624835833,-0.202676864310721,-0.186205122491632,-0.197514608708951,-0.180451399974043
"UI10-00028-Berlin",0.371778017512604,0.367992357512535,0.401462965541285,0.397130766466014,0.391587659873366,0.414450478730171,0.373844962243576,0.403970908801576,0.396322535960707,0.403099830429011,0.408268848053882,0.369787771831654,0.365088154848704,0.39114500240625,0.390914714714122,0.446397507038627,0.393374996146263,0.391765787869762,0.405601582986284,0.404893627556603,0.394112771790581,0.396569334084221,0.395794944106709,0.352750526976884,0.305798947172316,0.374976339703473,0.412977228687834,0.39190329690314,0.366556482963303,0.362575024363767,0.444689692917817,0.400533690015299,0.335689108301894,0.438459083154968,0.42480212037189,0.300043454709343,0.364580826925986,0.373220654162313,0.403339310382183,0.385998667462933,0.309556064315625,0.421705505978746,0.396789380486201,0.452839158126863,0.405499194987745,0.389839874969298,0.414669275603716,0.396973741764658,0.351583591575795,0.368660795122809,0.402243421752135,0.389043159670208,0.379450716983998,0.406036378756367,0.415008667484695,0.393429696622696,0.380212574779981,0.411346616352701,0.382845815356963,0.37454640751222,0.371647410794511,0.408272655263027,0.325597339183525,0.398815813596442,0.492406394022144,0.391145282867501,0.380918882595838,0.390792592585396,0.375563506769085,0.39254518514881,0.306856329352027,0.397794509634842,0.400315575710266,0.383565607284243,0.397550043645583,0.429688671290454,0.433812798606159,0.384761066730184,0.393983076347059,0.398867154605112,0.390764899111895,0.429173541840129,0.421923413385094,0.39373493970394,0.402492214719668,0.392987294296856,0.384035570226122,0.302395749256802,0.39225627440125,0.373971906669159,0.389074460814314,0.403101713494786,0.42209369412339,0.392353977190881,0.364715268224304,0.397549973627082,0.380220624253166,0.423171387923069,0.401105403920278,0.400983006004458
"UI10-00029-Bitsy-Ben",-0.109575799786053,-0.418875078884625,-0.382189679693006,-0.463668915200485,-0.349886973740599,-0.388125550726398,-0.439885865042808,-0.419065637120619,-0.427510303484164,-0.402233187922897,-0.403286240622811,-0.427180135130858,-0.397015524665257,-0.398912875574928,-0.458383549435055,-0.401239687782929,-0.395198482477039,-0.371123067258505,-0.442576231774061,-0.44745500505334,-0.395942096431201,-0.435986798774894,-0.410826276502364,-0.437316864076644,-0.381311526633683,-0.349515035374567,-0.432484167466838,-0.421598070082576,-0.474403180288582,-0.412398751402674,-0.412703000963038,-0.448705966404185,-0.417662394421584,-0.369540281469756,-0.484999760613191,-0.400034440155662,-0.450702606236343,-0.278705764898316,-0.370242101572353,-0.44007392431931,-0.380316715457192,-0.504016980392419,-0.398690559735302,-0.393356824897051,-0.404830275783672,-0.397319616380125,-0.50274020648309,-0.377777536047877,-0.377657022363859,-0.429133257070893,-0.393046020506921,-0.377323271147713,-0.361227207463526,-0.442465234430383,-0.437996026727984,-0.384573009537384,-0.404969478558838,-0.190556299721264,-0.45294297952231,-0.372246234376358,-0.459858230459599,-0.399279903297367,-0.482419076767575,-0.389487512460098,-0.596489883716206,-0.362545106530267,-0.388900825052594,-0.435273006380257,-0.157992263744501,-0.424178461453438,-0.368445078466591,-0.456945325453237,-0.159953780992955,-0.408217908178022,-0.17201649486447,-0.385394971018777,-0.157846857101358,-0.389334134752687,-0.431789717917041,-0.444644321456884,-0.434295543938689,-0.489061824367436,-0.467320851534984,-0.427262001363429,-0.386763964135654,-0.424388873146929,-0.214840450918243,-0.445437178023973,-0.153545443077529,-0.401892955917073,-0.405303702587403,-0.478553902918184,-0.537751560418338,-0.403766924539694,-0.411841476499756,-0.398362988405702,-0.390229831868087,-0.364011679807081,-0.382355990500647,-0.367543085282686
"UI10-00030-Blondo",0.119268143398197,0.118080444606497,0.165090679452273,0.0993920337646821,0.0988295624872419,0.134664725104283,0.100078730948388,0.0988986156301572,0.148348332896834,0.142035542522893,0.133988649472095,0.133310195019274,0.129523321083061,0.119151305881344,0.117351632587368,0.127105891494351,0.113756913538125,0.130261774800923,0.138132882085022,0.132888105748515,0.159305170829884,0.148712784946694,0.14290826732265,0.133574237859704,0.12056270605238,0.10837583035682,0.142258417488867,0.104399493381171,0.0973012394256636,0.113779435302726,0.187254695539031,0.174604349566056,0.12635507051249,0.112430245337306,0.129935200765433,0.134973421723315,0.140414764192802,0.129939384402454,0.11519083047439,0.0938437981730938,0.125499805783885,0.110322652232606,0.121637962423391,0.107911160085828,0.122440957207847,0.146646414131195,0.132940668026549,0.124963145408088,0.12052024626059,0.139496421272959,0.128534325814749,0.131248601137639,0.0984852674836748,0.127429975860385,0.109228913272283,0.103558344869645,0.126480918818793,0.137750436750317,0.131246315466513,0.127101884230285,0.0874662479774444,0.105346120672662,0.161647834081634,0.107027718040426,0.0997330857484795,0.100491320863925,0.122901001305159,0.122915701617299,0.121926521818603,0.135919390554779,0.106971511253525,0.119963583473033,0.117976746401051,0.0871834954111509,0.118292694389924,0.1269556000157,0.113357730098053,0.123495650589269,0.137707807502971,0.0905462654940245,0.121620654258756,0.113245135352307,0.157999545613745,0.134750516482699,0.124965179519052,0.135749529009879,0.119966293531384,0.109686210294609,0.13561396910516,0.128722569202925,0.119871640312416,0.123612320948422,0.149905372627528,0.115017641304899,0.136285574857677,0.104280025550633,0.108043664415734,0.120461604185425,0.13858645908679,0.113373058322178
"UI10-00031-Bluetenwunder",-0.0273922252191471,-0.0392766186133678,-0.0219954314361632,-0.00801752159714714,-0.0404498333250782,-0.149012004733929,-0.0474188866708853,-0.0165638227163966,-0.0658261285624634,-0.0446697286476881,-0.0654528249097731,-0.0345146556110948,-0.0112925441773721,-0.0421181801157525,-0.0395986024120488,-0.0694725664670938,-0.0460894244429355,-0.0716314569927268,-0.140644035342459,-0.0350407547782426,-0.000571144883880468,-0.0428059012057037,-0.0712196386692601,-0.0661582932814697,-0.0422539570510554,-0.041481345961378,-0.0431649533759706,-0.0548575307352817,-0.043654565589304,-0.0665597290218828,-0.0487916713910801,-0.00313802292162905,-0.0445752684540232,-0.0315436604751929,-0.0257941686330526,-0.0549092671500796,-0.0520060079917069,-0.0343609810503442,-0.0351445874399021,-0.00969876749031207,-0.0213161373565416,-0.0499608606840926,-0.0363911636628583,-0.0416513364339846,-0.0440334422402686,-0.0485267791279739,-0.048165037848438,-0.012865073461413,-0.0307823274816716,-0.0434458031048855,-0.0224674975926343,-0.0315176692983761,-0.0343780252170676,-0.124049317010916,-0.0378224349228848,-0.0246667598341869,-0.0690322152110224,-0.0749121204824169,-0.135838662942387,-0.048682930736286,-0.0700736807172647,-0.0321203117659464,0.00821261661430845,-0.0275045782813775,-0.0556247610154293,-0.0751696938826948,-0.0543379704317472,-0.0365061406034804,-0.0221909548331828,-0.107593583542366,-0.028832152505435,-0.0859152575333897,-0.0346241469548475,-0.0669517540681687,-0.0397598249653529,-0.0548638382042358,-0.0457807851658863,-0.0308247077713783,-0.0821978860470274,-0.0298050350679694,-0.060963633406087,-0.0393955487855963,-0.0422076598408414,-0.0313630407375435,-0.0487864226415265,-0.0221310000919067,-0.0337373081994687,-0.047790777123501,-0.0747946376559162,-0.0676133909216019,0.000365595084338775,-0.0304245242982439,-0.0555199734863382,-0.0449499343394587,-0.0122896168335465,-0.0303227042461034,-0.0477093347091551,-0.0625724978439245,-0.0626327756887807,-0.0446295826354695
"UI10-00032-Bodacious-Ben",0.10628782876673,0.100208744392341,0.117510266890587,0.110881769044299,0.108192629337466,0.108351252024988,0.0901396320597959,0.0989220502841145,0.103347327382378,0.0400616905478521,0.146595628936557,0.105610298396133,0.107769768346963,0.080290026645216,0.0408921825898318,0.113370846504468,0.106027226364156,0.0857121253886184,0.100937061447706,0.120670861803744,0.106449036727892,0.100738710092835,0.0728191420342832,0.123937159485334,0.11015031673615,0.077726791569028,0.0931587186721819,0.11780746799662,0.0688027729738195,0.118635098078511,0.086043426403392,0.167827371767601,0.10125261891585,0.0956651449931158,0.102483785427523,0.105548936293331,0.107324577302967,0.145830064675027,0.0967188239388567,0.0998558266672127,0.120763658247294,0.117517785479891,0.0997496325360932,0.133663012082075,0.145122066444396,0.0786917347223426,0.0782400782586231,0.0858618412479331,0.0926858456509733,0.166414873695541,0.121416915582465,0.091577056738406,0.120168104575449,0.0627077611636511,0.117639427534942,0.0986145375946585,0.111848749185925,0.108346223475711,0.115360617419989,0.119164286073546,0.121630703875091,0.0968819879013929,0.0961366175993521,0.105283478693144,0.151429200278131,0.127049258466781,0.0943853294979248,0.117115893272093,0.0978511113297726,0.0932188342115343,0.161476127517983,0.12607983825522,0.122332589981424,0.110894035691884,0.0842000672036712,0.11446506845568,0.114346838801803,0.101256931245446,0.0998459937810117,0.0819477800148564,0.0988962720999668,0.157168196214352,0.151426556855513,0.122747909536101,0.100567465100041,0.0957250601003494,0.137898550133176,0.091666688879752,0.0606627221809105,0.0822499111775579,0.0857731670431433,0.0998344675942203,0.0767766682653297,0.0875248718746993,0.106284583373999,0.0892440742301599,0.125296841169594,0.0740257113415801,0.0833811162479312,0.116772171184915
"UI10-00033-Border-Bandit",0.0353833981436105,0.0344437223975168,0.0405603276579109,0.046745377952731,0.0391228474043208,0.0491777808958874,0.0293279257579003,0.0500110070132786,0.025572360876935,0.0319358764898873,0.0161192515024814,0.014761712013881,0.0600917627968889,0.0662298488436245,0.036115729304991,0.0402933134136446,0.0515619330722288,0.0456376230363802,0.0314507731570939,0.0534175409926437,0.0859021205859544,0.0244574567222997,0.0376309894974128,0.0475349103328736,0.019027839237772,0.0302179176759289,0.0225127681790879,0.0226664242623509,0.040961305081554,0.0549389228337352,0.0395508018198484,0.0793097623488967,0.0490490920857769,0.0411715857937902,0.0661727089721527,0.031565607523901,0.036943000772118,-0.00125816394647426,0.0520620734632889,0.0467747894682094,0.0326937092397092,0.067651452560052,0.0760233755590273,0.0616199822150409,0.0588721899881785,0.0543986805523582,0.0544619103953392,0.0740518807536479,-0.0338987101082248,0.0548939794262783,0.0756965872606745,0.0469843773463194,0.0329153109354809,0.0517681301705123,0.0586323365405235,0.055369256860156,0.043741279038535,0.0562357760357885,0.0420139152745618,0.0397979366135657,0.0600286636871929,0.0432136900231361,0.0531559670578256,0.015090001544802,0.027815104785796,0.0733864176577043,0.0545785409700221,0.014738444875476,0.0162708796186699,0.0557973572200479,0.0178094481662347,0.0610938940562173,0.0512972875508032,0.0313514650413562,0.0419352273364073,0.0608785804518692,0.0257216853916257,-0.0023109478277853,0.0602007177079786,0.0362532795627027,0.0171592694397817,0.0389818934492266,0.0777963995076738,0.0710713502777347,0.0431333610470719,0.056896678604831,0.0683700405195574,0.048566053781556,0.0397699039297831,0.0447947579390843,0.0219339003544309,0.0515691873306823,0.0624723657111109,0.0202605788174441,0.0522612256892562,0.025201314474256,0.0605179190042972,0.0504912931572457,0.0169251642140807,0.0296230520963402
"UI10-00036-Dixieland",-0.0889894315881908,-0.0888119073576213,-0.115081130231457,-0.0603383852988245,-0.0870494025856971,-0.0977127274212825,-0.090581566107277,-0.0856918542762055,-0.0693950369132054,-0.100693887900737,-0.0197910858445541,-0.0736053982499902,-0.091063557723065,-0.0905087893292248,-0.0927518525110488,-0.099743950553694,-0.0913246127252278,-0.0990143626354219,-0.0439572723479269,-0.110333462790383,-0.0518512140261405,-0.101065593840899,-0.0927784920708688,-0.0945161835963461,-0.0970673565184502,-0.093988908075749,-0.0820085586116702,-0.0928363761114853,-0.102505908406593,-0.0927287025366237,-0.0950677258854463,-0.118229655332971,-0.0965874210218127,-0.0919445874138593,-0.102739638961472,-0.11189419438839,-0.0812012645625938,-0.0760732873483304,-0.103618291899056,-0.0988402711875844,-0.0797722710625777,-0.0831748051690353,-0.0798255757311226,-0.103782532463248,-0.0942411319830633,-0.103196578475553,-0.0796182758932744,-0.117485373909495,-0.0849041869977242,-0.100497753961953,-0.0987884162216194,-0.0951470653477742,-0.0789476377075314,-0.0751769845616287,-0.119560794338489,-0.0745396021257825,-0.0876447645999235,-0.0590996594534461,-0.0847461388820012,-0.109959393910672,-0.0880458228364253,-0.0435640354188099,-0.0679304450128863,-0.0902969741724957,-0.0759380609539876,-0.0982920234181319,-0.094102779862581,-0.0616007282183784,-0.0416018147208328,-0.0700566846853364,-0.0746347347184482,-0.11740209893067,-0.104923277699621,-0.0955763734587161,-0.0930687891604424,-0.0708900068798932,-0.096733909440311,-0.101177445571031,-0.0966604417604556,-0.0858899232615496,-0.0288952172254821,-0.0710690141104583,-0.112183648864061,-0.093138031117644,-0.0746980071675124,-0.109915080954246,-0.0913141453508432,-0.10379528906519,-0.102994783119477,-0.0211484749429891,-0.091667302280761,-0.0877744662133318,-0.0849241694102659,-0.0603737558675807,-0.085042017525046,-0.0730082178588082,-0.0804306559979748,-0.0942387476770282,-0.0734245530504823,-0.0461264305524074
"UI10-00038-Emerald-Shadow",0.134487966608197,0.114261571569879,0.142138124537446,0.0429368492824077,0.120555715641534,0.123420818058827,0.0936673241790954,0.0281953753121582,0.119855132114726,0.10557112537486,0.11863473815448,0.117170495802226,0.108435411312768,0.103863034259865,0.0622217781617747,0.049312301253894,0.0288827870857682,0.11657894097107,0.110956737344145,0.1221633442872,0.0361371422054055,0.125696055660617,0.0528949672806552,0.121460148847351,0.106616659860588,0.0732159296355282,0.0443503937696649,0.11269878168702,0.132897203458709,0.109958803566693,0.121786837203304,0.119503148618423,0.101742130219198,0.112896945390758,0.116287226169357,0.113662502113782,0.118016622112711,0.105773256670867,0.098606271060668,0.126755324095141,0.112287432802218,0.142290819195553,0.142430932176014,0.115589285177903,0.1159564259833,0.156578283677676,0.108479344743822,0.114683820533764,0.11758415076348,0.113685310476004,0.108168797788052,0.123661778012234,0.111649158699854,0.123876858181012,0.121660950892523,0.0893856002483729,0.107605897640497,0.122437157868244,0.0947138712218366,0.121905525223531,0.11746789598983,0.108061672702008,0.0833419800403624,0.101216106788142,0.179828832351434,0.102159893953697,0.126854220256079,0.104897183366132,0.111906814745224,0.140736848216105,0.133501208689677,0.102185327634905,0.090397547113168,0.0821052927155965,0.110973712673061,0.117629339680845,0.100268369672156,0.116330964562083,0.108232813586969,0.101366610687891,0.103136630564551,0.110642773629434,0.118633950875552,0.106108868200136,0.120243678262483,0.118132840299046,0.107071846494681,0.0967188364109053,0.116419565979759,0.107221323014541,0.12451970510589,0.129066807802976,0.0394918407164625,0.116829114216714,0.154487174821814,0.11667780076339,0.108803493148055,0.142327728504234,0.097168708709908,0.11358961016927
"UI10-00039-Emmanuel-LePage",-0.078817412611364,-0.097450340887231,-0.0868050702888616,-0.0627289419731321,-0.0381883402930113,-0.0386361218889576,-0.00337659010707826,-0.0850739059080124,-0.128027117809435,-0.0984357493945579,-0.0596710151734634,-0.0735097284497754,-0.103149781378496,-0.103636422356517,-0.026518657911793,-0.0555207175927121,-0.0504840327794531,-0.0366255228224971,-0.0694062892923221,-0.173507132753897,-0.0547762280789557,-0.101753607671896,-0.111052886030418,-0.0726350671001483,-0.0921253067143789,-0.0702035192817435,-0.123214234426876,-0.0835694722302319,-0.0873819036531766,-0.0884331748208951,-0.121635647617885,-0.0996364500276496,-0.0868143910967421,-0.0190591204464791,-0.156412581687255,-0.0611976188512392,-0.0641553927957192,-0.0869437471732501,-0.113373099153903,-0.069619814360764,-0.0786671582823173,-0.0630084783491887,-0.139572932519017,-0.0806042562180423,-0.0622145780955473,-0.0324122402780994,-0.0479740522243198,-0.0829099091640883,-0.083857474406952,-0.0449795478678381,-0.0662741070074221,-0.0154332987138656,-0.0446787461613328,-0.0814334461999169,-0.132042030035885,-0.073570475742174,-0.0224453331904384,-0.108284282805749,-0.0851407394816199,-0.0728906848788882,-0.058900691910008,-0.0239349404732605,-0.0494330870464362,-0.0911403837525023,-0.104901121673268,-0.143581801206366,-0.144765164168015,-0.076164672132232,-0.0631736102394725,-0.0934509502538931,-0.11672613143022,-0.0873678068733701,0.0144982490152398,-0.144575206427116,-0.15285315559737,-0.0566028483460264,-0.184412848332886,-0.051009555021727,-0.169383268551397,-0.128886550004573,-0.0559612485096515,-0.0693562240961412,-0.0325362787848269,-0.072770633328367,-0.0798816043039593,-0.0113167903990932,-0.0906013802703357,-0.0787573167590798,0.0621030572359638,-0.0386593137481054,-0.0252370882989333,-0.0215259594485759,-0.0947117973456272,-0.0927742578050113,-0.0695350460228105,-0.0643890337812943,-0.117160498241961,-0.0806615952453718,-0.0708715394275839,-0.113815554149599
"UI10-00042-Giraffe",-0.189778001746587,-0.212680219118209,-0.180520599939658,-0.192286793220349,-0.200442155939925,-0.205836121785511,-0.203487117213854,-0.202006379010965,-0.207984369731459,-0.171767971054136,-0.218656331234264,-0.243248072583434,-0.1980302136492,-0.220252280807446,-0.21550300470082,-0.22978112815928,-0.206716677308895,-0.182402583083966,-0.172797323483394,-0.222506451443092,-0.18772040106251,-0.178077635548356,-0.209433261079148,-0.223472741323853,-0.216746656941312,-0.218187240989198,-0.213838449839518,-0.19897243793367,-0.218118347558382,-0.203728200342926,-0.197992225834749,-0.199558797564088,-0.215546301359386,-0.232427935303768,-0.212951648916111,-0.20201467894033,-0.213554641237943,-0.199087289175326,-0.221577944505953,-0.211614568158926,-0.204367540369158,-0.206031075538589,-0.163649245877898,-0.213140886396562,-0.202274460865098,-0.198702141799814,-0.205475423246304,-0.227800087175363,-0.198236663984523,-0.189277722182903,-0.203733782415099,-0.166745131154658,-0.206178258510296,-0.201204482589817,-0.205167005751426,-0.190577762170457,-0.198626585231193,-0.186262095809014,-0.202882166001341,-0.176509528766233,-0.225699267282514,-0.199488526832321,-0.218453978826018,-0.216469546868351,-0.214401658022116,-0.194014692614343,-0.188296221563095,-0.207747167658213,-0.192504248279951,-0.207538875913496,-0.202906126423688,-0.18566407543607,-0.188516272595034,-0.199213462933978,-0.233210676232397,-0.200382850923381,-0.205344499735511,-0.211055066300401,-0.226068039644939,-0.201269183053612,-0.201785546591437,-0.210747817322782,-0.217412491647105,-0.196210153148113,-0.189895514365655,-0.220381757366432,-0.1940914003775,-0.186833756886007,-0.204887059276546,-0.218194340008864,-0.216101568556438,-0.220431108280851,-0.229804428569481,-0.196968090658036,-0.216071518024565,-0.189312161264863,-0.195083920773701,-0.221762911357807,-0.223491888726809,-0.207237693206142
"UI10-00043-Gold-and-Silver",-0.093987305129471,-0.135581756716974,-0.145620029356829,-0.177956527507647,-0.118062725647977,-0.150576017580352,-0.127095330309442,-0.125718569717321,-0.133931060151297,-0.142324604853306,-0.160531479990843,-0.148547817046105,-0.122498261808672,-0.091085415348822,-0.145334572176705,-0.106913646927731,-0.127102980910428,-0.142129209912885,-0.133909815796351,-0.101490264750627,-0.138029155562185,-0.159433608458837,-0.146798439422163,-0.167960894368064,-0.141103976659212,-0.112752500472625,-0.135042750794396,-0.165060187671519,-0.124766820321005,-0.114372134826401,-0.115127329117935,-0.128196389913438,-0.168842754702788,-0.14507611758207,-0.14426459322397,-0.121105428395902,-0.161598802535692,-0.156414903927416,-0.0861717289181801,-0.148380577556506,-0.0875154992242927,-0.0887067385968948,-0.14198262738138,-0.121714805336592,-0.112593521661413,-0.124222270196955,-0.13886506915749,-0.164103948512261,-0.135365990927949,-0.135153836183585,-0.0841042158564515,-0.125056498708745,-0.104084663289333,-0.111865030415623,-0.146996256825333,-0.133823982251702,-0.0550188381256596,-0.106797498206549,-0.135372867286822,-0.120535454621571,-0.141678059189441,-0.136898152493535,-0.143429069739493,-0.13999061487254,-0.152056065154442,-0.124550815696862,-0.12293571237359,-0.114784693998432,-0.166733741481355,-0.127463259699843,-0.0868095878437144,-0.12358583042944,-0.0945516051015032,-0.135095087728153,-0.113393172109057,-0.14584749120679,-0.145888535791019,-0.158053171868356,-0.131001899216298,-0.107843107215908,-0.0866264580475105,-0.153287235421515,-0.132991187910007,-0.169414033536844,-0.0827953904306981,-0.0943323920065865,-0.126377909273193,-0.142563024441098,-0.129366968824137,-0.119260509619848,-0.139166076736093,-0.162929299737481,-0.136739199080322,-0.158168812620959,-0.112358570108998,-0.130819576650696,-0.116878668813469,-0.148180794945382,-0.172073901231048,-0.119281063440403
"UI10-00047-Goliath",-0.306234699346131,-0.315663405041726,-0.303669497909183,-0.292110902776154,-0.313110830830619,-0.281510640562998,-0.313006162445475,-0.290559779742828,-0.326359804822267,-0.284977088923089,-0.290028327142451,-0.314311254734217,-0.273478727430759,-0.293935570848323,-0.285509506584719,-0.317789321492994,-0.296517060336058,-0.297289092192238,-0.271952170296932,-0.293710743662084,-0.280181746607982,-0.308969328685474,-0.281779050043744,-0.268474142334196,-0.296302945768445,-0.244083693630954,-0.340211446860043,-0.299286818480208,-0.275098752353868,-0.28997135195158,-0.314317774915789,-0.31512788057648,-0.339794293090204,-0.259958442858224,-0.306225784954453,-0.286697259515973,-0.324057212446814,-0.309695705927924,-0.307934622853401,-0.289406333004183,-0.342986048995134,-0.366601052873808,-0.322921929524731,-0.307834345350879,-0.313060397568485,-0.332151607415168,-0.327513181074233,-0.335059633076574,-0.312453554222399,-0.297339768786613,-0.323909767789948,-0.314983254448468,-0.351695893500549,-0.268828557364637,-0.316955873395173,-0.308011541384863,-0.351122585243748,-0.296732294800417,-0.278783344064947,-0.302692707988819,-0.325629809084107,-0.274140386523973,-0.306993425461918,-0.301890021243864,-0.278728348457812,-0.28542337140426,-0.293946274512705,-0.285789541316647,-0.28949815762875,-0.255263324860972,-0.305221205435938,-0.297403216851152,-0.309969759422356,-0.285147704195068,-0.332456646594154,-0.316499911603452,-0.30293812064166,-0.307111865168005,-0.294283090338793,-0.275306432379724,-0.283862459704611,-0.312073025650439,-0.321448099306163,-0.323524366997249,-0.300169667279855,-0.262621465812541,-0.245003464975942,-0.280404067790443,-0.312998299739915,-0.292057173802819,-0.279814517378195,-0.322977444181904,-0.347160363917484,-0.297082942262784,-0.330165174418535,-0.310842033250906,-0.293196101312971,-0.306724950505558,-0.319896827839486,-0.284788386172635
"UI10-00048-Gracillimus",0.0739507644488211,0.0880102917721363,0.106142543987112,0.0722736772071439,0.0857826876905843,0.0752579524372117,0.0897302535039402,0.0954439470192559,0.100211645944605,0.0850636292480752,0.0676555051757504,0.0643204216050424,0.0929389353022666,0.0982473975958682,0.12937466997699,0.0589274101322265,0.0753960387026512,0.102641015513042,0.078939223244604,0.0823854076044213,0.0617583347419561,-0.0608874332412886,0.0691534739921225,0.0738602871620296,0.126083853786951,0.07243176689796,0.0818604902002213,0.0839283283989579,0.0772013485962101,0.088739793662716,0.18029031189173,0.191794353029446,0.0730886353994598,0.0846366123755658,0.17016598536405,-0.0832328081412717,0.0838595157536273,0.0973237395160505,0.0933596078464002,0.0807915689042959,-0.111056833197483,0.0674609849494977,0.0840224313394248,0.0767256690612439,0.129682386825059,0.0855606340690079,-0.101901933264145,0.0862553055401698,0.0778748041718271,0.0884599884091878,0.0740579412117193,0.0930022814604581,0.0971782172932106,-0.134569842721666,0.093241721954639,0.0171233995516666,0.0650844684891964,0.0598272017318637,0.218766457167629,0.0685708388244883,0.0890086923265396,0.240730070783482,0.0814996582670414,0.113012402671746,0.0339853599706857,0.0993172483307539,0.0911984646095883,0.0628048584810942,0.0899119128936364,0.0980499724011566,0.067354176620255,0.0970135696335327,0.0858998085576776,0.080330521305145,0.047999743785648,0.0504863326441218,0.0813088405661002,0.0513955795136295,0.0691088366014585,0.0911498635778486,0.147169365750807,0.0932383410106055,0.0880974668670391,-0.0595439674019576,0.0872276846236978,0.0827486081161209,0.0860629009990008,0.0743628311096811,0.0786977139668885,0.0775988082309657,0.0940087638288328,0.200534452179555,0.0783938711241256,0.113775928403189,-0.0231694559779426,0.0854234494223726,0.0807763281483713,0.0898677925158049,-0.0908098638080128,0.0971724431331318
"UI10-00051-Gracillimus-Nana",-0.0743491295410258,-0.0534897485793383,-0.0559350048747531,-0.0491468254435792,-0.104216212334429,-0.0722538171991535,-0.0403517423489902,-0.0375381434743876,0.000726315947344199,-0.0708324233022322,-0.0495044608839016,-0.0357279858806895,-0.0773979917730605,-0.0489001871028801,-0.0451626576051926,-0.0656287567792679,-0.122529537877676,-0.0824510464863731,-0.0762452504167976,-0.0390458682356239,-0.0947602360025624,-0.0665861079525444,-0.0944503166375736,-0.0770165486225291,-0.0418767610094911,-0.0814456546174433,-0.127018103303947,-0.0378377245641403,-0.071948390897099,-0.075537533351259,-0.0583943393494803,-0.0508320628437351,-0.103471545485167,-0.0692476999511215,-0.0869953621803901,-0.0665859497885668,-0.0966444131613213,-0.0658182585116171,-0.0496123666841847,-0.0395167111446456,-0.077295056256583,-0.0454099383704038,-0.0530011256367977,-0.0726869236846152,-0.0808702091598623,-0.075217341394257,-0.0880506794539859,-0.0402974599668834,-0.0704366239775329,-0.0817449831403466,0.00918147899453326,-0.0553765376681372,-0.0535692617722693,-0.0481612661244841,-0.0820817239047317,-0.0970848220353829,-0.0443875711626725,-0.11875551758204,-0.0396101517277862,-0.0730971259566132,-0.143115689200694,-0.0184058626910189,-0.0295003211476257,-0.0665555472450722,-0.0719952468599728,-0.0887782450580299,-0.0820706650281928,-0.130661381454384,-0.117976932852541,-0.0938051392433801,-0.0639797528829176,-0.0746298484325496,-0.132114511581848,-0.0250686820681452,-0.0820521329899956,-0.0842503524248392,-0.0428416479545551,-0.0544827869885254,-0.0760961792311686,-0.052808806761925,-0.0294027868755021,-0.0500522753189296,-0.0784440661053445,-0.06580032188565,-0.165788099437482,-0.0670999028100572,-0.060944176652718,-0.085485005471644,-0.0796246597627261,-0.06644576503207,-0.0614778841237584,-0.0789223145365463,-0.070658140435238,-0.0469424454011488,-0.0850036986920754,-0.0463395584231153,-0.0653146089090996,-0.0369610672193245,-0.0705282485321819,-0.0781604007436811
"UI10-00052-Graziella",-0.0856711595664686,-0.287072796295392,-0.29428244283101,-0.256367224686498,-0.27166798832939,-0.268253566464353,-0.254982914982006,-0.257609435437637,-0.29465513866789,-0.24827349504422,-0.291253497837888,-0.301356010395694,-0.255324908017262,-0.313576650877875,-0.300613331743805,-0.247294701782427,-0.256464092408042,-0.291798247805723,-0.257861991875704,-0.286110595879848,-0.297112130149393,-0.193568449470746,-0.309307695008215,-0.321401320376716,-0.298479742870138,-0.253790203903794,-0.235997244195305,-0.292320324128122,-0.262341082556729,-0.287807496328149,-0.215554665365606,-0.248358452414984,-0.283819190911891,-0.270144460966756,-0.282099829593277,-0.346418144103412,-0.263996979319422,-0.244935553285129,-0.239806774874622,-0.268190723910164,-0.274565596826739,-0.244184007300252,-0.297925802955997,-0.275147971851607,-0.27804661000452,-0.294460564398107,-0.275279763243078,-0.258878360207114,-0.315241994428623,-0.301700835785441,-0.220810517786252,-0.338396566591601,-0.295338618376322,-0.257759795715406,-0.259789883499515,-0.251456297252909,-0.293478375194093,-0.170221959368237,-0.260221390734119,-0.280498603848058,-0.285564957208697,-0.297274834809678,-0.246193191233676,-0.262220162527788,-0.310526034380751,-0.293775015659935,-0.296682235231597,-0.257019748001461,-0.128484537080661,-0.28002845018037,-0.294993643732005,-0.29669818956629,-0.139840327290945,-0.249628747117658,-0.152437280508855,-0.268987894044057,-0.131284013343224,-0.293973074765602,-0.311714773293055,-0.216208480467916,-0.275542837540619,-0.25327753371759,-0.266294883826618,-0.23345190497261,-0.266442045342366,-0.251230332628392,-0.18980256393851,-0.275812290117657,-0.141434574986337,-0.252456055322014,-0.276582577908466,-0.301422771660197,-0.271926019590531,-0.306222270673036,-0.263697970608747,-0.248300497231356,-0.291268636307772,-0.253820212405701,-0.305669761924848,-0.318486887360248
"UI10-00053-Grosse-Fontaine",0.099198854320841,0.127966998933267,0.126255703772426,0.0893106390727741,0.113172857618176,0.113526446684831,0.105579915699445,0.105569744991495,0.0933099803566261,0.0514486011094346,0.0633469222800648,0.0889105166401985,0.0999288790168967,0.101940298304425,0.101391398555804,0.135014774754816,0.084487563583019,0.108991314831551,0.131690210325835,0.127294706110969,0.0970533927314798,0.0789191176246623,0.0872837388537452,-0.00211797097105353,0.0940917133977838,0.121486453589544,0.131176330400783,0.110330847321594,0.0912243781876697,0.1551771137,0.00318497674195023,0.100004382631003,0.104637469592599,0.146604508675079,0.102516515432812,0.107400823143117,0.103101799550198,0.0980380101080121,0.0824965236854559,-0.00867297954740315,0.0776344631222055,0.0972921091347328,0.131624281731765,0.145851060763081,0.115205429302086,0.0914561437194121,0.0932488510255003,0.103300843197214,0.0850169195009718,0.0872432794738812,0.140448472040192,0.124485917048598,0.112362198154279,0.0882559193093714,-0.00816168441581955,0.058119311549573,0.0968561806514305,0.0188188446473347,0.0878502856621229,0.105389204801485,0.0956188867000042,0.103847903008855,0.143087013073098,0.118483892105532,0.0669465741398239,0.10729596401542,0.0778323037559825,0.0122018115011278,0.115110366731156,0.0232521729686984,0.105497587876435,0.127410206721095,-0.0312327028136051,0.0905229099973255,-0.0094938802050559,0.0958064387595775,0.152525790946916,0.0761312461263373,0.115442748819099,0.0856996230676604,0.106852208253939,0.120552983978629,0.152428887246887,0.0822600162159688,0.117402711227665,0.0370620981918229,0.111146439437135,0.142307423896459,0.0695059295208717,0.106761071985676,0.0859688440979203,0.169824736857405,0.102824760304727,0.129353979423628,0.0104651522251326,0.122970817299988,0.117992466534971,0.116765008249142,0.0947453385997605,-0.000967866024306253
"UI10-00056-Huron-Blush",0.0349022701412149,0.0280354635225463,-0.00478630996973165,0.00878359413995074,0.0155922255472869,-0.00977986584995432,0.00495040717352168,0.03148921402417,-0.000472860775469527,0.0293470339967369,-0.00406191828864885,-0.0589257663376266,0.00362901771389485,-0.00275533197430404,-0.00270123094385624,0.00103962081474569,-0.0223577411727675,-0.0412496361224885,-0.0330950392192622,0.0177316863545739,0.028866480254364,-0.00927245512241826,-0.0454614907603368,-0.0183765631937479,-0.00135757047933403,0.0111058544043775,0.01393091186773,0.027895334874438,-0.000657869574339442,-0.00380176964399097,0.00939052204224073,0.0193409963080869,-0.0104705181100145,-0.0311518318212126,0.0233522445699759,-0.00636859086930273,0.0121768067028294,0.0197572288378035,0.00516816572161749,0.00698044237749111,0.00528649544066535,0.0375917915167412,0.0198119546906837,0.0167038543214606,-0.00808178647456814,0.0406056301565358,-0.0143262455299257,-0.00202251859175842,0.0158874476818076,0.024981502702177,0.00973902112836085,0.0130870743006552,-0.00229538765090817,0.00239543102254529,-0.000538654596857709,0.0276360713914974,0.00302526613908946,-0.0196199171828639,0.0559626255695056,-0.0127852241034696,0.0434310288052575,0.00419367671980419,0.0228232122496093,-0.0183372150365005,-0.0309998869748233,0.00310913963612788,-0.0452854609046324,-0.0439932466280317,0.036824015580591,-0.00775783490015458,0.0173915000246975,0.00573447536352029,-0.0105162451828647,-0.0202596878481663,0.0329973811827578,-0.0281850444344175,-0.0265046378881455,0.0461566092167325,-0.0399827339196572,0.0129575003774599,0.0278697609031404,0.0357023635239467,0.011780824664213,0.00384179409530975,0.00416629835503972,-0.00842007844929877,-0.022839978365105,0.00869083555027339,0.00183526557336609,-0.0265485312026263,0.00885113038547209,-0.01637916736702,0.00830506191044167,0.0389630952680165,-0.000531329074891947,0.00645297999553195,0.026837012735951,-0.0514791615057901,0.00720912352500232,0.0157190519764196
"UI10-00057-Huron-Sentinel",-0.385038282811658,-0.497026854238493,-0.352377333208289,-0.415339110675166,-0.320870047549942,-0.3361756682931,-0.393298527102022,-0.374458779568556,-0.370881951728829,-0.364099363281056,-0.357867662204703,-0.376997991812701,-0.408456454986026,-0.329259668248691,-0.385214626740505,-0.356502985513347,-0.308713666363048,-0.393143375637914,-0.389196249443782,-0.413918777939882,-0.352062700290948,-0.209359982482824,-0.353094811506893,-0.353116059337638,-0.412439124323458,-0.260674746505305,-0.271795422847321,-0.310917880028719,-0.292947394302095,-0.347837239839499,-0.227335522987972,-0.347014126619286,-0.368829431053572,-0.309402310121982,-0.353180778904357,-0.350900659616448,-0.366768408498951,-0.276788148532645,-0.265715005861141,-0.354999584091524,-0.351051139308817,-0.370970465173399,-0.254920439173415,-0.386937503667653,-0.359246664720547,-0.346180190988362,-0.349001916736654,-0.430693066921345,-0.3289130347196,-0.475804878031421,-0.253282714485494,-0.352099354613192,-0.36246252273007,-0.399108867732265,-0.356585528341234,-0.38088786856225,-0.344511333958586,-0.345320229237462,-0.31070586365364,-0.357554570236188,-0.341891575244767,-0.358226727273798,-0.366861177823378,-0.379220140082383,-0.366737458612578,-0.372631825056695,-0.330548974265024,-0.373302863921951,-0.393313578687901,-0.380069527414684,-0.387231910296063,-0.361721269402907,-0.397029765352994,-0.364530298960189,-0.461112817401758,-0.368114953147357,-0.321208618778545,-0.400512477905399,-0.33439323483996,-0.24208917581607,-0.346712594044161,-0.367668300513429,-0.370761753096977,-0.238897138315594,-0.327020991637141,-0.349923193190555,-0.338801187100607,-0.450686485866196,-0.339464136016924,-0.293061397638428,-0.363794877488464,-0.346814891976467,-0.344188657989757,-0.379166318399417,-0.366824735889548,-0.342826604861677,-0.394307724485127,-0.322616274114068,-0.337736404216846,-0.386891484613276
"UI10-00060-July",0.162236102506443,0.188380972773015,0.200746743377005,0.188831003480537,0.163073732394059,0.200249762903417,0.189571790040111,0.19977779664447,0.185711369867032,0.193147642075751,0.20074328073582,0.196311036070264,0.188322276100498,0.198992067431956,0.132468584968923,0.179377304478767,0.11915460217566,0.196162761294857,0.158703338734645,0.157546268836791,0.217971154743697,0.246887523874511,0.196478099814464,0.248112100917001,0.209927826269243,0.211404565998331,0.162537046212598,0.161881608956638,0.17621945202594,0.193382858986611,0.202007675976607,0.207519386329501,0.245480212662922,0.207217152503547,0.222144338364842,0.275613241232706,0.191878257412147,0.17998472396727,0.204809183844341,0.239441966192208,0.181466311294562,0.181183591458916,0.130694637241329,0.214273914225837,0.172794262741313,0.252397210386785,0.254021420311366,0.185465128607828,0.183674425861981,0.213777827723465,0.239830127612064,0.164571977790177,0.232458227785842,0.138210258069398,0.221802741449172,0.185222763231501,0.209194314560333,0.177951075587813,0.186449042007612,0.175100924505421,0.191720315269054,0.206240585950474,0.170170071199547,0.208158674021671,0.197045431750118,0.176869451378709,0.152770410463697,0.245058737993628,0.136730708484802,0.244884287302534,0.238454499566184,0.224436158997721,0.210244553558757,0.148613186374211,0.193744283653763,0.159981751091297,0.189866897640319,0.132805814089342,0.182809317101967,0.214572079235734,0.209359913346653,0.217517987936425,0.169819678052456,0.193538342168874,0.197989949019036,0.22935523420711,0.19940851256053,0.205233546719844,0.247412198651379,0.172351868158707,0.144006205995621,0.146881443324859,0.168639640040346,0.204080922780708,0.199294742947098,0.172744680011273,0.190544948200661,0.201484684257347,0.186058271555065,0.16660142774443
"UI10-00061-Kaskade",0.10579350469313,0.0871858729540048,0.14458215032462,0.117189549182817,0.145297363551858,0.137863856598958,0.158037301053344,0.138970210898225,0.112797121898323,0.13458283790862,0.156834153536547,0.147210483232395,0.124111671017599,0.130944843682217,0.121999811109147,0.162036049056279,0.157494407256993,0.128307355160619,0.117298876249161,0.12698368315825,0.138418110481281,0.143072702746363,0.143618300477784,-0.0230652519904894,0.107415017752185,0.129938639955604,0.121765788649495,0.138229813254012,0.116420239673264,0.129848452690233,-0.0180501132630055,0.13301186319047,0.143709748766393,0.140140961915484,0.112051888920411,0.12794113729983,0.152355326081069,0.142950708015604,0.152886878766745,-0.0257322409707321,0.135352425048145,0.134950621287161,0.135629643096629,0.134569741388112,0.132799394834212,0.0961301463497885,0.104310088457182,0.109955147169113,0.103032811448323,0.147496655529011,0.116610043510205,0.141904238750204,0.158621996458415,0.08874100925033,-0.0284481298169205,0.143285401927087,0.147742931273777,0.001570870299963,0.197629506387381,0.132613055930367,0.140989476368146,0.222020126377692,0.135332604747365,0.071685414779653,0.12633137866018,0.120325974180694,0.122581017001507,-0.0100358856073174,0.0976703105207133,0.00302560097992506,0.12850581789901,0.107960226666342,-0.0486090832876971,0.106864120659608,-0.0323453394208221,0.166714801472264,0.129430710021514,0.163187052227765,0.12367061157559,0.1538994976101,0.139843505784724,0.100835583195199,0.114321190767799,0.191843028581715,0.155743439594921,0.0182638488416811,0.138694291247314,0.13088218300834,0.126116099112043,0.0771637727415961,0.0883509454130506,0.12135222792126,0.127661522781503,0.0807525740774055,-0.0216048314458447,0.111453224431899,0.139032777897168,0.0967836762605767,0.109104925164456,-0.0270820691849235
"UI10-00062-Kirk-Alexander",0.216615564027917,0.298231894951257,0.33455466317122,0.267560456102381,0.310326400364016,0.247543235680209,0.265276333784045,0.272015693475645,0.233389029617153,0.289197649385649,0.285209401494714,0.238837908724683,0.250686483488452,0.283739008506661,0.285578006818854,0.293492322407256,0.245734521698482,0.289069160536636,0.2879251354957,0.322044759081214,0.292225410209603,0.23849927198193,0.259410400602484,0.30072078065859,0.192650686032551,0.303506736131761,0.283806957940919,0.256721658348593,0.254870840960196,0.276995654462413,0.356228858344343,0.275775472398319,0.24892885903377,0.245771508930442,0.289139659017874,0.294077219744552,0.259371289653509,0.2736027947365,0.300270712234681,0.314505541269798,0.30903112604696,0.239644465925955,0.212415925828508,0.270866157544998,0.292830232348029,0.277051046043952,0.246555581936767,0.310270713491171,0.280279498614956,0.279994710949957,0.302432639008012,0.244038707175544,0.269182280233292,0.224152834940626,0.241262966271702,0.28012615713611,0.341889127941839,0.275553091165772,0.269008790532585,0.201945368603085,0.304059212022545,0.266654089458465,0.287273574168186,0.302913851361267,0.334110859116596,0.231978047933481,0.248197373714567,0.292410838689115,0.263481242672888,0.276659754088095,0.271048822196309,0.318409818971258,0.304258708015475,0.270440655132415,0.297576759289911,0.293902691331902,0.327832561791883,0.309676481862391,0.291814881154126,0.266255673724515,0.259845991948251,0.305813287702116,0.322633793845368,0.275435771755673,0.360930095293695,0.281379501098522,0.241095480325297,0.284108051293043,0.314566185584986,0.297758067562806,0.276902241802808,0.25787937222036,0.238282178965436,0.270549376577496,0.3021295186254,0.249983447477249,0.340185239715698,0.296102675555149,0.301527837912723,0.270607642146502
"UI10-00063-Kleine-Fontaine",0.0523362799603154,0.0515924910280648,0.0597967534033883,0.0548542563905374,0.113313680553001,0.0870332672277085,0.0651196666902142,0.0619765669267884,0.0771365336963138,0.0967595788447351,0.0694421211129194,0.0533510768606399,0.0801207026568234,0.073920728012853,0.0488257585430904,0.106246390644624,0.0845320297776105,0.0876172219127915,0.0712990880904242,0.0813013056959355,0.0514214276335756,0.0702686477850383,0.0632324974448436,0.0549902490941071,0.0888812269058434,0.0585985083503777,0.058873233687391,0.0571997603657653,0.0681738294110676,0.074274163542316,0.0740164239377088,0.0689269082823895,0.0751277813789877,0.0351745747716667,0.0708353449130188,0.0606863499044507,0.0662321988238559,0.0988131683381856,0.0415766287077336,0.109336935806369,0.0474665695525658,0.0655799829555571,0.0697323116873977,0.0779513079959412,0.0775825792140428,0.0931676643696083,0.0458825884772116,0.0470865640678794,0.0488943166131584,0.0669669800799061,0.033657723578124,0.0581162958327086,0.0724337460045803,0.0909650030553086,0.0730597581996583,0.06944439060801,0.0701508490830971,0.0667024527463715,0.0716193579068475,0.0597434207872784,0.0716869054789517,0.0818451110438596,0.0844940715852894,0.0585457044936149,0.0487977006159692,0.0640005860223407,0.107731980504667,0.0772224742891901,0.0788179580939775,0.0423052634834153,0.0326393653987903,0.060083378850652,0.0936677695130963,0.100323291067157,0.0594989057768886,0.0556860887355367,0.0770335519603932,0.0569981751919682,0.0402668817604183,0.0738291638567215,0.0549424822964574,0.0630539606039268,0.103878041700255,0.0533477716927249,0.0834411380747753,0.0869382193779801,0.0620669301085027,0.0317139464133013,0.0650574082617138,0.0952746987302484,0.0795136858241461,0.0639758468194171,0.0556201226922817,0.0825997686867993,0.0644173268695103,0.0672642269049904,0.0915071544933827,0.0474912492386347,0.0772319472935213,0.0573120127987445
"UI10-00064-Kleine-Silberspinne",-0.25891484988977,-0.0926737837355115,-0.0961797940292112,-0.327845148900868,-0.293582429737209,-0.255843364703848,-0.254904196556297,-0.246920869580983,-0.290618372111567,-0.279605889677888,-0.218170655338895,-0.260020122498858,-0.286911814000493,-0.272653040229657,-0.297654404787816,-0.256429275380335,-0.234308219528282,-0.286300559153317,-0.265369956394339,-0.205757162554113,-0.248012563302143,-0.207924968784198,-0.260726392233931,-0.248716953992707,-0.253123438317054,-0.229664120567635,-0.254730171602742,-0.309649590316374,-0.297914131533482,-0.265793204381722,-0.260009362747741,-0.242049596138505,-0.287412901680343,-0.258771244369593,-0.317818527687704,-0.272623094203236,-0.216890560482004,-0.187539980338844,-0.260697526277264,-0.210481432463295,-0.121900562119379,-0.270660481141406,-0.235732973667046,-0.107915058526477,-0.267628827764155,-0.129550922159709,-0.236366561440415,-0.255943551586171,-0.260684947472266,-0.266693941573668,-0.26976870424671,-0.285398798379519,-0.254311820763263,-0.0893746415128788,-0.28399395345714,-0.24306481255628,-0.281440884020836,-0.269438777449778,-0.275807549563499,-0.269019110121424,-0.250550055710853,-0.267758603429099,-0.317529831489344,-0.098165655887472,-0.254843048689934,-0.294084257021133,-0.241883730169371,-0.301903188083928,-0.306879414315917,-0.241706514492908,-0.308313449671466,-0.304791773713479,-0.300277661135289,-0.266588631472936,-0.238094920869985,-0.270791969273018,-0.126254270901946,-0.261241176743226,-0.272115346237421,-0.2558524954722,-0.316772835924818,-0.254253271088326,-0.258145057725047,-0.265135460492359,-0.284841204738324,-0.237624251424648,-0.315723393480206,-0.270605084986231,-0.245485410760057,-0.28605872199308,-0.258770455117645,-0.281995767833215,-0.231396818616539,-0.343287229528239,-0.240963149163808,-0.30042545267635,-0.259933311864801,-0.243175427744839,-0.278235151099801,-0.270693867041581
"UI10-00066-Little-Nickey",0.067493700287848,0.106579610363402,0.084132384335973,0.0927878418478964,0.073230873736357,0.08226064952873,0.0600100161742692,0.0971660939204524,0.0837358738482649,0.0826483461390619,0.133689624792366,0.0833614118051517,0.0992979491886614,0.0861169095350047,0.0983800629919089,0.0777500432029918,0.0805128898161874,0.0428861169487606,0.0719593771726246,0.0886052294138605,0.0887913590705298,0.0981966468845257,0.125781979036702,0.0704704639308102,0.0768368160362654,0.0997273350699562,0.0898851879178592,0.0859802683624067,0.0533640057401424,0.0763795362271085,0.0910226380627978,0.0950639684397648,0.0885333112717607,0.0741182601309073,0.076507653121005,0.0976279617107011,0.0978100561913773,0.0776496562088752,0.0798077083988229,0.0909000927340182,0.0978064718250831,0.12495150812478,0.0561221481658617,0.133376086147459,0.0833071825802405,0.108096791437071,0.101000626558845,0.107011378787139,0.0837415635701327,0.128740872002418,0.0492470649523663,0.0890609603093024,0.0725948280912949,0.111829474418469,0.0788907167589805,0.107431870368801,0.0872364016003748,0.092347417304687,0.0960283971892894,0.0794493729312892,0.0841323189308944,0.128219146769404,0.0842738940887275,0.105257006484211,0.0694204026217103,0.081535268187133,0.0492463658449481,0.0861032807614667,0.0818840007279306,0.0834799313259923,0.0758901840572063,0.0742677850540026,0.100148931211644,0.0774404642260931,0.0907048383325535,0.0810767229039813,0.0941230122352913,0.112911054362262,0.108443104508965,0.0936595460877338,0.112873567847983,0.0986041504043628,0.116062260809,0.0982258543719059,0.0950659298861512,0.0950954141471098,0.125828635004831,0.0899852088213217,0.084054469388245,0.0768780777194383,0.0991730010605512,0.0403368207716702,0.105044636267324,0.108507446141779,0.0948108074414106,0.0970371020463435,0.0770245638893628,0.0773256496047285,0.0868992505688896,0.089309685237054
"UI10-00071-Morning-Light",-0.059870103256491,-0.0497195981502003,-0.0789214989420469,-0.0423080389509173,-0.0500576251482898,-0.0577677764408165,-0.0646911527322489,-0.0625690468868285,-0.0559288499187859,-0.0709169603604101,-0.0724949362847794,-0.0438570895631647,-0.0532643061379804,0.00953809050189033,-0.0621805600203925,-0.0515434836073191,-0.0143195643973644,-0.0655968951401489,-0.0824919686144365,-0.0633227544780263,-0.0699583707310272,-0.062391219436938,-0.0635565605424954,-0.0438122753821182,-0.0614179032624415,-0.0438299465789726,-0.0177567531603482,-0.0407195284541077,0.0377425368605781,-0.00053213228353687,-0.0909010155261903,-0.0655286310735289,-0.0467436000438542,-0.0853785710110553,-0.0850316623478828,-0.0923982933864166,-0.0576986892928907,-0.0127835127322074,-0.0543965195546932,-0.0665622065254254,-0.108054971307791,-0.0479308199783447,-0.0371793441567081,-0.0999172090262563,0.00583325020855091,-0.0645176517989098,-0.0924839700969811,-0.0646889753929835,-0.0428849396874713,-0.0528365965210893,-0.0597398210977541,-0.0671715636250782,-0.0726562963672929,-0.12136767852358,-0.0678468554372217,0.0398073569832651,-0.0555927937333767,0.0119113174388328,-0.0459215185093091,-0.0447411157012117,-0.0643056604982878,-0.0536488094934253,-0.0449161758982836,-0.050241899068746,-0.102396415484368,-0.0478851561527062,-0.0474590882253385,-0.0426772879114582,-0.0471394234852978,-0.052982215409023,-0.0863073390080235,-0.022763204804171,-0.0610367067933866,-0.0178601831766732,-0.0501004486991455,-0.0392537390996113,-0.0798190840350659,-0.0562004898957024,-0.0523986837455555,-0.0589349037632036,-0.0924452344890685,-0.0665746656153601,-0.0626550953910421,-0.0586685621367527,-0.0557155823267302,-0.0736285326803204,-0.0678928545187821,0.0311082969062404,-0.0578815358553929,-0.0344767062864961,-0.056314056161591,-0.0620645823725672,-0.0672219894267076,-0.0441973358829594,-0.0210346062120455,-0.0564712272908121,-0.0749610463243467,-0.0766756031552489,-0.084741170032646,-0.0584624139103785
"UI10-00072-Mt-Washington",-0.351616896066048,-0.330530937043107,-0.325575702455965,-0.341328848462001,-0.299661574476397,-0.349665233172658,-0.324629741080244,-0.284937967984388,-0.373764640366402,-0.321468524997486,-0.320983845189118,-0.30183808349342,-0.342237999019377,-0.306380713294657,-0.300868623088885,-0.31122841996047,-0.271437854556122,-0.390912467397933,-0.312536614140605,-0.335723906495776,-0.387435675764273,-0.259209056335888,-0.333649595639772,-0.367128792317887,-0.315110763381441,-0.298584362206085,-0.339383652636817,-0.306933608604399,-0.336212934703484,-0.327433294930685,-0.309722295773093,-0.360803512946127,-0.342825876702912,-0.366985243077573,-0.308329217173394,-0.379555558892844,-0.296276073756512,-0.253341730686101,-0.296760769909048,-0.219368866181882,-0.280647154223193,-0.328432702741434,-0.252269445545091,-0.361721892808136,-0.318031649305435,-0.304474507260339,-0.329993840949415,-0.333082569855743,-0.375862427104453,-0.302395178854776,-0.251089605547773,-0.337211713796188,-0.303201832984689,-0.284539038154396,-0.300556136873175,-0.253072264183913,-0.329268286884428,-0.282068695700594,-0.302462004176373,-0.341550425146514,-0.368195302377782,-0.33527216186635,-0.302977763129392,-0.411437007004797,-0.290846937909306,-0.296402552555746,-0.313797547568725,-0.329545939754224,-0.343135779340379,-0.309849075238336,-0.337521304674377,-0.31362111039301,-0.339405989861024,-0.390827407775733,-0.334091802361423,-0.320181948704784,-0.30254192860062,-0.414594277637861,-0.326678257295831,-0.297897096685058,-0.367579432217718,-0.278485734890578,-0.328644954557352,-0.306772042583271,-0.349124773937078,-0.319530871714712,-0.281599649255075,-0.396890846826924,-0.381506394627099,-0.354035504703523,-0.347675949147637,-0.328533674498058,-0.341559382336219,-0.271170745425427,-0.344882926037704,-0.310216462141553,-0.354697009970307,-0.320026982704617,-0.350585578451045,-0.311019016509818
"UI10-00073-Mysterious-Maiden",0.173174999634509,0.175256186315833,0.100002025445619,0.181465071212476,0.191613783797886,0.197691169889703,0.0891863469701712,0.164913822496727,0.146947345085077,0.168924231404199,0.190060728063223,0.225254662600358,0.196928891794128,0.186469555839783,0.105031760588097,0.190259068059119,0.275630364603942,0.1616093798884,0.171624178411332,0.216487651293029,0.181703825649758,0.177400763775217,0.147329057939773,0.205093126797198,0.17610796917408,0.137585124248091,0.201600245949416,0.183994630690833,0.182295209825492,0.231507375575697,0.140388267709277,0.167989891744393,0.155197976940959,0.252408933387982,0.175534487702581,0.183541963176147,0.12686856218251,0.226979806992619,0.164871588969135,0.260620694383812,0.186062231857748,0.186134218483859,0.261907991361239,0.171922764400591,0.188050774620631,0.18422420081127,0.193475131937588,0.182459523429734,0.209282877712165,0.181864520559199,0.227478861750753,0.192268247505162,0.181132311750294,0.216664503378972,0.196218132428609,0.17381815072922,0.219202922109827,0.203708966778359,0.198459762375681,0.204259986401719,0.203887749307465,0.170118417757258,0.212208194459807,0.206244349246068,0.16843797217259,0.173207235849669,0.163613845245926,0.182877446675076,0.194202003583359,0.265821246550107,0.171883247975115,0.179551533303148,0.157143074989729,0.176367809088192,0.291798447722386,0.159028569771004,0.166592048890745,0.21963865292848,0.229819492265519,0.195135097230109,0.16994262186874,0.176105994950464,0.186159823336436,0.18252074303231,0.199480642417634,0.197515064044456,0.172945754465588,0.151818049649266,0.198867669502453,0.201795372813968,0.158316574679765,0.112138986606515,0.238177069009436,0.176625813844197,0.167573698821943,0.156327247260083,0.204193240823272,0.189382507428088,0.162686168966414,0.191908335126685
"UI10-00074-Nippon",-0.0638319224122618,-0.157612133236552,-0.111643260627738,-0.0737111984432355,-0.0906478948561083,-0.092846336161533,-0.159046254722387,-0.138373455941593,-0.112158884225102,-0.0742300994660707,-0.158978220089461,-0.11187383459006,-0.113829822097329,-0.128230321840141,-0.0873715350965283,-0.139623699037451,-0.0680931965057089,-0.137331996532431,-0.110205300809375,-0.074066448718389,-0.0908483419956134,-0.124553529193642,-0.0681854261953279,-0.117579711021752,-0.0898116376863022,-0.163267646645217,-0.106471410380614,-0.0668113926379694,-0.107007342942405,-0.0934665222861207,-0.118057678730041,-0.0986577405777841,-0.146451384153737,-0.144657186663928,-0.134063745409832,-0.11111130288108,-0.11726277235377,-0.0865522715024074,-0.131177406420447,-0.111828467728027,-0.134401323142806,-0.134120606756365,-0.154295493033211,-0.118744403670353,-0.116427372814572,-0.131271377682674,-0.132644402498766,-0.18367196263523,-0.11288487992338,-0.152168022822026,-0.108430846960029,-0.174414454923358,-0.119434262660069,-0.107531375715347,-0.153817691434287,-0.132410539595357,-0.157445158630166,-0.106428359018549,-0.120706739738039,-0.11771523285573,-0.0911399972259134,-0.12035637108777,-0.196410395608387,-0.0973256450363117,-0.12053122953729,-0.0878595284839763,-0.111792953943725,-0.121262460614259,-0.104077763358928,-0.133543774626089,-0.140045872233069,-0.107889549904711,-0.143694980701683,-0.099365650000711,-0.145024088354758,-0.0574520080992483,-0.104382281503846,-0.119064160364886,-0.0837575441458237,-0.113722009655949,-0.139777806422925,-0.102353012074376,-0.113911697239706,-0.15171498342305,-0.142082193346653,-0.120040946808071,-0.102627453157375,-0.117505008118011,-0.116259590437736,-0.110936372164423,-0.1039761121903,-0.140961208610289,-0.127297500725649,-0.103312524927489,-0.147022934542563,-0.0765335275639594,-0.104724688030179,-0.122052313103141,-0.128699420730726,-0.121079697426172
"UI10-00075-November-Sunset",0.0284945536050296,0.0259811206956282,0.0201302789876677,0.00842559317326185,0.0297172547443856,0.029834690939213,0.0169788099245815,0.0256967342085143,0.00730947578996561,0.0231765832949257,0.0181426229725543,0.00628711161619051,0.0091394412212589,0.0091465191949882,0.0157684942569494,0.0124510110895681,-0.00110384365675762,0.00314004788964404,0.0301418640239123,0.0177960324007193,0.0987823806080328,-0.00182298897514051,0.0158097466434134,0.0161072780392771,0.0199231082687925,-0.0543600139400626,-0.00966481434884395,0.00903980371661417,-0.0034917877932871,0.00190928386979851,-0.000708946696192325,0.0766442699813407,0.0276640772157081,0.038166878479419,0.031607096305771,-0.00433884829935247,0.0191236184506203,0.0154084897455869,0.0291886323736035,0.0120553862491957,0.0264593279627589,0.0178423887052476,0.0568635520453686,0.0396451403594026,0.00798681889724995,0.0163447464625583,0.0104889703075732,0.0586305802892068,0.0100124569571085,0.0118541595355043,0.0828657684928076,0.01075020712691,-0.0496514288471507,0.0319059465928039,0.0159288872603604,0.024378922112631,-0.008034871244109,0.0165194522144514,0.0149541166162912,0.0203293735589773,0.0140460574646545,0.0337099222356834,0.0332786893166959,-0.00754090281127154,0.000738271390164932,0.0358920802014243,-0.0170868157907393,-0.049258823477668,0.00549844254254092,-0.0363032136577808,0.00292229431732777,-0.00179284977337821,0.0189894724693336,-0.0189861525043785,0.0160709818444567,0.00657489631696739,0.0348911282490018,0.00618480749182227,0.059743775228789,-0.0506784115312498,-0.00369529008443228,-0.00308407336977207,0.0668115913907781,0.0242170495499995,0.0128714869579905,0.0148981201059314,0.0568939883842406,-0.00904735723112676,-0.0115681566831643,0.0363390699499709,0.0137036543931032,0.0618401323670872,0.07444375017545,0.022710854573918,0.0237136175949149,0.0171840549431862,0.0188033126924873,0.0140532362673416,0.002772310777445,0.0069200872966638
"UI10-00078-Puenktchen",0.135055267573217,0.0476482809394179,0.0789660688098047,0.0655362093623952,0.0581509699009419,0.0725644368874308,-0.209180859993207,0.0856217459755216,0.0674812287362954,0.0705909099597018,0.0596866865115598,0.0590811592109444,0.0660946959938002,0.0846694693624164,-0.218334651456449,0.199999124699263,0.101898144893882,0.11187641087338,-0.23133518785024,0.0871979875661274,0.0482130355863117,0.024999325130554,0.0727866897957267,0.0444833192141791,0.0825811602415047,0.0812612863493765,-0.257329752643145,0.0655769295647456,0.0460969360078449,0.094391319826241,0.0676482331660194,0.0731546898419699,0.0580560641753361,0.108163041898136,0.115377730261974,0.0391753073529435,0.0299069876026722,-0.22305026912121,0.0938541264023079,0.113719255528162,0.0476293690125575,0.0886347697020549,0.202798398821261,0.0566602674536105,0.0854907506540008,0.035269492392821,0.137560124089027,0.0630954062484873,0.10077804346166,0.0788536573634284,0.0664511241859615,0.0846188055196172,0.105636407783081,0.0665563956339704,0.112255820864853,0.0446144446566604,0.0412677819973814,0.0945318393275992,0.0413955270098286,0.0945720804740505,0.0761584491861333,-0.265648256370203,0.0588336022369048,0.0209524766438251,0.0700414021814921,0.0728604921202416,0.0617439962577372,0.0753401708388923,0.0729449098534246,0.137803190255342,0.0686590570656256,0.104994251592379,0.0651632990982143,0.0525025031758103,0.156561145809816,0.065948712434332,-0.238056421971994,0.129350326082332,0.0343358919059629,0.0630968534864041,0.0331861627669035,0.0509383066071219,0.0782918572859089,0.0626813936062185,0.0928091192383238,0.11547274932023,-0.223441083701923,-0.215347533339528,0.0750876992308986,0.067918677779046,0.0391656533099629,0.0721618728937924,0.0961397358984608,0.0794137358928955,0.129672976981888,0.0715487210389385,0.0763108707767034,0.068028272888118,0.0770246325234923,0.0735910386945244
"UI10-00079-Rigoletto",-0.121824130709388,-0.141945440771368,-0.108735350460713,-0.0828510212884025,-0.131645101041697,-0.153615497160205,-0.124790407945866,-0.145368427133682,-0.134883805921209,-0.163463431573586,-0.0480020761518155,-0.176482418857392,-0.126251385751505,-0.13573620810766,-0.121168390170819,-0.132316687352506,-0.13714670575226,-0.130486919409498,-0.0691900557741012,-0.121059420838969,-0.0784092566920679,-0.146690663093199,-0.164890014284365,-0.142656043295348,-0.132071593720793,-0.14710703718517,-0.145949383923948,-0.13928475078823,-0.143922752436921,-0.11137147772421,-0.188637881808076,-0.131219748142242,-0.136577975273136,-0.149752514895107,-0.12873639575421,-0.130787365193042,-0.165406596620896,-0.132226507177089,-0.161044635567289,-0.153319834373096,-0.100634193445307,-0.133800548080698,-0.137177759626432,-0.150012909903868,-0.139329363041775,-0.123755795753134,-0.121495000385372,-0.10766763744019,-0.130925645493889,-0.168940176875499,-0.10797475214805,-0.136350292976845,-0.149948438407488,-0.107837502492619,-0.152451315464966,-0.122382533423505,-0.139119747198539,-0.129569108906102,-0.161615466173552,-0.143426692604432,-0.129453064664477,-0.0648955121613746,-0.13775532835326,-0.118080402188382,-0.179239850472752,-0.128086284173643,-0.167270757896263,-0.118066842324104,-0.0682721257358289,-0.11496014560248,-0.133223830032438,-0.141127522724354,-0.0978731995995656,-0.150128959903371,-0.126373605902744,-0.124705365436747,-0.128762299217507,-0.164608743021842,-0.141234307637895,-0.122930806527072,-0.0543261372772138,-0.140568245638173,-0.111309090924449,-0.176766583361775,-0.102702766763953,-0.13324241150501,-0.118405955853285,-0.167864233343709,-0.126422397631178,-0.0477720547725682,-0.135743559712225,-0.116655607692744,-0.137078324451059,-0.0894532313931666,-0.13135964471238,-0.137271650198555,-0.137362526941314,-0.0958183981044603,-0.159620851462019,-0.146093266542461
"UI10-00080-Roland",0.293662787751944,0.311419498223384,0.279303681674171,0.235801209017138,0.244889690884678,0.379817040181603,0.217589596733307,0.25844716426866,0.282381255500093,0.261267799038823,0.273693414363629,0.254477807107171,0.292179112066128,0.24548777485315,0.311267314923106,0.243866885602991,0.253684674145634,0.256843171784886,0.261523910936394,0.234853458491251,0.228816669634437,0.194878972867664,0.197028578032259,0.186418200832622,0.177427336690355,0.252125591039702,0.298635271322112,0.325757148809917,0.271332949421121,0.229604233007385,0.274351699389094,0.200326766629054,0.26403691005978,0.247643244334877,0.210434193005788,0.221472838760336,0.263991595220263,0.289912753528588,0.227796787649982,0.329460392235283,0.255110073540124,0.270102041104993,0.233141803364355,0.280378579326271,0.248786891321578,0.25871151759473,0.222466441311495,0.186214502167478,0.245757402168027,0.308588365455854,0.172498997863792,0.206944492660676,0.271064716299226,0.235868775066778,0.219990142262142,0.266431860316909,0.259318571972531,0.246528791023597,0.307228535740719,0.238195887325356,0.205125532698605,0.2932559807697,0.203124658345984,0.261196611931039,0.253655584972199,0.202380525730499,0.220973815709793,0.24361938663644,0.209765232807131,0.327715554899415,0.252986115178258,0.26963713337627,0.228480964743605,0.315674981343887,0.356510846621461,0.232210249395168,0.261043453035959,0.291518133946302,0.226473743159416,0.236477649864842,0.24104015416278,0.252757565715727,0.324041496988658,0.268090201491548,0.233853820102464,0.23528860275351,0.23286261078429,0.24161922516627,0.27812245915249,0.306868711910154,0.242460307196851,0.335755288531236,0.289117824747495,0.254211969509043,0.272783260407749,0.234176843641076,0.222229395683201,0.289186512198333,0.275210454424444,0.263643118287517
"UI10-00081-Roter-Pfeil",-0.0322293624623402,-0.127971290241079,-0.190069950691701,-0.0657399341693532,-0.103129696050902,-0.15277543577156,-0.068769439074091,-0.105133939708368,-0.236273890414598,-0.101301266750054,-0.104591957081907,-0.0997613475706101,-0.110856825725608,-0.101927195213521,-0.0867321271809542,-0.102640794329507,-0.223957198518617,-0.0971163205647823,-0.137721890355545,-0.0941485656815841,-0.0492392824114741,-0.111577261283404,-0.099652331082018,-0.11820829069046,-0.21703492494995,-0.221613664360668,-0.0776399493272144,-0.10361325604848,-0.0959856694010776,-0.21991570255421,-0.122576260338942,-0.087420128784239,-0.0815618261959703,-0.0721515880551359,-0.0825061672407065,-0.0278937453859173,-0.0658718921533447,-0.103885090494603,-0.130012333316055,-0.0885947513190419,-0.133352742794411,-0.111782960920733,-0.0772355315126206,-0.0336398588150539,-0.119450239885691,-0.0890621201463747,-0.0311513601449851,-0.263785289035888,-0.0783200682543411,-0.0802084209005486,-0.20435631111124,-0.239657691265515,-0.0789630154655885,-0.0416581923178928,-0.111930003301368,-0.206227102835027,-0.0618179352523503,-0.0868246214753496,-0.129341558143668,-0.10712440248619,-0.0970303283303658,-0.0749559424942927,-0.231302068585082,-0.0993654085923001,-0.0831155173673803,-0.11654455506459,-0.111899393331553,-0.240438006618127,-0.0742973363762508,-0.108820575741763,-0.105682215238805,-0.112772889982504,-0.0801618504463169,-0.0903449480481329,-0.117493677844049,-0.136366137423404,-0.101294107817211,-0.10983840318446,-0.0891794389408783,-0.112124358017827,-0.120590469647772,-0.0441808091859357,-0.115053234374773,-0.0853397148603822,-0.0822616482464358,-0.0663791887784232,-0.126768267503594,-0.109176779204825,-0.0313262588883341,-0.10163643634557,-0.106281529530231,-0.0598295802230051,-0.090979149823572,-0.0906654130967152,-0.0813692808524848,-0.135561935529323,-0.105298029049078,-0.0891825530133487,-0.113847428486402,-0.0965516235225959
"UI10-00082-Rotsilber",0.064762002081022,0.0303223913912056,0.0593582810295616,0.055532621711246,0.0591735319625081,0.0284963526023,0.0550427364609124,0.0560777185565679,0.065197925046335,0.0438299375931037,0.0769917366234851,0.0362351496321176,0.0511329745164892,0.0866666851287545,0.029283897051291,0.0602098323329428,0.0510904893748346,0.0725003316008409,0.0550327559588463,0.0634585294599361,0.08464534618793,0.0573915423779904,0.0598896990912153,0.0638330288889673,0.0590647542775752,0.0681331741543446,0.0218870329072307,0.0612039791225249,0.066075353817104,0.0372477988461565,0.0785833364743973,0.0600460247933187,0.0509778256754928,0.0532405838064827,0.0559664698959027,0.0684755369512548,0.0428742342215655,0.0530787109426939,0.077494695561706,0.0539362655706162,0.0720851866505609,0.0554306127284378,0.0572144540205812,0.0659014237919756,0.05734511883602,0.0625912802708973,0.053715907610488,0.0701111026121305,0.0337758762306163,0.0432832726900019,0.0673370140352376,0.0436097407636726,0.0852353081959373,0.0467662787731789,0.0534949935865081,0.0799827948891468,0.0565565789665296,0.0927681818545801,0.0452572028044093,0.0678866393680572,0.0581182313111868,0.0887722162204475,0.0511334980387876,0.056131765310287,0.0713336887861759,0.0490492940383494,0.0301338334755701,0.0371831222560408,0.0615331799857845,0.0442599476112233,0.0659923075087296,0.0278407583836047,0.0672247041418427,0.0631463360076853,0.0553055669793825,0.0643696082995486,0.0312878119365891,0.0579546889658847,0.0463034860768427,0.0587157116962131,0.0464367376217515,0.0696514152789144,0.0603644178656105,0.0393006600251346,0.0840881501595118,0.0543965190857494,0.0586526137444767,0.0820850087811648,0.0645177499819167,0.0585390957121276,0.0815960847192372,0.0528719721233021,0.0615420696768647,0.106175376599116,0.072331750553754,0.0651546343549257,0.0552755604642093,0.0671351135082357,0.0298751428207675,0.0585469288169531
"UI10-00083-Sarabande",-0.0861424416786563,-0.169064079064997,-0.143661015051797,-0.162048825604716,-0.163781400857386,-0.165520757945926,-0.133538245979206,-0.202863699649304,-0.165361756263692,-0.157241916173783,-0.167149771853463,-0.12614095591286,-0.149362721490681,-0.0896400948261232,-0.181623557478866,-0.167662030409396,-0.181633379275067,-0.177006035378897,-0.179646932084655,-0.118507798811177,-0.163501006989168,-0.158915461139051,-0.164502272369346,-0.144074139390121,-0.157528372482238,-0.143488131121065,-0.167445028326585,-0.159022862824416,-0.187479693396838,-0.18225560090202,-0.173533334619307,-0.165550215796941,-0.155051393886411,-0.150112096675678,-0.165700384594667,-0.150485889464684,-0.15655209217163,-0.171674691085906,-0.0801659025226923,-0.168494006988333,-0.0802973362858305,-0.0866910578101067,-0.152376127790548,-0.157413327248881,-0.192913859401994,-0.208270055665469,-0.170709320251858,-0.14832944707012,-0.182861692873803,-0.217246347610747,-0.216458931382915,-0.185178123155509,-0.190710851374992,-0.168302827542216,-0.144542171634746,-0.130992362088428,-0.0544585824150725,-0.16588409499715,-0.179766192629343,-0.163392465891563,-0.150327568818826,-0.168144337706209,-0.171713920747684,-0.13485644419791,-0.173656485081027,-0.171919162257405,-0.153198569713917,-0.154842035469901,-0.202944676697053,-0.142333869545014,-0.083143399742986,-0.170603360396957,-0.088227039672286,-0.175955191127343,-0.200475857680781,-0.192112675906933,-0.168458547879589,-0.15526551024673,-0.201947925325165,-0.155599353763468,-0.162045503582557,-0.164102012865325,-0.150944636702693,-0.190824736208188,-0.0802878292162403,-0.0889722905369889,-0.16946075390529,-0.174084423915247,-0.171493311561824,-0.190236035535426,-0.15504626446273,-0.211145976655143,-0.151917462490713,-0.169376629112157,-0.179495401474656,-0.177685532250405,-0.170404544378904,-0.167108909359799,-0.189545258745995,-0.168380153110686
"UI10-00084-Silberfeder",-0.170048292534362,-0.216291428622536,-0.144495429546241,-0.16851274118119,-0.141395666797593,-0.16431411440569,-0.101512320718755,-0.185569881221466,-0.195228702063215,-0.206782909412636,-0.177416370396539,-0.151494479156185,-0.151468627256029,-0.185094353308733,-0.141407513677841,-0.173842374530903,-0.188450089973623,-0.146575566853374,-0.173734701695215,-0.162831099111884,-0.181669970246825,-0.130899921164237,-0.142118519264921,-0.155995509062416,-0.144499741713247,-0.161742403017997,-0.193096760017367,-0.148285860156179,-0.167180006534107,-0.190305915780722,-0.169404621847103,-0.186010777878415,-0.180177845164913,-0.174121200919228,-0.118472239690474,-0.170554200781408,-0.151991255884222,-0.168297484364262,-0.13966471993632,-0.189310720013582,-0.0733867097210455,-0.172852824996229,-0.118974196976531,-0.147744282294588,-0.17486731585885,-0.160449977647078,-0.17243549503728,-0.188357387111218,-0.163827734518663,-0.105056401632874,-0.165859505363051,-0.150945576101827,-0.190554897181231,-0.182032870022382,-0.154709927492058,-0.163376368006779,-0.174939737602813,-0.181706947277214,-0.161893624638333,-0.125178396760211,-0.0896550905321103,-0.152620414484657,-0.155097897518753,-0.177061389188449,-0.181363054194445,-0.164539720228259,-0.149431488760042,-0.192220244175402,-0.17403690529953,-0.158802347563716,-0.190389694351963,-0.157084172981031,-0.111239490667984,-0.165037411918769,-0.162443029844717,-0.166005655331255,-0.159264900284594,-0.146943645883724,-0.139296644837465,-0.171297213597958,-0.140185876446033,-0.170674937715186,-0.122270013298196,-0.149969833463835,-0.173516661905042,-0.17012619477596,-0.134647915078553,-0.145607141355474,-0.145190188647151,-0.181527571008433,-0.160103349475694,-0.171678950240883,-0.142554799417255,-0.163450940882566,-0.124324610602133,-0.173162381840558,-0.184802266154535,-0.102996601559874,-0.165956100619742,-0.171730016629978
"UI10-00085-Silberfeder",0.198657109318754,0.171304858659907,0.184059814715374,0.206610378900324,0.214826538763672,0.100537741957377,0.101330996640378,0.151522094467334,0.181511507807388,0.197802780508484,0.180496475902826,0.22277145199252,0.201161470870463,0.159260606204346,0.0808730888981392,0.184272395622332,0.217382782057748,0.215803554949354,0.163561991290093,0.201123748277831,0.282589392297055,0.2079179454122,0.215880359527733,0.187793523336543,0.180299665388577,0.206604390914503,0.179358602352692,0.240046090672683,0.226691372042068,0.188238034737678,0.124341420166627,0.189505798791642,0.187208110213973,0.251362245232703,0.151295020220201,0.18225238323505,0.162016024863525,0.180338066455136,0.226422807419787,0.146669112001762,0.193371390051331,0.131764677768499,0.219493031277142,0.172929149501679,0.21806192670177,0.169521864990899,0.184651202314425,0.138111423170758,0.189047150906368,0.171657078884986,0.180014710903277,0.253358938302052,0.18009806463147,0.211195239174608,0.194453624444599,0.185679965392309,0.186084868749836,0.19044660241863,0.190946354641359,0.214295496765662,0.0890427064939658,0.191716775306626,0.183358003751723,0.182225778646259,0.200990242772969,0.192705570964032,0.177143926951605,0.18321825750179,0.175029721900561,0.218398578761531,0.21445222710863,0.22328735745181,0.171049045693205,0.19338447292936,0.0812130657357258,0.187328398914286,0.198736609721628,0.176427985208448,0.176954328007712,0.138730019621752,0.171659686617423,0.243749475826639,0.179562666553541,0.178659955176995,0.190445857111186,0.19056543609114,0.175786741752692,0.134653903759214,0.21470050346109,0.161120785173009,0.202807347064977,0.239557031785794,0.255402504427928,0.165092244945076,0.184018365055748,0.185300342732574,0.191366135124288,0.158853422806015,0.183547754766306,0.192732117237044
"UI10-00086-Silberfeil",-0.103300074200972,-0.104198806190688,-0.106123854617824,-0.117588064644295,-0.120359285354138,-0.106370166264464,-0.0936283124441439,-0.0837664961919233,-0.0961621808939356,-0.0957543358940779,-0.101380381266983,-0.0439046529531947,-0.0694180601512355,-0.0971414877821476,-0.111367705515869,-0.0930091479012911,-0.104205323039486,-0.0793735833572794,-0.134835664729757,-0.0958860251554537,-0.0887523796401167,-0.120958953465994,-0.0913469639024618,-0.0923455864282917,-0.0808916865659485,-0.107922913946655,-0.0748428830694204,-0.115443371270992,-0.109672407136625,-0.114803685714803,-0.0846164203342996,-0.0978168370829827,-0.084725492567171,-0.105872666026391,-0.0949510332760353,-0.0878780304800985,-0.118186098327965,-0.119912725778748,-0.108226823582299,-0.0929360540222111,-0.057108808871949,-0.0965994435096133,-0.085099878533888,-0.0808720090112543,-0.120658292434254,-0.112815563962163,-0.0556872099866647,-0.117941981402409,-0.121272800278615,-0.115645509743866,-0.0529170506320127,-0.0573771041211725,-0.103305893340092,-0.108689370701804,-0.0879630917868488,-0.114690719056322,-0.100617663132293,-0.145533807267995,-0.108664118462836,-0.0810262136089838,-0.112166617869978,-0.109205763394636,-0.120399032032526,-0.0960770933447154,-0.118212404938226,-0.117624084430016,-0.123412052542612,-0.0349167978110154,-0.118039436570974,-0.046242611122423,-0.106944177012312,-0.102300770115554,-0.113658172965873,-0.128037455669508,-0.0961264289764133,-0.129357169304349,-0.0862495337859769,-0.107756327310696,-0.0946152155397176,-0.0731670050147333,-0.155636488675137,-0.117445065350992,-0.114977614976199,-0.108384930091242,-0.0985044596756713,-0.111305050150058,-0.0973716523913011,-0.117410267942933,-0.10980776373866,-0.099457603348214,-0.105506364612229,-0.134257569022015,-0.109625727736858,-0.117107435677618,-0.10528891913923,-0.0458795332905184,-0.111006131821106,-0.0983313659285688,-0.119130513678508,-0.138854174082822
"UI10-00087-Silberspinne",-0.0425986554949172,-0.0634641283838358,-0.0397070293388528,-0.0491607538086852,-0.0613049258870052,-0.00761059880392711,-0.0840385696455267,-0.0615302087190932,-0.0632024846230187,-0.0612220940292976,-0.0585037747213862,-0.0765247058050024,-0.051885708590016,-0.0376414133270568,-0.0320513798266848,-0.067009083447303,-0.0615318878887991,-0.0580076921780363,-0.0479447243783271,-0.100915569423757,-0.0775876640540112,-0.0465001150144897,-0.0339914943761978,-0.0759618899135809,-0.0311866109111176,-0.108941531542045,-0.0195779964789876,-0.0315639366970163,-0.0717480586932192,-0.0484172373281592,-0.0415610618164851,-0.0618876930406076,-0.0595621836655075,-0.0680221901763333,-0.0487220628049412,-0.0606936009218543,-0.0664258898202171,-0.0571383974874039,-0.0638039998099798,-0.0449023094291493,-0.0571776045960034,-0.0602618444343365,-0.103179797188163,-0.0489121168529889,-0.0287626508695968,-0.0558009311198434,-0.0466178660483571,-0.00243094110115049,-0.0203420018668014,-0.121492828197603,0.0184551250539512,-0.0317125806488926,-0.044167744516174,-0.00205305367665866,-0.0550946907989677,-0.0565164788468483,-0.0709137069690205,-0.0288961612814182,-0.0916205704313193,-0.059911871944047,-0.0426280038571129,-0.0635650616697462,-0.0469650232372509,-0.0186417821697523,-0.0420687660937892,-0.123290907998034,-0.0468175428999167,-0.0604659790024997,-0.0520434051538853,-0.0421030337300039,-0.0432299951672459,-0.0378100101574436,-0.0456634274275926,-0.0469159802065501,-0.0692136454802588,-0.107046338051227,-0.0711942637648559,-0.0215950682567755,-0.0443063819733388,-0.0686993131475297,-0.0214690855785036,-0.0479679897355742,-0.0379325406087616,-0.072447550266707,-0.0561225651642046,-0.0431046017561714,-0.042446222000389,-0.0902137401776329,-0.0467197808260244,-0.0405880582312463,-0.0584547778649401,-0.0793711705780759,-0.0423516055501951,-0.0703738728039121,-0.0673022264549791,-0.0453189225643074,-0.0549245136972725,-0.0414350996872685,-0.0474693891636417,-0.0143330652897314
"UI10-00088-Silberturm",0.137620016490425,0.141412528445077,0.106839018983896,0.149476768379376,0.144775883454981,0.0442818959621518,0.123938611188615,0.146627038574828,0.123717710427668,0.12204350433719,0.13503535817711,0.115817845544684,0.152047306295408,0.153068134803213,0.138413382403045,0.134552478211746,0.129907353466926,0.130973648180962,0.138145852520108,0.139169395911185,0.117756264665568,0.118383571564693,0.119072049017137,0.335081662242811,0.120342746014763,0.120631598669242,0.130138105101899,0.105207186900714,0.133313070720706,0.138318750755757,0.140528899168355,0.133467526792951,0.144430024019942,0.0153094552846887,0.104443511357478,0.135718270384366,0.111263934283604,0.133848015930103,0.120908804523133,0.116556162491097,0.137888578167455,0.13712166072555,0.13893869186111,-0.00207783659765492,0.141516792720703,0.12775119028687,0.130697281933022,0.121369110079941,0.139684192900499,0.136998356446015,0.382549362168485,0.129836008992987,0.146236054308648,0.123175766096049,0.0200491416879439,0.142120882689987,0.116014430786358,0.115582088409193,0.139803389839011,0.0384430727970492,0.130120508942383,-0.00560060988001096,0.125766519091953,0.0215449453381502,0.470559128960961,0.143134960259958,0.136380273139482,0.142329426798167,0.111042718908589,0.119531662717044,0.132781183391487,0.0260339492055089,0.139777296785551,0.1352271184463,0.115881455711829,0.136273146786955,0.130010375484279,0.149632012893791,0.117421956007244,0.115479929597594,0.0349225807905949,0.14734697065009,0.122635185738301,0.153335728015914,0.122872310398511,0.0173640599001232,0.0382999195810669,0.124972126099212,0.00288066764068258,0.118199650439315,0.36958069396625,0.113826768570209,0.150983150560623,0.13812393240145,0.155645633752361,0.140993651107657,0.136397756416574,0.400295330571699,0.138007015767623,0.142209216877106
"UI10-00089-Sirene",-0.357754015246996,-0.350632084166048,-0.216331944950466,-0.309137025520793,-0.373245532463994,-0.313473367249277,-0.335489317345812,-0.347452336095896,-0.259807905810929,-0.359544157033054,-0.323748856273969,-0.315259660961852,-0.338615170811997,-0.352458629779652,-0.334189286785274,-0.3806869869913,-0.244316341391808,-0.356912596620428,-0.333846031510291,-0.310552054196254,-0.322328451107043,-0.349237320662045,-0.321827347445804,-0.355079819842282,-0.239718958159964,-0.24837023827888,-0.32521101101749,-0.334221209858303,-0.349941529846514,-0.246180058602845,-0.330110674096162,-0.352566815112506,-0.350696475965115,-0.3602587645272,-0.357171716184999,-0.35609405166328,-0.332480156803426,-0.341103482063819,-0.347351564310175,-0.327070661676933,-0.350595970657011,-0.338809681929188,-0.347006994834781,-0.323535832810665,-0.323600913319453,-0.350560030382537,-0.363830314806794,-0.288039390463404,-0.346254511714765,-0.351502905665744,-0.229211425734522,-0.264507593350385,-0.325911024539724,-0.330952727212178,-0.338769346282995,-0.230161628639963,-0.359357891560276,-0.367973215759111,-0.359458862122279,-0.349914187866628,-0.33864115357975,-0.348748456123515,-0.258103441620198,-0.327178474419234,-0.408625559752269,-0.338829973154324,-0.347848623971514,-0.262884331258863,-0.351224409741509,-0.31682937306187,-0.323884892801328,-0.325827498627204,-0.325794726404318,-0.336907448720859,-0.344466311599114,-0.341970665996756,-0.344751738708334,-0.320112361737582,-0.331867131373723,-0.334234517190392,-0.358693863748972,-0.350008436678828,-0.332053650779422,-0.33200063503292,-0.325624233695759,-0.348786584796678,-0.342334369470239,-0.345505126762039,-0.349269840500269,-0.316283554039874,-0.323211925740419,-0.344885994589672,-0.328399380881019,-0.35707078405397,-0.346039034226058,-0.32747777252617,-0.339096973243432,-0.338079755349557,-0.309858652270422,-0.320829034707183
"UI10-00092-Strictus",0.122192384647547,0.194111350509904,0.110901978547446,0.144202174106042,0.14054029621804,0.153964250275493,0.0717588080770672,0.175432896133229,0.146079072590846,0.169580088012712,0.207835109747348,0.139164851703974,0.162918178618623,0.155374792537491,0.148253304586482,0.288434834164371,0.205039866345133,0.178704898960891,0.0808821209523114,0.134616064287799,0.155516404371214,0.165565652618601,0.146116730872812,0.193911915564061,0.192684452184058,0.211070108423127,0.181220105095582,0.168070858500727,0.153728580152401,0.179802489339291,0.167513261313018,0.17565637139286,0.163755642227296,0.120105241387031,0.119489304352535,0.142638252273454,0.119207356728893,0.176532340375136,0.210758367234071,0.178594433640496,0.153578285351009,0.202830257231932,0.096520366090602,0.179900757141023,0.159794231910529,0.195846078103068,0.161702374242078,0.158708498234214,0.015553131715301,0.114472855937369,0.179402785805545,0.113893791135418,0.154015680887254,0.128917951028818,0.0963470772425195,0.177193398491305,0.143465787800032,0.153564266567979,0.150382483978431,0.172973700830559,0.116423016892726,0.0970252963443826,0.156539781772155,0.161068466902707,0.133173565847114,0.203973578500652,0.130358262348301,0.170412089892525,0.177636812506288,0.0636764725340195,0.132481002760488,0.130521108069856,0.131552208085784,0.174225718315013,0.113714075582625,0.13729897953996,0.156416371914557,0.204437070674639,0.147029531405404,0.163402632228131,0.205833281468894,0.149060628652609,0.152637792319396,0.22128268084445,0.0450433361622918,0.146315732523577,0.154106024502142,0.139901627669462,0.187770492749285,0.0948914687098241,0.105436897356705,0.168659583614235,0.15920276032152,0.128418317179413,0.197199228363367,0.194731716923998,0.197058202035857,0.169460840313497,0.191821062090536,0.150782195760069
"UI10-00094-Super-Stripe",0.0566087389571817,0.056003998144839,0.0814872130752109,0.0437584287027882,0.0623893575668958,0.0550885212123046,0.0578233350916378,0.0622254830598924,0.0544332824512086,0.0551893265993917,0.039490052367558,0.103747339847137,0.0346624998818702,0.0722392404968096,0.0667656256967184,0.0577661843044533,0.0244524625840517,0.0919332874342705,0.0567638194242288,0.0767086382608849,0.0506618762459226,0.0872102995691522,0.0671347099102384,0.00784691285953048,0.00593841879238675,0.0196741290901138,0.0774660201179834,0.0699898843799645,0.0565189292437683,0.0685409765996397,0.0309711576585587,0.0684845908582648,0.0723969783841073,0.0272127430311439,0.118874149056551,0.0532360016100708,0.00429447174318659,0.0467716275755245,0.0645190360051145,0.0249783383862797,0.0390373914835809,0.0502688938185669,0.061744004478852,0.0382978658401998,0.0704476387487197,0.0328249941179669,0.064724219440986,0.0476201908334511,0.0722117361834055,-0.00832804328358003,0.0350448263672356,0.052676396070876,0.0509970174756537,0.0715030663369009,0.0377404520607108,0.0425632791045431,0.0427903922431859,0.0455867885954811,0.0721804728537292,0.053054519651928,0.0830570885404799,0.0375170532276915,0.0798254008725957,0.0653111785955115,0.0380854275306139,0.0585596646508049,0.0975559077402364,0.0486560233167319,0.0584059871408557,0.0476105405684257,0.0606716612362278,0.0491232570435678,0.0789280375799291,0.104990218887878,0.095333080227919,0.062008558574976,0.04213263354998,0.0654381166057893,0.0404168187310834,-0.00218859466165003,0.052418769553176,0.0647419472838926,0.0592805625116831,0.0562211580806128,0.0569097285243238,0.0458779427799232,0.0690276965433605,0.0462422608515272,0.0592685745281104,0.0757130254389132,0.0741681302896459,0.0334720921219278,0.0541234266009537,0.0201279440876621,0.0183575160842763,0.0750536041103534,0.0643782259978607,0.0603792435093526,0.0971315125152531,0.0353885671084328
"UI10-00096-Undine",-0.212113120969358,-0.160442736613261,-0.155223716154272,-0.213926150660677,-0.211354929279334,-0.157800637153358,-0.168891608728752,-0.183292840690592,-0.186346191402328,-0.179823968141187,-0.170516066923708,-0.13881130591036,-0.215033338579524,-0.16487645089509,-0.15022151879314,-0.160891450047339,-0.204940344128877,-0.164188560874587,-0.167893099417483,-0.175015925654296,-0.192073957560095,-0.193462774125341,-0.191981712171813,-0.175005831281386,-0.200426723445844,-0.172313464879873,-0.145262901931214,-0.202028380876579,-0.168433839420789,-0.172762966223618,-0.183119389058104,-0.152666046224795,-0.174458148762552,-0.174366847894235,-0.17618238602347,-0.205797961077101,-0.211747933383009,-0.193505380407931,-0.184952156513132,-0.172086257309709,-0.195556441561861,-0.176233669035248,-0.189431160628214,-0.188168572212082,-0.147979793641052,-0.193855076848388,-0.183332948140502,-0.180794294732031,-0.204783807943172,-0.152782050965151,-0.200191621689323,-0.169362092979005,-0.20397479425572,-0.174951021018052,-0.167812290735277,-0.166518916636427,-0.164866361441107,-0.140582046802978,-0.175389459026177,-0.197066927507023,-0.198775203616524,-0.181291471333537,-0.22361862576903,-0.145447284820047,-0.17154813612311,-0.176639772842029,-0.189576092356345,-0.190847782265046,-0.194990606685758,-0.177930377320316,-0.169791743469376,-0.185056587633941,-0.165102222311715,-0.189681020906321,-0.196864222917648,-0.224938424590172,-0.180816021450858,-0.182576558352638,-0.179407576095409,-0.205551726582871,-0.189761775206934,-0.151741970799888,-0.210773297135323,-0.214185700971276,-0.194571729408578,-0.141042941189169,-0.180477772204926,-0.219008298674325,-0.163912825897059,-0.202452147040596,-0.192619523914572,-0.173095454504289,-0.177342964819184,-0.171339533802137,-0.0933288476170651,-0.209471782693077,-0.194594106702285,-0.163644891680615,-0.162455561693221,-0.197079164299819
"UI10-00097-Variegatus",-0.137981133599532,-0.145039341952175,-0.153402727634807,-0.134065901004652,-0.160816758992173,-0.147247803319131,-0.14136685184341,-0.146021841990056,-0.141792008574491,-0.207451800107036,-0.14207409272568,-0.149734951801485,-0.161988469068422,-0.15333133952193,-0.155901391459746,-0.149774522547428,-0.158872874278376,-0.161632558071331,-0.161452321326165,-0.103909394636509,-0.141170541748278,-0.141737614328,-0.138738356456896,-0.105697373097422,-0.137498938978612,-0.138838585568215,-0.103955897094898,-0.165201553101621,-0.13842929980461,-0.147608655266494,-0.176952697877145,-0.123063666173312,-0.104709843003412,-0.148687545272127,-0.145961824105245,-0.13501109195878,-0.145566529913102,-0.148490748774592,-0.139041301859223,-0.147866136663946,-0.149545549986028,-0.153578884441869,-0.146013154937323,-0.113901797365968,-0.152550744940836,-0.159728873791002,-0.117157690922251,-0.113296519175444,-0.156893954760966,-0.144495249180531,-0.158774108818948,-0.153384891642176,-0.134085350102805,-0.153193919228201,-0.123875523381166,-0.09806365168873,-0.158114792780822,-0.134329087351614,-0.138928345715727,-0.148770231720049,-0.132061119919534,-0.206978132773447,-0.149481747901541,-0.174891425459516,-0.186414503388449,-0.136550626820333,-0.126188620457925,-0.127592679019203,-0.129914574591284,-0.100639724158284,-0.16749423410839,-0.154014955496042,-0.135214696176871,-0.151249416981581,-0.163522626503103,-0.120090335096037,-0.121420190490155,-0.131912620720199,-0.142799053011996,-0.137093418734376,-0.190382223451849,-0.15471944176605,-0.126408100291974,-0.107226432390586,-0.143664254683861,-0.177315594057447,-0.136237627087373,-0.14072140044071,-0.145268311824414,-0.149904031263043,-0.176662174106712,-0.102402098710311,-0.149300626497949,-0.14390114484968,-0.128861198741299,-0.138641727479599,-0.162992239797115,-0.0845440821160029,-0.145154087980664,-0.151291356491246
"UI10-00099-Wetterfahne",0.00678583085753731,0.0292263884202645,-0.00813029309149607,0.0268766689921555,0.00619075899741881,-0.0291579888097692,0.00497478099704549,0.00647841008116607,0.00114379312486312,-0.0136625406958943,-0.0473619706221175,-0.00344617572908379,0.029602233899133,-0.00702603713319099,0.0394483417292874,-0.0149617687950965,0.017213940993209,-0.0417987698148434,0.00688454502692482,-0.000260149048225843,-0.0362608619281766,-0.0424311381786921,-0.0275466793710182,-0.0143704033089433,0.0179310961776198,0.00763372513476535,0.0357909203558164,-0.0211643778397919,-0.0116970560207954,-0.0124934834426822,-0.00965901376960551,-0.00508520634542853,-0.0172824860683176,-0.0294103117294257,-0.00753997589355335,-0.00145152588216075,0.0203789713779844,0.000389699696023935,-0.0098890430095942,0.0352748656284427,-0.0263854230535729,0.00952565968541898,0.0216248170684889,0.0105600224151325,-0.00937294840968668,0.0012906091107868,0.026246279068595,0.025067376066702,-0.0237555737737772,-0.00117629825443446,-0.048531268806909,-0.00530611621285871,0.00856227265136216,-0.0179743088893642,-0.0328596997703069,0.0261980317473451,0.0145347376181625,0.0025000015900016,-0.0142780577771806,0.0190677820557942,-0.0159051862149368,0.00284063126126981,-0.000582781006088498,0.0263588134522484,-0.0154043797349505,-0.0430761761715,0.00286114067340887,-0.0614370922736987,-0.0109672478614058,-0.00464659129627049,0.0256877715194659,0.000906380774149143,0.00883667585266725,0.0161063882807098,0.0384212971126945,0.0108199987606014,0.0115426495518835,-0.0340512463893004,0.0200441554774542,0.0327286980738467,0.0265421073969041,-0.00676554753897562,0.0199554940319836,0.015082765442424,0.00744879311799161,0.0262750209190561,-0.00568369219962089,-0.026051720296486,-0.0374583069219809,-0.000396400380108027,0.0127494784510494,-0.0187956508491738,0.00174570200686487,0.000399064826470973,-0.0209783609363454,0.0103391960860009,-0.00129861727415625,0.0179892361671472,0.0149132685902364,0.0322493334160009
"UI10-00101-Yaku-Jima-Dwarf",-0.40343424902733,-0.388013183008772,-0.371736591689221,-0.332303606954828,-0.343733146753469,-0.272509421714779,-0.392637422911649,-0.369876671993625,-0.354642908910917,-0.371973417871964,-0.31333800467471,-0.342420590697685,-0.345040511219987,-0.289295269833795,-0.38151207834141,-0.35651246725025,-0.245597346334708,-0.292962819861291,-0.236453254503328,-0.341947716701152,-0.305997446922489,-0.345879825386535,-0.325265117380088,-0.356190389507506,-0.277544752197736,-0.314479631240009,-0.369785262053002,-0.226528136160626,-0.356081968574813,-0.343987984066795,-0.299611522938183,-0.398289016123528,-0.373813943060058,-0.349605565191327,-0.390083151364782,-0.343773346095463,-0.333008866702613,-0.383190941457506,-0.358260470161291,-0.408435129079148,-0.355803107757496,-0.324345744748532,-0.318680297264538,-0.272924240336276,-0.293849275966229,-0.452555500402826,-0.29381983555518,-0.359211478669011,-0.348189907097566,-0.332169979184974,-0.403350336975025,-0.345935995016759,-0.421584171721975,-0.349009150984888,-0.321369819226367,-0.401543843263596,-0.351800201350423,-0.283965498219957,-0.366171951213876,-0.348087968656285,-0.346152309190161,-0.358228771208258,-0.318020369503834,-0.393915187998779,-0.369794783228373,-0.245342998482447,-0.322694361534518,-0.366583958406374,-0.389045621195726,-0.448530026714083,-0.427715619984731,-0.421654051652697,-0.288746294524559,-0.313276326950943,-0.265110891169474,-0.250495468460445,-0.394086427610666,-0.407534862740186,-0.286747275351147,-0.294631258964608,-0.380555227965168,-0.389804963060326,-0.300373357728848,-0.324949033459004,-0.243715762265003,-0.40555093379627,-0.366508232623038,-0.291852662152988,-0.355170578962538,-0.356517950517039,-0.226652859853137,-0.360132846599453,-0.352843282983232,-0.342040972549898,-0.398681246149989,-0.350718681912219,-0.371437344800344,-0.33187039581154,-0.293392899723137,-0.353394144979318
"UI10-00102-Zebrinus",0.262952505788914,0.237404538097578,0.194171590066541,0.223110211566302,0.243460182379256,0.258843251480606,0.23472947286153,0.297063233914214,0.236246021705826,0.274348178613689,0.199921993211994,0.261760745216384,0.256448201110419,0.235296612365577,0.218169698522612,0.198352858901487,0.216584719195857,0.198773267194093,0.268042972004782,0.208959203931469,0.244270264745809,0.200929082089837,0.21017176965549,0.213643265758371,0.207435098552025,0.238943059551299,0.215632098054105,0.256174793760452,0.214776444843343,0.190244581531329,0.210060803462425,0.206818026901997,0.241119670393467,0.240513049073235,0.248423651233276,0.232266437903722,0.211165846489302,0.265904763423163,0.260655569783615,0.204599223553259,0.220071802325496,0.301145716636969,0.219395489722031,0.219872689562722,0.2650881399836,0.294818038719911,0.226885776762256,0.238824223387627,0.212878234555457,0.221203156546809,0.175129573685406,0.257482507733646,0.246743309515292,0.225743029367131,0.261144445924226,0.248519171107474,0.236231074327551,0.219174776887101,0.204376071776939,0.244903303998001,0.254119545092386,0.236911553750406,0.20562348110896,0.29490441908986,0.205158695865491,0.22566657937553,0.212906901331519,0.236002339064945,0.239444976419245,0.255470072220417,0.231123164796077,0.227975136320985,0.183577872373136,0.278089274728823,0.22707719663422,0.257452268213746,0.257705137492139,0.213602785460735,0.246298980637195,0.209311500046857,0.248694101786483,0.201226914977595,0.270469236950812,0.227872997265846,0.199317228277498,0.235547724657261,0.251165363961323,0.230333506532446,0.236465177005901,0.186922269534331,0.221990269244684,0.177217577378627,0.251238258232042,0.219232918462833,0.23574139726228,0.218011473797275,0.252523378773403,0.202269477779257,0.237815065573952,0.238687826739726
"UI10-00104-Zwergzebra",-0.240518979012289,-0.215254851728378,-0.204290274783367,-0.254099177832128,-0.233896127964562,-0.267620881782824,-0.247385467338224,-0.245813501310031,-0.259166369473815,-0.224031280827536,-0.212811591359288,-0.227622689137063,-0.224038161763338,-0.258498388169149,-0.237555574415504,-0.21873087908415,-0.229093981620521,-0.256635847138221,-0.234663256592812,-0.222619571128496,-0.207924780920821,-0.246998867777047,-0.235327648011221,-0.210357344842837,-0.214745946384889,-0.21497337804704,-0.221065724297761,-0.247955373946768,-0.220966465054824,-0.206770488015473,-0.229326331409675,-0.230779009642147,-0.207465922418358,-0.216331275224165,-0.238097652374138,-0.223872331062098,-0.237625902108536,-0.133687460021896,-0.209992653074582,-0.238990519608208,-0.243062976463502,-0.215640399378811,-0.232650520934632,-0.187509208512121,-0.237635947900138,-0.249434891767324,-0.267330723800282,-0.2279218863874,-0.235955975258518,-0.224920187226566,-0.23738942989601,-0.261662496904061,-0.216735922971859,-0.245084951267771,-0.229438314066588,-0.2250688538371,-0.228282730568549,-0.20395806572902,-0.243591257386375,-0.261927452551199,-0.234994022135765,-0.228730806090239,-0.235200476921401,-0.228884619234076,-0.229980182203552,-0.221429488557387,-0.248112327666688,-0.234271681217277,-0.228851924539768,-0.240636021947512,-0.234491318997722,-0.227047085022341,-0.224710775262824,-0.234790647941395,-0.257981437084085,-0.223691143916295,-0.236151838217303,-0.20796950189651,-0.235489382897381,-0.253967679127352,-0.22302495962972,-0.247550464963317,-0.239817255502593,-0.234141724137541,-0.249335858144013,-0.222499557258098,-0.250934449562605,-0.228555848515266,-0.236102048791987,-0.201178023901236,-0.233881863227258,-0.231031297437677,-0.261845766754064,-0.224457406623544,-0.219280542877253,-0.242413988820685,-0.220694260044297,-0.223783327110104,-0.226733272348134,-0.213225706134964
"UI10-00106-transmorrisonensis",0.177949037783838,0.210445712753309,0.178239619779065,0.210478202390901,0.243856668395403,0.156830140745034,0.253301449613383,0.213628986762847,0.208204049387592,0.170447018317182,0.223387793001261,0.232209123298558,0.210895819642305,0.217168226522333,0.214813816526084,0.237558031149202,0.250267857157899,0.206170466631261,0.193380271529492,0.238975300377519,0.231206779940918,0.234371519290538,0.22171227756047,0.233397806209201,0.233855314934295,0.174388304705443,0.206247141516486,0.174136115377157,0.230402141728737,0.183275681646851,0.196359566924519,0.199759511400808,0.206253413794229,0.23627924200309,0.174610697674649,0.228907579478554,0.21166051310402,0.21683816862331,0.195867142614014,0.231610713306288,0.235132493585604,0.222315196791258,0.242378911546629,0.217681875328882,0.233314613602536,0.260292132963536,0.188644314108702,0.192073152780357,0.228194431904523,0.242992261354057,0.177920131388661,0.242754898918972,0.231000536596949,0.237014970327363,0.147279479403873,0.223617076087971,0.160082809978112,0.224916276722802,0.19779097523407,0.241445748626671,0.20543154519244,0.1547629887384,0.249649286008795,0.20555044675131,0.193487202448969,0.197606539092979,0.225535665423439,0.18292403198051,0.227947443663012,0.215410626995234,0.229088362085667,0.214690275631417,0.23856868120286,0.159664452300988,0.225607847168245,0.174853697176204,0.199284936803009,0.212661611007784,0.249570588402303,0.167431692705745,0.231347759171742,0.190295816357179,0.237662398419454,0.232503337929291,0.174147681584942,0.234063312814942,0.204396341184181,0.242427370163085,0.217312470995041,0.200444158730698,0.211705662917359,0.218462660395306,0.230074267525328,0.228251081409055,0.215192040519183,0.205683799201068,0.235172060343241,0.207003107043046,0.16873357971498,0.232167674530524
"UI11-00009-Positano",-0.143151015711679,-0.130757028129982,-0.103583883126688,-0.147634026061798,-0.102374158718933,-0.144540758984968,-0.110290602759763,-0.164140504166801,-0.126023937258532,-0.138640656035023,-0.121020890078156,-0.129268194973888,-0.13789237448846,-0.130605332357443,-0.129194116583567,-0.131263118384779,-0.154599517935368,-0.165134587170989,-0.184463948331165,-0.159084587586083,-0.0874806043643994,-0.138020966465372,-0.122019874597708,-0.12488342379198,-0.235767779927644,-0.133080131870684,-0.128952822194939,-0.158869655636451,-0.0978852258066875,-0.191898424636153,-0.145887209361681,-0.149561388176933,-0.0886042677257753,-0.149630371231417,-0.149737022397248,-0.166270970325911,-0.156614207433068,-0.162282612070276,-0.132669221331792,-0.0800892933989259,-0.130447982687144,-0.14246956565392,-0.172509566054022,-0.0716598844786013,-0.126236415566037,-0.144311747605495,-0.0899567583855801,-0.143858898803069,-0.144576476355568,-0.131264668931678,-0.139235603994206,-0.157795039315123,-0.153723929959729,-0.109485906502842,-0.0811797404161157,-0.123814498987058,-0.116329484718878,-0.142825782250893,-0.104207066823938,-0.179975833937908,-0.129362070976624,-0.120573004542514,-0.184478617559437,-0.11798803668236,-0.190766533712812,-0.153953804783752,-0.167295779048486,-0.134772437431092,-0.167994318451434,-0.133605293064327,-0.207885709853787,-0.151910645671393,-0.172796960675877,-0.153852888099971,-0.149436368651855,-0.128528824501696,-0.13053113510691,-0.120421702952787,-0.137871193154483,-0.149636331501694,-0.126605326911474,-0.111935193921692,-0.190721648878167,-0.218205243581888,-0.118415782746647,-0.127273548041419,-0.152655425011628,-0.136773115081739,-0.110382445992215,-0.211465361696174,-0.0193694564449251,-0.117393862801538,-0.10959910065777,-0.164690582437529,-0.158055915257334,-0.12301489113657,-0.15217453487621,-0.149060684812522,-0.200012900879746,-0.122992219371949
"UI11-00024-Flamingo",0.103706748730578,0.111225659519105,0.122990109832369,0.116882722740041,0.112863639575359,0.134954059501024,0.11158819040934,0.116692274550002,0.111434550353318,0.0858072115722709,0.0975665232549255,0.111883491802774,0.126234663817728,0.138317309715749,0.142422914557145,0.115811653916861,0.0789771289155867,0.0963996221786377,0.127668880406506,0.0895843182215859,0.0947790527044342,0.122536114480227,0.0923758551007934,0.0955847563228851,0.100332551106882,0.122136488850411,0.120067237357306,0.114172689058304,0.122629949586965,0.089173621973441,0.0784951515938864,0.091080204895533,0.121734862231557,0.119133346029094,0.112795760483158,0.178955681202647,0.0958655353102896,0.113680189050249,0.0913538956941656,0.119666040686049,0.11213078816556,0.114021987025415,0.0903910228504948,0.107407688287947,0.10154741374128,0.123152381611987,0.103008388609544,0.0814207129817102,0.12395190525027,0.0961277429280211,0.10960070767947,0.104346721416488,0.159903706887863,0.116511916286619,0.136935875362179,0.104740195240697,0.109607572338846,0.135580284710843,0.115817119836007,0.131729261253765,0.0763572966264086,0.102127172383883,0.117410549887162,0.148348382947827,0.102965609479162,0.157409170010006,0.127692296599966,0.107089419979116,0.105097647952724,0.112378079726945,0.132744872199728,0.117633484816262,0.112815157784411,0.115711545226772,0.125639368074004,0.103249131046976,0.131918936286894,0.113074594211735,0.110077219504729,0.0762121648153925,0.096277176406603,0.0957982112817705,0.0935190781493609,0.091888142734074,0.144922439637226,0.129670877312235,0.102446943940045,0.107835649848186,0.107147365180598,0.12132991126858,0.133351944005043,0.0779321074131946,0.108811344968722,0.0881396470350613,0.114876698587183,0.11138369087179,0.125196716420462,0.102201294406297,0.115315648188663,0.09419335507857
"UI12-00001-Zwergelefant",-0.190277663090871,-0.187122914500079,-0.172935027641964,-0.198539920752084,-0.183455800485409,-0.195095690556941,-0.177776161412037,-0.177797770753663,-0.193537414201843,-0.15795965606916,-0.196520930048892,-0.169646077204273,-0.175328028451455,-0.180294008767676,-0.211015212016618,-0.180739653025131,-0.169470861627261,-0.170426674512246,-0.157460859126731,-0.203657101911362,-0.176973971126012,-0.190449144181823,-0.1729343206868,-0.166811809140767,-0.178330777918612,-0.19086708607779,-0.204970594786443,-0.157325050200851,-0.209284557312484,-0.168223342549366,-0.176781686727393,-0.188513732834785,-0.162913873653278,-0.171145366350394,-0.192538184671696,-0.173830292978776,-0.199685591601801,-0.113411255954698,-0.171756320592893,-0.18005014747636,-0.192735669698097,-0.185604983937045,-0.179144366681263,-0.150890905171248,-0.20672811521842,-0.183679143269655,-0.178505952729063,-0.192870214934087,-0.198576295242093,-0.187380474449232,-0.193812762799696,-0.152779607287394,-0.181274961876998,-0.172749912556595,-0.177478228244678,-0.181945203495543,-0.17872275391923,-0.211264090038124,-0.187766053677792,-0.157714534093038,-0.179070127839763,-0.188102833438733,-0.197797255829028,-0.191607673182027,-0.176208352364594,-0.184617679288468,-0.166214327420652,-0.184774664306679,-0.184262092098359,-0.17868485496713,-0.188769025643713,-0.176556300578883,-0.163512855934431,-0.185108589626206,-0.162975715282846,-0.17553913136823,-0.192377924542438,-0.175406287827963,-0.203213045238855,-0.193304081917811,-0.167374028800609,-0.179581649695784,-0.181189601336278,-0.187471767976461,-0.185166219514875,-0.177460260922019,-0.193619558310726,-0.164233629209846,-0.184605477731272,-0.168136824570188,-0.168629698964071,-0.197729739145385,-0.189656770327456,-0.163434051036187,-0.179103164815894,-0.195212715292602,-0.165256032013384,-0.168838574082529,-0.183230071954464,-0.17514059322461
"UI12-00002-Malepartus",0.177133773902611,0.10426971523567,0.173786136388598,0.181596773560464,0.143105710049999,0.125794107247278,0.104146963531084,0.13786206276004,0.149005847697349,0.132726567244459,0.140948914912211,0.154869438689894,0.152840319877892,0.125401486211679,0.102677119249682,0.126060468984716,0.171977587203576,0.169018858105204,0.142130241730034,0.114064933162131,0.153679278983384,0.178777708720489,0.136951169878449,0.149887519544548,0.108909210642959,0.166047429128848,0.165450956878376,0.147413981521959,0.146494646033295,0.154564765680149,0.151783436613215,0.149586831798293,0.155227201397178,0.153702689898457,0.11890728337795,0.163141366010766,0.110635448016457,0.142649839324095,0.146353323691986,0.113282129933318,0.132582084951416,0.161018170540454,0.129726120839261,0.167519543836061,0.156908439393386,0.129822335863896,0.160024413791775,0.166807963944284,0.118834953102213,0.149415906225898,0.159375401456136,0.153767780377591,0.152463722280617,0.171255584946024,0.13425603397059,0.131755541591623,0.15206827550666,0.183523278540124,0.161319267222997,0.149059777237394,0.123142948071123,0.138519699319664,0.133974653165533,0.117647880274301,0.14421497566217,0.165176647523888,0.15765172987235,0.179166509824045,0.144937966412708,0.120576527842896,0.140717987532842,0.172999259739147,0.167458363955196,0.152778252378298,0.0890043970146819,0.158598271974835,0.179785935537005,0.135154952535329,0.181870916465464,0.152511470270345,0.146899494268173,0.134896489511173,0.131076548488409,0.137977752985245,0.124172893810216,0.136566523567492,0.159656757449637,0.175127013671421,0.166273250894045,0.162759889123973,0.169748025704865,0.187855739064243,0.150786084081305,0.156779022722029,0.164568381137212,0.13425134993262,0.162925153742348,0.14857025914348,0.209231052364855,0.138036536349719
