Individual,DAPC.group,Latitude,Longitude,Korea.N.China,Yangtze.Qinling,Central.Japan,North.Japan,SE.China,South.Japan,Msa,Sichuan,Entry1,group,Entry,plot.1,Rep,Year,CmDW,Cml,CmD_BI,CmD_LI,CmN,Bcirc,CCirc,Yld
CANE9233,SE China/tropical,23.7,120.96,0,0,0.022,0.001,0.8,0.005,0.092,0.08,M. sinensis  'US47-0011',M. sinensis,77,596,4,2017,3.517778552,188.403428,2.005655162,2.276075012,5.199409038,23.1721343,NA,8.250248679
CANE9233,SE China/tropical,23.7,120.96,0,0,0.022,0.001,0.8,0.005,0.092,0.08,M. sinensis  'US47-0011',M. sinensis,77,315,2,2018,2.683966017,143.8197279,1.95136981,1.504124822,4.934534906,24.06881789,4.948547102,8.972267725
CANE9233,SE China/tropical,23.7,120.96,0,0,0.022,0.001,0.8,0.005,0.092,0.08,M. sinensis  'US47-0011',M. sinensis,77,95,1,2017,NA,69.67372225,1.662233692,1.42465052,NA,22.28161638,NA,7.797864738
CANE9233,SE China/tropical,23.7,120.96,0,0,0.022,0.001,0.8,0.005,0.092,0.08,M. sinensis  'US47-0011',M. sinensis,77,315,2,2017,2.636233901,135.1437213,1.662233692,0.897233238,5.069207882,NA,NA,8.368536041
CANE9233,SE China/tropical,23.7,120.96,0,0,0.022,0.001,0.8,0.005,0.092,0.08,M. sinensis  'US47-0011',M. sinensis,77,377,3,2017,NA,182.5686791,1.898648307,1.555303408,4.650105857,22.22034329,NA,8.369865351
CANE9233,SE China/tropical,23.7,120.96,0,0,0.022,0.001,0.8,0.005,0.092,0.08,M. sinensis  'US47-0011',M. sinensis,77,377,3,2018,3.124844812,139.0636209,2.108089548,1.886027801,NA,22.22034329,5.236229174,9.101053066
CANE9233,SE China/tropical,23.7,120.96,0,0,0.022,0.001,0.8,0.005,0.092,0.08,M. sinensis  'US47-0011',M. sinensis,77,596,4,2018,3.271360821,143.5400691,2.125994282,1.931837304,5.199409038,23.34420566,5.121818823,9.119476663
CANE9233,SE China/tropical,23.7,120.96,0,0,0.022,0.001,0.8,0.005,0.092,0.08,M. sinensis  'US47-0011',M. sinensis,77,95,1,2018,1.909307407,126.1729303,1.674403247,1.420674264,NA,NA,NA,NA
DC-2010-001 A,US naturalized,38.939,-77.049,0.046,0.01,0.302,0.077,0.044,0.489,0.016,0.017,DC-2010-001 A,M. sinensis,1,247,2,2017,0.995945046,78.20628298,1.228654698,1.026397857,2.431354221,13.48609704,NA,2.295619376
DC-2010-001 A,US naturalized,38.939,-77.049,0.046,0.01,0.302,0.077,0.044,0.489,0.016,0.017,DC-2010-001 A,M. sinensis,1,503,3,2017,0.896992295,110.1525829,0.893404964,0.28414238,2.431354221,14.3320989,NA,1.74349245
DC-2010-001 A,US naturalized,38.939,-77.049,0.046,0.01,0.302,0.077,0.044,0.489,0.016,0.017,DC-2010-001 A,M. sinensis,1,536,4,2018,1.202156441,105.3634612,1.397773023,0.978179,2.431354221,13.48609704,2.890371758,4.214941889
DC-2010-001 A,US naturalized,38.939,-77.049,0.046,0.01,0.302,0.077,0.044,0.489,0.016,0.017,DC-2010-001 A,M. sinensis,1,247,2,2018,0.741511974,106.4908017,1.224080304,0.727467461,2.114445816,12.27608585,1.871802177,3.265416259
DC-2010-001 A,US naturalized,38.939,-77.049,0.046,0.01,0.302,0.077,0.044,0.489,0.016,0.017,DC-2010-001 A,M. sinensis,1,115,1,2018,0.921222747,115.7800944,1.433920935,0.902782268,2.431354221,10.70484862,2.054123734,2.629944158
DC-2010-001 A,US naturalized,38.939,-77.049,0.046,0.01,0.302,0.077,0.044,0.489,0.016,0.017,DC-2010-001 A,M. sinensis,1,115,1,2017,NA,75.08055499,0.422358856,0,2.431354221,10.87592695,NA,1.74349245
DC-2010-001 A,US naturalized,38.939,-77.049,0.046,0.01,0.302,0.077,0.044,0.489,0.016,0.017,DC-2010-001 A,M. sinensis,1,536,4,2017,0.473482815,86.14871424,0.880395113,0.23877105,2.971203683,12.27608585,NA,1.642255208
DC-2010-001 A,US naturalized,38.939,-77.049,0.046,0.01,0.302,0.077,0.044,0.489,0.016,0.017,DC-2010-001 A,M. sinensis,1,503,3,2018,0.805917355,96.61591102,1.351407462,0.786831499,2.431354221,13.73526989,2.014903021,3.313564381
DC-2010-001 E,US naturalized,38.939,-77.049,0.021,0.016,0.303,0.073,0.043,0.528,0.007,0.008,DC-2010-001 E,M. sinensis,2,177,2,2017,0.784797806,81.61256911,1.405216642,0.897233238,3.207211175,14.09761029,NA,1.998509172
DC-2010-001 E,US naturalized,38.939,-77.049,0.021,0.016,0.303,0.073,0.043,0.528,0.007,0.008,DC-2010-001 E,M. sinensis,2,373,3,2017,1.461889877,102.5437617,1.228654698,0.372842075,2.971203683,14.78556143,NA,4.311226649
DC-2010-001 E,US naturalized,38.939,-77.049,0.021,0.016,0.303,0.073,0.043,0.528,0.007,0.008,DC-2010-001 E,M. sinensis,2,177,2,2018,NA,NA,NA,NA,NA,NA,NA,NA
DC-2010-001 E,US naturalized,38.939,-77.049,0.021,0.016,0.303,0.073,0.043,0.528,0.007,0.008,DC-2010-001 E,M. sinensis,2,89,1,2018,0.968407919,97.46329931,1.332475955,0.996804811,2.431354221,13.73526989,2.197224577,3.249366736
DC-2010-001 E,US naturalized,38.939,-77.049,0.021,0.016,0.303,0.073,0.043,0.528,0.007,0.008,DC-2010-001 E,M. sinensis,2,663,4,2018,NA,NA,NA,NA,NA,NA,NA,NA
DC-2010-001 E,US naturalized,38.939,-77.049,0.021,0.016,0.303,0.073,0.043,0.528,0.007,0.008,DC-2010-001 E,M. sinensis,2,89,1,2017,0.626555599,81.89626177,1.228654698,0.459040834,2.971203683,13.48609704,NA,3.864329085
DC-2010-001 E,US naturalized,38.939,-77.049,0.021,0.016,0.303,0.073,0.043,0.528,0.007,0.008,DC-2010-001 E,M. sinensis,2,663,4,2017,NA,NA,NA,NA,NA,NA,NA,NA
DC-2010-001 E,US naturalized,38.939,-77.049,0.021,0.016,0.303,0.073,0.043,0.528,0.007,0.008,DC-2010-001 E,M. sinensis,2,373,3,2018,1.432324098,101.5564044,1.469274277,1.070457412,2.714342776,14.44734746,2.525728644,4.698758873
KY-2009-001-B(20)-b,US naturalized,37.803,-83.663,0.029,0.018,0.32,0.079,0.041,0.5,0.004,0.01,KY-2009-001-B(20)-b,M. sinensis,5,141,1,2018,NA,NA,NA,NA,NA,NA,NA,NA
KY-2009-001-B(20)-b,US naturalized,37.803,-83.663,0.029,0.018,0.32,0.079,0.041,0.5,0.004,0.01,KY-2009-001-B(20)-b,M. sinensis,5,550,4,2017,NA,NA,NA,NA,NA,NA,NA,NA
KY-2009-001-B(20)-b,US naturalized,37.803,-83.663,0.029,0.018,0.32,0.079,0.041,0.5,0.004,0.01,KY-2009-001-B(20)-b,M. sinensis,5,345,3,2017,NA,NA,NA,NA,NA,NA,NA,NA
KY-2009-001-B(20)-b,US naturalized,37.803,-83.663,0.029,0.018,0.32,0.079,0.041,0.5,0.004,0.01,KY-2009-001-B(20)-b,M. sinensis,5,276,2,2018,NA,NA,NA,NA,NA,NA,NA,NA
KY-2009-001-B(20)-b,US naturalized,37.803,-83.663,0.029,0.018,0.32,0.079,0.041,0.5,0.004,0.01,KY-2009-001-B(20)-b,M. sinensis,5,276,2,2017,NA,NA,NA,NA,NA,NA,NA,NA
KY-2009-001-B(20)-b,US naturalized,37.803,-83.663,0.029,0.018,0.32,0.079,0.041,0.5,0.004,0.01,KY-2009-001-B(20)-b,M. sinensis,5,550,4,2018,NA,NA,NA,NA,NA,NA,NA,NA
KY-2009-001-B(20)-b,US naturalized,37.803,-83.663,0.029,0.018,0.32,0.079,0.041,0.5,0.004,0.01,KY-2009-001-B(20)-b,M. sinensis,5,345,3,2018,NA,NA,NA,NA,NA,NA,NA,NA
KY-2009-001-B(20)-b,US naturalized,37.803,-83.663,0.029,0.018,0.32,0.079,0.041,0.5,0.004,0.01,KY-2009-001-B(20)-b,M. sinensis,5,141,1,2017,NA,NA,NA,NA,NA,NA,NA,NA
KY-2009-001-B(20)-e,US naturalized,37.803,-83.663,0.024,0.017,0.34,0.066,0.05,0.486,0.004,0.012,KY-2009-001-B(20)-e,M. sinensis,6,551,4,2018,2.40050616,159.1803847,1.697392551,1.586136074,3.207211175,13.09986142,3.701301974,6.231743712
KY-2009-001-B(20)-e,US naturalized,37.803,-83.663,0.024,0.017,0.34,0.066,0.05,0.486,0.004,0.012,KY-2009-001-B(20)-e,M. sinensis,6,358,3,2017,1.13406735,111.5601316,1.329168771,0.897233238,2.714342776,11.20768244,NA,3.110766166
KY-2009-001-B(20)-e,US naturalized,37.803,-83.663,0.024,0.017,0.34,0.066,0.05,0.486,0.004,0.012,KY-2009-001-B(20)-e,M. sinensis,6,324,2,2017,NA,NA,NA,NA,NA,NA,NA,NA
KY-2009-001-B(20)-e,US naturalized,37.803,-83.663,0.024,0.017,0.34,0.066,0.05,0.486,0.004,0.012,KY-2009-001-B(20)-e,M. sinensis,6,358,3,2018,2.7159984,163.6416883,1.996680527,1.824328445,2.714342776,13.73526989,3.737669618,6.5939809
KY-2009-001-B(20)-e,US naturalized,37.803,-83.663,0.024,0.017,0.34,0.066,0.05,0.486,0.004,0.012,KY-2009-001-B(20)-e,M. sinensis,6,161,1,2018,NA,NA,NA,NA,NA,NA,NA,NA
KY-2009-001-B(20)-e,US naturalized,37.803,-83.663,0.024,0.017,0.34,0.066,0.05,0.486,0.004,0.012,KY-2009-001-B(20)-e,M. sinensis,6,324,2,2018,NA,NA,NA,NA,NA,NA,NA,NA
KY-2009-001-B(20)-e,US naturalized,37.803,-83.663,0.024,0.017,0.34,0.066,0.05,0.486,0.004,0.012,KY-2009-001-B(20)-e,M. sinensis,6,551,4,2017,2.327075087,146.3360382,1.662233692,1.186639666,3.207211175,13.39023322,NA,3.864329085
KY-2009-001-B(20)-e,US naturalized,37.803,-83.663,0.024,0.017,0.34,0.066,0.05,0.486,0.004,0.012,KY-2009-001-B(20)-e,M. sinensis,6,161,1,2017,NA,NA,NA,NA,NA,NA,NA,NA
KY-2009-001 C,US naturalized,37.803,-83.663,0.02,0.02,0.327,0.064,0.035,0.524,0.004,0.006,KY-2009-001 C,M. sinensis,3,302,2,2018,NA,NA,NA,NA,NA,NA,NA,NA
KY-2009-001 C,US naturalized,37.803,-83.663,0.02,0.02,0.327,0.064,0.035,0.524,0.004,0.006,KY-2009-001 C,M. sinensis,3,159,1,2017,1.036227566,94.35528206,1.395906695,0.416238758,3.630709444,15.53496627,NA,4.880738172
KY-2009-001 C,US naturalized,37.803,-83.663,0.02,0.02,0.327,0.064,0.035,0.524,0.004,0.006,KY-2009-001 C,M. sinensis,3,302,2,2017,NA,NA,NA,NA,NA,NA,NA,NA
KY-2009-001 C,US naturalized,37.803,-83.663,0.02,0.02,0.327,0.064,0.035,0.524,0.004,0.006,KY-2009-001 C,M. sinensis,3,159,1,2018,1.075350582,108.4629206,1.313315313,0.921768497,2.971203683,13.3590726,2.140066163,3.147337679
KY-2009-001 C,US naturalized,37.803,-83.663,0.02,0.02,0.327,0.064,0.035,0.524,0.004,0.006,KY-2009-001 C,M. sinensis,3,623,4,2018,NA,NA,NA,NA,NA,NA,NA,NA
KY-2009-001 C,US naturalized,37.803,-83.663,0.02,0.02,0.327,0.064,0.035,0.524,0.004,0.006,KY-2009-001 C,M. sinensis,3,391,3,2017,0.836975981,90.39585222,1.329168771,0.372842075,2.714342776,13.48609704,NA,2.564600984
KY-2009-001 C,US naturalized,37.803,-83.663,0.02,0.02,0.327,0.064,0.035,0.524,0.004,0.006,KY-2009-001 C,M. sinensis,3,623,4,2017,NA,NA,NA,NA,NA,NA,NA,NA
KY-2009-001 C,US naturalized,37.803,-83.663,0.02,0.02,0.327,0.064,0.035,0.524,0.004,0.006,KY-2009-001 C,M. sinensis,3,391,3,2018,0,74.7962366,0.748651638,0.210460617,2.114445816,10.35128898,1.791759469,2.253986728
KY-2009-001 D,US naturalized,37.803,-83.663,0.041,0.017,0.329,0.077,0.054,0.453,0.015,0.015,KY-2009-001 D,M. sinensis,4,498,3,2017,0.763333509,89.54683697,1.228654698,0.437712346,3.426120123,16.89654353,NA,5.873858682
KY-2009-001 D,US naturalized,37.803,-83.663,0.041,0.017,0.329,0.077,0.054,0.453,0.015,0.015,KY-2009-001 D,M. sinensis,4,633,4,2018,NA,NA,NA,NA,NA,NA,NA,NA
KY-2009-001 D,US naturalized,37.803,-83.663,0.041,0.017,0.329,0.077,0.054,0.453,0.015,0.015,KY-2009-001 D,M. sinensis,4,498,3,2018,0.954425518,100.5688033,1.224080304,0.921768497,2.714342776,17.07853486,4.051784948,6.675719607
KY-2009-001 D,US naturalized,37.803,-83.663,0.041,0.017,0.329,0.077,0.054,0.453,0.015,0.015,KY-2009-001 D,M. sinensis,4,56,1,2018,NA,NA,NA,NA,NA,NA,NA,NA
KY-2009-001 D,US naturalized,37.803,-83.663,0.041,0.017,0.329,0.077,0.054,0.453,0.015,0.015,KY-2009-001 D,M. sinensis,4,209,2,2017,NA,NA,NA,NA,NA,NA,NA,NA
KY-2009-001 D,US naturalized,37.803,-83.663,0.041,0.017,0.329,0.077,0.054,0.453,0.015,0.015,KY-2009-001 D,M. sinensis,4,633,4,2017,NA,NA,NA,NA,NA,NA,NA,NA
KY-2009-001 D,US naturalized,37.803,-83.663,0.041,0.017,0.329,0.077,0.054,0.453,0.015,0.015,KY-2009-001 D,M. sinensis,4,209,2,2018,NA,NA,NA,NA,NA,NA,NA,NA
KY-2009-001 D,US naturalized,37.803,-83.663,0.041,0.017,0.329,0.077,0.054,0.453,0.015,0.015,KY-2009-001 D,M. sinensis,4,56,1,2017,NA,NA,NA,NA,NA,NA,NA,NA
NC-2010-001-009,US naturalized,35.534,-82.547,0.031,0.016,0.258,0.042,0.039,0.596,0.005,0.014,NC-2010-001-009,M. sinensis,100,604,4,2017,0.747001558,126.7340687,0.981405162,0.859527611,2.971203683,11.20768244,NA,2.370149007
NC-2010-001-009,US naturalized,35.534,-82.547,0.031,0.016,0.258,0.042,0.039,0.596,0.005,0.014,NC-2010-001-009,M. sinensis,100,604,4,2018,1.565378894,137.94394,1.284130787,1.088664565,2.971203683,12.55896511,3.496507561,5.849720007
NC-2010-001-009,US naturalized,35.534,-82.547,0.031,0.016,0.258,0.042,0.039,0.596,0.005,0.014,NC-2010-001-009,M. sinensis,100,130,1,2017,NA,NA,NA,NA,NA,NA,NA,NA
NC-2010-001-009,US naturalized,35.534,-82.547,0.031,0.016,0.258,0.042,0.039,0.596,0.005,0.014,NC-2010-001-009,M. sinensis,100,500,3,2017,NA,NA,NA,NA,NA,NA,NA,NA
NC-2010-001-009,US naturalized,35.534,-82.547,0.031,0.016,0.258,0.042,0.039,0.596,0.005,0.014,NC-2010-001-009,M. sinensis,100,500,3,2018,NA,NA,NA,NA,NA,NA,NA,NA
NC-2010-001-009,US naturalized,35.534,-82.547,0.031,0.016,0.258,0.042,0.039,0.596,0.005,0.014,NC-2010-001-009,M. sinensis,100,130,1,2018,NA,NA,NA,NA,NA,NA,NA,NA
NC-2010-001-009,US naturalized,35.534,-82.547,0.031,0.016,0.258,0.042,0.039,0.596,0.005,0.014,NC-2010-001-009,M. sinensis,100,249,2,2018,NA,NA,NA,NA,NA,NA,NA,NA
NC-2010-001-009,US naturalized,35.534,-82.547,0.031,0.016,0.258,0.042,0.039,0.596,0.005,0.014,NC-2010-001-009,M. sinensis,100,249,2,2017,NA,NA,NA,NA,NA,NA,NA,NA
NC-2010-001-010,US naturalized,35.534,-82.547,0.025,0.014,0.277,0.044,0.039,0.58,0.005,0.015,NC-2010-001-010,M. sinensis,101,442,3,2017,1.872871805,169.4924624,2.154845406,1.806583777,4.177589711,17.94921018,NA,5.554168699
NC-2010-001-010,US naturalized,35.534,-82.547,0.025,0.014,0.277,0.044,0.039,0.58,0.005,0.015,NC-2010-001-010,M. sinensis,101,122,1,2017,NA,NA,NA,NA,NA,NA,NA,NA
NC-2010-001-010,US naturalized,35.534,-82.547,0.025,0.014,0.277,0.044,0.039,0.58,0.005,0.015,NC-2010-001-010,M. sinensis,101,334,2,2017,1.935479938,125.6117283,1.329168771,1.008201351,3.426120123,16.1386678,NA,6.609734166
NC-2010-001-010,US naturalized,35.534,-82.547,0.025,0.014,0.277,0.044,0.039,0.58,0.005,0.015,NC-2010-001-010,M. sinensis,101,442,3,2018,0.730463147,120.2770859,0.907840911,0.584963163,3.630709444,18.99677047,3.970291914,6.030247353
NC-2010-001-010,US naturalized,35.534,-82.547,0.025,0.014,0.277,0.044,0.039,0.58,0.005,0.015,NC-2010-001-010,M. sinensis,101,584,4,2018,1.951903181,125.6117283,1.442832217,0.921768497,4.00495146,18.28087623,3.817712326,6.740773216
NC-2010-001-010,US naturalized,35.534,-82.547,0.025,0.014,0.277,0.044,0.039,0.58,0.005,0.015,NC-2010-001-010,M. sinensis,101,334,2,2018,1.995607678,122.2431667,1.203538337,1.420674264,3.426120123,16.71168585,3.828641396,6.823075735
NC-2010-001-010,US naturalized,35.534,-82.547,0.025,0.014,0.277,0.044,0.039,0.58,0.005,0.015,NC-2010-001-010,M. sinensis,101,584,4,2017,1.988789658,136.8240278,1.33887613,0.859527611,3.426120123,18.28087623,NA,6.769214395
NC-2010-001-010,US naturalized,35.534,-82.547,0.025,0.014,0.277,0.044,0.039,0.58,0.005,0.015,NC-2010-001-010,M. sinensis,101,122,1,2018,NA,NA,NA,NA,NA,NA,NA,NA
NC-2010-001.5-B(18)-a,US naturalized,35.55,-82.567,0.03,0.012,0.222,0.021,0.05,0.643,0.008,0.014,NC-2010-001.5-B(18)-a,M. sinensis,98,630,4,2017,NA,NA,NA,NA,NA,NA,NA,NA
NC-2010-001.5-B(18)-a,US naturalized,35.55,-82.567,0.03,0.012,0.222,0.021,0.05,0.643,0.008,0.014,NC-2010-001.5-B(18)-a,M. sinensis,98,183,2,2018,NA,NA,NA,NA,NA,NA,NA,NA
NC-2010-001.5-B(18)-a,US naturalized,35.55,-82.567,0.03,0.012,0.222,0.021,0.05,0.643,0.008,0.014,NC-2010-001.5-B(18)-a,M. sinensis,98,443,3,2018,NA,NA,NA,NA,NA,NA,NA,NA
NC-2010-001.5-B(18)-a,US naturalized,35.55,-82.567,0.03,0.012,0.222,0.021,0.05,0.643,0.008,0.014,NC-2010-001.5-B(18)-a,M. sinensis,98,443,3,2017,NA,NA,NA,NA,NA,NA,NA,NA
NC-2010-001.5-B(18)-a,US naturalized,35.55,-82.567,0.03,0.012,0.222,0.021,0.05,0.643,0.008,0.014,NC-2010-001.5-B(18)-a,M. sinensis,98,149,1,2017,1.125831455,130.0995827,1.299683783,0.859527611,2.431354221,12.27608585,NA,5.022035513
NC-2010-001.5-B(18)-a,US naturalized,35.55,-82.567,0.03,0.012,0.222,0.021,0.05,0.643,0.008,0.014,NC-2010-001.5-B(18)-a,M. sinensis,98,630,4,2018,NA,NA,NA,NA,NA,NA,NA,NA
NC-2010-001.5-B(18)-a,US naturalized,35.55,-82.567,0.03,0.012,0.222,0.021,0.05,0.643,0.008,0.014,NC-2010-001.5-B(18)-a,M. sinensis,98,183,2,2017,NA,NA,NA,NA,NA,NA,NA,NA
NC-2010-001.5-B(18)-a,US naturalized,35.55,-82.567,0.03,0.012,0.222,0.021,0.05,0.643,0.008,0.014,NC-2010-001.5-B(18)-a,M. sinensis,98,149,1,2018,1.607144573,152.4824216,1.520897375,0.883702045,2.971203683,14.67404326,4.007333185,6.2835333
NC-2010-001.5-B(18)-b,US naturalized,35.55,-82.567,0.02,0.007,0.271,0.019,0.043,0.629,0.003,0.006,NC-2010-001.5-B(18)-b,M. sinensis,99,422,3,2017,NA,NA,NA,NA,NA,NA,NA,NA
NC-2010-001.5-B(18)-b,US naturalized,35.55,-82.567,0.02,0.007,0.271,0.019,0.043,0.629,0.003,0.006,NC-2010-001.5-B(18)-b,M. sinensis,99,522,4,2017,NA,NA,NA,NA,NA,NA,NA,NA
NC-2010-001.5-B(18)-b,US naturalized,35.55,-82.567,0.02,0.007,0.271,0.019,0.043,0.629,0.003,0.006,NC-2010-001.5-B(18)-b,M. sinensis,99,271,2,2017,NA,NA,NA,NA,NA,NA,NA,NA
NC-2010-001.5-B(18)-b,US naturalized,35.55,-82.567,0.02,0.007,0.271,0.019,0.043,0.629,0.003,0.006,NC-2010-001.5-B(18)-b,M. sinensis,99,157,1,2017,NA,NA,NA,NA,NA,NA,NA,NA
NC-2010-001.5-B(18)-b,US naturalized,35.55,-82.567,0.02,0.007,0.271,0.019,0.043,0.629,0.003,0.006,NC-2010-001.5-B(18)-b,M. sinensis,99,422,3,2018,NA,NA,NA,NA,NA,NA,NA,NA
NC-2010-001.5-B(18)-b,US naturalized,35.55,-82.567,0.02,0.007,0.271,0.019,0.043,0.629,0.003,0.006,NC-2010-001.5-B(18)-b,M. sinensis,99,522,4,2018,NA,NA,NA,NA,NA,NA,NA,NA
NC-2010-001.5-B(18)-b,US naturalized,35.55,-82.567,0.02,0.007,0.271,0.019,0.043,0.629,0.003,0.006,NC-2010-001.5-B(18)-b,M. sinensis,99,271,2,2018,NA,NA,NA,NA,NA,NA,NA,NA
NC-2010-001.5-B(18)-b,US naturalized,35.55,-82.567,0.02,0.007,0.271,0.019,0.043,0.629,0.003,0.006,NC-2010-001.5-B(18)-b,M. sinensis,99,157,1,2018,NA,NA,NA,NA,NA,NA,NA,NA
NC-2010-001.5 C,US naturalized,35.55,-82.567,0.029,0.015,0.259,0.05,0.052,0.574,0.007,0.015,NC-2010-001.5 C,M. sinensis,97,14,1,2018,-0.126615565,70.24334852,0.895217204,-0.035046226,2.971203683,14.09761029,1.609437912,2.536782625
NC-2010-001.5 C,US naturalized,35.55,-82.567,0.029,0.015,0.259,0.05,0.052,0.574,0.007,0.015,NC-2010-001.5 C,M. sinensis,97,458,3,2018,NA,NA,NA,NA,NA,NA,NA,NA
NC-2010-001.5 C,US naturalized,35.55,-82.567,0.029,0.015,0.259,0.05,0.052,0.574,0.007,0.015,NC-2010-001.5 C,M. sinensis,97,14,1,2017,1.465137621,97.74572046,1.367646796,1.073330029,3.630709444,14.09761029,NA,3.110766166
NC-2010-001.5 C,US naturalized,35.55,-82.567,0.029,0.015,0.259,0.05,0.052,0.574,0.007,0.015,NC-2010-001.5 C,M. sinensis,97,267,2,2017,-0.446388258,61.40037709,0.799811293,0.004995012,2.714342776,7.509387016,NA,1.868488373
NC-2010-001.5 C,US naturalized,35.55,-82.567,0.029,0.015,0.259,0.05,0.052,0.574,0.007,0.015,NC-2010-001.5 C,M. sinensis,97,267,2,2018,0.724903474,88.41449876,1.14022367,0.479382808,2.971203683,9.788816859,2.351375257,3.107528121
NC-2010-001.5 C,US naturalized,35.55,-82.567,0.029,0.015,0.259,0.05,0.052,0.574,0.007,0.015,NC-2010-001.5 C,M. sinensis,97,580,4,2017,1.77115811,113.2485951,1.348524388,0.971558298,3.630709444,18.91916959,NA,4.880738172
NC-2010-001.5 C,US naturalized,35.55,-82.567,0.029,0.015,0.259,0.05,0.052,0.574,0.007,0.015,NC-2010-001.5 C,M. sinensis,97,580,4,2018,NA,91.81042945,1.486665051,0.767150844,2.971203683,15.32613804,2.564949357,4.631064052
NC-2010-001.5 C,US naturalized,35.55,-82.567,0.029,0.015,0.259,0.05,0.052,0.574,0.007,0.015,NC-2010-001.5 C,M. sinensis,97,458,3,2017,NA,NA,NA,NA,NA,NA,NA,NA
NC-2010-001 B,US naturalized,35.534,-82.547,0.023,0.014,0.228,0.015,0.034,0.664,0.003,0.019,NC-2010-001 B,M. sinensis,96,361,3,2017,NA,NA,NA,NA,NA,NA,NA,NA
NC-2010-001 B,US naturalized,35.534,-82.547,0.023,0.014,0.228,0.015,0.034,0.664,0.003,0.019,NC-2010-001 B,M. sinensis,96,361,3,2018,NA,NA,NA,NA,NA,NA,NA,NA
NC-2010-001 B,US naturalized,35.534,-82.547,0.023,0.014,0.228,0.015,0.034,0.664,0.003,0.019,NC-2010-001 B,M. sinensis,96,649,4,2017,NA,NA,NA,NA,NA,NA,NA,NA
NC-2010-001 B,US naturalized,35.534,-82.547,0.023,0.014,0.228,0.015,0.034,0.664,0.003,0.019,NC-2010-001 B,M. sinensis,96,96,1,2017,NA,NA,NA,NA,NA,NA,NA,NA
NC-2010-001 B,US naturalized,35.534,-82.547,0.023,0.014,0.228,0.015,0.034,0.664,0.003,0.019,NC-2010-001 B,M. sinensis,96,223,2,2017,0.877286229,100.851,1.597539554,0.437712346,2.971203683,16.33288141,NA,3.110766166
NC-2010-001 B,US naturalized,35.534,-82.547,0.023,0.014,0.228,0.015,0.034,0.664,0.003,0.019,NC-2010-001 B,M. sinensis,96,649,4,2018,NA,NA,NA,NA,NA,NA,NA,NA
NC-2010-001 B,US naturalized,35.534,-82.547,0.023,0.014,0.228,0.015,0.034,0.664,0.003,0.019,NC-2010-001 B,M. sinensis,96,223,2,2018,0.533063359,87.28179283,1.254393818,0.687340624,2.714342776,15.73987585,2.63905733,3.993681281
NC-2010-001 B,US naturalized,35.534,-82.547,0.023,0.014,0.228,0.015,0.034,0.664,0.003,0.019,NC-2010-001 B,M. sinensis,96,96,1,2018,NA,NA,NA,NA,NA,NA,NA,NA
NC-2010-001-B(44)-e,US naturalized,35.534,-82.547,0.03,0.018,0.231,0.023,0.037,0.64,0.008,0.013,NC-2010-001-B(44)-e,M. sinensis,102,611,4,2018,NA,NA,NA,NA,NA,NA,NA,NA
NC-2010-001-B(44)-e,US naturalized,35.534,-82.547,0.03,0.018,0.231,0.023,0.037,0.64,0.008,0.013,NC-2010-001-B(44)-e,M. sinensis,102,461,3,2017,0.048969137,83.88141851,0.799811293,0.23877105,1.751286756,9.788816859,NA,2.685271533
NC-2010-001-B(44)-e,US naturalized,35.534,-82.547,0.03,0.018,0.231,0.023,0.037,0.64,0.008,0.013,NC-2010-001-B(44)-e,M. sinensis,102,85,1,2017,0.533063359,89.12225292,1.228654698,0.23877105,2.431354221,14.44734746,NA,4.880738172
NC-2010-001-B(44)-e,US naturalized,35.534,-82.547,0.03,0.018,0.231,0.023,0.037,0.64,0.008,0.013,NC-2010-001-B(44)-e,M. sinensis,102,85,1,2018,0.439124758,88.41449876,1.12941335,0.436171136,2.714342776,14.44734746,2.00148,3.06285957
NC-2010-001-B(44)-e,US naturalized,35.534,-82.547,0.03,0.018,0.231,0.023,0.037,0.64,0.008,0.013,NC-2010-001-B(44)-e,M. sinensis,102,318,2,2018,0.45985206,94.07260748,1.224080304,0.605683942,2.114445816,15.32613804,2.944438979,4.961956689
NC-2010-001-B(44)-e,US naturalized,35.534,-82.547,0.03,0.018,0.231,0.023,0.037,0.64,0.008,0.013,NC-2010-001-B(44)-e,M. sinensis,102,318,2,2017,1.150392828,98.59285992,1.299683783,0.859527611,2.714342776,14.67404326,NA,4.880738172
NC-2010-001-B(44)-e,US naturalized,35.534,-82.547,0.03,0.018,0.231,0.023,0.037,0.64,0.008,0.013,NC-2010-001-B(44)-e,M. sinensis,102,461,3,2018,0.862312903,106.6316979,1.322924666,0.564114473,2.431354221,10.70484862,2.602689685,4.482321259
NC-2010-001-B(44)-e,US naturalized,35.534,-82.547,0.03,0.018,0.231,0.023,0.037,0.64,0.008,0.013,NC-2010-001-B(44)-e,M. sinensis,102,611,4,2017,NA,NA,NA,NA,NA,NA,NA,NA
NC-2010-002-001,US naturalized,35.837,-82.621,0.035,0.012,0.208,0.015,0.045,0.646,0.031,0.008,NC-2010-002-001,M. sinensis,103,332,2,2017,NA,NA,NA,NA,NA,NA,NA,NA
NC-2010-002-001,US naturalized,35.837,-82.621,0.035,0.012,0.208,0.015,0.045,0.646,0.031,0.008,NC-2010-002-001,M. sinensis,103,383,3,2017,NA,NA,NA,NA,NA,NA,NA,NA
NC-2010-002-001,US naturalized,35.837,-82.621,0.035,0.012,0.208,0.015,0.045,0.646,0.031,0.008,NC-2010-002-001,M. sinensis,103,592,4,2017,-1.158812337,50.80306567,0.385717939,-0.634437187,3.426120123,8.96568771,NA,1.722453117
NC-2010-002-001,US naturalized,35.837,-82.621,0.035,0.012,0.208,0.015,0.045,0.646,0.031,0.008,NC-2010-002-001,M. sinensis,103,3,1,2017,NA,NA,NA,NA,NA,NA,NA,NA
NC-2010-002-001,US naturalized,35.837,-82.621,0.035,0.012,0.208,0.015,0.045,0.646,0.031,0.008,NC-2010-002-001,M. sinensis,103,383,3,2018,NA,NA,NA,NA,NA,NA,NA,NA
NC-2010-002-001,US naturalized,35.837,-82.621,0.035,0.012,0.208,0.015,0.045,0.646,0.031,0.008,NC-2010-002-001,M. sinensis,103,592,4,2018,0.466685887,100.2865864,1.203538337,0.667105382,2.971203683,8.277928994,2.442347035,3.619286488
NC-2010-002-001,US naturalized,35.837,-82.621,0.035,0.012,0.208,0.015,0.045,0.646,0.031,0.008,NC-2010-002-001,M. sinensis,103,3,1,2018,NA,NA,NA,NA,NA,NA,NA,NA
NC-2010-002-001,US naturalized,35.837,-82.621,0.035,0.012,0.208,0.015,0.045,0.646,0.031,0.008,NC-2010-002-001,M. sinensis,103,332,2,2018,NA,NA,NA,NA,NA,NA,NA,NA
NC-2010-002-002,US naturalized,35.837,-82.621,0.019,0.009,0.252,0.025,0.034,0.65,0.002,0.01,NC-2010-002-002,M. sinensis,104,337,2,2018,NA,NA,NA,NA,NA,NA,NA,NA
NC-2010-002-002,US naturalized,35.837,-82.621,0.019,0.009,0.252,0.025,0.034,0.65,0.002,0.01,NC-2010-002-002,M. sinensis,104,647,4,2017,NA,NA,NA,NA,NA,NA,NA,NA
NC-2010-002-002,US naturalized,35.837,-82.621,0.019,0.009,0.252,0.025,0.034,0.65,0.002,0.01,NC-2010-002-002,M. sinensis,104,36,1,2018,NA,NA,NA,NA,NA,NA,NA,NA
NC-2010-002-002,US naturalized,35.837,-82.621,0.019,0.009,0.252,0.025,0.034,0.65,0.002,0.01,NC-2010-002-002,M. sinensis,104,36,1,2017,NA,NA,NA,NA,NA,NA,NA,NA
NC-2010-002-002,US naturalized,35.837,-82.621,0.019,0.009,0.252,0.025,0.034,0.65,0.002,0.01,NC-2010-002-002,M. sinensis,104,405,3,2017,NA,NA,NA,NA,NA,NA,NA,NA
NC-2010-002-002,US naturalized,35.837,-82.621,0.019,0.009,0.252,0.025,0.034,0.65,0.002,0.01,NC-2010-002-002,M. sinensis,104,647,4,2018,NA,NA,NA,NA,NA,NA,NA,NA
NC-2010-002-002,US naturalized,35.837,-82.621,0.019,0.009,0.252,0.025,0.034,0.65,0.002,0.01,NC-2010-002-002,M. sinensis,104,405,3,2018,NA,NA,NA,NA,NA,NA,NA,NA
NC-2010-002-002,US naturalized,35.837,-82.621,0.019,0.009,0.252,0.025,0.034,0.65,0.002,0.01,NC-2010-002-002,M. sinensis,104,337,2,2017,NA,NA,NA,NA,NA,NA,NA,NA
NC-2010-003-001,US naturalized,35.591,-82.571,0.025,0.007,0.262,0.031,0.041,0.611,0.013,0.01,NC-2010-003-001,M. sinensis,107,192,2,2018,NA,NA,NA,NA,NA,NA,NA,NA
NC-2010-003-001,US naturalized,35.591,-82.571,0.025,0.007,0.262,0.031,0.041,0.611,0.013,0.01,NC-2010-003-001,M. sinensis,107,510,4,2018,NA,NA,NA,NA,NA,NA,NA,NA
NC-2010-003-001,US naturalized,35.591,-82.571,0.025,0.007,0.262,0.031,0.041,0.611,0.013,0.01,NC-2010-003-001,M. sinensis,107,510,4,2017,NA,NA,NA,NA,NA,NA,NA,NA
NC-2010-003-001,US naturalized,35.591,-82.571,0.025,0.007,0.262,0.031,0.041,0.611,0.013,0.01,NC-2010-003-001,M. sinensis,107,368,3,2017,NA,NA,NA,NA,NA,NA,NA,NA
NC-2010-003-001,US naturalized,35.591,-82.571,0.025,0.007,0.262,0.031,0.041,0.611,0.013,0.01,NC-2010-003-001,M. sinensis,107,368,3,2018,NA,NA,NA,NA,NA,NA,NA,NA
NC-2010-003-001,US naturalized,35.591,-82.571,0.025,0.007,0.262,0.031,0.041,0.611,0.013,0.01,NC-2010-003-001,M. sinensis,107,70,1,2017,NA,NA,NA,NA,NA,NA,NA,NA
NC-2010-003-001,US naturalized,35.591,-82.571,0.025,0.007,0.262,0.031,0.041,0.611,0.013,0.01,NC-2010-003-001,M. sinensis,107,70,1,2018,NA,NA,NA,NA,NA,NA,NA,NA
NC-2010-003-001,US naturalized,35.591,-82.571,0.025,0.007,0.262,0.031,0.041,0.611,0.013,0.01,NC-2010-003-001,M. sinensis,107,192,2,2017,NA,NA,NA,NA,NA,NA,NA,NA
NC-2010-003-B(50)-a,US naturalized,35.591,-82.571,0.043,0.015,0.213,0.019,0.041,0.653,0.004,0.012,NC-2010-003-B(50)-a,M. sinensis,108,527,4,2017,NA,NA,NA,NA,NA,NA,NA,NA
NC-2010-003-B(50)-a,US naturalized,35.591,-82.571,0.043,0.015,0.213,0.019,0.041,0.653,0.004,0.012,NC-2010-003-B(50)-a,M. sinensis,108,468,3,2018,NA,NA,NA,NA,NA,NA,NA,NA
NC-2010-003-B(50)-a,US naturalized,35.591,-82.571,0.043,0.015,0.213,0.019,0.041,0.653,0.004,0.012,NC-2010-003-B(50)-a,M. sinensis,108,331,2,2017,NA,NA,NA,NA,NA,NA,NA,NA
NC-2010-003-B(50)-a,US naturalized,35.591,-82.571,0.043,0.015,0.213,0.019,0.041,0.653,0.004,0.012,NC-2010-003-B(50)-a,M. sinensis,108,468,3,2017,NA,NA,NA,NA,NA,NA,NA,NA
NC-2010-003-B(50)-a,US naturalized,35.591,-82.571,0.043,0.015,0.213,0.019,0.041,0.653,0.004,0.012,NC-2010-003-B(50)-a,M. sinensis,108,150,1,2018,NA,NA,NA,NA,NA,NA,NA,NA
NC-2010-003-B(50)-a,US naturalized,35.591,-82.571,0.043,0.015,0.213,0.019,0.041,0.653,0.004,0.012,NC-2010-003-B(50)-a,M. sinensis,108,150,1,2017,NA,NA,NA,NA,NA,NA,NA,NA
NC-2010-003-B(50)-a,US naturalized,35.591,-82.571,0.043,0.015,0.213,0.019,0.041,0.653,0.004,0.012,NC-2010-003-B(50)-a,M. sinensis,108,527,4,2018,NA,NA,NA,NA,NA,NA,NA,NA
NC-2010-003-B(50)-a,US naturalized,35.591,-82.571,0.043,0.015,0.213,0.019,0.041,0.653,0.004,0.012,NC-2010-003-B(50)-a,M. sinensis,108,331,2,2018,NA,NA,NA,NA,NA,NA,NA,NA
NC-2010-003-B(50)-b,US naturalized,35.591,-82.571,0.03,0.015,0.205,0.025,0.036,0.659,0.015,0.014,NC-2010-003-B(50)-b,M. sinensis,109,432,3,2018,NA,NA,NA,NA,NA,NA,NA,NA
NC-2010-003-B(50)-b,US naturalized,35.591,-82.571,0.03,0.015,0.205,0.025,0.036,0.659,0.015,0.014,NC-2010-003-B(50)-b,M. sinensis,109,325,2,2018,NA,NA,NA,NA,NA,NA,NA,NA
NC-2010-003-B(50)-b,US naturalized,35.591,-82.571,0.03,0.015,0.205,0.025,0.036,0.659,0.015,0.014,NC-2010-003-B(50)-b,M. sinensis,109,617,4,2017,NA,NA,NA,NA,NA,NA,NA,NA
NC-2010-003-B(50)-b,US naturalized,35.591,-82.571,0.03,0.015,0.205,0.025,0.036,0.659,0.015,0.014,NC-2010-003-B(50)-b,M. sinensis,109,55,1,2018,NA,NA,NA,NA,NA,NA,NA,NA
NC-2010-003-B(50)-b,US naturalized,35.591,-82.571,0.03,0.015,0.205,0.025,0.036,0.659,0.015,0.014,NC-2010-003-B(50)-b,M. sinensis,109,432,3,2017,NA,NA,NA,NA,NA,NA,NA,NA
NC-2010-003-B(50)-b,US naturalized,35.591,-82.571,0.03,0.015,0.205,0.025,0.036,0.659,0.015,0.014,NC-2010-003-B(50)-b,M. sinensis,109,325,2,2017,NA,NA,NA,NA,NA,NA,NA,NA
NC-2010-003-B(50)-b,US naturalized,35.591,-82.571,0.03,0.015,0.205,0.025,0.036,0.659,0.015,0.014,NC-2010-003-B(50)-b,M. sinensis,109,617,4,2018,NA,NA,NA,NA,NA,NA,NA,NA
NC-2010-003-B(50)-b,US naturalized,35.591,-82.571,0.03,0.015,0.205,0.025,0.036,0.659,0.015,0.014,NC-2010-003-B(50)-b,M. sinensis,109,55,1,2017,NA,NA,NA,NA,NA,NA,NA,NA
NC-2010-003 D,US naturalized,35.591,-82.571,0.02,0.014,0.231,0.024,0.043,0.649,0.004,0.015,NC-2010-003 D,M. sinensis,105,208,2,2017,NA,NA,NA,NA,NA,NA,NA,NA
NC-2010-003 D,US naturalized,35.591,-82.571,0.02,0.014,0.231,0.024,0.043,0.649,0.004,0.015,NC-2010-003 D,M. sinensis,105,499,3,2017,1.022932562,92.65891003,1.228654698,0.859527611,2.971203683,12.27608585,NA,2.682888722
NC-2010-003 D,US naturalized,35.591,-82.571,0.02,0.014,0.231,0.024,0.043,0.649,0.004,0.015,NC-2010-003 D,M. sinensis,105,156,1,2017,0.37479979,82.74719077,0.931760078,0.28414238,2.714342776,13.3590726,NA,2.133123934
NC-2010-003 D,US naturalized,35.591,-82.571,0.02,0.014,0.231,0.024,0.043,0.649,0.004,0.015,NC-2010-003 D,M. sinensis,105,557,4,2018,1.870411197,132.3420252,1.486665051,1.777572795,3.207211175,13.48609704,3.850147602,6.813362356
NC-2010-003 D,US naturalized,35.591,-82.571,0.02,0.014,0.231,0.024,0.043,0.649,0.004,0.015,NC-2010-003 D,M. sinensis,105,557,4,2017,1.736551112,123.3662797,1.309573445,0.971558298,3.207211175,11.98398769,NA,5.337991092
NC-2010-003 D,US naturalized,35.591,-82.571,0.02,0.014,0.231,0.024,0.043,0.649,0.004,0.015,NC-2010-003 D,M. sinensis,105,156,1,2018,-0.020172127,81.0451088,0.720331779,0.436171136,2.714342776,12.83334578,1.704748092,2.739447368
NC-2010-003 D,US naturalized,35.591,-82.571,0.02,0.014,0.231,0.024,0.043,0.649,0.004,0.015,NC-2010-003 D,M. sinensis,105,499,3,2018,1.490858543,114.3738816,1.537747463,1.196271842,2.714342776,10.35128898,2.140066163,3.680028075
NC-2010-003 D,US naturalized,35.591,-82.571,0.02,0.014,0.231,0.024,0.043,0.649,0.004,0.015,NC-2010-003 D,M. sinensis,105,208,2,2018,NA,NA,NA,NA,NA,NA,NA,NA
NC-2010-003 E,US naturalized,35.591,-82.571,0.03,0.019,0.257,0.038,0.049,0.592,0.005,0.011,NC-2010-003 E,M. sinensis,106,568,4,2017,NA,NA,NA,NA,NA,NA,NA,NA
NC-2010-003 E,US naturalized,35.591,-82.571,0.03,0.019,0.257,0.038,0.049,0.592,0.005,0.011,NC-2010-003 E,M. sinensis,106,297,2,2017,NA,NA,NA,NA,NA,NA,NA,NA
NC-2010-003 E,US naturalized,35.591,-82.571,0.03,0.019,0.257,0.038,0.049,0.592,0.005,0.011,NC-2010-003 E,M. sinensis,106,369,3,2018,NA,NA,NA,NA,NA,NA,NA,NA
NC-2010-003 E,US naturalized,35.591,-82.571,0.03,0.019,0.257,0.038,0.049,0.592,0.005,0.011,NC-2010-003 E,M. sinensis,106,105,1,2018,0.916411651,107.6178393,1.14022367,1.249074574,2.714342776,12.69717631,2.602689685,4.264105004
NC-2010-003 E,US naturalized,35.591,-82.571,0.03,0.019,0.257,0.038,0.049,0.592,0.005,0.011,NC-2010-003 E,M. sinensis,106,297,2,2018,NA,NA,NA,NA,NA,NA,NA,NA
NC-2010-003 E,US naturalized,35.591,-82.571,0.03,0.019,0.257,0.038,0.049,0.592,0.005,0.011,NC-2010-003 E,M. sinensis,106,369,3,2017,NA,NA,NA,NA,NA,NA,NA,NA
NC-2010-003 E,US naturalized,35.591,-82.571,0.03,0.019,0.257,0.038,0.049,0.592,0.005,0.011,NC-2010-003 E,M. sinensis,106,105,1,2017,0.25148751,34.6520907,1.241062475,1.555303408,2.971203683,13.23034756,NA,4.203449039
NC-2010-003 E,US naturalized,35.591,-82.571,0.03,0.019,0.257,0.038,0.049,0.592,0.005,0.011,NC-2010-003 E,M. sinensis,106,568,4,2018,NA,NA,NA,NA,NA,NA,NA,NA
NC-2010-004-B(37)-b,US naturalized,35.758,-82.541,0.015,0.005,0.375,0.067,0.033,0.498,0.003,0.004,NC-2010-004-B(37)-b,M. sinensis,111,207,2,2017,NA,NA,NA,NA,NA,NA,NA,NA
NC-2010-004-B(37)-b,US naturalized,35.758,-82.541,0.015,0.005,0.375,0.067,0.033,0.498,0.003,0.004,NC-2010-004-B(37)-b,M. sinensis,111,131,1,2018,NA,NA,NA,NA,NA,NA,NA,NA
NC-2010-004-B(37)-b,US naturalized,35.758,-82.541,0.015,0.005,0.375,0.067,0.033,0.498,0.003,0.004,NC-2010-004-B(37)-b,M. sinensis,111,207,2,2018,NA,NA,NA,NA,NA,NA,NA,NA
NC-2010-004-B(37)-b,US naturalized,35.758,-82.541,0.015,0.005,0.375,0.067,0.033,0.498,0.003,0.004,NC-2010-004-B(37)-b,M. sinensis,111,614,4,2017,NA,NA,NA,NA,NA,NA,NA,NA
NC-2010-004-B(37)-b,US naturalized,35.758,-82.541,0.015,0.005,0.375,0.067,0.033,0.498,0.003,0.004,NC-2010-004-B(37)-b,M. sinensis,111,131,1,2017,NA,NA,NA,NA,NA,NA,NA,NA
NC-2010-004-B(37)-b,US naturalized,35.758,-82.541,0.015,0.005,0.375,0.067,0.033,0.498,0.003,0.004,NC-2010-004-B(37)-b,M. sinensis,111,408,3,2017,NA,NA,NA,NA,NA,NA,NA,NA
NC-2010-004-B(37)-b,US naturalized,35.758,-82.541,0.015,0.005,0.375,0.067,0.033,0.498,0.003,0.004,NC-2010-004-B(37)-b,M. sinensis,111,614,4,2018,NA,NA,NA,NA,NA,NA,NA,NA
NC-2010-004-B(37)-b,US naturalized,35.758,-82.541,0.015,0.005,0.375,0.067,0.033,0.498,0.003,0.004,NC-2010-004-B(37)-b,M. sinensis,111,408,3,2018,NA,NA,NA,NA,NA,NA,NA,NA
NC-2010-004-B(37)-d,US naturalized,35.758,-82.541,0.024,0.011,0.243,0.039,0.048,0.606,0.007,0.021,NC-2010-004-B(37)-d,M. sinensis,112,608,4,2018,NA,NA,NA,NA,NA,NA,NA,NA
NC-2010-004-B(37)-d,US naturalized,35.758,-82.541,0.024,0.011,0.243,0.039,0.048,0.606,0.007,0.021,NC-2010-004-B(37)-d,M. sinensis,112,474,3,2018,NA,NA,NA,NA,NA,NA,NA,NA
NC-2010-004-B(37)-d,US naturalized,35.758,-82.541,0.024,0.011,0.243,0.039,0.048,0.606,0.007,0.021,NC-2010-004-B(37)-d,M. sinensis,112,176,2,2017,NA,NA,NA,NA,NA,NA,NA,NA
NC-2010-004-B(37)-d,US naturalized,35.758,-82.541,0.024,0.011,0.243,0.039,0.048,0.606,0.007,0.021,NC-2010-004-B(37)-d,M. sinensis,112,166,1,2017,NA,NA,NA,NA,NA,NA,NA,NA
NC-2010-004-B(37)-d,US naturalized,35.758,-82.541,0.024,0.011,0.243,0.039,0.048,0.606,0.007,0.021,NC-2010-004-B(37)-d,M. sinensis,112,166,1,2018,NA,NA,NA,NA,NA,NA,NA,NA
NC-2010-004-B(37)-d,US naturalized,35.758,-82.541,0.024,0.011,0.243,0.039,0.048,0.606,0.007,0.021,NC-2010-004-B(37)-d,M. sinensis,112,176,2,2018,NA,NA,NA,NA,NA,NA,NA,NA
NC-2010-004-B(37)-d,US naturalized,35.758,-82.541,0.024,0.011,0.243,0.039,0.048,0.606,0.007,0.021,NC-2010-004-B(37)-d,M. sinensis,112,608,4,2017,NA,NA,NA,NA,NA,NA,NA,NA
NC-2010-004-B(37)-d,US naturalized,35.758,-82.541,0.024,0.011,0.243,0.039,0.048,0.606,0.007,0.021,NC-2010-004-B(37)-d,M. sinensis,112,474,3,2017,NA,NA,NA,NA,NA,NA,NA,NA
NC-2010-004 E,US naturalized,35.758,-82.541,0.025,0.01,0.296,0.044,0.054,0.554,0.007,0.01,NC-2010-004 E,M. sinensis,110,393,3,2017,NA,NA,NA,NA,NA,NA,NA,NA
NC-2010-004 E,US naturalized,35.758,-82.541,0.025,0.01,0.296,0.044,0.054,0.554,0.007,0.01,NC-2010-004 E,M. sinensis,110,268,2,2017,NA,NA,NA,NA,NA,NA,NA,NA
NC-2010-004 E,US naturalized,35.758,-82.541,0.025,0.01,0.296,0.044,0.054,0.554,0.007,0.01,NC-2010-004 E,M. sinensis,110,71,1,2017,NA,NA,NA,NA,NA,NA,NA,NA
NC-2010-004 E,US naturalized,35.758,-82.541,0.025,0.01,0.296,0.044,0.054,0.554,0.007,0.01,NC-2010-004 E,M. sinensis,110,657,4,2017,0.452980896,88.41449876,0.90630094,0.859527611,2.714342776,7.509387016,NA,2.029425675
NC-2010-004 E,US naturalized,35.758,-82.541,0.025,0.01,0.296,0.044,0.054,0.554,0.007,0.01,NC-2010-004 E,M. sinensis,110,268,2,2018,NA,NA,NA,NA,NA,NA,NA,NA
NC-2010-004 E,US naturalized,35.758,-82.541,0.025,0.01,0.296,0.044,0.054,0.554,0.007,0.01,NC-2010-004 E,M. sinensis,110,71,1,2018,NA,NA,NA,NA,NA,NA,NA,NA
NC-2010-004 E,US naturalized,35.758,-82.541,0.025,0.01,0.296,0.044,0.054,0.554,0.007,0.01,NC-2010-004 E,M. sinensis,110,657,4,2018,0.790109541,114.3738816,1.503871301,0.978179,2.431354221,6.937824098,1.609437912,2.769243265
NC-2010-004 E,US naturalized,35.758,-82.541,0.025,0.01,0.296,0.044,0.054,0.554,0.007,0.01,NC-2010-004 E,M. sinensis,110,393,3,2018,NA,NA,NA,NA,NA,NA,NA,NA
OH-2009-001-B(20)-b,US naturalized,39.476,-81.305,0.031,0.015,0.317,0.059,0.039,0.525,0.005,0.009,OH-2009-001-B(20)-b,M. sinensis,113,573,4,2017,NA,NA,NA,NA,NA,NA,NA,NA
OH-2009-001-B(20)-b,US naturalized,39.476,-81.305,0.031,0.015,0.317,0.059,0.039,0.525,0.005,0.009,OH-2009-001-B(20)-b,M. sinensis,113,374,3,2017,NA,NA,NA,NA,NA,NA,NA,NA
OH-2009-001-B(20)-b,US naturalized,39.476,-81.305,0.031,0.015,0.317,0.059,0.039,0.525,0.005,0.009,OH-2009-001-B(20)-b,M. sinensis,113,252,2,2018,NA,NA,NA,NA,NA,NA,NA,NA
OH-2009-001-B(20)-b,US naturalized,39.476,-81.305,0.031,0.015,0.317,0.059,0.039,0.525,0.005,0.009,OH-2009-001-B(20)-b,M. sinensis,113,252,2,2017,NA,NA,NA,NA,NA,NA,NA,NA
OH-2009-001-B(20)-b,US naturalized,39.476,-81.305,0.031,0.015,0.317,0.059,0.039,0.525,0.005,0.009,OH-2009-001-B(20)-b,M. sinensis,113,374,3,2018,NA,NA,NA,NA,NA,NA,NA,NA
OH-2009-001-B(20)-b,US naturalized,39.476,-81.305,0.031,0.015,0.317,0.059,0.039,0.525,0.005,0.009,OH-2009-001-B(20)-b,M. sinensis,113,153,1,2018,NA,NA,NA,NA,NA,NA,NA,NA
OH-2009-001-B(20)-b,US naturalized,39.476,-81.305,0.031,0.015,0.317,0.059,0.039,0.525,0.005,0.009,OH-2009-001-B(20)-b,M. sinensis,113,573,4,2018,NA,NA,NA,NA,NA,NA,NA,NA
OH-2009-001-B(20)-b,US naturalized,39.476,-81.305,0.031,0.015,0.317,0.059,0.039,0.525,0.005,0.009,OH-2009-001-B(20)-b,M. sinensis,113,153,1,2017,NA,NA,NA,NA,NA,NA,NA,NA
OH-2009-001-B(20)-d,US naturalized,39.476,-81.305,0.031,0.015,0.302,0.067,0.048,0.521,0.008,0.009,OH-2009-001-B(20)-d,M. sinensis,114,245,2,2018,NA,NA,NA,NA,NA,NA,NA,NA
OH-2009-001-B(20)-d,US naturalized,39.476,-81.305,0.031,0.015,0.302,0.067,0.048,0.521,0.008,0.009,OH-2009-001-B(20)-d,M. sinensis,114,612,4,2017,NA,NA,NA,NA,NA,NA,NA,NA
OH-2009-001-B(20)-d,US naturalized,39.476,-81.305,0.031,0.015,0.302,0.067,0.048,0.521,0.008,0.009,OH-2009-001-B(20)-d,M. sinensis,114,34,1,2018,NA,NA,NA,NA,NA,NA,NA,NA
OH-2009-001-B(20)-d,US naturalized,39.476,-81.305,0.031,0.015,0.302,0.067,0.048,0.521,0.008,0.009,OH-2009-001-B(20)-d,M. sinensis,114,34,1,2017,NA,NA,NA,NA,NA,NA,NA,NA
OH-2009-001-B(20)-d,US naturalized,39.476,-81.305,0.031,0.015,0.302,0.067,0.048,0.521,0.008,0.009,OH-2009-001-B(20)-d,M. sinensis,114,612,4,2018,NA,NA,NA,NA,NA,NA,NA,NA
OH-2009-001-B(20)-d,US naturalized,39.476,-81.305,0.031,0.015,0.302,0.067,0.048,0.521,0.008,0.009,OH-2009-001-B(20)-d,M. sinensis,114,490,3,2017,NA,NA,NA,NA,NA,NA,NA,NA
OH-2009-001-B(20)-d,US naturalized,39.476,-81.305,0.031,0.015,0.302,0.067,0.048,0.521,0.008,0.009,OH-2009-001-B(20)-d,M. sinensis,114,490,3,2018,NA,NA,NA,NA,NA,NA,NA,NA
OH-2009-001-B(20)-d,US naturalized,39.476,-81.305,0.031,0.015,0.302,0.067,0.048,0.521,0.008,0.009,OH-2009-001-B(20)-d,M. sinensis,114,245,2,2017,NA,NA,NA,NA,NA,NA,NA,NA
PA-2010-001-005,US naturalized,40.078,-75.482,0.031,0.011,0.365,0.084,0.048,0.442,0.011,0.008,PA-2010-001-005,M. sinensis,115,569,4,2017,1.455372243,132.0617731,0.981405162,0.372842075,3.823100012,17.25777262,NA,6.520162553
PA-2010-001-005,US naturalized,40.078,-75.482,0.031,0.011,0.365,0.084,0.048,0.442,0.011,0.008,PA-2010-001-005,M. sinensis,115,381,3,2018,1.031810341,108.1812455,1.264368978,0.825880669,3.207211175,17.16849117,3.135494216,5.17608326
PA-2010-001-005,US naturalized,40.078,-75.482,0.031,0.011,0.365,0.084,0.048,0.442,0.011,0.008,PA-2010-001-005,M. sinensis,115,381,3,2017,1.194317638,108.7445771,1.405216642,0.859527611,3.426120123,16.80448032,NA,5.022035513
PA-2010-001-005,US naturalized,40.078,-75.482,0.031,0.011,0.365,0.084,0.048,0.442,0.011,0.008,PA-2010-001-005,M. sinensis,115,194,2,2018,1.944886372,119.9961508,1.689764521,1.335691907,2.971203683,15.53496627,3.511545439,5.837462246
PA-2010-001-005,US naturalized,40.078,-75.482,0.031,0.011,0.365,0.084,0.048,0.442,0.011,0.008,PA-2010-001-005,M. sinensis,115,569,4,2018,1.435639509,130.3799415,1.65109277,0.605683942,3.823100012,17.5216959,3.496507561,6.29194929
PA-2010-001-005,US naturalized,40.078,-75.482,0.031,0.011,0.365,0.084,0.048,0.442,0.011,0.008,PA-2010-001-005,M. sinensis,115,194,2,2017,2.185252499,116.6236135,1.724508388,1.221436846,3.630709444,15.63789894,NA,5.809006831
PA-2010-001-005,US naturalized,40.078,-75.482,0.031,0.011,0.365,0.084,0.048,0.442,0.011,0.008,PA-2010-001-005,M. sinensis,115,160,1,2017,1.398739457,111.4193971,1.597539554,0.859527611,3.207211175,16.1386678,NA,5.554168699
PA-2010-001-005,US naturalized,40.078,-75.482,0.031,0.011,0.365,0.084,0.048,0.442,0.011,0.008,PA-2010-001-005,M. sinensis,115,160,1,2018,1.618861171,121.4006599,1.537747463,1.178526254,2.971203683,16.61814482,3.624340933,5.774178447
PA-2010-001-B(63)-a,US naturalized,40.077,-75.482,0.03,0.017,0.337,0.093,0.045,0.457,0.009,0.012,PA-2010-001-B(63)-a,M. sinensis,116,125,1,2018,NA,NA,NA,NA,NA,NA,NA,NA
PA-2010-001-B(63)-a,US naturalized,40.077,-75.482,0.03,0.017,0.337,0.093,0.045,0.457,0.009,0.012,PA-2010-001-B(63)-a,M. sinensis,116,218,2,2017,NA,NA,NA,NA,NA,NA,NA,NA
PA-2010-001-B(63)-a,US naturalized,40.077,-75.482,0.03,0.017,0.337,0.093,0.045,0.457,0.009,0.012,PA-2010-001-B(63)-a,M. sinensis,116,125,1,2017,NA,NA,NA,NA,NA,NA,NA,NA
PA-2010-001-B(63)-a,US naturalized,40.077,-75.482,0.03,0.017,0.337,0.093,0.045,0.457,0.009,0.012,PA-2010-001-B(63)-a,M. sinensis,116,218,2,2018,NA,NA,NA,NA,NA,NA,NA,NA
PA-2010-001-B(63)-a,US naturalized,40.077,-75.482,0.03,0.017,0.337,0.093,0.045,0.457,0.009,0.012,PA-2010-001-B(63)-a,M. sinensis,116,622,4,2018,NA,NA,NA,NA,NA,NA,NA,NA
PA-2010-001-B(63)-a,US naturalized,40.077,-75.482,0.03,0.017,0.337,0.093,0.045,0.457,0.009,0.012,PA-2010-001-B(63)-a,M. sinensis,116,375,3,2017,NA,NA,NA,NA,NA,NA,NA,NA
PA-2010-001-B(63)-a,US naturalized,40.077,-75.482,0.03,0.017,0.337,0.093,0.045,0.457,0.009,0.012,PA-2010-001-B(63)-a,M. sinensis,116,622,4,2017,NA,NA,NA,NA,NA,NA,NA,NA
PA-2010-001-B(63)-a,US naturalized,40.077,-75.482,0.03,0.017,0.337,0.093,0.045,0.457,0.009,0.012,PA-2010-001-B(63)-a,M. sinensis,116,375,3,2018,NA,NA,NA,NA,NA,NA,NA,NA
PA-2010-001-B(63)-c,US naturalized,40.077,-75.482,0.016,0.012,0.367,0.098,0.044,0.435,0.017,0.01,PA-2010-001-B(63)-c,M. sinensis,117,641,4,2018,NA,NA,NA,NA,NA,NA,NA,NA
PA-2010-001-B(63)-c,US naturalized,40.077,-75.482,0.016,0.012,0.367,0.098,0.044,0.435,0.017,0.01,PA-2010-001-B(63)-c,M. sinensis,117,641,4,2017,NA,NA,NA,NA,NA,NA,NA,NA
PA-2010-001-B(63)-c,US naturalized,40.077,-75.482,0.016,0.012,0.367,0.098,0.044,0.435,0.017,0.01,PA-2010-001-B(63)-c,M. sinensis,117,484,3,2017,NA,NA,NA,NA,NA,NA,NA,NA
PA-2010-001-B(63)-c,US naturalized,40.077,-75.482,0.016,0.012,0.367,0.098,0.044,0.435,0.017,0.01,PA-2010-001-B(63)-c,M. sinensis,117,185,2,2017,NA,NA,NA,NA,NA,NA,NA,NA
PA-2010-001-B(63)-c,US naturalized,40.077,-75.482,0.016,0.012,0.367,0.098,0.044,0.435,0.017,0.01,PA-2010-001-B(63)-c,M. sinensis,117,185,2,2018,NA,NA,NA,NA,NA,NA,NA,NA
PA-2010-001-B(63)-c,US naturalized,40.077,-75.482,0.016,0.012,0.367,0.098,0.044,0.435,0.017,0.01,PA-2010-001-B(63)-c,M. sinensis,117,484,3,2018,NA,NA,NA,NA,NA,NA,NA,NA
PA-2010-001-B(63)-c,US naturalized,40.077,-75.482,0.016,0.012,0.367,0.098,0.044,0.435,0.017,0.01,PA-2010-001-B(63)-c,M. sinensis,117,91,1,2017,NA,NA,NA,NA,NA,NA,NA,NA
PA-2010-001-B(63)-c,US naturalized,40.077,-75.482,0.016,0.012,0.367,0.098,0.044,0.435,0.017,0.01,PA-2010-001-B(63)-c,M. sinensis,117,91,1,2018,NA,NA,NA,NA,NA,NA,NA,NA
PA-2010-002-004,US naturalized,39.954,-75.39,0.021,0.007,0.419,0.14,0.02,0.379,0.005,0.008,PA-2010-002-004,M. sinensis,119,654,4,2018,0.577544947,91.24466535,1.486665051,0.564114473,3.207211175,14.44734746,2.708050201,4.631064052
PA-2010-002-004,US naturalized,39.954,-75.39,0.021,0.007,0.419,0.14,0.02,0.379,0.005,0.008,PA-2010-002-004,M. sinensis,119,10,1,2018,0.638521625,103.1078574,1.244354611,0.436171136,2.971203683,17.43436257,3.044522438,4.631064052
PA-2010-002-004,US naturalized,39.954,-75.39,0.021,0.007,0.419,0.14,0.02,0.379,0.005,0.008,PA-2010-002-004,M. sinensis,119,436,3,2018,0.226920047,83.88141851,1.096516566,0.479382808,2.714342776,10.87592695,2.197224577,2.701025748
PA-2010-002-004,US naturalized,39.954,-75.39,0.021,0.007,0.419,0.14,0.02,0.379,0.005,0.008,PA-2010-002-004,M. sinensis,119,246,2,2017,1.525491059,115.6394928,1.597539554,0.859527611,3.630709444,15.63789894,NA,5.688504089
PA-2010-002-004,US naturalized,39.954,-75.39,0.021,0.007,0.419,0.14,0.02,0.379,0.005,0.008,PA-2010-002-004,M. sinensis,119,654,4,2017,1.278209304,105.3634612,1.228654698,0.859527611,3.207211175,15.53496627,NA,2.370149007
PA-2010-002-004,US naturalized,39.954,-75.39,0.021,0.007,0.419,0.14,0.02,0.379,0.005,0.008,PA-2010-002-004,M. sinensis,119,246,2,2018,0.752468203,100.851,1.028508659,0.584963163,3.426120123,15.22019227,2.944438979,4.98780546
PA-2010-002-004,US naturalized,39.954,-75.39,0.021,0.007,0.419,0.14,0.02,0.379,0.005,0.008,PA-2010-002-004,M. sinensis,119,10,1,2017,1.336212248,112.5451469,1.371443845,0.266079103,3.630709444,17.5216959,NA,5.809006831
PA-2010-002-004,US naturalized,39.954,-75.39,0.021,0.007,0.419,0.14,0.02,0.379,0.005,0.008,PA-2010-002-004,M. sinensis,119,436,3,2017,NA,NA,NA,NA,NA,NA,NA,NA
PA-2010-002-013,US naturalized,39.954,-75.39,0.02,0.013,0.438,0.091,0.044,0.376,0.008,0.011,PA-2010-002-013,M. sinensis,120,9,1,2018,0.831849949,106.4908017,1.244354611,0.883702045,3.823100012,12.55896511,2.944438979,5.197601454
PA-2010-002-013,US naturalized,39.954,-75.39,0.02,0.013,0.438,0.091,0.044,0.376,0.008,0.011,PA-2010-002-013,M. sinensis,120,230,2,2017,NA,NA,NA,NA,NA,NA,NA,NA
PA-2010-002-013,US naturalized,39.954,-75.39,0.02,0.013,0.438,0.091,0.044,0.376,0.008,0.011,PA-2010-002-013,M. sinensis,120,632,4,2018,NA,NA,NA,NA,NA,NA,NA,NA
PA-2010-002-013,US naturalized,39.954,-75.39,0.02,0.013,0.438,0.091,0.044,0.376,0.008,0.011,PA-2010-002-013,M. sinensis,120,632,4,2017,0.882240129,52.23815702,1.228654698,0.416238758,2.114445816,9.180475813,NA,1.170531427
PA-2010-002-013,US naturalized,39.954,-75.39,0.02,0.013,0.438,0.091,0.044,0.376,0.008,0.011,PA-2010-002-013,M. sinensis,120,507,3,2017,1.321933977,124.2084437,1.367646796,0.859527611,3.426120123,13.48609704,NA,2.692389001
PA-2010-002-013,US naturalized,39.954,-75.39,0.02,0.013,0.438,0.091,0.044,0.376,0.008,0.011,PA-2010-002-013,M. sinensis,120,507,3,2018,0.779464528,114.9364192,1.274281004,0.786831499,2.714342776,9.788816859,2.197224577,3.700516493
PA-2010-002-013,US naturalized,39.954,-75.39,0.02,0.013,0.438,0.091,0.044,0.376,0.008,0.011,PA-2010-002-013,M. sinensis,120,9,1,2017,0.322362068,82.17992953,0.911427945,0.23877105,4.177589711,13.09986142,NA,5.022035513
PA-2010-002-013,US naturalized,39.954,-75.39,0.02,0.013,0.438,0.091,0.044,0.376,0.008,0.011,PA-2010-002-013,M. sinensis,120,230,2,2018,NA,NA,NA,NA,NA,NA,NA,NA
PA-2010-002-015,US naturalized,39.954,-75.39,0.023,0.012,0.422,0.099,0.038,0.396,0.003,0.007,PA-2010-002-015,M. sinensis,121,213,2,2017,NA,NA,NA,NA,NA,NA,NA,NA
PA-2010-002-015,US naturalized,39.954,-75.39,0.023,0.012,0.422,0.099,0.038,0.396,0.003,0.007,PA-2010-002-015,M. sinensis,121,213,2,2018,NA,NA,NA,NA,NA,NA,NA,NA
PA-2010-002-015,US naturalized,39.954,-75.39,0.023,0.012,0.422,0.099,0.038,0.396,0.003,0.007,PA-2010-002-015,M. sinensis,121,84,1,2017,NA,NA,NA,NA,NA,NA,NA,NA
PA-2010-002-015,US naturalized,39.954,-75.39,0.023,0.012,0.422,0.099,0.038,0.396,0.003,0.007,PA-2010-002-015,M. sinensis,121,572,4,2017,1.142254265,112.1230244,1.228654698,0.145789256,3.823100012,11.5267179,NA,4.762677284
PA-2010-002-015,US naturalized,39.954,-75.39,0.023,0.012,0.422,0.099,0.038,0.396,0.003,0.007,PA-2010-002-015,M. sinensis,121,496,3,2018,NA,NA,NA,NA,NA,NA,NA,NA
PA-2010-002-015,US naturalized,39.954,-75.39,0.023,0.012,0.422,0.099,0.038,0.396,0.003,0.007,PA-2010-002-015,M. sinensis,121,84,1,2018,NA,NA,NA,NA,NA,NA,NA,NA
PA-2010-002-015,US naturalized,39.954,-75.39,0.023,0.012,0.422,0.099,0.038,0.396,0.003,0.007,PA-2010-002-015,M. sinensis,121,572,4,2018,0.571284629,114.3738816,1.12941335,0.41434202,3.426120123,12.13123799,3.068052935,5.279889979
PA-2010-002-015,US naturalized,39.954,-75.39,0.023,0.012,0.422,0.099,0.038,0.396,0.003,0.007,PA-2010-002-015,M. sinensis,121,496,3,2017,NA,NA,NA,NA,NA,NA,NA,NA
PA-2010-002-B(3)-b,US naturalized,39.954,-75.39,0.02,0.008,0.399,0.098,0.04,0.423,0.003,0.01,PA-2010-002-B(3)-b,M. sinensis,122,409,3,2018,NA,NA,NA,NA,NA,NA,NA,NA
PA-2010-002-B(3)-b,US naturalized,39.954,-75.39,0.02,0.008,0.399,0.098,0.04,0.423,0.003,0.01,PA-2010-002-B(3)-b,M. sinensis,122,543,4,2018,NA,NA,NA,NA,NA,NA,NA,NA
PA-2010-002-B(3)-b,US naturalized,39.954,-75.39,0.02,0.008,0.399,0.098,0.04,0.423,0.003,0.01,PA-2010-002-B(3)-b,M. sinensis,122,543,4,2017,NA,NA,NA,NA,NA,NA,NA,NA
PA-2010-002-B(3)-b,US naturalized,39.954,-75.39,0.02,0.008,0.399,0.098,0.04,0.423,0.003,0.01,PA-2010-002-B(3)-b,M. sinensis,122,409,3,2017,NA,NA,NA,NA,NA,NA,NA,NA
PA-2010-002-B(3)-b,US naturalized,39.954,-75.39,0.02,0.008,0.399,0.098,0.04,0.423,0.003,0.01,PA-2010-002-B(3)-b,M. sinensis,122,304,2,2018,NA,NA,NA,NA,NA,NA,NA,NA
PA-2010-002-B(3)-b,US naturalized,39.954,-75.39,0.02,0.008,0.399,0.098,0.04,0.423,0.003,0.01,PA-2010-002-B(3)-b,M. sinensis,122,5,1,2018,0.847168907,119.9961508,0.993320407,0.436171136,3.207211175,8.51505211,2.251291799,2.914283534
PA-2010-002-B(3)-b,US naturalized,39.954,-75.39,0.02,0.008,0.399,0.098,0.04,0.423,0.003,0.01,PA-2010-002-B(3)-b,M. sinensis,122,5,1,2017,NA,47.35462728,0.253055609,0.247902571,3.823100012,4.739408148,NA,2.105078487
PA-2010-002-B(3)-b,US naturalized,39.954,-75.39,0.02,0.008,0.399,0.098,0.04,0.423,0.003,0.01,PA-2010-002-B(3)-b,M. sinensis,122,304,2,2017,NA,NA,NA,NA,NA,NA,NA,NA
PA-2010-002-B(3)-d,US naturalized,39.954,-75.39,0.038,0.013,0.226,0.018,0.036,0.651,0.006,0.012,PA-2010-002-B(3)-d,M. sinensis,123,390,3,2017,NA,NA,NA,NA,NA,NA,NA,NA
PA-2010-002-B(3)-d,US naturalized,39.954,-75.39,0.038,0.013,0.226,0.018,0.036,0.651,0.006,0.012,PA-2010-002-B(3)-d,M. sinensis,123,144,1,2018,NA,NA,NA,NA,NA,NA,NA,NA
PA-2010-002-B(3)-d,US naturalized,39.954,-75.39,0.038,0.013,0.226,0.018,0.036,0.651,0.006,0.012,PA-2010-002-B(3)-d,M. sinensis,123,144,1,2017,NA,NA,NA,NA,NA,NA,NA,NA
PA-2010-002-B(3)-d,US naturalized,39.954,-75.39,0.038,0.013,0.226,0.018,0.036,0.651,0.006,0.012,PA-2010-002-B(3)-d,M. sinensis,123,286,2,2017,NA,NA,NA,NA,NA,NA,NA,NA
PA-2010-002-B(3)-d,US naturalized,39.954,-75.39,0.038,0.013,0.226,0.018,0.036,0.651,0.006,0.012,PA-2010-002-B(3)-d,M. sinensis,123,515,4,2018,NA,NA,NA,NA,NA,NA,NA,NA
PA-2010-002-B(3)-d,US naturalized,39.954,-75.39,0.038,0.013,0.226,0.018,0.036,0.651,0.006,0.012,PA-2010-002-B(3)-d,M. sinensis,123,515,4,2017,NA,NA,NA,NA,NA,NA,NA,NA
PA-2010-002-B(3)-d,US naturalized,39.954,-75.39,0.038,0.013,0.226,0.018,0.036,0.651,0.006,0.012,PA-2010-002-B(3)-d,M. sinensis,123,286,2,2018,NA,NA,NA,NA,NA,NA,NA,NA
PA-2010-002-B(3)-d,US naturalized,39.954,-75.39,0.038,0.013,0.226,0.018,0.036,0.651,0.006,0.012,PA-2010-002-B(3)-d,M. sinensis,123,390,3,2018,NA,NA,NA,NA,NA,NA,NA,NA
PA-2010-002 E,US naturalized,39.954,-75.39,0.019,0.011,0.411,0.123,0.043,0.372,0.007,0.015,PA-2010-002 E,M. sinensis,118,38,1,2018,NA,NA,NA,NA,NA,NA,NA,NA
PA-2010-002 E,US naturalized,39.954,-75.39,0.019,0.011,0.411,0.123,0.043,0.372,0.007,0.015,PA-2010-002 E,M. sinensis,118,195,2,2017,NA,NA,NA,NA,NA,NA,NA,NA
PA-2010-002 E,US naturalized,39.954,-75.39,0.019,0.011,0.411,0.123,0.043,0.372,0.007,0.015,PA-2010-002 E,M. sinensis,118,504,3,2017,NA,NA,NA,NA,NA,NA,NA,NA
PA-2010-002 E,US naturalized,39.954,-75.39,0.019,0.011,0.411,0.123,0.043,0.372,0.007,0.015,PA-2010-002 E,M. sinensis,118,591,4,2017,-0.030389731,82.74719077,0.743491775,0,2.971203683,10.53004226,NA,2.055237407
PA-2010-002 E,US naturalized,39.954,-75.39,0.019,0.011,0.411,0.123,0.043,0.372,0.007,0.015,PA-2010-002 E,M. sinensis,118,195,2,2018,NA,NA,NA,NA,NA,NA,NA,NA
PA-2010-002 E,US naturalized,39.954,-75.39,0.019,0.011,0.411,0.123,0.043,0.372,0.007,0.015,PA-2010-002 E,M. sinensis,118,591,4,2018,1.166527359,124.7698057,1.303647097,0.864526179,2.714342776,11.83422853,3.277144733,5.197601454
PA-2010-002 E,US naturalized,39.954,-75.39,0.019,0.011,0.411,0.123,0.043,0.372,0.007,0.015,PA-2010-002 E,M. sinensis,118,38,1,2017,NA,NA,NA,NA,NA,NA,NA,NA
PA-2010-002 E,US naturalized,39.954,-75.39,0.019,0.011,0.411,0.123,0.043,0.372,0.007,0.015,PA-2010-002 E,M. sinensis,118,504,3,2018,NA,NA,NA,NA,NA,NA,NA,NA
PA-2010-003-B(20)-b,US naturalized,39.964,-75.396,0.027,0.012,0.369,0.132,0.038,0.397,0.012,0.012,PA-2010-003-B(20)-b,M. sinensis,124,388,3,2017,NA,NA,NA,NA,NA,NA,NA,NA
PA-2010-003-B(20)-b,US naturalized,39.964,-75.396,0.027,0.012,0.369,0.132,0.038,0.397,0.012,0.012,PA-2010-003-B(20)-b,M. sinensis,124,17,1,2018,NA,NA,NA,NA,NA,NA,NA,NA
PA-2010-003-B(20)-b,US naturalized,39.964,-75.396,0.027,0.012,0.369,0.132,0.038,0.397,0.012,0.012,PA-2010-003-B(20)-b,M. sinensis,124,627,4,2018,NA,NA,NA,NA,NA,NA,NA,NA
PA-2010-003-B(20)-b,US naturalized,39.964,-75.396,0.027,0.012,0.369,0.132,0.038,0.397,0.012,0.012,PA-2010-003-B(20)-b,M. sinensis,124,627,4,2017,NA,NA,NA,NA,NA,NA,NA,NA
PA-2010-003-B(20)-b,US naturalized,39.964,-75.396,0.027,0.012,0.369,0.132,0.038,0.397,0.012,0.012,PA-2010-003-B(20)-b,M. sinensis,124,388,3,2018,NA,NA,NA,NA,NA,NA,NA,NA
PA-2010-003-B(20)-b,US naturalized,39.964,-75.396,0.027,0.012,0.369,0.132,0.038,0.397,0.012,0.012,PA-2010-003-B(20)-b,M. sinensis,124,17,1,2017,NA,NA,NA,NA,NA,NA,NA,NA
PA-2010-003-B(20)-b,US naturalized,39.964,-75.396,0.027,0.012,0.369,0.132,0.038,0.397,0.012,0.012,PA-2010-003-B(20)-b,M. sinensis,124,173,2,2018,NA,NA,NA,NA,NA,NA,NA,NA
PA-2010-003-B(20)-b,US naturalized,39.964,-75.396,0.027,0.012,0.369,0.132,0.038,0.397,0.012,0.012,PA-2010-003-B(20)-b,M. sinensis,124,173,2,2017,NA,NA,NA,NA,NA,NA,NA,NA
PA-2010-003-B(20)-c,US naturalized,39.964,-75.396,0.018,0.012,0.431,0.121,0.035,0.37,0.006,0.008,PA-2010-003-B(20)-c,M. sinensis,125,567,4,2018,NA,NA,NA,NA,NA,NA,NA,NA
PA-2010-003-B(20)-c,US naturalized,39.964,-75.396,0.018,0.012,0.431,0.121,0.035,0.37,0.006,0.008,PA-2010-003-B(20)-c,M. sinensis,125,301,2,2018,NA,NA,NA,NA,NA,NA,NA,NA
PA-2010-003-B(20)-c,US naturalized,39.964,-75.396,0.018,0.012,0.431,0.121,0.035,0.37,0.006,0.008,PA-2010-003-B(20)-c,M. sinensis,125,567,4,2017,NA,NA,NA,NA,NA,NA,NA,NA
PA-2010-003-B(20)-c,US naturalized,39.964,-75.396,0.018,0.012,0.431,0.121,0.035,0.37,0.006,0.008,PA-2010-003-B(20)-c,M. sinensis,125,83,1,2017,NA,NA,NA,NA,NA,NA,NA,NA
PA-2010-003-B(20)-c,US naturalized,39.964,-75.396,0.018,0.012,0.431,0.121,0.035,0.37,0.006,0.008,PA-2010-003-B(20)-c,M. sinensis,125,448,3,2018,NA,NA,NA,NA,NA,NA,NA,NA
PA-2010-003-B(20)-c,US naturalized,39.964,-75.396,0.018,0.012,0.431,0.121,0.035,0.37,0.006,0.008,PA-2010-003-B(20)-c,M. sinensis,125,83,1,2018,NA,NA,NA,NA,NA,NA,NA,NA
PA-2010-003-B(20)-c,US naturalized,39.964,-75.396,0.018,0.012,0.431,0.121,0.035,0.37,0.006,0.008,PA-2010-003-B(20)-c,M. sinensis,125,301,2,2017,NA,NA,NA,NA,NA,NA,NA,NA
PA-2010-003-B(20)-c,US naturalized,39.964,-75.396,0.018,0.012,0.431,0.121,0.035,0.37,0.006,0.008,PA-2010-003-B(20)-c,M. sinensis,125,448,3,2017,NA,NA,NA,NA,NA,NA,NA,NA
PI230189,SE China/tropical,NA,NA,0,0,0.002,0.004,0.881,0.001,0.012,0.1,M. floridulus  'US56-0022-03',M. floridulus,10,661,4,2018,NA,125.6117283,2.411050822,1.553498768,NA,19.8939556,4.65396035,7.99589328
PI230189,SE China/tropical,NA,NA,0,0,0.002,0.004,0.881,0.001,0.012,0.1,M. floridulus  'US56-0022-03',M. floridulus,10,501,3,2018,3.178364234,139.6233752,2.285010466,1.855268199,5.069207882,19.45294474,4.59511985,NA
PI230189,SE China/tropical,NA,NA,0,0,0.002,0.004,0.881,0.001,0.012,0.1,M. floridulus  'US56-0022-03',M. floridulus,10,501,3,2017,3.195843405,180.4059753,2.270305756,1.86752075,5.069207882,19.96607304,NA,7.794895337
PI230189,SE China/tropical,NA,NA,0,0,0.002,0.004,0.881,0.001,0.012,0.1,M. floridulus  'US56-0022-03',M. floridulus,10,30,1,2017,3.129368498,159.1803847,2.154845406,1.555303408,5.069207882,17.60840407,NA,7.421490321
PI230189,SE China/tropical,NA,NA,0,0,0.002,0.004,0.881,0.001,0.012,0.1,M. floridulus  'US56-0022-03',M. floridulus,10,281,2,2018,3.30129303,144.6586216,2.43625906,2.15531651,5.069207882,17.86489095,4.700480366,7.285881915
PI230189,SE China/tropical,NA,NA,0,0,0.002,0.004,0.881,0.001,0.012,0.1,M. floridulus  'US56-0022-03',M. floridulus,10,281,2,2017,NA,191.735493,2.441056058,1.555303408,4.650105857,16.52384141,NA,7.69925978
PI230189,SE China/tropical,NA,NA,0,0,0.002,0.004,0.881,0.001,0.012,0.1,M. floridulus  'US56-0022-03',M. floridulus,10,661,4,2017,3.076615946,169.6317031,2.378865808,1.044512761,4.794988428,20.10917019,NA,8.083049699
PI230189,SE China/tropical,NA,NA,0,0,0.002,0.004,0.881,0.001,0.012,0.1,M. floridulus  'US56-0022-03',M. floridulus,10,30,1,2018,3.017378314,NA,2.154845406,1.666791332,5.069207882,17.86489095,3.912023005,7.331364482
PI294602,SE China/tropical,NA,NA,0.001,0.001,0.007,0.019,0.848,0.026,0.018,0.08,M. sinensis  'US64-0004-02',M. sinensis,78,598,4,2017,3.708509904,155.274132,2.154845406,2.304170769,4.342092761,21.9726988,NA,7.990351339
PI294602,SE China/tropical,NA,NA,0.001,0.001,0.007,0.019,0.848,0.026,0.018,0.08,M. sinensis  'US64-0004-02',M. sinensis,78,58,1,2018,NA,116.6236135,1.682101541,0.864526179,4.342092761,20.93793088,NA,NA
PI294602,SE China/tropical,NA,NA,0.001,0.001,0.007,0.019,0.848,0.026,0.018,0.08,M. sinensis  'US64-0004-02',M. sinensis,78,357,3,2017,2.607222547,131.6413666,1.678021153,1.555303408,4.342092761,23.45787409,NA,7.390799176
PI294602,SE China/tropical,NA,NA,0.001,0.001,0.007,0.019,0.848,0.026,0.018,0.08,M. sinensis  'US64-0004-02',M. sinensis,78,294,2,2018,3.481164091,153.0408671,2.218570698,2.299572166,4.177589711,21.72083491,4.957515772,8.908301282
PI294602,SE China/tropical,NA,NA,0.001,0.001,0.007,0.019,0.848,0.026,0.018,0.08,M. sinensis  'US64-0004-02',M. sinensis,78,357,3,2018,2.852962054,130.0995827,2.034605137,2.022310854,4.650105857,22.46394738,4.852030264,8.1326592
PI294602,SE China/tropical,NA,NA,0.001,0.001,0.007,0.019,0.848,0.026,0.018,0.08,M. sinensis  'US64-0004-02',M. sinensis,78,598,4,2018,NA,164.7565268,2.235410471,1.886027801,5.069207882,20.93793088,4.709530201,8.287017539
PI294602,SE China/tropical,NA,NA,0.001,0.001,0.007,0.019,0.848,0.026,0.018,0.08,M. sinensis  'US64-0004-02',M. sinensis,78,294,2,2017,2.44708411,138.5038093,1.898648307,1.15155724,4.650105857,22.46394738,NA,8.235194217
PI294602,SE China/tropical,NA,NA,0.001,0.001,0.007,0.019,0.848,0.026,0.018,0.08,M. sinensis  'US64-0004-02',M. sinensis,78,58,1,2017,2.708772613,80.47754786,2.259086094,0.25700515,4.342092761,19.82145188,NA,NA
PI294605,SE China/tropical,NA,NA,0.001,0,0.32,0.042,0.387,0.185,0.005,0.06,M. sinensis var. condensatus  'US64-0007-01',M. sinensis var. condensatus,85,237,2,2017,NA,85.5820336,0.931760078,0.145789256,3.630709444,13.48609704,NA,4.311226649
PI294605,SE China/tropical,NA,NA,0.001,0,0.32,0.042,0.387,0.185,0.005,0.06,M. sinensis var. condensatus  'US64-0007-01',M. sinensis var. condensatus,85,466,3,2017,1.083894321,88.41449876,0.99356259,0.859527611,3.207211175,9.788816859,NA,3.110766166
PI294605,SE China/tropical,NA,NA,0.001,0,0.32,0.042,0.387,0.185,0.005,0.06,M. sinensis var. condensatus  'US64-0007-01',M. sinensis var. condensatus,85,237,2,2018,NA,23.30154539,1.107561052,0.215813472,2.431354221,9.788816859,1.791759469,2.746222408
PI294605,SE China/tropical,NA,NA,0.001,0,0.32,0.042,0.387,0.185,0.005,0.06,M. sinensis var. condensatus  'US64-0007-01',M. sinensis var. condensatus,85,52,1,2017,0.520063392,23.00184083,1.597539554,0.859527611,3.630709444,12.83334578,NA,2.454692805
PI294605,SE China/tropical,NA,NA,0.001,0,0.32,0.042,0.387,0.185,0.005,0.06,M. sinensis var. condensatus  'US64-0007-01',M. sinensis var. condensatus,85,512,4,2018,NA,NA,NA,NA,NA,NA,NA,NA
PI294605,SE China/tropical,NA,NA,0.001,0,0.32,0.042,0.387,0.185,0.005,0.06,M. sinensis var. condensatus  'US64-0007-01',M. sinensis var. condensatus,85,512,4,2017,NA,NA,NA,NA,NA,NA,NA,NA
PI294605,SE China/tropical,NA,NA,0.001,0,0.32,0.042,0.387,0.185,0.005,0.06,M. sinensis var. condensatus  'US64-0007-01',M. sinensis var. condensatus,85,52,1,2018,NA,NA,NA,NA,NA,NA,NA,NA
PI294605,SE China/tropical,NA,NA,0.001,0,0.32,0.042,0.387,0.185,0.005,0.06,M. sinensis var. condensatus  'US64-0007-01',M. sinensis var. condensatus,85,466,3,2018,1.146329552,122.2431667,1.529344161,0.864526179,2.431354221,11.04347717,2.995732274,4.98780546
PI295762,SE China/tropical,NA,NA,0,0.012,0.001,0,0.862,0,0.043,0.082,M. floridulus  'PI295762',M. floridulus,9,418,3,2018,3.150695908,131.2209259,2.149590806,1.03379852,4.794988428,26.30723245,5.866638014,9.762203203
PI295762,SE China/tropical,NA,NA,0,0.012,0.001,0,0.862,0,0.043,0.082,M. floridulus  'PI295762',M. floridulus,9,418,3,2017,3.499564728,172.276726,1.992633408,0.859527611,4.342092761,25.12359838,NA,9.322282742
PI295762,SE China/tropical,NA,NA,0,0.012,0.001,0,0.862,0,0.043,0.082,M. floridulus  'PI295762',M. floridulus,9,574,4,2017,NA,172.555089,2.178537465,2.16232785,NA,23.84936722,NA,9.667645068
PI295762,SE China/tropical,NA,NA,0,0.012,0.001,0,0.862,0,0.043,0.082,M. floridulus  'PI295762',M. floridulus,9,277,2,2018,3.751238026,148.5718332,2.431244721,1.249074574,5.069207882,NA,5.969116683,9.856492492
PI295762,SE China/tropical,NA,NA,0,0.012,0.001,0,0.862,0,0.043,0.082,M. floridulus  'PI295762',M. floridulus,9,574,4,2018,3.63103333,173.1117806,2.290438944,1.586136074,4.650105857,25.72569593,6.025914282,9.997336479
PI295762,SE China/tropical,NA,NA,0,0.012,0.001,0,0.862,0,0.043,0.082,M. floridulus  'PI295762',M. floridulus,9,42,1,2018,3.315562685,135.7038823,2.349111347,1.12484051,4.650105857,24.76209563,5.595603175,10.00940892
PI295762,SE China/tropical,NA,NA,0,0.012,0.001,0,0.862,0,0.043,0.082,M. floridulus  'PI295762',M. floridulus,9,42,1,2017,3.362640643,78.20628298,2.259086094,0.859527611,5.069207882,NA,NA,9.532439652
PI295762,SE China/tropical,NA,NA,0,0.012,0.001,0,0.862,0,0.043,0.082,M. floridulus  'PI295762',M. floridulus,9,277,2,2017,3.139503726,147.5937791,2.196103428,1.026397857,4.499350236,25.62682464,NA,9.482548504
PI295764,SE China/tropical,NA,NA,0,0,0.004,0.008,0.892,0.003,0.005,0.087,M. sinensis  'Gracillimus'--PI295764,M. sinensis,38,73,1,2018,3.449442249,169.7709409,2.617495084,1.504124822,4.177589711,23.1721343,5.009701525,8.208662184
PI295764,SE China/tropical,NA,NA,0,0,0.004,0.008,0.892,0.003,0.005,0.087,M. sinensis  'Gracillimus'--PI295764,M. sinensis,38,232,2,2018,3.056703905,157.506579,2.500246897,2.052141149,4.342092761,20.93793088,4.716353715,8.202338166
PI295764,SE China/tropical,NA,NA,0,0,0.004,0.008,0.892,0.003,0.005,0.087,M. sinensis  'Gracillimus'--PI295764,M. sinensis,38,488,3,2017,2.944728505,180.9007409,2.430834789,1.080502802,3.630709444,21.00483129,NA,NA
PI295764,SE China/tropical,NA,NA,0,0,0.004,0.008,0.892,0.003,0.005,0.087,M. sinensis  'Gracillimus'--PI295764,M. sinensis,38,667,4,2017,NA,174.7815824,2.578582833,2.710879674,3.823100012,19.45294474,NA,7.671988155
PI295764,SE China/tropical,NA,NA,0,0,0.004,0.008,0.892,0.003,0.005,0.087,M. sinensis  'Gracillimus'--PI295764,M. sinensis,38,667,4,2018,2.924479453,152.4824216,2.500246897,1.420674264,4.177589711,20.10917019,4.930364783,8.524044253
PI295764,SE China/tropical,NA,NA,0,0,0.004,0.008,0.892,0.003,0.005,0.087,M. sinensis  'Gracillimus'--PI295764,M. sinensis,38,73,1,2017,2.448783539,105.3634612,1.652688905,1.555303408,4.342092761,22.40341582,NA,8.14638154
PI295764,SE China/tropical,NA,NA,0,0,0.004,0.008,0.892,0.003,0.005,0.087,M. sinensis  'Gracillimus'--PI295764,M. sinensis,38,232,2,2017,3.03536562,150.2481167,2.201920819,1.116181213,4.650105857,20.10917019,NA,8.166734276
PI295764,SE China/tropical,NA,NA,0,0,0.004,0.008,0.892,0.003,0.005,0.087,M. sinensis  'Gracillimus'--PI295764,M. sinensis,38,488,3,2018,NA,187.5701779,2.680125319,2.052141149,4.342092761,21.39977741,NA,NA
PI302423,SE China/tropical,NA,NA,0.001,0,0.065,0.012,0.808,0.018,0.007,0.089,M. sp  'US64-0016-03',M. sp,91,202,2,2017,2.717439781,90.67881229,2.005655162,1.186639666,4.00495146,26.30723245,NA,8.27832437
PI302423,SE China/tropical,NA,NA,0.001,0,0.065,0.012,0.808,0.018,0.007,0.089,M. sp  'US64-0016-03',M. sp,91,473,3,2018,3.102046898,142.4212945,2.149590806,1.87067029,4.177589711,23.40114313,NA,NA
PI302423,SE China/tropical,NA,NA,0.001,0,0.065,0.012,0.808,0.018,0.007,0.089,M. sp  'US64-0016-03',M. sp,91,202,2,2018,2.627127762,83.31435353,2.218570698,1.070457412,3.630709444,NA,NA,NA
PI302423,SE China/tropical,NA,NA,0.001,0,0.065,0.012,0.808,0.018,0.007,0.089,M. sp  'US64-0016-03',M. sp,91,48,1,2017,0.790109541,100.0043494,1.712237305,1.080502802,4.00495146,NA,NA,NA
PI302423,SE China/tropical,NA,NA,0.001,0,0.065,0.012,0.808,0.018,0.007,0.089,M. sp  'US64-0016-03',M. sp,91,653,4,2018,2.887148585,148.5718332,2.37517268,1.962162093,3.630709444,22.46394738,4.540098189,7.932737903
PI302423,SE China/tropical,NA,NA,0.001,0,0.065,0.012,0.808,0.018,0.007,0.089,M. sp  'US64-0016-03',M. sp,91,48,1,2018,1.096610706,91.52755849,1.704985986,0.767150844,3.426120123,NA,NA,NA
PI302423,SE China/tropical,NA,NA,0.001,0,0.065,0.012,0.808,0.018,0.007,0.089,M. sp  'US64-0016-03',M. sp,91,473,3,2017,2.484063475,146.6155599,2.154845406,1.86752075,3.823100012,23.1721343,NA,8.336744578
PI302423,SE China/tropical,NA,NA,0.001,0,0.065,0.012,0.808,0.018,0.007,0.089,M. sp  'US64-0016-03',M. sp,91,653,4,2017,2.660272984,166.9856286,1.992633408,0.23877105,4.00495146,22.46394738,NA,NA
PI417947,SE China/tropical,NA,NA,0,0.001,0.035,0,0.841,0.002,0.037,0.082,M. floridulus  'NG77-022',M. floridulus,8,255,2,2017,NA,NA,NA,NA,NA,NA,NA,NA
PI417947,SE China/tropical,NA,NA,0,0.001,0.035,0,0.841,0.002,0.037,0.082,M. floridulus  'NG77-022',M. floridulus,8,460,3,2018,NA,NA,NA,NA,NA,NA,NA,NA
PI417947,SE China/tropical,NA,NA,0,0.001,0.035,0,0.841,0.002,0.037,0.082,M. floridulus  'NG77-022',M. floridulus,8,163,1,2018,NA,NA,NA,NA,NA,NA,NA,NA
PI417947,SE China/tropical,NA,NA,0,0.001,0.035,0,0.841,0.002,0.037,0.082,M. floridulus  'NG77-022',M. floridulus,8,163,1,2017,NA,NA,NA,NA,NA,NA,NA,NA
PI417947,SE China/tropical,NA,NA,0,0.001,0.035,0,0.841,0.002,0.037,0.082,M. floridulus  'NG77-022',M. floridulus,8,460,3,2017,NA,NA,NA,NA,NA,NA,NA,NA
PI417947,SE China/tropical,NA,NA,0,0.001,0.035,0,0.841,0.002,0.037,0.082,M. floridulus  'NG77-022',M. floridulus,8,546,4,2017,NA,NA,NA,NA,NA,NA,NA,NA
PI417947,SE China/tropical,NA,NA,0,0.001,0.035,0,0.841,0.002,0.037,0.082,M. floridulus  'NG77-022',M. floridulus,8,546,4,2018,NA,NA,NA,NA,NA,NA,NA,NA
PI417947,SE China/tropical,NA,NA,0,0.001,0.035,0,0.841,0.002,0.037,0.082,M. floridulus  'NG77-022',M. floridulus,8,255,2,2018,NA,NA,NA,NA,NA,NA,NA,NA
PI423566,SE China/tropical,NA,NA,0,0,0.017,0.007,0.84,0.053,0.01,0.071,M. sp  'M75-062',M. sp,90,28,1,2017,0.620530617,82.74719077,1.367646796,1.066144715,4.650105857,18.99677047,NA,7.626938109
PI423566,SE China/tropical,NA,NA,0,0,0.017,0.007,0.84,0.053,0.01,0.071,M. sp  'M75-062',M. sp,90,343,3,2017,2.228767629,101.4153335,1.646295151,1.186639666,4.177589711,21.9726988,NA,8.189999355
PI423566,SE China/tropical,NA,NA,0,0,0.017,0.007,0.84,0.053,0.01,0.071,M. sp  'M75-062',M. sp,90,634,4,2017,1.670455904,74.2275177,1.597539554,0.416238758,4.00495146,19.45294474,NA,7.34899678
PI423566,SE China/tropical,NA,NA,0,0,0.017,0.007,0.84,0.053,0.01,0.071,M. sp  'M75-062',M. sp,90,634,4,2018,1.525491059,112.1230244,1.224080304,1.178526254,3.426120123,18.99677047,4.363098625,7.2784246
PI423566,SE China/tropical,NA,NA,0,0,0.017,0.007,0.84,0.053,0.01,0.071,M. sp  'M75-062',M. sp,90,269,2,2017,1.661981752,116.6236135,1.597539554,0.934572751,3.630709444,20.10917019,NA,7.081459343
PI423566,SE China/tropical,NA,NA,0,0,0.017,0.007,0.84,0.053,0.01,0.071,M. sp  'M75-062',M. sp,90,269,2,2018,1.965840449,127.8561564,1.284130787,0.605683942,3.426120123,20.10917019,4.532599493,7.799181424
PI423566,SE China/tropical,NA,NA,0,0,0.017,0.007,0.84,0.053,0.01,0.071,M. sp  'M75-062',M. sp,90,343,3,2018,2.341671507,132.6222623,1.554425607,1.052169157,3.630709444,21.13769496,4.859812404,8.418992655
PI423566,SE China/tropical,NA,NA,0,0,0.017,0.007,0.84,0.053,0.01,0.071,M. sp  'M75-062',M. sp,90,28,1,2018,1.812676253,109.8710185,1.254393818,1.015344188,3.823100012,19.22683781,4.442651256,6.955172825
PMS-007,Yangtze-Qinling,30.8,110.26,0.049,0.55,0,0.001,0.118,0.003,0.003,0.277,Miscanthus sinensis  'PMS-007',M. sinensis,145,117,1,2018,NA,NA,NA,NA,NA,NA,NA,NA
PMS-007,Yangtze-Qinling,30.8,110.26,0.049,0.55,0,0.001,0.118,0.003,0.003,0.277,Miscanthus sinensis  'PMS-007',M. sinensis,145,365,3,2017,NA,NA,NA,NA,NA,NA,NA,NA
PMS-007,Yangtze-Qinling,30.8,110.26,0.049,0.55,0,0.001,0.118,0.003,0.003,0.277,Miscanthus sinensis  'PMS-007',M. sinensis,145,577,4,2017,NA,NA,NA,NA,NA,NA,NA,NA
PMS-007,Yangtze-Qinling,30.8,110.26,0.049,0.55,0,0.001,0.118,0.003,0.003,0.277,Miscanthus sinensis  'PMS-007',M. sinensis,145,310,2,2018,NA,NA,NA,NA,NA,NA,NA,NA
PMS-007,Yangtze-Qinling,30.8,110.26,0.049,0.55,0,0.001,0.118,0.003,0.003,0.277,Miscanthus sinensis  'PMS-007',M. sinensis,145,310,2,2017,NA,NA,NA,NA,NA,NA,NA,NA
PMS-007,Yangtze-Qinling,30.8,110.26,0.049,0.55,0,0.001,0.118,0.003,0.003,0.277,Miscanthus sinensis  'PMS-007',M. sinensis,145,365,3,2018,NA,NA,NA,NA,NA,NA,NA,NA
PMS-007,Yangtze-Qinling,30.8,110.26,0.049,0.55,0,0.001,0.118,0.003,0.003,0.277,Miscanthus sinensis  'PMS-007',M. sinensis,145,117,1,2017,NA,NA,NA,NA,NA,NA,NA,NA
PMS-007,Yangtze-Qinling,30.8,110.26,0.049,0.55,0,0.001,0.118,0.003,0.003,0.277,Miscanthus sinensis  'PMS-007',M. sinensis,145,577,4,2018,NA,NA,NA,NA,NA,NA,NA,NA
PMS-009,Sichuan,30.58,109.71,0.032,0.201,0.002,0.001,0.111,0.022,0.007,0.624,PMS-009,M. sinensis,126,542,4,2018,1.289268678,127.8561564,1.433920935,1.070457412,2.431354221,17.77999059,3.761200116,6.912133887
PMS-009,Sichuan,30.58,109.71,0.032,0.201,0.002,0.001,0.111,0.022,0.007,0.624,PMS-009,M. sinensis,126,421,3,2017,2.085871165,140.4628996,1.709155469,1.186639666,2.971203683,19.22683781,NA,7.155463761
PMS-009,Sichuan,30.58,109.71,0.032,0.201,0.002,0.001,0.111,0.022,0.007,0.624,PMS-009,M. sinensis,126,314,2,2018,0.45985206,110.2933583,0.869640459,0.584963163,2.431354221,17.25777262,3.295836866,5.428806315
PMS-009,Sichuan,30.58,109.71,0.032,0.201,0.002,0.001,0.111,0.022,0.007,0.624,PMS-009,M. sinensis,126,314,2,2017,1.610082544,126.8743435,1.597539554,0.859527611,3.426120123,18.84110094,NA,5.300748246
PMS-009,Sichuan,30.58,109.71,0.032,0.201,0.002,0.001,0.111,0.022,0.007,0.624,PMS-009,M. sinensis,126,67,1,2017,1.822878042,118.3101877,1.718384053,1.555303408,2.971203683,18.28087623,NA,6.772875687
PMS-009,Sichuan,30.58,109.71,0.032,0.201,0.002,0.001,0.111,0.022,0.007,0.624,PMS-009,M. sinensis,126,542,4,2017,1.550167042,132.0617731,1.724508388,1.044512761,3.207211175,18.68353056,NA,7.068250305
PMS-009,Sichuan,30.58,109.71,0.032,0.201,0.002,0.001,0.111,0.022,0.007,0.624,PMS-009,M. sinensis,126,67,1,2018,1.367820514,112.1230244,1.424960007,1.070457412,2.714342776,18.28087623,3.90197267,7.026046628
PMS-009,Sichuan,30.58,109.71,0.032,0.201,0.002,0.001,0.111,0.022,0.007,0.624,PMS-009,M. sinensis,126,421,3,2018,1.690041235,128.9779937,1.712545178,1.36987501,2.114445816,19.22683781,4.436751534,7.808806441
PMS-014,Sichuan,29.66,109.12,0.03,0.076,0.001,0.01,0.128,0.001,0.005,0.749,PMS-014,M. sinensis,127,403,3,2017,2.906560623,182.5686791,1.898648307,1.555303408,3.426120123,19.22683781,NA,7.939157123
PMS-014,Sichuan,29.66,109.12,0.03,0.076,0.001,0.01,0.128,0.001,0.005,0.749,PMS-014,M. sinensis,127,68,1,2018,3.124844812,192.0130981,2.028341008,1.454232902,4.00495146,17.60840407,3.988984047,NA
PMS-014,Sichuan,29.66,109.12,0.03,0.076,0.001,0.01,0.128,0.001,0.005,0.749,PMS-014,M. sinensis,127,312,2,2018,3.491307809,NA,2.172879869,1.808789845,3.630709444,18.28087623,4.579852378,7.97407456
PMS-014,Sichuan,29.66,109.12,0.03,0.076,0.001,0.01,0.128,0.001,0.005,0.749,PMS-014,M. sinensis,127,605,4,2017,3.114622999,182.2907165,1.966295057,1.555303408,3.426120123,18.68353056,NA,8.111567226
PMS-014,Sichuan,29.66,109.12,0.03,0.076,0.001,0.01,0.128,0.001,0.005,0.749,PMS-014,M. sinensis,127,68,1,2017,NA,202.5546437,2.211189731,1.86752075,3.426120123,17.5216959,NA,NA
PMS-014,Sichuan,29.66,109.12,0.03,0.076,0.001,0.01,0.128,0.001,0.005,0.749,PMS-014,M. sinensis,127,312,2,2017,2.93083332,168.9354703,1.898648307,1.555303408,3.630709444,19.22683781,NA,7.763777535
PMS-014,Sichuan,29.66,109.12,0.03,0.076,0.001,0.01,0.128,0.001,0.005,0.749,PMS-014,M. sinensis,127,605,4,2018,2.436849644,160.2960059,1.857033311,1.586136074,2.714342776,18.28087623,4.369447852,7.907031629
PMS-014,Sichuan,29.66,109.12,0.03,0.076,0.001,0.01,0.128,0.001,0.005,0.749,PMS-014,M. sinensis,127,403,3,2018,2.334390064,190.3473135,1.904845945,1.249074574,3.207211175,18.3624377,4.527208645,8.067148874
PMS-023,Sichuan,29.9,107.7,0.009,0.012,0.003,0.012,0.056,0,0,0.909,Miscanthus sinensis  'PMS-023',M. sinensis,146,451,3,2017,2.8910489,156.9485432,1.597539554,1.555303408,3.823100012,17.77999059,NA,7.145804737
PMS-023,Sichuan,29.9,107.7,0.009,0.012,0.003,0.012,0.056,0,0,0.909,Miscanthus sinensis  'PMS-023',M. sinensis,146,509,4,2018,3.181654992,187.0146254,1.870830271,1.808789845,4.177589711,18.68353056,4.919980926,8.780746055
PMS-023,Sichuan,29.9,107.7,0.009,0.012,0.003,0.012,0.056,0,0,0.909,Miscanthus sinensis  'PMS-023',M. sinensis,146,313,2,2017,2.728925897,142.0016965,1.693660718,1.555303408,4.00495146,17.94921018,NA,6.955514949
PMS-023,Sichuan,29.9,107.7,0.009,0.012,0.003,0.012,0.056,0,0,0.909,Miscanthus sinensis  'PMS-023',M. sinensis,146,451,3,2018,2.798969196,168.0998945,1.898096327,1.569844848,3.630709444,17.86489095,4.448516376,8.186227134
PMS-023,Sichuan,29.9,107.7,0.009,0.012,0.003,0.012,0.056,0,0,0.909,Miscanthus sinensis  'PMS-023',M. sinensis,146,123,1,2017,2.560340916,140.7427126,1.724508388,1.555303408,3.630709444,17.25777262,NA,7.412543672
PMS-023,Sichuan,29.9,107.7,0.009,0.012,0.003,0.012,0.056,0,0,0.909,Miscanthus sinensis  'PMS-023',M. sinensis,146,313,2,2018,2.588631119,153.5992607,1.764529061,1.666791332,3.823100012,16.80448032,4.324132656,7.424233812
PMS-023,Sichuan,29.9,107.7,0.009,0.012,0.003,0.012,0.056,0,0,0.909,Miscanthus sinensis  'PMS-023',M. sinensis,146,123,1,2018,2.86355516,158.6224995,1.904845945,1.824328445,4.342092761,17.60840407,4.406719247,7.706227707
PMS-023,Sichuan,29.9,107.7,0.009,0.012,0.003,0.012,0.056,0,0,0.909,Miscanthus sinensis  'PMS-023',M. sinensis,146,509,4,2017,NA,NA,NA,NA,NA,13.85752379,NA,NA
PMS-038,Sichuan,30.58,105.24,0.003,0.137,0.002,0.006,0.009,0.003,0.01,0.828,PMS-038,M. sinensis,128,453,3,2017,2.664741458,135.7038823,1.693660718,1.682515242,3.630709444,18.76255713,NA,6.82266806
PMS-038,Sichuan,30.58,105.24,0.003,0.137,0.002,0.006,0.009,0.003,0.01,0.828,PMS-038,M. sinensis,128,645,4,2018,2.510435247,130.0995827,1.720070472,1.839821072,3.630709444,19.22683781,3.63758616,6.970579181
PMS-038,Sichuan,30.58,105.24,0.003,0.137,0.002,0.006,0.009,0.003,0.01,0.828,PMS-038,M. sinensis,128,453,3,2018,2.744590518,136.8240278,1.836127333,1.992318872,3.823100012,19.74855645,4.069026754,7.04880419
PMS-038,Sichuan,30.58,105.24,0.003,0.137,0.002,0.006,0.009,0.003,0.01,0.828,PMS-038,M. sinensis,128,645,4,2017,2.397001485,133.74306,1.662233692,1.15155724,4.00495146,19.22683781,NA,6.936831895
PMS-038,Sichuan,30.58,105.24,0.003,0.137,0.002,0.006,0.009,0.003,0.01,0.828,PMS-038,M. sinensis,128,291,2,2017,2.26730642,132.3420252,1.386542223,1.186639666,3.630709444,19.52746379,NA,6.874221121
PMS-038,Sichuan,30.58,105.24,0.003,0.137,0.002,0.006,0.009,0.003,0.01,0.828,PMS-038,M. sinensis,128,11,1,2017,2.057820572,133.462883,1.718384053,1.087663112,4.177589711,19.30263806,NA,7.763777535
PMS-038,Sichuan,30.58,105.24,0.003,0.137,0.002,0.006,0.009,0.003,0.01,0.828,PMS-038,M. sinensis,128,291,2,2018,2.505523177,137.384013,1.433920935,1.761893357,4.00495146,19.52746379,4.166665224,7.041654438
PMS-038,Sichuan,30.58,105.24,0.003,0.137,0.002,0.006,0.009,0.003,0.01,0.828,PMS-038,M. sinensis,128,11,1,2018,2.568248671,140.7427126,1.904845945,1.886027801,3.823100012,20.39095495,4.17438727,7.599117075
PMS-067,Sichuan,30.56,104.3,0,0.103,0.001,0.023,0.006,0,0.001,0.865,Miscanthus sinensis  'PMS-067',M. sinensis,147,413,3,2018,3.089378377,170.8847387,1.898096327,1.824328445,3.823100012,19.22683781,4.584967479,8.081235711
PMS-067,Sichuan,30.56,104.3,0,0.103,0.001,0.023,0.006,0,0.001,0.865,Miscanthus sinensis  'PMS-067',M. sinensis,147,94,1,2018,3.037749705,165.8711731,1.870830271,1.901341182,3.426120123,16.89654353,4.350277936,7.338942549
PMS-067,Sichuan,30.56,104.3,0,0.103,0.001,0.023,0.006,0,0.001,0.865,Miscanthus sinensis  'PMS-067',M. sinensis,147,211,2,2018,2.536384447,165.8711731,1.635368971,1.420674264,4.00495146,18.28087623,4.460144414,7.939799609
PMS-067,Sichuan,30.56,104.3,0,0.103,0.001,0.023,0.006,0,0.001,0.865,Miscanthus sinensis  'PMS-067',M. sinensis,147,413,3,2017,3.39010282,159.7382201,1.739722363,1.713816411,3.823100012,19.22683781,NA,7.69925978
PMS-067,Sichuan,30.56,104.3,0,0.103,0.001,0.023,0.006,0,0.001,0.865,Miscanthus sinensis  'PMS-067',M. sinensis,147,211,2,2017,3.026995076,155.79716,1.898648307,1.15155724,4.00495146,17.25777262,NA,7.33083597
PMS-067,Sichuan,30.56,104.3,0,0.103,0.001,0.023,0.006,0,0.001,0.865,Miscanthus sinensis  'PMS-067',M. sinensis,147,651,4,2018,3.03297821,183.1245721,1.503871301,1.537097183,3.823100012,18.68353056,4.297285406,8.016516527
PMS-067,Sichuan,30.56,104.3,0,0.103,0.001,0.023,0.006,0,0.001,0.865,Miscanthus sinensis  'PMS-067',M. sinensis,147,94,1,2017,2.257759837,149.6894087,1.597539554,1.080502802,3.630709444,17.25777262,NA,NA
PMS-067,Sichuan,30.56,104.3,0,0.103,0.001,0.023,0.006,0,0.001,0.865,Miscanthus sinensis  'PMS-067',M. sinensis,147,651,4,2017,2.785194214,179.2324104,1.739722363,1.116181213,3.823100012,17.25777262,NA,7.290305194
PMS-071,M. sacchariflorus 2x,40.39,117.01,0,0,0.001,0.004,0,0,0.991,0.002,Miscanthus sacchariflorus  'PMS-071',M. sacchariflorus,148,306,2,2017,-0.374719346,54.81884287,0.827170108,0.049511328,3.426120123,22.46394738,NA,3.110766166
PMS-071,M. sacchariflorus 2x,40.39,117.01,0,0,0.001,0.004,0,0,0.991,0.002,Miscanthus sacchariflorus  'PMS-071',M. sacchariflorus,148,126,1,2017,-1.318955824,20.65612756,0.760619788,-0.567076741,3.630709444,14.56131682,NA,2.542222471
PMS-071,M. sacchariflorus 2x,40.39,117.01,0,0,0.001,0.004,0,0,0.991,0.002,Miscanthus sacchariflorus  'PMS-071',M. sacchariflorus,148,533,4,2017,0.235164363,95.2031772,0.981405162,-0.857344375,4.177589711,23.40114313,NA,4.762677284
PMS-071,M. sacchariflorus 2x,40.39,117.01,0,0,0.001,0.004,0,0,0.991,0.002,Miscanthus sacchariflorus  'PMS-071',M. sacchariflorus,148,404,3,2018,-0.52306655,72.52069606,0.76260484,0.114975922,3.426120123,12.96755012,1.386294361,1.089578082
PMS-071,M. sacchariflorus 2x,40.39,117.01,0,0,0.001,0.004,0,0,0.991,0.002,Miscanthus sacchariflorus  'PMS-071',M. sacchariflorus,148,404,3,2017,-0.491745343,51.66424097,0.743491775,0,4.177589711,17.69449858,NA,1.908197718
PMS-071,M. sacchariflorus 2x,40.39,117.01,0,0,0.001,0.004,0,0,0.991,0.002,Miscanthus sacchariflorus  'PMS-071',M. sacchariflorus,148,533,4,2018,0.029624428,84.4483864,0.981405162,0.522022021,3.630709444,20.10917019,2.48490665,4.214941889
PMS-071,M. sacchariflorus 2x,40.39,117.01,0,0,0.001,0.004,0,0,0.991,0.002,Miscanthus sacchariflorus  'PMS-071',M. sacchariflorus,148,306,2,2018,-0.491745343,67.96413318,0.776424195,0.210460617,3.823100012,18.11614591,1.386294361,1.946491787
PMS-071,M. sacchariflorus 2x,40.39,117.01,0,0,0.001,0.004,0,0,0.991,0.002,Miscanthus sacchariflorus  'PMS-071',M. sacchariflorus,148,126,1,2018,-1.556017378,17.63579472,0.585407849,-0.580325099,NA,11.5267179,0.405465108,-0.116364229
PMS-074,M. sacchariflorus 2x,40.13,116.17,0,0,0,0,0,0,1,0,Miscanthus sacchariflorus  'PMS-074',M. sacchariflorus,149,128,1,2018,NA,NA,NA,NA,NA,NA,NA,NA
PMS-074,M. sacchariflorus 2x,40.13,116.17,0,0,0,0,0,0,1,0,Miscanthus sacchariflorus  'PMS-074',M. sacchariflorus,149,410,3,2018,2.175191547,154.1576025,1.904845945,1.61855651,2.971203683,14.21553314,2.397895273,4.559111542
PMS-074,M. sacchariflorus 2x,40.13,116.17,0,0,0,0,0,0,1,0,Miscanthus sacchariflorus  'PMS-074',M. sacchariflorus,149,565,4,2017,-0.996046233,43.89986928,0.743491775,-0.857344375,2.971203683,14.89590441,NA,1.832495459
PMS-074,M. sacchariflorus 2x,40.13,116.17,0,0,0,0,0,0,1,0,Miscanthus sacchariflorus  'PMS-074',M. sacchariflorus,149,199,2,2017,NA,NA,NA,NA,NA,NA,NA,NA
PMS-074,M. sacchariflorus 2x,40.13,116.17,0,0,0,0,0,0,1,0,Miscanthus sacchariflorus  'PMS-074',M. sacchariflorus,149,410,3,2017,0.954425518,112.6858455,0.956789491,0.192667703,2.971203683,11.83422853,NA,3.110766166
PMS-074,M. sacchariflorus 2x,40.13,116.17,0,0,0,0,0,0,1,0,Miscanthus sacchariflorus  'PMS-074',M. sacchariflorus,149,565,4,2018,NA,NA,NA,NA,NA,NA,NA,NA
PMS-074,M. sacchariflorus 2x,40.13,116.17,0,0,0,0,0,0,1,0,Miscanthus sacchariflorus  'PMS-074',M. sacchariflorus,149,199,2,2018,NA,NA,NA,NA,NA,NA,NA,NA
PMS-074,M. sacchariflorus 2x,40.13,116.17,0,0,0,0,0,0,1,0,Miscanthus sacchariflorus  'PMS-074',M. sacchariflorus,149,128,1,2017,NA,NA,NA,NA,NA,NA,NA,NA
PMS-075,M. sacchariflorus 2x,40.13,116.18,0.005,0.002,0.012,0.002,0.001,0.001,0.976,0.001,PMS-075,M. sacchariflorus,129,162,1,2017,-0.082862339,60.54296673,0.880395113,0.024876437,3.823100012,20.80317356,NA,4.00242648
PMS-075,M. sacchariflorus 2x,40.13,116.18,0.005,0.002,0.012,0.002,0.001,0.001,0.976,0.001,PMS-075,M. sacchariflorus,129,594,4,2017,0.991394345,105.6453249,1.228654698,0.23877105,4.342092761,NA,NA,NA
PMS-075,M. sacchariflorus 2x,40.13,116.18,0.005,0.002,0.012,0.002,0.001,0.001,0.976,0.001,PMS-075,M. sacchariflorus,129,394,3,2018,-0.476416277,63.39983476,0.691439737,-0.060945937,4.342092761,20.39095495,1.945910149,3.554694274
PMS-075,M. sacchariflorus 2x,40.13,116.18,0.005,0.002,0.012,0.002,0.001,0.001,0.976,0.001,PMS-075,M. sacchariflorus,129,240,2,2017,-0.093646726,78.49028144,0.8672691,0.145789256,2.714342776,18.84110094,NA,4.311226649
PMS-075,M. sacchariflorus 2x,40.13,116.18,0.005,0.002,0.012,0.002,0.001,0.001,0.976,0.001,PMS-075,M. sacchariflorus,129,394,3,2017,0.382113095,68.39163126,0.90630094,0,4.00495146,23.40114313,NA,4.450731005
PMS-075,M. sacchariflorus 2x,40.13,116.18,0.005,0.002,0.012,0.002,0.001,0.001,0.976,0.001,PMS-075,M. sacchariflorus,129,162,1,2018,0.283493781,63.97081405,1.857033311,0.479382808,3.823100012,17.25777262,2.442347035,3.249366736
PMS-075,M. sacchariflorus 2x,40.13,116.18,0.005,0.002,0.012,0.002,0.001,0.001,0.976,0.001,PMS-075,M. sacchariflorus,129,240,2,2018,0,78.20628298,1.005141643,0.233827879,3.630709444,21.91013567,2.397895273,3.662116346
PMS-075,M. sacchariflorus 2x,40.13,116.18,0.005,0.002,0.012,0.002,0.001,0.001,0.976,0.001,PMS-075,M. sacchariflorus,129,594,4,2018,0.986828269,94.07260748,1.370115908,0.584963163,3.630709444,19.22683781,2.302585093,4.111697151
PMS-076,M. sacchariflorus 2x,40.16,116.05,0,0,0,0.005,0,0,0.993,0,Miscanthus sacchariflorus  'PMS-076',M. sacchariflorus,150,359,3,2018,-0.243888367,76.78589715,0.748651638,0.233827879,3.823100012,18.60401343,2.674148649,4.214941889
PMS-076,M. sacchariflorus 2x,40.16,116.05,0,0,0,0.005,0,0,0.993,0,Miscanthus sacchariflorus  'PMS-076',M. sacchariflorus,150,675,4,2018,0.702424555,90.67881229,1.264368978,0.436171136,4.00495146,21.20366573,2.48490665,4.961956689
PMS-076,M. sacchariflorus 2x,40.16,116.05,0,0,0,0.005,0,0,0.993,0,Miscanthus sacchariflorus  'PMS-076',M. sacchariflorus,150,110,1,2018,-0.446388258,53.67225751,0.734561636,0.090569175,3.823100012,5.583070667,0.693147181,1.079007416
PMS-076,M. sacchariflorus 2x,40.16,116.05,0,0,0,0.005,0,0,0.993,0,Miscanthus sacchariflorus  'PMS-076',M. sacchariflorus,150,174,2,2017,-0.658330249,73.65868856,0.385717939,0.145789256,4.177589711,NA,NA,5.227716097
PMS-076,M. sacchariflorus 2x,40.16,116.05,0,0,0,0.005,0,0,0.993,0,Miscanthus sacchariflorus  'PMS-076',M. sacchariflorus,150,359,3,2017,NA,NA,NA,NA,NA,NA,NA,NA
PMS-076,M. sacchariflorus 2x,40.16,116.05,0,0,0,0.005,0,0,0.993,0,Miscanthus sacchariflorus  'PMS-076',M. sacchariflorus,150,174,2,2018,0.425113799,86.71530043,1.182720624,0.479382808,4.794988428,23.1721343,2.140066163,4.264682215
PMS-076,M. sacchariflorus 2x,40.16,116.05,0,0,0,0.005,0,0,0.993,0,Miscanthus sacchariflorus  'PMS-076',M. sacchariflorus,150,110,1,2017,-1.129744219,23.00184083,0.492802717,-0.941207864,5.069207882,NA,NA,1.608410492
PMS-076,M. sacchariflorus 2x,40.16,116.05,0,0,0,0.005,0,0,0.993,0,Miscanthus sacchariflorus  'PMS-076',M. sacchariflorus,150,675,4,2017,0.774109515,93.22445419,1.228654698,0.23877105,4.00495146,NA,NA,5.665239657
PMS-087,Yangtze-Qinling,31.47,110.39,0.06,0.743,0.006,0.031,0.001,0.007,0.004,0.148,Miscanthus sinensis  'PMS-087',M. sinensis,151,350,3,2017,2.299339447,160.2960059,1.329168771,1.116181213,3.630709444,18.91916959,NA,6.40391058
PMS-087,Yangtze-Qinling,31.47,110.39,0.06,0.743,0.006,0.031,0.001,0.007,0.004,0.148,Miscanthus sinensis  'PMS-087',M. sinensis,151,656,4,2017,NA,NA,NA,NA,NA,NA,NA,NA
PMS-087,Yangtze-Qinling,31.47,110.39,0.06,0.743,0.006,0.031,0.001,0.007,0.004,0.148,Miscanthus sinensis  'PMS-087',M. sinensis,151,121,1,2017,NA,NA,NA,NA,NA,NA,NA,NA
PMS-087,Yangtze-Qinling,31.47,110.39,0.06,0.743,0.006,0.031,0.001,0.007,0.004,0.148,Miscanthus sinensis  'PMS-087',M. sinensis,151,350,3,2018,1.627587407,131.2209259,1.469274277,1.196271842,2.714342776,18.60401343,3.020424886,5.761101837
PMS-087,Yangtze-Qinling,31.47,110.39,0.06,0.743,0.006,0.031,0.001,0.007,0.004,0.148,Miscanthus sinensis  'PMS-087',M. sinensis,151,188,2,2017,2.391730031,143.5400691,1.386542223,1.555303408,3.823100012,17.43436257,NA,6.813362356
PMS-087,Yangtze-Qinling,31.47,110.39,0.06,0.743,0.006,0.031,0.001,0.007,0.004,0.148,Miscanthus sinensis  'PMS-087',M. sinensis,151,656,4,2018,NA,NA,NA,NA,NA,NA,NA,NA
PMS-087,Yangtze-Qinling,31.47,110.39,0.06,0.743,0.006,0.031,0.001,0.007,0.004,0.148,Miscanthus sinensis  'PMS-087',M. sinensis,151,121,1,2018,NA,NA,NA,NA,NA,NA,NA,NA
PMS-087,Yangtze-Qinling,31.47,110.39,0.06,0.743,0.006,0.031,0.001,0.007,0.004,0.148,Miscanthus sinensis  'PMS-087',M. sinensis,151,188,2,2018,1.429000979,126.4535074,1.303647097,1.420674264,4.00495146,17.43436257,2.833213344,5.299581665
PMS-088,Yangtze-Qinling,31.49,110.37,0.015,0.82,0.002,0,0.007,0,0.003,0.154,Miscanthus sinensis  'PMS-088',M. sinensis,152,519,4,2017,2.803079629,153.0408671,1.992633408,1.713816411,2.971203683,16.80448032,NA,5.774178447
PMS-088,Yangtze-Qinling,31.49,110.37,0.015,0.82,0.002,0,0.007,0,0.003,0.154,Miscanthus sinensis  'PMS-088',M. sinensis,152,200,2,2018,1.190381566,114.3738816,1.579128917,1.142811696,2.714342776,16.1386678,2.302585093,3.963713089
PMS-088,Yangtze-Qinling,31.49,110.37,0.015,0.82,0.002,0,0.007,0,0.003,0.154,Miscanthus sinensis  'PMS-088',M. sinensis,152,417,3,2018,NA,NA,NA,NA,NA,NA,NA,NA
PMS-088,Yangtze-Qinling,31.49,110.37,0.015,0.82,0.002,0,0.007,0,0.003,0.154,Miscanthus sinensis  'PMS-088',M. sinensis,152,200,2,2017,2.655792345,128.2768746,1.939552252,1.186639666,3.207211175,14.56131682,NA,3.649903363
PMS-088,Yangtze-Qinling,31.49,110.37,0.015,0.82,0.002,0,0.007,0,0.003,0.154,Miscanthus sinensis  'PMS-088',M. sinensis,152,417,3,2017,NA,NA,NA,NA,NA,NA,NA,NA
PMS-088,Yangtze-Qinling,31.49,110.37,0.015,0.82,0.002,0,0.007,0,0.003,0.154,Miscanthus sinensis  'PMS-088',M. sinensis,152,519,4,2018,1.835533366,144.6586216,1.689764521,1.249074574,2.714342776,17.5216959,3.713572067,6.2750572
PMS-088,Yangtze-Qinling,31.49,110.37,0.015,0.82,0.002,0,0.007,0,0.003,0.154,Miscanthus sinensis  'PMS-088',M. sinensis,152,25,1,2017,NA,NA,NA,NA,NA,NA,NA,NA
PMS-088,Yangtze-Qinling,31.49,110.37,0.015,0.82,0.002,0,0.007,0,0.003,0.154,Miscanthus sinensis  'PMS-088',M. sinensis,152,25,1,2018,NA,NA,NA,NA,NA,NA,NA,NA
PMS-130,Yangtze-Qinling,33.46,105.14,0.001,0.997,0,0,0,0,0,0,Miscanthus sinensis  'PMS-130',M. sinensis,153,170,2,2017,0.306961807,106.0680847,1.228654698,0.049511328,2.714342776,12.83334578,NA,2.928360496
PMS-130,Yangtze-Qinling,33.46,105.14,0.001,0.997,0,0,0,0,0,0,Miscanthus sinensis  'PMS-130',M. sinensis,153,521,4,2018,0.275570324,99.72209221,1.182720624,0.646752488,2.431354221,10.50495253,1.252762968,1.908197718
PMS-130,Yangtze-Qinling,33.46,105.14,0.001,0.997,0,0,0,0,0,0,Miscanthus sinensis  'PMS-130',M. sinensis,153,521,4,2017,0.805917355,105.3634612,1.228654698,0,2.114445816,11.36871101,NA,2.370149007
PMS-130,Yangtze-Qinling,33.46,105.14,0.001,0.997,0,0,0,0,0,0,Miscanthus sinensis  'PMS-130',M. sinensis,153,497,3,2017,1.206059307,135.1437213,1.348524388,0.28414238,2.971203683,14.89590441,NA,3.864329085
PMS-130,Yangtze-Qinling,33.46,105.14,0.001,0.997,0,0,0,0,0,0,Miscanthus sinensis  'PMS-130',M. sinensis,153,497,3,2018,1.678881527,141.5820669,1.562701424,1.283924804,2.431354221,13.48609704,1.704748092,3.167485966
PMS-130,Yangtze-Qinling,33.46,105.14,0.001,0.997,0,0,0,0,0,0,Miscanthus sinensis  'PMS-130',M. sinensis,153,78,1,2018,-0.243888367,94.07260748,0.776424195,0.302810662,2.431354221,10.53004226,1.098612289,1.839444982
PMS-130,Yangtze-Qinling,33.46,105.14,0.001,0.997,0,0,0,0,0,0,Miscanthus sinensis  'PMS-130',M. sinensis,153,78,1,2017,0.367443188,100.851,0.90630094,0.22961026,2.431354221,10.35128898,NA,2.884254696
PMS-130,Yangtze-Qinling,33.46,105.14,0.001,0.997,0,0,0,0,0,0,Miscanthus sinensis  'PMS-130',M. sinensis,153,170,2,2018,NA,NA,NA,NA,NA,NA,NA,NA
PMS-131,Yangtze-Qinling,33.5,105.36,0.001,0.992,0,0,0,0.002,0.004,0.001,Miscanthus sinensis  'PMS-131',M. sinensis,154,599,4,2017,0.691037758,54.81884287,1.898648307,1.221436846,2.114445816,15.11319016,NA,3.864329085
PMS-131,Yangtze-Qinling,33.5,105.36,0.001,0.992,0,0,0,0.002,0.004,0.001,Miscanthus sinensis  'PMS-131',M. sinensis,154,29,1,2017,-0.020172127,82.74719077,1.356200982,0.25700515,2.114445816,3.694750445,NA,NA
PMS-131,Yangtze-Qinling,33.5,105.36,0.001,0.992,0,0,0,0.002,0.004,0.001,Miscanthus sinensis  'PMS-131',M. sinensis,154,225,2,2018,NA,NA,NA,NA,NA,NA,NA,NA
PMS-131,Yangtze-Qinling,33.5,105.36,0.001,0.992,0,0,0,0.002,0.004,0.001,Miscanthus sinensis  'PMS-131',M. sinensis,154,378,3,2017,-0.307398051,65.54034763,0.309293794,-0.634437187,2.714342776,3.04419771,NA,4.878382216
PMS-131,Yangtze-Qinling,33.5,105.36,0.001,0.992,0,0,0,0.002,0.004,0.001,Miscanthus sinensis  'PMS-131',M. sinensis,154,29,1,2018,NA,NA,NA,NA,NA,NA,NA,NA
PMS-131,Yangtze-Qinling,33.5,105.36,0.001,0.992,0,0,0,0.002,0.004,0.001,Miscanthus sinensis  'PMS-131',M. sinensis,154,225,2,2017,NA,NA,NA,NA,NA,NA,NA,NA
PMS-131,Yangtze-Qinling,33.5,105.36,0.001,0.992,0,0,0,0.002,0.004,0.001,Miscanthus sinensis  'PMS-131',M. sinensis,154,599,4,2018,0.968407919,119.4342304,1.150958392,0.479382808,2.114445816,15.63789894,2.602689685,4.15785733
PMS-131,Yangtze-Qinling,33.5,105.36,0.001,0.992,0,0,0,0.002,0.004,0.001,Miscanthus sinensis  'PMS-131',M. sinensis,154,378,3,2018,NA,NA,NA,NA,NA,NA,NA,NA
PMS-134,Yangtze-Qinling,33.76,105.8,0.004,0.964,0.001,0.003,0,0.004,0.014,0.01,PMS-134,M. sinensis,130,341,3,2017,1.13406735,139.2035648,0.880395113,0.372842075,2.971203683,15.32613804,NA,5.545115101
PMS-134,Yangtze-Qinling,33.76,105.8,0.004,0.964,0.001,0.003,0,0.004,0.014,0.01,PMS-134,M. sinensis,130,204,2,2017,0.184837526,103.9538542,0.931760078,0.098088088,2.971203683,14.3320989,NA,2.947270769
PMS-134,Yangtze-Qinling,33.76,105.8,0.004,0.964,0.001,0.003,0,0.004,0.014,0.01,PMS-134,M. sinensis,130,66,1,2017,1.289268678,137.94394,1.360025414,0.859527611,2.971203683,16.1386678,NA,5.022035513
PMS-134,Yangtze-Qinling,33.76,105.8,0.004,0.964,0.001,0.003,0,0.004,0.014,0.01,PMS-134,M. sinensis,130,590,4,2017,1.500386554,173.3901093,1.348524388,1.080502802,2.971203683,16.98789027,NA,5.337991092
PMS-134,Yangtze-Qinling,33.76,105.8,0.004,0.964,0.001,0.003,0,0.004,0.014,0.01,PMS-134,M. sinensis,130,590,4,2018,1.448824837,143.5400691,1.264368978,1.16070657,2.431354221,16.98789027,3.19047635,5.154157755
PMS-134,Yangtze-Qinling,33.76,105.8,0.004,0.964,0.001,0.003,0,0.004,0.014,0.01,PMS-134,M. sinensis,130,66,1,2018,0.614477274,107.6178393,1.096516566,0.825880669,2.971203683,16.1386678,1.791759469,3.025077741
PMS-134,Yangtze-Qinling,33.76,105.8,0.004,0.964,0.001,0.003,0,0.004,0.014,0.01,PMS-134,M. sinensis,130,204,2,2018,NA,92.37610515,0.720331779,0.041063671,2.114445816,15.00510389,1.704748092,0.030540858
PMS-134,Yangtze-Qinling,33.76,105.8,0.004,0.964,0.001,0.003,0,0.004,0.014,0.01,PMS-134,M. sinensis,130,341,3,2018,1.506703742,140.7427126,1.469274277,1.249074574,2.431354221,16.42875926,3.401197382,5.650881587
PMS-144,Yangtze-Qinling,34.25,106.93,0.007,0.942,0.021,0.003,0.001,0.009,0.005,0.013,PMS-144,M. sinensis,131,530,4,2018,1.138166891,103.1078574,1.096516566,1.070457412,2.431354221,15.63789894,3.496507561,5.665239657
PMS-144,Yangtze-Qinling,34.25,106.93,0.007,0.942,0.021,0.003,0.001,0.009,0.005,0.013,PMS-144,M. sinensis,131,41,1,2017,0.650377602,111.7008616,0.916537225,0.25700515,2.971203683,16.52384141,NA,4.00242648
PMS-144,Yangtze-Qinling,34.25,106.93,0.007,0.942,0.021,0.003,0.001,0.009,0.005,0.013,PMS-144,M. sinensis,131,41,1,2018,0.719320003,99.15751686,1.085391462,0.996804811,2.971203683,14.56131682,3.465735903,3.196787763
PMS-144,Yangtze-Qinling,34.25,106.93,0.007,0.942,0.021,0.003,0.001,0.009,0.005,0.013,PMS-144,M. sinensis,131,439,3,2018,0.80066913,101.8385312,1.040057611,0.95946533,2.714342776,17.16849117,2.944438979,5.239475255
PMS-144,Yangtze-Qinling,34.25,106.93,0.007,0.942,0.021,0.003,0.001,0.009,0.005,0.013,PMS-144,M. sinensis,131,530,4,2017,2.597953259,159.4593087,1.348524388,1.026397857,3.630709444,14.89590441,NA,5.665239657
PMS-144,Yangtze-Qinling,34.25,106.93,0.007,0.942,0.021,0.003,0.001,0.009,0.005,0.013,PMS-144,M. sinensis,131,299,2,2018,0.500310042,119.4342304,0.932769396,0.392359168,2.714342776,16.1386678,2.708050201,4.935515037
PMS-144,Yangtze-Qinling,34.25,106.93,0.007,0.942,0.021,0.003,0.001,0.009,0.005,0.013,PMS-144,M. sinensis,131,439,3,2017,0.596144136,110.9971666,0.854024565,0.192667703,3.207211175,16.42875926,NA,5.402349458
PMS-144,Yangtze-Qinling,34.25,106.93,0.007,0.942,0.021,0.003,0.001,0.009,0.005,0.013,PMS-144,M. sinensis,131,299,2,2017,0.836975981,113.8112737,0.99356259,0.328820829,3.207211175,15.53496627,NA,4.311226649
PMS-159,Yangtze-Qinling,34.13,111.04,0.021,0.949,0.001,0.016,0.003,0,0.008,0.001,PMS-159,M. sinensis,132,43,1,2018,NA,NA,NA,NA,NA,NA,NA,NA
PMS-159,Yangtze-Qinling,34.13,111.04,0.021,0.949,0.001,0.016,0.003,0,0.008,0.001,PMS-159,M. sinensis,132,258,2,2018,1.528598663,131.9216414,1.096516566,1.16070657,3.207211175,16.1386678,3.449987546,5.545115101
PMS-159,Yangtze-Qinling,34.13,111.04,0.021,0.949,0.001,0.016,0.003,0,0.008,0.001,PMS-159,M. sinensis,132,43,1,2017,NA,NA,NA,NA,NA,NA,NA,NA
PMS-159,Yangtze-Qinling,34.13,111.04,0.021,0.949,0.001,0.016,0.003,0,0.008,0.001,PMS-159,M. sinensis,132,258,2,2017,2.402255623,150.5274508,1.599188115,1.555303408,2.431354221,14.89590441,NA,5.022035513
PMS-159,Yangtze-Qinling,34.13,111.04,0.021,0.949,0.001,0.016,0.003,0,0.008,0.001,PMS-159,M. sinensis,132,376,3,2017,0.779464528,143.5400691,1.228654698,0.859527611,2.971203683,15.11319016,NA,3.864329085
PMS-159,Yangtze-Qinling,34.13,111.04,0.021,0.949,0.001,0.016,0.003,0,0.008,0.001,PMS-159,M. sinensis,132,644,4,2017,1.615940817,150.8067718,1.597539554,1.044512761,2.971203683,14.44734746,NA,3.864329085
PMS-159,Yangtze-Qinling,34.13,111.04,0.021,0.949,0.001,0.016,0.003,0,0.008,0.001,PMS-159,M. sinensis,132,644,4,2018,1.395337048,128.9779937,1.611500118,1.266534195,2.714342776,16.1386678,2.48490665,4.492758481
PMS-159,Yangtze-Qinling,34.13,111.04,0.021,0.949,0.001,0.016,0.003,0,0.008,0.001,PMS-159,M. sinensis,132,376,3,2018,1.092385022,110.9971666,1.203538337,1.249074574,2.431354221,13.61147808,2.014903021,3.261660739
PMS-161,Yangtze-Qinling,35.72,112.32,0.006,0.981,0,0.004,0,0.003,0.005,0,Miscanthus sinensis  'PMS-161',M. sinensis,155,238,2,2017,2.431707861,162.3745754,1.739722363,1.555303408,3.207211175,15.53496627,NA,5.554168699
PMS-161,Yangtze-Qinling,35.72,112.32,0.006,0.981,0,0.004,0,0.003,0.005,0,Miscanthus sinensis  'PMS-161',M. sinensis,155,672,4,2017,NA,NA,NA,NA,NA,NA,NA,NA
PMS-161,Yangtze-Qinling,35.72,112.32,0.006,0.981,0,0.004,0,0.003,0.005,0,Miscanthus sinensis  'PMS-161',M. sinensis,155,145,1,2018,2.70587344,154.7158929,2.083932355,1.520639428,3.426120123,17.94921018,3.218875825,5.965747285
PMS-161,Yangtze-Qinling,35.72,112.32,0.006,0.981,0,0.004,0,0.003,0.005,0,Miscanthus sinensis  'PMS-161',M. sinensis,155,145,1,2017,2.93083332,138.7837223,2.201920819,1.806583777,3.426120123,17.60840407,NA,5.402349458
PMS-161,Yangtze-Qinling,35.72,112.32,0.006,0.981,0,0.004,0,0.003,0.005,0,Miscanthus sinensis  'PMS-161',M. sinensis,155,366,3,2017,3.337755527,160.8537422,1.898648307,1.775846689,4.177589711,17.5216959,NA,6.195968548
PMS-161,Yangtze-Qinling,35.72,112.32,0.006,0.981,0,0.004,0,0.003,0.005,0,Miscanthus sinensis  'PMS-161',M. sinensis,155,672,4,2018,NA,NA,NA,NA,NA,NA,NA,NA
PMS-161,Yangtze-Qinling,35.72,112.32,0.006,0.981,0,0.004,0,0.003,0.005,0,Miscanthus sinensis  'PMS-161',M. sinensis,155,366,3,2018,2.075142766,125.6117283,1.682101541,1.520639428,3.426120123,17.34639222,3.96081317,6.499211677
PMS-161,Yangtze-Qinling,35.72,112.32,0.006,0.981,0,0.004,0,0.003,0.005,0,Miscanthus sinensis  'PMS-161',M. sinensis,155,238,2,2018,1.174524524,109.0262152,1.309573445,0.978179,2.714342776,16.61814482,3.465735903,5.496681309
PMS-164,Yangtze-Qinling,37.34,114.28,0.304,0.621,0.008,0.011,0,0.005,0.025,0.025,Miscanthus sinensis  'PMS-164',M. sinensis,156,435,3,2017,1.914099798,135.1437213,1.724508388,1.008201351,3.823100012,14.09761029,NA,5.873858682
PMS-164,Yangtze-Qinling,37.34,114.28,0.304,0.621,0.008,0.011,0,0.005,0.025,0.025,Miscanthus sinensis  'PMS-164',M. sinensis,156,435,3,2018,1.815233225,125.6117283,1.451694468,1.178526254,3.630709444,14.89590441,3.784189634,6.030247353
PMS-164,Yangtze-Qinling,37.34,114.28,0.304,0.621,0.008,0.011,0,0.005,0.025,0.025,Miscanthus sinensis  'PMS-164',M. sinensis,156,113,1,2017,1.415630628,121.4006599,1.597539554,0.859527611,3.630709444,15.53496627,NA,5.402349458
PMS-164,Yangtze-Qinling,37.34,114.28,0.304,0.621,0.008,0.011,0,0.005,0.025,0.025,Miscanthus sinensis  'PMS-164',M. sinensis,156,229,2,2017,1.988789658,123.9277386,1.414472774,1.044512761,3.823100012,16.1386678,NA,4.450731005
PMS-164,Yangtze-Qinling,37.34,114.28,0.304,0.621,0.008,0.011,0,0.005,0.025,0.025,Miscanthus sinensis  'PMS-164',M. sinensis,156,513,4,2017,2.428270835,154.4367542,1.662233692,1.116181213,4.177589711,15.73987585,NA,6.95623173
PMS-164,Yangtze-Qinling,37.34,114.28,0.304,0.621,0.008,0.011,0,0.005,0.025,0.025,Miscanthus sinensis  'PMS-164',M. sinensis,156,113,1,2018,1.209951241,125.6117283,1.397773023,0.845252971,3.426120123,15.94105242,3.433987204,5.337991092
PMS-164,Yangtze-Qinling,37.34,114.28,0.304,0.621,0.008,0.011,0,0.005,0.025,0.025,Miscanthus sinensis  'PMS-164',M. sinensis,156,229,2,2018,0.949732239,104.7996762,1.085391462,0.727467461,3.426120123,16.52384141,2.525728644,4.311226649
PMS-164,Yangtze-Qinling,37.34,114.28,0.304,0.621,0.008,0.011,0,0.005,0.025,0.025,Miscanthus sinensis  'PMS-164',M. sinensis,156,513,4,2018,1.86547789,138.5038093,1.486665051,1.249074574,4.00495146,16.42875926,3.737669618,6.25792115
PMS-178,Yangtze-Qinling,34.51,113.04,0.004,0.989,0,0.002,0.001,0.002,0.001,0.001,PMS-178,M. sinensis,133,449,3,2018,1.961208857,87.70660096,1.529344161,1.777572795,3.207211175,17.25777262,2.890371758,4.698758873
PMS-178,Yangtze-Qinling,34.51,113.04,0.004,0.989,0,0.002,0.001,0.002,0.001,0.001,PMS-178,M. sinensis,133,226,2,2018,1.263326424,92.65891003,1.415948808,1.420674264,2.431354221,16.52384141,2.890371758,4.880738172
PMS-178,Yangtze-Qinling,34.51,113.04,0.004,0.989,0,0.002,0.001,0.002,0.001,0.001,PMS-178,M. sinensis,133,226,2,2017,1.684471944,115.2176617,1.386542223,1.044512761,3.426120123,16.1386678,NA,5.402349458
PMS-178,Yangtze-Qinling,34.51,113.04,0.004,0.989,0,0.002,0.001,0.002,0.001,0.001,PMS-178,M. sinensis,133,655,4,2018,0.768732574,86.14871424,0.790112558,0.902782268,3.426120123,15.53496627,2.602689685,4.521361966
PMS-178,Yangtze-Qinling,34.51,113.04,0.004,0.989,0,0.002,0.001,0.002,0.001,0.001,PMS-178,M. sinensis,133,24,1,2017,1.13406735,92.65891003,1.360025414,1.080502802,3.630709444,15.00510389,NA,4.311226649
PMS-178,Yangtze-Qinling,34.51,113.04,0.004,0.989,0,0.002,0.001,0.002,0.001,0.001,PMS-178,M. sinensis,133,24,1,2018,1.432324098,99.72209221,1.424960007,1.420674264,2.971203683,15.63789894,NA,5.299581665
PMS-178,Yangtze-Qinling,34.51,113.04,0.004,0.989,0,0.002,0.001,0.002,0.001,0.001,PMS-178,M. sinensis,133,655,4,2017,0.872313825,94.07260748,0.880395113,0.416238758,3.426120123,16.61814482,NA,4.631064052
PMS-178,Yangtze-Qinling,34.51,113.04,0.004,0.989,0,0.002,0.001,0.002,0.001,0.001,PMS-178,M. sinensis,133,449,3,2017,1.642016537,105.3634612,1.329168771,1.080502802,3.823100012,16.23619032,NA,5.402349458
PMS-183,Yangtze-Qinling,31.75,115.49,0.269,0.598,0,0.019,0.11,0.001,0.003,0,PMS-183,M. sinensis,134,469,3,2017,2.391730031,155.134577,1.709155469,1.15155724,3.426120123,16.33288141,NA,6.018282649
PMS-183,Yangtze-Qinling,31.75,115.49,0.269,0.598,0,0.019,0.11,0.001,0.003,0,PMS-183,M. sinensis,134,250,2,2017,1.391926482,124.7698057,1.309573445,1.026397857,3.426120123,14.89590441,NA,5.402349458
PMS-183,Yangtze-Qinling,31.75,115.49,0.269,0.598,0,0.019,0.11,0.001,0.003,0,PMS-183,M. sinensis,134,626,4,2017,3.165138492,187.0146254,1.898648307,1.555303408,4.00495146,18.28087623,NA,8.255304398
PMS-183,Yangtze-Qinling,31.75,115.49,0.269,0.598,0,0.019,0.11,0.001,0.003,0,PMS-183,M. sinensis,134,60,1,2017,2.923205813,168.0998945,1.898648307,1.769677307,3.630709444,17.25777262,NA,7.084602404
PMS-183,Yangtze-Qinling,31.75,115.49,0.269,0.598,0,0.019,0.11,0.001,0.003,0,PMS-183,M. sinensis,134,60,1,2018,2.072988107,135.7038823,1.303647097,1.537097183,3.426120123,17.34639222,4.304065093,7.039860358
PMS-183,Yangtze-Qinling,31.75,115.49,0.269,0.598,0,0.019,0.11,0.001,0.003,0,PMS-183,M. sinensis,134,626,4,2018,3.012549566,159.1803847,1.814962445,1.714565262,4.00495146,16.1386678,4.465908119,8.281058216
PMS-183,Yangtze-Qinling,31.75,115.49,0.269,0.598,0,0.019,0.11,0.001,0.003,0,PMS-183,M. sinensis,134,250,2,2018,1.455372243,131.7815059,1.360789197,1.318502747,2.714342776,16.33288141,2.785011242,4.698758873
PMS-183,Yangtze-Qinling,31.75,115.49,0.269,0.598,0,0.019,0.11,0.001,0.003,0,PMS-183,M. sinensis,134,469,3,2018,1.642016537,132.3420252,1.442832217,1.403803474,3.426120123,17.34639222,3.610917913,5.873858682
PMS-204,Yangtze-Qinling,31.7,114.87,0.248,0.581,0.001,0,0.169,0,0.001,0,Miscanthus sinensis  'PMS-204',M. sinensis,157,253,2,2017,2.613373031,160.0171192,1.898648307,1.555303408,3.630709444,17.60840407,NA,7.379212125
PMS-204,Yangtze-Qinling,31.7,114.87,0.248,0.581,0.001,0,0.169,0,0.001,0,Miscanthus sinensis  'PMS-204',M. sinensis,157,524,4,2018,2.414448626,152.4824216,1.643249479,1.730390112,3.823100012,19.0739108,4.543294782,8.4381576
PMS-204,Yangtze-Qinling,31.7,114.87,0.248,0.581,0.001,0,0.169,0,0.001,0,Miscanthus sinensis  'PMS-204',M. sinensis,157,253,2,2018,2.433423618,159.1803847,1.674403247,1.87067029,3.823100012,18.28087623,4.189654742,7.508057657
PMS-204,Yangtze-Qinling,31.7,114.87,0.248,0.581,0.001,0,0.169,0,0.001,0,Miscanthus sinensis  'PMS-204',M. sinensis,157,491,3,2017,NA,103.1078574,1.386542223,1.080502802,3.823100012,18.28087623,NA,6.195968548
PMS-204,Yangtze-Qinling,31.7,114.87,0.248,0.581,0.001,0,0.169,0,0.001,0,Miscanthus sinensis  'PMS-204',M. sinensis,157,107,1,2017,2.426549558,151.3653741,1.898648307,1.555303408,3.426120123,17.34639222,NA,7.003459854
PMS-204,Yangtze-Qinling,31.7,114.87,0.248,0.581,0.001,0,0.169,0,0.001,0,Miscanthus sinensis  'PMS-204',M. sinensis,157,491,3,2018,2.878012601,134.5835013,1.579128917,1.569844848,3.630709444,17.69449858,NA,NA
PMS-204,Yangtze-Qinling,31.7,114.87,0.248,0.581,0.001,0,0.169,0,0.001,0,Miscanthus sinensis  'PMS-204',M. sinensis,157,107,1,2018,2.350726663,159.1803847,1.771826305,1.569844848,3.823100012,11.83422853,4.377014093,7.424870883
PMS-204,Yangtze-Qinling,31.7,114.87,0.248,0.581,0.001,0,0.169,0,0.001,0,Miscanthus sinensis  'PMS-204',M. sinensis,157,524,4,2017,2.568248671,177.8418326,1.662233692,1.044512761,4.00495146,18.28087623,NA,8.197130303
PMS-226,Sichuan,26.62,106.75,0.001,0,0,0,0.03,0,0.001,0.967,Miscanthus sinensis  'PMS-226',M. sinensis,158,129,1,2017,2.431707861,133.462883,1.597539554,1.86752075,4.00495146,17.25777262,NA,NA
PMS-226,Sichuan,26.62,106.75,0.001,0,0,0,0.03,0,0.001,0.967,Miscanthus sinensis  'PMS-226',M. sinensis,158,175,2,2017,2.316039009,143.5400691,1.724508388,1.026397857,4.00495146,16.1386678,NA,7.578001013
PMS-226,Sichuan,26.62,106.75,0.001,0,0,0,0.03,0,0.001,0.967,Miscanthus sinensis  'PMS-226',M. sinensis,158,506,3,2017,2.121800708,132.3420252,0.931760078,1.044512761,4.00495146,16.42875926,NA,7.112527762
PMS-226,Sichuan,26.62,106.75,0.001,0,0,0,0.03,0,0.001,0.967,Miscanthus sinensis  'PMS-226',M. sinensis,158,593,4,2017,2.374031844,136.8240278,1.367646796,0.971558298,4.00495146,17.77999059,NA,NA
PMS-226,Sichuan,26.62,106.75,0.001,0,0,0,0.03,0,0.001,0.967,Miscanthus sinensis  'PMS-226',M. sinensis,158,129,1,2018,2.410974372,137.384013,1.764529061,1.335691907,3.823100012,16.71168585,4.59511985,7.945381501
PMS-226,Sichuan,26.62,106.75,0.001,0,0,0,0.03,0,0.001,0.967,Miscanthus sinensis  'PMS-226',M. sinensis,158,593,4,2018,2.993096829,148.0129653,1.682101541,1.992318872,4.342092761,17.25777262,4.634728988,8.5169878
PMS-226,Sichuan,26.62,106.75,0.001,0,0,0,0.03,0,0.001,0.967,Miscanthus sinensis  'PMS-226',M. sinensis,158,175,2,2018,2.138424758,128.6975577,1.512406594,1.352815707,4.499350236,16.33288141,4.204692619,7.653608819
PMS-226,Sichuan,26.62,106.75,0.001,0,0,0,0.03,0,0.001,0.967,Miscanthus sinensis  'PMS-226',M. sinensis,158,506,3,2018,2.257759837,144.6586216,1.388607122,1.213944401,4.00495146,16.1386678,4.085976313,7.407286631
PMS-227,Sichuan,26.61,106.75,0.004,0,0.001,0,0.031,0.001,0,0.963,Miscanthus sinensis  'PMS-227',M. sinensis,159,555,4,2017,1.923639325,139.9032309,1.33887613,1.116181213,4.00495146,20.93793088,NA,7.258361134
PMS-227,Sichuan,26.61,106.75,0.004,0,0.001,0,0.031,0.001,0,0.963,Miscanthus sinensis  'PMS-227',M. sinensis,159,57,1,2018,2.678074609,155.5532323,1.938204242,1.420674264,4.00495146,19.22683781,4.430816799,6.977216608
PMS-227,Sichuan,26.61,106.75,0.004,0,0.001,0,0.031,0.001,0,0.963,Miscanthus sinensis  'PMS-227',M. sinensis,159,244,2,2017,0.986828269,102.5437617,1.386542223,0.859527611,3.426120123,21.00483129,NA,6.018282649
PMS-227,Sichuan,26.61,106.75,0.004,0,0.001,0,0.031,0.001,0,0.963,Miscanthus sinensis  'PMS-227',M. sinensis,159,446,3,2017,0.784797806,106.2089951,0.90630094,0.192667703,4.177589711,14.78556143,NA,5.022035513
PMS-227,Sichuan,26.61,106.75,0.004,0,0.001,0,0.031,0.001,0,0.963,Miscanthus sinensis  'PMS-227',M. sinensis,159,244,2,2018,2.033679703,131.7815059,1.74244634,1.266534195,3.426120123,20.73530867,3.238678452,5.621625976
PMS-227,Sichuan,26.61,106.75,0.004,0,0.001,0,0.031,0.001,0,0.963,Miscanthus sinensis  'PMS-227',M. sinensis,159,57,1,2017,1.045019193,115.4988868,1.228654698,1.290206924,4.177589711,20.10917019,NA,6.550003301
PMS-227,Sichuan,26.61,106.75,0.004,0,0.001,0,0.031,0.001,0,0.963,Miscanthus sinensis  'PMS-227',M. sinensis,159,555,4,2018,2.490696855,150.2481167,1.944799505,1.824328445,3.630709444,20.10917019,3.701301974,5.609117065
PMS-227,Sichuan,26.61,106.75,0.004,0,0.001,0,0.031,0.001,0,0.963,Miscanthus sinensis  'PMS-227',M. sinensis,159,446,3,2018,1.405519975,119.4342304,1.332475955,0.996804811,2.971203683,15.53496627,3.091042453,4.762677284
PMS-272,Yangtze-Qinling,28.73,116.44,0.189,0.444,0.002,0.001,0.325,0.024,0.016,0,PMS-272,M. sinensis,135,260,2,2018,NA,NA,NA,NA,NA,NA,NA,NA
PMS-272,Yangtze-Qinling,28.73,116.44,0.189,0.444,0.002,0.001,0.325,0.024,0.016,0,PMS-272,M. sinensis,135,119,1,2018,NA,NA,NA,NA,NA,NA,NA,NA
PMS-272,Yangtze-Qinling,28.73,116.44,0.189,0.444,0.002,0.001,0.325,0.024,0.016,0,PMS-272,M. sinensis,135,540,4,2017,0.545931658,97.46329931,0.931760078,0.192667703,2.971203683,9.788816859,NA,3.110766166
PMS-272,Yangtze-Qinling,28.73,116.44,0.189,0.444,0.002,0.001,0.325,0.024,0.016,0,PMS-272,M. sinensis,135,119,1,2017,NA,NA,NA,NA,NA,NA,NA,NA
PMS-272,Yangtze-Qinling,28.73,116.44,0.189,0.444,0.002,0.001,0.325,0.024,0.016,0,PMS-272,M. sinensis,135,481,3,2018,NA,NA,NA,NA,NA,NA,NA,NA
PMS-272,Yangtze-Qinling,28.73,116.44,0.189,0.444,0.002,0.001,0.325,0.024,0.016,0,PMS-272,M. sinensis,135,540,4,2018,1.402133752,117.1858733,1.666669271,1.10679186,2.714342776,11.83422853,2.602689685,4.399985189
PMS-272,Yangtze-Qinling,28.73,116.44,0.189,0.444,0.002,0.001,0.325,0.024,0.016,0,PMS-272,M. sinensis,135,260,2,2017,NA,NA,NA,NA,NA,NA,NA,NA
PMS-272,Yangtze-Qinling,28.73,116.44,0.189,0.444,0.002,0.001,0.325,0.024,0.016,0,PMS-272,M. sinensis,135,481,3,2017,NA,NA,NA,NA,NA,NA,NA,NA
PMS-285,Yangtze-Qinling,29.64,118.16,0.202,0.398,0.028,0.001,0.346,0.024,0.001,0,PMS-285,M. sinensis,136,570,4,2018,1.690041235,119.4342304,1.469274277,0.978179,3.426120123,17.34639222,3.663561646,6.195916169
PMS-285,Yangtze-Qinling,29.64,118.16,0.202,0.398,0.028,0.001,0.346,0.024,0.001,0,PMS-285,M. sinensis,136,321,2,2017,1.930754777,125.6117283,1.329168771,1.008201351,3.823100012,18.28087623,NA,4.880738172
PMS-285,Yangtze-Qinling,29.64,118.16,0.202,0.398,0.028,0.001,0.346,0.024,0.001,0,PMS-285,M. sinensis,136,479,3,2018,1.741928032,138.3638474,1.341969964,1.142811696,3.630709444,18.68353056,3.624340933,6.547536667
PMS-285,Yangtze-Qinling,29.64,118.16,0.202,0.398,0.028,0.001,0.346,0.024,0.001,0,PMS-285,M. sinensis,136,37,1,2017,1.275986925,122.5239695,1.356200982,0.25700515,3.426120123,17.86489095,NA,5.918288592
PMS-285,Yangtze-Qinling,29.64,118.16,0.202,0.398,0.028,0.001,0.346,0.024,0.001,0,PMS-285,M. sinensis,136,321,2,2018,1.720302324,103.6718747,1.360789197,1.318502747,3.426120123,17.77999059,2.351375257,4.163549785
PMS-285,Yangtze-Qinling,29.64,118.16,0.202,0.398,0.028,0.001,0.346,0.024,0.001,0,PMS-285,M. sinensis,136,37,1,2018,0.852236131,95.76833411,0.993320407,0.646752488,3.630709444,17.60840407,2.772588722,4.98780546
PMS-285,Yangtze-Qinling,29.64,118.16,0.202,0.398,0.028,0.001,0.346,0.024,0.001,0,PMS-285,M. sinensis,136,479,3,2017,2.070830433,146.895068,1.348524388,0.859527611,3.630709444,17.60840407,NA,7.19692722
PMS-285,Yangtze-Qinling,29.64,118.16,0.202,0.398,0.028,0.001,0.346,0.024,0.001,0,PMS-285,M. sinensis,136,570,4,2017,2.599501793,152.7616508,1.405216642,1.080502802,3.823100012,17.5216959,NA,6.651158996
PMS-293,SE China/tropical,31.35,119.68,0.06,0.158,0.049,0.015,0.592,0.084,0.001,0.041,PMS-293,M. sinensis,137,606,4,2017,NA,196.7308308,2.154845406,NA,4.499350236,19.45294474,NA,7.758466615
PMS-293,SE China/tropical,31.35,119.68,0.06,0.158,0.049,0.015,0.592,0.084,0.001,0.041,PMS-293,M. sinensis,137,327,2,2018,NA,181.4567637,2.065595787,1.992318872,4.177589711,20.66711418,4.8978398,8.249715295
PMS-293,SE China/tropical,31.35,119.68,0.06,0.158,0.049,0.015,0.592,0.084,0.001,0.041,PMS-293,M. sinensis,137,362,3,2018,3.077780087,172.555089,1.911569274,1.714565262,4.177589711,19.74855645,4.90897164,8.982946084
PMS-293,SE China/tropical,31.35,119.68,0.06,0.158,0.049,0.015,0.592,0.084,0.001,0.041,PMS-293,M. sinensis,137,62,1,2018,3.149579939,148.0129653,1.836127333,1.947020905,4.00495146,18.91916959,3.931825633,7.152446502
PMS-293,SE China/tropical,31.35,119.68,0.06,0.158,0.049,0.015,0.592,0.084,0.001,0.041,PMS-293,M. sinensis,137,362,3,2017,3.031783256,82.88899066,2.154845406,2.046281681,4.177589711,19.67526377,NA,8.543575857
PMS-293,SE China/tropical,31.35,119.68,0.06,0.158,0.049,0.015,0.592,0.084,0.001,0.041,PMS-293,M. sinensis,137,606,4,2018,3.370530505,160.2960059,1.870830271,2.007335266,3.823100012,18.99677047,4.615120517,8.262403986
PMS-293,SE China/tropical,31.35,119.68,0.06,0.158,0.049,0.015,0.592,0.084,0.001,0.041,PMS-293,M. sinensis,137,62,1,2017,2.828880362,159.1803847,1.718384053,1.094811034,4.00495146,19.22683781,NA,7.794804792
PMS-293,SE China/tropical,31.35,119.68,0.06,0.158,0.049,0.015,0.592,0.084,0.001,0.041,PMS-293,M. sinensis,137,327,2,2017,3.07195148,178.3980969,1.724508388,1.555303408,4.00495146,20.32104773,NA,8.145694947
PMS-300,M. xgiganteus 2x,30.87,120.14,0.201,0.295,0,0,0.023,0,0.479,0,Miscanthus sinensis  'PMS-300',M. sinensis,160,189,2,2018,1.706624069,127.8561564,1.611500118,0.727467461,4.342092761,21.72083491,4.135166557,6.802476715
PMS-300,M. xgiganteus 2x,30.87,120.14,0.201,0.295,0,0,0.023,0,0.479,0,Miscanthus sinensis  'PMS-300',M. sinensis,160,1,1,2017,2.345299759,155.274132,1.367646796,1.080502802,4.177589711,19.74855645,NA,7.664705201
PMS-300,M. xgiganteus 2x,30.87,120.14,0.201,0.295,0,0,0.023,0,0.479,0,Miscanthus sinensis  'PMS-300',M. sinensis,160,459,3,2018,0.25148751,54.24562643,1.096516566,0.392359168,4.00495146,21.20366573,NA,NA
PMS-300,M. xgiganteus 2x,30.87,120.14,0.201,0.295,0,0,0.023,0,0.479,0,Miscanthus sinensis  'PMS-300',M. sinensis,160,1,1,2018,2.173171551,142.141566,1.293919201,1.088664565,4.177589711,19.22683781,4.394449155,7.780702504
PMS-300,M. xgiganteus 2x,30.87,120.14,0.201,0.295,0,0,0.023,0,0.479,0,Miscanthus sinensis  'PMS-300',M. sinensis,160,189,2,2017,1.642016537,147.4540436,1.228654698,0.437712346,4.177589711,19.22683781,NA,6.420744254
PMS-300,M. xgiganteus 2x,30.87,120.14,0.201,0.295,0,0,0.023,0,0.479,0,Miscanthus sinensis  'PMS-300',M. sinensis,160,613,4,2018,1.405519975,134.5835013,1.062894019,0.806407466,3.823100012,20.46051069,4.051784948,7.360588005
PMS-300,M. xgiganteus 2x,30.87,120.14,0.201,0.295,0,0,0.023,0,0.479,0,Miscanthus sinensis  'PMS-300',M. sinensis,160,613,4,2017,1.583425344,145.776954,1.228654698,0.28414238,4.00495146,20.93793088,NA,7.151260116
PMS-300,M. xgiganteus 2x,30.87,120.14,0.201,0.295,0,0,0.023,0,0.479,0,Miscanthus sinensis  'PMS-300',M. sinensis,160,459,3,2017,1.022932562,80.47754786,1.329168771,0.23877105,4.00495146,21.20366573,NA,5.665239657
PMS-303,Yangtze-Qinling,30.1,119.94,0.344,0.408,0.002,0,0.244,0,0,0,Miscanthus sinensis  'PMS-303',M. sinensis,161,433,3,2017,2.631687148,153.8784381,1.386542223,1.116181213,3.426120123,16.71168585,NA,7.003459854
PMS-303,Yangtze-Qinling,30.1,119.94,0.344,0.408,0.002,0,0.244,0,0,0,Miscanthus sinensis  'PMS-303',M. sinensis,161,19,1,2017,2.657287248,164.1991317,1.72144901,1.080502802,3.426120123,17.86489095,NA,7.287822751
PMS-303,Yangtze-Qinling,30.1,119.94,0.344,0.408,0.002,0,0.244,0,0,0,Miscanthus sinensis  'PMS-303',M. sinensis,161,19,1,2018,2.71311187,154.7158929,1.712545178,1.746165968,3.207211175,18.28087623,4.032469159,7.384068784
PMS-303,Yangtze-Qinling,30.1,119.94,0.344,0.408,0.002,0,0.244,0,0,0,Miscanthus sinensis  'PMS-303',M. sinensis,161,564,4,2018,3.39690243,159.1803847,1.829101493,2.111328623,4.00495146,17.86489095,4.454347296,8.113849056
PMS-303,Yangtze-Qinling,30.1,119.94,0.344,0.408,0.002,0,0.244,0,0,0,Miscanthus sinensis  'PMS-303',M. sinensis,161,564,4,2017,NA,173.2509464,1.724508388,1.713816411,4.177589711,16.80448032,NA,7.429695241
PMS-303,Yangtze-Qinling,30.1,119.94,0.344,0.408,0.002,0,0.244,0,0,0,Miscanthus sinensis  'PMS-303',M. sinensis,161,274,2,2017,NA,NA,NA,NA,NA,NA,NA,NA
PMS-303,Yangtze-Qinling,30.1,119.94,0.344,0.408,0.002,0,0.244,0,0,0,Miscanthus sinensis  'PMS-303',M. sinensis,161,274,2,2018,NA,NA,NA,NA,NA,NA,NA,NA
PMS-303,Yangtze-Qinling,30.1,119.94,0.344,0.408,0.002,0,0.244,0,0,0,Miscanthus sinensis  'PMS-303',M. sinensis,161,433,3,2018,2.009153184,137.94394,1.800705077,1.142811696,2.714342776,18.03295852,4.510859507,7.743088093
PMS-306,Yangtze-Qinling,29.89,119.84,0.304,0.452,0.003,0.012,0.227,0.002,0,0,PMS-306,M. sinensis,138,134,1,2017,2.831573244,139.483442,1.44555033,1.555303408,3.426120123,17.43436257,NA,7.447942003
PMS-306,Yangtze-Qinling,29.89,119.84,0.304,0.452,0.003,0.012,0.227,0.002,0,0,PMS-306,M. sinensis,138,385,3,2017,2.717439781,135.4238092,1.228654698,1.555303408,3.823100012,17.5216959,NA,7.681144401
PMS-306,Yangtze-Qinling,29.89,119.84,0.304,0.452,0.003,0.012,0.227,0.002,0,0,PMS-306,M. sinensis,138,323,2,2018,0.763333509,79.48407187,1.085391462,0.479382808,3.630709444,11.83422853,NA,NA
PMS-306,Yangtze-Qinling,29.89,119.84,0.304,0.452,0.003,0.012,0.227,0.002,0,0,PMS-306,M. sinensis,138,323,2,2017,1.676078341,130.0995827,1.228654698,0.859527611,3.426120123,17.60840407,NA,NA
PMS-306,Yangtze-Qinling,29.89,119.84,0.304,0.452,0.003,0.012,0.227,0.002,0,0,PMS-306,M. sinensis,138,529,4,2017,2.916823192,147.1745625,1.597539554,1.044512761,4.00495146,18.52399775,NA,9.077813844
PMS-306,Yangtze-Qinling,29.89,119.84,0.304,0.452,0.003,0.012,0.227,0.002,0,0,PMS-306,M. sinensis,138,134,1,2018,1.621775704,125.0504626,1.213843274,0.940662333,2.971203683,18.44347532,4.17438727,7.387323878
PMS-306,Yangtze-Qinling,29.89,119.84,0.304,0.452,0.003,0.012,0.227,0.002,0,0,PMS-306,M. sinensis,138,385,3,2018,2.167095819,116.6236135,1.388607122,1.504124822,3.426120123,17.69449858,4.304065093,7.658903727
PMS-306,Yangtze-Qinling,29.89,119.84,0.304,0.452,0.003,0.012,0.227,0.002,0,0,PMS-306,M. sinensis,138,529,4,2018,2.534774725,124.4891328,1.870830271,1.487552674,3.207211175,19.22683781,4.584967479,8.68426381
PMS-314,Yangtze-Qinling,26.53,119.63,0.388,0.456,0.008,0.002,0.133,0,0.011,0.002,PMS-314,M. sinensis,139,6,1,2018,2.995540586,156.9485432,1.65109277,2.066996608,4.342092761,19.93006227,4.516338972,8.333796175
PMS-314,Yangtze-Qinling,26.53,119.63,0.388,0.456,0.008,0.002,0.133,0,0.011,0.002,PMS-314,M. sinensis,139,6,1,2017,3.346754584,183.680422,2.010836865,1.775846689,4.177589711,19.52746379,NA,8.374020322
PMS-314,Yangtze-Qinling,26.53,119.63,0.388,0.456,0.008,0.002,0.133,0,0.011,0.002,PMS-314,M. sinensis,139,399,3,2017,3.475606844,182.0127431,1.898648307,2.16232785,4.342092761,20.10917019,NA,7.798301251
PMS-314,Yangtze-Qinling,26.53,119.63,0.388,0.456,0.008,0.002,0.133,0,0.011,0.002,PMS-314,M. sinensis,139,278,2,2018,2.123888478,139.0636209,1.720070472,1.777572795,3.630709444,17.59615231,3.198673118,6.520162553
PMS-314,Yangtze-Qinling,26.53,119.63,0.388,0.456,0.008,0.002,0.133,0,0.011,0.002,PMS-314,M. sinensis,139,278,2,2017,2.726061823,175.7554454,1.898648307,1.186639666,4.00495146,17.60840407,NA,NA
PMS-314,Yangtze-Qinling,26.53,119.63,0.388,0.456,0.008,0.002,0.133,0,0.011,0.002,PMS-314,M. sinensis,139,602,4,2017,2.624081114,166.4284246,1.739722363,1.555303408,4.00495146,19.3780049,NA,6.964669612
PMS-314,Yangtze-Qinling,26.53,119.63,0.388,0.456,0.008,0.002,0.133,0,0.011,0.002,PMS-314,M. sinensis,139,602,4,2018,2.935899305,158.0645643,1.944799505,2.111328623,3.630709444,20.93793088,3.725693427,6.994118219
PMS-314,Yangtze-Qinling,26.53,119.63,0.388,0.456,0.008,0.002,0.133,0,0.011,0.002,PMS-314,M. sinensis,139,399,3,2018,2.727494479,163.6416883,1.757200193,2.081812767,4.00495146,20.10917019,4.485259889,7.563280608
PMS-339,SE China/tropical,25.66,115.82,0.04,0.152,0.001,0.001,0.788,0.014,0.002,0.001,PMS-339,M. sinensis,140,65,1,2017,NA,NA,NA,NA,NA,NA,NA,NA
PMS-339,SE China/tropical,25.66,115.82,0.04,0.152,0.001,0.001,0.788,0.014,0.002,0.001,PMS-339,M. sinensis,140,669,4,2018,NA,NA,NA,NA,NA,NA,NA,NA
PMS-339,SE China/tropical,25.66,115.82,0.04,0.152,0.001,0.001,0.788,0.014,0.002,0.001,PMS-339,M. sinensis,140,424,3,2017,NA,NA,NA,NA,NA,NA,NA,NA
PMS-339,SE China/tropical,25.66,115.82,0.04,0.152,0.001,0.001,0.788,0.014,0.002,0.001,PMS-339,M. sinensis,140,669,4,2017,NA,NA,NA,NA,NA,NA,NA,NA
PMS-339,SE China/tropical,25.66,115.82,0.04,0.152,0.001,0.001,0.788,0.014,0.002,0.001,PMS-339,M. sinensis,140,424,3,2018,NA,NA,NA,NA,NA,NA,NA,NA
PMS-339,SE China/tropical,25.66,115.82,0.04,0.152,0.001,0.001,0.788,0.014,0.002,0.001,PMS-339,M. sinensis,140,193,2,2018,NA,NA,NA,NA,NA,NA,NA,NA
PMS-339,SE China/tropical,25.66,115.82,0.04,0.152,0.001,0.001,0.788,0.014,0.002,0.001,PMS-339,M. sinensis,140,65,1,2018,NA,NA,NA,NA,NA,NA,NA,NA
PMS-339,SE China/tropical,25.66,115.82,0.04,0.152,0.001,0.001,0.788,0.014,0.002,0.001,PMS-339,M. sinensis,140,193,2,2017,NA,NA,NA,NA,NA,NA,NA,NA
PMS-347,SE China/tropical,24.17,115.88,0.007,0.068,0.005,0.025,0.83,0.031,0.004,0.03,PMS-347,M. sinensis,141,212,2,2017,NA,NA,NA,NA,NA,NA,NA,NA
PMS-347,SE China/tropical,24.17,115.88,0.007,0.068,0.005,0.025,0.83,0.031,0.004,0.03,PMS-347,M. sinensis,141,4,1,2018,2.068669736,131.5012235,1.150958392,1.437483817,4.00495146,16.42875926,4.094344562,7.987540052
PMS-347,SE China/tropical,24.17,115.88,0.007,0.068,0.005,0.025,0.83,0.031,0.004,0.03,PMS-347,M. sinensis,141,4,1,2017,1.571419297,104.2358142,1.360025414,0.25700515,3.823100012,13.48609704,NA,7.357434917
PMS-347,SE China/tropical,24.17,115.88,0.007,0.068,0.005,0.025,0.83,0.031,0.004,0.03,PMS-347,M. sinensis,141,525,4,2017,1.644885394,122.2431667,0.931760078,0.28414238,4.00495146,16.89654353,NA,7.20568184
PMS-347,SE China/tropical,24.17,115.88,0.007,0.068,0.005,0.025,0.83,0.031,0.004,0.03,PMS-347,M. sinensis,141,212,2,2018,NA,NA,NA,NA,NA,NA,NA,NA
PMS-347,SE China/tropical,24.17,115.88,0.007,0.068,0.005,0.025,0.83,0.031,0.004,0.03,PMS-347,M. sinensis,141,525,4,2018,1.162511362,117.7480646,1.254393818,0.996804811,3.207211175,17.77999059,4.069026754,6.580894404
PMS-347,SE China/tropical,24.17,115.88,0.007,0.068,0.005,0.025,0.83,0.031,0.004,0.03,PMS-347,M. sinensis,141,456,3,2018,1.525491059,134.5835013,1.118526224,0.786831499,3.823100012,18.76255713,4.399375273,7.528775697
PMS-347,SE China/tropical,24.17,115.88,0.007,0.068,0.005,0.025,0.83,0.031,0.004,0.03,PMS-347,M. sinensis,141,456,3,2017,1.166527359,124.0680932,0.981405162,0.859527611,3.630709444,18.28087623,NA,7.123215622
PMS-351,SE China/tropical,24.07,115.63,0,0.074,0.001,0,0.886,0.001,0,0.038,Miscanthus sinensis  'PMS-351',M. sinensis,162,279,2,2018,NA,NA,NA,NA,NA,NA,NA,NA
PMS-351,SE China/tropical,24.07,115.63,0,0.074,0.001,0,0.886,0.001,0,0.038,Miscanthus sinensis  'PMS-351',M. sinensis,162,363,3,2018,NA,NA,NA,NA,NA,NA,NA,NA
PMS-351,SE China/tropical,24.07,115.63,0,0.074,0.001,0,0.886,0.001,0,0.038,Miscanthus sinensis  'PMS-351',M. sinensis,162,124,1,2018,NA,NA,NA,NA,NA,NA,NA,NA
PMS-351,SE China/tropical,24.07,115.63,0,0.074,0.001,0,0.886,0.001,0,0.038,Miscanthus sinensis  'PMS-351',M. sinensis,162,674,4,2018,NA,NA,NA,NA,NA,NA,NA,NA
PMS-351,SE China/tropical,24.07,115.63,0,0.074,0.001,0,0.886,0.001,0,0.038,Miscanthus sinensis  'PMS-351',M. sinensis,162,124,1,2017,NA,NA,NA,NA,NA,NA,NA,NA
PMS-351,SE China/tropical,24.07,115.63,0,0.074,0.001,0,0.886,0.001,0,0.038,Miscanthus sinensis  'PMS-351',M. sinensis,162,363,3,2017,NA,NA,NA,NA,NA,NA,NA,NA
PMS-351,SE China/tropical,24.07,115.63,0,0.074,0.001,0,0.886,0.001,0,0.038,Miscanthus sinensis  'PMS-351',M. sinensis,162,674,4,2017,NA,NA,NA,NA,NA,NA,NA,NA
PMS-351,SE China/tropical,24.07,115.63,0,0.074,0.001,0,0.886,0.001,0,0.038,Miscanthus sinensis  'PMS-351',M. sinensis,162,279,2,2017,NA,NA,NA,NA,NA,NA,NA,NA
PMS-359,SE China/tropical,22.91,112.34,0.004,0.084,0.001,0,0.762,0.03,0.008,0.11,Miscanthus sinensis  'PMS-359',M. sinensis,163,219,2,2017,0.945022515,126.4535074,0.981405162,0.192667703,3.823100012,18.28087623,NA,5.022035513
PMS-359,SE China/tropical,22.91,112.34,0.004,0.084,0.001,0,0.762,0.03,0.008,0.11,Miscanthus sinensis  'PMS-359',M. sinensis,163,534,4,2017,1.471611143,149.6894087,1.309573445,0.192667703,2.714342776,22.34263968,NA,5.873858682
PMS-359,SE China/tropical,22.91,112.34,0.004,0.084,0.001,0,0.762,0.03,0.008,0.11,Miscanthus sinensis  'PMS-359',M. sinensis,163,59,1,2017,0.673768059,98.59285992,1.228654698,0.23877105,3.426120123,22.99813161,NA,5.554168699
PMS-359,SE China/tropical,22.91,112.34,0.004,0.084,0.001,0,0.762,0.03,0.008,0.11,Miscanthus sinensis  'PMS-359',M. sinensis,163,219,2,2018,0.114297421,93.50719362,0.705958905,0.457850216,2.971203683,15.11319016,0.916290732,1.983469163
PMS-359,SE China/tropical,22.91,112.34,0.004,0.084,0.001,0,0.762,0.03,0.008,0.11,Miscanthus sinensis  'PMS-359',M. sinensis,163,447,3,2017,NA,NA,NA,NA,NA,NA,NA,NA
PMS-359,SE China/tropical,22.91,112.34,0.004,0.084,0.001,0,0.762,0.03,0.008,0.11,Miscanthus sinensis  'PMS-359',M. sinensis,163,59,1,2018,0.158867111,102.5437617,0.453449943,0.163133566,3.426120123,19.3780049,2.708050201,4.214941889
PMS-359,SE China/tropical,22.91,112.34,0.004,0.084,0.001,0,0.762,0.03,0.008,0.11,Miscanthus sinensis  'PMS-359',M. sinensis,163,447,3,2018,NA,NA,NA,NA,NA,NA,NA,NA
PMS-359,SE China/tropical,22.91,112.34,0.004,0.084,0.001,0,0.762,0.03,0.008,0.11,Miscanthus sinensis  'PMS-359',M. sinensis,163,534,4,2018,2.055641538,148.0129653,1.397773023,1.088664565,4.177589711,17.25777262,3.091042453,5.131809014
PMS-375,SE China/tropical,19.63,110.29,0.004,0.023,0.001,0,0.65,0.001,0.005,0.317,Miscanthus sinensis  'PMS-375',M. sinensis,164,300,2,2018,NA,NA,NA,NA,NA,NA,NA,NA
PMS-375,SE China/tropical,19.63,110.29,0.004,0.023,0.001,0,0.65,0.001,0.005,0.317,Miscanthus sinensis  'PMS-375',M. sinensis,164,97,1,2017,NA,NA,NA,NA,NA,NA,NA,NA
PMS-375,SE China/tropical,19.63,110.29,0.004,0.023,0.001,0,0.65,0.001,0.005,0.317,Miscanthus sinensis  'PMS-375',M. sinensis,164,97,1,2018,NA,NA,NA,NA,NA,NA,NA,NA
PMS-375,SE China/tropical,19.63,110.29,0.004,0.023,0.001,0,0.65,0.001,0.005,0.317,Miscanthus sinensis  'PMS-375',M. sinensis,164,549,4,2017,1.408898168,87.28179283,0.981405162,0.28414238,3.426120123,13.48609704,NA,5.545115101
PMS-375,SE China/tropical,19.63,110.29,0.004,0.023,0.001,0,0.65,0.001,0.005,0.317,Miscanthus sinensis  'PMS-375',M. sinensis,164,300,2,2017,NA,NA,NA,NA,NA,NA,NA,NA
PMS-375,SE China/tropical,19.63,110.29,0.004,0.023,0.001,0,0.65,0.001,0.005,0.317,Miscanthus sinensis  'PMS-375',M. sinensis,164,549,4,2018,1.206059307,87.28179283,1.303647097,1.420674264,4.00495146,13.73526989,3.465735903,6.030247353
PMS-375,SE China/tropical,19.63,110.29,0.004,0.023,0.001,0,0.65,0.001,0.005,0.317,Miscanthus sinensis  'PMS-375',M. sinensis,164,342,3,2017,NA,NA,NA,NA,NA,NA,NA,NA
PMS-375,SE China/tropical,19.63,110.29,0.004,0.023,0.001,0,0.65,0.001,0.005,0.317,Miscanthus sinensis  'PMS-375',M. sinensis,164,342,3,2018,NA,NA,NA,NA,NA,NA,NA,NA
PMS-381,SE China/tropical,19.01,109.65,0.002,0.013,0.002,0.002,0.704,0.006,0.001,0.27,Miscanthus sinensis  'PMS-381',M. sinensis,165,51,1,2017,1.77903128,57.68269434,1.898648307,0.859527611,3.823100012,NA,NA,NA
PMS-381,SE China/tropical,19.01,109.65,0.002,0.013,0.002,0.002,0.704,0.006,0.001,0.27,Miscanthus sinensis  'PMS-381',M. sinensis,165,392,3,2018,2.338034956,113.5299433,1.918266544,0.996804811,4.177589711,23.95946937,4.317488114,7.547140254
PMS-381,SE China/tropical,19.01,109.65,0.002,0.013,0.002,0.002,0.704,0.006,0.001,0.27,Miscanthus sinensis  'PMS-381',M. sinensis,165,539,4,2018,2.697145298,116.6236135,2.42621681,0.978179,4.342092761,24.49893553,4.615120517,8.45587418
PMS-381,SE China/tropical,19.01,109.65,0.002,0.013,0.002,0.002,0.704,0.006,0.001,0.27,Miscanthus sinensis  'PMS-381',M. sinensis,165,539,4,2017,3.201269826,144.9382253,2.154845406,0.900983459,2.971203683,22.76302413,NA,8.179469354
PMS-381,SE China/tropical,19.01,109.65,0.002,0.013,0.002,0.002,0.704,0.006,0.001,0.27,Miscanthus sinensis  'PMS-381',M. sinensis,165,171,2,2017,NA,NA,NA,NA,NA,NA,NA,NA
PMS-381,SE China/tropical,19.01,109.65,0.002,0.013,0.002,0.002,0.704,0.006,0.001,0.27,Miscanthus sinensis  'PMS-381',M. sinensis,165,171,2,2018,NA,NA,NA,NA,NA,NA,NA,NA
PMS-381,SE China/tropical,19.01,109.65,0.002,0.013,0.002,0.002,0.704,0.006,0.001,0.27,Miscanthus sinensis  'PMS-381',M. sinensis,165,392,3,2017,2.359730583,123.9277386,2.154845406,0.328820829,3.630709444,22.76302413,NA,6.983998556
PMS-381,SE China/tropical,19.01,109.65,0.002,0.013,0.002,0.002,0.704,0.006,0.001,0.27,Miscanthus sinensis  'PMS-381',M. sinensis,165,51,1,2018,1.259580853,95.76833411,1.938204242,2.081812767,3.630709444,23.34420566,4.123903364,6.973048783
PMS-382,SE China/tropical,18.91,109.51,0.003,0.003,0.002,0.001,0.734,0.008,0,0.249,Miscanthus sinensis  'PMS-382',M. sinensis,166,261,2,2017,2.138424758,139.0636209,1.966295057,0.28414238,4.342092761,20.66711418,NA,7.75702534
PMS-382,SE China/tropical,18.91,109.51,0.003,0.003,0.002,0.001,0.734,0.008,0,0.249,Miscanthus sinensis  'PMS-382',M. sinensis,166,63,1,2017,1.38508071,50.80306567,1.898648307,0.23877105,3.426120123,24.86619037,NA,6.018282649
PMS-382,SE China/tropical,18.91,109.51,0.003,0.003,0.002,0.001,0.734,0.008,0,0.249,Miscanthus sinensis  'PMS-382',M. sinensis,166,406,3,2017,2.092272611,115.9206918,2.154845406,1.744925539,2.971203683,13.97828851,NA,5.227716097
PMS-382,SE China/tropical,18.91,109.51,0.003,0.003,0.002,0.001,0.734,0.008,0,0.249,Miscanthus sinensis  'PMS-382',M. sinensis,166,511,4,2017,NA,NA,NA,NA,NA,NA,NA,NA
PMS-382,SE China/tropical,18.91,109.51,0.003,0.003,0.002,0.001,0.734,0.008,0,0.249,Miscanthus sinensis  'PMS-382',M. sinensis,166,63,1,2018,1.27078763,79.05820043,1.814962445,0.845252971,3.630709444,21.13769496,3.713572067,6.388547366
PMS-382,SE China/tropical,18.91,109.51,0.003,0.003,0.002,0.001,0.734,0.008,0,0.249,Miscanthus sinensis  'PMS-382',M. sinensis,166,261,2,2018,2.407492567,111.4714805,2.18441189,1.011847242,4.499350236,22.52423692,4.921148128,8.310357815
PMS-382,SE China/tropical,18.91,109.51,0.003,0.003,0.002,0.001,0.734,0.008,0,0.249,Miscanthus sinensis  'PMS-382',M. sinensis,166,511,4,2018,NA,NA,NA,NA,NA,NA,NA,NA
PMS-382,SE China/tropical,18.91,109.51,0.003,0.003,0.002,0.001,0.734,0.008,0,0.249,Miscanthus sinensis  'PMS-382',M. sinensis,166,406,3,2018,1.80497901,95.2031772,1.938204242,0.996804811,3.426120123,17.69449858,3.676300672,6.470691871
PMS-397,SE China/tropical,24.4,109.98,0.004,0.058,0.001,0.003,0.607,0.021,0.01,0.296,PMS-397,M. sinensis,142,100,1,2018,1.690041235,135.4238092,1.619494701,1.266534195,3.823100012,13.48609704,NA,NA
PMS-397,SE China/tropical,24.4,109.98,0.004,0.058,0.001,0.003,0.607,0.021,0.01,0.296,PMS-397,M. sinensis,142,668,4,2018,2.165065302,153.3200703,1.904845945,1.61855651,3.823100012,18.28087623,3.624340933,6.876681851
PMS-397,SE China/tropical,24.4,109.98,0.004,0.058,0.001,0.003,0.607,0.021,0.01,0.296,PMS-397,M. sinensis,142,455,3,2017,2.604138617,178.1199703,1.739722363,1.008201351,4.934534906,17.60840407,NA,8.069024412
PMS-397,SE China/tropical,24.4,109.98,0.004,0.058,0.001,0.003,0.607,0.021,0.01,0.296,PMS-397,M. sinensis,142,455,3,2018,3.440004083,192.5682776,2.212922357,2.007335266,4.650105857,18.60401343,4.700480366,8.623246918
PMS-397,SE China/tropical,24.4,109.98,0.004,0.058,0.001,0.003,0.607,0.021,0.01,0.296,PMS-397,M. sinensis,142,100,1,2017,1.325517115,121.6815119,1.652688905,0.904730031,4.650105857,12.69717631,NA,NA
PMS-397,SE China/tropical,24.4,109.98,0.004,0.058,0.001,0.003,0.607,0.021,0.01,0.296,PMS-397,M. sinensis,142,179,2,2018,2.858266952,182.0127431,1.944799505,1.824328445,4.794988428,19.15059762,4.787491743,8.668736824
PMS-397,SE China/tropical,24.4,109.98,0.004,0.058,0.001,0.003,0.607,0.021,0.01,0.296,PMS-397,M. sinensis,142,668,4,2017,2.528319826,157.2275674,1.966295057,1.713816411,4.794988428,18.03295852,NA,6.574296993
PMS-397,SE China/tropical,24.4,109.98,0.004,0.058,0.001,0.003,0.607,0.021,0.01,0.296,PMS-397,M. sinensis,142,179,2,2017,3.119173498,164.4778353,2.178537465,1.186639666,4.794988428,17.60840407,NA,8.238999019
PMS-425,Yangtze-Qinling,29.72,113.85,0.207,0.479,0.005,0.008,0.288,0.012,0.001,0,Miscanthus sinensis  'PMS-425',M. sinensis,167,445,3,2018,1.810114904,105.3634612,1.303647097,1.403803474,2.971203683,14.21553314,3.912023005,6.213965341
PMS-425,Yangtze-Qinling,29.72,113.85,0.207,0.479,0.005,0.008,0.288,0.012,0.001,0,Miscanthus sinensis  'PMS-425',M. sinensis,167,445,3,2017,2.14461319,134.023222,1.228654698,1.080502802,3.207211175,14.89590441,NA,4.880738172
PMS-425,Yangtze-Qinling,29.72,113.85,0.207,0.479,0.005,0.008,0.288,0.012,0.001,0,Miscanthus sinensis  'PMS-425',M. sinensis,167,556,4,2017,0.847168907,123.3662797,0.981405162,0.859527611,3.426120123,16.80448032,NA,6.463453986
PMS-425,Yangtze-Qinling,29.72,113.85,0.207,0.479,0.005,0.008,0.288,0.012,0.001,0,Miscanthus sinensis  'PMS-425',M. sinensis,167,263,2,2018,NA,NA,NA,NA,NA,NA,NA,NA
PMS-425,Yangtze-Qinling,29.72,113.85,0.207,0.479,0.005,0.008,0.288,0.012,0.001,0,Miscanthus sinensis  'PMS-425',M. sinensis,167,118,1,2017,2.82348158,151.3653741,1.597539554,1.555303408,4.177589711,18.60401343,NA,8.49306331
PMS-425,Yangtze-Qinling,29.72,113.85,0.207,0.479,0.005,0.008,0.288,0.012,0.001,0,Miscanthus sinensis  'PMS-425',M. sinensis,167,263,2,2017,NA,NA,NA,NA,NA,NA,NA,NA
PMS-425,Yangtze-Qinling,29.72,113.85,0.207,0.479,0.005,0.008,0.288,0.012,0.001,0,Miscanthus sinensis  'PMS-425',M. sinensis,167,118,1,2018,2.345299759,129.8192086,1.442832217,1.335691907,4.00495146,18.60401343,5.108366783,8.766819789
PMS-425,Yangtze-Qinling,29.72,113.85,0.207,0.479,0.005,0.008,0.288,0.012,0.001,0,Miscanthus sinensis  'PMS-425',M. sinensis,167,556,4,2018,2.528319826,148.0129653,1.682101541,1.777572795,2.971203683,16.61814482,3.951243719,7.008024023
PMS-436,Korea/N China,41.32,123.74,0.777,0.209,0.002,0.001,0.006,0.003,0,0,Miscanthus sinensis  'PMS-436',M. sinensis,168,138,1,2018,NA,NA,NA,NA,NA,NA,NA,NA
PMS-436,Korea/N China,41.32,123.74,0.777,0.209,0.002,0.001,0.006,0.003,0,0,Miscanthus sinensis  'PMS-436',M. sinensis,168,576,4,2017,-0.307398051,45.19617494,0.348051879,0.049511328,2.114445816,14.89590441,NA,3.213611016
PMS-436,Korea/N China,41.32,123.74,0.777,0.209,0.002,0.001,0.006,0.003,0,0,Miscanthus sinensis  'PMS-436',M. sinensis,168,576,4,2018,NA,NA,NA,NA,NA,NA,NA,NA
PMS-436,Korea/N China,41.32,123.74,0.777,0.209,0.002,0.001,0.006,0.003,0,0,Miscanthus sinensis  'PMS-436',M. sinensis,168,187,2,2018,NA,NA,NA,NA,NA,NA,NA,NA
PMS-436,Korea/N China,41.32,123.74,0.777,0.209,0.002,0.001,0.006,0.003,0,0,Miscanthus sinensis  'PMS-436',M. sinensis,168,397,3,2017,0.184837526,42.3141891,0.885612863,0,1.751286756,12.83334578,NA,1.075460155
PMS-436,Korea/N China,41.32,123.74,0.777,0.209,0.002,0.001,0.006,0.003,0,0,Miscanthus sinensis  'PMS-436',M. sinensis,168,138,1,2017,-1.947028104,10.60181023,0.228197763,-0.941207864,1.751286756,14.67404326,NA,1.856624364
PMS-436,Korea/N China,41.32,123.74,0.777,0.209,0.002,0.001,0.006,0.003,0,0,Miscanthus sinensis  'PMS-436',M. sinensis,168,187,2,2017,NA,NA,NA,NA,NA,NA,NA,NA
PMS-436,Korea/N China,41.32,123.74,0.777,0.209,0.002,0.001,0.006,0.003,0,0,Miscanthus sinensis  'PMS-436',M. sinensis,168,397,3,2018,NA,NA,NA,NA,NA,NA,NA,NA
PMS-438,Korea/N China,41.33,123.69,0.763,0.207,0.001,0.005,0.016,0.003,0.003,0.001,Miscanthus sinensis  'PMS-438',M. sinensis,169,646,4,2018,-0.476416277,58.82722262,0.776424195,0.279997727,1.320325802,14.89590441,1.386294361,2.189626505
PMS-438,Korea/N China,41.33,123.69,0.763,0.207,0.001,0.005,0.016,0.003,0.003,0.001,Miscanthus sinensis  'PMS-438',M. sinensis,169,401,3,2017,0.077406981,83.88141851,0.8672691,0.215813472,2.431354221,15.94105242,NA,1.981953541
PMS-438,Korea/N China,41.33,123.69,0.763,0.207,0.001,0.005,0.016,0.003,0.003,0.001,Miscanthus sinensis  'PMS-438',M. sinensis,169,236,2,2017,-0.752540052,62.82872567,0.163897077,-0.634437187,1.751286756,9.788816859,NA,2.157885883
PMS-438,Korea/N China,41.33,123.69,0.763,0.207,0.001,0.005,0.016,0.003,0.003,0.001,Miscanthus sinensis  'PMS-438',M. sinensis,169,236,2,2018,-0.676510388,75.36484615,0.436026424,0.065934306,1.751286756,13.73526989,1.252762968,2.251626236
PMS-438,Korea/N China,41.33,123.69,0.763,0.207,0.001,0.005,0.016,0.003,0.003,0.001,Miscanthus sinensis  'PMS-438',M. sinensis,169,401,3,2018,-0.431677015,79.34212116,0.748651638,0.210460617,1.320325802,12.83334578,1.252762968,1.981953541
PMS-438,Korea/N China,41.33,123.69,0.763,0.207,0.001,0.005,0.016,0.003,0.003,0.001,Miscanthus sinensis  'PMS-438',M. sinensis,169,127,1,2017,-1.318955824,49.94152329,0.096224382,-0.154846602,1.751286756,17.07853486,NA,3.676468576
PMS-438,Korea/N China,41.33,123.69,0.763,0.207,0.001,0.005,0.016,0.003,0.003,0.001,Miscanthus sinensis  'PMS-438',M. sinensis,169,127,1,2018,-0.571814945,77.63820766,0.55358009,0.302810662,1.751286756,17.03329945,1.252762968,2.074894551
PMS-438,Korea/N China,41.33,123.69,0.763,0.207,0.001,0.005,0.016,0.003,0.003,0.001,Miscanthus sinensis  'PMS-438',M. sinensis,169,646,4,2017,-0.374719346,74.7962366,0.743491775,0.23877105,1.751286756,15.32613804,NA,2.370149007
UI10-00008,M. sacchariflorus 2x,NA,NA,0.001,0.001,0.001,0.001,0.001,0.001,0.993,0.001,M. sacchariflorus  'Hortico',M. sacchariflorus,11,328,2,2018,NA,NA,NA,NA,NA,NA,NA,NA
UI10-00008,M. sacchariflorus 2x,NA,NA,0.001,0.001,0.001,0.001,0.001,0.001,0.993,0.001,M. sacchariflorus  'Hortico',M. sacchariflorus,11,328,2,2017,NA,NA,NA,NA,NA,NA,NA,NA
UI10-00008,M. sacchariflorus 2x,NA,NA,0.001,0.001,0.001,0.001,0.001,0.001,0.993,0.001,M. sacchariflorus  'Hortico',M. sacchariflorus,11,562,4,2017,NA,NA,NA,NA,NA,NA,NA,NA
UI10-00008,M. sacchariflorus 2x,NA,NA,0.001,0.001,0.001,0.001,0.001,0.001,0.993,0.001,M. sacchariflorus  'Hortico',M. sacchariflorus,11,49,1,2017,0.526580017,25.34168724,1.186565337,0.859527611,2.714342776,11.5267179,NA,4.00242648
UI10-00008,M. sacchariflorus 2x,NA,NA,0.001,0.001,0.001,0.001,0.001,0.001,0.993,0.001,M. sacchariflorus  'Hortico',M. sacchariflorus,11,49,1,2018,1.079629126,113.8112737,1.360789197,1.03379852,2.431354221,12.83334578,2.995732274,4.935515037
UI10-00008,M. sacchariflorus 2x,NA,NA,0.001,0.001,0.001,0.001,0.001,0.001,0.993,0.001,M. sacchariflorus  'Hortico',M. sacchariflorus,11,347,3,2017,NA,NA,NA,NA,NA,NA,NA,NA
UI10-00008,M. sacchariflorus 2x,NA,NA,0.001,0.001,0.001,0.001,0.001,0.001,0.993,0.001,M. sacchariflorus  'Hortico',M. sacchariflorus,11,562,4,2018,NA,NA,NA,NA,NA,NA,NA,NA
UI10-00008,M. sacchariflorus 2x,NA,NA,0.001,0.001,0.001,0.001,0.001,0.001,0.993,0.001,M. sacchariflorus  'Hortico',M. sacchariflorus,11,347,3,2018,NA,NA,NA,NA,NA,NA,NA,NA
UI10-00012,Ornamental,NA,NA,0.003,0.007,0.715,0.038,0.006,0.225,0.004,0.003,M. sinensis var. condensatus 'Cabaret',M. sinensis var. condensatus,86,273,2,2017,0.968407919,103.1078574,1.348524388,0.859527611,3.630709444,15.22019227,NA,3.421259998
UI10-00012,Ornamental,NA,NA,0.003,0.007,0.715,0.038,0.006,0.225,0.004,0.003,M. sinensis var. condensatus 'Cabaret',M. sinensis var. condensatus,86,80,1,2018,1.442247359,98.59285992,1.520897375,0.95946533,4.342092761,15.63789894,4.151039906,6.651158996
UI10-00012,Ornamental,NA,NA,0.003,0.007,0.715,0.038,0.006,0.225,0.004,0.003,M. sinensis var. condensatus 'Cabaret',M. sinensis var. condensatus,86,619,4,2017,2.755890866,146.895068,1.898648307,1.555303408,3.823100012,18.76255713,NA,6.463453986
UI10-00012,Ornamental,NA,NA,0.003,0.007,0.715,0.038,0.006,0.225,0.004,0.003,M. sinensis var. condensatus 'Cabaret',M. sinensis var. condensatus,86,384,3,2017,0.545931658,81.61256911,0.854024565,0.934572751,2.714342776,13.85752379,NA,3.864329085
UI10-00012,Ornamental,NA,NA,0.003,0.007,0.715,0.038,0.006,0.225,0.004,0.003,M. sinensis var. condensatus 'Cabaret',M. sinensis var. condensatus,86,384,3,2018,-0.658330249,49.07960732,0.646969914,0.522022021,2.714342776,13.61147808,2.48490665,4.109713953
UI10-00012,Ornamental,NA,NA,0.003,0.007,0.715,0.038,0.006,0.225,0.004,0.003,M. sinensis var. condensatus 'Cabaret',M. sinensis var. condensatus,86,273,2,2018,1.378201796,101.4153335,1.529344161,1.142811696,3.426120123,14.21553314,2.014903021,2.997361273
UI10-00012,Ornamental,NA,NA,0.003,0.007,0.715,0.038,0.006,0.225,0.004,0.003,M. sinensis var. condensatus 'Cabaret',M. sinensis var. condensatus,86,80,1,2017,2.165065302,112.9672292,1.715313492,1.087663112,3.630709444,16.89654353,NA,6.420744254
UI10-00012,Ornamental,NA,NA,0.003,0.007,0.715,0.038,0.006,0.225,0.004,0.003,M. sinensis var. condensatus 'Cabaret',M. sinensis var. condensatus,86,619,4,2018,2.306783223,133.74306,1.938204242,1.454232902,3.630709444,18.28087623,3.624340933,6.41151843
UI10-00015,Ornamental,NA,NA,0.003,0.007,0.664,0.054,0.018,0.252,0.001,0.002,M. sinensis var. condensatus 'Cosmopolitan',M. sinensis var. condensatus,87,631,4,2017,2.577687607,119.9961508,1.898648307,1.555303408,3.630709444,18.3624377,NA,5.665239657
UI10-00015,Ornamental,NA,NA,0.003,0.007,0.664,0.054,0.018,0.252,0.001,0.002,M. sinensis var. condensatus 'Cosmopolitan',M. sinensis var. condensatus,87,631,4,2018,2.746007272,116.904752,2.229814632,2.198969441,2.431354221,19.22683781,2.708050201,5.085773247
UI10-00015,Ornamental,NA,NA,0.003,0.007,0.664,0.054,0.018,0.252,0.001,0.002,M. sinensis var. condensatus 'Cosmopolitan',M. sinensis var. condensatus,87,370,3,2017,2.993096829,122.8047559,2.154845406,2.304170769,3.426120123,16.71168585,NA,5.554168699
UI10-00015,Ornamental,NA,NA,0.003,0.007,0.664,0.054,0.018,0.252,0.001,0.002,M. sinensis var. condensatus 'Cosmopolitan',M. sinensis var. condensatus,87,316,2,2017,2.218983424,95.76833411,1.898648307,1.713816411,3.630709444,15.43105417,NA,5.022035513
UI10-00015,Ornamental,NA,NA,0.003,0.007,0.664,0.054,0.018,0.252,0.001,0.002,M. sinensis var. condensatus 'Cosmopolitan',M. sinensis var. condensatus,87,316,2,2018,1.121694939,88.98071352,1.193164469,0.996804811,2.714342776,15.53496627,2.772588722,3.989027919
UI10-00015,Ornamental,NA,NA,0.003,0.007,0.664,0.054,0.018,0.252,0.001,0.002,M. sinensis var. condensatus 'Cosmopolitan',M. sinensis var. condensatus,87,370,3,2018,1.916490317,118.8722428,1.619494701,1.249074574,2.971203683,16.61814482,3.761200116,6.357212433
UI10-00015,Ornamental,NA,NA,0.003,0.007,0.664,0.054,0.018,0.252,0.001,0.002,M. sinensis var. condensatus 'Cosmopolitan',M. sinensis var. condensatus,87,40,1,2018,1.55627093,99.15751686,1.74244634,1.335691907,2.714342776,16.80448032,2.302585093,4.144034726
UI10-00015,Ornamental,NA,NA,0.003,0.007,0.664,0.054,0.018,0.252,0.001,0.002,M. sinensis var. condensatus 'Cosmopolitan',M. sinensis var. condensatus,87,40,1,2017,1.954234941,105.3634612,1.72144901,1.087663112,3.630709444,15.94105242,NA,4.00242648
UI10-00017,Ornamental,NA,NA,0.033,0.013,0.288,0.052,0.038,0.563,0.002,0.011,M. sinensis var. condensatus--UI10-00017,M. sinensis,88,109,1,2018,1.52237676,121.6815119,1.512406594,1.142811696,2.714342776,17.60840407,2.995732274,5.812556369
UI10-00017,Ornamental,NA,NA,0.033,0.013,0.288,0.052,0.038,0.563,0.002,0.011,M. sinensis var. condensatus--UI10-00017,M. sinensis,88,109,1,2017,1.27450338,97.46329931,1.597539554,1.357926789,NA,19.22683781,NA,5.022035513
UI10-00017,Ornamental,NA,NA,0.033,0.013,0.288,0.052,0.038,0.563,0.002,0.011,M. sinensis var. condensatus--UI10-00017,M. sinensis,88,659,4,2018,NA,42.74679264,0.601053494,-0.00941775,2.431354221,11.04347717,1.098612289,0.174332103
UI10-00017,Ornamental,NA,NA,0.033,0.013,0.288,0.052,0.038,0.563,0.002,0.011,M. sinensis var. condensatus--UI10-00017,M. sinensis,88,330,2,2018,1.206059307,122.1027592,1.085391462,0.845252971,3.426120123,17.25777262,4.189654742,7.053251363
UI10-00017,Ornamental,NA,NA,0.033,0.013,0.288,0.052,0.038,0.563,0.002,0.011,M. sinensis var. condensatus--UI10-00017,M. sinensis,88,427,3,2017,NA,150.5274508,1.662233692,1.116181213,3.823100012,17.25777262,NA,2.370149007
UI10-00017,Ornamental,NA,NA,0.033,0.013,0.288,0.052,0.038,0.563,0.002,0.011,M. sinensis var. condensatus--UI10-00017,M. sinensis,88,427,3,2018,1.166527359,112.1230244,1.520897375,1.03379852,2.714342776,17.69449858,2.525728644,4.482321259
UI10-00017,Ornamental,NA,NA,0.033,0.013,0.288,0.052,0.038,0.563,0.002,0.011,M. sinensis var. condensatus--UI10-00017,M. sinensis,88,330,2,2017,1.845581319,122.3835701,1.386542223,0.971558298,3.630709444,16.1386678,NA,6.666621268
UI10-00017,Ornamental,NA,NA,0.033,0.013,0.288,0.052,0.038,0.563,0.002,0.011,M. sinensis var. condensatus--UI10-00017,M. sinensis,88,659,4,2017,-0.020172127,91.10321045,0.880395113,0.23877105,2.714342776,13.85752379,NA,1.642255208
UI10-00019,M. xgiganteus 2x,NA,NA,0.409,0.012,0.001,0.001,0.001,0.001,0.571,0.003,M. sinensis var. purpurascens,M. sinensis var. purpurascens,89,658,4,2017,NA,NA,NA,NA,NA,NA,NA,NA
UI10-00019,M. xgiganteus 2x,NA,NA,0.409,0.012,0.001,0.001,0.001,0.001,0.571,0.003,M. sinensis var. purpurascens,M. sinensis var. purpurascens,89,462,3,2017,NA,NA,NA,NA,NA,NA,NA,NA
UI10-00019,M. xgiganteus 2x,NA,NA,0.409,0.012,0.001,0.001,0.001,0.001,0.571,0.003,M. sinensis var. purpurascens,M. sinensis var. purpurascens,89,305,2,2018,NA,NA,NA,NA,NA,NA,NA,NA
UI10-00019,M. xgiganteus 2x,NA,NA,0.409,0.012,0.001,0.001,0.001,0.001,0.571,0.003,M. sinensis var. purpurascens,M. sinensis var. purpurascens,89,462,3,2018,NA,NA,NA,NA,NA,NA,NA,NA
UI10-00019,M. xgiganteus 2x,NA,NA,0.409,0.012,0.001,0.001,0.001,0.001,0.571,0.003,M. sinensis var. purpurascens,M. sinensis var. purpurascens,89,658,4,2018,NA,NA,NA,NA,NA,NA,NA,NA
UI10-00019,M. xgiganteus 2x,NA,NA,0.409,0.012,0.001,0.001,0.001,0.001,0.571,0.003,M. sinensis var. purpurascens,M. sinensis var. purpurascens,89,54,1,2018,NA,NA,NA,NA,NA,NA,NA,NA
UI10-00019,M. xgiganteus 2x,NA,NA,0.409,0.012,0.001,0.001,0.001,0.001,0.571,0.003,M. sinensis var. purpurascens,M. sinensis var. purpurascens,89,305,2,2017,NA,NA,NA,NA,NA,NA,NA,NA
UI10-00019,M. xgiganteus 2x,NA,NA,0.409,0.012,0.001,0.001,0.001,0.001,0.571,0.003,M. sinensis var. purpurascens,M. sinensis var. purpurascens,89,54,1,2017,NA,NA,NA,NA,NA,NA,NA,NA
UI10-00020,Ornamental,NA,NA,0.023,0.005,0.176,0.027,0.104,0.656,0.002,0.008,M. sinensis  'Adagio',M. sinensis,12,135,1,2017,-0.733009971,52.23815702,0.289482444,-0.741398735,2.431354221,15.22019227,NA,4.311226649
UI10-00020,Ornamental,NA,NA,0.023,0.005,0.176,0.027,0.104,0.656,0.002,0.008,M. sinensis  'Adagio',M. sinensis,12,541,4,2018,NA,NA,NA,NA,NA,NA,NA,NA
UI10-00020,Ornamental,NA,NA,0.023,0.005,0.176,0.027,0.104,0.656,0.002,0.008,M. sinensis  'Adagio',M. sinensis,12,266,2,2017,NA,NA,NA,NA,NA,NA,NA,NA
UI10-00020,Ornamental,NA,NA,0.023,0.005,0.176,0.027,0.104,0.656,0.002,0.008,M. sinensis  'Adagio',M. sinensis,12,135,1,2018,-1.60228138,25.5578927,0.487643531,0.123951966,0.777429042,13.48609704,0,0.75176756
UI10-00020,Ornamental,NA,NA,0.023,0.005,0.176,0.027,0.104,0.656,0.002,0.008,M. sinensis  'Adagio',M. sinensis,12,364,3,2018,-0.658330249,NA,NA,NA,NA,NA,NA,2.459581936
UI10-00020,Ornamental,NA,NA,0.023,0.005,0.176,0.027,0.104,0.656,0.002,0.008,M. sinensis  'Adagio',M. sinensis,12,364,3,2017,0.086737099,71.38225187,0.743491775,0.192667703,2.114445816,12.13123799,NA,3.110766166
UI10-00020,Ornamental,NA,NA,0.023,0.005,0.176,0.027,0.104,0.656,0.002,0.008,M. sinensis  'Adagio',M. sinensis,12,541,4,2017,0.71371251,89.82986463,0.458035348,0.078765611,2.714342776,13.48609704,NA,2.258692342
UI10-00020,Ornamental,NA,NA,0.023,0.005,0.176,0.027,0.104,0.656,0.002,0.008,M. sinensis  'Adagio',M. sinensis,12,266,2,2018,NA,NA,NA,NA,NA,NA,NA,NA
UI10-00021,Ornamental,NA,NA,0.138,0.024,0.2,0.174,0.026,0.27,0.161,0.007,M. sinensis  'Allegro',M. sinensis,13,528,4,2017,1.170531722,115.4988868,1.309573445,0.859527611,3.207211175,17.25777262,NA,6.34122969
UI10-00021,Ornamental,NA,NA,0.138,0.024,0.2,0.174,0.026,0.27,0.161,0.007,M. sinensis  'Allegro',M. sinensis,13,478,3,2017,1.221562103,105.9271695,0.981405162,0.859527611,2.971203683,12.4186306,NA,NA
UI10-00021,Ornamental,NA,NA,0.138,0.024,0.2,0.174,0.026,0.27,0.161,0.007,M. sinensis  'Allegro',M. sinensis,13,35,1,2017,1.289268678,111.5601316,0.901156071,0.859527611,3.207211175,13.73526989,NA,6.110460544
UI10-00021,Ornamental,NA,NA,0.138,0.024,0.2,0.174,0.026,0.27,0.161,0.007,M. sinensis  'Allegro',M. sinensis,13,222,2,2017,-0.093646726,83.45612891,0.931760078,0,2.714342776,15.11319016,NA,3.088448068
UI10-00021,Ornamental,NA,NA,0.138,0.024,0.2,0.174,0.026,0.27,0.161,0.007,M. sinensis  'Allegro',M. sinensis,13,222,2,2018,-0.446388258,66.53864645,0.790112558,0.015949179,2.431354221,15.73987585,2.302585093,3.488055317
UI10-00021,Ornamental,NA,NA,0.138,0.024,0.2,0.174,0.026,0.27,0.161,0.007,M. sinensis  'Allegro',M. sinensis,13,478,3,2018,0.322362068,109.8710185,0.869640459,0.457850216,2.714342776,13.48609704,3.496507561,4.98780546
UI10-00021,Ornamental,NA,NA,0.138,0.024,0.2,0.174,0.026,0.27,0.161,0.007,M. sinensis  'Allegro',M. sinensis,13,528,4,2018,0.768732574,105.9271695,1.085391462,0.667105382,2.431354221,16.33288141,3.737669618,6.195916169
UI10-00021,Ornamental,NA,NA,0.138,0.024,0.2,0.174,0.026,0.27,0.161,0.007,M. sinensis  'Allegro',M. sinensis,13,35,1,2018,0.632552507,106.2089951,1.172205732,0.564114473,2.714342776,14.56131682,3.481240089,5.799902586
UI10-00022,Ornamental,NA,NA,0.013,0.002,0.715,0.12,0.003,0.139,0.005,0.002,M. sinensis  'Altweibersommer',M. sinensis,14,520,4,2018,1.497217548,165.8711731,1.397773023,1.142811696,3.630709444,19.3780049,3.881563798,6.681781796
UI10-00022,Ornamental,NA,NA,0.013,0.002,0.715,0.12,0.003,0.139,0.005,0.002,M. sinensis  'Altweibersommer',M. sinensis,14,520,4,2017,1.714846193,168.3784315,1.662233692,0.328820829,3.823100012,19.45294474,NA,6.463453986
UI10-00022,Ornamental,NA,NA,0.013,0.002,0.715,0.12,0.003,0.139,0.005,0.002,M. sinensis  'Altweibersommer',M. sinensis,14,467,3,2018,1.503548608,169.2139722,1.469274277,0.436171136,3.630709444,18.91916959,3.912023005,6.34122969
UI10-00022,Ornamental,NA,NA,0.013,0.002,0.715,0.12,0.003,0.139,0.005,0.002,M. sinensis  'Altweibersommer',M. sinensis,14,74,1,2017,NA,NA,NA,NA,NA,NA,NA,NA
UI10-00022,Ornamental,NA,NA,0.013,0.002,0.715,0.12,0.003,0.139,0.005,0.002,M. sinensis  'Altweibersommer',M. sinensis,14,467,3,2017,1.325517115,148.8512471,1.414472774,0.192667703,3.426120123,18.28087623,NA,5.665239657
UI10-00022,Ornamental,NA,NA,0.013,0.002,0.715,0.12,0.003,0.139,0.005,0.002,M. sinensis  'Altweibersommer',M. sinensis,14,74,1,2018,NA,NA,NA,NA,NA,NA,NA,NA
UI10-00022,Ornamental,NA,NA,0.013,0.002,0.715,0.12,0.003,0.139,0.005,0.002,M. sinensis  'Altweibersommer',M. sinensis,14,270,2,2017,1.835533366,159.7382201,1.662233692,0.23877105,3.823100012,18.60401343,NA,5.965747285
UI10-00022,Ornamental,NA,NA,0.013,0.002,0.715,0.12,0.003,0.139,0.005,0.002,M. sinensis  'Altweibersommer',M. sinensis,14,270,2,2018,0.45985206,126.7340687,0.920357635,-0.035046226,4.342092761,19.22683781,3.931825633,6.130485217
UI10-00023,Ornamental,NA,NA,0.041,0.016,0.402,0.129,0.032,0.317,0.056,0.007,M. sinensis  'Andante',M. sinensis,15,184,2,2017,1.500386554,114.2332362,1.386542223,1.008201351,3.207211175,16.52384141,NA,5.085773247
UI10-00023,Ornamental,NA,NA,0.041,0.016,0.402,0.129,0.032,0.317,0.056,0.007,M. sinensis  'Andante',M. sinensis,15,101,1,2018,1.022932562,123.0855259,1.244354611,0.727467461,2.714342776,10.87592695,2.564949357,4.109713953
UI10-00023,Ornamental,NA,NA,0.041,0.016,0.402,0.129,0.032,0.317,0.056,0.007,M. sinensis  'Andante',M. sinensis,15,101,1,2017,1.083894321,106.3499008,1.228654698,0.459040834,2.714342776,12.83334578,NA,2.694751243
UI10-00023,Ornamental,NA,NA,0.041,0.016,0.402,0.129,0.032,0.317,0.056,0.007,M. sinensis  'Andante',M. sinensis,15,485,3,2017,1.005000768,100.851,0.931760078,0.372842075,2.714342776,13.48609704,NA,0.947132691
UI10-00023,Ornamental,NA,NA,0.041,0.016,0.402,0.129,0.032,0.317,0.056,0.007,M. sinensis  'Andante',M. sinensis,15,537,4,2017,1.339759364,106.7725894,1.228654698,0.416238758,2.714342776,13.61147808,NA,2.694751243
UI10-00023,Ornamental,NA,NA,0.041,0.016,0.402,0.129,0.032,0.317,0.056,0.007,M. sinensis  'Andante',M. sinensis,15,537,4,2018,1.544037351,132.3420252,1.570935705,0.786831499,2.971203683,14.21553314,2.602689685,4.311226649
UI10-00023,Ornamental,NA,NA,0.041,0.016,0.402,0.129,0.032,0.317,0.056,0.007,M. sinensis  'Andante',M. sinensis,15,184,2,2018,0.836975981,110.434129,1.341969964,0.584963163,2.714342776,16.42875926,2.63905733,4.061042713
UI10-00023,Ornamental,NA,NA,0.041,0.016,0.402,0.129,0.032,0.317,0.056,0.007,M. sinensis  'Andante',M. sinensis,15,485,3,2018,0.533063359,100.851,1.284130787,0.522022021,2.431354221,12.83334578,1.386294361,2.073502288
UI10-00024,Ornamental,NA,NA,0.02,0.009,0.207,0.021,0.06,0.672,0.006,0.005,M. sinensis  'Arabesque',M. sinensis,16,210,2,2018,0.403798683,99.72209221,1.182720624,0.479382808,2.431354221,14.09761029,2.564949357,4.631064052
UI10-00024,Ornamental,NA,NA,0.02,0.009,0.207,0.021,0.06,0.672,0.006,0.005,M. sinensis  'Arabesque',M. sinensis,16,72,1,2018,NA,NA,NA,NA,NA,NA,NA,NA
UI10-00024,Ornamental,NA,NA,0.02,0.009,0.207,0.021,0.06,0.672,0.006,0.005,M. sinensis  'Arabesque',M. sinensis,16,419,3,2017,NA,NA,NA,NA,NA,NA,NA,NA
UI10-00024,Ornamental,NA,NA,0.02,0.009,0.207,0.021,0.06,0.672,0.006,0.005,M. sinensis  'Arabesque',M. sinensis,16,650,4,2017,0.842082245,115.6394928,0.880395113,0.437712346,2.431354221,17.60840407,NA,3.549986297
UI10-00024,Ornamental,NA,NA,0.02,0.009,0.207,0.021,0.06,0.672,0.006,0.005,M. sinensis  'Arabesque',M. sinensis,16,419,3,2018,NA,NA,NA,NA,NA,NA,NA,NA
UI10-00024,Ornamental,NA,NA,0.02,0.009,0.207,0.021,0.06,0.672,0.006,0.005,M. sinensis  'Arabesque',M. sinensis,16,210,2,2017,0.644463232,97.46329931,0.931760078,0.098088088,2.714342776,14.89590441,NA,5.022035513
UI10-00024,Ornamental,NA,NA,0.02,0.009,0.207,0.021,0.06,0.672,0.006,0.005,M. sinensis  'Arabesque',M. sinensis,16,650,4,2018,0.526580017,103.1078574,1.096516566,0.584963163,2.431354221,17.25777262,2.351375257,4.482321259
UI10-00024,Ornamental,NA,NA,0.02,0.009,0.207,0.021,0.06,0.672,0.006,0.005,M. sinensis  'Arabesque',M. sinensis,16,72,1,2017,NA,NA,NA,NA,NA,NA,NA,NA
UI10-00025,Ornamental,NA,NA,0.032,0.014,0.241,0.029,0.038,0.628,0.006,0.013,M. sinensis  'Autumn Light',M. sinensis,17,191,2,2017,NA,NA,NA,NA,NA,NA,NA,NA
UI10-00025,Ornamental,NA,NA,0.032,0.014,0.241,0.029,0.038,0.628,0.006,0.013,M. sinensis  'Autumn Light',M. sinensis,17,7,1,2017,NA,NA,NA,NA,NA,NA,NA,NA
UI10-00025,Ornamental,NA,NA,0.032,0.014,0.241,0.029,0.038,0.628,0.006,0.013,M. sinensis  'Autumn Light',M. sinensis,17,367,3,2018,1.009506011,98.59285992,0.869640459,0.825880669,2.714342776,15.32613804,3.650658241,6.240533895
UI10-00025,Ornamental,NA,NA,0.032,0.014,0.241,0.029,0.038,0.628,0.006,0.013,M. sinensis  'Autumn Light',M. sinensis,17,367,3,2017,0.821537915,100.1454705,0.743491775,0.394616555,3.207211175,15.43105417,NA,6.204975126
UI10-00025,Ornamental,NA,NA,0.032,0.014,0.241,0.029,0.038,0.628,0.006,0.013,M. sinensis  'Autumn Light',M. sinensis,17,652,4,2018,NA,NA,NA,NA,NA,9.788816859,1.098612289,1.402803937
UI10-00025,Ornamental,NA,NA,0.032,0.014,0.241,0.029,0.038,0.628,0.006,0.013,M. sinensis  'Autumn Light',M. sinensis,17,652,4,2017,0.259567932,91.81042945,0.931760078,0.192667703,2.431354221,12.69717631,NA,2.370149007
UI10-00025,Ornamental,NA,NA,0.032,0.014,0.241,0.029,0.038,0.628,0.006,0.013,M. sinensis  'Autumn Light',M. sinensis,17,7,1,2018,NA,NA,NA,NA,NA,NA,NA,NA
UI10-00025,Ornamental,NA,NA,0.032,0.014,0.241,0.029,0.038,0.628,0.006,0.013,M. sinensis  'Autumn Light',M. sinensis,17,191,2,2018,NA,NA,NA,NA,NA,NA,NA,NA
UI10-00026,Ornamental,NA,NA,0.07,0.015,0.338,0.153,0.029,0.326,0.057,0.012,M. sinensis  'Ben Graz',M. sinensis,18,265,2,2018,-0.446388258,89.54683697,0.616526253,-0.087127206,2.971203683,6.629494254,1.252762968,1.420899464
UI10-00026,Ornamental,NA,NA,0.07,0.015,0.338,0.153,0.029,0.326,0.057,0.012,M. sinensis  'Ben Graz',M. sinensis,18,494,3,2017,0.768732574,98.59285992,1.228654698,0.437712346,2.114445816,15.11319016,NA,2.008913574
UI10-00026,Ornamental,NA,NA,0.07,0.015,0.338,0.153,0.029,0.326,0.057,0.012,M. sinensis  'Ben Graz',M. sinensis,18,265,2,2017,0.25148751,105.0815783,0.931760078,0.192667703,3.207211175,8.031919023,NA,2.725005449
UI10-00026,Ornamental,NA,NA,0.07,0.015,0.338,0.153,0.029,0.326,0.057,0.012,M. sinensis  'Ben Graz',M. sinensis,18,13,1,2018,-0.115521215,91.52755849,0.907840911,0.436171136,2.114445816,13.48609704,2.079441542,3.314909823
UI10-00026,Ornamental,NA,NA,0.07,0.015,0.338,0.153,0.029,0.326,0.057,0.012,M. sinensis  'Ben Graz',M. sinensis,18,494,3,2018,0.176242657,99.15751686,0.981405162,0.605683942,2.114445816,11.36871101,1.504077397,2.203302628
UI10-00026,Ornamental,NA,NA,0.07,0.015,0.338,0.153,0.029,0.326,0.057,0.012,M. sinensis  'Ben Graz',M. sinensis,18,13,1,2017,0.982246704,114.3738816,1.367646796,0.247902571,3.207211175,13.09986142,NA,4.311226649
UI10-00026,Ornamental,NA,NA,0.07,0.015,0.338,0.153,0.029,0.326,0.057,0.012,M. sinensis  'Ben Graz',M. sinensis,18,563,4,2018,-0.172093201,87.56500406,1.040057611,0.436171136,2.114445816,11.5267179,2.197224577,3.250317282
UI10-00026,Ornamental,NA,NA,0.07,0.015,0.338,0.153,0.029,0.326,0.057,0.012,M. sinensis  'Ben Graz',M. sinensis,18,563,4,2017,0.201846191,87.28179283,0.880395113,0,2.971203683,13.48609704,NA,3.864329085
UI10-00027,Ornamental,NA,NA,0.089,0.028,0.251,0.055,0.038,0.373,0.152,0.015,M. sinensis  'Ben Rotkopf',M. sinensis,19,457,3,2017,NA,NA,NA,NA,NA,NA,NA,NA
UI10-00027,Ornamental,NA,NA,0.089,0.028,0.251,0.055,0.038,0.373,0.152,0.015,M. sinensis  'Ben Rotkopf',M. sinensis,19,571,4,2017,2.338034956,132.3420252,1.709155469,0.859527611,3.823100012,11.83422853,NA,4.880738172
UI10-00027,Ornamental,NA,NA,0.089,0.028,0.251,0.055,0.038,0.373,0.152,0.015,M. sinensis  'Ben Rotkopf',M. sinensis,19,143,1,2017,NA,NA,NA,NA,NA,NA,NA,NA
UI10-00027,Ornamental,NA,NA,0.089,0.028,0.251,0.055,0.038,0.373,0.152,0.015,M. sinensis  'Ben Rotkopf',M. sinensis,19,571,4,2018,2.00690391,101.1331767,1.570935705,1.420674264,3.207211175,13.97828851,3.749504076,6.567662932
UI10-00027,Ornamental,NA,NA,0.089,0.028,0.251,0.055,0.038,0.373,0.152,0.015,M. sinensis  'Ben Rotkopf',M. sinensis,19,143,1,2018,NA,NA,NA,NA,NA,NA,NA,NA
UI10-00027,Ornamental,NA,NA,0.089,0.028,0.251,0.055,0.038,0.373,0.152,0.015,M. sinensis  'Ben Rotkopf',M. sinensis,19,457,3,2018,NA,NA,NA,NA,NA,NA,NA,NA
UI10-00027,Ornamental,NA,NA,0.089,0.028,0.251,0.055,0.038,0.373,0.152,0.015,M. sinensis  'Ben Rotkopf',M. sinensis,19,172,2,2017,NA,NA,NA,NA,NA,NA,NA,NA
UI10-00027,Ornamental,NA,NA,0.089,0.028,0.251,0.055,0.038,0.373,0.152,0.015,M. sinensis  'Ben Rotkopf',M. sinensis,19,172,2,2018,NA,NA,NA,NA,NA,NA,NA,NA
UI10-00028,Ornamental,NA,NA,0.007,0.006,0.693,0.091,0.037,0.163,0.002,0.002,M. sinensis  'Berlin',M. sinensis,20,607,4,2017,-0.183749765,66.11085074,0.854024565,0.28414238,2.431354221,11.83422853,NA,1.818459854
UI10-00028,Ornamental,NA,NA,0.007,0.006,0.693,0.091,0.037,0.163,0.002,0.002,M. sinensis  'Berlin',M. sinensis,20,106,1,2018,0.571284629,94.92056685,0.981405162,0.584963163,3.823100012,5.583070667,3.349904087,5.299581665
UI10-00028,Ornamental,NA,NA,0.007,0.006,0.693,0.091,0.037,0.163,0.002,0.002,M. sinensis  'Berlin',M. sinensis,20,382,3,2017,-0.219450393,74.65406716,0.880395113,0.192667703,2.714342776,NA,NA,2.964632097
UI10-00028,Ornamental,NA,NA,0.007,0.006,0.693,0.091,0.037,0.163,0.002,0.002,M. sinensis  'Berlin',M. sinensis,20,106,1,2017,1.053754388,109.8710185,1.228654698,0.859527611,3.630709444,16.42875926,NA,5.402349458
UI10-00028,Ornamental,NA,NA,0.007,0.006,0.693,0.091,0.037,0.163,0.002,0.002,M. sinensis  'Berlin',M. sinensis,20,382,3,2018,NA,NA,NA,NA,NA,NA,NA,NA
UI10-00028,Ornamental,NA,NA,0.007,0.006,0.693,0.091,0.037,0.163,0.002,0.002,M. sinensis  'Berlin',M. sinensis,20,205,2,2018,NA,NA,NA,NA,NA,NA,NA,NA
UI10-00028,Ornamental,NA,NA,0.007,0.006,0.693,0.091,0.037,0.163,0.002,0.002,M. sinensis  'Berlin',M. sinensis,20,205,2,2017,NA,NA,NA,NA,NA,NA,NA,NA
UI10-00028,Ornamental,NA,NA,0.007,0.006,0.693,0.091,0.037,0.163,0.002,0.002,M. sinensis  'Berlin',M. sinensis,20,607,4,2018,NA,NA,NA,NA,NA,NA,NA,NA
UI10-00029,Ornamental,NA,NA,0.045,0.012,0.164,0.278,0.032,0.349,0.11,0.009,M. sinensis  'Bitsy Ben',M. sinensis,21,532,4,2018,NA,NA,NA,NA,NA,13.48609704,2.014903021,2.878282359
UI10-00029,Ornamental,NA,NA,0.045,0.012,0.164,0.278,0.032,0.349,0.11,0.009,M. sinensis  'Bitsy Ben',M. sinensis,21,348,3,2018,NA,NA,NA,NA,NA,NA,NA,NA
UI10-00029,Ornamental,NA,NA,0.045,0.012,0.164,0.278,0.032,0.349,0.11,0.009,M. sinensis  'Bitsy Ben',M. sinensis,21,348,3,2017,-0.555319646,72.80523625,0.26936976,-0.634437187,2.971203683,5.583070667,NA,2.300148064
UI10-00029,Ornamental,NA,NA,0.045,0.012,0.164,0.278,0.032,0.349,0.11,0.009,M. sinensis  'Bitsy Ben',M. sinensis,21,239,2,2017,NA,NA,NA,NA,NA,NA,NA,NA
UI10-00029,Ornamental,NA,NA,0.045,0.012,0.164,0.278,0.032,0.349,0.11,0.009,M. sinensis  'Bitsy Ben',M. sinensis,21,239,2,2018,NA,NA,NA,NA,NA,NA,NA,NA
UI10-00029,Ornamental,NA,NA,0.045,0.012,0.164,0.278,0.032,0.349,0.11,0.009,M. sinensis  'Bitsy Ben',M. sinensis,21,88,1,2018,NA,NA,NA,NA,NA,NA,NA,NA
UI10-00029,Ornamental,NA,NA,0.045,0.012,0.164,0.278,0.032,0.349,0.11,0.009,M. sinensis  'Bitsy Ben',M. sinensis,21,88,1,2017,NA,NA,NA,NA,NA,NA,NA,NA
UI10-00029,Ornamental,NA,NA,0.045,0.012,0.164,0.278,0.032,0.349,0.11,0.009,M. sinensis  'Bitsy Ben',M. sinensis,21,532,4,2017,NA,NA,NA,NA,NA,NA,NA,NA
UI10-00030,Ornamental,NA,NA,0.011,0.005,0.804,0.07,0.019,0.085,0.003,0.004,M. sinensis  'Blondo',M. sinensis,22,221,2,2017,0.685306703,94.35528206,1.228654698,0.372842075,3.207211175,14.21553314,NA,3.110766166
UI10-00030,Ornamental,NA,NA,0.011,0.005,0.804,0.07,0.019,0.085,0.003,0.004,M. sinensis  'Blondo',M. sinensis,22,31,1,2018,0.735999242,121.1197913,1.264368978,0.436171136,2.971203683,17.25777262,4.043051268,6.2750572
UI10-00030,Ornamental,NA,NA,0.011,0.005,0.804,0.07,0.019,0.085,0.003,0.004,M. sinensis  'Blondo',M. sinensis,22,221,2,2018,1.125831455,116.6236135,1.244354611,0.845252971,2.714342776,12.83334578,2.525728644,4.698758873
UI10-00030,Ornamental,NA,NA,0.011,0.005,0.804,0.07,0.019,0.085,0.003,0.004,M. sinensis  'Blondo',M. sinensis,22,351,3,2017,1.516127954,141.3022962,1.228654698,0.372842075,3.426120123,16.89654353,NA,6.720926139
UI10-00030,Ornamental,NA,NA,0.011,0.005,0.804,0.07,0.019,0.085,0.003,0.004,M. sinensis  'Blondo',M. sinensis,22,31,1,2017,0.862312903,118.8722428,0.90630094,0.247902571,3.426120123,16.52384141,NA,5.965747285
UI10-00030,Ornamental,NA,NA,0.011,0.005,0.804,0.07,0.019,0.085,0.003,0.004,M. sinensis  'Blondo',M. sinensis,22,351,3,2018,1.009506011,134.3033691,1.213843274,0.806407466,3.207211175,17.07853486,4.182050143,6.931932683
UI10-00030,Ornamental,NA,NA,0.011,0.005,0.804,0.07,0.019,0.085,0.003,0.004,M. sinensis  'Blondo',M. sinensis,22,575,4,2017,0.283493781,115.0770426,0.743491775,0,3.426120123,15.11319016,NA,5.337991092
UI10-00030,Ornamental,NA,NA,0.011,0.005,0.804,0.07,0.019,0.085,0.003,0.004,M. sinensis  'Blondo',M. sinensis,22,575,4,2018,0.945022515,116.6236135,0.993320407,0.767150844,3.207211175,14.78556143,2.564949357,4.139962186
UI10-00031,Ornamental,NA,NA,0.129,0.018,0.152,0.289,0.03,0.266,0.107,0.01,M. sinensis  'Bluetenwunder',M. sinensis,23,2,1,2018,NA,NA,NA,NA,NA,NA,NA,NA
UI10-00031,Ornamental,NA,NA,0.129,0.018,0.152,0.289,0.03,0.266,0.107,0.01,M. sinensis  'Bluetenwunder',M. sinensis,23,396,3,2017,NA,NA,NA,NA,NA,NA,NA,NA
UI10-00031,Ornamental,NA,NA,0.129,0.018,0.152,0.289,0.03,0.266,0.107,0.01,M. sinensis  'Bluetenwunder',M. sinensis,23,552,4,2018,-1.158812337,47.90262387,0.400493793,-0.226414997,2.114445816,15.53496627,2.564949357,3.77506703
UI10-00031,Ornamental,NA,NA,0.129,0.018,0.152,0.289,0.03,0.266,0.107,0.01,M. sinensis  'Bluetenwunder',M. sinensis,23,552,4,2017,-0.676510388,44.47612192,0.931760078,0,2.971203683,13.3590726,NA,3.110766166
UI10-00031,Ornamental,NA,NA,0.129,0.018,0.152,0.289,0.03,0.266,0.107,0.01,M. sinensis  'Bluetenwunder',M. sinensis,23,254,2,2017,NA,NA,NA,NA,NA,NA,NA,NA
UI10-00031,Ornamental,NA,NA,0.129,0.018,0.152,0.289,0.03,0.266,0.107,0.01,M. sinensis  'Bluetenwunder',M. sinensis,23,2,1,2017,NA,NA,NA,NA,NA,NA,NA,NA
UI10-00031,Ornamental,NA,NA,0.129,0.018,0.152,0.289,0.03,0.266,0.107,0.01,M. sinensis  'Bluetenwunder',M. sinensis,23,254,2,2018,NA,NA,NA,NA,NA,NA,NA,NA
UI10-00031,Ornamental,NA,NA,0.129,0.018,0.152,0.289,0.03,0.266,0.107,0.01,M. sinensis  'Bluetenwunder',M. sinensis,23,396,3,2018,-0.640456589,37.83724366,0.720331779,0.392359168,1.751286756,9.788816859,NA,NA
UI10-00032,Ornamental,NA,NA,0.023,0.01,0.474,0.208,0.029,0.232,0.012,0.011,M. sinensis  'Bodacious Ben',M. sinensis,24,275,2,2017,2.156916669,134.5835013,1.597539554,1.080502802,3.426120123,17.25777262,NA,5.774178447
UI10-00032,Ornamental,NA,NA,0.023,0.01,0.474,0.208,0.029,0.232,0.012,0.011,M. sinensis  'Bodacious Ben',M. sinensis,24,165,1,2018,2.024806293,145.4973914,1.712545178,1.249074574,2.971203683,17.25777262,3.931825633,6.300306028
UI10-00032,Ornamental,NA,NA,0.023,0.01,0.474,0.208,0.029,0.232,0.012,0.011,M. sinensis  'Bodacious Ben',M. sinensis,24,165,1,2017,1.676078341,127.0146143,1.597539554,1.026397857,3.207211175,17.25777262,NA,5.873858682
UI10-00032,Ornamental,NA,NA,0.023,0.01,0.474,0.208,0.029,0.232,0.012,0.011,M. sinensis  'Bodacious Ben',M. sinensis,24,638,4,2018,1.698355938,128.1366391,1.65109277,1.142811696,2.971203683,16.89654353,3.583518938,6.177587708
UI10-00032,Ornamental,NA,NA,0.023,0.01,0.474,0.208,0.029,0.232,0.012,0.011,M. sinensis  'Bodacious Ben',M. sinensis,24,349,3,2017,2.246227017,153.5992607,1.898648307,0.859527611,3.207211175,18.60401343,NA,6.813362356
UI10-00032,Ornamental,NA,NA,0.023,0.01,0.474,0.208,0.029,0.232,0.012,0.011,M. sinensis  'Bodacious Ben',M. sinensis,24,638,4,2017,1.853073417,142.4212945,1.329168771,0.328820829,3.426120123,16.89654353,NA,6.009136811
UI10-00032,Ornamental,NA,NA,0.023,0.01,0.474,0.208,0.029,0.232,0.012,0.011,M. sinensis  'Bodacious Ben',M. sinensis,24,275,2,2018,0.644463232,109.0262152,0.830418858,0.392359168,3.207211175,17.5216959,2.917770732,5.375171947
UI10-00032,Ornamental,NA,NA,0.023,0.01,0.474,0.208,0.029,0.232,0.012,0.011,M. sinensis  'Bodacious Ben',M. sinensis,24,349,3,2018,2.138424758,139.0636209,1.60346668,1.266534195,2.971203683,18.28087623,3.912023005,6.613345749
UI10-00033,Ornamental,NA,NA,0.021,0.012,0.35,0.084,0.037,0.476,0.005,0.015,M. sinensis  'Border Bandit',M. sinensis,25,480,3,2017,0.13232437,71.38225187,0.743491775,-0.669237399,3.207211175,13.97828851,NA,1.765982406
UI10-00033,Ornamental,NA,NA,0.021,0.012,0.35,0.084,0.037,0.476,0.005,0.015,M. sinensis  'Border Bandit',M. sinensis,25,12,1,2017,NA,NA,NA,NA,NA,NA,NA,NA
UI10-00033,Ornamental,NA,NA,0.021,0.012,0.35,0.084,0.037,0.476,0.005,0.015,M. sinensis  'Border Bandit',M. sinensis,25,206,2,2018,NA,NA,NA,NA,NA,NA,NA,NA
UI10-00033,Ornamental,NA,NA,0.021,0.012,0.35,0.084,0.037,0.476,0.005,0.015,M. sinensis  'Border Bandit',M. sinensis,25,206,2,2017,NA,NA,NA,NA,NA,NA,NA,NA
UI10-00033,Ornamental,NA,NA,0.021,0.012,0.35,0.084,0.037,0.476,0.005,0.015,M. sinensis  'Border Bandit',M. sinensis,25,665,4,2017,NA,NA,NA,NA,NA,NA,NA,NA
UI10-00033,Ornamental,NA,NA,0.021,0.012,0.35,0.084,0.037,0.476,0.005,0.015,M. sinensis  'Border Bandit',M. sinensis,25,12,1,2018,NA,NA,NA,NA,NA,NA,NA,NA
UI10-00033,Ornamental,NA,NA,0.021,0.012,0.35,0.084,0.037,0.476,0.005,0.015,M. sinensis  'Border Bandit',M. sinensis,25,665,4,2018,NA,NA,NA,NA,NA,NA,NA,NA
UI10-00033,Ornamental,NA,NA,0.021,0.012,0.35,0.084,0.037,0.476,0.005,0.015,M. sinensis  'Border Bandit',M. sinensis,25,480,3,2018,NA,NA,NA,NA,NA,NA,NA,NA
UI10-00035,Ornamental,NA,NA,0.213,0.038,0.099,0.019,0.036,0.337,0.249,0.01,M. sinensis  'Burgander',M. sinensis,26,487,3,2018,NA,NA,NA,NA,NA,NA,NA,NA
UI10-00035,Ornamental,NA,NA,0.213,0.038,0.099,0.019,0.036,0.337,0.249,0.01,M. sinensis  'Burgander',M. sinensis,26,338,2,2018,NA,NA,NA,NA,NA,NA,NA,NA
UI10-00035,Ornamental,NA,NA,0.213,0.038,0.099,0.019,0.036,0.337,0.249,0.01,M. sinensis  'Burgander',M. sinensis,26,338,2,2017,NA,NA,NA,NA,NA,NA,NA,NA
UI10-00035,Ornamental,NA,NA,0.213,0.038,0.099,0.019,0.036,0.337,0.249,0.01,M. sinensis  'Burgander',M. sinensis,26,487,3,2017,NA,NA,NA,NA,NA,NA,NA,NA
UI10-00035,Ornamental,NA,NA,0.213,0.038,0.099,0.019,0.036,0.337,0.249,0.01,M. sinensis  'Burgander',M. sinensis,26,132,1,2018,NA,NA,NA,NA,NA,NA,NA,NA
UI10-00035,Ornamental,NA,NA,0.213,0.038,0.099,0.019,0.036,0.337,0.249,0.01,M. sinensis  'Burgander',M. sinensis,26,553,4,2017,NA,NA,NA,NA,NA,NA,NA,NA
UI10-00035,Ornamental,NA,NA,0.213,0.038,0.099,0.019,0.036,0.337,0.249,0.01,M. sinensis  'Burgander',M. sinensis,26,132,1,2017,NA,NA,NA,NA,NA,NA,NA,NA
UI10-00035,Ornamental,NA,NA,0.213,0.038,0.099,0.019,0.036,0.337,0.249,0.01,M. sinensis  'Burgander',M. sinensis,26,553,4,2018,NA,NA,NA,NA,NA,NA,NA,NA
UI10-00036,Ornamental,NA,NA,0.041,0.013,0.198,0.029,0.044,0.657,0.008,0.01,M. sinensis  'Dixieland',M. sinensis,27,290,2,2017,-0.491745343,41.59293652,0.26936976,0,2.114445816,10.16834836,NA,1.050289007
UI10-00036,Ornamental,NA,NA,0.041,0.013,0.198,0.029,0.044,0.657,0.008,0.01,M. sinensis  'Dixieland',M. sinensis,27,39,1,2017,NA,NA,NA,NA,NA,NA,NA,NA
UI10-00036,Ornamental,NA,NA,0.041,0.013,0.198,0.029,0.044,0.657,0.008,0.01,M. sinensis  'Dixieland',M. sinensis,27,429,3,2018,-0.402831348,74.2275177,0.691439737,0.210460617,2.714342776,13.48609704,2.803360381,4.33985006
UI10-00036,Ornamental,NA,NA,0.041,0.013,0.198,0.029,0.044,0.657,0.008,0.01,M. sinensis  'Dixieland',M. sinensis,27,429,3,2017,0.29136638,145.776954,0.743491775,-0.817527709,3.207211175,15.32613804,NA,4.631064052
UI10-00036,Ornamental,NA,NA,0.041,0.013,0.198,0.029,0.044,0.657,0.008,0.01,M. sinensis  'Dixieland',M. sinensis,27,290,2,2018,NA,NA,NA,NA,NA,NA,NA,NA
UI10-00036,Ornamental,NA,NA,0.041,0.013,0.198,0.029,0.044,0.657,0.008,0.01,M. sinensis  'Dixieland',M. sinensis,27,609,4,2018,NA,NA,NA,NA,NA,NA,NA,NA
UI10-00036,Ornamental,NA,NA,0.041,0.013,0.198,0.029,0.044,0.657,0.008,0.01,M. sinensis  'Dixieland',M. sinensis,27,609,4,2017,NA,NA,NA,NA,NA,NA,NA,NA
UI10-00036,Ornamental,NA,NA,0.041,0.013,0.198,0.029,0.044,0.657,0.008,0.01,M. sinensis  'Dixieland',M. sinensis,27,39,1,2018,NA,NA,NA,NA,NA,NA,NA,NA
UI10-00038,Ornamental,NA,NA,0.009,0.007,0.657,0.057,0.024,0.237,0.004,0.006,M. sinensis  'Emerald Shadow',M. sinensis,28,87,1,2018,2.234609009,123.9277386,1.857033311,1.352815707,3.630709444,16.04029502,3.496507561,5.337991092
UI10-00038,Ornamental,NA,NA,0.009,0.007,0.657,0.057,0.024,0.237,0.004,0.006,M. sinensis  'Emerald Shadow',M. sinensis,28,548,4,2017,2.93968888,152.4824216,1.966295057,1.186639666,3.823100012,19.45294474,NA,7.778968714
UI10-00038,Ornamental,NA,NA,0.009,0.007,0.657,0.057,0.024,0.237,0.004,0.006,M. sinensis  'Emerald Shadow',M. sinensis,28,233,2,2017,1.553222197,103.8128669,1.662233692,1.026397857,3.426120123,9.388962522,NA,NA
UI10-00038,Ornamental,NA,NA,0.009,0.007,0.657,0.057,0.024,0.237,0.004,0.006,M. sinensis  'Emerald Shadow',M. sinensis,28,437,3,2017,2.209137784,96.33340642,1.992633408,1.713816411,3.823100012,15.94105242,NA,5.545115101
UI10-00038,Ornamental,NA,NA,0.009,0.007,0.657,0.057,0.024,0.237,0.004,0.006,M. sinensis  'Emerald Shadow',M. sinensis,28,87,1,2017,2.049085863,105.3634612,1.898648307,1.555303408,3.207211175,16.04029502,NA,4.880738172
UI10-00038,Ornamental,NA,NA,0.009,0.007,0.657,0.057,0.024,0.237,0.004,0.006,M. sinensis  'Emerald Shadow',M. sinensis,28,437,3,2018,2.265401724,132.3420252,1.735020721,1.36987501,3.426120123,16.1386678,3.828641396,6.222887862
UI10-00038,Ornamental,NA,NA,0.009,0.007,0.657,0.057,0.024,0.237,0.004,0.006,M. sinensis  'Emerald Shadow',M. sinensis,28,548,4,2018,2.905273408,150.2481167,2.003058551,1.746165968,3.823100012,19.3780049,4.241326753,7.753099836
UI10-00038,Ornamental,NA,NA,0.009,0.007,0.657,0.057,0.024,0.237,0.004,0.006,M. sinensis  'Emerald Shadow',M. sinensis,28,233,2,2018,1.092385022,94.63793517,1.360789197,1.070457412,4.177589711,8.96568771,2.140066163,3.125752893
UI10-00039,Ornamental,NA,NA,0.098,0.022,0.102,0.094,0.295,0.244,0.101,0.046,M. sinensis  'Emmanuel LePage',M. sinensis,29,140,1,2017,0.210261813,92.09327832,0.931760078,0.28414238,3.207211175,17.16849117,NA,3.1669739
UI10-00039,Ornamental,NA,NA,0.098,0.022,0.102,0.094,0.295,0.244,0.101,0.046,M. sinensis  'Emmanuel LePage',M. sinensis,29,248,2,2017,NA,47.35462728,0.749223814,0.28414238,2.431354221,11.83422853,NA,3.110766166
UI10-00039,Ornamental,NA,NA,0.098,0.022,0.102,0.094,0.295,0.244,0.101,0.046,M. sinensis  'Emmanuel LePage',M. sinensis,29,140,1,2018,0.275570324,83.88141851,1.028508659,0.707460561,2.971203683,16.33288141,2.251291799,3.849426569
UI10-00039,Ornamental,NA,NA,0.098,0.022,0.102,0.094,0.295,0.244,0.101,0.046,M. sinensis  'Emmanuel LePage',M. sinensis,29,662,4,2018,0.480243275,91.81042945,1.244354611,1.015344188,2.714342776,12.55896511,2.63905733,4.311226649
UI10-00039,Ornamental,NA,NA,0.098,0.022,0.102,0.094,0.295,0.244,0.101,0.046,M. sinensis  'Emmanuel LePage',M. sinensis,29,355,3,2017,0.702424555,94.77925368,1.228654698,0.328820829,3.630709444,18.60401343,NA,4.311226649
UI10-00039,Ornamental,NA,NA,0.098,0.022,0.102,0.094,0.295,0.244,0.101,0.046,M. sinensis  'Emmanuel LePage',M. sinensis,29,662,4,2017,0.552317332,92.94169302,1.228654698,0.859527611,3.426120123,15.73987585,NA,4.311226649
UI10-00039,Ornamental,NA,NA,0.098,0.022,0.102,0.094,0.295,0.244,0.101,0.046,M. sinensis  'Emmanuel LePage',M. sinensis,29,248,2,2018,NA,NA,NA,NA,NA,10.53004226,NA,NA
UI10-00039,Ornamental,NA,NA,0.098,0.022,0.102,0.094,0.295,0.244,0.101,0.046,M. sinensis  'Emmanuel LePage',M. sinensis,29,355,3,2018,0.176242657,82.74719077,0.843609986,0.707460561,2.714342776,18.19878201,2.197224577,3.451794529
UI10-00040,Ornamental,NA,NA,0.166,0.026,0.138,0.14,0.04,0.294,0.188,0.009,M. sinensis  'Ferner Osten (Far East)',M. sinensis,30,379,3,2017,NA,NA,NA,NA,NA,NA,NA,NA
UI10-00040,Ornamental,NA,NA,0.166,0.026,0.138,0.14,0.04,0.294,0.188,0.009,M. sinensis  'Ferner Osten (Far East)',M. sinensis,30,16,1,2017,NA,NA,NA,NA,NA,NA,NA,NA
UI10-00040,Ornamental,NA,NA,0.166,0.026,0.138,0.14,0.04,0.294,0.188,0.009,M. sinensis  'Ferner Osten (Far East)',M. sinensis,30,311,2,2018,NA,NA,NA,NA,NA,NA,NA,NA
UI10-00040,Ornamental,NA,NA,0.166,0.026,0.138,0.14,0.04,0.294,0.188,0.009,M. sinensis  'Ferner Osten (Far East)',M. sinensis,30,311,2,2017,NA,NA,NA,NA,NA,NA,NA,NA
UI10-00040,Ornamental,NA,NA,0.166,0.026,0.138,0.14,0.04,0.294,0.188,0.009,M. sinensis  'Ferner Osten (Far East)',M. sinensis,30,670,4,2017,NA,NA,NA,NA,NA,NA,NA,NA
UI10-00040,Ornamental,NA,NA,0.166,0.026,0.138,0.14,0.04,0.294,0.188,0.009,M. sinensis  'Ferner Osten (Far East)',M. sinensis,30,16,1,2018,NA,NA,NA,NA,NA,NA,NA,NA
UI10-00040,Ornamental,NA,NA,0.166,0.026,0.138,0.14,0.04,0.294,0.188,0.009,M. sinensis  'Ferner Osten (Far East)',M. sinensis,30,670,4,2018,NA,NA,NA,NA,NA,NA,NA,NA
UI10-00040,Ornamental,NA,NA,0.166,0.026,0.138,0.14,0.04,0.294,0.188,0.009,M. sinensis  'Ferner Osten (Far East)',M. sinensis,30,379,3,2018,NA,NA,NA,NA,NA,NA,NA,NA
UI10-00042,Ornamental,NA,NA,0.135,0.028,0.21,0.164,0.026,0.268,0.16,0.009,M. sinensis  'Giraffe',M. sinensis,32,386,3,2017,-0.040697267,76.64382219,0.956789491,0.23877105,2.971203683,13.97828851,NA,3.441042349
UI10-00042,Ornamental,NA,NA,0.135,0.028,0.21,0.164,0.026,0.268,0.16,0.009,M. sinensis  'Giraffe',M. sinensis,32,636,4,2018,0.679550218,104.2358142,1.254393818,0.845252971,2.971203683,15.84091971,2.564949357,4.214941889
UI10-00042,Ornamental,NA,NA,0.135,0.028,0.21,0.164,0.026,0.268,0.16,0.009,M. sinensis  'Giraffe',M. sinensis,32,284,2,2017,-0.072177134,83.88141851,0.743491775,0,3.426120123,13.23034756,NA,3.110766166
UI10-00042,Ornamental,NA,NA,0.135,0.028,0.21,0.164,0.026,0.268,0.16,0.009,M. sinensis  'Giraffe',M. sinensis,32,284,2,2018,0.418049074,89.54683697,1.051518904,0.806407466,2.971203683,14.3320989,2.360854001,3.755303889
UI10-00042,Ornamental,NA,NA,0.135,0.028,0.21,0.164,0.026,0.268,0.16,0.009,M. sinensis  'Giraffe',M. sinensis,32,98,1,2017,-0.69500868,66.39605561,0.623730566,0,3.207211175,14.21553314,NA,2.674107088
UI10-00042,Ornamental,NA,NA,0.135,0.028,0.21,0.164,0.026,0.268,0.16,0.009,M. sinensis  'Giraffe',M. sinensis,32,98,1,2018,-0.507293131,69.95855003,0.81710726,0.479382808,2.431354221,15.53496627,1.504077397,2.266878313
UI10-00042,Ornamental,NA,NA,0.135,0.028,0.21,0.164,0.026,0.268,0.16,0.009,M. sinensis  'Giraffe',M. sinensis,32,636,4,2017,0.226920047,88.69761759,0.771926293,0.28414238,3.207211175,15.43105417,NA,3.864329085
UI10-00042,Ornamental,NA,NA,0.135,0.028,0.21,0.164,0.026,0.268,0.16,0.009,M. sinensis  'Giraffe',M. sinensis,32,386,3,2018,-0.6055852,75.08055499,0.720331779,0.25700515,2.714342776,12.83334578,1.945910149,2.598620321
UI10-00043,Ornamental,NA,NA,0.023,0.007,0.232,0.023,0.063,0.622,0.009,0.02,M. sinensis  'Gold and Silver',M. sinensis,33,133,1,2018,NA,NA,NA,NA,NA,NA,NA,NA
UI10-00043,Ornamental,NA,NA,0.023,0.007,0.232,0.023,0.063,0.622,0.009,0.02,M. sinensis  'Gold and Silver',M. sinensis,33,416,3,2017,0.299188825,94.07260748,0.743491775,0,2.431354221,12.55896511,NA,3.246491131
UI10-00043,Ornamental,NA,NA,0.023,0.007,0.232,0.023,0.063,0.622,0.009,0.02,M. sinensis  'Gold and Silver',M. sinensis,33,595,4,2017,0.00995776,83.31435353,0.743491775,0.145789256,2.431354221,15.32613804,NA,3.110766166
UI10-00043,Ornamental,NA,NA,0.023,0.007,0.232,0.023,0.063,0.622,0.009,0.02,M. sinensis  'Gold and Silver',M. sinensis,33,416,3,2018,0.752468203,92.37610515,1.005141643,0.667105382,1.320325802,11.5267179,2.174751721,3.652886376
UI10-00043,Ornamental,NA,NA,0.023,0.007,0.232,0.023,0.063,0.622,0.009,0.02,M. sinensis  'Gold and Silver',M. sinensis,33,595,4,2018,-0.52306655,77.07002712,0.661948824,0.015949179,1.320325802,10.87592695,1.098612289,1.733980366
UI10-00043,Ornamental,NA,NA,0.023,0.007,0.232,0.023,0.063,0.622,0.009,0.02,M. sinensis  'Gold and Silver',M. sinensis,33,282,2,2018,NA,NA,NA,NA,NA,NA,NA,NA
UI10-00043,Ornamental,NA,NA,0.023,0.007,0.232,0.023,0.063,0.622,0.009,0.02,M. sinensis  'Gold and Silver',M. sinensis,33,282,2,2017,NA,NA,NA,NA,NA,NA,NA,NA
UI10-00043,Ornamental,NA,NA,0.023,0.007,0.232,0.023,0.063,0.622,0.009,0.02,M. sinensis  'Gold and Silver',M. sinensis,33,133,1,2017,NA,NA,NA,NA,NA,NA,NA,NA
UI10-00044,Ornamental,NA,NA,0.049,0.032,0.428,0.129,0.042,0.241,0.068,0.01,M. sinensis  'Gold Bar',M. sinensis,34,256,2,2017,NA,NA,NA,NA,NA,NA,NA,NA
UI10-00044,Ornamental,NA,NA,0.049,0.032,0.428,0.129,0.042,0.241,0.068,0.01,M. sinensis  'Gold Bar',M. sinensis,34,93,1,2018,NA,NA,NA,NA,NA,NA,NA,NA
UI10-00044,Ornamental,NA,NA,0.049,0.032,0.428,0.129,0.042,0.241,0.068,0.01,M. sinensis  'Gold Bar',M. sinensis,34,486,3,2017,NA,NA,NA,NA,NA,NA,NA,NA
UI10-00044,Ornamental,NA,NA,0.049,0.032,0.428,0.129,0.042,0.241,0.068,0.01,M. sinensis  'Gold Bar',M. sinensis,34,517,4,2017,NA,NA,NA,NA,NA,NA,NA,NA
UI10-00044,Ornamental,NA,NA,0.049,0.032,0.428,0.129,0.042,0.241,0.068,0.01,M. sinensis  'Gold Bar',M. sinensis,34,517,4,2018,NA,NA,NA,NA,NA,NA,NA,NA
UI10-00044,Ornamental,NA,NA,0.049,0.032,0.428,0.129,0.042,0.241,0.068,0.01,M. sinensis  'Gold Bar',M. sinensis,34,93,1,2017,NA,NA,NA,NA,NA,NA,NA,NA
UI10-00044,Ornamental,NA,NA,0.049,0.032,0.428,0.129,0.042,0.241,0.068,0.01,M. sinensis  'Gold Bar',M. sinensis,34,486,3,2018,NA,NA,NA,NA,NA,NA,NA,NA
UI10-00044,Ornamental,NA,NA,0.049,0.032,0.428,0.129,0.042,0.241,0.068,0.01,M. sinensis  'Gold Bar',M. sinensis,34,256,2,2018,NA,NA,NA,NA,NA,NA,NA,NA
UI10-00045,Ornamental,NA,NA,0.009,0.005,0.821,0.069,0.031,0.06,0.004,0.001,M. sinensis  'Goldfeder',M. sinensis,35,434,3,2017,NA,NA,NA,NA,NA,NA,NA,NA
UI10-00045,Ornamental,NA,NA,0.009,0.005,0.821,0.069,0.031,0.06,0.004,0.001,M. sinensis  'Goldfeder',M. sinensis,35,434,3,2018,NA,NA,NA,NA,NA,NA,NA,NA
UI10-00045,Ornamental,NA,NA,0.009,0.005,0.821,0.069,0.031,0.06,0.004,0.001,M. sinensis  'Goldfeder',M. sinensis,35,621,4,2017,NA,NA,NA,NA,NA,NA,NA,NA
UI10-00045,Ornamental,NA,NA,0.009,0.005,0.821,0.069,0.031,0.06,0.004,0.001,M. sinensis  'Goldfeder',M. sinensis,35,155,1,2018,NA,NA,NA,NA,NA,NA,NA,NA
UI10-00045,Ornamental,NA,NA,0.009,0.005,0.821,0.069,0.031,0.06,0.004,0.001,M. sinensis  'Goldfeder',M. sinensis,35,242,2,2018,NA,NA,NA,NA,NA,NA,NA,NA
UI10-00045,Ornamental,NA,NA,0.009,0.005,0.821,0.069,0.031,0.06,0.004,0.001,M. sinensis  'Goldfeder',M. sinensis,35,621,4,2018,NA,NA,NA,NA,NA,NA,NA,NA
UI10-00045,Ornamental,NA,NA,0.009,0.005,0.821,0.069,0.031,0.06,0.004,0.001,M. sinensis  'Goldfeder',M. sinensis,35,242,2,2017,NA,NA,NA,NA,NA,NA,NA,NA
UI10-00045,Ornamental,NA,NA,0.009,0.005,0.821,0.069,0.031,0.06,0.004,0.001,M. sinensis  'Goldfeder',M. sinensis,35,155,1,2017,NA,NA,NA,NA,NA,NA,NA,NA
UI10-00047,Ornamental,NA,NA,0.08,0.027,0.142,0.302,0.026,0.292,0.122,0.008,M. sinensis  'Goliath',M. sinensis,36,158,1,2018,0.842082245,117.1858733,1.424960007,0.95946533,2.971203683,17.43436257,3.817712326,5.720974004
UI10-00047,Ornamental,NA,NA,0.08,0.027,0.142,0.302,0.026,0.292,0.122,0.008,M. sinensis  'Goliath',M. sinensis,36,660,4,2017,1.684471944,134.5835013,1.405216642,1.186639666,3.207211175,17.25777262,NA,5.873858682
UI10-00047,Ornamental,NA,NA,0.08,0.027,0.142,0.302,0.026,0.292,0.122,0.008,M. sinensis  'Goliath',M. sinensis,36,353,3,2017,1.618861171,130.3799415,1.597539554,1.080502802,2.971203683,17.77999059,NA,5.665239657
UI10-00047,Ornamental,NA,NA,0.08,0.027,0.142,0.302,0.026,0.292,0.122,0.008,M. sinensis  'Goliath',M. sinensis,36,353,3,2018,1.45210228,132.3420252,1.60346668,1.487552674,2.714342776,18.44347532,3.772760938,5.94343853
UI10-00047,Ornamental,NA,NA,0.08,0.027,0.142,0.302,0.026,0.292,0.122,0.008,M. sinensis  'Goliath',M. sinensis,36,660,4,2018,0.752468203,101.4153335,1.284130787,0.996804811,2.714342776,17.69449858,3.044522438,4.631064052
UI10-00047,Ornamental,NA,NA,0.08,0.027,0.142,0.302,0.026,0.292,0.122,0.008,M. sinensis  'Goliath',M. sinensis,36,158,1,2017,1.468378031,129.5388191,1.739722363,1.026397857,3.207211175,17.25777262,NA,5.554168699
UI10-00047,Ornamental,NA,NA,0.08,0.027,0.142,0.302,0.026,0.292,0.122,0.008,M. sinensis  'Goliath',M. sinensis,36,293,2,2017,1.760595365,142.7010091,1.386542223,1.008201351,3.207211175,18.76255713,NA,5.918288592
UI10-00047,Ornamental,NA,NA,0.08,0.027,0.142,0.302,0.026,0.292,0.122,0.008,M. sinensis  'Goliath',M. sinensis,36,293,2,2018,1.481267049,115.7800944,1.704985986,2.126029026,2.971203683,19.60156815,3.17805383,5.41120131
UI10-00048,Ornamental,NA,NA,0.035,0.014,0.232,0.027,0.043,0.628,0.007,0.014,M. sinensis  'Gracillimus'--UI10-00048,M. sinensis,39,545,4,2017,0.466685887,91.81042945,0.854024565,0,2.971203683,14.89590441,NA,4.311226649
UI10-00048,Ornamental,NA,NA,0.035,0.014,0.232,0.027,0.043,0.628,0.007,0.014,M. sinensis  'Gracillimus'--UI10-00048,M. sinensis,39,545,4,2018,0.926016619,87.28179283,0.981405162,0.978179,2.714342776,12.4186306,2.708050201,4.823223034
UI10-00048,Ornamental,NA,NA,0.035,0.014,0.232,0.027,0.043,0.628,0.007,0.014,M. sinensis  'Gracillimus'--UI10-00048,M. sinensis,39,476,3,2017,1.058101069,87.84819206,0.931760078,0.28414238,3.207211175,13.97828851,NA,4.144034726
UI10-00048,Ornamental,NA,NA,0.035,0.014,0.232,0.027,0.043,0.628,0.007,0.014,M. sinensis  'Gracillimus'--UI10-00048,M. sinensis,39,147,1,2018,-0.072177134,78.77425389,1.005141643,0.25700515,2.431354221,12.69717631,2.302585093,3.498745494
UI10-00048,Ornamental,NA,NA,0.035,0.014,0.232,0.027,0.043,0.628,0.007,0.014,M. sinensis  'Gracillimus'--UI10-00048,M. sinensis,39,476,3,2018,0.608395279,101.9795872,1.415948808,2.15531651,2.114445816,13.48609704,2.48490665,4.266412089
UI10-00048,Ornamental,NA,NA,0.035,0.014,0.232,0.027,0.043,0.628,0.007,0.014,M. sinensis  'Gracillimus'--UI10-00048,M. sinensis,39,288,2,2017,1.853073417,115.4988868,1.367646796,0.859527611,3.426120123,15.53496627,NA,5.688504089
UI10-00048,Ornamental,NA,NA,0.035,0.014,0.232,0.027,0.043,0.628,0.007,0.014,M. sinensis  'Gracillimus'--UI10-00048,M. sinensis,39,288,2,2018,1.036227566,96.33340642,1.469274277,0.786831499,2.114445816,14.21553314,2.674148649,4.631064052
UI10-00048,Ornamental,NA,NA,0.035,0.014,0.232,0.027,0.043,0.628,0.007,0.014,M. sinensis  'Gracillimus'--UI10-00048,M. sinensis,39,147,1,2017,0.662125709,96.33340642,0.854024565,0.169328229,3.207211175,13.48609704,NA,5.402349458
UI10-00051,Ornamental,NA,NA,0.025,0.01,0.227,0.018,0.057,0.644,0.006,0.013,M. sinensis  'Gracillimus Nana',M. sinensis,37,33,1,2018,NA,NA,NA,NA,NA,NA,NA,NA
UI10-00051,Ornamental,NA,NA,0.025,0.01,0.227,0.018,0.057,0.644,0.006,0.013,M. sinensis  'Gracillimus Nana',M. sinensis,37,664,4,2017,-0.360926017,76.50174057,0.854024565,0,3.207211175,16.80448032,NA,3.864329085
UI10-00051,Ornamental,NA,NA,0.025,0.01,0.227,0.018,0.057,0.644,0.006,0.013,M. sinensis  'Gracillimus Nana',M. sinensis,37,259,2,2017,-0.792733386,55.39190848,0.743491775,0.145789256,2.431354221,10.09861285,NA,2.370149007
UI10-00051,Ornamental,NA,NA,0.025,0.01,0.227,0.018,0.057,0.644,0.006,0.013,M. sinensis  'Gracillimus Nana',M. sinensis,37,441,3,2018,0.673768059,92.94169302,1.224080304,0.392359168,2.114445816,10.53004226,2.442347035,3.924901626
UI10-00051,Ornamental,NA,NA,0.025,0.01,0.227,0.018,0.057,0.644,0.006,0.013,M. sinensis  'Gracillimus Nana',M. sinensis,37,664,4,2018,-0.281563328,73.94311696,0.81710726,0.302810662,1.320325802,4.739408148,1.504077397,1.804238087
UI10-00051,Ornamental,NA,NA,0.025,0.01,0.227,0.018,0.057,0.644,0.006,0.013,M. sinensis  'Gracillimus Nana',M. sinensis,37,441,3,2017,0.439124758,88.69761759,0.743491775,0,2.431354221,9.980955389,NA,2.370149007
UI10-00051,Ornamental,NA,NA,0.025,0.01,0.227,0.018,0.057,0.644,0.006,0.013,M. sinensis  'Gracillimus Nana',M. sinensis,37,259,2,2018,-0.772442586,45.05218748,0.400493793,-0.113601046,0.777429042,9.980955389,1.504077397,2.147528869
UI10-00051,Ornamental,NA,NA,0.025,0.01,0.227,0.018,0.057,0.644,0.006,0.013,M. sinensis  'Gracillimus Nana',M. sinensis,37,33,1,2017,-0.923664243,47.642232,0.236536239,-0.208850568,0.777429042,13.09986142,NA,2.673305252
UI10-00052,Ornamental,NA,NA,0.046,0.013,0.163,0.276,0.036,0.342,0.114,0.01,M. sinensis  'Graziella',M. sinensis,40,402,3,2017,NA,NA,NA,NA,NA,NA,NA,NA
UI10-00052,Ornamental,NA,NA,0.046,0.013,0.163,0.276,0.036,0.342,0.114,0.01,M. sinensis  'Graziella',M. sinensis,40,526,4,2017,NA,NA,NA,NA,NA,NA,NA,NA
UI10-00052,Ornamental,NA,NA,0.046,0.013,0.163,0.276,0.036,0.342,0.114,0.01,M. sinensis  'Graziella',M. sinensis,40,103,1,2017,-1.651072024,26.50958542,-0.485597743,-0.567076741,2.971203683,11.83422853,NA,2.258692342
UI10-00052,Ornamental,NA,NA,0.046,0.013,0.163,0.276,0.036,0.342,0.114,0.01,M. sinensis  'Graziella',M. sinensis,40,402,3,2018,NA,NA,NA,NA,NA,NA,NA,NA
UI10-00052,Ornamental,NA,NA,0.046,0.013,0.163,0.276,0.036,0.342,0.114,0.01,M. sinensis  'Graziella',M. sinensis,40,196,2,2017,NA,NA,NA,NA,NA,NA,NA,NA
UI10-00052,Ornamental,NA,NA,0.046,0.013,0.163,0.276,0.036,0.342,0.114,0.01,M. sinensis  'Graziella',M. sinensis,40,526,4,2018,NA,NA,NA,NA,NA,NA,NA,NA
UI10-00052,Ornamental,NA,NA,0.046,0.013,0.163,0.276,0.036,0.342,0.114,0.01,M. sinensis  'Graziella',M. sinensis,40,103,1,2018,-0.996046233,55.39190848,0.616526253,0.041063671,2.114445816,7.776100575,1.098612289,1.089578082
UI10-00052,Ornamental,NA,NA,0.046,0.013,0.163,0.276,0.036,0.342,0.114,0.01,M. sinensis  'Graziella',M. sinensis,40,196,2,2018,NA,NA,NA,NA,NA,NA,NA,NA
UI10-00053,Ornamental,NA,NA,0.019,0.009,0.213,0.234,0.027,0.483,0.004,0.011,M. sinensis  'Grosse Fontaine',M. sinensis,41,492,3,2017,1.031810341,96.61591102,1.377122503,0.328820829,3.207211175,15.22019227,NA,3.246491131
UI10-00053,Ornamental,NA,NA,0.019,0.009,0.213,0.234,0.027,0.483,0.004,0.011,M. sinensis  'Grosse Fontaine',M. sinensis,41,492,3,2018,1.364343131,132.9024842,1.469274277,0.883702045,2.714342776,14.89590441,2.708050201,4.361428655
UI10-00053,Ornamental,NA,NA,0.019,0.009,0.213,0.234,0.027,0.483,0.004,0.011,M. sinensis  'Grosse Fontaine',M. sinensis,41,64,1,2017,NA,NA,NA,NA,NA,NA,NA,NA
UI10-00053,Ornamental,NA,NA,0.019,0.009,0.213,0.234,0.027,0.483,0.004,0.011,M. sinensis  'Grosse Fontaine',M. sinensis,41,178,2,2017,NA,141.3022962,1.979513928,1.204073405,3.426120123,16.04029502,NA,5.774178447
UI10-00053,Ornamental,NA,NA,0.019,0.009,0.213,0.234,0.027,0.483,0.004,0.011,M. sinensis  'Grosse Fontaine',M. sinensis,41,64,1,2018,NA,NA,NA,NA,NA,NA,NA,NA
UI10-00053,Ornamental,NA,NA,0.019,0.009,0.213,0.234,0.027,0.483,0.004,0.011,M. sinensis  'Grosse Fontaine',M. sinensis,41,582,4,2018,0.632552507,119.715199,1.442832217,0.626279514,2.714342776,18.28087623,2.944438979,5.299581665
UI10-00053,Ornamental,NA,NA,0.019,0.009,0.213,0.234,0.027,0.483,0.004,0.011,M. sinensis  'Grosse Fontaine',M. sinensis,41,178,2,2018,1.336212248,126.1729303,1.60346668,0.95946533,2.714342776,15.84091971,3.17805383,5.218727379
UI10-00053,Ornamental,NA,NA,0.019,0.009,0.213,0.234,0.027,0.483,0.004,0.011,M. sinensis  'Grosse Fontaine',M. sinensis,41,582,4,2017,1.757942918,141.3022962,1.597539554,1.044512761,3.426120123,16.98789027,NA,5.022035513
UI10-00056,Ornamental,NA,NA,0.041,0.018,0.451,0.201,0.036,0.169,0.078,0.006,M. sinensis  'Huron Blush',M. sinensis,43,339,3,2017,-0.461299344,55.39190848,0.880395113,0.192667703,3.207211175,14.89590441,NA,2.722707643
UI10-00056,Ornamental,NA,NA,0.041,0.018,0.451,0.201,0.036,0.169,0.078,0.006,M. sinensis  'Huron Blush',M. sinensis,43,618,4,2017,-0.149129617,62.25748558,0.981405162,0.23877105,2.114445816,14.89590441,NA,2.785292336
UI10-00056,Ornamental,NA,NA,0.041,0.018,0.451,0.201,0.036,0.169,0.078,0.006,M. sinensis  'Huron Blush',M. sinensis,43,618,4,2018,-0.923664243,47.35462728,0.631830366,-0.060945937,1.751286756,14.56131682,2.014903021,2.344424694
UI10-00056,Ornamental,NA,NA,0.041,0.018,0.451,0.201,0.036,0.169,0.078,0.006,M. sinensis  'Huron Blush',M. sinensis,43,257,2,2018,-0.733009971,56.53759363,0.705958905,-0.308216228,1.751286756,14.67404326,1.757857918,2.287648378
UI10-00056,Ornamental,NA,NA,0.041,0.018,0.451,0.201,0.036,0.169,0.078,0.006,M. sinensis  'Huron Blush',M. sinensis,43,15,1,2018,-1.158812337,46.20376718,0.81710726,0.015949179,2.714342776,11.5267179,1.704748092,2.027973404
UI10-00056,Ornamental,NA,NA,0.041,0.018,0.451,0.201,0.036,0.169,0.078,0.006,M. sinensis  'Huron Blush',M. sinensis,43,257,2,2017,-0.507293131,55.67838523,0.99356259,0.004995012,2.431354221,14.89590441,NA,2.785292336
UI10-00056,Ornamental,NA,NA,0.041,0.018,0.451,0.201,0.036,0.169,0.078,0.006,M. sinensis  'Huron Blush',M. sinensis,43,339,3,2018,0.193371729,75.93334719,1.085391462,0.479382808,2.431354221,12.27608585,1.871802177,2.916213756
UI10-00056,Ornamental,NA,NA,0.041,0.018,0.451,0.201,0.036,0.169,0.078,0.006,M. sinensis  'Huron Blush',M. sinensis,43,15,1,2017,-0.320541766,52.5250555,0.901156071,-0.958760827,3.426120123,11.04347717,NA,2.722707643
UI10-00057,Ornamental,NA,NA,0.115,0.02,0.141,0.218,0.044,0.297,0.153,0.014,M. sinensis  'Huron Sentinel',M. sinensis,44,26,1,2017,NA,NA,NA,NA,NA,NA,NA,NA
UI10-00057,Ornamental,NA,NA,0.115,0.02,0.141,0.218,0.044,0.297,0.153,0.014,M. sinensis  'Huron Sentinel',M. sinensis,44,317,2,2017,NA,NA,NA,NA,NA,NA,NA,NA
UI10-00057,Ornamental,NA,NA,0.115,0.02,0.141,0.218,0.044,0.297,0.153,0.014,M. sinensis  'Huron Sentinel',M. sinensis,44,640,4,2017,-0.555319646,49.07960732,0.348051879,0,2.971203683,14.89590441,NA,2.09283237
UI10-00057,Ornamental,NA,NA,0.115,0.02,0.141,0.218,0.044,0.297,0.153,0.014,M. sinensis  'Huron Sentinel',M. sinensis,44,640,4,2018,-0.856110017,57.68269434,0.585407849,0.015949179,2.431354221,14.89590441,1.609437912,2.696323244
UI10-00057,Ornamental,NA,NA,0.115,0.02,0.141,0.218,0.044,0.297,0.153,0.014,M. sinensis  'Huron Sentinel',M. sinensis,44,26,1,2018,NA,NA,NA,NA,NA,NA,NA,NA
UI10-00057,Ornamental,NA,NA,0.115,0.02,0.141,0.218,0.044,0.297,0.153,0.014,M. sinensis  'Huron Sentinel',M. sinensis,44,317,2,2018,NA,NA,NA,NA,NA,NA,NA,NA
UI10-00057,Ornamental,NA,NA,0.115,0.02,0.141,0.218,0.044,0.297,0.153,0.014,M. sinensis  'Huron Sentinel',M. sinensis,44,505,3,2018,NA,NA,NA,NA,NA,NA,NA,NA
UI10-00057,Ornamental,NA,NA,0.115,0.02,0.141,0.218,0.044,0.297,0.153,0.014,M. sinensis  'Huron Sentinel',M. sinensis,44,505,3,2017,NA,NA,NA,NA,NA,NA,NA,NA
UI10-00058,Ornamental,NA,NA,0.095,0.014,0.183,0.203,0.041,0.307,0.148,0.009,M. sinensis  'Huron Sunrise',M. sinensis,45,523,4,2017,NA,NA,NA,NA,NA,NA,NA,NA
UI10-00058,Ornamental,NA,NA,0.095,0.014,0.183,0.203,0.041,0.307,0.148,0.009,M. sinensis  'Huron Sunrise',M. sinensis,45,53,1,2017,NA,NA,NA,NA,NA,NA,NA,NA
UI10-00058,Ornamental,NA,NA,0.095,0.014,0.183,0.203,0.041,0.307,0.148,0.009,M. sinensis  'Huron Sunrise',M. sinensis,45,372,3,2017,NA,NA,NA,NA,NA,NA,NA,NA
UI10-00058,Ornamental,NA,NA,0.095,0.014,0.183,0.203,0.041,0.307,0.148,0.009,M. sinensis  'Huron Sunrise',M. sinensis,45,53,1,2018,NA,NA,NA,NA,NA,NA,NA,NA
UI10-00058,Ornamental,NA,NA,0.095,0.014,0.183,0.203,0.041,0.307,0.148,0.009,M. sinensis  'Huron Sunrise',M. sinensis,45,523,4,2018,NA,NA,NA,NA,NA,NA,NA,NA
UI10-00058,Ornamental,NA,NA,0.095,0.014,0.183,0.203,0.041,0.307,0.148,0.009,M. sinensis  'Huron Sunrise',M. sinensis,45,372,3,2018,NA,NA,NA,NA,NA,NA,NA,NA
UI10-00058,Ornamental,NA,NA,0.095,0.014,0.183,0.203,0.041,0.307,0.148,0.009,M. sinensis  'Huron Sunrise',M. sinensis,45,280,2,2017,NA,NA,NA,NA,NA,NA,NA,NA
UI10-00058,Ornamental,NA,NA,0.095,0.014,0.183,0.203,0.041,0.307,0.148,0.009,M. sinensis  'Huron Sunrise',M. sinensis,45,280,2,2018,NA,NA,NA,NA,NA,NA,NA,NA
UI10-00060,Ornamental,NA,NA,0.016,0.007,0.326,0.295,0.025,0.32,0.003,0.007,M. sinensis  'July (Juli)',M. sinensis,46,235,2,2017,0.857284076,112.4044439,1.622096832,0.23877105,2.971203683,11.04347717,NA,3.110766166
UI10-00060,Ornamental,NA,NA,0.016,0.007,0.326,0.295,0.025,0.32,0.003,0.007,M. sinensis  'July (Juli)',M. sinensis,46,629,4,2018,1.391926482,121.1197913,1.460508291,1.266534195,2.114445816,18.99677047,2.995732274,5.218727379
UI10-00060,Ornamental,NA,NA,0.016,0.007,0.326,0.295,0.025,0.32,0.003,0.007,M. sinensis  'July (Juli)',M. sinensis,46,235,2,2018,0.382113095,108.1812455,1.14022367,0.806407466,2.431354221,12.55896511,2.397895273,4.214941889
UI10-00060,Ornamental,NA,NA,0.016,0.007,0.326,0.295,0.025,0.32,0.003,0.007,M. sinensis  'July (Juli)',M. sinensis,46,139,1,2018,0.626555599,107.6178393,1.150958392,0.727467461,2.431354221,18.28087623,2.740840024,4.482321259
UI10-00060,Ornamental,NA,NA,0.016,0.007,0.326,0.295,0.025,0.32,0.003,0.007,M. sinensis  'July (Juli)',M. sinensis,46,428,3,2018,0.763333509,125.6117283,1.193164469,0.667105382,2.714342776,13.48609704,2.468099531,4.214941889
UI10-00060,Ornamental,NA,NA,0.016,0.007,0.326,0.295,0.025,0.32,0.003,0.007,M. sinensis  'July (Juli)',M. sinensis,46,629,4,2017,0.608395279,113.2485951,1.367646796,1.080502802,3.207211175,18.11614591,NA,4.450097114
UI10-00060,Ornamental,NA,NA,0.016,0.007,0.326,0.295,0.025,0.32,0.003,0.007,M. sinensis  'July (Juli)',M. sinensis,46,428,3,2017,1.965840449,130.6602849,1.597539554,1.044512761,3.823100012,14.89590441,NA,4.631064052
UI10-00060,Ornamental,NA,NA,0.016,0.007,0.326,0.295,0.025,0.32,0.003,0.007,M. sinensis  'July (Juli)',M. sinensis,46,139,1,2017,1.64774865,128.9779937,1.898648307,1.008201351,2.971203683,17.86489095,NA,5.809006831
UI10-00061,Ornamental,NA,NA,0.03,0.011,0.211,0.211,0.036,0.481,0.007,0.012,M. sinensis  'Kaskade',M. sinensis,47,411,3,2017,0.702424555,111.5601316,0.931760078,0.169328229,2.971203683,14.89590441,NA,3.864329085
UI10-00061,Ornamental,NA,NA,0.03,0.011,0.211,0.211,0.036,0.481,0.007,0.012,M. sinensis  'Kaskade',M. sinensis,47,44,1,2017,2.055641538,136.5440134,1.597539554,1.008201351,3.426120123,16.61814482,NA,5.227716097
UI10-00061,Ornamental,NA,NA,0.03,0.011,0.211,0.211,0.036,0.481,0.007,0.012,M. sinensis  'Kaskade',M. sinensis,47,624,4,2017,2.328906993,167.5427851,1.966295057,1.044512761,3.630709444,18.11614591,NA,7.083930952
UI10-00061,Ornamental,NA,NA,0.03,0.011,0.211,0.211,0.036,0.481,0.007,0.012,M. sinensis  'Kaskade',M. sinensis,47,411,3,2018,0.867322768,117.1858733,1.303647097,0.786831499,2.714342776,13.73526989,2.442347035,3.993681281
UI10-00061,Ornamental,NA,NA,0.03,0.011,0.211,0.211,0.036,0.481,0.007,0.012,M. sinensis  'Kaskade',M. sinensis,47,624,4,2018,1.653458456,157.506579,1.60346668,1.052169157,3.207211175,17.92536708,3.63758616,7.171553821
UI10-00061,Ornamental,NA,NA,0.03,0.011,0.211,0.211,0.036,0.481,0.007,0.012,M. sinensis  'Kaskade',M. sinensis,47,44,1,2018,1.789464566,143.5400691,1.562701424,1.142811696,2.971203683,15.32613804,3.33220451,5.720974004
UI10-00061,Ornamental,NA,NA,0.03,0.011,0.211,0.211,0.036,0.481,0.007,0.012,M. sinensis  'Kaskade',M. sinensis,47,228,2,2017,0.685306703,108.7445771,1.309573445,0.28414238,2.971203683,14.89590441,NA,1.99701459
UI10-00061,Ornamental,NA,NA,0.03,0.011,0.211,0.211,0.036,0.481,0.007,0.012,M. sinensis  'Kaskade',M. sinensis,47,228,2,2018,-0.051096474,90.39585222,0.882484435,0.436171136,2.971203683,12.4186306,2.251291799,3.307715226
UI10-00062,Ornamental,NA,NA,0.011,0.008,0.437,0.093,0.028,0.407,0.004,0.011,M. sinensis  'Kirk Alexander',M. sinensis,48,216,2,2017,NA,NA,NA,NA,NA,NA,NA,NA
UI10-00062,Ornamental,NA,NA,0.011,0.008,0.437,0.093,0.028,0.407,0.004,0.011,M. sinensis  'Kirk Alexander',M. sinensis,48,340,3,2018,NA,NA,NA,NA,NA,NA,NA,NA
UI10-00062,Ornamental,NA,NA,0.011,0.008,0.437,0.093,0.028,0.407,0.004,0.011,M. sinensis  'Kirk Alexander',M. sinensis,48,151,1,2018,NA,NA,NA,NA,NA,NA,NA,NA
UI10-00062,Ornamental,NA,NA,0.011,0.008,0.437,0.093,0.028,0.407,0.004,0.011,M. sinensis  'Kirk Alexander',M. sinensis,48,151,1,2017,NA,NA,NA,NA,NA,NA,NA,NA
UI10-00062,Ornamental,NA,NA,0.011,0.008,0.437,0.093,0.028,0.407,0.004,0.011,M. sinensis  'Kirk Alexander',M. sinensis,48,600,4,2018,1.425670112,96.33340642,1.433920935,1.420674264,2.431354221,14.89590441,3.465735903,4.908452292
UI10-00062,Ornamental,NA,NA,0.011,0.008,0.437,0.093,0.028,0.407,0.004,0.011,M. sinensis  'Kirk Alexander',M. sinensis,48,600,4,2017,1.105023179,87.28179283,1.228654698,0.859527611,3.426120123,14.44734746,NA,3.836574153
UI10-00062,Ornamental,NA,NA,0.011,0.008,0.437,0.093,0.028,0.407,0.004,0.011,M. sinensis  'Kirk Alexander',M. sinensis,48,216,2,2018,NA,NA,NA,NA,NA,NA,NA,NA
UI10-00062,Ornamental,NA,NA,0.011,0.008,0.437,0.093,0.028,0.407,0.004,0.011,M. sinensis  'Kirk Alexander',M. sinensis,48,340,3,2017,-0.126615565,46.20376718,0.854024565,0.098088088,4.00495146,11.20768244,NA,3.27009285
UI10-00063,Ornamental,NA,NA,0.07,0.015,0.204,0.123,0.015,0.522,0.044,0.007,M. sinensis  'Kleine Fontaine',M. sinensis,49,320,2,2017,0.779464528,88.41449876,0.99356259,0.859527611,2.714342776,13.23034756,NA,4.450731005
UI10-00063,Ornamental,NA,NA,0.07,0.015,0.204,0.123,0.015,0.522,0.044,0.007,M. sinensis  'Kleine Fontaine',M. sinensis,49,320,2,2018,1.018471801,103.1078574,1.203538337,0.626279514,2.714342776,13.09986142,2.862200881,4.908452292
UI10-00063,Ornamental,NA,NA,0.07,0.015,0.204,0.123,0.015,0.522,0.044,0.007,M. sinensis  'Kleine Fontaine',M. sinensis,49,673,4,2017,0.790109541,112.8265396,1.329168771,0.28414238,3.207211175,11.36871101,NA,3.864329085
UI10-00063,Ornamental,NA,NA,0.07,0.015,0.204,0.123,0.015,0.522,0.044,0.007,M. sinensis  'Kleine Fontaine',M. sinensis,49,108,1,2017,0.626555599,84.02316956,2.234155768,1.42465052,2.114445816,12.55896511,NA,3.864329085
UI10-00063,Ornamental,NA,NA,0.07,0.015,0.204,0.123,0.015,0.522,0.044,0.007,M. sinensis  'Kleine Fontaine',M. sinensis,49,673,4,2018,0.916411651,91.24466535,1.322924666,0.845252971,2.114445816,11.83422853,2.602689685,4.698758873
UI10-00063,Ornamental,NA,NA,0.07,0.015,0.204,0.123,0.015,0.522,0.044,0.007,M. sinensis  'Kleine Fontaine',M. sinensis,49,412,3,2017,NA,NA,NA,NA,NA,NA,NA,NA
UI10-00063,Ornamental,NA,NA,0.07,0.015,0.204,0.123,0.015,0.522,0.044,0.007,M. sinensis  'Kleine Fontaine',M. sinensis,49,108,1,2018,-0.231603643,69.10397828,0.734561636,0.25700515,2.114445816,14.89590441,1.386294361,1.113838226
UI10-00063,Ornamental,NA,NA,0.07,0.015,0.204,0.123,0.015,0.522,0.044,0.007,M. sinensis  'Kleine Fontaine',M. sinensis,49,412,3,2018,NA,NA,NA,NA,NA,NA,NA,NA
UI10-00064,Ornamental,NA,NA,0.115,0.008,0.159,0.016,0.055,0.516,0.123,0.008,M. sinensis  'Kleine Silberspinne (Little Silver Spider)',M. sinensis,50,639,4,2017,0.09599474,92.37610515,0.348051879,0.23877105,2.971203683,13.3590726,NA,3.864329085
UI10-00064,Ornamental,NA,NA,0.115,0.008,0.159,0.016,0.055,0.516,0.123,0.008,M. sinensis  'Kleine Silberspinne (Little Silver Spider)',M. sinensis,50,61,1,2017,NA,NA,NA,NA,NA,NA,NA,NA
UI10-00064,Ornamental,NA,NA,0.115,0.008,0.159,0.016,0.055,0.516,0.123,0.008,M. sinensis  'Kleine Silberspinne (Little Silver Spider)',M. sinensis,50,493,3,2017,0.029624428,82.74719077,0.385717939,0.23877105,2.714342776,14.89590441,NA,3.110766166
UI10-00064,Ornamental,NA,NA,0.115,0.008,0.159,0.016,0.055,0.516,0.123,0.008,M. sinensis  'Kleine Silberspinne (Little Silver Spider)',M. sinensis,50,61,1,2018,NA,NA,NA,NA,NA,NA,NA,NA
UI10-00064,Ornamental,NA,NA,0.115,0.008,0.159,0.016,0.055,0.516,0.123,0.008,M. sinensis  'Kleine Silberspinne (Little Silver Spider)',M. sinensis,50,203,2,2018,NA,NA,NA,NA,NA,NA,NA,NA
UI10-00064,Ornamental,NA,NA,0.115,0.008,0.159,0.016,0.055,0.516,0.123,0.008,M. sinensis  'Kleine Silberspinne (Little Silver Spider)',M. sinensis,50,493,3,2018,-0.834548437,50.51592598,0.418376615,0.041063671,2.971203683,8.744077708,1.609437912,2.340077434
UI10-00064,Ornamental,NA,NA,0.115,0.008,0.159,0.016,0.055,0.516,0.123,0.008,M. sinensis  'Kleine Silberspinne (Little Silver Spider)',M. sinensis,50,639,4,2018,-1.429899798,24.17246068,0.207115633,0.015949179,1.751286756,11.36871101,1.386294361,1.251746886
UI10-00064,Ornamental,NA,NA,0.115,0.008,0.159,0.016,0.055,0.516,0.123,0.008,M. sinensis  'Kleine Silberspinne (Little Silver Spider)',M. sinensis,50,203,2,2017,NA,NA,NA,NA,NA,NA,NA,NA
UI10-00065,Ornamental,NA,NA,0.031,0.003,0.204,0.061,0.099,0.578,0.008,0.015,M. sinensis  'Little Kitten',M. sinensis,51,495,3,2018,NA,NA,NA,NA,NA,NA,NA,NA
UI10-00065,Ornamental,NA,NA,0.031,0.003,0.204,0.061,0.099,0.578,0.008,0.015,M. sinensis  'Little Kitten',M. sinensis,51,295,2,2018,NA,NA,NA,NA,NA,NA,NA,NA
UI10-00065,Ornamental,NA,NA,0.031,0.003,0.204,0.061,0.099,0.578,0.008,0.015,M. sinensis  'Little Kitten',M. sinensis,51,137,1,2018,NA,NA,NA,NA,NA,NA,NA,NA
UI10-00065,Ornamental,NA,NA,0.031,0.003,0.204,0.061,0.099,0.578,0.008,0.015,M. sinensis  'Little Kitten',M. sinensis,51,137,1,2017,NA,NA,NA,NA,NA,NA,NA,NA
UI10-00065,Ornamental,NA,NA,0.031,0.003,0.204,0.061,0.099,0.578,0.008,0.015,M. sinensis  'Little Kitten',M. sinensis,51,495,3,2017,NA,NA,NA,NA,NA,NA,NA,NA
UI10-00065,Ornamental,NA,NA,0.031,0.003,0.204,0.061,0.099,0.578,0.008,0.015,M. sinensis  'Little Kitten',M. sinensis,51,508,4,2017,NA,NA,NA,NA,NA,NA,NA,NA
UI10-00065,Ornamental,NA,NA,0.031,0.003,0.204,0.061,0.099,0.578,0.008,0.015,M. sinensis  'Little Kitten',M. sinensis,51,508,4,2018,NA,NA,NA,NA,NA,NA,NA,NA
UI10-00065,Ornamental,NA,NA,0.031,0.003,0.204,0.061,0.099,0.578,0.008,0.015,M. sinensis  'Little Kitten',M. sinensis,51,295,2,2017,NA,NA,NA,NA,NA,NA,NA,NA
UI10-00066,Ornamental,NA,NA,0.018,0.028,0.362,0.105,0.028,0.447,0.004,0.008,M. sinensis  'Little Nickey (syn. Hinjo)',M. sinensis,52,438,3,2018,NA,NA,NA,NA,NA,NA,NA,NA
UI10-00066,Ornamental,NA,NA,0.018,0.028,0.362,0.105,0.028,0.447,0.004,0.008,M. sinensis  'Little Nickey (syn. Hinjo)',M. sinensis,52,283,2,2018,NA,NA,NA,NA,NA,NA,NA,NA
UI10-00066,Ornamental,NA,NA,0.018,0.028,0.362,0.105,0.028,0.447,0.004,0.008,M. sinensis  'Little Nickey (syn. Hinjo)',M. sinensis,52,544,4,2017,1.984227347,145.2178152,1.739722363,0.859527611,3.426120123,13.85752379,NA,6.463453986
UI10-00066,Ornamental,NA,NA,0.018,0.028,0.362,0.105,0.028,0.447,0.004,0.008,M. sinensis  'Little Nickey (syn. Hinjo)',M. sinensis,52,86,1,2018,NA,NA,NA,NA,NA,NA,NA,NA
UI10-00066,Ornamental,NA,NA,0.018,0.028,0.362,0.105,0.028,0.447,0.004,0.008,M. sinensis  'Little Nickey (syn. Hinjo)',M. sinensis,52,438,3,2017,NA,NA,NA,NA,NA,NA,NA,NA
UI10-00066,Ornamental,NA,NA,0.018,0.028,0.362,0.105,0.028,0.447,0.004,0.008,M. sinensis  'Little Nickey (syn. Hinjo)',M. sinensis,52,86,1,2017,NA,NA,NA,NA,NA,NA,NA,NA
UI10-00066,Ornamental,NA,NA,0.018,0.028,0.362,0.105,0.028,0.447,0.004,0.008,M. sinensis  'Little Nickey (syn. Hinjo)',M. sinensis,52,544,4,2018,2.293733544,174.7815824,1.627450847,1.520639428,3.207211175,15.32613804,4.085976313,7.598621569
UI10-00066,Ornamental,NA,NA,0.018,0.028,0.362,0.105,0.028,0.447,0.004,0.008,M. sinensis  'Little Nickey (syn. Hinjo)',M. sinensis,52,283,2,2017,NA,NA,NA,NA,NA,NA,NA,NA
UI10-00067,Ornamental,NA,NA,0.048,0.012,0.225,0.04,0.068,0.489,0.102,0.016,M. sinensis  'Little Zebra',M. sinensis,53,360,3,2017,NA,NA,NA,NA,NA,NA,NA,NA
UI10-00067,Ornamental,NA,NA,0.048,0.012,0.225,0.04,0.068,0.489,0.102,0.016,M. sinensis  'Little Zebra',M. sinensis,53,360,3,2018,NA,NA,NA,NA,NA,NA,NA,NA
UI10-00067,Ornamental,NA,NA,0.048,0.012,0.225,0.04,0.068,0.489,0.102,0.016,M. sinensis  'Little Zebra',M. sinensis,53,516,4,2018,NA,NA,NA,NA,NA,NA,NA,NA
UI10-00067,Ornamental,NA,NA,0.048,0.012,0.225,0.04,0.068,0.489,0.102,0.016,M. sinensis  'Little Zebra',M. sinensis,53,516,4,2017,NA,NA,NA,NA,NA,NA,NA,NA
UI10-00067,Ornamental,NA,NA,0.048,0.012,0.225,0.04,0.068,0.489,0.102,0.016,M. sinensis  'Little Zebra',M. sinensis,53,32,1,2017,NA,NA,NA,NA,NA,NA,NA,NA
UI10-00067,Ornamental,NA,NA,0.048,0.012,0.225,0.04,0.068,0.489,0.102,0.016,M. sinensis  'Little Zebra',M. sinensis,53,307,2,2017,NA,NA,NA,NA,NA,NA,NA,NA
UI10-00067,Ornamental,NA,NA,0.048,0.012,0.225,0.04,0.068,0.489,0.102,0.016,M. sinensis  'Little Zebra',M. sinensis,53,32,1,2018,NA,NA,NA,NA,NA,NA,NA,NA
UI10-00067,Ornamental,NA,NA,0.048,0.012,0.225,0.04,0.068,0.489,0.102,0.016,M. sinensis  'Little Zebra',M. sinensis,53,307,2,2018,NA,NA,NA,NA,NA,NA,NA,NA
UI10-00070,Ornamental,NA,NA,0.08,0.01,0.352,0.093,0.035,0.354,0.067,0.008,M. sinensis  'Minuette',M. sinensis,54,309,2,2018,0.193371729,75.22270397,0.748651638,0.457850216,2.971203683,14.89590441,3.465735903,5.621625976
UI10-00070,Ornamental,NA,NA,0.08,0.01,0.352,0.093,0.035,0.354,0.067,0.008,M. sinensis  'Minuette',M. sinensis,54,489,3,2017,0.696743629,92.37610515,0.931760078,0.28414238,3.207211175,13.48609704,NA,2.432915835
UI10-00070,Ornamental,NA,NA,0.08,0.01,0.352,0.093,0.035,0.354,0.067,0.008,M. sinensis  'Minuette',M. sinensis,54,628,4,2017,1.690041235,126.1729303,1.367646796,0.859527611,3.426120123,17.25777262,NA,6.723378822
UI10-00070,Ornamental,NA,NA,0.08,0.01,0.352,0.093,0.035,0.354,0.067,0.008,M. sinensis  'Minuette',M. sinensis,54,628,4,2018,1.125831455,114.3738816,1.370115908,0.921768497,3.207211175,16.71168585,3.749504076,6.388547366
UI10-00070,Ornamental,NA,NA,0.08,0.01,0.352,0.093,0.035,0.354,0.067,0.008,M. sinensis  'Minuette',M. sinensis,54,82,1,2017,0.882240129,101.9795872,0.799811293,0.25700515,3.426120123,16.1386678,NA,6.018282649
UI10-00070,Ornamental,NA,NA,0.08,0.01,0.352,0.093,0.035,0.354,0.067,0.008,M. sinensis  'Minuette',M. sinensis,54,309,2,2017,1.395337048,105.3634612,1.329168771,0.897233238,3.207211175,14.09761029,NA,5.022035513
UI10-00070,Ornamental,NA,NA,0.08,0.01,0.352,0.093,0.035,0.354,0.067,0.008,M. sinensis  'Minuette',M. sinensis,54,82,1,2018,1.142254265,120.5580043,1.224080304,0.845252971,3.426120123,15.73987585,4.034240638,6.477886056
UI10-00070,Ornamental,NA,NA,0.08,0.01,0.352,0.093,0.035,0.354,0.067,0.008,M. sinensis  'Minuette',M. sinensis,54,489,3,2018,-0.082862339,88.69761759,0.830418858,0.25700515,2.114445816,12.83334578,1.704748092,2.269205849
UI10-00071,Ornamental,NA,NA,0.028,0.013,0.236,0.031,0.036,0.632,0.009,0.014,M. sinensis  'Morning Light',M. sinensis,55,23,1,2018,2.482400865,155.274132,2.090002571,1.714565262,2.971203683,14.21553314,3.935739532,7.120271141
UI10-00071,Ornamental,NA,NA,0.028,0.013,0.236,0.031,0.036,0.632,0.009,0.014,M. sinensis  'Morning Light',M. sinensis,55,201,2,2017,NA,NA,NA,NA,NA,NA,NA,NA
UI10-00071,Ornamental,NA,NA,0.028,0.013,0.236,0.031,0.036,0.632,0.009,0.014,M. sinensis  'Morning Light',M. sinensis,55,23,1,2017,1.712110563,127.8561564,1.715313492,1.073330029,3.426120123,12.83334578,NA,5.809006831
UI10-00071,Ornamental,NA,NA,0.028,0.013,0.236,0.031,0.036,0.632,0.009,0.014,M. sinensis  'Morning Light',M. sinensis,55,578,4,2017,NA,NA,NA,NA,NA,NA,NA,NA
UI10-00071,Ornamental,NA,NA,0.028,0.013,0.236,0.031,0.036,0.632,0.009,0.014,M. sinensis  'Morning Light',M. sinensis,55,201,2,2018,NA,NA,NA,NA,NA,NA,NA,NA
UI10-00071,Ornamental,NA,NA,0.028,0.013,0.236,0.031,0.036,0.632,0.009,0.014,M. sinensis  'Morning Light',M. sinensis,55,400,3,2017,NA,NA,NA,NA,NA,NA,NA,NA
UI10-00071,Ornamental,NA,NA,0.028,0.013,0.236,0.031,0.036,0.632,0.009,0.014,M. sinensis  'Morning Light',M. sinensis,55,578,4,2018,NA,NA,NA,NA,NA,NA,NA,NA
UI10-00071,Ornamental,NA,NA,0.028,0.013,0.236,0.031,0.036,0.632,0.009,0.014,M. sinensis  'Morning Light',M. sinensis,55,400,3,2018,NA,NA,NA,NA,NA,NA,NA,NA
UI10-00072,Ornamental,NA,NA,0.125,0.016,0.086,0.004,0.078,0.32,0.366,0.003,M. sinensis  'Mt. Washington',M. sinensis,56,642,4,2017,-0.971335952,43.89986928,0.26936976,0,2.714342776,NA,NA,2.370149007
UI10-00072,Ornamental,NA,NA,0.125,0.016,0.086,0.004,0.078,0.32,0.366,0.003,M. sinensis  'Mt. Washington',M. sinensis,56,642,4,2018,NA,NA,NA,NA,NA,NA,NA,NA
UI10-00072,Ornamental,NA,NA,0.125,0.016,0.086,0.004,0.078,0.32,0.366,0.003,M. sinensis  'Mt. Washington',M. sinensis,56,414,3,2017,-0.219450393,56.53759363,0.26936976,0.145789256,2.714342776,11.83422853,NA,1.891830192
UI10-00072,Ornamental,NA,NA,0.125,0.016,0.086,0.004,0.078,0.32,0.366,0.003,M. sinensis  'Mt. Washington',M. sinensis,56,319,2,2017,-0.388686182,45.62806844,0.90630094,0,2.431354221,10.87592695,NA,1.487944942
UI10-00072,Ornamental,NA,NA,0.125,0.016,0.086,0.004,0.078,0.32,0.366,0.003,M. sinensis  'Mt. Washington',M. sinensis,56,169,1,2017,-1.021382188,47.92979314,0.26936976,-0.741398735,3.207211175,9.980955389,NA,NA
UI10-00072,Ornamental,NA,NA,0.125,0.016,0.086,0.004,0.078,0.32,0.366,0.003,M. sinensis  'Mt. Washington',M. sinensis,56,414,3,2018,-0.491745343,53.95896113,0.601053494,0.279997727,1.751286756,8.51505211,0.916290732,0.777569361
UI10-00072,Ornamental,NA,NA,0.125,0.016,0.086,0.004,0.078,0.32,0.366,0.003,M. sinensis  'Mt. Washington',M. sinensis,56,169,1,2018,NA,NA,NA,NA,NA,NA,NA,NA
UI10-00072,Ornamental,NA,NA,0.125,0.016,0.086,0.004,0.078,0.32,0.366,0.003,M. sinensis  'Mt. Washington',M. sinensis,56,319,2,2018,-0.588567172,59.1132666,0.504425629,0.139161771,1.751286756,9.788816859,2.197224577,2.658770798
UI10-00073,Ornamental,NA,NA,0.078,0.019,0.321,0.055,0.024,0.444,0.046,0.013,M. sinensis  'Mysterious Maiden',M. sinensis,57,90,1,2018,NA,NA,NA,NA,NA,NA,NA,NA
UI10-00073,Ornamental,NA,NA,0.078,0.019,0.321,0.055,0.024,0.444,0.046,0.013,M. sinensis  'Mysterious Maiden',M. sinensis,57,333,2,2017,NA,NA,NA,NA,NA,NA,NA,NA
UI10-00073,Ornamental,NA,NA,0.078,0.019,0.321,0.055,0.024,0.444,0.046,0.013,M. sinensis  'Mysterious Maiden',M. sinensis,57,333,2,2018,NA,NA,NA,NA,NA,NA,NA,NA
UI10-00073,Ornamental,NA,NA,0.078,0.019,0.321,0.055,0.024,0.444,0.046,0.013,M. sinensis  'Mysterious Maiden',M. sinensis,57,90,1,2017,NA,NA,NA,NA,NA,NA,NA,NA
UI10-00073,Ornamental,NA,NA,0.078,0.019,0.321,0.055,0.024,0.444,0.046,0.013,M. sinensis  'Mysterious Maiden',M. sinensis,57,514,4,2017,0.473482815,97.46329931,0.981405162,0.28414238,2.971203683,12.4186306,NA,3.110766166
UI10-00073,Ornamental,NA,NA,0.078,0.019,0.321,0.055,0.024,0.444,0.046,0.013,M. sinensis  'Mysterious Maiden',M. sinensis,57,395,3,2017,NA,NA,NA,NA,NA,NA,NA,NA
UI10-00073,Ornamental,NA,NA,0.078,0.019,0.321,0.055,0.024,0.444,0.046,0.013,M. sinensis  'Mysterious Maiden',M. sinensis,57,514,4,2018,0.724903474,105.3634612,1.341969964,0.564114473,3.426120123,NA,NA,NA
UI10-00073,Ornamental,NA,NA,0.078,0.019,0.321,0.055,0.024,0.444,0.046,0.013,M. sinensis  'Mysterious Maiden',M. sinensis,57,395,3,2018,NA,NA,NA,NA,NA,NA,NA,NA
UI10-00074,Ornamental,NA,NA,0.19,0.023,0.15,0.14,0.026,0.279,0.188,0.006,M. sinensis  'Nippon',M. sinensis,58,75,1,2018,NA,NA,NA,NA,NA,NA,NA,NA
UI10-00074,Ornamental,NA,NA,0.19,0.023,0.15,0.14,0.026,0.279,0.188,0.006,M. sinensis  'Nippon',M. sinensis,58,75,1,2017,NA,NA,NA,NA,NA,NA,NA,NA
UI10-00074,Ornamental,NA,NA,0.19,0.023,0.15,0.14,0.026,0.279,0.188,0.006,M. sinensis  'Nippon',M. sinensis,58,554,4,2017,1.825417669,109.8710185,1.405216642,1.116181213,3.823100012,15.11319016,NA,5.774178447
UI10-00074,Ornamental,NA,NA,0.19,0.023,0.15,0.14,0.026,0.279,0.188,0.006,M. sinensis  'Nippon',M. sinensis,58,285,2,2018,NA,NA,NA,NA,NA,NA,NA,NA
UI10-00074,Ornamental,NA,NA,0.19,0.023,0.15,0.14,0.026,0.279,0.188,0.006,M. sinensis  'Nippon',M. sinensis,58,470,3,2018,NA,NA,NA,NA,NA,NA,NA,NA
UI10-00074,Ornamental,NA,NA,0.19,0.023,0.15,0.14,0.026,0.279,0.188,0.006,M. sinensis  'Nippon',M. sinensis,58,470,3,2017,NA,NA,NA,NA,NA,NA,NA,NA
UI10-00074,Ornamental,NA,NA,0.19,0.023,0.15,0.14,0.026,0.279,0.188,0.006,M. sinensis  'Nippon',M. sinensis,58,554,4,2018,1.951903181,128.6975577,1.360789197,1.420674264,4.00495146,13.3590726,3.583518938,6.213965341
UI10-00074,Ornamental,NA,NA,0.19,0.023,0.15,0.14,0.026,0.279,0.188,0.006,M. sinensis  'Nippon',M. sinensis,58,285,2,2017,NA,NA,NA,NA,NA,NA,NA,NA
UI10-00075,Ornamental,NA,NA,0.031,0.017,0.335,0.064,0.03,0.508,0.005,0.011,M. sinensis  'November Sunset',M. sinensis,59,322,2,2018,-0.183749765,80.47754786,1.085391462,-0.060945937,2.714342776,16.23619032,2.708050201,4.631064052
UI10-00075,Ornamental,NA,NA,0.031,0.017,0.335,0.064,0.03,0.508,0.005,0.011,M. sinensis  'November Sunset',M. sinensis,59,322,2,2017,0.210261813,69.10397828,1.228654698,0.192667703,2.431354221,16.1386678,NA,3.575758573
UI10-00075,Ornamental,NA,NA,0.031,0.017,0.335,0.064,0.03,0.508,0.005,0.011,M. sinensis  'November Sunset',M. sinensis,59,477,3,2017,-0.172093201,66.25345705,0.743491775,0,2.431354221,15.32613804,NA,3.560821064
UI10-00075,Ornamental,NA,NA,0.031,0.017,0.335,0.064,0.03,0.508,0.005,0.011,M. sinensis  'November Sunset',M. sinensis,59,8,1,2017,0.614477274,99.15751686,0.911427945,0.247902571,2.714342776,13.48609704,NA,3.555777918
UI10-00075,Ornamental,NA,NA,0.031,0.017,0.335,0.064,0.03,0.508,0.005,0.011,M. sinensis  'November Sunset',M. sinensis,59,583,4,2018,NA,NA,NA,NA,NA,NA,NA,NA
UI10-00075,Ornamental,NA,NA,0.031,0.017,0.335,0.064,0.03,0.508,0.005,0.011,M. sinensis  'November Sunset',M. sinensis,59,8,1,2018,0.446071947,97.46329931,1.529344161,0.436171136,2.714342776,13.61147808,1.791759469,2.758906564
UI10-00075,Ornamental,NA,NA,0.031,0.017,0.335,0.064,0.03,0.508,0.005,0.011,M. sinensis  'November Sunset',M. sinensis,59,583,4,2017,NA,NA,NA,NA,NA,NA,NA,NA
UI10-00075,Ornamental,NA,NA,0.031,0.017,0.335,0.064,0.03,0.508,0.005,0.011,M. sinensis  'November Sunset',M. sinensis,59,477,3,2018,NA,80.47754786,0.907840911,0.370218724,2.114445816,14.89590441,2.351375257,NA
UI10-00078,Ornamental,NA,NA,0.1,0.02,0.257,0.056,0.03,0.364,0.157,0.016,M. sinensis  'Puenktchen (Little Dot)',M. sinensis,61,182,2,2018,NA,NA,NA,NA,NA,NA,NA,NA
UI10-00078,Ornamental,NA,NA,0.1,0.02,0.257,0.056,0.03,0.364,0.157,0.016,M. sinensis  'Puenktchen (Little Dot)',M. sinensis,61,648,4,2018,NA,NA,NA,NA,NA,NA,NA,NA
UI10-00078,Ornamental,NA,NA,0.1,0.02,0.257,0.056,0.03,0.364,0.157,0.016,M. sinensis  'Puenktchen (Little Dot)',M. sinensis,61,112,1,2017,NA,NA,NA,NA,NA,NA,NA,NA
UI10-00078,Ornamental,NA,NA,0.1,0.02,0.257,0.056,0.03,0.364,0.157,0.016,M. sinensis  'Puenktchen (Little Dot)',M. sinensis,61,440,3,2017,NA,NA,NA,NA,NA,NA,NA,NA
UI10-00078,Ornamental,NA,NA,0.1,0.02,0.257,0.056,0.03,0.364,0.157,0.016,M. sinensis  'Puenktchen (Little Dot)',M. sinensis,61,440,3,2018,NA,NA,NA,NA,NA,NA,NA,NA
UI10-00078,Ornamental,NA,NA,0.1,0.02,0.257,0.056,0.03,0.364,0.157,0.016,M. sinensis  'Puenktchen (Little Dot)',M. sinensis,61,648,4,2017,0.218619477,79.34212116,0.813555076,0.437712346,2.114445816,11.83422853,NA,0.407527094
UI10-00078,Ornamental,NA,NA,0.1,0.02,0.257,0.056,0.03,0.364,0.157,0.016,M. sinensis  'Puenktchen (Little Dot)',M. sinensis,61,182,2,2017,NA,NA,NA,NA,NA,NA,NA,NA
UI10-00078,Ornamental,NA,NA,0.1,0.02,0.257,0.056,0.03,0.364,0.157,0.016,M. sinensis  'Puenktchen (Little Dot)',M. sinensis,61,112,1,2018,NA,NA,NA,NA,NA,NA,NA,NA
UI10-00079,Ornamental,NA,NA,0.039,0.017,0.196,0.043,0.047,0.626,0.017,0.014,M. sinensis  'Rigoletto',M. sinensis,62,47,1,2017,-0.6055852,44.47612192,0.901156071,-0.958760827,2.431354221,9.980955389,NA,2.8417504
UI10-00079,Ornamental,NA,NA,0.039,0.017,0.196,0.043,0.047,0.626,0.017,0.014,M. sinensis  'Rigoletto',M. sinensis,62,47,1,2018,-1.188776685,46.20376718,0.307325931,-0.087127206,2.431354221,10.53004226,1.791759469,1.728232265
UI10-00079,Ornamental,NA,NA,0.039,0.017,0.196,0.043,0.047,0.626,0.017,0.014,M. sinensis  'Rigoletto',M. sinensis,62,483,3,2017,NA,NA,NA,NA,NA,NA,NA,NA
UI10-00079,Ornamental,NA,NA,0.039,0.017,0.196,0.043,0.047,0.626,0.017,0.014,M. sinensis  'Rigoletto',M. sinensis,62,336,2,2017,0.210261813,77.63820766,1.348524388,0.28414238,2.431354221,11.83422853,NA,3.357988232
UI10-00079,Ornamental,NA,NA,0.039,0.017,0.196,0.043,0.047,0.626,0.017,0.014,M. sinensis  'Rigoletto',M. sinensis,62,588,4,2017,0.267595286,75.93334719,0.799811293,0,2.714342776,13.85752379,NA,3.110766166
UI10-00079,Ornamental,NA,NA,0.039,0.017,0.196,0.043,0.047,0.626,0.017,0.014,M. sinensis  'Rigoletto',M. sinensis,62,588,4,2018,-1.074076497,51.66424097,0.436026424,-0.250802038,2.114445816,9.180475813,1.945910149,2.456651093
UI10-00079,Ornamental,NA,NA,0.039,0.017,0.196,0.043,0.047,0.626,0.017,0.014,M. sinensis  'Rigoletto',M. sinensis,62,336,2,2018,-0.040697267,75.93334719,0.585407849,0.210460617,3.630709444,10.35128898,2.140066163,2.577811085
UI10-00079,Ornamental,NA,NA,0.039,0.017,0.196,0.043,0.047,0.626,0.017,0.014,M. sinensis  'Rigoletto',M. sinensis,62,483,3,2018,NA,NA,NA,NA,NA,NA,NA,NA
UI10-00080,Ornamental,NA,NA,0.005,0.003,0.728,0.139,0.035,0.082,0.005,0.004,M. sinensis  'Roland',M. sinensis,63,430,3,2018,NA,NA,NA,NA,NA,NA,NA,NA
UI10-00080,Ornamental,NA,NA,0.005,0.003,0.728,0.139,0.035,0.082,0.005,0.004,M. sinensis  'Roland',M. sinensis,63,164,1,2018,1.64774865,149.6894087,1.570935705,1.504124822,2.714342776,16.80448032,2.602689685,4.390037237
UI10-00080,Ornamental,NA,NA,0.005,0.003,0.728,0.139,0.035,0.082,0.005,0.004,M. sinensis  'Roland',M. sinensis,63,198,2,2018,NA,NA,NA,NA,NA,NA,NA,NA
UI10-00080,Ornamental,NA,NA,0.005,0.003,0.728,0.139,0.035,0.082,0.005,0.004,M. sinensis  'Roland',M. sinensis,63,164,1,2017,1.875328402,146.895068,1.599188115,1.116181213,3.207211175,16.1386678,NA,3.864329085
UI10-00080,Ornamental,NA,NA,0.005,0.003,0.728,0.139,0.035,0.082,0.005,0.004,M. sinensis  'Roland',M. sinensis,63,198,2,2017,NA,NA,NA,NA,NA,NA,NA,NA
UI10-00080,Ornamental,NA,NA,0.005,0.003,0.728,0.139,0.035,0.082,0.005,0.004,M. sinensis  'Roland',M. sinensis,63,625,4,2018,2.057820572,155.8323199,1.800705077,1.454232902,2.971203683,17.94921018,3.749504076,5.998438179
UI10-00080,Ornamental,NA,NA,0.005,0.003,0.728,0.139,0.035,0.082,0.005,0.004,M. sinensis  'Roland',M. sinensis,63,625,4,2017,1.717576774,148.0129653,1.367646796,1.116181213,2.714342776,16.1386678,NA,5.665239657
UI10-00080,Ornamental,NA,NA,0.005,0.003,0.728,0.139,0.035,0.082,0.005,0.004,M. sinensis  'Roland',M. sinensis,63,430,3,2017,NA,NA,NA,NA,NA,NA,NA,NA
UI10-00081,Ornamental,NA,NA,0.148,0.019,0.149,0.172,0.023,0.322,0.159,0.009,M. sinensis  'Roter Pfeil (Red Arrow',M. sinensis,64,272,2,2017,0.650377602,92.09327832,0.799811293,0.169328229,2.971203683,15.22019227,NA,3.227761138
UI10-00081,Ornamental,NA,NA,0.148,0.019,0.149,0.172,0.023,0.322,0.159,0.009,M. sinensis  'Roter Pfeil (Red Arrow',M. sinensis,64,272,2,2018,0.114297421,85.01525787,0.661948824,0.347916661,2.431354221,16.04029502,2.740840024,3.704316707
UI10-00081,Ornamental,NA,NA,0.148,0.019,0.149,0.172,0.023,0.322,0.159,0.009,M. sinensis  'Roter Pfeil (Red Arrow',M. sinensis,64,146,1,2017,-0.431677015,67.96413318,0.26936976,-0.669237399,3.426120123,11.83422853,NA,2.370149007
UI10-00081,Ornamental,NA,NA,0.148,0.019,0.149,0.172,0.023,0.322,0.159,0.009,M. sinensis  'Roter Pfeil (Red Arrow',M. sinensis,64,146,1,2018,-0.160553999,90.67881229,0.843609986,0.436171136,2.431354221,12.83334578,1.791759469,2.803961607
UI10-00081,Ornamental,NA,NA,0.148,0.019,0.149,0.172,0.023,0.322,0.159,0.009,M. sinensis  'Roter Pfeil (Red Arrow',M. sinensis,64,643,4,2018,-0.360926017,78.20628298,0.920357635,0.479382808,2.114445816,14.89590441,2.351375257,3.153057771
UI10-00081,Ornamental,NA,NA,0.148,0.019,0.149,0.172,0.023,0.322,0.159,0.009,M. sinensis  'Roter Pfeil (Red Arrow',M. sinensis,64,380,3,2017,-1.318955824,48.50478578,0.228197763,-0.778918925,2.714342776,12.69717631,NA,1.60625913
UI10-00081,Ornamental,NA,NA,0.148,0.019,0.149,0.172,0.023,0.322,0.159,0.009,M. sinensis  'Roter Pfeil (Red Arrow',M. sinensis,64,643,4,2017,0.259567932,87.28179283,0.931760078,0.192667703,3.207211175,15.32613804,NA,1.32155372
UI10-00081,Ornamental,NA,NA,0.148,0.019,0.149,0.172,0.023,0.322,0.159,0.009,M. sinensis  'Roter Pfeil (Red Arrow',M. sinensis,64,380,3,2018,-0.658330249,71.95153089,0.504425629,0.139161771,1.751286756,11.04347717,1.945910149,2.375432408
UI10-00082,Ornamental,NA,NA,0.074,0.013,0.204,0.125,0.014,0.518,0.046,0.006,M. sinensis  'Rotsilber',M. sinensis,65,148,1,2018,0.926016619,109.3078347,1.182720624,0.95946533,2.431354221,15.73987585,3.218875825,4.665411558
UI10-00082,Ornamental,NA,NA,0.074,0.013,0.204,0.125,0.014,0.518,0.046,0.006,M. sinensis  'Rotsilber',M. sinensis,65,561,4,2018,0.201846191,107.3361081,1.051518904,0.370218724,2.714342776,15.43105417,3.091042453,4.98780546
UI10-00082,Ornamental,NA,NA,0.074,0.013,0.204,0.125,0.014,0.518,0.046,0.006,M. sinensis  'Rotsilber',M. sinensis,65,148,1,2017,1.571419297,125.3311034,1.597539554,0.934572751,3.207211175,15.53496627,NA,5.402349458
UI10-00082,Ornamental,NA,NA,0.074,0.013,0.204,0.125,0.014,0.518,0.046,0.006,M. sinensis  'Rotsilber',M. sinensis,65,420,3,2018,0.337572402,107.6178393,1.005141643,0.522022021,2.431354221,16.1386678,2.708050201,4.386413846
UI10-00082,Ornamental,NA,NA,0.074,0.013,0.204,0.125,0.014,0.518,0.046,0.006,M. sinensis  'Rotsilber',M. sinensis,65,303,2,2018,0.539513785,104.2358142,1.203538337,0.707460561,2.431354221,16.1386678,2.740840024,4.311226649
UI10-00082,Ornamental,NA,NA,0.074,0.013,0.204,0.125,0.014,0.518,0.046,0.006,M. sinensis  'Rotsilber',M. sinensis,65,561,4,2017,1.213832308,138.3638474,0.931760078,0.28414238,3.426120123,16.98789027,NA,4.98780546
UI10-00082,Ornamental,NA,NA,0.074,0.013,0.204,0.125,0.014,0.518,0.046,0.006,M. sinensis  'Rotsilber',M. sinensis,65,420,3,2017,1.27450338,114.7957913,1.386542223,1.008201351,2.971203683,16.04029502,NA,4.450731005
UI10-00082,Ornamental,NA,NA,0.074,0.013,0.204,0.125,0.014,0.518,0.046,0.006,M. sinensis  'Rotsilber',M. sinensis,65,303,2,2017,1.580433107,113.3892714,1.701426006,1.026397857,2.714342776,15.32613804,NA,4.771575347
UI10-00083,Ornamental,NA,NA,0.033,0.007,0.236,0.022,0.057,0.619,0.003,0.022,M. sinensis  'Sarabande',M. sinensis,66,531,4,2018,NA,NA,NA,NA,NA,NA,NA,NA
UI10-00083,Ornamental,NA,NA,0.033,0.007,0.236,0.022,0.057,0.619,0.003,0.022,M. sinensis  'Sarabande',M. sinensis,66,92,1,2017,0.506928789,93.50719362,1.00562217,0.049511328,2.114445816,11.98398769,NA,3.916819275
UI10-00083,Ornamental,NA,NA,0.033,0.007,0.236,0.022,0.057,0.619,0.003,0.022,M. sinensis  'Sarabande',M. sinensis,66,298,2,2017,0.150084472,77.21208216,0.931760078,0.28414238,2.714342776,12.55896511,NA,3.300473712
UI10-00083,Ornamental,NA,NA,0.033,0.007,0.236,0.022,0.057,0.619,0.003,0.022,M. sinensis  'Sarabande',M. sinensis,66,531,4,2017,NA,NA,NA,NA,NA,NA,NA,NA
UI10-00083,Ornamental,NA,NA,0.033,0.007,0.236,0.022,0.057,0.619,0.003,0.022,M. sinensis  'Sarabande',M. sinensis,66,425,3,2018,0.283493781,74.51189088,0.993320407,0.522022021,0.777429042,11.5267179,3.33220451,1.566773517
UI10-00083,Ornamental,NA,NA,0.033,0.007,0.236,0.022,0.057,0.619,0.003,0.022,M. sinensis  'Sarabande',M. sinensis,66,298,2,2018,NA,NA,NA,NA,NA,NA,NA,NA
UI10-00083,Ornamental,NA,NA,0.033,0.007,0.236,0.022,0.057,0.619,0.003,0.022,M. sinensis  'Sarabande',M. sinensis,66,92,1,2018,NA,71.38225187,0.856683069,0.687340624,2.114445816,11.83422853,2.397895273,3.218510805
UI10-00083,Ornamental,NA,NA,0.033,0.007,0.236,0.022,0.057,0.619,0.003,0.022,M. sinensis  'Sarabande',M. sinensis,66,425,3,2017,-0.104532321,62.97151518,0.799811293,0.145789256,2.971203683,12.13123799,NA,1.764126181
UI10-00084,Ornamental,NA,NA,0.041,0.014,0.19,0.031,0.049,0.654,0.009,0.013,M. sinensis  'Silberfeder (Silver Feather)'--UI10-00084,M. sinensis,67,579,4,2017,1.618861171,114.3738816,0.981405162,0.859527611,3.823100012,15.94105242,NA,7.151260116
UI10-00084,Ornamental,NA,NA,0.041,0.014,0.19,0.031,0.049,0.654,0.009,0.013,M. sinensis  'Silberfeder (Silver Feather)'--UI10-00084,M. sinensis,67,231,2,2018,0.81635157,108.7445771,1.14022367,0.767150844,3.207211175,15.63789894,3.068052935,5.41120131
UI10-00084,Ornamental,NA,NA,0.041,0.014,0.19,0.031,0.049,0.654,0.009,0.013,M. sinensis  'Silberfeder (Silver Feather)'--UI10-00084,M. sinensis,67,168,1,2017,0.614477274,91.24466535,0.99356259,0.28414238,2.971203683,11.83422853,NA,4.880738172
UI10-00084,Ornamental,NA,NA,0.041,0.014,0.19,0.031,0.049,0.654,0.009,0.013,M. sinensis  'Silberfeder (Silver Feather)'--UI10-00084,M. sinensis,67,168,1,2018,0.847168907,104.2358142,1.14022367,0.727467461,2.971203683,13.23034756,3.238678452,5.41120131
UI10-00084,Ornamental,NA,NA,0.041,0.014,0.19,0.031,0.049,0.654,0.009,0.013,M. sinensis  'Silberfeder (Silver Feather)'--UI10-00084,M. sinensis,67,454,3,2017,1.531699604,103.9538542,1.228654698,0.859527611,3.630709444,14.44734746,NA,5.545115101
UI10-00084,Ornamental,NA,NA,0.041,0.014,0.19,0.031,0.049,0.654,0.009,0.013,M. sinensis  'Silberfeder (Silver Feather)'--UI10-00084,M. sinensis,67,579,4,2018,1.455372243,110.9971666,1.303647097,1.16070657,3.426120123,16.1386678,3.624340933,6.560991807
UI10-00084,Ornamental,NA,NA,0.041,0.014,0.19,0.031,0.049,0.654,0.009,0.013,M. sinensis  'Silberfeder (Silver Feather)'--UI10-00084,M. sinensis,67,454,3,2018,0.836975981,97.46329931,0.981405162,0.902782268,2.971203683,14.89590441,3.591817741,5.4461492
UI10-00084,Ornamental,NA,NA,0.041,0.014,0.19,0.031,0.049,0.654,0.009,0.013,M. sinensis  'Silberfeder (Silver Feather)'--UI10-00084,M. sinensis,67,231,2,2017,1.512993383,109.8710185,0.931760078,0.416238758,3.630709444,15.22019227,NA,6.110460544
UI10-00085,Ornamental,NA,NA,0.004,0.005,0.843,0.064,0.045,0.037,0.002,0.001,M. sinensis  'Silberfeder (Silver Feather)'--UI10-00085,M. sinensis,68,666,4,2018,1.435639509,134.5835013,1.486665051,0.786831499,2.971203683,14.89590441,2.602689685,4.559111542
UI10-00085,Ornamental,NA,NA,0.004,0.005,0.843,0.064,0.045,0.037,0.002,0.001,M. sinensis  'Silberfeder (Silver Feather)'--UI10-00085,M. sinensis,68,214,2,2017,1.897259593,141.8618235,1.386542223,0.859527611,3.426120123,16.52384141,NA,4.771575347
UI10-00085,Ornamental,NA,NA,0.004,0.005,0.843,0.064,0.045,0.037,0.002,0.001,M. sinensis  'Silberfeder (Silver Feather)'--UI10-00085,M. sinensis,68,142,1,2017,1.198242573,130.3799415,1.329168771,0.28414238,2.971203683,16.61814482,NA,3.864329085
UI10-00085,Ornamental,NA,NA,0.004,0.005,0.843,0.064,0.045,0.037,0.002,0.001,M. sinensis  'Silberfeder (Silver Feather)'--UI10-00085,M. sinensis,68,666,4,2017,2.265401724,168.0998945,1.709155469,0.859527611,3.823100012,14.56131682,NA,5.545115101
UI10-00085,Ornamental,NA,NA,0.004,0.005,0.843,0.064,0.045,0.037,0.002,0.001,M. sinensis  'Silberfeder (Silver Feather)'--UI10-00085,M. sinensis,68,465,3,2017,1.755285731,141.0225115,1.386542223,0.859527611,3.426120123,17.25777262,NA,5.022035513
UI10-00085,Ornamental,NA,NA,0.004,0.005,0.843,0.064,0.045,0.037,0.002,0.001,M. sinensis  'Silberfeder (Silver Feather)'--UI10-00085,M. sinensis,68,465,3,2018,1.540962756,147.1745625,1.397773023,0.646752488,2.971203683,16.80448032,3.303216973,4.98780546
UI10-00085,Ornamental,NA,NA,0.004,0.005,0.843,0.064,0.045,0.037,0.002,0.001,M. sinensis  'Silberfeder (Silver Feather)'--UI10-00085,M. sinensis,68,142,1,2018,1.448824837,141.3022962,1.442832217,0.727467461,2.714342776,15.63789894,2.48490665,4.432641645
UI10-00085,Ornamental,NA,NA,0.004,0.005,0.843,0.064,0.045,0.037,0.002,0.001,M. sinensis  'Silberfeder (Silver Feather)'--UI10-00085,M. sinensis,68,214,2,2018,0.877286229,121.4006599,1.351407462,0.584963163,2.714342776,15.73987585,2.517696473,4.264105004
UI10-00086,Ornamental,NA,NA,0.033,0.014,0.202,0.017,0.05,0.662,0.012,0.01,M. sinensis  'Silberfeil (Silver Arrow)',M. sinensis,69,20,1,2018,0.10518112,90.11286969,0.869640459,0.436171136,3.207211175,13.73526989,3.161246712,5.03782793
UI10-00086,Ornamental,NA,NA,0.033,0.014,0.202,0.017,0.05,0.662,0.012,0.01,M. sinensis  'Silberfeil (Silver Arrow)',M. sinensis,69,603,4,2017,1.285591897,109.8710185,0.956789491,0.859527611,3.630709444,17.07853486,NA,6.40391058
UI10-00086,Ornamental,NA,NA,0.033,0.014,0.202,0.017,0.05,0.662,0.012,0.01,M. sinensis  'Silberfeil (Silver Arrow)',M. sinensis,69,444,3,2018,NA,NA,NA,NA,NA,NA,NA,NA
UI10-00086,Ornamental,NA,NA,0.033,0.014,0.202,0.017,0.05,0.662,0.012,0.01,M. sinensis  'Silberfeil (Silver Arrow)',M. sinensis,69,20,1,2017,0.691037758,85.72371265,0.90630094,0.25700515,2.971203683,13.85752379,NA,4.771575347
UI10-00086,Ornamental,NA,NA,0.033,0.014,0.202,0.017,0.05,0.662,0.012,0.01,M. sinensis  'Silberfeil (Silver Arrow)',M. sinensis,69,241,2,2017,1.186434289,94.63793517,1.228654698,0.859527611,3.426120123,14.56131682,NA,5.085773247
UI10-00086,Ornamental,NA,NA,0.033,0.014,0.202,0.017,0.05,0.662,0.012,0.01,M. sinensis  'Silberfeil (Silver Arrow)',M. sinensis,69,444,3,2017,NA,NA,NA,NA,NA,NA,NA,NA
UI10-00086,Ornamental,NA,NA,0.033,0.014,0.202,0.017,0.05,0.662,0.012,0.01,M. sinensis  'Silberfeil (Silver Arrow)',M. sinensis,69,241,2,2018,-0.010042764,86.14871424,0.920357635,0.522022021,2.971203683,14.89590441,3.540959324,5.239475255
UI10-00086,Ornamental,NA,NA,0.033,0.014,0.202,0.017,0.05,0.662,0.012,0.01,M. sinensis  'Silberfeil (Silver Arrow)',M. sinensis,69,603,4,2018,0.741511974,96.33340642,0.843609986,0.921768497,3.426120123,16.42875926,3.749504076,5.965747285
UI10-00087,Ornamental,NA,NA,0.024,0.011,0.228,0.03,0.068,0.621,0.004,0.013,M. sinensis  'Silberspinne (Silver Spider)',M. sinensis,70,426,3,2018,NA,NA,NA,NA,NA,NA,NA,NA
UI10-00087,Ornamental,NA,NA,0.024,0.011,0.228,0.03,0.068,0.621,0.004,0.013,M. sinensis  'Silberspinne (Silver Spider)',M. sinensis,70,547,4,2017,-0.183749765,89.54683697,0.743491775,0,2.431354221,13.09986142,NA,3.864329085
UI10-00087,Ornamental,NA,NA,0.024,0.011,0.228,0.03,0.068,0.621,0.004,0.013,M. sinensis  'Silberspinne (Silver Spider)',M. sinensis,70,426,3,2017,NA,NA,NA,NA,NA,NA,NA,NA
UI10-00087,Ornamental,NA,NA,0.024,0.011,0.228,0.03,0.068,0.621,0.004,0.013,M. sinensis  'Silberspinne (Silver Spider)',M. sinensis,70,547,4,2018,NA,NA,NA,NA,NA,12.27608585,1.609437912,2.435911208
UI10-00087,Ornamental,NA,NA,0.024,0.011,0.228,0.03,0.068,0.621,0.004,0.013,M. sinensis  'Silberspinne (Silver Spider)',M. sinensis,70,190,2,2018,NA,NA,NA,NA,NA,NA,NA,NA
UI10-00087,Ornamental,NA,NA,0.024,0.011,0.228,0.03,0.068,0.621,0.004,0.013,M. sinensis  'Silberspinne (Silver Spider)',M. sinensis,70,190,2,2017,NA,NA,NA,NA,NA,NA,NA,NA
UI10-00087,Ornamental,NA,NA,0.024,0.011,0.228,0.03,0.068,0.621,0.004,0.013,M. sinensis  'Silberspinne (Silver Spider)',M. sinensis,70,111,1,2018,NA,NA,NA,NA,NA,NA,NA,NA
UI10-00087,Ornamental,NA,NA,0.024,0.011,0.228,0.03,0.068,0.621,0.004,0.013,M. sinensis  'Silberspinne (Silver Spider)',M. sinensis,70,111,1,2017,NA,NA,NA,NA,NA,NA,NA,NA
UI10-00088,Ornamental,NA,NA,0.002,0.004,0.704,0.076,0.046,0.161,0.001,0.005,M. sinensis  'Silberturm (Silver Tower)',M. sinensis,71,586,4,2018,1.565378894,112.1230244,1.477993008,1.070457412,2.431354221,16.61814482,3.555348061,5.545115101
UI10-00088,Ornamental,NA,NA,0.002,0.004,0.704,0.076,0.046,0.161,0.001,0.005,M. sinensis  'Silberturm (Silver Tower)',M. sinensis,71,18,1,2018,2.271108922,120.2770859,1.570935705,1.352815707,3.823100012,18.19878201,3.983413002,7.203860955
UI10-00088,Ornamental,NA,NA,0.002,0.004,0.704,0.076,0.046,0.161,0.001,0.005,M. sinensis  'Silberturm (Silver Tower)',M. sinensis,71,482,3,2017,2.492350953,138.5038093,1.693660718,1.008201351,3.630709444,17.07853486,NA,6.720926139
UI10-00088,Ornamental,NA,NA,0.002,0.004,0.704,0.076,0.046,0.161,0.001,0.005,M. sinensis  'Silberturm (Silver Tower)',M. sinensis,71,215,2,2017,NA,NA,NA,NA,NA,NA,NA,NA
UI10-00088,Ornamental,NA,NA,0.002,0.004,0.704,0.076,0.046,0.161,0.001,0.005,M. sinensis  'Silberturm (Silver Tower)',M. sinensis,71,18,1,2017,2.884543353,133.74306,1.810901082,1.080502802,4.177589711,17.94921018,NA,7.155463761
UI10-00088,Ornamental,NA,NA,0.002,0.004,0.704,0.076,0.046,0.161,0.001,0.005,M. sinensis  'Silberturm (Silver Tower)',M. sinensis,71,482,3,2018,2.134285403,132.3420252,1.520897375,1.03379852,3.823100012,17.86489095,3.80666249,6.989447061
UI10-00088,Ornamental,NA,NA,0.002,0.004,0.704,0.076,0.046,0.161,0.001,0.005,M. sinensis  'Silberturm (Silver Tower)',M. sinensis,71,586,4,2017,2.128055609,132.9024842,1.662233692,0.971558298,3.426120123,16.61814482,NA,5.545115101
UI10-00088,Ornamental,NA,NA,0.002,0.004,0.704,0.076,0.046,0.161,0.001,0.005,M. sinensis  'Silberturm (Silver Tower)',M. sinensis,71,215,2,2018,NA,NA,NA,NA,NA,NA,NA,NA
UI10-00089,Ornamental,NA,NA,0.14,0.029,0.141,0.182,0.026,0.317,0.156,0.01,M. sinensis  'Sirene',M. sinensis,72,415,3,2017,0.963763236,94.07260748,1.309573445,0.372842075,3.207211175,14.09761029,NA,3.864329085
UI10-00089,Ornamental,NA,NA,0.14,0.029,0.141,0.182,0.026,0.317,0.156,0.01,M. sinensis  'Sirene',M. sinensis,72,50,1,2017,0.673768059,89.54683697,0.90630094,0.23877105,4.499350236,NA,NA,NA
UI10-00089,Ornamental,NA,NA,0.14,0.029,0.141,0.182,0.026,0.317,0.156,0.01,M. sinensis  'Sirene',M. sinensis,72,186,2,2018,NA,NA,NA,NA,NA,NA,NA,NA
UI10-00089,Ornamental,NA,NA,0.14,0.029,0.141,0.182,0.026,0.317,0.156,0.01,M. sinensis  'Sirene',M. sinensis,72,415,3,2018,0.935553224,100.851,1.857033311,0.727467461,2.971203683,14.3320989,3.349904087,5.299581665
UI10-00089,Ornamental,NA,NA,0.14,0.029,0.141,0.182,0.026,0.317,0.156,0.01,M. sinensis  'Sirene',M. sinensis,72,186,2,2017,NA,NA,NA,NA,NA,NA,NA,NA
UI10-00089,Ornamental,NA,NA,0.14,0.029,0.141,0.182,0.026,0.317,0.156,0.01,M. sinensis  'Sirene',M. sinensis,72,50,1,2018,NA,NA,NA,NA,NA,NA,NA,NA
UI10-00089,Ornamental,NA,NA,0.14,0.029,0.141,0.182,0.026,0.317,0.156,0.01,M. sinensis  'Sirene',M. sinensis,72,601,4,2017,1.225410962,78.77425389,0.981405162,1.008201351,3.207211175,13.48609704,NA,3.864329085
UI10-00089,Ornamental,NA,NA,0.14,0.029,0.141,0.182,0.026,0.317,0.156,0.01,M. sinensis  'Sirene',M. sinensis,72,601,4,2018,0.784797806,69.10397828,1.074184403,0.921768497,2.714342776,10.87592695,1.945910149,2.750715947
UI10-00090,Ornamental,NA,NA,0.063,0.027,0.275,0.066,0.041,0.437,0.083,0.008,M. sinensis  'Stardust',M. sinensis,73,197,2,2018,NA,NA,NA,NA,NA,NA,NA,NA
UI10-00090,Ornamental,NA,NA,0.063,0.027,0.275,0.066,0.041,0.437,0.083,0.008,M. sinensis  'Stardust',M. sinensis,73,197,2,2017,NA,NA,NA,NA,NA,NA,NA,NA
UI10-00090,Ornamental,NA,NA,0.063,0.027,0.275,0.066,0.041,0.437,0.083,0.008,M. sinensis  'Stardust',M. sinensis,73,352,3,2018,NA,NA,NA,NA,NA,NA,NA,NA
UI10-00090,Ornamental,NA,NA,0.063,0.027,0.275,0.066,0.041,0.437,0.083,0.008,M. sinensis  'Stardust',M. sinensis,73,79,1,2018,NA,NA,NA,NA,NA,NA,NA,NA
UI10-00090,Ornamental,NA,NA,0.063,0.027,0.275,0.066,0.041,0.437,0.083,0.008,M. sinensis  'Stardust',M. sinensis,73,581,4,2018,NA,94.07260748,1.370115908,0.584963163,3.630709444,19.82145188,NA,4.482321259
UI10-00090,Ornamental,NA,NA,0.063,0.027,0.275,0.066,0.041,0.437,0.083,0.008,M. sinensis  'Stardust',M. sinensis,73,79,1,2017,NA,NA,NA,NA,NA,NA,NA,NA
UI10-00090,Ornamental,NA,NA,0.063,0.027,0.275,0.066,0.041,0.437,0.083,0.008,M. sinensis  'Stardust',M. sinensis,73,352,3,2017,NA,NA,NA,NA,NA,NA,NA,NA
UI10-00090,Ornamental,NA,NA,0.063,0.027,0.275,0.066,0.041,0.437,0.083,0.008,M. sinensis  'Stardust',M. sinensis,73,581,4,2017,0.991394345,105.6453249,1.228654698,0.23877105,4.342092761,23.84936722,NA,5.665239657
UI10-00092,Ornamental,NA,NA,0.015,0.013,0.416,0.12,0.03,0.383,0.01,0.012,M. sinensis  'Strictus',M. sinensis,74,616,4,2017,0.513513109,90.11286969,0.348051879,0.28414238,3.630709444,11.5267179,NA,2.370149007
UI10-00092,Ornamental,NA,NA,0.015,0.013,0.416,0.12,0.03,0.383,0.01,0.012,M. sinensis  'Strictus',M. sinensis,74,472,3,2017,0.656265006,95.2031772,1.228654698,0.23877105,3.207211175,9.788816859,NA,NA
UI10-00092,Ornamental,NA,NA,0.015,0.013,0.416,0.12,0.03,0.383,0.01,0.012,M. sinensis  'Strictus',M. sinensis,74,472,3,2018,1.374749802,127.8561564,1.689764521,1.266534195,2.431354221,10.35128898,2.302585093,1.499909875
UI10-00092,Ornamental,NA,NA,0.015,0.013,0.416,0.12,0.03,0.383,0.01,0.012,M. sinensis  'Strictus',M. sinensis,74,335,2,2018,NA,NA,NA,NA,NA,NA,NA,NA
UI10-00092,Ornamental,NA,NA,0.015,0.013,0.416,0.12,0.03,0.383,0.01,0.012,M. sinensis  'Strictus',M. sinensis,74,104,1,2017,1.027378707,116.6236135,1.423675786,0.459040834,3.207211175,13.09986142,NA,4.450731005
UI10-00092,Ornamental,NA,NA,0.015,0.013,0.416,0.12,0.03,0.383,0.01,0.012,M. sinensis  'Strictus',M. sinensis,74,335,2,2017,NA,NA,NA,NA,NA,NA,NA,NA
UI10-00092,Ornamental,NA,NA,0.015,0.013,0.416,0.12,0.03,0.383,0.01,0.012,M. sinensis  'Strictus',M. sinensis,74,104,1,2018,1.681679387,125.6117283,1.689764521,1.266534195,2.714342776,13.48609704,3.295836866,5.375171947
UI10-00092,Ornamental,NA,NA,0.015,0.013,0.416,0.12,0.03,0.383,0.01,0.012,M. sinensis  'Strictus',M. sinensis,74,616,4,2018,0.708080771,106.4908017,1.351407462,0.687340624,2.971203683,9.788816859,2.251291799,3.052683025
UI10-00094,Ornamental,NA,NA,0.015,0.007,0.434,0.161,0.029,0.343,0.003,0.007,M. sinensis  'Super Stripe',M. sinensis,75,566,4,2018,1.182475736,143.5400691,1.611500118,1.070457412,2.971203683,11.83422853,3.17805383,5.52919276
UI10-00094,Ornamental,NA,NA,0.015,0.007,0.434,0.161,0.029,0.343,0.003,0.007,M. sinensis  'Super Stripe',M. sinensis,75,77,1,2018,NA,NA,NA,NA,NA,NA,NA,NA
UI10-00094,Ornamental,NA,NA,0.015,0.007,0.434,0.161,0.029,0.343,0.003,0.007,M. sinensis  'Super Stripe',M. sinensis,75,566,4,2017,1.058101069,136.8240278,0.931760078,0.28414238,3.426120123,16.1386678,NA,3.864329085
UI10-00094,Ornamental,NA,NA,0.015,0.007,0.434,0.161,0.029,0.343,0.003,0.007,M. sinensis  'Super Stripe',M. sinensis,75,452,3,2018,NA,NA,NA,NA,NA,NA,NA,NA
UI10-00094,Ornamental,NA,NA,0.015,0.007,0.434,0.161,0.029,0.343,0.003,0.007,M. sinensis  'Super Stripe',M. sinensis,75,77,1,2017,NA,NA,NA,NA,NA,NA,NA,NA
UI10-00094,Ornamental,NA,NA,0.015,0.007,0.434,0.161,0.029,0.343,0.003,0.007,M. sinensis  'Super Stripe',M. sinensis,75,452,3,2017,NA,NA,NA,NA,NA,NA,NA,NA
UI10-00094,Ornamental,NA,NA,0.015,0.007,0.434,0.161,0.029,0.343,0.003,0.007,M. sinensis  'Super Stripe',M. sinensis,75,251,2,2018,NA,NA,NA,NA,NA,NA,NA,NA
UI10-00094,Ornamental,NA,NA,0.015,0.007,0.434,0.161,0.029,0.343,0.003,0.007,M. sinensis  'Super Stripe',M. sinensis,75,251,2,2017,NA,NA,NA,NA,NA,NA,NA,NA
UI10-00096,Ornamental,NA,NA,0.123,0.032,0.166,0.127,0.022,0.408,0.113,0.011,M. sinensis  'Undine',M. sinensis,76,120,1,2017,-0.030389731,82.74719077,0.743491775,0.542969345,2.714342776,10.70484862,NA,3.110766166
UI10-00096,Ornamental,NA,NA,0.123,0.032,0.166,0.127,0.022,0.408,0.113,0.011,M. sinensis  'Undine',M. sinensis,76,538,4,2018,-0.115521215,94.63793517,0.830418858,0.479382808,2.714342776,10.53004226,2.251291799,3.523173989
UI10-00096,Ornamental,NA,NA,0.123,0.032,0.166,0.127,0.022,0.408,0.113,0.011,M. sinensis  'Undine',M. sinensis,76,120,1,2018,0.352597834,94.63793517,1.028508659,0.479382808,2.714342776,12.27608585,2.803360381,4.214941889
UI10-00096,Ornamental,NA,NA,0.123,0.032,0.166,0.127,0.022,0.408,0.113,0.011,M. sinensis  'Undine',M. sinensis,76,227,2,2017,-0.104532321,94.35528206,0.799811293,0.192667703,3.426120123,13.48609704,NA,4.450731005
UI10-00096,Ornamental,NA,NA,0.123,0.032,0.166,0.127,0.022,0.408,0.113,0.011,M. sinensis  'Undine',M. sinensis,76,387,3,2018,NA,99.15751686,0.856683069,0.921768497,2.714342776,12.83334578,2.944438979,4.961956689
UI10-00096,Ornamental,NA,NA,0.123,0.032,0.166,0.127,0.022,0.408,0.113,0.011,M. sinensis  'Undine',M. sinensis,76,538,4,2017,-0.507293131,64.54166477,0.854024565,0.459040834,3.207211175,9.980955389,NA,1.814922059
UI10-00096,Ornamental,NA,NA,0.123,0.032,0.166,0.127,0.022,0.408,0.113,0.011,M. sinensis  'Undine',M. sinensis,76,227,2,2018,0,79.34212116,0.981405162,0.584963163,1.751286756,13.61147808,2.2300144,2.927724525
UI10-00096,Ornamental,NA,NA,0.123,0.032,0.166,0.127,0.022,0.408,0.113,0.011,M. sinensis  'Undine',M. sinensis,76,387,3,2017,0.520063392,91.95185664,0.827170108,0.28414238,2.714342776,13.73526989,NA,4.00242648
UI10-00097,Ornamental,NA,NA,0.036,0.011,0.208,0.025,0.041,0.659,0.007,0.013,M. sinensis  'Variegatus',M. sinensis,79,22,1,2017,-0.072177134,58.54114358,1.228654698,0.23877105,2.431354221,11.98398769,NA,3.110766166
UI10-00097,Ornamental,NA,NA,0.036,0.011,0.208,0.025,0.041,0.659,0.007,0.013,M. sinensis  'Variegatus',M. sinensis,79,22,1,2018,-0.431677015,69.10397828,0.676770883,-0.035046226,2.714342776,12.69717631,2.681021529,3.4795834
UI10-00097,Ornamental,NA,NA,0.036,0.011,0.208,0.025,0.041,0.659,0.007,0.013,M. sinensis  'Variegatus',M. sinensis,79,289,2,2018,-0.69500868,54.5322536,0.537388619,0.090569175,2.971203683,10.70484862,2.197224577,2.740956556
UI10-00097,Ornamental,NA,NA,0.036,0.011,0.208,0.025,0.041,0.659,0.007,0.013,M. sinensis  'Variegatus',M. sinensis,79,407,3,2017,0.299188825,73.65868856,0.799811293,0,2.971203683,13.48609704,NA,4.311226649
UI10-00097,Ornamental,NA,NA,0.036,0.011,0.208,0.025,0.041,0.659,0.007,0.013,M. sinensis  'Variegatus',M. sinensis,79,289,2,2017,0.141237239,76.50174057,0.90630094,0.23877105,2.431354221,10.35128898,NA,2.821618222
UI10-00097,Ornamental,NA,NA,0.036,0.011,0.208,0.025,0.041,0.659,0.007,0.013,M. sinensis  'Variegatus',M. sinensis,79,407,3,2018,0.425113799,91.81042945,1.14022367,0.457850216,2.971203683,13.73526989,2.772588722,4.326630695
UI10-00097,Ornamental,NA,NA,0.036,0.011,0.208,0.025,0.041,0.659,0.007,0.013,M. sinensis  'Variegatus',M. sinensis,79,559,4,2017,0.949732239,109.3078347,0.931760078,0.394616555,3.207211175,11.83422853,NA,4.311226649
UI10-00097,Ornamental,NA,NA,0.036,0.011,0.208,0.025,0.041,0.659,0.007,0.013,M. sinensis  'Variegatus',M. sinensis,79,559,4,2018,0.842082245,103.6718747,1.150958392,0.605683942,2.714342776,12.13123799,3.17805383,5.393326033
UI10-00099,Ornamental,NA,NA,0.097,0.02,0.176,0.121,0.033,0.439,0.108,0.005,M. sinensis  'Wetterfahne',M. sinensis,80,471,3,2018,-1.757585149,26.68419983,0.601053494,-0.613249089,2.431354221,8.277928994,1.386294361,3.443839932
UI10-00099,Ornamental,NA,NA,0.097,0.02,0.176,0.121,0.033,0.439,0.108,0.005,M. sinensis  'Wetterfahne',M. sinensis,80,587,4,2018,NA,NA,NA,NA,NA,NA,NA,NA
UI10-00099,Ornamental,NA,NA,0.097,0.02,0.176,0.121,0.033,0.439,0.108,0.005,M. sinensis  'Wetterfahne',M. sinensis,80,264,2,2018,0.048969137,64.54166477,1.203538337,0.436171136,2.714342776,7.230482893,1.504077397,1.771531856
UI10-00099,Ornamental,NA,NA,0.097,0.02,0.176,0.121,0.033,0.439,0.108,0.005,M. sinensis  'Wetterfahne',M. sinensis,80,114,1,2017,0.243353249,98.59285992,1.098777047,0,2.971203683,15.00510389,NA,3.365722246
UI10-00099,Ornamental,NA,NA,0.097,0.02,0.176,0.121,0.033,0.439,0.108,0.005,M. sinensis  'Wetterfahne',M. sinensis,80,114,1,2018,0.991394345,109.8710185,1.486665051,1.070457412,2.971203683,13.48609704,2.674148649,4.559111542
UI10-00099,Ornamental,NA,NA,0.097,0.02,0.176,0.121,0.033,0.439,0.108,0.005,M. sinensis  'Wetterfahne',M. sinensis,80,587,4,2017,-0.971335952,41.59293652,0.26936976,-0.634437187,2.971203683,13.09986142,NA,NA
UI10-00099,Ornamental,NA,NA,0.097,0.02,0.176,0.121,0.033,0.439,0.108,0.005,M. sinensis  'Wetterfahne',M. sinensis,80,471,3,2017,0.259567932,96.89839465,0.99356259,0.28414238,2.971203683,9.788816859,NA,1.712751279
UI10-00099,Ornamental,NA,NA,0.097,0.02,0.176,0.121,0.033,0.439,0.108,0.005,M. sinensis  'Wetterfahne',M. sinensis,80,264,2,2017,-0.126615565,82.74719077,0.931760078,0.23877105,3.426120123,7.776100575,NA,1.560048023
UI10-00100,Ornamental,NA,NA,0.017,0.005,0.225,0.017,0.104,0.624,0.002,0.007,M. sinensis  'Yaku Jima',M. sinensis,81,46,1,2017,NA,NA,NA,NA,NA,NA,NA,NA
UI10-00100,Ornamental,NA,NA,0.017,0.005,0.225,0.017,0.104,0.624,0.002,0.007,M. sinensis  'Yaku Jima',M. sinensis,81,450,3,2018,NA,NA,NA,NA,NA,NA,NA,NA
UI10-00100,Ornamental,NA,NA,0.017,0.005,0.225,0.017,0.104,0.624,0.002,0.007,M. sinensis  'Yaku Jima',M. sinensis,81,308,2,2017,NA,NA,NA,NA,NA,NA,NA,NA
UI10-00100,Ornamental,NA,NA,0.017,0.005,0.225,0.017,0.104,0.624,0.002,0.007,M. sinensis  'Yaku Jima',M. sinensis,81,46,1,2018,NA,NA,NA,NA,NA,NA,NA,NA
UI10-00100,Ornamental,NA,NA,0.017,0.005,0.225,0.017,0.104,0.624,0.002,0.007,M. sinensis  'Yaku Jima',M. sinensis,81,597,4,2017,NA,NA,NA,NA,NA,NA,NA,NA
UI10-00100,Ornamental,NA,NA,0.017,0.005,0.225,0.017,0.104,0.624,0.002,0.007,M. sinensis  'Yaku Jima',M. sinensis,81,450,3,2017,NA,NA,NA,NA,NA,NA,NA,NA
UI10-00100,Ornamental,NA,NA,0.017,0.005,0.225,0.017,0.104,0.624,0.002,0.007,M. sinensis  'Yaku Jima',M. sinensis,81,597,4,2018,NA,NA,NA,NA,NA,NA,NA,NA
UI10-00100,Ornamental,NA,NA,0.017,0.005,0.225,0.017,0.104,0.624,0.002,0.007,M. sinensis  'Yaku Jima',M. sinensis,81,308,2,2018,NA,NA,NA,NA,NA,NA,NA,NA
UI10-00101,Ornamental,NA,NA,0.018,0.004,0.233,0.01,0.1,0.62,0.007,0.008,M. sinensis  'Yaku Jima Dwarf',M. sinensis,82,224,2,2018,-0.030389731,71.95153089,0.993320407,0.522022021,1.320325802,14.44734746,2.509599262,3.488055317
UI10-00101,Ornamental,NA,NA,0.018,0.004,0.233,0.01,0.1,0.62,0.007,0.008,M. sinensis  'Yaku Jima Dwarf',M. sinensis,82,610,4,2018,0.486967691,103.9538542,0.993320407,0.479382808,2.714342776,16.1386678,4.154969184,6.97532393
UI10-00101,Ornamental,NA,NA,0.018,0.004,0.233,0.01,0.1,0.62,0.007,0.008,M. sinensis  'Yaku Jima Dwarf',M. sinensis,82,371,3,2018,0.877286229,100.851,1.182720624,0.707460561,2.431354221,15.22019227,4.000033883,6.626083502
UI10-00101,Ornamental,NA,NA,0.018,0.004,0.233,0.01,0.1,0.62,0.007,0.008,M. sinensis  'Yaku Jima Dwarf',M. sinensis,82,136,1,2018,0.940296219,98.87519862,0.920357635,0.786831499,2.971203683,14.89590441,3.713572067,5.720974004
UI10-00101,Ornamental,NA,NA,0.018,0.004,0.233,0.01,0.1,0.62,0.007,0.008,M. sinensis  'Yaku Jima Dwarf',M. sinensis,82,371,3,2017,1.117545937,99.72209221,0.880395113,0.416238758,2.114445816,15.43105417,NA,5.688504089
UI10-00101,Ornamental,NA,NA,0.018,0.004,0.233,0.01,0.1,0.62,0.007,0.008,M. sinensis  'Yaku Jima Dwarf',M. sinensis,82,610,4,2017,1.142254265,114.3738816,1.228654698,0.859527611,2.714342776,16.1386678,NA,6.769214395
UI10-00101,Ornamental,NA,NA,0.018,0.004,0.233,0.01,0.1,0.62,0.007,0.008,M. sinensis  'Yaku Jima Dwarf',M. sinensis,82,224,2,2017,0.123344796,85.5820336,0.827170108,0.192667703,2.114445816,14.44734746,NA,3.110766166
UI10-00101,Ornamental,NA,NA,0.018,0.004,0.233,0.01,0.1,0.62,0.007,0.008,M. sinensis  'Yaku Jima Dwarf',M. sinensis,82,136,1,2017,1.174524524,113.8112737,0.931760078,0.437712346,2.714342776,14.67404326,NA,6.110460544
UI10-00102,Ornamental,NA,NA,0.008,0.005,0.676,0.183,0.02,0.093,0.006,0.008,M. sinensis  'Zebrinus',M. sinensis,83,346,3,2017,2.947242713,143.5400691,1.597539554,1.116181213,4.00495146,15.32613804,NA,5.554168699
UI10-00102,Ornamental,NA,NA,0.008,0.005,0.676,0.183,0.02,0.093,0.006,0.008,M. sinensis  'Zebrinus',M. sinensis,83,262,2,2017,NA,NA,NA,NA,NA,NA,NA,NA
UI10-00102,Ornamental,NA,NA,0.008,0.005,0.676,0.183,0.02,0.093,0.006,0.008,M. sinensis  'Zebrinus',M. sinensis,83,262,2,2018,NA,NA,NA,NA,NA,NA,NA,NA
UI10-00102,Ornamental,NA,NA,0.008,0.005,0.676,0.183,0.02,0.093,0.006,0.008,M. sinensis  'Zebrinus',M. sinensis,83,676,4,2017,2.310492029,169.2139722,1.630202238,0.897233238,4.499350236,15.11319016,NA,7.279161352
UI10-00102,Ornamental,NA,NA,0.008,0.005,0.676,0.183,0.02,0.093,0.006,0.008,M. sinensis  'Zebrinus',M. sinensis,83,676,4,2018,2.55239457,162.5266563,1.884517292,1.283924804,4.342092761,15.53496627,3.979681654,7.211264448
UI10-00102,Ornamental,NA,NA,0.008,0.005,0.676,0.183,0.02,0.093,0.006,0.008,M. sinensis  'Zebrinus',M. sinensis,83,45,1,2017,NA,NA,NA,NA,NA,NA,NA,NA
UI10-00102,Ornamental,NA,NA,0.008,0.005,0.676,0.183,0.02,0.093,0.006,0.008,M. sinensis  'Zebrinus',M. sinensis,83,346,3,2018,2.306783223,137.94394,2.047066871,1.666791332,2.971203683,15.84091971,3.951243719,6.316845086
UI10-00102,Ornamental,NA,NA,0.008,0.005,0.676,0.183,0.02,0.093,0.006,0.008,M. sinensis  'Zebrinus',M. sinensis,83,45,1,2018,NA,NA,NA,NA,NA,NA,NA,NA
UI10-00104,Ornamental,NA,NA,0.122,0.022,0.215,0.17,0.027,0.277,0.159,0.009,M. sinensis  'Zwergzebra',M. sinensis,84,296,2,2017,0.158867111,83.45612891,0.854024565,0.169328229,3.207211175,16.1386678,NA,2.812472231
UI10-00104,Ornamental,NA,NA,0.122,0.022,0.215,0.17,0.027,0.277,0.159,0.009,M. sinensis  'Zwergzebra',M. sinensis,84,81,1,2018,-0.268864896,87.28179283,0.869640459,0.139161771,2.431354221,15.11319016,1.30833282,1.76040405
UI10-00104,Ornamental,NA,NA,0.122,0.022,0.215,0.17,0.027,0.277,0.159,0.009,M. sinensis  'Zwergzebra',M. sinensis,84,81,1,2017,-0.713837497,68.24913942,0.743491775,0,2.714342776,14.78556143,NA,3.369569173
UI10-00104,Ornamental,NA,NA,0.122,0.022,0.215,0.17,0.027,0.277,0.159,0.009,M. sinensis  'Zwergzebra',M. sinensis,84,671,4,2018,-0.923664243,61.11460739,0.364000627,-0.087127206,2.714342776,14.09761029,1.386294361,1.730151732
UI10-00104,Ornamental,NA,NA,0.122,0.022,0.215,0.17,0.027,0.277,0.159,0.009,M. sinensis  'Zwergzebra',M. sinensis,84,344,3,2017,0.446071947,69.67372225,0.931760078,0.306565909,3.207211175,16.23619032,NA,2.951636824
UI10-00104,Ornamental,NA,NA,0.122,0.022,0.215,0.17,0.027,0.277,0.159,0.009,M. sinensis  'Zwergzebra',M. sinensis,84,671,4,2017,0.685306703,100.851,0.956789491,0.372842075,3.630709444,14.89590441,NA,3.864329085
UI10-00104,Ornamental,NA,NA,0.122,0.022,0.215,0.17,0.027,0.277,0.159,0.009,M. sinensis  'Zwergzebra',M. sinensis,84,296,2,2018,0.158867111,81.75441856,0.957285807,0.564114473,2.971203683,15.63789894,2.00148,2.550331712
UI10-00104,Ornamental,NA,NA,0.122,0.022,0.215,0.17,0.027,0.277,0.159,0.009,M. sinensis  'Zwergzebra',M. sinensis,84,344,3,2018,0.210261813,92.65891003,1.062894019,0.707460561,2.971203683,16.52384141,2.251291799,3.718141605
UI10-00105,Ornamental,NA,NA,0.005,0.003,0.051,0.007,0.813,0.044,0.02,0.056,M. transmorrisonensis  'Arnin's Weeping',M. transmorrisonensis,93,535,4,2018,NA,NA,NA,NA,NA,NA,NA,NA
UI10-00105,Ornamental,NA,NA,0.005,0.003,0.051,0.007,0.813,0.044,0.02,0.056,M. transmorrisonensis  'Arnin's Weeping',M. transmorrisonensis,93,326,2,2018,NA,NA,NA,NA,NA,NA,NA,NA
UI10-00105,Ornamental,NA,NA,0.005,0.003,0.051,0.007,0.813,0.044,0.02,0.056,M. transmorrisonensis  'Arnin's Weeping',M. transmorrisonensis,93,423,3,2018,NA,NA,NA,NA,NA,NA,NA,NA
UI10-00105,Ornamental,NA,NA,0.005,0.003,0.051,0.007,0.813,0.044,0.02,0.056,M. transmorrisonensis  'Arnin's Weeping',M. transmorrisonensis,93,423,3,2017,NA,NA,NA,NA,NA,NA,NA,NA
UI10-00105,Ornamental,NA,NA,0.005,0.003,0.051,0.007,0.813,0.044,0.02,0.056,M. transmorrisonensis  'Arnin's Weeping',M. transmorrisonensis,93,21,1,2017,NA,NA,NA,NA,NA,NA,NA,NA
UI10-00105,Ornamental,NA,NA,0.005,0.003,0.051,0.007,0.813,0.044,0.02,0.056,M. transmorrisonensis  'Arnin's Weeping',M. transmorrisonensis,93,326,2,2017,NA,NA,NA,NA,NA,NA,NA,NA
UI10-00105,Ornamental,NA,NA,0.005,0.003,0.051,0.007,0.813,0.044,0.02,0.056,M. transmorrisonensis  'Arnin's Weeping',M. transmorrisonensis,93,535,4,2017,NA,NA,NA,NA,NA,NA,NA,NA
UI10-00105,Ornamental,NA,NA,0.005,0.003,0.051,0.007,0.813,0.044,0.02,0.056,M. transmorrisonensis  'Arnin's Weeping',M. transmorrisonensis,93,21,1,2018,NA,NA,NA,NA,NA,NA,NA,NA
UI10-00106,Ornamental,NA,NA,0.021,0.009,0.287,0.06,0.285,0.286,0.017,0.036,M. transmorrisonensis,M. transmorrisonensis,92,217,2,2018,0.019832067,71.09756938,0.748651638,0.370218724,1.751286756,10.70484862,1.504077397,2.056653432
UI10-00106,Ornamental,NA,NA,0.021,0.009,0.287,0.06,0.285,0.286,0.017,0.036,M. transmorrisonensis,M. transmorrisonensis,92,116,1,2018,NA,NA,NA,NA,NA,NA,NA,NA
UI10-00106,Ornamental,NA,NA,0.021,0.009,0.287,0.06,0.285,0.286,0.017,0.036,M. transmorrisonensis,M. transmorrisonensis,92,398,3,2018,NA,NA,NA,NA,NA,NA,NA,NA
UI10-00106,Ornamental,NA,NA,0.021,0.009,0.287,0.06,0.285,0.286,0.017,0.036,M. transmorrisonensis,M. transmorrisonensis,92,635,4,2018,0.679550218,100.851,1.14022367,0.845252971,2.971203683,8.277928994,2.351375257,3.195291019
UI10-00106,Ornamental,NA,NA,0.021,0.009,0.287,0.06,0.285,0.286,0.017,0.036,M. transmorrisonensis,M. transmorrisonensis,92,635,4,2017,0.077406981,72.52069606,0.228197763,0.06905073,3.207211175,13.48609704,NA,2.370149007
UI10-00106,Ornamental,NA,NA,0.021,0.009,0.287,0.06,0.285,0.286,0.017,0.036,M. transmorrisonensis,M. transmorrisonensis,92,116,1,2017,NA,NA,NA,NA,NA,NA,NA,NA
UI10-00106,Ornamental,NA,NA,0.021,0.009,0.287,0.06,0.285,0.286,0.017,0.036,M. transmorrisonensis,M. transmorrisonensis,92,217,2,2017,0.452980896,66.82380498,1.289731626,0.859527611,2.431354221,10.53004226,NA,2.099652913
UI10-00106,Ornamental,NA,NA,0.021,0.009,0.287,0.06,0.285,0.286,0.017,0.036,M. transmorrisonensis,M. transmorrisonensis,92,398,3,2017,NA,NA,NA,NA,NA,NA,NA,NA
UI10-00107,M. xgiganteus 3x,NA,NA,0.001,0.002,0.114,0.004,0.003,0.298,0.575,0.002,M. ×giganteus  'Illinois',M. ×giganteus,7,167,1,2017,2.457253861,143.8197279,2.225004372,1.026397857,4.177589711,25.4774289,NA,4.880738172
UI10-00107,M. xgiganteus 3x,NA,NA,0.001,0.002,0.114,0.004,0.003,0.298,0.575,0.002,M. ×giganteus  'Illinois',M. ×giganteus,7,431,3,2017,2.528319826,138.0839128,1.999156398,1.008201351,4.342092761,NA,NA,6.130485217
UI10-00107,M. xgiganteus 3x,NA,NA,0.001,0.002,0.114,0.004,0.003,0.298,0.575,0.002,M. ×giganteus  'Illinois',M. ×giganteus,7,518,4,2017,3.504135536,182.0127431,1.898648307,1.116181213,4.177589711,26.30723245,NA,8.165841866
UI10-00107,M. xgiganteus 3x,NA,NA,0.001,0.002,0.114,0.004,0.003,0.298,0.575,0.002,M. ×giganteus  'Illinois',M. ×giganteus,7,220,2,2017,3.001634702,163.6416883,2.201920819,1.116181213,4.177589711,25.32669961,NA,5.853945407
UI10-00107,M. xgiganteus 3x,NA,NA,0.001,0.002,0.114,0.004,0.003,0.298,0.575,0.002,M. ×giganteus  'Illinois',M. ×giganteus,7,220,2,2018,1.914099798,139.0636209,1.779092229,0.940662333,4.177589711,26.30723245,3.912023005,6.984757724
UI10-00107,M. xgiganteus 3x,NA,NA,0.001,0.002,0.114,0.004,0.003,0.298,0.575,0.002,M. ×giganteus  'Illinois',M. ×giganteus,7,518,4,2018,3.505960605,188.1256884,2.149590806,1.824328445,4.177589711,NA,4.219507705,8.680603474
UI10-00107,M. xgiganteus 3x,NA,NA,0.001,0.002,0.114,0.004,0.003,0.298,0.575,0.002,M. ×giganteus  'Illinois',M. ×giganteus,7,167,1,2018,1.55627093,130.0995827,1.611500118,0.370218724,4.650105857,NA,3.526360525,5.932123714
UI10-00107,M. xgiganteus 3x,NA,NA,0.001,0.002,0.114,0.004,0.003,0.298,0.575,0.002,M. ×giganteus  'Illinois',M. ×giganteus,7,431,3,2018,2.179223712,124.7698057,1.786327136,0.883702045,4.650105857,25.12359838,3.713572067,6.5939809
UI11-00009,Ornamental,NA,NA,0.093,0.029,0.156,0.254,0.027,0.288,0.139,0.014,M. sinensis  'Positano',M. sinensis,60,615,4,2017,0.176242657,90.11286969,0.854024565,0.23877105,2.714342776,13.73526989,NA,3.110766166
UI11-00009,Ornamental,NA,NA,0.093,0.029,0.156,0.254,0.027,0.288,0.139,0.014,M. sinensis  'Positano',M. sinensis,60,69,1,2018,0.506928789,87.28179283,1.182720624,0.727467461,2.714342776,14.56131682,1.704748092,2.394242741
UI11-00009,Ornamental,NA,NA,0.093,0.029,0.156,0.254,0.027,0.288,0.139,0.014,M. sinensis  'Positano',M. sinensis,60,502,3,2017,-0.172093201,73.94311696,0.309293794,0.145789256,2.714342776,13.09986142,NA,1.881888616
UI11-00009,Ornamental,NA,NA,0.093,0.029,0.156,0.254,0.027,0.288,0.139,0.014,M. sinensis  'Positano',M. sinensis,60,69,1,2017,0.852236131,105.3634612,0.90630094,0.23877105,2.431354221,14.56131682,NA,4.00242648
UI11-00009,Ornamental,NA,NA,0.093,0.029,0.156,0.254,0.027,0.288,0.139,0.014,M. sinensis  'Positano',M. sinensis,60,287,2,2017,0.158867111,73.08974832,0.771926293,0.192667703,1.751286756,12.69717631,NA,2.89019477
UI11-00009,Ornamental,NA,NA,0.093,0.029,0.156,0.254,0.027,0.288,0.139,0.014,M. sinensis  'Positano',M. sinensis,60,287,2,2018,NA,NA,NA,NA,NA,NA,NA,NA
UI11-00009,Ornamental,NA,NA,0.093,0.029,0.156,0.254,0.027,0.288,0.139,0.014,M. sinensis  'Positano',M. sinensis,60,502,3,2018,-0.507293131,58.54114358,0.646969914,0.210460617,1.751286756,10.35128898,1.098612289,1.490348718
UI11-00009,Ornamental,NA,NA,0.093,0.029,0.156,0.254,0.027,0.288,0.139,0.014,M. sinensis  'Positano',M. sinensis,60,615,4,2018,-0.347301573,83.88141851,1.040057611,0.279997727,2.431354221,14.21553314,2.197224577,3.511214489
UI11-00024,Ornamental,NA,NA,0.006,0.002,0.497,0.084,0.02,0.385,0.001,0.005,M. sinensis  'Flamingo',M. sinensis,31,292,2,2018,1.318341708,133.74306,1.379388314,1.266534195,2.714342776,17.43436257,2.48490665,4.311226649
UI11-00024,Ornamental,NA,NA,0.006,0.002,0.497,0.084,0.02,0.385,0.001,0.005,M. sinensis  'Flamingo',M. sinensis,31,389,3,2018,2.179223712,161.4114293,2.390634394,1.931837304,2.971203683,16.80448032,3.17805383,5.636345208
UI11-00024,Ornamental,NA,NA,0.006,0.002,0.497,0.084,0.02,0.385,0.001,0.005,M. sinensis  'Flamingo',M. sinensis,31,585,4,2017,2.201216472,163.6416883,1.678021153,1.116181213,3.630709444,17.5216959,NA,6.2750572
UI11-00024,Ornamental,NA,NA,0.006,0.002,0.497,0.084,0.02,0.385,0.001,0.005,M. sinensis  'Flamingo',M. sinensis,31,102,1,2017,1.083894321,116.904752,1.228654698,0.859527611,2.971203683,15.22019227,NA,3.864329085
UI11-00024,Ornamental,NA,NA,0.006,0.002,0.497,0.084,0.02,0.385,0.001,0.005,M. sinensis  'Flamingo',M. sinensis,31,585,4,2018,1.52237676,154.7158929,1.469274277,1.070457412,3.207211175,17.43436257,3.295836866,5.873858682
UI11-00024,Ornamental,NA,NA,0.006,0.002,0.497,0.084,0.02,0.385,0.001,0.005,M. sinensis  'Flamingo',M. sinensis,31,102,1,2018,1.278209304,130.940613,1.60346668,1.178526254,2.431354221,16.33288141,2.772588722,4.595653652
UI11-00024,Ornamental,NA,NA,0.006,0.002,0.497,0.084,0.02,0.385,0.001,0.005,M. sinensis  'Flamingo',M. sinensis,31,292,2,2017,1.812676253,135.4238092,1.597539554,1.555303408,2.714342776,17.94921018,NA,4.631064052
UI11-00024,Ornamental,NA,NA,0.006,0.002,0.497,0.084,0.02,0.385,0.001,0.005,M. sinensis  'Flamingo',M. sinensis,31,389,3,2017,2.539599114,168.6569568,1.898648307,1.186639666,3.426120123,17.43436257,NA,5.227716097
UI12-00001,Ornamental,NA,NA,0.134,0.027,0.2,0.165,0.032,0.272,0.155,0.015,Miscanthus sinensis  'Zwergelefant',M. sinensis,95,637,4,2018,-0.539072849,69.10397828,0.882484435,0.015949179,2.714342776,14.21553314,2.079441542,3.169531868
UI12-00001,Ornamental,NA,NA,0.134,0.027,0.2,0.165,0.032,0.272,0.155,0.015,Miscanthus sinensis  'Zwergelefant',M. sinensis,95,329,2,2017,0.299188825,83.31435353,0.880395113,0.28414238,3.207211175,14.44734746,NA,2.231351607
UI12-00001,Ornamental,NA,NA,0.134,0.027,0.2,0.165,0.032,0.272,0.155,0.015,Miscanthus sinensis  'Zwergelefant',M. sinensis,95,354,3,2018,0.123344796,80.47754786,1.085391462,0.522022021,2.714342776,15.73987585,2.197224577,2.909766472
UI12-00001,Ornamental,NA,NA,0.134,0.027,0.2,0.165,0.032,0.272,0.155,0.015,Miscanthus sinensis  'Zwergelefant',M. sinensis,95,329,2,2018,-0.996046233,59.97118995,0.521005525,-0.140379229,2.714342776,14.89590441,1.609437912,2.147528869
UI12-00001,Ornamental,NA,NA,0.134,0.027,0.2,0.165,0.032,0.272,0.155,0.015,Miscanthus sinensis  'Zwergelefant',M. sinensis,95,354,3,2017,-0.507293131,69.10397828,0.827170108,-0.634437187,3.207211175,16.98789027,NA,3.110766166
UI12-00001,Ornamental,NA,NA,0.134,0.027,0.2,0.165,0.032,0.272,0.155,0.015,Miscanthus sinensis  'Zwergelefant',M. sinensis,95,637,4,2017,-0.093646726,78.77425389,0.743491775,0.372842075,3.207211175,15.94105242,NA,2.572546213
UI12-00001,Ornamental,NA,NA,0.134,0.027,0.2,0.165,0.032,0.272,0.155,0.015,Miscanthus sinensis  'Zwergelefant',M. sinensis,95,76,1,2017,-0.996046233,55.96482487,0.788721707,0,2.431354221,14.44734746,NA,0.09542382
UI12-00001,Ornamental,NA,NA,0.134,0.027,0.2,0.165,0.032,0.272,0.155,0.015,Miscanthus sinensis  'Zwergelefant',M. sinensis,95,76,1,2018,0.176242657,82.17992953,1.062894019,0.727467461,2.114445816,9.788816859,0.916290732,1.793446552
UI12-00002,Ornamental,NA,NA,0.01,0.011,0.57,0.109,0.033,0.256,0.003,0.009,Miscanthus sinensis  'Malepartus',M. sinensis,94,589,4,2017,2.58551188,158.0645643,1.898648307,1.555303408,3.207211175,16.61814482,NA,7.012623865
UI12-00002,Ornamental,NA,NA,0.01,0.011,0.57,0.109,0.033,0.256,0.003,0.009,Miscanthus sinensis  'Malepartus',M. sinensis,94,234,2,2017,2.228767629,143.5400691,1.898648307,1.008201351,3.426120123,14.89590441,NA,5.809006831
UI12-00002,Ornamental,NA,NA,0.01,0.011,0.57,0.109,0.033,0.256,0.003,0.009,Miscanthus sinensis  'Malepartus',M. sinensis,94,589,4,2018,2.354334344,134.5835013,1.870830271,1.746165968,3.426120123,16.89654353,3.988984047,7.347326847
UI12-00002,Ornamental,NA,NA,0.01,0.011,0.57,0.109,0.033,0.256,0.003,0.009,Miscanthus sinensis  'Malepartus',M. sinensis,94,463,3,2017,2.377587211,146.895068,1.898648307,1.555303408,3.426120123,14.09761029,NA,5.402349458
UI12-00002,Ornamental,NA,NA,0.01,0.011,0.57,0.109,0.033,0.256,0.003,0.009,Miscanthus sinensis  'Malepartus',M. sinensis,94,463,3,2018,1.435639509,124.7698057,1.424960007,1.052169157,3.207211175,13.97828851,3.931825633,6.34122969
UI12-00002,Ornamental,NA,NA,0.01,0.011,0.57,0.109,0.033,0.256,0.003,0.009,Miscanthus sinensis  'Malepartus',M. sinensis,94,152,1,2018,1.86547789,127.8561564,1.800705077,1.335691907,3.207211175,14.09761029,3.713572067,6.168315981
UI12-00002,Ornamental,NA,NA,0.01,0.011,0.57,0.109,0.033,0.256,0.003,0.009,Miscanthus sinensis  'Malepartus',M. sinensis,94,234,2,2018,1.627587407,128.9779937,1.931583806,1.335691907,2.714342776,15.11319016,3.391147046,6.111106275
UI12-00002,Ornamental,NA,NA,0.01,0.011,0.57,0.109,0.033,0.256,0.003,0.009,Miscanthus sinensis  'Malepartus',M. sinensis,94,152,1,2017,1.956563132,132.6222623,1.228654698,0.23877105,3.207211175,14.21553314,NA,5.259858539
VA-2010-001-022,US naturalized,38.553,-77.356,0.036,0.019,0.231,0.025,0.046,0.626,0.006,0.012,VA-2010-001-022,M. sinensis,143,243,2,2017,NA,NA,NA,NA,NA,NA,NA,NA
VA-2010-001-022,US naturalized,38.553,-77.356,0.036,0.019,0.231,0.025,0.046,0.626,0.006,0.012,VA-2010-001-022,M. sinensis,143,99,1,2017,NA,NA,NA,NA,NA,NA,NA,NA
VA-2010-001-022,US naturalized,38.553,-77.356,0.036,0.019,0.231,0.025,0.046,0.626,0.006,0.012,VA-2010-001-022,M. sinensis,143,243,2,2018,NA,NA,NA,NA,NA,NA,NA,NA
VA-2010-001-022,US naturalized,38.553,-77.356,0.036,0.019,0.231,0.025,0.046,0.626,0.006,0.012,VA-2010-001-022,M. sinensis,143,475,3,2017,NA,NA,NA,NA,NA,NA,NA,NA
VA-2010-001-022,US naturalized,38.553,-77.356,0.036,0.019,0.231,0.025,0.046,0.626,0.006,0.012,VA-2010-001-022,M. sinensis,143,560,4,2017,NA,NA,NA,NA,NA,NA,NA,NA
VA-2010-001-022,US naturalized,38.553,-77.356,0.036,0.019,0.231,0.025,0.046,0.626,0.006,0.012,VA-2010-001-022,M. sinensis,143,99,1,2018,NA,NA,NA,NA,NA,NA,NA,NA
VA-2010-001-022,US naturalized,38.553,-77.356,0.036,0.019,0.231,0.025,0.046,0.626,0.006,0.012,VA-2010-001-022,M. sinensis,143,475,3,2018,NA,NA,NA,NA,NA,NA,NA,NA
VA-2010-001-022,US naturalized,38.553,-77.356,0.036,0.019,0.231,0.025,0.046,0.626,0.006,0.012,VA-2010-001-022,M. sinensis,143,560,4,2018,NA,NA,NA,NA,NA,NA,NA,NA
VA-2010-001-B(40)-e,US naturalized,38.553,-77.356,0.035,0.01,0.222,0.022,0.053,0.637,0.008,0.013,VA-2010-001-B(40)-e,M. sinensis,144,620,4,2018,NA,NA,NA,NA,NA,NA,NA,NA
VA-2010-001-B(40)-e,US naturalized,38.553,-77.356,0.035,0.01,0.222,0.022,0.053,0.637,0.008,0.013,VA-2010-001-B(40)-e,M. sinensis,144,154,1,2017,NA,NA,NA,NA,NA,NA,NA,NA
VA-2010-001-B(40)-e,US naturalized,38.553,-77.356,0.035,0.01,0.222,0.022,0.053,0.637,0.008,0.013,VA-2010-001-B(40)-e,M. sinensis,144,180,2,2017,NA,NA,NA,NA,NA,NA,NA,NA
VA-2010-001-B(40)-e,US naturalized,38.553,-77.356,0.035,0.01,0.222,0.022,0.053,0.637,0.008,0.013,VA-2010-001-B(40)-e,M. sinensis,144,356,3,2017,NA,NA,NA,NA,NA,NA,NA,NA
VA-2010-001-B(40)-e,US naturalized,38.553,-77.356,0.035,0.01,0.222,0.022,0.053,0.637,0.008,0.013,VA-2010-001-B(40)-e,M. sinensis,144,620,4,2017,NA,NA,NA,NA,NA,NA,NA,NA
VA-2010-001-B(40)-e,US naturalized,38.553,-77.356,0.035,0.01,0.222,0.022,0.053,0.637,0.008,0.013,VA-2010-001-B(40)-e,M. sinensis,144,154,1,2018,NA,NA,NA,NA,NA,NA,NA,NA
VA-2010-001-B(40)-e,US naturalized,38.553,-77.356,0.035,0.01,0.222,0.022,0.053,0.637,0.008,0.013,VA-2010-001-B(40)-e,M. sinensis,144,180,2,2018,NA,NA,NA,NA,NA,NA,NA,NA
VA-2010-001-B(40)-e,US naturalized,38.553,-77.356,0.035,0.01,0.222,0.022,0.053,0.637,0.008,0.013,VA-2010-001-B(40)-e,M. sinensis,144,356,3,2018,NA,NA,NA,NA,NA,NA,NA,NA
UI12-00005,Ornamental,NA,NA,NA,NA,NA,NA,NA,NA,NA,NA,M. sinensis  'Haiku',M. sinensis,42,558,4,2018,-0.555319646,87.28179283,0.164775739,0.139161771,1.751286756,10.70484862,2.014903021,3.093933211
UI12-00005,Ornamental,NA,NA,NA,NA,NA,NA,NA,NA,NA,NA,M. sinensis  'Haiku',M. sinensis,42,558,4,2017,0.513513109,86.14871424,1.386542223,0.416238758,2.714342776,12.83334578,NA,2.370149007
UI12-00005,Ornamental,NA,NA,NA,NA,NA,NA,NA,NA,NA,NA,M. sinensis  'Haiku',M. sinensis,42,27,1,2017,-1.60228138,39.71620015,0.236536239,0.23877105,2.714342776,NA,NA,0
UI12-00005,Ornamental,NA,NA,NA,NA,NA,NA,NA,NA,NA,NA,M. sinensis  'Haiku',M. sinensis,42,181,2,2017,NA,NA,NA,NA,NA,NA,NA,NA
UI12-00005,Ornamental,NA,NA,NA,NA,NA,NA,NA,NA,NA,NA,M. sinensis  'Haiku',M. sinensis,42,464,3,2017,-0.402831348,79.34212116,0.743491775,-0.634437187,2.431354221,12.27608585,NA,3.864329085
UI12-00005,Ornamental,NA,NA,NA,NA,NA,NA,NA,NA,NA,NA,M. sinensis  'Haiku',M. sinensis,42,27,1,2018,NA,NA,NA,NA,NA,NA,NA,NA
UI12-00005,Ornamental,NA,NA,NA,NA,NA,NA,NA,NA,NA,NA,M. sinensis  'Haiku',M. sinensis,42,181,2,2018,NA,NA,NA,NA,NA,NA,NA,NA
UI12-00005,Ornamental,NA,NA,NA,NA,NA,NA,NA,NA,NA,NA,M. sinensis  'Haiku',M. sinensis,42,464,3,2018,0.626555599,113.2485951,1.254393818,0.883702045,1.751286756,12.83334578,3.020424886,3.820156608