"","SNP","ID","Chromosome","Position","Trait.name","PS","Ind.SNP","SUPER","FarmCPU","mrMLM","rrBLUP","GLM","MAF.1.x","PVE.1.y","X","X.1","X.2","X.3","X.4","Gene","chr","start","end","width","strand","dis_start.positon","dis_positon.end"
"1","GFSSContig15563_263","CmN.1",9,58912474,"CmN","PS_Y(1)","124+36088im(1)","","","","","GLM(1)",0.1445,8.621,NA,"",NA,NA,"","Sobic.009G255100.5","Chr09",58910532,58914835,4304,"-",-1942,-2361
"2","GFSSContig17265_1038","CmD_LI_mm.1",6,49927748,"CmD_LI_mm","PS_N(1);PS_Y(1)","124+36088im(2)","","","mrMLM(2)","","",0.1516,21.62,NA,"",NA,NA,"","Sobic.006G136800.1","Chr06",49923688,49929393,5706,"+",-4060,-1645
"3","GFSSContig17477_775","CmN.2",2,67954599,"CmN","PS_Y(1)","124+36088im(1)","","","","","GLM(1)",0.05325,7.556,NA,"",NA,NA,"","Sobic.002G303700.1","Chr02",67951936,67955841,3906,"+",-2663,-1242
"4","GFSSContig17477_775","CmN.2",2,67954599,"CmN","PS_Y(1)","124+36088im(1)","","","","","GLM(1)",0.05325,7.556,NA,"",NA,NA,"","Sobic.002G303700.2","Chr02",67951734,67955841,4108,"+",-2865,-1242
"5","GFSSContig18221_1150","CCirc_cm.1",7,5395966,"CCirc_cm","PS_Y(4)","124+36088im(4)","","","FASTmrMLM(1);ISIS EM-BLASSO(1);mrMLM(1);pKWmEB(1)","","",0.4316,16.3,NA,"",NA,NA,"","Sobic.007G053100.1","Chr07",5393317,5400889,7573,"+",-2649,-4923
"6","GFSSContig18315_975","CmN.3",9,53976945,"CmN","PS_Y(2)","124+36088im(2)","CMLM+SUPER(1);MLM+SUPER(1)","","","","",0.2024,3.008,NA,"",NA,NA,"","Sobic.009G187100.1","Chr09",53975946,53977915,1970,"-",-999,-970
"7","GFSSContig19553_1853","Yld_kg.1",3,10802480,"Yld","PS_N(3)","124+36088im(3)","","","FASTmrMLM(1)mrMLM(1)pLARmEB(1)","","",0.4795,20.07,NA,"GFSSContig19553_1853",3,10802480,"GFSSContig19553_1853\3\10802480","Sobic.003G119400.1","Chr03",10802232,10806033,3802,"+",-248,-3553
"11","NsiI.TP127922","Cml_cm.1",4,54754163,"Cml_cm","PS_N(1)","124+36088im(1)","","FarmCPU(1)","","","",0.1785,0.106,NA,"",NA,NA,"","Sobic.004G196500.1","Chr04",54753647,54755468,1822,"+",-516,-1305
"12","NsiI.TP127922","Cml_cm.1",4,54754163,"Cml_cm","PS_N(1)","124+36088im(1)","","FarmCPU(1)","","","",0.1785,0.106,NA,"",NA,NA,"","Sobic.004G196500.1","Chr04",54753647,54755468,1822,"+",-516,-1305
"13","NsiI.TP127922","Cml_cm.1",4,54754163,"Cml_cm","PS_N(1)","124+36088im(1)","","FarmCPU(1)","","","",0.1785,0.106,NA,"",NA,NA,"","Sobic.004G196500.1","Chr04",54753647,54755468,1822,"+",-516,-1305
"14","NsiI.TP127922","CmDW_g.1",4,54754163,"CmDW_g","PS_N(1)","124+36088im(1)","","FarmCPU(1)","","","",0.1785,1.984,NA,"",NA,NA,"","Sobic.004G196500.1","Chr04",54753647,54755468,1822,"+",-516,-1305
"15","NsiI.TP127922","CmDW_g.1",4,54754163,"CmDW_g","PS_N(1)","124+36088im(1)","","FarmCPU(1)","","","",0.1785,1.984,NA,"",NA,NA,"","Sobic.004G196500.1","Chr04",54753647,54755468,1822,"+",-516,-1305
"16","NsiI.TP127922","CmDW_g.1",4,54754163,"CmDW_g","PS_N(1)","124+36088im(1)","","FarmCPU(1)","","","",0.1785,1.984,NA,"",NA,NA,"","Sobic.004G196500.1","Chr04",54753647,54755468,1822,"+",-516,-1305
"17","NsiI.TP127922","CmN.7",4,54754163,"CmN","PS_N(1);PS_Y(4)","124+36088im(5)","CMLM+SUPER(1);MLM+SUPER(1)","FarmCPU(2)","","","GLM(1)",0.185,14.2,NA,"",NA,NA,"","Sobic.004G196500.1","Chr04",54753647,54755468,1822,"+",-516,-1305
"18","NsiI.TP127922","CmN.7",4,54754163,"CmN","PS_N(1);PS_Y(4)","124+36088im(5)","CMLM+SUPER(1);MLM+SUPER(1)","FarmCPU(2)","","","GLM(1)",0.185,14.2,NA,"",NA,NA,"","Sobic.004G196500.1","Chr04",54753647,54755468,1822,"+",-516,-1305
"19","NsiI.TP127922","CmN.7",4,54754163,"CmN","PS_N(1);PS_Y(4)","124+36088im(5)","CMLM+SUPER(1);MLM+SUPER(1)","FarmCPU(2)","","","GLM(1)",0.185,14.2,NA,"",NA,NA,"","Sobic.004G196500.1","Chr04",54753647,54755468,1822,"+",-516,-1305
"20","NsiI.TP128678","Yld_kg.2",3,69000501,"Yld","PS_N(1)","124+36088im(1)","","FarmCPU(1)","","","",0.4086,1.329,NA,"NsiI.TP128678",3,69000501,"NsiI.TP128678\3\69000501","Sobic.003G375200.1","Chr03",68999883,69007574,7692,"+",-618,-7073
"21","NsiI.TP128678","Yld_kg.2",3,69000501,"Yld","PS_N(1)","124+36088im(1)","","FarmCPU(1)","","","",0.4086,1.329,NA,"NsiI.TP128678",3,69000501,"NsiI.TP128678\3\69000501","Sobic.003G375200.1","Chr03",68999883,69007574,7692,"+",-618,-7073
"22","NsiI.TP128678","CmN.8",3,69000501,"CmN","PS_Y(1)","124+36088im(1)","","","","","GLM(1)",0.4256,6.914,NA,"",NA,NA,"","Sobic.003G375200.1","Chr03",68999883,69007574,7692,"+",-618,-7073
"23","NsiI.TP128678","CmN.8",3,69000501,"CmN","PS_Y(1)","124+36088im(1)","","","","","GLM(1)",0.4256,6.914,NA,"",NA,NA,"","Sobic.003G375200.1","Chr03",68999883,69007574,7692,"+",-618,-7073
"24","NsiI.TP128897","CmDW_g.2",6,56190559,"CmDW_g","PS_N(1)","124+36088im(1)","","","pKWmEB(1)","","",0.4556,4.294,NA,"",NA,NA,"","Sobic.006G213300.2","Chr06",56185793,56191223,5431,"-",-4766,-664
"25","NsiI.TP128897","CmDW_g.2",6,56190559,"CmDW_g","PS_N(1)","124+36088im(1)","","","pKWmEB(1)","","",0.4556,4.294,NA,"",NA,NA,"","Sobic.006G213300.1","Chr06",56185793,56191223,5431,"-",-4766,-664
"26","NsiI.TP128897","CmDW_g.2",6,56190559,"CmDW_g","PS_N(1)","124+36088im(1)","","","pKWmEB(1)","","",0.4556,4.294,NA,"",NA,NA,"","Sobic.006G213300.2","Chr06",56185793,56191223,5431,"-",-4766,-664
"27","NsiI.TP128897","CmDW_g.2",6,56190559,"CmDW_g","PS_N(1)","124+36088im(1)","","","pKWmEB(1)","","",0.4556,4.294,NA,"",NA,NA,"","Sobic.006G213300.1","Chr06",56185793,56191223,5431,"-",-4766,-664
"28","NsiI.TP128897","CmD_BI_mm.1",6,56190559,"CmD_BI_mm","PS_N(2);PS_Y(3)","124+36088im(5)","","","FASTmrMLM(1);ISIS EM-BLASSO(1);mrMLM(1);pKWmEB(2)","","",0.459,13.25,NA,"",NA,NA,"","Sobic.006G213300.2","Chr06",56185793,56191223,5431,"-",-4766,-664
"29","NsiI.TP128897","CmD_BI_mm.1",6,56190559,"CmD_BI_mm","PS_N(2);PS_Y(3)","124+36088im(5)","","","FASTmrMLM(1);ISIS EM-BLASSO(1);mrMLM(1);pKWmEB(2)","","",0.459,13.25,NA,"",NA,NA,"","Sobic.006G213300.1","Chr06",56185793,56191223,5431,"-",-4766,-664
"30","NsiI.TP128897","CmD_BI_mm.1",6,56190559,"CmD_BI_mm","PS_N(2);PS_Y(3)","124+36088im(5)","","","FASTmrMLM(1);ISIS EM-BLASSO(1);mrMLM(1);pKWmEB(2)","","",0.459,13.25,NA,"",NA,NA,"","Sobic.006G213300.2","Chr06",56185793,56191223,5431,"-",-4766,-664
"31","NsiI.TP128897","CmD_BI_mm.1",6,56190559,"CmD_BI_mm","PS_N(2);PS_Y(3)","124+36088im(5)","","","FASTmrMLM(1);ISIS EM-BLASSO(1);mrMLM(1);pKWmEB(2)","","",0.459,13.25,NA,"",NA,NA,"","Sobic.006G213300.1","Chr06",56185793,56191223,5431,"-",-4766,-664
"33","NsiI.TP159695","CmN.10",6,57820247,"CmN","PS_Y(1)","124+36088im(1)","","","","","GLM(1)",0.1828,7.559,NA,"",NA,NA,"","Sobic.006G236700.3","Chr06",57815633,57820884,5252,"-",-4614,-637
"34","NsiI.TP159695","CmN.10",6,57820247,"CmN","PS_Y(1)","124+36088im(1)","","","","","GLM(1)",0.1828,7.559,NA,"",NA,NA,"","Sobic.006G236700.2","Chr06",57815633,57820884,5252,"-",-4614,-637
"35","NsiI.TP159695","CmN.10",6,57820247,"CmN","PS_Y(1)","124+36088im(1)","","","","","GLM(1)",0.1828,7.559,NA,"",NA,NA,"","Sobic.006G236700.1","Chr06",57815633,57822442,6810,"-",-4614,-2195
"36","NsiI.TP164112","Cml_cm.2",2,75774037,"Cml_cm","PS_N(1)","C116+3293(1)","","FarmCPU(1)","","","",0.1034,0.1395,NA,"",NA,NA,"","Sobic.002G409000.1","Chr02",75773614,75775575,1962,"-",-423,-1538
"39","NsiI.TP195403","Cml_cm.3",1,75432709,"Cml_cm","PS_Y(1)","124+36088im(1)","","","mrMLM(1)","","",0.3566,8.463,NA,"",NA,NA,"","Sobic.001G482800.1","Chr01",75429377,75432763,3387,"+",-3332,-54
"40","NsiI.TP211798","Bcirc_cm.1",1,72131324,"Bcirc_cm","PS_Y(1)","124+36088im(1)","","","mrMLM(1)","","",0.0492,9.731,NA,"",NA,NA,"","Sobic.001G444100.1","Chr01",72126363,72130476,4114,"+",-4961,848
"41","NsiI.TP211798","Bcirc_cm.1",1,72131324,"Bcirc_cm","PS_Y(1)","124+36088im(1)","","","mrMLM(1)","","",0.0492,9.731,NA,"",NA,NA,"","Sobic.001G444100.2","Chr01",72126363,72130476,4114,"+",-4961,848
"42","NsiI.TP211798","Bcirc_cm.1",1,72131324,"Bcirc_cm","PS_Y(1)","124+36088im(1)","","","mrMLM(1)","","",0.0492,9.731,NA,"",NA,NA,"","Sobic.001G444200.1","Chr01",72130897,72132804,1908,"-",-427,-1480
"43","NsiI.TP211798","Bcirc_cm.1",1,72131324,"Bcirc_cm","PS_Y(1)","124+36088im(1)","","","mrMLM(1)","","",0.0492,9.731,NA,"",NA,NA,"","Sobic.001G444100.1","Chr01",72126363,72130476,4114,"+",-4961,848
"44","NsiI.TP211798","Bcirc_cm.1",1,72131324,"Bcirc_cm","PS_Y(1)","124+36088im(1)","","","mrMLM(1)","","",0.0492,9.731,NA,"",NA,NA,"","Sobic.001G444100.2","Chr01",72126363,72130476,4114,"+",-4961,848
"45","NsiI.TP211798","Bcirc_cm.1",1,72131324,"Bcirc_cm","PS_Y(1)","124+36088im(1)","","","mrMLM(1)","","",0.0492,9.731,NA,"",NA,NA,"","Sobic.001G444200.1","Chr01",72130897,72132804,1908,"-",-427,-1480
"46","NsiI.TP211798","Bcirc_cm.1",1,72131324,"Bcirc_cm","PS_Y(1)","124+36088im(1)","","","mrMLM(1)","","",0.0492,9.731,NA,"",NA,NA,"","Sobic.001G444100.1","Chr01",72126363,72130476,4114,"+",-4961,848
"47","NsiI.TP211798","Bcirc_cm.1",1,72131324,"Bcirc_cm","PS_Y(1)","124+36088im(1)","","","mrMLM(1)","","",0.0492,9.731,NA,"",NA,NA,"","Sobic.001G444100.2","Chr01",72126363,72130476,4114,"+",-4961,848
"48","NsiI.TP211798","Bcirc_cm.1",1,72131324,"Bcirc_cm","PS_Y(1)","124+36088im(1)","","","mrMLM(1)","","",0.0492,9.731,NA,"",NA,NA,"","Sobic.001G444200.1","Chr01",72130897,72132804,1908,"-",-427,-1480
"49","NsiI.TP211798","Bcirc_cm.1",1,72131324,"Bcirc_cm","PS_Y(1)","124+36088im(1)","","","mrMLM(1)","","",0.0492,9.731,NA,"",NA,NA,"","Sobic.001G444100.1","Chr01",72126363,72130476,4114,"+",-4961,848
"50","NsiI.TP211798","Bcirc_cm.1",1,72131324,"Bcirc_cm","PS_Y(1)","124+36088im(1)","","","mrMLM(1)","","",0.0492,9.731,NA,"",NA,NA,"","Sobic.001G444100.2","Chr01",72126363,72130476,4114,"+",-4961,848
"51","NsiI.TP211798","Bcirc_cm.1",1,72131324,"Bcirc_cm","PS_Y(1)","124+36088im(1)","","","mrMLM(1)","","",0.0492,9.731,NA,"",NA,NA,"","Sobic.001G444200.1","Chr01",72130897,72132804,1908,"-",-427,-1480
"54","NsiI.TP217838","CmN.13",3,3586934,"CmN","PS_Y(2)","C106+4202(2)","MLM+SUPER(1)","","","","GLM(1)",0.05189,11.36,NA,"",NA,NA,"","Sobic.003G038400.1","Chr03",3586678,3591433,4756,"-",-256,-4499
"55","NsiI.TP217838","CmN.13",3,3586934,"CmN","PS_Y(2)","C106+4202(2)","MLM+SUPER(1)","","","","GLM(1)",0.05189,11.36,NA,"",NA,NA,"","Sobic.003G038400.2","Chr03",3586678,3591433,4756,"-",-256,-4499
"56","NsiI.TP218789","Bcirc_cm.2",3,51796050,"Bcirc_cm","PS_Y(2)","C106+4202(1);C116+3293(1)","","","mrMLM(2)","","",0.2456,7.029,NA,"",NA,NA,"","Sobic.003G194500.1","Chr03",51790405,51796572,6168,"+",-5645,-522
"57","NsiI.TP218789","Bcirc_cm.2",3,51796050,"Bcirc_cm","PS_Y(2)","C106+4202(1);C116+3293(1)","","","mrMLM(2)","","",0.2456,7.029,NA,"",NA,NA,"","Sobic.003G194500.1","Chr03",51790405,51796572,6168,"+",-5645,-522
"58","NsiI.TP218789","Cml_cm.4",3,51796050,"Cml_cm","PS_N(1);PS_Y(1)","C116+3293(2)","","FarmCPU(1)","FASTmrMLM(1)","","",0.25,3.664,NA,"",NA,NA,"","Sobic.003G194500.1","Chr03",51790405,51796572,6168,"+",-5645,-522
"59","NsiI.TP218789","Cml_cm.4",3,51796050,"Cml_cm","PS_N(1);PS_Y(1)","C116+3293(2)","","FarmCPU(1)","FASTmrMLM(1)","","",0.25,3.664,NA,"",NA,NA,"","Sobic.003G194500.1","Chr03",51790405,51796572,6168,"+",-5645,-522
"67","NsiI.TP249634","Cml_cm.7",9,5342948,"Cml_cm","PS_N(2)","124+36088im(2)","","","ISIS EM-BLASSO(1);mrMLM(1)","","",0.2746,7.204,NA,"",NA,NA,"","Sobic.009G052800.1","Chr09",5341442,5342418,977,"+",-1506,530
"69","NsiI.TP250072","Bcirc_cm.4",9,5056498,"Bcirc_cm","PS_Y(2)","124+36088im(2)","","","FASTmrMLM(1);ISIS EM-BLASSO(1)","","",0.0685,1.938,NA,"",NA,NA,"","Sobic.009G050900.2","Chr09",5048810,5056136,7327,"+",-7688,362
"70","NsiI.TP250072","Bcirc_cm.4",9,5056498,"Bcirc_cm","PS_Y(2)","124+36088im(2)","","","FASTmrMLM(1);ISIS EM-BLASSO(1)","","",0.0685,1.938,NA,"",NA,NA,"","Sobic.009G050900.1","Chr09",5048810,5056136,7327,"+",-7688,362
"71","NsiI.TP255006","CmN.18",6,59462133,"CmN","PS_Y(1)","124+36088im(1)","","","","","GLM(1)",0.1785,7.045,NA,"",NA,NA,"","Sobic.006G258600.2","Chr06",59461747,59466525,4779,"+",-386,-4392
"72","NsiI.TP255006","CmN.18",6,59462133,"CmN","PS_Y(1)","124+36088im(1)","","","","","GLM(1)",0.1785,7.045,NA,"",NA,NA,"","Sobic.006G258600.1","Chr06",59461747,59465981,4235,"+",-386,-3848
"73","NsiI.TP257077","Bcirc_cm.5",1,6103539,"Bcirc_cm","PS_Y(1)","124+36088im(1)","","","ISIS EM-BLASSO(1)","","",0.4556,3.433,NA,"",NA,NA,"","Sobic.001G079500.1","Chr01",6104059,6105842,1784,"+",520,-2303
"74","NsiI.TP257077","Bcirc_cm.5",1,6103539,"Bcirc_cm","PS_Y(1)","124+36088im(1)","","","ISIS EM-BLASSO(1)","","",0.4556,3.433,NA,"",NA,NA,"","Sobic.001G079401.1","Chr01",6101772,6103638,1867,"-",-1767,-99
"75","NsiI.TP257077","Bcirc_cm.5",1,6103539,"Bcirc_cm","PS_Y(1)","124+36088im(1)","","","ISIS EM-BLASSO(1)","","",0.4556,3.433,NA,"",NA,NA,"","Sobic.001G079401.1","Chr01",6101772,6103638,1867,"-",-1767,-99
"76","NsiI.TP257077","Bcirc_cm.5",1,6103539,"Bcirc_cm","PS_Y(1)","124+36088im(1)","","","ISIS EM-BLASSO(1)","","",0.4556,3.433,NA,"",NA,NA,"","Sobic.001G079500.1","Chr01",6104059,6105842,1784,"+",520,-2303
"77","NsiI.TP257077","Bcirc_cm.5",1,6103539,"Bcirc_cm","PS_Y(1)","124+36088im(1)","","","ISIS EM-BLASSO(1)","","",0.4556,3.433,NA,"",NA,NA,"","Sobic.001G079500.1","Chr01",6104059,6105842,1784,"+",520,-2303
"78","NsiI.TP257077","Bcirc_cm.5",1,6103539,"Bcirc_cm","PS_Y(1)","124+36088im(1)","","","ISIS EM-BLASSO(1)","","",0.4556,3.433,NA,"",NA,NA,"","Sobic.001G079401.1","Chr01",6101772,6103638,1867,"-",-1767,-99
"79","NsiI.TP257077","Bcirc_cm.5",1,6103539,"Bcirc_cm","PS_Y(1)","124+36088im(1)","","","ISIS EM-BLASSO(1)","","",0.4556,3.433,NA,"",NA,NA,"","Sobic.001G079401.1","Chr01",6101772,6103638,1867,"-",-1767,-99
"80","NsiI.TP257077","Bcirc_cm.5",1,6103539,"Bcirc_cm","PS_Y(1)","124+36088im(1)","","","ISIS EM-BLASSO(1)","","",0.4556,3.433,NA,"",NA,NA,"","Sobic.001G079500.1","Chr01",6104059,6105842,1784,"+",520,-2303
"81","NsiI.TP282888","CmN.19",2,675031,"CmN","PS_Y(1)","C116+3293(1)","CMLM+SUPER(1)","","","","",0.06897,1.977,NA,"",NA,NA,"","Sobic.002G007000.2","Chr02",674662,676476,1815,"-",-369,-1445
"82","NsiI.TP282888","CmN.19",2,675031,"CmN","PS_Y(1)","C116+3293(1)","CMLM+SUPER(1)","","","","",0.06897,1.977,NA,"",NA,NA,"","Sobic.002G006900.1","Chr02",663961,674299,10339,"+",-11070,732
"83","NsiI.TP282888","CmN.19",2,675031,"CmN","PS_Y(1)","C116+3293(1)","CMLM+SUPER(1)","","","","",0.06897,1.977,NA,"",NA,NA,"","Sobic.002G006900.2","Chr02",663961,674302,10342,"+",-11070,729
"84","NsiI.TP282888","CmN.19",2,675031,"CmN","PS_Y(1)","C116+3293(1)","CMLM+SUPER(1)","","","","",0.06897,1.977,NA,"",NA,NA,"","Sobic.002G006900.2","Chr02",663961,674302,10342,"+",-11070,729
"85","NsiI.TP282888","CmN.19",2,675031,"CmN","PS_Y(1)","C116+3293(1)","CMLM+SUPER(1)","","","","",0.06897,1.977,NA,"",NA,NA,"","Sobic.002G006900.1","Chr02",663961,674299,10339,"+",-11070,732
"86","NsiI.TP282888","CmN.19",2,675031,"CmN","PS_Y(1)","C116+3293(1)","CMLM+SUPER(1)","","","","",0.06897,1.977,NA,"",NA,NA,"","Sobic.002G007000.2","Chr02",674662,676476,1815,"-",-369,-1445
"87","NsiI.TP282888","CmN.19",2,675031,"CmN","PS_Y(1)","C116+3293(1)","CMLM+SUPER(1)","","","","",0.06897,1.977,NA,"",NA,NA,"","Sobic.002G007000.2","Chr02",674662,676476,1815,"-",-369,-1445
"88","NsiI.TP282888","CmN.19",2,675031,"CmN","PS_Y(1)","C116+3293(1)","CMLM+SUPER(1)","","","","",0.06897,1.977,NA,"",NA,NA,"","Sobic.002G006900.1","Chr02",663961,674299,10339,"+",-11070,732
"89","NsiI.TP282888","CmN.19",2,675031,"CmN","PS_Y(1)","C116+3293(1)","CMLM+SUPER(1)","","","","",0.06897,1.977,NA,"",NA,NA,"","Sobic.002G006900.2","Chr02",663961,674302,10342,"+",-11070,729
"90","NsiI.TP282888","CmN.19",2,675031,"CmN","PS_Y(1)","C116+3293(1)","CMLM+SUPER(1)","","","","",0.06897,1.977,NA,"",NA,NA,"","Sobic.002G006900.2","Chr02",663961,674302,10342,"+",-11070,729
"91","NsiI.TP282888","CmN.19",2,675031,"CmN","PS_Y(1)","C116+3293(1)","CMLM+SUPER(1)","","","","",0.06897,1.977,NA,"",NA,NA,"","Sobic.002G006900.1","Chr02",663961,674299,10339,"+",-11070,732
"92","NsiI.TP282888","CmN.19",2,675031,"CmN","PS_Y(1)","C116+3293(1)","CMLM+SUPER(1)","","","","",0.06897,1.977,NA,"",NA,NA,"","Sobic.002G007000.2","Chr02",674662,676476,1815,"-",-369,-1445
"93","NsiI.TP296881","Bcirc_cm.6",10,7488785,"Bcirc_cm","PS_N(3);PS_Y(1)","124+36088im(4)","","","ISIS EM-BLASSO(1);mrMLM(1);pKWmEB(2)","","",0.0369,5.317,NA,"",NA,NA,"","Sobic.010G087300.1","Chr10",7481503,7488404,6902,"-",-7282,381
"94","NsiI.TP296881","Bcirc_cm.6",10,7488785,"Bcirc_cm","PS_N(3);PS_Y(1)","124+36088im(4)","","","ISIS EM-BLASSO(1);mrMLM(1);pKWmEB(2)","","",0.0369,5.317,NA,"",NA,NA,"","Sobic.010G087300.2","Chr10",7481503,7488404,6902,"-",-7282,381
"95","NsiI.TP296881","Bcirc_cm.6",10,7488785,"Bcirc_cm","PS_N(3);PS_Y(1)","124+36088im(4)","","","ISIS EM-BLASSO(1);mrMLM(1);pKWmEB(2)","","",0.0369,5.317,NA,"",NA,NA,"","Sobic.010G087300.3","Chr10",7481503,7488404,6902,"-",-7282,381
"96","NsiI.TP296932","Bcirc_cm.7",9,49933625,"Bcirc_cm","PS_N(3);PS_Y(1)","124+36088im(4)","","","ISIS EM-BLASSO(1);mrMLM(2);pKWmEB(1)","","",0.1025,30.57,NA,"",NA,NA,"","Sobic.009G142000.1","Chr09",49932745,49941367,8623,"+",-880,-7742
"97","NsiI.TP296932","Bcirc_cm.7",9,49933625,"Bcirc_cm","PS_N(3);PS_Y(1)","124+36088im(4)","","","ISIS EM-BLASSO(1);mrMLM(2);pKWmEB(1)","","",0.1025,30.57,NA,"",NA,NA,"","Sobic.009G142000.2","Chr09",49932745,49941367,8623,"+",-880,-7742
"98","NsiI.TP296932","Bcirc_cm.7",9,49933625,"Bcirc_cm","PS_N(3);PS_Y(1)","124+36088im(4)","","","ISIS EM-BLASSO(1);mrMLM(2);pKWmEB(1)","","",0.1025,30.57,NA,"",NA,NA,"","Sobic.009G142000.2","Chr09",49932745,49941367,8623,"+",-880,-7742
"99","NsiI.TP296932","Bcirc_cm.7",9,49933625,"Bcirc_cm","PS_N(3);PS_Y(1)","124+36088im(4)","","","ISIS EM-BLASSO(1);mrMLM(2);pKWmEB(1)","","",0.1025,30.57,NA,"",NA,NA,"","Sobic.009G142000.1","Chr09",49932745,49941367,8623,"+",-880,-7742
"100","NsiI.TP296932","CmN.20",9,49933625,"CmN","PS_N(1)","124+36088im(1)","","","mrMLM(1)","","",0.1025,38.92,NA,"",NA,NA,"","Sobic.009G142000.1","Chr09",49932745,49941367,8623,"+",-880,-7742
"101","NsiI.TP296932","CmN.20",9,49933625,"CmN","PS_N(1)","124+36088im(1)","","","mrMLM(1)","","",0.1025,38.92,NA,"",NA,NA,"","Sobic.009G142000.2","Chr09",49932745,49941367,8623,"+",-880,-7742
"102","NsiI.TP296932","CmN.20",9,49933625,"CmN","PS_N(1)","124+36088im(1)","","","mrMLM(1)","","",0.1025,38.92,NA,"",NA,NA,"","Sobic.009G142000.2","Chr09",49932745,49941367,8623,"+",-880,-7742
"103","NsiI.TP296932","CmN.20",9,49933625,"CmN","PS_N(1)","124+36088im(1)","","","mrMLM(1)","","",0.1025,38.92,NA,"",NA,NA,"","Sobic.009G142000.1","Chr09",49932745,49941367,8623,"+",-880,-7742
"105","NsiI.TP308953","Yld_kg.3",8,16086302,"Yld","PS_N(1)","124+36088im(1)","","","mrMLM(1)","","",0.2705,15.8,NA,"NsiI.TP308953",8,16086302,"NsiI.TP308953\8\16086302","Sobic.008G084100.1","Chr08",16086555,16090281,3727,"+",253,-3979
"109","NsiI.TP327757","CmN.24",3,71119897,"CmN","PS_N(1)","124+36088im(1)","","FarmCPU(1)","","","",0.1986,1.145,NA,"",NA,NA,"","Sobic.003G403300.1","Chr03",71114880,71120454,5575,"-",-5017,-557
"111","NsiI.TP33138","Cml_cm.8",5,57403,"Cml_cm","PS_N(1)","124+36088im(1)","","","pKWmEB(1)","","",0.0847,3.002,NA,"",NA,NA,"","Sobic.005G000500.1","Chr05",57205,63652,6448,"-",-198,-6249
"112","NsiI.TP33138","Cml_cm.8",5,57403,"Cml_cm","PS_N(1)","124+36088im(1)","","","pKWmEB(1)","","",0.0847,3.002,NA,"",NA,NA,"","Sobic.005G000400.1","Chr05",56051,56996,946,"+",-1352,407
"113","NsiI.TP33138","Cml_cm.8",5,57403,"Cml_cm","PS_N(1)","124+36088im(1)","","","pKWmEB(1)","","",0.0847,3.002,NA,"",NA,NA,"","Sobic.005G000500.1","Chr05",57205,63652,6448,"-",-198,-6249
"114","NsiI.TP33138","Cml_cm.8",5,57403,"Cml_cm","PS_N(1)","124+36088im(1)","","","pKWmEB(1)","","",0.0847,3.002,NA,"",NA,NA,"","Sobic.005G000400.1","Chr05",56051,56996,946,"+",-1352,407
"115","NsiI.TP33138","Cml_cm.8",5,57403,"Cml_cm","PS_N(1)","124+36088im(1)","","","pKWmEB(1)","","",0.0847,3.002,NA,"",NA,NA,"","Sobic.005G000500.1","Chr05",57205,63652,6448,"-",-198,-6249
"116","NsiI.TP33138","Cml_cm.8",5,57403,"Cml_cm","PS_N(1)","124+36088im(1)","","","pKWmEB(1)","","",0.0847,3.002,NA,"",NA,NA,"","Sobic.005G000400.1","Chr05",56051,56996,946,"+",-1352,407
"117","NsiI.TP33138","Cml_cm.8",5,57403,"Cml_cm","PS_N(1)","124+36088im(1)","","","pKWmEB(1)","","",0.0847,3.002,NA,"",NA,NA,"","Sobic.005G000500.1","Chr05",57205,63652,6448,"-",-198,-6249
"118","NsiI.TP33138","Cml_cm.8",5,57403,"Cml_cm","PS_N(1)","124+36088im(1)","","","pKWmEB(1)","","",0.0847,3.002,NA,"",NA,NA,"","Sobic.005G000400.1","Chr05",56051,56996,946,"+",-1352,407
"120","NsiI.TP332475","CmN.25",3,64344627,"CmN","PS_Y(1)","124+36088im(1)","CMLM+SUPER(1)","","","","",0.2026,2.971,NA,"",NA,NA,"","Sobic.003G315800.2","Chr03",64343406,64343947,542,"+",-1221,680
"121","NsiI.TP332475","CmN.25",3,64344627,"CmN","PS_Y(1)","124+36088im(1)","CMLM+SUPER(1)","","","","",0.2026,2.971,NA,"",NA,NA,"","Sobic.003G315800.2","Chr03",64343406,64343947,542,"+",-1221,680
"122","NsiI.TP332475","CmN.25",3,64344627,"CmN","PS_Y(1)","124+36088im(1)","CMLM+SUPER(1)","","","","",0.2026,2.971,NA,"",NA,NA,"","Sobic.003G315700.1","Chr03",64344076,64352994,8919,"-",-551,-8367
"123","NsiI.TP332475","CmN.25",3,64344627,"CmN","PS_Y(1)","124+36088im(1)","CMLM+SUPER(1)","","","","",0.2026,2.971,NA,"",NA,NA,"","Sobic.003G315700.3","Chr03",64344076,64352994,8919,"-",-551,-8367
"124","NsiI.TP332475","CmN.25",3,64344627,"CmN","PS_Y(1)","124+36088im(1)","CMLM+SUPER(1)","","","","",0.2026,2.971,NA,"",NA,NA,"","Sobic.003G315700.1","Chr03",64344076,64352994,8919,"-",-551,-8367
"125","NsiI.TP332475","CmN.25",3,64344627,"CmN","PS_Y(1)","124+36088im(1)","CMLM+SUPER(1)","","","","",0.2026,2.971,NA,"",NA,NA,"","Sobic.003G315700.3","Chr03",64344076,64352994,8919,"-",-551,-8367
"126","NsiI.TP332475","CmN.25",3,64344627,"CmN","PS_Y(1)","124+36088im(1)","CMLM+SUPER(1)","","","","",0.2026,2.971,NA,"",NA,NA,"","Sobic.003G315800.2","Chr03",64343406,64343947,542,"+",-1221,680
"127","NsiI.TP332475","CmN.25",3,64344627,"CmN","PS_Y(1)","124+36088im(1)","CMLM+SUPER(1)","","","","",0.2026,2.971,NA,"",NA,NA,"","Sobic.003G315800.2","Chr03",64343406,64343947,542,"+",-1221,680
"128","NsiI.TP332475","CmN.25",3,64344627,"CmN","PS_Y(1)","124+36088im(1)","CMLM+SUPER(1)","","","","",0.2026,2.971,NA,"",NA,NA,"","Sobic.003G315700.1","Chr03",64344076,64352994,8919,"-",-551,-8367
"129","NsiI.TP332475","CmN.25",3,64344627,"CmN","PS_Y(1)","124+36088im(1)","CMLM+SUPER(1)","","","","",0.2026,2.971,NA,"",NA,NA,"","Sobic.003G315700.3","Chr03",64344076,64352994,8919,"-",-551,-8367
"130","NsiI.TP332475","CmN.25",3,64344627,"CmN","PS_Y(1)","124+36088im(1)","CMLM+SUPER(1)","","","","",0.2026,2.971,NA,"",NA,NA,"","Sobic.003G315700.1","Chr03",64344076,64352994,8919,"-",-551,-8367
"131","NsiI.TP332475","CmN.25",3,64344627,"CmN","PS_Y(1)","124+36088im(1)","CMLM+SUPER(1)","","","","",0.2026,2.971,NA,"",NA,NA,"","Sobic.003G315700.3","Chr03",64344076,64352994,8919,"-",-551,-8367
"132","NsiI.TP338132","CmN.26",3,59218088,"CmN","PS_Y(1)","124+36088im(1)","CMLM+SUPER(1)","","","","",0.1477,0.8388,NA,"",NA,NA,"","Sobic.003G253500.1","Chr03",59214043,59217830,3788,"-",-4045,258
"134","NsiI.TP34193","Cml_cm.9",6,47900218,"Cml_cm","PS_N(1)","C124+2560(1)","","FarmCPU(1)","","","",0.1411,7.784,NA,"",NA,NA,"","Sobic.006G110200.1","Chr06",47901100,47910049,8950,"-",882,-9831
"135","NsiI.TP34193","Cml_cm.9",6,47900218,"Cml_cm","PS_N(1)","C124+2560(1)","","FarmCPU(1)","","","",0.1411,7.784,NA,"",NA,NA,"","Sobic.006G110200.2","Chr06",47901100,47909899,8800,"-",882,-9681
"136","NsiI.TP346008","Bcirc_cm.10",4,67938088,"Bcirc_cm","PS_N(2)","C106+4202(2)","","","FASTmrMLM(1);mrMLM(1)","","",0.1154,3.557,NA,"",NA,NA,"","Sobic.004G350700.1","Chr04",67934120,67938364,4245,"-",-3968,-276
"137","NsiI.TP352026","CmN.28",6,555824,"CmN","PS_N(1);PS_Y(3)","124+36088im(4)","CMLM+SUPER(1);MLM+SUPER(1)","FarmCPU(1)","","","GLM(1)",0.06707,12.81,NA,"",NA,NA,"","Sobic.006G003600.1","Chr06",548123,560425,12303,"-",-7701,-4601
"138","NsiI.TP358081","CmN.29",6,42784766,"CmN","PS_N(1)","C116+3293(1)","","","ISIS EM-BLASSO(1)","","",0.1422,2.193,NA,"",NA,NA,"","Sobic.006G067600.2","Chr06",42785726,42802516,16791,"+",960,-17750
"139","NsiI.TP358081","CmN.29",6,42784766,"CmN","PS_N(1)","C116+3293(1)","","","ISIS EM-BLASSO(1)","","",0.1422,2.193,NA,"",NA,NA,"","Sobic.006G067500.1","Chr06",42781244,42785442,4199,"-",-3522,-676
"140","NsiI.TP358081","CmN.29",6,42784766,"CmN","PS_N(1)","C116+3293(1)","","","ISIS EM-BLASSO(1)","","",0.1422,2.193,NA,"",NA,NA,"","Sobic.006G067600.1","Chr06",42785485,42802516,17032,"+",719,-17750
"141","NsiI.TP358081","CmN.29",6,42784766,"CmN","PS_N(1)","C116+3293(1)","","","ISIS EM-BLASSO(1)","","",0.1422,2.193,NA,"",NA,NA,"","Sobic.006G067600.1","Chr06",42785485,42802516,17032,"+",719,-17750
"142","NsiI.TP358081","CmN.29",6,42784766,"CmN","PS_N(1)","C116+3293(1)","","","ISIS EM-BLASSO(1)","","",0.1422,2.193,NA,"",NA,NA,"","Sobic.006G067600.2","Chr06",42785726,42802516,16791,"+",960,-17750
"143","NsiI.TP358081","CmN.29",6,42784766,"CmN","PS_N(1)","C116+3293(1)","","","ISIS EM-BLASSO(1)","","",0.1422,2.193,NA,"",NA,NA,"","Sobic.006G067600.3","Chr06",42785485,42802516,17032,"+",719,-17750
"144","NsiI.TP358081","CmN.29",6,42784766,"CmN","PS_N(1)","C116+3293(1)","","","ISIS EM-BLASSO(1)","","",0.1422,2.193,NA,"",NA,NA,"","Sobic.006G067500.1","Chr06",42781244,42785442,4199,"-",-3522,-676
"145","NsiI.TP358081","CmN.29",6,42784766,"CmN","PS_N(1)","C116+3293(1)","","","ISIS EM-BLASSO(1)","","",0.1422,2.193,NA,"",NA,NA,"","Sobic.006G067600.3","Chr06",42785485,42802516,17032,"+",719,-17750
"146","NsiI.TP358081","CmN.29",6,42784766,"CmN","PS_N(1)","C116+3293(1)","","","ISIS EM-BLASSO(1)","","",0.1422,2.193,NA,"",NA,NA,"","Sobic.006G067600.2","Chr06",42785726,42802516,16791,"+",960,-17750
"147","NsiI.TP358081","CmN.29",6,42784766,"CmN","PS_N(1)","C116+3293(1)","","","ISIS EM-BLASSO(1)","","",0.1422,2.193,NA,"",NA,NA,"","Sobic.006G067500.1","Chr06",42781244,42785442,4199,"-",-3522,-676
"148","NsiI.TP358081","CmN.29",6,42784766,"CmN","PS_N(1)","C116+3293(1)","","","ISIS EM-BLASSO(1)","","",0.1422,2.193,NA,"",NA,NA,"","Sobic.006G067600.1","Chr06",42785485,42802516,17032,"+",719,-17750
"149","NsiI.TP358081","CmN.29",6,42784766,"CmN","PS_N(1)","C116+3293(1)","","","ISIS EM-BLASSO(1)","","",0.1422,2.193,NA,"",NA,NA,"","Sobic.006G067600.1","Chr06",42785485,42802516,17032,"+",719,-17750
"150","NsiI.TP358081","CmN.29",6,42784766,"CmN","PS_N(1)","C116+3293(1)","","","ISIS EM-BLASSO(1)","","",0.1422,2.193,NA,"",NA,NA,"","Sobic.006G067600.2","Chr06",42785726,42802516,16791,"+",960,-17750
"151","NsiI.TP358081","CmN.29",6,42784766,"CmN","PS_N(1)","C116+3293(1)","","","ISIS EM-BLASSO(1)","","",0.1422,2.193,NA,"",NA,NA,"","Sobic.006G067600.3","Chr06",42785485,42802516,17032,"+",719,-17750
"152","NsiI.TP358081","CmN.29",6,42784766,"CmN","PS_N(1)","C116+3293(1)","","","ISIS EM-BLASSO(1)","","",0.1422,2.193,NA,"",NA,NA,"","Sobic.006G067500.1","Chr06",42781244,42785442,4199,"-",-3522,-676
"153","NsiI.TP358081","CmN.29",6,42784766,"CmN","PS_N(1)","C116+3293(1)","","","ISIS EM-BLASSO(1)","","",0.1422,2.193,NA,"",NA,NA,"","Sobic.006G067600.3","Chr06",42785485,42802516,17032,"+",719,-17750
"154","NsiI.TP359278","CmN.30",6,53064783,"CmN","PS_Y(1)","C106+4202(1)","MLM+SUPER(1)","","","","",0.1132,10.39,NA,"",NA,NA,"","Sobic.006G175500.3","Chr06",53062306,53080184,17879,"-",-2477,-15401
"155","NsiI.TP361622","CCirc_cm.3",1,69534233,"CCirc_cm","PS_N(1)","124+36088im(1)","","FarmCPU(1)","","","",0.2193,1.77,NA,"",NA,NA,"","Sobic.001G413100.1","Chr01",69531328,69535760,4433,"-",-2905,-1527
"156","NsiI.TP370880","CmN.31",3,68111215,"CmN","PS_Y(3)","124+36088im(3)","CMLM+SUPER(1);MLM+SUPER(1)","","","","GLM(1)",0.05394,11.51,NA,"",NA,NA,"","Sobic.003G363600.1","Chr03",68107465,68115976,8512,"-",-3750,-4761
"157","NsiI.TP370880","CmN.31",3,68111215,"CmN","PS_Y(3)","124+36088im(3)","CMLM+SUPER(1);MLM+SUPER(1)","","","","GLM(1)",0.05394,11.51,NA,"",NA,NA,"","Sobic.003G363600.7","Chr03",68107441,68115976,8536,"-",-3774,-4761
"158","NsiI.TP370880","CmN.31",3,68111215,"CmN","PS_Y(3)","124+36088im(3)","CMLM+SUPER(1);MLM+SUPER(1)","","","","GLM(1)",0.05394,11.51,NA,"",NA,NA,"","Sobic.003G363600.5","Chr03",68107465,68114713,7249,"-",-3750,-3498
"159","NsiI.TP370880","CmN.31",3,68111215,"CmN","PS_Y(3)","124+36088im(3)","CMLM+SUPER(1);MLM+SUPER(1)","","","","GLM(1)",0.05394,11.51,NA,"",NA,NA,"","Sobic.003G363600.9","Chr03",68107441,68115976,8536,"-",-3774,-4761
"160","NsiI.TP370880","CmN.31",3,68111215,"CmN","PS_Y(3)","124+36088im(3)","CMLM+SUPER(1);MLM+SUPER(1)","","","","GLM(1)",0.05394,11.51,NA,"",NA,NA,"","Sobic.003G363600.4","Chr03",68107465,68115976,8512,"-",-3750,-4761
"161","NsiI.TP370880","CmN.31",3,68111215,"CmN","PS_Y(3)","124+36088im(3)","CMLM+SUPER(1);MLM+SUPER(1)","","","","GLM(1)",0.05394,11.51,NA,"",NA,NA,"","Sobic.003G363600.10","Chr03",68107429,68115976,8548,"-",-3786,-4761
"162","NsiI.TP370880","CmN.31",3,68111215,"CmN","PS_Y(3)","124+36088im(3)","CMLM+SUPER(1);MLM+SUPER(1)","","","","GLM(1)",0.05394,11.51,NA,"",NA,NA,"","Sobic.003G363600.8","Chr03",68107457,68115976,8520,"-",-3758,-4761
"163","NsiI.TP370880","CmN.31",3,68111215,"CmN","PS_Y(3)","124+36088im(3)","CMLM+SUPER(1);MLM+SUPER(1)","","","","GLM(1)",0.05394,11.51,NA,"",NA,NA,"","Sobic.003G363600.3","Chr03",68107465,68115976,8512,"-",-3750,-4761
"164","NsiI.TP370880","CmN.31",3,68111215,"CmN","PS_Y(3)","124+36088im(3)","CMLM+SUPER(1);MLM+SUPER(1)","","","","GLM(1)",0.05394,11.51,NA,"",NA,NA,"","Sobic.003G363600.2","Chr03",68107429,68115976,8548,"-",-3786,-4761
"165","NsiI.TP370880","CmN.31",3,68111215,"CmN","PS_Y(3)","124+36088im(3)","CMLM+SUPER(1);MLM+SUPER(1)","","","","GLM(1)",0.05394,11.51,NA,"",NA,NA,"","Sobic.003G363600.6","Chr03",68107441,68115976,8536,"-",-3774,-4761
"168","NsiI.TP390222","CCirc_cm.4",4,58488770,"CCirc_cm","PS_N(1)","124+36088im(1)","","FarmCPU(1)","","","",0.08921,13.85,NA,"",NA,NA,"","Sobic.004G237000.1","Chr04",58488864,58490438,1575,"+",94,-1668
"169","NsiI.TP390222","CCirc_cm.4",4,58488770,"CCirc_cm","PS_N(1)","124+36088im(1)","","FarmCPU(1)","","","",0.08921,13.85,NA,"",NA,NA,"","Sobic.004G237000.1","Chr04",58488864,58490438,1575,"+",94,-1668
"170","NsiI.TP390222","CmN.32",4,58488770,"CmN","PS_Y(1)","124+36088im(1)","","","","","GLM(1)",0.09838,6.758,NA,"",NA,NA,"","Sobic.004G237000.1","Chr04",58488864,58490438,1575,"+",94,-1668
"171","NsiI.TP390222","CmN.32",4,58488770,"CmN","PS_Y(1)","124+36088im(1)","","","","","GLM(1)",0.09838,6.758,NA,"",NA,NA,"","Sobic.004G237000.1","Chr04",58488864,58490438,1575,"+",94,-1668
"173","NsiI.TP39740","Bcirc_cm.12",2,186613,"Bcirc_cm","PS_N(1)","C116+3293(1)","","FarmCPU(1)","","","",0.06897,0.2789,NA,"",NA,NA,"","Sobic.002G001300.3","Chr02",184995,187169,2175,"-",-1618,-556
"174","NsiI.TP402511","CmN.33",4,58096507,"CmN","PS_Y(1)","124+36088im(1)","MLM+SUPER(1)","","","","",0.1443,0.2021,NA,"",NA,NA,"","Sobic.004G231700.1","Chr04",58095962,58097637,1676,"+",-545,-1130
"175","NsiI.TP404457","Bcirc_cm.13",1,76403176,"Bcirc_cm","PS_Y(1)","124+36088im(1)","MLM+SUPER(1)","","","","",0.2045,0.1099,NA,"",NA,NA,"","Sobic.001G495000.3","Chr01",76403349,76412452,9104,"-",173,-9276
"176","NsiI.TP404457","Bcirc_cm.13",1,76403176,"Bcirc_cm","PS_Y(1)","124+36088im(1)","MLM+SUPER(1)","","","","",0.2045,0.1099,NA,"",NA,NA,"","Sobic.001G494950.1","Chr01",76400530,76402484,1955,"-",-2646,692
"177","NsiI.TP404457","Bcirc_cm.13",1,76403176,"Bcirc_cm","PS_Y(1)","124+36088im(1)","MLM+SUPER(1)","","","","",0.2045,0.1099,NA,"",NA,NA,"","Sobic.001G495000.2","Chr01",76403349,76412452,9104,"-",173,-9276
"178","NsiI.TP404457","Bcirc_cm.13",1,76403176,"Bcirc_cm","PS_Y(1)","124+36088im(1)","MLM+SUPER(1)","","","","",0.2045,0.1099,NA,"",NA,NA,"","Sobic.001G494950.1","Chr01",76400530,76402484,1955,"-",-2646,692
"179","NsiI.TP404457","Bcirc_cm.13",1,76403176,"Bcirc_cm","PS_Y(1)","124+36088im(1)","MLM+SUPER(1)","","","","",0.2045,0.1099,NA,"",NA,NA,"","Sobic.001G495000.2","Chr01",76403349,76412452,9104,"-",173,-9276
"180","NsiI.TP404457","Bcirc_cm.13",1,76403176,"Bcirc_cm","PS_Y(1)","124+36088im(1)","MLM+SUPER(1)","","","","",0.2045,0.1099,NA,"",NA,NA,"","Sobic.001G495000.3","Chr01",76403349,76412452,9104,"-",173,-9276
"181","NsiI.TP404457","Bcirc_cm.13",1,76403176,"Bcirc_cm","PS_Y(1)","124+36088im(1)","MLM+SUPER(1)","","","","",0.2045,0.1099,NA,"",NA,NA,"","Sobic.001G495000.3","Chr01",76403349,76412452,9104,"-",173,-9276
"182","NsiI.TP404457","Bcirc_cm.13",1,76403176,"Bcirc_cm","PS_Y(1)","124+36088im(1)","MLM+SUPER(1)","","","","",0.2045,0.1099,NA,"",NA,NA,"","Sobic.001G494950.1","Chr01",76400530,76402484,1955,"-",-2646,692
"183","NsiI.TP404457","Bcirc_cm.13",1,76403176,"Bcirc_cm","PS_Y(1)","124+36088im(1)","MLM+SUPER(1)","","","","",0.2045,0.1099,NA,"",NA,NA,"","Sobic.001G495000.2","Chr01",76403349,76412452,9104,"-",173,-9276
"184","NsiI.TP404457","Bcirc_cm.13",1,76403176,"Bcirc_cm","PS_Y(1)","124+36088im(1)","MLM+SUPER(1)","","","","",0.2045,0.1099,NA,"",NA,NA,"","Sobic.001G494950.1","Chr01",76400530,76402484,1955,"-",-2646,692
"185","NsiI.TP404457","Bcirc_cm.13",1,76403176,"Bcirc_cm","PS_Y(1)","124+36088im(1)","MLM+SUPER(1)","","","","",0.2045,0.1099,NA,"",NA,NA,"","Sobic.001G495000.2","Chr01",76403349,76412452,9104,"-",173,-9276
"186","NsiI.TP404457","Bcirc_cm.13",1,76403176,"Bcirc_cm","PS_Y(1)","124+36088im(1)","MLM+SUPER(1)","","","","",0.2045,0.1099,NA,"",NA,NA,"","Sobic.001G495000.3","Chr01",76403349,76412452,9104,"-",173,-9276
"187","NsiI.TP409721","CmN.34",2,65096533,"CmN","PS_Y(2)","124+36088im(2)","CMLM+SUPER(1);MLM+SUPER(1)","","","","",0.0915,0.04129,NA,"",NA,NA,"","Sobic.002G266500.2","Chr02",65097219,65098349,1131,"+",686,-1816
"188","NsiI.TP409721","CmN.34",2,65096533,"CmN","PS_Y(2)","124+36088im(2)","CMLM+SUPER(1);MLM+SUPER(1)","","","","",0.0915,0.04129,NA,"",NA,NA,"","Sobic.002G266300.1","Chr02",65090573,65095550,4978,"-",-5960,983
"189","NsiI.TP409721","CmN.34",2,65096533,"CmN","PS_Y(2)","124+36088im(2)","CMLM+SUPER(1);MLM+SUPER(1)","","","","",0.0915,0.04129,NA,"",NA,NA,"","Sobic.002G266400.1","Chr02",65095981,65096349,369,"-",-552,184
"190","NsiI.TP409721","CmN.34",2,65096533,"CmN","PS_Y(2)","124+36088im(2)","CMLM+SUPER(1);MLM+SUPER(1)","","","","",0.0915,0.04129,NA,"",NA,NA,"","Sobic.002G266500.2","Chr02",65097219,65098349,1131,"+",686,-1816
"191","NsiI.TP409721","CmN.34",2,65096533,"CmN","PS_Y(2)","124+36088im(2)","CMLM+SUPER(1);MLM+SUPER(1)","","","","",0.0915,0.04129,NA,"",NA,NA,"","Sobic.002G266300.1","Chr02",65090573,65095550,4978,"-",-5960,983
"192","NsiI.TP409721","CmN.34",2,65096533,"CmN","PS_Y(2)","124+36088im(2)","CMLM+SUPER(1);MLM+SUPER(1)","","","","",0.0915,0.04129,NA,"",NA,NA,"","Sobic.002G266400.1","Chr02",65095981,65096349,369,"-",-552,184
"193","NsiI.TP409721","CmN.34",2,65096533,"CmN","PS_Y(2)","124+36088im(2)","CMLM+SUPER(1);MLM+SUPER(1)","","","","",0.0915,0.04129,NA,"",NA,NA,"","Sobic.002G266300.1","Chr02",65090573,65095550,4978,"-",-5960,983
"194","NsiI.TP409721","CmN.34",2,65096533,"CmN","PS_Y(2)","124+36088im(2)","CMLM+SUPER(1);MLM+SUPER(1)","","","","",0.0915,0.04129,NA,"",NA,NA,"","Sobic.002G266400.1","Chr02",65095981,65096349,369,"-",-552,184
"195","NsiI.TP409721","CmN.34",2,65096533,"CmN","PS_Y(2)","124+36088im(2)","CMLM+SUPER(1);MLM+SUPER(1)","","","","",0.0915,0.04129,NA,"",NA,NA,"","Sobic.002G266500.2","Chr02",65097219,65098349,1131,"+",686,-1816
"196","NsiI.TP409721","CmN.34",2,65096533,"CmN","PS_Y(2)","124+36088im(2)","CMLM+SUPER(1);MLM+SUPER(1)","","","","",0.0915,0.04129,NA,"",NA,NA,"","Sobic.002G266500.2","Chr02",65097219,65098349,1131,"+",686,-1816
"197","NsiI.TP409721","CmN.34",2,65096533,"CmN","PS_Y(2)","124+36088im(2)","CMLM+SUPER(1);MLM+SUPER(1)","","","","",0.0915,0.04129,NA,"",NA,NA,"","Sobic.002G266300.1","Chr02",65090573,65095550,4978,"-",-5960,983
"198","NsiI.TP409721","CmN.34",2,65096533,"CmN","PS_Y(2)","124+36088im(2)","CMLM+SUPER(1);MLM+SUPER(1)","","","","",0.0915,0.04129,NA,"",NA,NA,"","Sobic.002G266400.1","Chr02",65095981,65096349,369,"-",-552,184
"199","NsiI.TP409721","CmN.34",2,65096533,"CmN","PS_Y(2)","124+36088im(2)","CMLM+SUPER(1);MLM+SUPER(1)","","","","",0.0915,0.04129,NA,"",NA,NA,"","Sobic.002G266500.2","Chr02",65097219,65098349,1131,"+",686,-1816
"200","NsiI.TP409721","CmN.34",2,65096533,"CmN","PS_Y(2)","124+36088im(2)","CMLM+SUPER(1);MLM+SUPER(1)","","","","",0.0915,0.04129,NA,"",NA,NA,"","Sobic.002G266300.1","Chr02",65090573,65095550,4978,"-",-5960,983
"201","NsiI.TP409721","CmN.34",2,65096533,"CmN","PS_Y(2)","124+36088im(2)","CMLM+SUPER(1);MLM+SUPER(1)","","","","",0.0915,0.04129,NA,"",NA,NA,"","Sobic.002G266400.1","Chr02",65095981,65096349,369,"-",-552,184
"202","NsiI.TP409721","CmN.34",2,65096533,"CmN","PS_Y(2)","124+36088im(2)","CMLM+SUPER(1);MLM+SUPER(1)","","","","",0.0915,0.04129,NA,"",NA,NA,"","Sobic.002G266300.1","Chr02",65090573,65095550,4978,"-",-5960,983
"203","NsiI.TP409721","CmN.34",2,65096533,"CmN","PS_Y(2)","124+36088im(2)","CMLM+SUPER(1);MLM+SUPER(1)","","","","",0.0915,0.04129,NA,"",NA,NA,"","Sobic.002G266400.1","Chr02",65095981,65096349,369,"-",-552,184
"204","NsiI.TP409721","CmN.34",2,65096533,"CmN","PS_Y(2)","124+36088im(2)","CMLM+SUPER(1);MLM+SUPER(1)","","","","",0.0915,0.04129,NA,"",NA,NA,"","Sobic.002G266500.2","Chr02",65097219,65098349,1131,"+",686,-1816
"205","NsiI.TP409721","CmN.34",2,65096533,"CmN","PS_Y(2)","124+36088im(2)","CMLM+SUPER(1);MLM+SUPER(1)","","","","",0.0915,0.04129,NA,"",NA,NA,"","Sobic.002G266500.2","Chr02",65097219,65098349,1131,"+",686,-1816
"206","NsiI.TP409721","CmN.34",2,65096533,"CmN","PS_Y(2)","124+36088im(2)","CMLM+SUPER(1);MLM+SUPER(1)","","","","",0.0915,0.04129,NA,"",NA,NA,"","Sobic.002G266300.1","Chr02",65090573,65095550,4978,"-",-5960,983
"207","NsiI.TP409721","CmN.34",2,65096533,"CmN","PS_Y(2)","124+36088im(2)","CMLM+SUPER(1);MLM+SUPER(1)","","","","",0.0915,0.04129,NA,"",NA,NA,"","Sobic.002G266400.1","Chr02",65095981,65096349,369,"-",-552,184
"208","NsiI.TP409721","CmN.34",2,65096533,"CmN","PS_Y(2)","124+36088im(2)","CMLM+SUPER(1);MLM+SUPER(1)","","","","",0.0915,0.04129,NA,"",NA,NA,"","Sobic.002G266500.2","Chr02",65097219,65098349,1131,"+",686,-1816
"209","NsiI.TP409721","CmN.34",2,65096533,"CmN","PS_Y(2)","124+36088im(2)","CMLM+SUPER(1);MLM+SUPER(1)","","","","",0.0915,0.04129,NA,"",NA,NA,"","Sobic.002G266300.1","Chr02",65090573,65095550,4978,"-",-5960,983
"210","NsiI.TP409721","CmN.34",2,65096533,"CmN","PS_Y(2)","124+36088im(2)","CMLM+SUPER(1);MLM+SUPER(1)","","","","",0.0915,0.04129,NA,"",NA,NA,"","Sobic.002G266400.1","Chr02",65095981,65096349,369,"-",-552,184
"211","NsiI.TP409721","CmN.34",2,65096533,"CmN","PS_Y(2)","124+36088im(2)","CMLM+SUPER(1);MLM+SUPER(1)","","","","",0.0915,0.04129,NA,"",NA,NA,"","Sobic.002G266300.1","Chr02",65090573,65095550,4978,"-",-5960,983
"212","NsiI.TP409721","CmN.34",2,65096533,"CmN","PS_Y(2)","124+36088im(2)","CMLM+SUPER(1);MLM+SUPER(1)","","","","",0.0915,0.04129,NA,"",NA,NA,"","Sobic.002G266400.1","Chr02",65095981,65096349,369,"-",-552,184
"213","NsiI.TP409721","CmN.34",2,65096533,"CmN","PS_Y(2)","124+36088im(2)","CMLM+SUPER(1);MLM+SUPER(1)","","","","",0.0915,0.04129,NA,"",NA,NA,"","Sobic.002G266500.2","Chr02",65097219,65098349,1131,"+",686,-1816
"214","NsiI.TP415575","CmN.35",9,53923129,"CmN","PS_Y(3)","124+36088im(3)","CMLM+SUPER(1);MLM+SUPER(1)","","","","GLM(1)",0.05339,8.295,NA,"",NA,NA,"","Sobic.009G186300.1","Chr09",53920131,53923447,3317,"-",-2998,-318
"216","NsiI.TP41841","CmD_LI_mm.3",2,74627859,"CmD_LI_mm","PS_N(1)","124+36088im(1)","","","FASTmrMLM(1)","","",0.0806,3.098,NA,"",NA,NA,"","Sobic.002G393600.1","Chr02",74626329,74631459,5131,"+",-1530,-3600
"217","NsiI.TP42003","CmN.37",8,62544570,"CmN","PS_N(2);PS_Y(1)","124+36088im(3)","","","FASTmrMLM(2);pKWmEB(1)","","",0.1169,10.32,NA,"",NA,NA,"","Sobic.008G191800.1","Chr08",62544046,62545439,1394,"-",-524,-869
"222","NsiI.TP434679","CmN.39",3,11842346,"CmN","PS_N(3)","C116+3293(1);C124+2560(2)","","FarmCPU(2)","pLARmEB(1)","","",0.1107,4.918,NA,"",NA,NA,"","Sobic.003G128575.1","Chr03",11840730,11841718,989,"-",-1616,628
"223","NsiI.TP438910","CmD_BI_mm.5",4,67451505,"CmD_BI_mm","PS_N(1);PS_Y(1)","124+36088im(2)","","","FASTmrMLM(1);mrMLM(1)","","",0.1885,23.5,NA,"",NA,NA,"","Sobic.004G344200.2","Chr04",67442362,67451659,9298,"+",-9143,-154
"224","NsiI.TP438910","CmD_BI_mm.5",4,67451505,"CmD_BI_mm","PS_N(1);PS_Y(1)","124+36088im(2)","","","FASTmrMLM(1);mrMLM(1)","","",0.1885,23.5,NA,"",NA,NA,"","Sobic.004G344200.3","Chr04",67442362,67451589,9228,"+",-9143,-84
"225","NsiI.TP438910","CmD_BI_mm.5",4,67451505,"CmD_BI_mm","PS_N(1);PS_Y(1)","124+36088im(2)","","","FASTmrMLM(1);mrMLM(1)","","",0.1885,23.5,NA,"",NA,NA,"","Sobic.004G344200.1","Chr04",67442362,67451137,8776,"+",-9143,368
"227","NsiI.TP441693","Bcirc_cm.14",3,2660294,"Bcirc_cm","PS_Y(1)","124+36088im(1)","","","ISIS EM-BLASSO(1)","","",0.0927,0.8278,NA,"",NA,NA,"","Sobic.003G029900.1","Chr03",2655907,2661093,5187,"+",-4387,-799
"231","NsiI.TP445017","Cml_cm.13",9,55901846,"Cml_cm","PS_N(1);PS_Y(2)","C116+3293(2);C124+2560(1)","","FarmCPU(1)","FASTmrMLM(1);ISIS EM-BLASSO(1)","","",0.4871,7.028,NA,"",NA,NA,"","Sobic.009G213500.2","Chr09",55898970,55902453,3484,"-",-2876,-607
"232","NsiI.TP445017","Cml_cm.13",9,55901846,"Cml_cm","PS_N(1);PS_Y(2)","C116+3293(2);C124+2560(1)","","FarmCPU(1)","FASTmrMLM(1);ISIS EM-BLASSO(1)","","",0.4871,7.028,NA,"",NA,NA,"","Sobic.009G213500.1","Chr09",55898970,55902453,3484,"-",-2876,-607
"234","NsiI.TP447144","Cml_cm.14",3,63530717,"Cml_cm","PS_N(6)","124+36088im(2);C106+4202(4)","","FarmCPU(1)","FASTmrMLM(2);mrMLM(1);pKWmEB(2)","","",0.0865,20.25,NA,"",NA,NA,"","Sobic.003G305500.1","Chr03",63529430,63531284,1855,"-",-1287,-567
"235","NsiI.TP447144","Cml_cm.14",3,63530717,"Cml_cm","PS_N(6)","124+36088im(2);C106+4202(4)","","FarmCPU(1)","FASTmrMLM(2);mrMLM(1);pKWmEB(2)","","",0.0865,20.25,NA,"",NA,NA,"","Sobic.003G305500.1","Chr03",63529430,63531284,1855,"-",-1287,-567
"236","NsiI.TP447144","Yld_kg.4",3,63530717,"Yld","PS_N(1)","C106+4202(1)","","","ISIS EM-BLASSO(1)","","",0.0849,0,NA,"NsiI.TP447144",3,63530717,"NsiI.TP447144\3\63530717","Sobic.003G305500.1","Chr03",63529430,63531284,1855,"-",-1287,-567
"237","NsiI.TP447144","Yld_kg.4",3,63530717,"Yld","PS_N(1)","C106+4202(1)","","","ISIS EM-BLASSO(1)","","",0.0849,0,NA,"NsiI.TP447144",3,63530717,"NsiI.TP447144\3\63530717","Sobic.003G305500.1","Chr03",63529430,63531284,1855,"-",-1287,-567
"240","NsiI.TP459060","CmN.45",10,497104,"CmN","PS_Y(1)","124+36088im(1)","","","","","GLM(1)",0.1031,6.791,NA,"",NA,NA,"","Sobic.010G006100.2","Chr10",495563,496714,1152,"-",-1541,390
"241","NsiI.TP46196","CmDW_g.4",1,57778864,"CmDW_g","PS_N(1)","124+36088im(1)","","FarmCPU(1)","","","",0.1229,0.184,NA,"",NA,NA,"","Sobic.001G297600.2","Chr01",57777901,57781542,3642,"-",-963,-2678
"242","NsiI.TP46196","CmDW_g.4",1,57778864,"CmDW_g","PS_N(1)","124+36088im(1)","","FarmCPU(1)","","","",0.1229,0.184,NA,"",NA,NA,"","Sobic.001G297600.1","Chr01",57777901,57781542,3642,"-",-963,-2678
"243","NsiI.TP465791","CmN.46",1,74820948,"CmN","PS_Y(3)","124+36088im(3)","CMLM+SUPER(1);MLM+SUPER(1)","","","","GLM(1)",0.1307,8.483,NA,"",NA,NA,"","Sobic.001G475900.1","Chr01",74814983,74820643,5661,"+",-5965,305
"244","NsiI.TP465791","CmN.46",1,74820948,"CmN","PS_Y(3)","124+36088im(3)","CMLM+SUPER(1);MLM+SUPER(1)","","","","GLM(1)",0.1307,8.483,NA,"",NA,NA,"","Sobic.001G476000.1","Chr01",74820847,74822682,1836,"+",-101,-1734
"245","NsiI.TP465791","CmN.46",1,74820948,"CmN","PS_Y(3)","124+36088im(3)","CMLM+SUPER(1);MLM+SUPER(1)","","","","GLM(1)",0.1307,8.483,NA,"",NA,NA,"","Sobic.001G475900.1","Chr01",74814983,74820643,5661,"+",-5965,305
"246","NsiI.TP465791","CmN.46",1,74820948,"CmN","PS_Y(3)","124+36088im(3)","CMLM+SUPER(1);MLM+SUPER(1)","","","","GLM(1)",0.1307,8.483,NA,"",NA,NA,"","Sobic.001G476000.1","Chr01",74820847,74822682,1836,"+",-101,-1734
"247","NsiI.TP465791","CmN.46",1,74820948,"CmN","PS_Y(3)","124+36088im(3)","CMLM+SUPER(1);MLM+SUPER(1)","","","","GLM(1)",0.1307,8.483,NA,"",NA,NA,"","Sobic.001G475900.1","Chr01",74814983,74820643,5661,"+",-5965,305
"248","NsiI.TP465791","CmN.46",1,74820948,"CmN","PS_Y(3)","124+36088im(3)","CMLM+SUPER(1);MLM+SUPER(1)","","","","GLM(1)",0.1307,8.483,NA,"",NA,NA,"","Sobic.001G476000.1","Chr01",74820847,74822682,1836,"+",-101,-1734
"249","NsiI.TP465791","CmN.46",1,74820948,"CmN","PS_Y(3)","124+36088im(3)","CMLM+SUPER(1);MLM+SUPER(1)","","","","GLM(1)",0.1307,8.483,NA,"",NA,NA,"","Sobic.001G475900.1","Chr01",74814983,74820643,5661,"+",-5965,305
"250","NsiI.TP465791","CmN.46",1,74820948,"CmN","PS_Y(3)","124+36088im(3)","CMLM+SUPER(1);MLM+SUPER(1)","","","","GLM(1)",0.1307,8.483,NA,"",NA,NA,"","Sobic.001G476000.1","Chr01",74820847,74822682,1836,"+",-101,-1734
"252","NsiI.TP471156","CmD_LI_mm.4",6,43353284,"CmD_LI_mm","PS_Y(1)","124+36088im(1)","","","mrMLM(1)","","",0.041,15.91,NA,"",NA,NA,"","Sobic.006G071096.1","Chr06",43353433,43354267,835,"+",149,-983
"253","NsiI.TP471487","Yld_kg.5",10,52898413,"Yld","PS_N(1)","124+36088im(1)","","FarmCPU(1)","","","",0.187,1.74e-06,NA,"NsiI.TP471487",10,52898413,"NsiI.TP471487\10\52898413","Sobic.010G188500.1","Chr10",52896453,52900041,3589,"+",-1960,-1628
"254","NsiI.TP471487","Yld_kg.5",10,52898413,"Yld","PS_N(1)","124+36088im(1)","","FarmCPU(1)","","","",0.187,1.74e-06,NA,"NsiI.TP471487",10,52898413,"NsiI.TP471487\10\52898413","Sobic.010G188500.1","Chr10",52896453,52900041,3589,"+",-1960,-1628
"255","NsiI.TP471487","CCirc_cm.5",10,52898413,"CCirc_cm","PS_N(1)","124+36088im(1)","","FarmCPU(1)","","","",0.187,0.6401,NA,"",NA,NA,"","Sobic.010G188500.1","Chr10",52896453,52900041,3589,"+",-1960,-1628
"256","NsiI.TP471487","CCirc_cm.5",10,52898413,"CCirc_cm","PS_N(1)","124+36088im(1)","","FarmCPU(1)","","","",0.187,0.6401,NA,"",NA,NA,"","Sobic.010G188500.1","Chr10",52896453,52900041,3589,"+",-1960,-1628
"258","NsiI.TP482264","Bcirc_cm.16",1,66520178,"Bcirc_cm","PS_N(1)","C124+2560(1)","","","FASTmrEMMA(1)","","",0.0524,1.3e-10,NA,"",NA,NA,"","Sobic.001G376600.1","Chr01",66519811,66521335,1525,"+",-367,-1157
"262","NsiI.TP488601","CmDW_g.5",1,6409370,"CmDW_g","PS_N(1)","C124+2560(1)","","","pKWmEB(1)","","",0.2984,3.521,NA,"",NA,NA,"","Sobic.001G083000.1","Chr01",6408709,6412370,3662,"-",-661,-3000
"263","NsiI.TP488601","CmDW_g.5",1,6409370,"CmDW_g","PS_N(1)","C124+2560(1)","","","pKWmEB(1)","","",0.2984,3.521,NA,"",NA,NA,"","Sobic.001G082900.1","Chr01",6405202,6408722,3521,"+",-4168,648
"264","NsiI.TP488601","CmDW_g.5",1,6409370,"CmDW_g","PS_N(1)","C124+2560(1)","","","pKWmEB(1)","","",0.2984,3.521,NA,"",NA,NA,"","Sobic.001G083000.1","Chr01",6408709,6412370,3662,"-",-661,-3000
"265","NsiI.TP488601","CmDW_g.5",1,6409370,"CmDW_g","PS_N(1)","C124+2560(1)","","","pKWmEB(1)","","",0.2984,3.521,NA,"",NA,NA,"","Sobic.001G082900.1","Chr01",6405202,6408722,3521,"+",-4168,648
"266","NsiI.TP488601","CmDW_g.5",1,6409370,"CmDW_g","PS_N(1)","C124+2560(1)","","","pKWmEB(1)","","",0.2984,3.521,NA,"",NA,NA,"","Sobic.001G083000.1","Chr01",6408709,6412370,3662,"-",-661,-3000
"267","NsiI.TP488601","CmDW_g.5",1,6409370,"CmDW_g","PS_N(1)","C124+2560(1)","","","pKWmEB(1)","","",0.2984,3.521,NA,"",NA,NA,"","Sobic.001G083000.1","Chr01",6408709,6412370,3662,"-",-661,-3000
"268","NsiI.TP488601","CmDW_g.5",1,6409370,"CmDW_g","PS_N(1)","C124+2560(1)","","","pKWmEB(1)","","",0.2984,3.521,NA,"",NA,NA,"","Sobic.001G082900.1","Chr01",6405202,6408722,3521,"+",-4168,648
"269","NsiI.TP488601","CmDW_g.5",1,6409370,"CmDW_g","PS_N(1)","C124+2560(1)","","","pKWmEB(1)","","",0.2984,3.521,NA,"",NA,NA,"","Sobic.001G082900.1","Chr01",6405202,6408722,3521,"+",-4168,648
"270","NsiI.TP488601","Cml_cm.15",1,6409370,"Cml_cm","PS_N(1)","C124+2560(1)","","","pLARmEB(1)","","",0.3033,4.942,NA,"",NA,NA,"","Sobic.001G083000.1","Chr01",6408709,6412370,3662,"-",-661,-3000
"271","NsiI.TP488601","Cml_cm.15",1,6409370,"Cml_cm","PS_N(1)","C124+2560(1)","","","pLARmEB(1)","","",0.3033,4.942,NA,"",NA,NA,"","Sobic.001G082900.1","Chr01",6405202,6408722,3521,"+",-4168,648
"272","NsiI.TP488601","Cml_cm.15",1,6409370,"Cml_cm","PS_N(1)","C124+2560(1)","","","pLARmEB(1)","","",0.3033,4.942,NA,"",NA,NA,"","Sobic.001G083000.1","Chr01",6408709,6412370,3662,"-",-661,-3000
"273","NsiI.TP488601","Cml_cm.15",1,6409370,"Cml_cm","PS_N(1)","C124+2560(1)","","","pLARmEB(1)","","",0.3033,4.942,NA,"",NA,NA,"","Sobic.001G082900.1","Chr01",6405202,6408722,3521,"+",-4168,648
"274","NsiI.TP488601","Cml_cm.15",1,6409370,"Cml_cm","PS_N(1)","C124+2560(1)","","","pLARmEB(1)","","",0.3033,4.942,NA,"",NA,NA,"","Sobic.001G083000.1","Chr01",6408709,6412370,3662,"-",-661,-3000
"275","NsiI.TP488601","Cml_cm.15",1,6409370,"Cml_cm","PS_N(1)","C124+2560(1)","","","pLARmEB(1)","","",0.3033,4.942,NA,"",NA,NA,"","Sobic.001G083000.1","Chr01",6408709,6412370,3662,"-",-661,-3000
"276","NsiI.TP488601","Cml_cm.15",1,6409370,"Cml_cm","PS_N(1)","C124+2560(1)","","","pLARmEB(1)","","",0.3033,4.942,NA,"",NA,NA,"","Sobic.001G082900.1","Chr01",6405202,6408722,3521,"+",-4168,648
"277","NsiI.TP488601","Cml_cm.15",1,6409370,"Cml_cm","PS_N(1)","C124+2560(1)","","","pLARmEB(1)","","",0.3033,4.942,NA,"",NA,NA,"","Sobic.001G082900.1","Chr01",6405202,6408722,3521,"+",-4168,648
"278","NsiI.TP488601","CmDW_g.5",1,6409370,"CmDW_g","PS_N(1)","C124+2560(1)","","","pKWmEB(1)","","",0.2984,3.521,NA,"",NA,NA,"","Sobic.001G083000.1","Chr01",6408709,6412370,3662,"-",-661,-3000
"279","NsiI.TP488601","CmDW_g.5",1,6409370,"CmDW_g","PS_N(1)","C124+2560(1)","","","pKWmEB(1)","","",0.2984,3.521,NA,"",NA,NA,"","Sobic.001G082900.1","Chr01",6405202,6408722,3521,"+",-4168,648
"280","NsiI.TP488601","CmDW_g.5",1,6409370,"CmDW_g","PS_N(1)","C124+2560(1)","","","pKWmEB(1)","","",0.2984,3.521,NA,"",NA,NA,"","Sobic.001G083000.1","Chr01",6408709,6412370,3662,"-",-661,-3000
"281","NsiI.TP488601","CmDW_g.5",1,6409370,"CmDW_g","PS_N(1)","C124+2560(1)","","","pKWmEB(1)","","",0.2984,3.521,NA,"",NA,NA,"","Sobic.001G082900.1","Chr01",6405202,6408722,3521,"+",-4168,648
"282","NsiI.TP488601","CmDW_g.5",1,6409370,"CmDW_g","PS_N(1)","C124+2560(1)","","","pKWmEB(1)","","",0.2984,3.521,NA,"",NA,NA,"","Sobic.001G083000.1","Chr01",6408709,6412370,3662,"-",-661,-3000
"283","NsiI.TP488601","CmDW_g.5",1,6409370,"CmDW_g","PS_N(1)","C124+2560(1)","","","pKWmEB(1)","","",0.2984,3.521,NA,"",NA,NA,"","Sobic.001G083000.1","Chr01",6408709,6412370,3662,"-",-661,-3000
"284","NsiI.TP488601","CmDW_g.5",1,6409370,"CmDW_g","PS_N(1)","C124+2560(1)","","","pKWmEB(1)","","",0.2984,3.521,NA,"",NA,NA,"","Sobic.001G082900.1","Chr01",6405202,6408722,3521,"+",-4168,648
"285","NsiI.TP488601","CmDW_g.5",1,6409370,"CmDW_g","PS_N(1)","C124+2560(1)","","","pKWmEB(1)","","",0.2984,3.521,NA,"",NA,NA,"","Sobic.001G082900.1","Chr01",6405202,6408722,3521,"+",-4168,648
"286","NsiI.TP488601","Cml_cm.15",1,6409370,"Cml_cm","PS_N(1)","C124+2560(1)","","","pLARmEB(1)","","",0.3033,4.942,NA,"",NA,NA,"","Sobic.001G083000.1","Chr01",6408709,6412370,3662,"-",-661,-3000
"287","NsiI.TP488601","Cml_cm.15",1,6409370,"Cml_cm","PS_N(1)","C124+2560(1)","","","pLARmEB(1)","","",0.3033,4.942,NA,"",NA,NA,"","Sobic.001G082900.1","Chr01",6405202,6408722,3521,"+",-4168,648
"288","NsiI.TP488601","Cml_cm.15",1,6409370,"Cml_cm","PS_N(1)","C124+2560(1)","","","pLARmEB(1)","","",0.3033,4.942,NA,"",NA,NA,"","Sobic.001G083000.1","Chr01",6408709,6412370,3662,"-",-661,-3000
"289","NsiI.TP488601","Cml_cm.15",1,6409370,"Cml_cm","PS_N(1)","C124+2560(1)","","","pLARmEB(1)","","",0.3033,4.942,NA,"",NA,NA,"","Sobic.001G082900.1","Chr01",6405202,6408722,3521,"+",-4168,648
"290","NsiI.TP488601","Cml_cm.15",1,6409370,"Cml_cm","PS_N(1)","C124+2560(1)","","","pLARmEB(1)","","",0.3033,4.942,NA,"",NA,NA,"","Sobic.001G083000.1","Chr01",6408709,6412370,3662,"-",-661,-3000
"291","NsiI.TP488601","Cml_cm.15",1,6409370,"Cml_cm","PS_N(1)","C124+2560(1)","","","pLARmEB(1)","","",0.3033,4.942,NA,"",NA,NA,"","Sobic.001G083000.1","Chr01",6408709,6412370,3662,"-",-661,-3000
"292","NsiI.TP488601","Cml_cm.15",1,6409370,"Cml_cm","PS_N(1)","C124+2560(1)","","","pLARmEB(1)","","",0.3033,4.942,NA,"",NA,NA,"","Sobic.001G082900.1","Chr01",6405202,6408722,3521,"+",-4168,648
"293","NsiI.TP488601","Cml_cm.15",1,6409370,"Cml_cm","PS_N(1)","C124+2560(1)","","","pLARmEB(1)","","",0.3033,4.942,NA,"",NA,NA,"","Sobic.001G082900.1","Chr01",6405202,6408722,3521,"+",-4168,648
"294","NsiI.TP488716","CmD_LI_mm.6",5,5554725,"CmD_LI_mm","PS_N(1)","124+36088im(1)","","FarmCPU(1)","","","",0.2188,3.959,NA,"",NA,NA,"","Sobic.005G054800.1","Chr05",5554693,5556369,1677,"+",-32,-1644
"296","NsiI.TP494603","CmN.49",2,61270017,"CmN","PS_Y(2)","124+36088im(2)","CMLM+SUPER(1);MLM+SUPER(1)","","","","",0.2016,3.371,NA,"",NA,NA,"","Sobic.002G221000.1","Chr02",61270216,61273127,2912,"+",199,-3110
"297","NsiI.TP494603","CmN.49",2,61270017,"CmN","PS_Y(2)","124+36088im(2)","CMLM+SUPER(1);MLM+SUPER(1)","","","","",0.2016,3.371,NA,"",NA,NA,"","Sobic.002G220900.1","Chr02",61262610,61269841,7232,"+",-7407,176
"298","NsiI.TP494603","CmN.49",2,61270017,"CmN","PS_Y(2)","124+36088im(2)","CMLM+SUPER(1);MLM+SUPER(1)","","","","",0.2016,3.371,NA,"",NA,NA,"","Sobic.002G220900.1","Chr02",61262610,61269841,7232,"+",-7407,176
"299","NsiI.TP494603","CmN.49",2,61270017,"CmN","PS_Y(2)","124+36088im(2)","CMLM+SUPER(1);MLM+SUPER(1)","","","","",0.2016,3.371,NA,"",NA,NA,"","Sobic.002G221000.1","Chr02",61270216,61273127,2912,"+",199,-3110
"300","NsiI.TP494603","CmN.49",2,61270017,"CmN","PS_Y(2)","124+36088im(2)","CMLM+SUPER(1);MLM+SUPER(1)","","","","",0.2016,3.371,NA,"",NA,NA,"","Sobic.002G221000.1","Chr02",61270216,61273127,2912,"+",199,-3110
"301","NsiI.TP494603","CmN.49",2,61270017,"CmN","PS_Y(2)","124+36088im(2)","CMLM+SUPER(1);MLM+SUPER(1)","","","","",0.2016,3.371,NA,"",NA,NA,"","Sobic.002G220900.1","Chr02",61262610,61269841,7232,"+",-7407,176
"302","NsiI.TP494603","CmN.49",2,61270017,"CmN","PS_Y(2)","124+36088im(2)","CMLM+SUPER(1);MLM+SUPER(1)","","","","",0.2016,3.371,NA,"",NA,NA,"","Sobic.002G220900.1","Chr02",61262610,61269841,7232,"+",-7407,176
"303","NsiI.TP494603","CmN.49",2,61270017,"CmN","PS_Y(2)","124+36088im(2)","CMLM+SUPER(1);MLM+SUPER(1)","","","","",0.2016,3.371,NA,"",NA,NA,"","Sobic.002G221000.1","Chr02",61270216,61273127,2912,"+",199,-3110
"308","NsiI.TP509742","CmN.51",9,47862370,"CmN","PS_Y(1)","124+36088im(1)","","","","","GLM(1)",0.2069,7.81,NA,"",NA,NA,"","Sobic.009G125400.2","Chr09",47848523,47861791,13269,"+",-13847,579
"309","NsiI.TP509742","CmN.51",9,47862370,"CmN","PS_Y(1)","124+36088im(1)","","","","","GLM(1)",0.2069,7.81,NA,"",NA,NA,"","Sobic.009G125400.1","Chr09",47848523,47861791,13269,"+",-13847,579
"310","NsiI.TP51047","CmD_BI_mm.8",2,13453548,"CmD_BI_mm","PS_N(1)","C124+2560(1)","","FarmCPU(1)","","","",0.06452,17.78,NA,"",NA,NA,"","Sobic.002G110500.1","Chr02",13452892,13457488,4597,"+",-656,-3940
"313","NsiI.TP515167","CmN.53",4,68022596,"CmN","PS_Y(1)","124+36088im(1)","CMLM+SUPER(1)","","","","",0.2923,0.01055,NA,"",NA,NA,"","Sobic.004G351600.6","Chr04",68020858,68025379,4522,"+",-1738,-2783
"314","NsiI.TP515167","CmN.53",4,68022596,"CmN","PS_Y(1)","124+36088im(1)","CMLM+SUPER(1)","","","","",0.2923,0.01055,NA,"",NA,NA,"","Sobic.004G351600.3","Chr04",68019739,68025344,5606,"+",-2857,-2748
"315","NsiI.TP515167","CmN.53",4,68022596,"CmN","PS_Y(1)","124+36088im(1)","CMLM+SUPER(1)","","","","",0.2923,0.01055,NA,"",NA,NA,"","Sobic.004G351600.1","Chr04",68019739,68025304,5566,"+",-2857,-2708
"316","NsiI.TP515167","CmN.53",4,68022596,"CmN","PS_Y(1)","124+36088im(1)","CMLM+SUPER(1)","","","","",0.2923,0.01055,NA,"",NA,NA,"","Sobic.004G351600.4","Chr04",68019739,68025356,5618,"+",-2857,-2760
"317","NsiI.TP515167","CmN.53",4,68022596,"CmN","PS_Y(1)","124+36088im(1)","CMLM+SUPER(1)","","","","",0.2923,0.01055,NA,"",NA,NA,"","Sobic.004G351600.5","Chr04",68019739,68025356,5618,"+",-2857,-2760
"318","NsiI.TP515167","CmN.53",4,68022596,"CmN","PS_Y(1)","124+36088im(1)","CMLM+SUPER(1)","","","","",0.2923,0.01055,NA,"",NA,NA,"","Sobic.004G351600.2","Chr04",68019739,68025304,5566,"+",-2857,-2708
"319","NsiI.TP520698","Cml_cm.17",1,3113038,"Cml_cm","PS_N(1)","124+36088im(1)","","FarmCPU(1)","","","",0.4451,0.05498,NA,"",NA,NA,"","Sobic.001G041800.1","Chr01",3112405,3122688,10284,"-",-633,-9650
"320","NsiI.TP520698","Cml_cm.17",1,3113038,"Cml_cm","PS_N(1)","124+36088im(1)","","FarmCPU(1)","","","",0.4451,0.05498,NA,"",NA,NA,"","Sobic.001G041800.1","Chr01",3112405,3122688,10284,"-",-633,-9650
"321","NsiI.TP520698","Cml_cm.17",1,3113038,"Cml_cm","PS_N(1)","124+36088im(1)","","FarmCPU(1)","","","",0.4451,0.05498,NA,"",NA,NA,"","Sobic.001G041700.3","Chr01",3100225,3112212,11988,"-",-12813,826
"322","NsiI.TP520698","Cml_cm.17",1,3113038,"Cml_cm","PS_N(1)","124+36088im(1)","","FarmCPU(1)","","","",0.4451,0.05498,NA,"",NA,NA,"","Sobic.001G041700.4","Chr01",3099655,3112212,12558,"-",-13383,826
"323","NsiI.TP520698","Cml_cm.17",1,3113038,"Cml_cm","PS_N(1)","124+36088im(1)","","FarmCPU(1)","","","",0.4451,0.05498,NA,"",NA,NA,"","Sobic.001G041700.3","Chr01",3100225,3112212,11988,"-",-12813,826
"324","NsiI.TP520698","Cml_cm.17",1,3113038,"Cml_cm","PS_N(1)","124+36088im(1)","","FarmCPU(1)","","","",0.4451,0.05498,NA,"",NA,NA,"","Sobic.001G041700.4","Chr01",3099655,3112212,12558,"-",-13383,826
"325","NsiI.TP520698","Cml_cm.17",1,3113038,"Cml_cm","PS_N(1)","124+36088im(1)","","FarmCPU(1)","","","",0.4451,0.05498,NA,"",NA,NA,"","Sobic.001G041800.1","Chr01",3112405,3122688,10284,"-",-633,-9650
"326","NsiI.TP520698","Cml_cm.17",1,3113038,"Cml_cm","PS_N(1)","124+36088im(1)","","FarmCPU(1)","","","",0.4451,0.05498,NA,"",NA,NA,"","Sobic.001G041800.1","Chr01",3112405,3122688,10284,"-",-633,-9650
"327","NsiI.TP520698","Cml_cm.17",1,3113038,"Cml_cm","PS_N(1)","124+36088im(1)","","FarmCPU(1)","","","",0.4451,0.05498,NA,"",NA,NA,"","Sobic.001G041700.3","Chr01",3100225,3112212,11988,"-",-12813,826
"328","NsiI.TP520698","Cml_cm.17",1,3113038,"Cml_cm","PS_N(1)","124+36088im(1)","","FarmCPU(1)","","","",0.4451,0.05498,NA,"",NA,NA,"","Sobic.001G041700.4","Chr01",3099655,3112212,12558,"-",-13383,826
"329","NsiI.TP520698","Cml_cm.17",1,3113038,"Cml_cm","PS_N(1)","124+36088im(1)","","FarmCPU(1)","","","",0.4451,0.05498,NA,"",NA,NA,"","Sobic.001G041700.3","Chr01",3100225,3112212,11988,"-",-12813,826
"330","NsiI.TP520698","Cml_cm.17",1,3113038,"Cml_cm","PS_N(1)","124+36088im(1)","","FarmCPU(1)","","","",0.4451,0.05498,NA,"",NA,NA,"","Sobic.001G041700.4","Chr01",3099655,3112212,12558,"-",-13383,826
"331","NsiI.TP525011","CmN.54",10,450727,"CmN","PS_Y(1)","124+36088im(1)","CMLM+SUPER(1)","","","","",0.2415,0.1802,NA,"",NA,NA,"","Sobic.010G005401.1","Chr10",448862,451672,2811,"+",-1865,-945
"332","NsiI.TP525011","CmN.54",10,450727,"CmN","PS_Y(1)","124+36088im(1)","CMLM+SUPER(1)","","","","",0.2415,0.1802,NA,"",NA,NA,"","Sobic.010G005401.1","Chr10",448862,451672,2811,"+",-1865,-945
"333","NsiI.TP525011","CmN.54",10,450727,"CmN","PS_Y(1)","124+36088im(1)","CMLM+SUPER(1)","","","","",0.2415,0.1802,NA,"",NA,NA,"","Sobic.010G005500.1","Chr10",451673,455105,3433,"-",946,-4378
"334","NsiI.TP525011","CmN.54",10,450727,"CmN","PS_Y(1)","124+36088im(1)","CMLM+SUPER(1)","","","","",0.2415,0.1802,NA,"",NA,NA,"","Sobic.010G005500.1","Chr10",451673,455105,3433,"-",946,-4378
"335","NsiI.TP525011","CmN.54",10,450727,"CmN","PS_Y(1)","124+36088im(1)","CMLM+SUPER(1)","","","","",0.2415,0.1802,NA,"",NA,NA,"","Sobic.010G005401.1","Chr10",448862,451672,2811,"+",-1865,-945
"336","NsiI.TP525011","CmN.54",10,450727,"CmN","PS_Y(1)","124+36088im(1)","CMLM+SUPER(1)","","","","",0.2415,0.1802,NA,"",NA,NA,"","Sobic.010G005401.1","Chr10",448862,451672,2811,"+",-1865,-945
"337","NsiI.TP525011","CmN.54",10,450727,"CmN","PS_Y(1)","124+36088im(1)","CMLM+SUPER(1)","","","","",0.2415,0.1802,NA,"",NA,NA,"","Sobic.010G005500.1","Chr10",451673,455105,3433,"-",946,-4378
"338","NsiI.TP525011","CmN.54",10,450727,"CmN","PS_Y(1)","124+36088im(1)","CMLM+SUPER(1)","","","","",0.2415,0.1802,NA,"",NA,NA,"","Sobic.010G005500.1","Chr10",451673,455105,3433,"-",946,-4378
"343","NsiI.TP571832","CmDW_g.7",2,63804104,"CmDW_g","PS_Y(1)","124+36088im(1)","","","mrMLM(1)","","",0.2418,10.27,NA,"",NA,NA,"","Sobic.002G250900.1","Chr02",63803062,63803858,797,"+",-1042,246
"344","NsiI.TP57283","Yld_kg.6",6,49505312,"Yld","PS_N(1)","C124+2560(1)","","FarmCPU(1)","","","",0.129,5.724,NA,"NsiI.TP57283",6,49505312,"NsiI.TP57283\6\49505312","Sobic.006G130800.1","Chr06",49502325,49508126,5802,"-",-2987,-2814
"345","NsiI.TP575555","CmN.56",2,2228424,"CmN","PS_Y(2)","124+36088im(2)","MLM+SUPER(1)","","","","GLM(1)",0.06237,7.769,NA,"",NA,NA,"","Sobic.002G023900.1","Chr02",2228532,2234882,6351,"+",108,-6458
"346","NsiI.TP575618","CmN.57",7,3778581,"CmN","PS_Y(1)","C106+4202(1)","MLM+SUPER(1)","","","","",0.06604,0.255,NA,"",NA,NA,"","Sobic.007G039100.1","Chr07",3776104,3779183,3080,"+",-2477,-602
"347","NsiI.TP575629","CmD_BI_mm.9",4,14235179,"CmD_BI_mm","PS_N(1)","124+36088im(1)","","","FASTmrMLM(1)","","",0.0927,0.0037,NA,"",NA,NA,"","Sobic.004G124700.1","Chr04",14231927,14235182,3256,"+",-3252,-3
"348","NsiI.TP575629","CmD_BI_mm.9",4,14235179,"CmD_BI_mm","PS_N(1)","124+36088im(1)","","","FASTmrMLM(1)","","",0.0927,0.0037,NA,"",NA,NA,"","Sobic.004G124800.1","Chr04",14235238,14239251,4014,"-",59,-4072
"349","NsiI.TP575629","CmD_BI_mm.9",4,14235179,"CmD_BI_mm","PS_N(1)","124+36088im(1)","","","FASTmrMLM(1)","","",0.0927,0.0037,NA,"",NA,NA,"","Sobic.004G124700.1","Chr04",14231927,14235182,3256,"+",-3252,-3
"350","NsiI.TP575629","CmD_BI_mm.9",4,14235179,"CmD_BI_mm","PS_N(1)","124+36088im(1)","","","FASTmrMLM(1)","","",0.0927,0.0037,NA,"",NA,NA,"","Sobic.004G124700.1","Chr04",14231927,14235182,3256,"+",-3252,-3
"351","NsiI.TP575629","CmD_BI_mm.9",4,14235179,"CmD_BI_mm","PS_N(1)","124+36088im(1)","","","FASTmrMLM(1)","","",0.0927,0.0037,NA,"",NA,NA,"","Sobic.004G124800.1","Chr04",14235238,14239251,4014,"-",59,-4072
"352","NsiI.TP575629","CmD_BI_mm.9",4,14235179,"CmD_BI_mm","PS_N(1)","124+36088im(1)","","","FASTmrMLM(1)","","",0.0927,0.0037,NA,"",NA,NA,"","Sobic.004G124800.1","Chr04",14235238,14239251,4014,"-",59,-4072
"353","NsiI.TP575629","CmD_BI_mm.9",4,14235179,"CmD_BI_mm","PS_N(1)","124+36088im(1)","","","FASTmrMLM(1)","","",0.0927,0.0037,NA,"",NA,NA,"","Sobic.004G124700.1","Chr04",14231927,14235182,3256,"+",-3252,-3
"354","NsiI.TP575629","CmD_BI_mm.9",4,14235179,"CmD_BI_mm","PS_N(1)","124+36088im(1)","","","FASTmrMLM(1)","","",0.0927,0.0037,NA,"",NA,NA,"","Sobic.004G124800.1","Chr04",14235238,14239251,4014,"-",59,-4072
"355","NsiI.TP575629","CmDW_g.8",4,14235179,"CmDW_g","PS_N(1)","124+36088im(1)","","","FASTmrMLM(1)","","",0.0927,0.9351,NA,"",NA,NA,"","Sobic.004G124700.1","Chr04",14231927,14235182,3256,"+",-3252,-3
"356","NsiI.TP575629","CmDW_g.8",4,14235179,"CmDW_g","PS_N(1)","124+36088im(1)","","","FASTmrMLM(1)","","",0.0927,0.9351,NA,"",NA,NA,"","Sobic.004G124800.1","Chr04",14235238,14239251,4014,"-",59,-4072
"357","NsiI.TP575629","CmDW_g.8",4,14235179,"CmDW_g","PS_N(1)","124+36088im(1)","","","FASTmrMLM(1)","","",0.0927,0.9351,NA,"",NA,NA,"","Sobic.004G124700.1","Chr04",14231927,14235182,3256,"+",-3252,-3
"358","NsiI.TP575629","CmDW_g.8",4,14235179,"CmDW_g","PS_N(1)","124+36088im(1)","","","FASTmrMLM(1)","","",0.0927,0.9351,NA,"",NA,NA,"","Sobic.004G124700.1","Chr04",14231927,14235182,3256,"+",-3252,-3
"359","NsiI.TP575629","CmDW_g.8",4,14235179,"CmDW_g","PS_N(1)","124+36088im(1)","","","FASTmrMLM(1)","","",0.0927,0.9351,NA,"",NA,NA,"","Sobic.004G124800.1","Chr04",14235238,14239251,4014,"-",59,-4072
"360","NsiI.TP575629","CmDW_g.8",4,14235179,"CmDW_g","PS_N(1)","124+36088im(1)","","","FASTmrMLM(1)","","",0.0927,0.9351,NA,"",NA,NA,"","Sobic.004G124800.1","Chr04",14235238,14239251,4014,"-",59,-4072
"361","NsiI.TP575629","CmDW_g.8",4,14235179,"CmDW_g","PS_N(1)","124+36088im(1)","","","FASTmrMLM(1)","","",0.0927,0.9351,NA,"",NA,NA,"","Sobic.004G124700.1","Chr04",14231927,14235182,3256,"+",-3252,-3
"362","NsiI.TP575629","CmDW_g.8",4,14235179,"CmDW_g","PS_N(1)","124+36088im(1)","","","FASTmrMLM(1)","","",0.0927,0.9351,NA,"",NA,NA,"","Sobic.004G124800.1","Chr04",14235238,14239251,4014,"-",59,-4072
"363","NsiI.TP575629","CmD_BI_mm.9",4,14235179,"CmD_BI_mm","PS_N(1)","124+36088im(1)","","","FASTmrMLM(1)","","",0.0927,0.0037,NA,"",NA,NA,"","Sobic.004G124700.1","Chr04",14231927,14235182,3256,"+",-3252,-3
"364","NsiI.TP575629","CmD_BI_mm.9",4,14235179,"CmD_BI_mm","PS_N(1)","124+36088im(1)","","","FASTmrMLM(1)","","",0.0927,0.0037,NA,"",NA,NA,"","Sobic.004G124800.1","Chr04",14235238,14239251,4014,"-",59,-4072
"365","NsiI.TP575629","CmD_BI_mm.9",4,14235179,"CmD_BI_mm","PS_N(1)","124+36088im(1)","","","FASTmrMLM(1)","","",0.0927,0.0037,NA,"",NA,NA,"","Sobic.004G124700.1","Chr04",14231927,14235182,3256,"+",-3252,-3
"366","NsiI.TP575629","CmD_BI_mm.9",4,14235179,"CmD_BI_mm","PS_N(1)","124+36088im(1)","","","FASTmrMLM(1)","","",0.0927,0.0037,NA,"",NA,NA,"","Sobic.004G124700.1","Chr04",14231927,14235182,3256,"+",-3252,-3
"367","NsiI.TP575629","CmD_BI_mm.9",4,14235179,"CmD_BI_mm","PS_N(1)","124+36088im(1)","","","FASTmrMLM(1)","","",0.0927,0.0037,NA,"",NA,NA,"","Sobic.004G124800.1","Chr04",14235238,14239251,4014,"-",59,-4072
"368","NsiI.TP575629","CmD_BI_mm.9",4,14235179,"CmD_BI_mm","PS_N(1)","124+36088im(1)","","","FASTmrMLM(1)","","",0.0927,0.0037,NA,"",NA,NA,"","Sobic.004G124800.1","Chr04",14235238,14239251,4014,"-",59,-4072
"369","NsiI.TP575629","CmD_BI_mm.9",4,14235179,"CmD_BI_mm","PS_N(1)","124+36088im(1)","","","FASTmrMLM(1)","","",0.0927,0.0037,NA,"",NA,NA,"","Sobic.004G124700.1","Chr04",14231927,14235182,3256,"+",-3252,-3
"370","NsiI.TP575629","CmD_BI_mm.9",4,14235179,"CmD_BI_mm","PS_N(1)","124+36088im(1)","","","FASTmrMLM(1)","","",0.0927,0.0037,NA,"",NA,NA,"","Sobic.004G124800.1","Chr04",14235238,14239251,4014,"-",59,-4072
"371","NsiI.TP575629","CmDW_g.8",4,14235179,"CmDW_g","PS_N(1)","124+36088im(1)","","","FASTmrMLM(1)","","",0.0927,0.9351,NA,"",NA,NA,"","Sobic.004G124700.1","Chr04",14231927,14235182,3256,"+",-3252,-3
"372","NsiI.TP575629","CmDW_g.8",4,14235179,"CmDW_g","PS_N(1)","124+36088im(1)","","","FASTmrMLM(1)","","",0.0927,0.9351,NA,"",NA,NA,"","Sobic.004G124800.1","Chr04",14235238,14239251,4014,"-",59,-4072
"373","NsiI.TP575629","CmDW_g.8",4,14235179,"CmDW_g","PS_N(1)","124+36088im(1)","","","FASTmrMLM(1)","","",0.0927,0.9351,NA,"",NA,NA,"","Sobic.004G124700.1","Chr04",14231927,14235182,3256,"+",-3252,-3
"374","NsiI.TP575629","CmDW_g.8",4,14235179,"CmDW_g","PS_N(1)","124+36088im(1)","","","FASTmrMLM(1)","","",0.0927,0.9351,NA,"",NA,NA,"","Sobic.004G124700.1","Chr04",14231927,14235182,3256,"+",-3252,-3
"375","NsiI.TP575629","CmDW_g.8",4,14235179,"CmDW_g","PS_N(1)","124+36088im(1)","","","FASTmrMLM(1)","","",0.0927,0.9351,NA,"",NA,NA,"","Sobic.004G124800.1","Chr04",14235238,14239251,4014,"-",59,-4072
"376","NsiI.TP575629","CmDW_g.8",4,14235179,"CmDW_g","PS_N(1)","124+36088im(1)","","","FASTmrMLM(1)","","",0.0927,0.9351,NA,"",NA,NA,"","Sobic.004G124800.1","Chr04",14235238,14239251,4014,"-",59,-4072
"377","NsiI.TP575629","CmDW_g.8",4,14235179,"CmDW_g","PS_N(1)","124+36088im(1)","","","FASTmrMLM(1)","","",0.0927,0.9351,NA,"",NA,NA,"","Sobic.004G124700.1","Chr04",14231927,14235182,3256,"+",-3252,-3
"378","NsiI.TP575629","CmDW_g.8",4,14235179,"CmDW_g","PS_N(1)","124+36088im(1)","","","FASTmrMLM(1)","","",0.0927,0.9351,NA,"",NA,NA,"","Sobic.004G124800.1","Chr04",14235238,14239251,4014,"-",59,-4072
"379","NsiI.TP576208","CmD_LI_mm.8",1,19994793,"CmD_LI_mm","PS_N(1)","124+36088im(1)","","","ISIS EM-BLASSO(1)","","",0.1411,7.015,NA,"",NA,NA,"","Sobic.001G216300.1","Chr01",19995777,20001079,5303,"+",984,-6286
"380","NsiI.TP576208","CmD_LI_mm.8",1,19994793,"CmD_LI_mm","PS_N(1)","124+36088im(1)","","","ISIS EM-BLASSO(1)","","",0.1411,7.015,NA,"",NA,NA,"","Sobic.001G216300.1","Chr01",19995777,20001079,5303,"+",984,-6286
"381","NsiI.TP576208","CmDW_g.9",1,19994793,"CmDW_g","PS_N(1)","124+36088im(1)","","","ISIS EM-BLASSO(1)","","",0.1411,7.394,NA,"",NA,NA,"","Sobic.001G216300.1","Chr01",19995777,20001079,5303,"+",984,-6286
"382","NsiI.TP576208","CmDW_g.9",1,19994793,"CmDW_g","PS_N(1)","124+36088im(1)","","","ISIS EM-BLASSO(1)","","",0.1411,7.394,NA,"",NA,NA,"","Sobic.001G216300.1","Chr01",19995777,20001079,5303,"+",984,-6286
"386","NsiI.TP586300","Cml_cm.19",3,57849113,"Cml_cm","PS_Y(1)","124+36088im(1)","","","mrMLM(1)","","",0.0328,12.69,NA,"",NA,NA,"","Sobic.003G238900.1","Chr03",57848714,57850409,1696,"+",-399,-1296
"388","NsiI.TP608372","CmDW_g.11",9,152998,"CmDW_g","PS_N(1)","124+36088im(1)","","FarmCPU(1)","","","",0.1527,5.705,NA,"",NA,NA,"","Sobic.009G001300.3","Chr09",145958,153464,7507,"-",-7040,-466
"389","NsiI.TP608372","CmDW_g.11",9,152998,"CmDW_g","PS_N(1)","124+36088im(1)","","FarmCPU(1)","","","",0.1527,5.705,NA,"",NA,NA,"","Sobic.009G001300.4","Chr09",145958,153440,7483,"-",-7040,-442
"390","NsiI.TP608372","CmDW_g.11",9,152998,"CmDW_g","PS_N(1)","124+36088im(1)","","FarmCPU(1)","","","",0.1527,5.705,NA,"",NA,NA,"","Sobic.009G001300.2","Chr09",145958,153464,7507,"-",-7040,-466
"391","NsiI.TP608372","CmDW_g.11",9,152998,"CmDW_g","PS_N(1)","124+36088im(1)","","FarmCPU(1)","","","",0.1527,5.705,NA,"",NA,NA,"","Sobic.009G001300.5","Chr09",145958,153440,7483,"-",-7040,-442
"392","NsiI.TP608372","CmDW_g.11",9,152998,"CmDW_g","PS_N(1)","124+36088im(1)","","FarmCPU(1)","","","",0.1527,5.705,NA,"",NA,NA,"","Sobic.009G001300.1","Chr09",145958,153440,7483,"-",-7040,-442
"396","NsiI.TP616137","CmN.61",6,57075072,"CmN","PS_Y(1)","124+36088im(1)","","","","","GLM(1)",0.1179,7.279,NA,"",NA,NA,"","Sobic.006G225200.2","Chr06",57073099,57075527,2429,"+",-1973,-455
"397","NsiI.TP617177","CmN.62",2,52050200,"CmN","PS_Y(1)","124+36088im(1)","CMLM+SUPER(1)","","","","",0.1889,2.171,NA,"",NA,NA,"","Sobic.002G166800.1","Chr02",52051169,52057433,6265,"+",969,-7233
"399","NsiI.TP631452","Yld_kg.7",10,52286358,"Yld","PS_N(1)","124+36088im(1)","","","ISIS EM-BLASSO(1)","","",0.1976,16.63,NA,"NsiI.TP631452",10,52286358,"NsiI.TP631452\10\52286358","Sobic.010G183032.1","Chr10",52285960,52287598,1639,"-",-398,-1240
"401","NsiI.TP635575","Cml_cm.20",5,38567770,"Cml_cm","PS_N(1)","124+36088im(1)","","FarmCPU(1)","","","",0.2579,12.79,NA,"",NA,NA,"","Sobic.005G112400.1","Chr05",38567082,38568601,1520,"+",-688,-831
"402","NsiI.TP647736","Bcirc_cm.20",6,56339998,"Bcirc_cm","PS_Y(3)","124+36088im(3)","","","FASTmrMLM(1);mrMLM(1);pKWmEB(1)","","",0.25,15.39,NA,"",NA,NA,"","Sobic.006G215400.1","Chr06",56339325,56347787,8463,"-",-673,-7789
"403","NsiI.TP648509","Bcirc_cm.21",10,41353679,"Bcirc_cm","PS_N(1)","C124+2560(1)","","FarmCPU(1)","","","",0.05645,0.9279,NA,"",NA,NA,"","Sobic.010G146000.1","Chr10",41350269,41353669,3401,"-",-3410,10
"404","NsiI.TP648509","Bcirc_cm.21",10,41353679,"Bcirc_cm","PS_N(1)","C124+2560(1)","","FarmCPU(1)","","","",0.05645,0.9279,NA,"",NA,NA,"","Sobic.010G146000.1","Chr10",41350269,41353669,3401,"-",-3410,10
"405","NsiI.TP648509","Bcirc_cm.21",10,41353679,"Bcirc_cm","PS_N(1)","C124+2560(1)","","FarmCPU(1)","","","",0.05645,0.9279,NA,"",NA,NA,"","Sobic.010G146000.1","Chr10",41350269,41353669,3401,"-",-3410,10
"406","NsiI.TP648509","Bcirc_cm.21",10,41353679,"Bcirc_cm","PS_N(1)","C124+2560(1)","","FarmCPU(1)","","","",0.05645,0.9279,NA,"",NA,NA,"","Sobic.010G146000.1","Chr10",41350269,41353669,3401,"-",-3410,10
"407","NsiI.TP648509","Bcirc_cm.21",10,41353679,"Bcirc_cm","PS_N(1)","C124+2560(1)","","FarmCPU(1)","","","",0.05645,0.9279,NA,"",NA,NA,"","Sobic.010G146000.1","Chr10",41350269,41353669,3401,"-",-3410,10
"408","NsiI.TP648509","Bcirc_cm.21",10,41353679,"Bcirc_cm","PS_N(1)","C124+2560(1)","","FarmCPU(1)","","","",0.05645,0.9279,NA,"",NA,NA,"","Sobic.010G146000.1","Chr10",41350269,41353669,3401,"-",-3410,10
"409","NsiI.TP648509","CmD_LI_mm.10",10,41353679,"CmD_LI_mm","PS_N(1)","C124+2560(1)","","FarmCPU(1)","","","",0.05645,5.056,NA,"",NA,NA,"","Sobic.010G146000.1","Chr10",41350269,41353669,3401,"-",-3410,10
"410","NsiI.TP648509","CmD_LI_mm.10",10,41353679,"CmD_LI_mm","PS_N(1)","C124+2560(1)","","FarmCPU(1)","","","",0.05645,5.056,NA,"",NA,NA,"","Sobic.010G146000.1","Chr10",41350269,41353669,3401,"-",-3410,10
"411","NsiI.TP648509","CmD_LI_mm.10",10,41353679,"CmD_LI_mm","PS_N(1)","C124+2560(1)","","FarmCPU(1)","","","",0.05645,5.056,NA,"",NA,NA,"","Sobic.010G146000.1","Chr10",41350269,41353669,3401,"-",-3410,10
"412","NsiI.TP648509","CmD_LI_mm.10",10,41353679,"CmD_LI_mm","PS_N(1)","C124+2560(1)","","FarmCPU(1)","","","",0.05645,5.056,NA,"",NA,NA,"","Sobic.010G146000.1","Chr10",41350269,41353669,3401,"-",-3410,10
"413","NsiI.TP648509","CmD_LI_mm.10",10,41353679,"CmD_LI_mm","PS_N(1)","C124+2560(1)","","FarmCPU(1)","","","",0.05645,5.056,NA,"",NA,NA,"","Sobic.010G146000.1","Chr10",41350269,41353669,3401,"-",-3410,10
"414","NsiI.TP648509","CmD_LI_mm.10",10,41353679,"CmD_LI_mm","PS_N(1)","C124+2560(1)","","FarmCPU(1)","","","",0.05645,5.056,NA,"",NA,NA,"","Sobic.010G146000.1","Chr10",41350269,41353669,3401,"-",-3410,10
"415","NsiI.TP648509","Cml_cm.21",10,41353679,"Cml_cm","PS_N(5)","C116+3293(3);C124+2560(2)","","","FASTmrEMMA(1);FASTmrMLM(2);mrMLM(2)","","",0.0574,8.662,NA,"",NA,NA,"","Sobic.010G146000.1","Chr10",41350269,41353669,3401,"-",-3410,10
"416","NsiI.TP648509","Cml_cm.21",10,41353679,"Cml_cm","PS_N(5)","C116+3293(3);C124+2560(2)","","","FASTmrEMMA(1);FASTmrMLM(2);mrMLM(2)","","",0.0574,8.662,NA,"",NA,NA,"","Sobic.010G146000.1","Chr10",41350269,41353669,3401,"-",-3410,10
"417","NsiI.TP648509","Cml_cm.21",10,41353679,"Cml_cm","PS_N(5)","C116+3293(3);C124+2560(2)","","","FASTmrEMMA(1);FASTmrMLM(2);mrMLM(2)","","",0.0574,8.662,NA,"",NA,NA,"","Sobic.010G146000.1","Chr10",41350269,41353669,3401,"-",-3410,10
"418","NsiI.TP648509","Cml_cm.21",10,41353679,"Cml_cm","PS_N(5)","C116+3293(3);C124+2560(2)","","","FASTmrEMMA(1);FASTmrMLM(2);mrMLM(2)","","",0.0574,8.662,NA,"",NA,NA,"","Sobic.010G146000.1","Chr10",41350269,41353669,3401,"-",-3410,10
"419","NsiI.TP648509","Cml_cm.21",10,41353679,"Cml_cm","PS_N(5)","C116+3293(3);C124+2560(2)","","","FASTmrEMMA(1);FASTmrMLM(2);mrMLM(2)","","",0.0574,8.662,NA,"",NA,NA,"","Sobic.010G146000.1","Chr10",41350269,41353669,3401,"-",-3410,10
"420","NsiI.TP648509","Cml_cm.21",10,41353679,"Cml_cm","PS_N(5)","C116+3293(3);C124+2560(2)","","","FASTmrEMMA(1);FASTmrMLM(2);mrMLM(2)","","",0.0574,8.662,NA,"",NA,NA,"","Sobic.010G146000.1","Chr10",41350269,41353669,3401,"-",-3410,10
"421","NsiI.TP648509","Yld_kg.8",10,41353679,"Yld","PS_N(1)","C124+2560(1)","","FarmCPU(1)","","","",0.05645,2.532,NA,"NsiI.TP648509",10,41353679,"NsiI.TP648509\10\41353679","Sobic.010G146000.1","Chr10",41350269,41353669,3401,"-",-3410,10
"422","NsiI.TP648509","Yld_kg.8",10,41353679,"Yld","PS_N(1)","C124+2560(1)","","FarmCPU(1)","","","",0.05645,2.532,NA,"NsiI.TP648509",10,41353679,"NsiI.TP648509\10\41353679","Sobic.010G146000.1","Chr10",41350269,41353669,3401,"-",-3410,10
"423","NsiI.TP648509","Yld_kg.8",10,41353679,"Yld","PS_N(1)","C124+2560(1)","","FarmCPU(1)","","","",0.05645,2.532,NA,"NsiI.TP648509",10,41353679,"NsiI.TP648509\10\41353679","Sobic.010G146000.1","Chr10",41350269,41353669,3401,"-",-3410,10
"424","NsiI.TP648509","Yld_kg.8",10,41353679,"Yld","PS_N(1)","C124+2560(1)","","FarmCPU(1)","","","",0.05645,2.532,NA,"NsiI.TP648509",10,41353679,"NsiI.TP648509\10\41353679","Sobic.010G146000.1","Chr10",41350269,41353669,3401,"-",-3410,10
"425","NsiI.TP648509","Yld_kg.8",10,41353679,"Yld","PS_N(1)","C124+2560(1)","","FarmCPU(1)","","","",0.05645,2.532,NA,"NsiI.TP648509",10,41353679,"NsiI.TP648509\10\41353679","Sobic.010G146000.1","Chr10",41350269,41353669,3401,"-",-3410,10
"426","NsiI.TP648509","Yld_kg.8",10,41353679,"Yld","PS_N(1)","C124+2560(1)","","FarmCPU(1)","","","",0.05645,2.532,NA,"NsiI.TP648509",10,41353679,"NsiI.TP648509\10\41353679","Sobic.010G146000.1","Chr10",41350269,41353669,3401,"-",-3410,10
"427","NsiI.TP648509","CmD_BI_mm.12",10,41353679,"CmD_BI_mm","PS_Y(2)","C124+2560(2)","","","FASTmrEMMA(1);mrMLM(1)","","",0.0574,4.217,NA,"",NA,NA,"","Sobic.010G146000.1","Chr10",41350269,41353669,3401,"-",-3410,10
"428","NsiI.TP648509","CmD_BI_mm.12",10,41353679,"CmD_BI_mm","PS_Y(2)","C124+2560(2)","","","FASTmrEMMA(1);mrMLM(1)","","",0.0574,4.217,NA,"",NA,NA,"","Sobic.010G146000.1","Chr10",41350269,41353669,3401,"-",-3410,10
"429","NsiI.TP648509","CmD_BI_mm.12",10,41353679,"CmD_BI_mm","PS_Y(2)","C124+2560(2)","","","FASTmrEMMA(1);mrMLM(1)","","",0.0574,4.217,NA,"",NA,NA,"","Sobic.010G146000.1","Chr10",41350269,41353669,3401,"-",-3410,10
"430","NsiI.TP648509","CmD_BI_mm.12",10,41353679,"CmD_BI_mm","PS_Y(2)","C124+2560(2)","","","FASTmrEMMA(1);mrMLM(1)","","",0.0574,4.217,NA,"",NA,NA,"","Sobic.010G146000.1","Chr10",41350269,41353669,3401,"-",-3410,10
"431","NsiI.TP648509","CmD_BI_mm.12",10,41353679,"CmD_BI_mm","PS_Y(2)","C124+2560(2)","","","FASTmrEMMA(1);mrMLM(1)","","",0.0574,4.217,NA,"",NA,NA,"","Sobic.010G146000.1","Chr10",41350269,41353669,3401,"-",-3410,10
"432","NsiI.TP648509","CmD_BI_mm.12",10,41353679,"CmD_BI_mm","PS_Y(2)","C124+2560(2)","","","FASTmrEMMA(1);mrMLM(1)","","",0.0574,4.217,NA,"",NA,NA,"","Sobic.010G146000.1","Chr10",41350269,41353669,3401,"-",-3410,10
"433","NsiI.TP648509","CmDW_g.12",10,41353679,"CmDW_g","PS_N(5)","C116+3293(2);C124+2560(3)","","FarmCPU(1)","FASTmrEMMA(2);mrMLM(2)","","",0.0574,12.98,NA,"",NA,NA,"","Sobic.010G146000.1","Chr10",41350269,41353669,3401,"-",-3410,10
"434","NsiI.TP648509","CmDW_g.12",10,41353679,"CmDW_g","PS_N(5)","C116+3293(2);C124+2560(3)","","FarmCPU(1)","FASTmrEMMA(2);mrMLM(2)","","",0.0574,12.98,NA,"",NA,NA,"","Sobic.010G146000.1","Chr10",41350269,41353669,3401,"-",-3410,10
"435","NsiI.TP648509","CmDW_g.12",10,41353679,"CmDW_g","PS_N(5)","C116+3293(2);C124+2560(3)","","FarmCPU(1)","FASTmrEMMA(2);mrMLM(2)","","",0.0574,12.98,NA,"",NA,NA,"","Sobic.010G146000.1","Chr10",41350269,41353669,3401,"-",-3410,10
"436","NsiI.TP648509","CmDW_g.12",10,41353679,"CmDW_g","PS_N(5)","C116+3293(2);C124+2560(3)","","FarmCPU(1)","FASTmrEMMA(2);mrMLM(2)","","",0.0574,12.98,NA,"",NA,NA,"","Sobic.010G146000.1","Chr10",41350269,41353669,3401,"-",-3410,10
"437","NsiI.TP648509","CmDW_g.12",10,41353679,"CmDW_g","PS_N(5)","C116+3293(2);C124+2560(3)","","FarmCPU(1)","FASTmrEMMA(2);mrMLM(2)","","",0.0574,12.98,NA,"",NA,NA,"","Sobic.010G146000.1","Chr10",41350269,41353669,3401,"-",-3410,10
"438","NsiI.TP648509","CmDW_g.12",10,41353679,"CmDW_g","PS_N(5)","C116+3293(2);C124+2560(3)","","FarmCPU(1)","FASTmrEMMA(2);mrMLM(2)","","",0.0574,12.98,NA,"",NA,NA,"","Sobic.010G146000.1","Chr10",41350269,41353669,3401,"-",-3410,10
"445","NsiI.TP667008","CmN.64",8,1326292,"CmN","PS_Y(1)","124+36088im(1)","","","","","GLM(1)",0.3248,7.007,NA,"",NA,NA,"","Sobic.008G016000.1","Chr08",1325600,1330859,5260,"+",-692,-4567
"446","NsiI.TP667008","CmN.64",8,1326292,"CmN","PS_Y(1)","124+36088im(1)","","","","","GLM(1)",0.3248,7.007,NA,"",NA,NA,"","Sobic.008G016000.2","Chr08",1326551,1330859,4309,"+",259,-4567
"448","NsiI.TP681203","CmN.66",1,8181678,"CmN","PS_Y(2)","124+36088im(2)","CMLM+SUPER(1)","","","","GLM(1)",0.05298,6.893,NA,"",NA,NA,"","Sobic.001G106200.1","Chr01",8180004,8187693,7690,"+",-1674,-6015
"451","NsiI.TP696486","Cml_cm.23",4,10248885,"Cml_cm","PS_N(1)","124+36088im(1)","","","FASTmrMLM(1)","","",0.0403,3.328,NA,"",NA,NA,"","Sobic.004G107200.1","Chr04",10245914,10256539,10626,"-",-2971,-7654
"452","NsiI.TP696486","Cml_cm.23",4,10248885,"Cml_cm","PS_N(1)","124+36088im(1)","","","FASTmrMLM(1)","","",0.0403,3.328,NA,"",NA,NA,"","Sobic.004G107200.2","Chr04",10244892,10256539,11648,"-",-3993,-7654
"453","NsiI.TP701217","CmD_BI_mm.14",8,60371664,"CmD_BI_mm","PS_N(1)","124+36088im(1)","","","pKWmEB(1)","","",0.1935,3.602,NA,"",NA,NA,"","Sobic.008G169400.1","Chr08",60367853,60373737,5885,"-",-3811,-2073
"455","NsiI.TP713636","CmD_BI_mm.15",5,61642341,"CmD_BI_mm","PS_Y(1)","124+36088im(1)","","","mrMLM(1)","","",0.1639,41.21,NA,"",NA,NA,"","Sobic.005G148100.2","Chr05",61641003,61642030,1028,"-",-1338,311
"457","NsiI.TP717578","CmD_BI_mm.16",10,58023898,"CmD_BI_mm","PS_N(1)","124+36088im(1)","","FarmCPU(1)","","","",0.1813,1.277,NA,"",NA,NA,"","Sobic.010G237900.1","Chr10",58017656,58025166,7511,"+",-6242,-1268
"458","NsiI.TP717578","CmD_BI_mm.16",10,58023898,"CmD_BI_mm","PS_N(1)","124+36088im(1)","","FarmCPU(1)","","","",0.1813,1.277,NA,"",NA,NA,"","Sobic.010G237900.1","Chr10",58017656,58025166,7511,"+",-6242,-1268
"459","NsiI.TP717578","CmD_LI_mm.12",10,58023898,"CmD_LI_mm","PS_N(1)","124+36088im(1)","","FarmCPU(1)","","","",0.1813,0.7682,NA,"",NA,NA,"","Sobic.010G237900.1","Chr10",58017656,58025166,7511,"+",-6242,-1268
"460","NsiI.TP717578","CmD_LI_mm.12",10,58023898,"CmD_LI_mm","PS_N(1)","124+36088im(1)","","FarmCPU(1)","","","",0.1813,0.7682,NA,"",NA,NA,"","Sobic.010G237900.1","Chr10",58017656,58025166,7511,"+",-6242,-1268
"461","NsiI.TP717913","CmDW_g.16",4,57224161,"CmDW_g","PS_N(1)","124+36088im(1)","","","FASTmrMLM(1)","","",0.1734,14.05,NA,"",NA,NA,"","Sobic.004G222000.1","Chr04",57220820,57224296,3477,"+",-3341,-135
"462","NsiI.TP726681","CmN.68",3,62054481,"CmN","PS_Y(1)","C116+3293(1)","","","","","GLM(1)",0.06034,8.095,NA,"",NA,NA,"","Sobic.003G287400.1","Chr03",62053854,62061425,7572,"+",-627,-6944
"463","NsiI.TP726681","CmN.68",3,62054481,"CmN","PS_Y(1)","C116+3293(1)","","","","","GLM(1)",0.06034,8.095,NA,"",NA,NA,"","Sobic.003G287400.2","Chr03",62053854,62061425,7572,"+",-627,-6944
"464","NsiI.TP741199","CmD_LI_mm.13",2,59555953,"CmD_LI_mm","PS_N(1)","124+36088im(1)","","","mrMLM(1)","","",0.2008,5.383,NA,"",NA,NA,"","Sobic.002G204050.1","Chr02",59554397,59555205,809,"-",-1556,748
"465","NsiI.TP741199","CmD_LI_mm.13",2,59555953,"CmD_LI_mm","PS_N(1)","124+36088im(1)","","","mrMLM(1)","","",0.2008,5.383,NA,"",NA,NA,"","Sobic.002G204100.3","Chr02",59553871,59556229,2359,"+",-2082,-276
"466","NsiI.TP741199","CmD_LI_mm.13",2,59555953,"CmD_LI_mm","PS_N(1)","124+36088im(1)","","","mrMLM(1)","","",0.2008,5.383,NA,"",NA,NA,"","Sobic.002G204050.1","Chr02",59554397,59555205,809,"-",-1556,748
"467","NsiI.TP741199","CmD_LI_mm.13",2,59555953,"CmD_LI_mm","PS_N(1)","124+36088im(1)","","","mrMLM(1)","","",0.2008,5.383,NA,"",NA,NA,"","Sobic.002G204100.2","Chr02",59553903,59555950,2048,"+",-2050,3
"468","NsiI.TP741199","CmD_LI_mm.13",2,59555953,"CmD_LI_mm","PS_N(1)","124+36088im(1)","","","mrMLM(1)","","",0.2008,5.383,NA,"",NA,NA,"","Sobic.002G204100.3","Chr02",59553871,59556229,2359,"+",-2082,-276
"469","NsiI.TP741199","CmD_LI_mm.13",2,59555953,"CmD_LI_mm","PS_N(1)","124+36088im(1)","","","mrMLM(1)","","",0.2008,5.383,NA,"",NA,NA,"","Sobic.002G204100.2","Chr02",59553903,59555950,2048,"+",-2050,3
"470","NsiI.TP741199","CmD_LI_mm.13",2,59555953,"CmD_LI_mm","PS_N(1)","124+36088im(1)","","","mrMLM(1)","","",0.2008,5.383,NA,"",NA,NA,"","Sobic.002G204050.1","Chr02",59554397,59555205,809,"-",-1556,748
"471","NsiI.TP741199","CmD_LI_mm.13",2,59555953,"CmD_LI_mm","PS_N(1)","124+36088im(1)","","","mrMLM(1)","","",0.2008,5.383,NA,"",NA,NA,"","Sobic.002G204100.3","Chr02",59553871,59556229,2359,"+",-2082,-276
"472","NsiI.TP741199","CmD_LI_mm.13",2,59555953,"CmD_LI_mm","PS_N(1)","124+36088im(1)","","","mrMLM(1)","","",0.2008,5.383,NA,"",NA,NA,"","Sobic.002G204050.1","Chr02",59554397,59555205,809,"-",-1556,748
"473","NsiI.TP741199","CmD_LI_mm.13",2,59555953,"CmD_LI_mm","PS_N(1)","124+36088im(1)","","","mrMLM(1)","","",0.2008,5.383,NA,"",NA,NA,"","Sobic.002G204100.2","Chr02",59553903,59555950,2048,"+",-2050,3
"474","NsiI.TP741199","CmD_LI_mm.13",2,59555953,"CmD_LI_mm","PS_N(1)","124+36088im(1)","","","mrMLM(1)","","",0.2008,5.383,NA,"",NA,NA,"","Sobic.002G204100.3","Chr02",59553871,59556229,2359,"+",-2082,-276
"475","NsiI.TP741199","CmD_LI_mm.13",2,59555953,"CmD_LI_mm","PS_N(1)","124+36088im(1)","","","mrMLM(1)","","",0.2008,5.383,NA,"",NA,NA,"","Sobic.002G204100.2","Chr02",59553903,59555950,2048,"+",-2050,3
"476","NsiI.TP741991","CmD_LI_mm.14",2,65962511,"CmD_LI_mm","PS_N(1)","124+36088im(1)","","","ISIS EM-BLASSO(1)","","",0.0968,8.641,NA,"",NA,NA,"","Sobic.002G276800.1","Chr02",65958977,65962368,3392,"+",-3534,143
"478","NsiI.TP750593","CCirc_cm.8",4,61084375,"CCirc_cm","PS_N(1)","124+36088im(1)","","FarmCPU(1)","","","",0.1185,0.7987,NA,"",NA,NA,"","Sobic.004G266300.1","Chr04",61075045,61085127,10083,"-",-9330,-752
"479","NsiI.TP750593","CCirc_cm.8",4,61084375,"CCirc_cm","PS_N(1)","124+36088im(1)","","FarmCPU(1)","","","",0.1185,0.7987,NA,"",NA,NA,"","Sobic.004G266300.3","Chr04",61075777,61085127,9351,"-",-8598,-752
"480","NsiI.TP750593","CCirc_cm.8",4,61084375,"CCirc_cm","PS_N(1)","124+36088im(1)","","FarmCPU(1)","","","",0.1185,0.7987,NA,"",NA,NA,"","Sobic.004G266300.2","Chr04",61075033,61085127,10095,"-",-9342,-752
"483","NsiI.TP753743","CmN.71",9,41089177,"CmN","PS_Y(3)","124+36088im(3)","CMLM+SUPER(1);MLM+SUPER(1)","","","","GLM(1)",0.08012,8.131,NA,"",NA,NA,"","Sobic.009G102600.1","Chr09",41081738,41088543,6806,"-",-7439,634
"485","NsiI.TP758763","Cml_cm.24",1,57499558,"Cml_cm","PS_N(1)","C106+4202(1)","","FarmCPU(1)","","","",0.0566,19.62,NA,"",NA,NA,"","Sobic.001G296100.1","Chr01",57496306,57500534,4229,"-",-3252,-976
"486","NsiI.TP762015","CmN.73",7,823818,"CmN","PS_Y(3)","124+36088im(3)","CMLM+SUPER(1);MLM+SUPER(1)","","","","GLM(1)",0.05733,7.699,NA,"",NA,NA,"","Sobic.007G008800.2","Chr07",820415,824800,4386,"+",-3403,-982
"487","NsiI.TP762015","CmN.73",7,823818,"CmN","PS_Y(3)","124+36088im(3)","CMLM+SUPER(1);MLM+SUPER(1)","","","","GLM(1)",0.05733,7.699,NA,"",NA,NA,"","Sobic.007G008800.1","Chr07",820415,824800,4386,"+",-3403,-982
"488","NsiI.TP762935","Bcirc_cm.23",6,3182336,"Bcirc_cm","PS_Y(1)","124+36088im(1)","","","mrMLM(1)","","",0.0328,1.667,NA,"",NA,NA,"","Sobic.006G018800.1","Chr06",3178404,3183167,4764,"+",-3932,-831
"489","NsiI.TP762935","Bcirc_cm.23",6,3182336,"Bcirc_cm","PS_Y(1)","124+36088im(1)","","","mrMLM(1)","","",0.0328,1.667,NA,"",NA,NA,"","Sobic.006G018800.1","Chr06",3178404,3183167,4764,"+",-3932,-831
"490","NsiI.TP762935","Bcirc_cm.23",6,3182336,"Bcirc_cm","PS_Y(1)","124+36088im(1)","","","mrMLM(1)","","",0.0328,1.667,NA,"",NA,NA,"","Sobic.006G018800.1","Chr06",3178404,3183167,4764,"+",-3932,-831
"491","NsiI.TP762935","CCirc_cm.10",6,3182336,"CCirc_cm","PS_N(1)","124+36088im(1)","","","pKWmEB(1)","","",0.042,3.961,NA,"",NA,NA,"","Sobic.006G018800.1","Chr06",3178404,3183167,4764,"+",-3932,-831
"492","NsiI.TP762935","CCirc_cm.10",6,3182336,"CCirc_cm","PS_N(1)","124+36088im(1)","","","pKWmEB(1)","","",0.042,3.961,NA,"",NA,NA,"","Sobic.006G018800.1","Chr06",3178404,3183167,4764,"+",-3932,-831
"493","NsiI.TP762935","CCirc_cm.10",6,3182336,"CCirc_cm","PS_N(1)","124+36088im(1)","","","pKWmEB(1)","","",0.042,3.961,NA,"",NA,NA,"","Sobic.006G018800.1","Chr06",3178404,3183167,4764,"+",-3932,-831
"494","NsiI.TP762935","Yld_kg.9",6,3182336,"Yld","PS_N(2)","124+36088im(2)","","","FASTmrMLM(1)pLARmEB(1)","","",0.0403,2.081,NA,"NsiI.TP762935",6,3182336,"NsiI.TP762935\6\3182336","Sobic.006G018800.1","Chr06",3178404,3183167,4764,"+",-3932,-831
"495","NsiI.TP762935","Yld_kg.9",6,3182336,"Yld","PS_N(2)","124+36088im(2)","","","FASTmrMLM(1)pLARmEB(1)","","",0.0403,2.081,NA,"NsiI.TP762935",6,3182336,"NsiI.TP762935\6\3182336","Sobic.006G018800.1","Chr06",3178404,3183167,4764,"+",-3932,-831
"496","NsiI.TP762935","Yld_kg.9",6,3182336,"Yld","PS_N(2)","124+36088im(2)","","","FASTmrMLM(1)pLARmEB(1)","","",0.0403,2.081,NA,"NsiI.TP762935",6,3182336,"NsiI.TP762935\6\3182336","Sobic.006G018800.1","Chr06",3178404,3183167,4764,"+",-3932,-831
"497","NsiI.TP764847","Cml_cm.25",10,10693125,"Cml_cm","PS_N(2)","124+36088im(2)","","","FASTmrMLM(1);pKWmEB(1)","","",0.0565,31.57,NA,"",NA,NA,"","Sobic.010G108100.1","Chr10",10692185,10693666,1482,"+",-940,-541
"500","NsiI.TP766057","CmD_LI_mm.15",7,61710211,"CmD_LI_mm","PS_N(1)","C124+2560(1)","","FarmCPU(1)","","","",0.1048,0.3222,NA,"",NA,NA,"","Sobic.007G183900.1","Chr07",61707868,61716228,8361,"-",-2343,-6017
"501","NsiI.TP766057","CmD_LI_mm.15",7,61710211,"CmD_LI_mm","PS_N(1)","C124+2560(1)","","FarmCPU(1)","","","",0.1048,0.3222,NA,"",NA,NA,"","Sobic.007G183900.2","Chr07",61707868,61716228,8361,"-",-2343,-6017
"502","NsiI.TP769756","CmD_LI_mm.16",1,9322002,"CmD_LI_mm","PS_Y(1)","C116+3293(1)","","","FASTmrEMMA(1)","","",0.0129,10.83,NA,"",NA,NA,"","Sobic.001G119800.1","Chr01",9317229,9322526,5298,"+",-4773,-524
"503","NsiI.TP769756","CmD_LI_mm.16",1,9322002,"CmD_LI_mm","PS_Y(1)","C116+3293(1)","","","FASTmrEMMA(1)","","",0.0129,10.83,NA,"",NA,NA,"","Sobic.001G119800.2","Chr01",9317229,9322526,5298,"+",-4773,-524
"506","NsiI.TP779177","CmN.75",4,63763133,"CmN","PS_Y(1)","124+36088im(1)","","","ISIS EM-BLASSO(1)","","",0.2944,2.344,NA,"",NA,NA,"","Sobic.004G298300.2","Chr04",63763373,63767729,4357,"+",240,-4596
"507","NsiI.TP779177","CmN.75",4,63763133,"CmN","PS_Y(1)","124+36088im(1)","","","ISIS EM-BLASSO(1)","","",0.2944,2.344,NA,"",NA,NA,"","Sobic.004G298250.1","Chr04",63761872,63762755,884,"+",-1261,378
"508","NsiI.TP779177","CmN.75",4,63763133,"CmN","PS_Y(1)","124+36088im(1)","","","ISIS EM-BLASSO(1)","","",0.2944,2.344,NA,"",NA,NA,"","Sobic.004G298250.1","Chr04",63761872,63762755,884,"+",-1261,378
"509","NsiI.TP779177","CmN.75",4,63763133,"CmN","PS_Y(1)","124+36088im(1)","","","ISIS EM-BLASSO(1)","","",0.2944,2.344,NA,"",NA,NA,"","Sobic.004G298300.2","Chr04",63763373,63767729,4357,"+",240,-4596
"510","NsiI.TP779177","CmN.75",4,63763133,"CmN","PS_Y(1)","124+36088im(1)","","","ISIS EM-BLASSO(1)","","",0.2944,2.344,NA,"",NA,NA,"","Sobic.004G298300.2","Chr04",63763373,63767729,4357,"+",240,-4596
"511","NsiI.TP779177","CmN.75",4,63763133,"CmN","PS_Y(1)","124+36088im(1)","","","ISIS EM-BLASSO(1)","","",0.2944,2.344,NA,"",NA,NA,"","Sobic.004G298250.1","Chr04",63761872,63762755,884,"+",-1261,378
"512","NsiI.TP779177","CmN.75",4,63763133,"CmN","PS_Y(1)","124+36088im(1)","","","ISIS EM-BLASSO(1)","","",0.2944,2.344,NA,"",NA,NA,"","Sobic.004G298250.1","Chr04",63761872,63762755,884,"+",-1261,378
"513","NsiI.TP779177","CmN.75",4,63763133,"CmN","PS_Y(1)","124+36088im(1)","","","ISIS EM-BLASSO(1)","","",0.2944,2.344,NA,"",NA,NA,"","Sobic.004G298300.2","Chr04",63763373,63767729,4357,"+",240,-4596
"525","NsiI.TP832364","CmD_LI_mm.18",1,76203935,"CmD_LI_mm","PS_Y(1)","C106+4202(1)","","","pKWmEB(1)","","",0.0943,0,NA,"",NA,NA,"","Sobic.001G492800.1","Chr01",76202998,76206852,3855,"-",-937,-2917
"527","NsiI.TP89701","CmDW_g.19",4,63161916,"CmDW_g","PS_N(2)","124+36088im(2)","","FarmCPU(1)","FASTmrMLM(1)","","",0.313,21.73,NA,"",NA,NA,"","Sobic.004G290600.2","Chr04",63139321,63163626,24306,"+",-22595,-1710
"528","NsiI.TP90957","CmN.80",9,58754094,"CmN","PS_Y(2)","124+36088im(2)","CMLM+SUPER(1);MLM+SUPER(1)","","","","",0.05365,14.29,NA,"",NA,NA,"","Sobic.009G253600.1","Chr09",58754868,58755845,978,"-",774,-1751
"529","NsiI.TP90957","CmN.80",9,58754094,"CmN","PS_Y(2)","124+36088im(2)","CMLM+SUPER(1);MLM+SUPER(1)","","","","",0.05365,14.29,NA,"",NA,NA,"","Sobic.009G253500.1","Chr09",58752077,58753372,1296,"-",-2017,722
"530","NsiI.TP90957","CmN.80",9,58754094,"CmN","PS_Y(2)","124+36088im(2)","CMLM+SUPER(1);MLM+SUPER(1)","","","","",0.05365,14.29,NA,"",NA,NA,"","Sobic.009G253600.1","Chr09",58754868,58755845,978,"-",774,-1751
"531","NsiI.TP90957","CmN.80",9,58754094,"CmN","PS_Y(2)","124+36088im(2)","CMLM+SUPER(1);MLM+SUPER(1)","","","","",0.05365,14.29,NA,"",NA,NA,"","Sobic.009G253500.1","Chr09",58752077,58753372,1296,"-",-2017,722
"532","NsiI.TP90957","CmN.80",9,58754094,"CmN","PS_Y(2)","124+36088im(2)","CMLM+SUPER(1);MLM+SUPER(1)","","","","",0.05365,14.29,NA,"",NA,NA,"","Sobic.009G253600.1","Chr09",58754868,58755845,978,"-",774,-1751
"533","NsiI.TP90957","CmN.80",9,58754094,"CmN","PS_Y(2)","124+36088im(2)","CMLM+SUPER(1);MLM+SUPER(1)","","","","",0.05365,14.29,NA,"",NA,NA,"","Sobic.009G253500.1","Chr09",58752077,58753372,1296,"-",-2017,722
"534","NsiI.TP90957","CmN.80",9,58754094,"CmN","PS_Y(2)","124+36088im(2)","CMLM+SUPER(1);MLM+SUPER(1)","","","","",0.05365,14.29,NA,"",NA,NA,"","Sobic.009G253600.1","Chr09",58754868,58755845,978,"-",774,-1751
"535","NsiI.TP90957","CmN.80",9,58754094,"CmN","PS_Y(2)","124+36088im(2)","CMLM+SUPER(1);MLM+SUPER(1)","","","","",0.05365,14.29,NA,"",NA,NA,"","Sobic.009G253500.1","Chr09",58752077,58753372,1296,"-",-2017,722
"536","PstI.TP1012416","CmD_BI_mm.20",2,59610846,"CmD_BI_mm","PS_N(1)","C106+4202(1)","","","mrMLM(1)","","",0.3558,5.46,NA,"",NA,NA,"","Sobic.002G204600.1","Chr02",59609992,59611962,1971,"+",-854,-1116
"538","PstI.TP1016611","Bcirc_cm.26",1,12066190,"Bcirc_cm","PS_N(1)","124+36088im(1)","","FarmCPU(1)","","","",0.3371,10.37,NA,"",NA,NA,"","Sobic.001G150200.1","Chr01",12063885,12067646,3762,"+",-2305,-1456
"541","PstI.TP1025634","Bcirc_cm.27",2,71277610,"Bcirc_cm","PS_N(2);PS_Y(8)","C106+4202(4);C116+3293(3);C124+2560(3)","CMLM+SUPER(1);MLM+SUPER(1)","","FASTmrEMMA(2);FASTmrMLM(3);mrMLM(3)","","",0.0721,10.85,NA,"",NA,NA,"","Sobic.002G347300.1","Chr02",71274474,71279160,4687,"+",-3136,-1550
"542","PstI.TP1025634","Bcirc_cm.27",2,71277610,"Bcirc_cm","PS_N(2);PS_Y(8)","C106+4202(4);C116+3293(3);C124+2560(3)","CMLM+SUPER(1);MLM+SUPER(1)","","FASTmrEMMA(2);FASTmrMLM(3);mrMLM(3)","","",0.0721,10.85,NA,"",NA,NA,"","Sobic.002G347300.1","Chr02",71274474,71279160,4687,"+",-3136,-1550
"543","PstI.TP1025634","CmN.84",2,71277610,"CmN","PS_N(1);PS_Y(3)","C116+3293(1);C124+2560(3)","CMLM+SUPER(2);MLM+SUPER(1)","FarmCPU(1)","","","",0.06897,10.01,NA,"",NA,NA,"","Sobic.002G347300.1","Chr02",71274474,71279160,4687,"+",-3136,-1550
"544","PstI.TP1025634","CmN.84",2,71277610,"CmN","PS_N(1);PS_Y(3)","C116+3293(1);C124+2560(3)","CMLM+SUPER(2);MLM+SUPER(1)","FarmCPU(1)","","","",0.06897,10.01,NA,"",NA,NA,"","Sobic.002G347300.1","Chr02",71274474,71279160,4687,"+",-3136,-1550
"545","PstI.TP1026977","CmN.85",4,62207098,"CmN","PS_N(1)","124+36088im(1)","","FarmCPU(1)","","","",0.4043,2.62,NA,"",NA,NA,"","Sobic.004G279300.1","Chr04",62205986,62209047,3062,"+",-1112,-1949
"549","PstI.TP1040729","Yld_kg.10",4,54844080,"Yld","PS_N(1)","C106+4202(1)","","","mrMLM(1)","","",0.2212,22.12,NA,"PstI.TP1040729",4,54844080,"PstI.TP1040729\4\54844080","Sobic.004G197400.1","Chr04",54844528,54853373,8846,"-",448,-9293
"550","PstI.TP1040729","Yld_kg.10",4,54844080,"Yld","PS_N(1)","C106+4202(1)","","","mrMLM(1)","","",0.2212,22.12,NA,"PstI.TP1040729",4,54844080,"PstI.TP1040729\4\54844080","Sobic.004G197300.1","Chr04",54843306,54844272,967,"-",-774,-192
"551","PstI.TP1040729","Yld_kg.10",4,54844080,"Yld","PS_N(1)","C106+4202(1)","","","mrMLM(1)","","",0.2212,22.12,NA,"PstI.TP1040729",4,54844080,"PstI.TP1040729\4\54844080","Sobic.004G197400.1","Chr04",54844528,54853373,8846,"-",448,-9293
"552","PstI.TP1040729","Yld_kg.10",4,54844080,"Yld","PS_N(1)","C106+4202(1)","","","mrMLM(1)","","",0.2212,22.12,NA,"PstI.TP1040729",4,54844080,"PstI.TP1040729\4\54844080","Sobic.004G197400.1","Chr04",54844528,54853373,8846,"-",448,-9293
"553","PstI.TP1040729","Yld_kg.10",4,54844080,"Yld","PS_N(1)","C106+4202(1)","","","mrMLM(1)","","",0.2212,22.12,NA,"PstI.TP1040729",4,54844080,"PstI.TP1040729\4\54844080","Sobic.004G197300.1","Chr04",54843306,54844272,967,"-",-774,-192
"554","PstI.TP1040729","Yld_kg.10",4,54844080,"Yld","PS_N(1)","C106+4202(1)","","","mrMLM(1)","","",0.2212,22.12,NA,"PstI.TP1040729",4,54844080,"PstI.TP1040729\4\54844080","Sobic.004G197300.1","Chr04",54843306,54844272,967,"-",-774,-192
"555","PstI.TP1040729","Bcirc_cm.29",4,54844080,"Bcirc_cm","PS_N(2)","C106+4202(1);C116+3293(1)","","FarmCPU(1)","ISIS EM-BLASSO(1)","","",0.2371,24.9,NA,"",NA,NA,"","Sobic.004G197400.1","Chr04",54844528,54853373,8846,"-",448,-9293
"556","PstI.TP1040729","Bcirc_cm.29",4,54844080,"Bcirc_cm","PS_N(2)","C106+4202(1);C116+3293(1)","","FarmCPU(1)","ISIS EM-BLASSO(1)","","",0.2371,24.9,NA,"",NA,NA,"","Sobic.004G197300.1","Chr04",54843306,54844272,967,"-",-774,-192
"557","PstI.TP1040729","Bcirc_cm.29",4,54844080,"Bcirc_cm","PS_N(2)","C106+4202(1);C116+3293(1)","","FarmCPU(1)","ISIS EM-BLASSO(1)","","",0.2371,24.9,NA,"",NA,NA,"","Sobic.004G197400.1","Chr04",54844528,54853373,8846,"-",448,-9293
"558","PstI.TP1040729","Bcirc_cm.29",4,54844080,"Bcirc_cm","PS_N(2)","C106+4202(1);C116+3293(1)","","FarmCPU(1)","ISIS EM-BLASSO(1)","","",0.2371,24.9,NA,"",NA,NA,"","Sobic.004G197400.1","Chr04",54844528,54853373,8846,"-",448,-9293
"559","PstI.TP1040729","Bcirc_cm.29",4,54844080,"Bcirc_cm","PS_N(2)","C106+4202(1);C116+3293(1)","","FarmCPU(1)","ISIS EM-BLASSO(1)","","",0.2371,24.9,NA,"",NA,NA,"","Sobic.004G197300.1","Chr04",54843306,54844272,967,"-",-774,-192
"560","PstI.TP1040729","Bcirc_cm.29",4,54844080,"Bcirc_cm","PS_N(2)","C106+4202(1);C116+3293(1)","","FarmCPU(1)","ISIS EM-BLASSO(1)","","",0.2371,24.9,NA,"",NA,NA,"","Sobic.004G197300.1","Chr04",54843306,54844272,967,"-",-774,-192
"561","PstI.TP1040729","Bcirc_cm.29",4,54844080,"Bcirc_cm","PS_N(2)","C106+4202(1);C116+3293(1)","","FarmCPU(1)","ISIS EM-BLASSO(1)","","",0.2371,24.9,NA,"",NA,NA,"","Sobic.004G197400.1","Chr04",54844528,54853373,8846,"-",448,-9293
"562","PstI.TP1040729","Bcirc_cm.29",4,54844080,"Bcirc_cm","PS_N(2)","C106+4202(1);C116+3293(1)","","FarmCPU(1)","ISIS EM-BLASSO(1)","","",0.2371,24.9,NA,"",NA,NA,"","Sobic.004G197300.1","Chr04",54843306,54844272,967,"-",-774,-192
"563","PstI.TP1040729","Bcirc_cm.29",4,54844080,"Bcirc_cm","PS_N(2)","C106+4202(1);C116+3293(1)","","FarmCPU(1)","ISIS EM-BLASSO(1)","","",0.2371,24.9,NA,"",NA,NA,"","Sobic.004G197400.1","Chr04",54844528,54853373,8846,"-",448,-9293
"564","PstI.TP1040729","Bcirc_cm.29",4,54844080,"Bcirc_cm","PS_N(2)","C106+4202(1);C116+3293(1)","","FarmCPU(1)","ISIS EM-BLASSO(1)","","",0.2371,24.9,NA,"",NA,NA,"","Sobic.004G197400.1","Chr04",54844528,54853373,8846,"-",448,-9293
"565","PstI.TP1040729","Bcirc_cm.29",4,54844080,"Bcirc_cm","PS_N(2)","C106+4202(1);C116+3293(1)","","FarmCPU(1)","ISIS EM-BLASSO(1)","","",0.2371,24.9,NA,"",NA,NA,"","Sobic.004G197300.1","Chr04",54843306,54844272,967,"-",-774,-192
"566","PstI.TP1040729","Bcirc_cm.29",4,54844080,"Bcirc_cm","PS_N(2)","C106+4202(1);C116+3293(1)","","FarmCPU(1)","ISIS EM-BLASSO(1)","","",0.2371,24.9,NA,"",NA,NA,"","Sobic.004G197300.1","Chr04",54843306,54844272,967,"-",-774,-192
"567","PstI.TP1044533","CmN.87",10,781197,"CmN","PS_Y(1)","124+36088im(1)","","","","","GLM(1)",0.4567,8.015,NA,"",NA,NA,"","Sobic.010G009466.1","Chr10",780383,783170,2788,"+",-814,-1973
"569","PstI.TP1051083","Cml_cm.27",1,13150553,"Cml_cm","PS_N(1)","124+36088im(1)","","FarmCPU(1)","","","",0.2462,1.445,NA,"",NA,NA,"","Sobic.001G160200.1","Chr01",13149779,13157433,7655,"+",-774,-6880
"571","PstI.TP105605","Cml_cm.28",3,54845915,"Cml_cm","PS_N(2)","C116+3293(1);C124+2560(1)","","FarmCPU(2)","","","",0.08621,18.41,NA,"",NA,NA,"","Sobic.003G214400.3","Chr03",54843692,54846977,3286,"+",-2223,-1062
"572","PstI.TP105605","Cml_cm.28",3,54845915,"Cml_cm","PS_N(2)","C116+3293(1);C124+2560(1)","","FarmCPU(2)","","","",0.08621,18.41,NA,"",NA,NA,"","Sobic.003G214400.2","Chr03",54840761,54846977,6217,"+",-5154,-1062
"573","PstI.TP105605","Cml_cm.28",3,54845915,"Cml_cm","PS_N(2)","C116+3293(1);C124+2560(1)","","FarmCPU(2)","","","",0.08621,18.41,NA,"",NA,NA,"","Sobic.003G214400.1","Chr03",54835480,54846977,11498,"+",-10435,-1062
"574","PstI.TP1057917","Cml_cm.29",3,63645828,"Cml_cm","PS_N(1)","124+36088im(1)","","","mrMLM(1)","","",0.2787,9.081,NA,"",NA,NA,"","Sobic.003G307600.2","Chr03",63644246,63646771,2526,"-",-1582,-943
"575","PstI.TP1064534","CmD_BI_mm.22",3,1870807,"CmD_BI_mm","PS_N(1)","C124+2560(1)","","FarmCPU(1)","","","",0.06855,1.295,NA,"",NA,NA,"","Sobic.003G021800.2","Chr03",1869800,1871472,1673,"+",-1007,-665
"576","PstI.TP1066422","Cml_cm.30",3,60988993,"Cml_cm","PS_N(2)","C124+2560(2)","","","ISIS EM-BLASSO(1);pKWmEB(1)","","",0.2298,10.97,NA,"",NA,NA,"","Sobic.003G273600.1","Chr03",60988316,60993620,5305,"+",-677,-4627
"580","PstI.TP107240","CmN.89",8,62622087,"CmN","PS_Y(3)","124+36088im(3)","CMLM+SUPER(1);MLM+SUPER(1)","","","","GLM(1)",0.06502,10.05,NA,"",NA,NA,"","Sobic.008G192800.6","Chr08",62622079,62627522,5444,"+",-8,-5435
"581","PstI.TP107240","CmN.89",8,62622087,"CmN","PS_Y(3)","124+36088im(3)","CMLM+SUPER(1);MLM+SUPER(1)","","","","GLM(1)",0.06502,10.05,NA,"",NA,NA,"","Sobic.008G192700.1","Chr08",62617685,62621880,4196,"+",-4402,207
"582","PstI.TP107240","CmN.89",8,62622087,"CmN","PS_Y(3)","124+36088im(3)","CMLM+SUPER(1);MLM+SUPER(1)","","","","GLM(1)",0.06502,10.05,NA,"",NA,NA,"","Sobic.008G192800.2","Chr08",62622079,62627817,5739,"+",-8,-5730
"583","PstI.TP107240","CmN.89",8,62622087,"CmN","PS_Y(3)","124+36088im(3)","CMLM+SUPER(1);MLM+SUPER(1)","","","","GLM(1)",0.06502,10.05,NA,"",NA,NA,"","Sobic.008G192800.1","Chr08",62622079,62627794,5716,"+",-8,-5707
"584","PstI.TP107240","CmN.89",8,62622087,"CmN","PS_Y(3)","124+36088im(3)","CMLM+SUPER(1);MLM+SUPER(1)","","","","GLM(1)",0.06502,10.05,NA,"",NA,NA,"","Sobic.008G192800.4","Chr08",62622079,62627522,5444,"+",-8,-5435
"585","PstI.TP107240","CmN.89",8,62622087,"CmN","PS_Y(3)","124+36088im(3)","CMLM+SUPER(1);MLM+SUPER(1)","","","","GLM(1)",0.06502,10.05,NA,"",NA,NA,"","Sobic.008G192700.2","Chr08",62617685,62621880,4196,"+",-4402,207
"586","PstI.TP107240","CmN.89",8,62622087,"CmN","PS_Y(3)","124+36088im(3)","CMLM+SUPER(1);MLM+SUPER(1)","","","","GLM(1)",0.06502,10.05,NA,"",NA,NA,"","Sobic.008G192800.6","Chr08",62622079,62627522,5444,"+",-8,-5435
"587","PstI.TP107240","CmN.89",8,62622087,"CmN","PS_Y(3)","124+36088im(3)","CMLM+SUPER(1);MLM+SUPER(1)","","","","GLM(1)",0.06502,10.05,NA,"",NA,NA,"","Sobic.008G192800.3","Chr08",62622079,62627522,5444,"+",-8,-5435
"588","PstI.TP107240","CmN.89",8,62622087,"CmN","PS_Y(3)","124+36088im(3)","CMLM+SUPER(1);MLM+SUPER(1)","","","","GLM(1)",0.06502,10.05,NA,"",NA,NA,"","Sobic.008G192700.1","Chr08",62617685,62621880,4196,"+",-4402,207
"589","PstI.TP107240","CmN.89",8,62622087,"CmN","PS_Y(3)","124+36088im(3)","CMLM+SUPER(1);MLM+SUPER(1)","","","","GLM(1)",0.06502,10.05,NA,"",NA,NA,"","Sobic.008G192800.5","Chr08",62622079,62627817,5739,"+",-8,-5730
"590","PstI.TP107240","CmN.89",8,62622087,"CmN","PS_Y(3)","124+36088im(3)","CMLM+SUPER(1);MLM+SUPER(1)","","","","GLM(1)",0.06502,10.05,NA,"",NA,NA,"","Sobic.008G192800.2","Chr08",62622079,62627817,5739,"+",-8,-5730
"591","PstI.TP107240","CmN.89",8,62622087,"CmN","PS_Y(3)","124+36088im(3)","CMLM+SUPER(1);MLM+SUPER(1)","","","","GLM(1)",0.06502,10.05,NA,"",NA,NA,"","Sobic.008G192700.2","Chr08",62617685,62621880,4196,"+",-4402,207
"592","PstI.TP107240","CmN.89",8,62622087,"CmN","PS_Y(3)","124+36088im(3)","CMLM+SUPER(1);MLM+SUPER(1)","","","","GLM(1)",0.06502,10.05,NA,"",NA,NA,"","Sobic.008G192800.5","Chr08",62622079,62627817,5739,"+",-8,-5730
"593","PstI.TP107240","CmN.89",8,62622087,"CmN","PS_Y(3)","124+36088im(3)","CMLM+SUPER(1);MLM+SUPER(1)","","","","GLM(1)",0.06502,10.05,NA,"",NA,NA,"","Sobic.008G192800.1","Chr08",62622079,62627794,5716,"+",-8,-5707
"594","PstI.TP107240","CmN.89",8,62622087,"CmN","PS_Y(3)","124+36088im(3)","CMLM+SUPER(1);MLM+SUPER(1)","","","","GLM(1)",0.06502,10.05,NA,"",NA,NA,"","Sobic.008G192800.3","Chr08",62622079,62627522,5444,"+",-8,-5435
"595","PstI.TP107240","CmN.89",8,62622087,"CmN","PS_Y(3)","124+36088im(3)","CMLM+SUPER(1);MLM+SUPER(1)","","","","GLM(1)",0.06502,10.05,NA,"",NA,NA,"","Sobic.008G192800.4","Chr08",62622079,62627522,5444,"+",-8,-5435
"596","PstI.TP107240","CmN.89",8,62622087,"CmN","PS_Y(3)","124+36088im(3)","CMLM+SUPER(1);MLM+SUPER(1)","","","","GLM(1)",0.06502,10.05,NA,"",NA,NA,"","Sobic.008G192800.6","Chr08",62622079,62627522,5444,"+",-8,-5435
"597","PstI.TP107240","CmN.89",8,62622087,"CmN","PS_Y(3)","124+36088im(3)","CMLM+SUPER(1);MLM+SUPER(1)","","","","GLM(1)",0.06502,10.05,NA,"",NA,NA,"","Sobic.008G192700.1","Chr08",62617685,62621880,4196,"+",-4402,207
"598","PstI.TP107240","CmN.89",8,62622087,"CmN","PS_Y(3)","124+36088im(3)","CMLM+SUPER(1);MLM+SUPER(1)","","","","GLM(1)",0.06502,10.05,NA,"",NA,NA,"","Sobic.008G192800.2","Chr08",62622079,62627817,5739,"+",-8,-5730
"599","PstI.TP107240","CmN.89",8,62622087,"CmN","PS_Y(3)","124+36088im(3)","CMLM+SUPER(1);MLM+SUPER(1)","","","","GLM(1)",0.06502,10.05,NA,"",NA,NA,"","Sobic.008G192800.1","Chr08",62622079,62627794,5716,"+",-8,-5707
"600","PstI.TP107240","CmN.89",8,62622087,"CmN","PS_Y(3)","124+36088im(3)","CMLM+SUPER(1);MLM+SUPER(1)","","","","GLM(1)",0.06502,10.05,NA,"",NA,NA,"","Sobic.008G192800.4","Chr08",62622079,62627522,5444,"+",-8,-5435
"601","PstI.TP107240","CmN.89",8,62622087,"CmN","PS_Y(3)","124+36088im(3)","CMLM+SUPER(1);MLM+SUPER(1)","","","","GLM(1)",0.06502,10.05,NA,"",NA,NA,"","Sobic.008G192700.2","Chr08",62617685,62621880,4196,"+",-4402,207
"602","PstI.TP107240","CmN.89",8,62622087,"CmN","PS_Y(3)","124+36088im(3)","CMLM+SUPER(1);MLM+SUPER(1)","","","","GLM(1)",0.06502,10.05,NA,"",NA,NA,"","Sobic.008G192800.6","Chr08",62622079,62627522,5444,"+",-8,-5435
"603","PstI.TP107240","CmN.89",8,62622087,"CmN","PS_Y(3)","124+36088im(3)","CMLM+SUPER(1);MLM+SUPER(1)","","","","GLM(1)",0.06502,10.05,NA,"",NA,NA,"","Sobic.008G192800.3","Chr08",62622079,62627522,5444,"+",-8,-5435
"604","PstI.TP107240","CmN.89",8,62622087,"CmN","PS_Y(3)","124+36088im(3)","CMLM+SUPER(1);MLM+SUPER(1)","","","","GLM(1)",0.06502,10.05,NA,"",NA,NA,"","Sobic.008G192700.1","Chr08",62617685,62621880,4196,"+",-4402,207
"605","PstI.TP107240","CmN.89",8,62622087,"CmN","PS_Y(3)","124+36088im(3)","CMLM+SUPER(1);MLM+SUPER(1)","","","","GLM(1)",0.06502,10.05,NA,"",NA,NA,"","Sobic.008G192800.5","Chr08",62622079,62627817,5739,"+",-8,-5730
"606","PstI.TP107240","CmN.89",8,62622087,"CmN","PS_Y(3)","124+36088im(3)","CMLM+SUPER(1);MLM+SUPER(1)","","","","GLM(1)",0.06502,10.05,NA,"",NA,NA,"","Sobic.008G192800.2","Chr08",62622079,62627817,5739,"+",-8,-5730
"607","PstI.TP107240","CmN.89",8,62622087,"CmN","PS_Y(3)","124+36088im(3)","CMLM+SUPER(1);MLM+SUPER(1)","","","","GLM(1)",0.06502,10.05,NA,"",NA,NA,"","Sobic.008G192700.2","Chr08",62617685,62621880,4196,"+",-4402,207
"608","PstI.TP107240","CmN.89",8,62622087,"CmN","PS_Y(3)","124+36088im(3)","CMLM+SUPER(1);MLM+SUPER(1)","","","","GLM(1)",0.06502,10.05,NA,"",NA,NA,"","Sobic.008G192800.5","Chr08",62622079,62627817,5739,"+",-8,-5730
"609","PstI.TP107240","CmN.89",8,62622087,"CmN","PS_Y(3)","124+36088im(3)","CMLM+SUPER(1);MLM+SUPER(1)","","","","GLM(1)",0.06502,10.05,NA,"",NA,NA,"","Sobic.008G192800.1","Chr08",62622079,62627794,5716,"+",-8,-5707
"610","PstI.TP107240","CmN.89",8,62622087,"CmN","PS_Y(3)","124+36088im(3)","CMLM+SUPER(1);MLM+SUPER(1)","","","","GLM(1)",0.06502,10.05,NA,"",NA,NA,"","Sobic.008G192800.3","Chr08",62622079,62627522,5444,"+",-8,-5435
"611","PstI.TP107240","CmN.89",8,62622087,"CmN","PS_Y(3)","124+36088im(3)","CMLM+SUPER(1);MLM+SUPER(1)","","","","GLM(1)",0.06502,10.05,NA,"",NA,NA,"","Sobic.008G192800.4","Chr08",62622079,62627522,5444,"+",-8,-5435
"613","PstI.TP1082141","CCirc_cm.13",2,57174602,"CCirc_cm","PS_N(1)","124+36088im(1)","","FarmCPU(1)","","","",0.09616,4.375,NA,"",NA,NA,"","Sobic.002G187500.1","Chr02",57174223,57176527,2305,"+",-379,-1925
"614","PstI.TP1083673","CmDW_g.20",7,56447700,"CmDW_g","PS_Y(3)","C106+4202(3)","","","FASTmrMLM(1);pKWmEB(1);pLARmEB(1)","","",0.4245,9.756,NA,"",NA,NA,"","Sobic.007G137000.4","Chr07",56445832,56450594,4763,"+",-1868,-2894
"615","PstI.TP108652","CmD_BI_mm.23",2,15963619,"CmD_BI_mm","PS_Y(1)","C124+2560(1)","","","mrMLM(1)","","",0.3975,16.6,NA,"",NA,NA,"","Sobic.002G121300.1","Chr02",15956504,15964911,8408,"+",-7115,-1292
"617","PstI.TP1090311","CmN.91",6,47330022,"CmN","PS_Y(1)","124+36088im(1)","","","","","GLM(1)",0.07747,8.603,NA,"",NA,NA,"","Sobic.006G103000.1","Chr06",47328961,47330684,1724,"-",-1061,-662
"619","PstI.TP1098463","CmN.92",4,65166320,"CmN","PS_Y(1)","124+36088im(1)","CMLM+SUPER(1)","","","","",0.1768,0.8039,NA,"",NA,NA,"","Sobic.004G315400.2","Chr04",65166044,65168511,2468,"+",-276,-2191
"620","PstI.TP1098463","CmN.92",4,65166320,"CmN","PS_Y(1)","124+36088im(1)","CMLM+SUPER(1)","","","","",0.1768,0.8039,NA,"",NA,NA,"","Sobic.004G315400.1","Chr04",65165615,65168511,2897,"+",-705,-2191
"621","PstI.TP10996","CmD_LI_mm.20",6,57974096,"CmD_LI_mm","PS_N(1)","C116+3293(1)","","FarmCPU(1)","","","",0.1207,1.857,NA,"",NA,NA,"","Sobic.006G239000.1","Chr06",57969070,57983024,13955,"+",-5026,-8928
"622","PstI.TP10996","CmD_LI_mm.20",6,57974096,"CmD_LI_mm","PS_N(1)","C116+3293(1)","","FarmCPU(1)","","","",0.1207,1.857,NA,"",NA,NA,"","Sobic.006G239000.1","Chr06",57969070,57983024,13955,"+",-5026,-8928
"623","PstI.TP10996","CmD_LI_mm.20",6,57974096,"CmD_LI_mm","PS_N(1)","C116+3293(1)","","FarmCPU(1)","","","",0.1207,1.857,NA,"",NA,NA,"","Sobic.006G239000.1","Chr06",57969070,57983024,13955,"+",-5026,-8928
"624","PstI.TP10996","CmD_LI_mm.20",6,57974096,"CmD_LI_mm","PS_N(1)","C116+3293(1)","","FarmCPU(1)","","","",0.1207,1.857,NA,"",NA,NA,"","Sobic.006G239000.1","Chr06",57969070,57983024,13955,"+",-5026,-8928
"625","PstI.TP10996","CmD_LI_mm.20",6,57974096,"CmD_LI_mm","PS_N(1)","C116+3293(1)","","FarmCPU(1)","","","",0.1207,1.857,NA,"",NA,NA,"","Sobic.006G239000.1","Chr06",57969070,57983024,13955,"+",-5026,-8928
"626","PstI.TP10996","CmD_LI_mm.20",6,57974096,"CmD_LI_mm","PS_N(1)","C116+3293(1)","","FarmCPU(1)","","","",0.1207,1.857,NA,"",NA,NA,"","Sobic.006G239000.1","Chr06",57969070,57983024,13955,"+",-5026,-8928
"627","PstI.TP10996","CmD_BI_mm.24",6,57974096,"CmD_BI_mm","PS_N(1);PS_Y(2)","C106+4202(1);C116+3293(2)","","FarmCPU(1)","ISIS EM-BLASSO(2)","","",0.1274,3.194,NA,"",NA,NA,"","Sobic.006G239000.1","Chr06",57969070,57983024,13955,"+",-5026,-8928
"628","PstI.TP10996","CmD_BI_mm.24",6,57974096,"CmD_BI_mm","PS_N(1);PS_Y(2)","C106+4202(1);C116+3293(2)","","FarmCPU(1)","ISIS EM-BLASSO(2)","","",0.1274,3.194,NA,"",NA,NA,"","Sobic.006G239000.1","Chr06",57969070,57983024,13955,"+",-5026,-8928
"629","PstI.TP10996","CmD_BI_mm.24",6,57974096,"CmD_BI_mm","PS_N(1);PS_Y(2)","C106+4202(1);C116+3293(2)","","FarmCPU(1)","ISIS EM-BLASSO(2)","","",0.1274,3.194,NA,"",NA,NA,"","Sobic.006G239000.1","Chr06",57969070,57983024,13955,"+",-5026,-8928
"630","PstI.TP10996","CmD_BI_mm.24",6,57974096,"CmD_BI_mm","PS_N(1);PS_Y(2)","C106+4202(1);C116+3293(2)","","FarmCPU(1)","ISIS EM-BLASSO(2)","","",0.1274,3.194,NA,"",NA,NA,"","Sobic.006G239000.1","Chr06",57969070,57983024,13955,"+",-5026,-8928
"631","PstI.TP10996","CmD_BI_mm.24",6,57974096,"CmD_BI_mm","PS_N(1);PS_Y(2)","C106+4202(1);C116+3293(2)","","FarmCPU(1)","ISIS EM-BLASSO(2)","","",0.1274,3.194,NA,"",NA,NA,"","Sobic.006G239000.1","Chr06",57969070,57983024,13955,"+",-5026,-8928
"632","PstI.TP10996","CmD_BI_mm.24",6,57974096,"CmD_BI_mm","PS_N(1);PS_Y(2)","C106+4202(1);C116+3293(2)","","FarmCPU(1)","ISIS EM-BLASSO(2)","","",0.1274,3.194,NA,"",NA,NA,"","Sobic.006G239000.1","Chr06",57969070,57983024,13955,"+",-5026,-8928
"633","PstI.TP10996","CmN.93",6,57974096,"CmN","PS_Y(3)","C106+4202(1);C116+3293(2)","CMLM+SUPER(1)","","mrMLM(1)","","GLM(1)",0.1274,9.448,NA,"",NA,NA,"","Sobic.006G239000.1","Chr06",57969070,57983024,13955,"+",-5026,-8928
"634","PstI.TP10996","CmN.93",6,57974096,"CmN","PS_Y(3)","C106+4202(1);C116+3293(2)","CMLM+SUPER(1)","","mrMLM(1)","","GLM(1)",0.1274,9.448,NA,"",NA,NA,"","Sobic.006G239000.1","Chr06",57969070,57983024,13955,"+",-5026,-8928
"635","PstI.TP10996","CmN.93",6,57974096,"CmN","PS_Y(3)","C106+4202(1);C116+3293(2)","CMLM+SUPER(1)","","mrMLM(1)","","GLM(1)",0.1274,9.448,NA,"",NA,NA,"","Sobic.006G239000.1","Chr06",57969070,57983024,13955,"+",-5026,-8928
"636","PstI.TP10996","CmN.93",6,57974096,"CmN","PS_Y(3)","C106+4202(1);C116+3293(2)","CMLM+SUPER(1)","","mrMLM(1)","","GLM(1)",0.1274,9.448,NA,"",NA,NA,"","Sobic.006G239000.1","Chr06",57969070,57983024,13955,"+",-5026,-8928
"637","PstI.TP10996","CmN.93",6,57974096,"CmN","PS_Y(3)","C106+4202(1);C116+3293(2)","CMLM+SUPER(1)","","mrMLM(1)","","GLM(1)",0.1274,9.448,NA,"",NA,NA,"","Sobic.006G239000.1","Chr06",57969070,57983024,13955,"+",-5026,-8928
"638","PstI.TP10996","CmN.93",6,57974096,"CmN","PS_Y(3)","C106+4202(1);C116+3293(2)","CMLM+SUPER(1)","","mrMLM(1)","","GLM(1)",0.1274,9.448,NA,"",NA,NA,"","Sobic.006G239000.1","Chr06",57969070,57983024,13955,"+",-5026,-8928
"639","PstI.TP10996","CmDW_g.22",6,57974096,"CmDW_g","PCA=3(1);PS_N(1);PS_Y(1)","C116+3293(3)","","FarmCPU(1)","pKWmEB(1)","rrBLUP(1)","",0.1207,2.581,NA,"",NA,NA,"","Sobic.006G239000.1","Chr06",57969070,57983024,13955,"+",-5026,-8928
"640","PstI.TP10996","CmDW_g.22",6,57974096,"CmDW_g","PCA=3(1);PS_N(1);PS_Y(1)","C116+3293(3)","","FarmCPU(1)","pKWmEB(1)","rrBLUP(1)","",0.1207,2.581,NA,"",NA,NA,"","Sobic.006G239000.1","Chr06",57969070,57983024,13955,"+",-5026,-8928
"641","PstI.TP10996","CmDW_g.22",6,57974096,"CmDW_g","PCA=3(1);PS_N(1);PS_Y(1)","C116+3293(3)","","FarmCPU(1)","pKWmEB(1)","rrBLUP(1)","",0.1207,2.581,NA,"",NA,NA,"","Sobic.006G239000.1","Chr06",57969070,57983024,13955,"+",-5026,-8928
"642","PstI.TP10996","CmDW_g.22",6,57974096,"CmDW_g","PCA=3(1);PS_N(1);PS_Y(1)","C116+3293(3)","","FarmCPU(1)","pKWmEB(1)","rrBLUP(1)","",0.1207,2.581,NA,"",NA,NA,"","Sobic.006G239000.1","Chr06",57969070,57983024,13955,"+",-5026,-8928
"643","PstI.TP10996","CmDW_g.22",6,57974096,"CmDW_g","PCA=3(1);PS_N(1);PS_Y(1)","C116+3293(3)","","FarmCPU(1)","pKWmEB(1)","rrBLUP(1)","",0.1207,2.581,NA,"",NA,NA,"","Sobic.006G239000.1","Chr06",57969070,57983024,13955,"+",-5026,-8928
"644","PstI.TP10996","CmDW_g.22",6,57974096,"CmDW_g","PCA=3(1);PS_N(1);PS_Y(1)","C116+3293(3)","","FarmCPU(1)","pKWmEB(1)","rrBLUP(1)","",0.1207,2.581,NA,"",NA,NA,"","Sobic.006G239000.1","Chr06",57969070,57983024,13955,"+",-5026,-8928
"645","PstI.TP10996","Cml_cm.32",6,57974096,"Cml_cm","PS_N(1);PS_Y(3)","C116+3293(4)","MLM+SUPER(1)","FarmCPU(1)","FASTmrMLM(1);ISIS EM-BLASSO(1)","","",0.1207,3.282,NA,"",NA,NA,"","Sobic.006G239000.1","Chr06",57969070,57983024,13955,"+",-5026,-8928
"646","PstI.TP10996","Cml_cm.32",6,57974096,"Cml_cm","PS_N(1);PS_Y(3)","C116+3293(4)","MLM+SUPER(1)","FarmCPU(1)","FASTmrMLM(1);ISIS EM-BLASSO(1)","","",0.1207,3.282,NA,"",NA,NA,"","Sobic.006G239000.1","Chr06",57969070,57983024,13955,"+",-5026,-8928
"647","PstI.TP10996","Cml_cm.32",6,57974096,"Cml_cm","PS_N(1);PS_Y(3)","C116+3293(4)","MLM+SUPER(1)","FarmCPU(1)","FASTmrMLM(1);ISIS EM-BLASSO(1)","","",0.1207,3.282,NA,"",NA,NA,"","Sobic.006G239000.1","Chr06",57969070,57983024,13955,"+",-5026,-8928
"648","PstI.TP10996","Cml_cm.32",6,57974096,"Cml_cm","PS_N(1);PS_Y(3)","C116+3293(4)","MLM+SUPER(1)","FarmCPU(1)","FASTmrMLM(1);ISIS EM-BLASSO(1)","","",0.1207,3.282,NA,"",NA,NA,"","Sobic.006G239000.1","Chr06",57969070,57983024,13955,"+",-5026,-8928
"649","PstI.TP10996","Cml_cm.32",6,57974096,"Cml_cm","PS_N(1);PS_Y(3)","C116+3293(4)","MLM+SUPER(1)","FarmCPU(1)","FASTmrMLM(1);ISIS EM-BLASSO(1)","","",0.1207,3.282,NA,"",NA,NA,"","Sobic.006G239000.1","Chr06",57969070,57983024,13955,"+",-5026,-8928
"650","PstI.TP10996","Cml_cm.32",6,57974096,"Cml_cm","PS_N(1);PS_Y(3)","C116+3293(4)","MLM+SUPER(1)","FarmCPU(1)","FASTmrMLM(1);ISIS EM-BLASSO(1)","","",0.1207,3.282,NA,"",NA,NA,"","Sobic.006G239000.1","Chr06",57969070,57983024,13955,"+",-5026,-8928
"651","PstI.TP10996","CmD_LI_mm.20",6,57974096,"CmD_LI_mm","PS_N(1)","C116+3293(1)","","FarmCPU(1)","","","",0.1207,1.857,NA,"",NA,NA,"","Sobic.006G239000.1","Chr06",57969070,57983024,13955,"+",-5026,-8928
"652","PstI.TP10996","CmD_LI_mm.20",6,57974096,"CmD_LI_mm","PS_N(1)","C116+3293(1)","","FarmCPU(1)","","","",0.1207,1.857,NA,"",NA,NA,"","Sobic.006G239000.1","Chr06",57969070,57983024,13955,"+",-5026,-8928
"653","PstI.TP10996","CmD_LI_mm.20",6,57974096,"CmD_LI_mm","PS_N(1)","C116+3293(1)","","FarmCPU(1)","","","",0.1207,1.857,NA,"",NA,NA,"","Sobic.006G239000.1","Chr06",57969070,57983024,13955,"+",-5026,-8928
"654","PstI.TP10996","CmD_LI_mm.20",6,57974096,"CmD_LI_mm","PS_N(1)","C116+3293(1)","","FarmCPU(1)","","","",0.1207,1.857,NA,"",NA,NA,"","Sobic.006G239000.1","Chr06",57969070,57983024,13955,"+",-5026,-8928
"655","PstI.TP10996","CmD_LI_mm.20",6,57974096,"CmD_LI_mm","PS_N(1)","C116+3293(1)","","FarmCPU(1)","","","",0.1207,1.857,NA,"",NA,NA,"","Sobic.006G239000.1","Chr06",57969070,57983024,13955,"+",-5026,-8928
"656","PstI.TP10996","CmD_LI_mm.20",6,57974096,"CmD_LI_mm","PS_N(1)","C116+3293(1)","","FarmCPU(1)","","","",0.1207,1.857,NA,"",NA,NA,"","Sobic.006G239000.1","Chr06",57969070,57983024,13955,"+",-5026,-8928
"657","PstI.TP1100764","CmN.94",2,63346042,"CmN","PS_Y(1)","124+36088im(1)","","","FASTmrMLM(1)","","",0.3226,1.928,NA,"",NA,NA,"","Sobic.002G244800.1","Chr02",63346258,63346900,643,"-",216,-858
"658","PstI.TP1100764","CmN.94",2,63346042,"CmN","PS_Y(1)","124+36088im(1)","","","FASTmrMLM(1)","","",0.3226,1.928,NA,"",NA,NA,"","Sobic.002G244800.1","Chr02",63346258,63346900,643,"-",216,-858
"659","PstI.TP1100764","CmN.94",2,63346042,"CmN","PS_Y(1)","124+36088im(1)","","","FASTmrMLM(1)","","",0.3226,1.928,NA,"",NA,NA,"","Sobic.002G244901.1","Chr02",63346816,63351078,4263,"-",774,-5036
"660","PstI.TP1100764","CmN.94",2,63346042,"CmN","PS_Y(1)","124+36088im(1)","","","FASTmrMLM(1)","","",0.3226,1.928,NA,"",NA,NA,"","Sobic.002G244901.1","Chr02",63346816,63351078,4263,"-",774,-5036
"661","PstI.TP1100764","CmN.94",2,63346042,"CmN","PS_Y(1)","124+36088im(1)","","","FASTmrMLM(1)","","",0.3226,1.928,NA,"",NA,NA,"","Sobic.002G244800.1","Chr02",63346258,63346900,643,"-",216,-858
"662","PstI.TP1100764","CmN.94",2,63346042,"CmN","PS_Y(1)","124+36088im(1)","","","FASTmrMLM(1)","","",0.3226,1.928,NA,"",NA,NA,"","Sobic.002G244800.1","Chr02",63346258,63346900,643,"-",216,-858
"663","PstI.TP1100764","CmN.94",2,63346042,"CmN","PS_Y(1)","124+36088im(1)","","","FASTmrMLM(1)","","",0.3226,1.928,NA,"",NA,NA,"","Sobic.002G244901.1","Chr02",63346816,63351078,4263,"-",774,-5036
"664","PstI.TP1100764","CmN.94",2,63346042,"CmN","PS_Y(1)","124+36088im(1)","","","FASTmrMLM(1)","","",0.3226,1.928,NA,"",NA,NA,"","Sobic.002G244901.1","Chr02",63346816,63351078,4263,"-",774,-5036
"665","PstI.TP110898","CmDW_g.23",10,9880843,"CmDW_g","PS_Y(2)","C106+4202(1);C124+2560(1)","","","ISIS EM-BLASSO(2)","","",0.0566,13.2,NA,"",NA,NA,"","Sobic.010G104900.2","Chr10",9876675,9881144,4470,"-",-4168,-301
"666","PstI.TP110898","CmDW_g.23",10,9880843,"CmDW_g","PS_Y(2)","C106+4202(1);C124+2560(1)","","","ISIS EM-BLASSO(2)","","",0.0566,13.2,NA,"",NA,NA,"","Sobic.010G104900.3","Chr10",9875884,9881144,5261,"-",-4959,-301
"667","PstI.TP110898","CmDW_g.23",10,9880843,"CmDW_g","PS_Y(2)","C106+4202(1);C124+2560(1)","","","ISIS EM-BLASSO(2)","","",0.0566,13.2,NA,"",NA,NA,"","Sobic.010G104900.1","Chr10",9875884,9881144,5261,"-",-4959,-301
"668","PstI.TP110898","CmDW_g.23",10,9880843,"CmDW_g","PS_Y(2)","C106+4202(1);C124+2560(1)","","","ISIS EM-BLASSO(2)","","",0.0566,13.2,NA,"",NA,NA,"","Sobic.010G104900.2","Chr10",9876675,9881144,4470,"-",-4168,-301
"669","PstI.TP110898","CmDW_g.23",10,9880843,"CmDW_g","PS_Y(2)","C106+4202(1);C124+2560(1)","","","ISIS EM-BLASSO(2)","","",0.0566,13.2,NA,"",NA,NA,"","Sobic.010G104900.1","Chr10",9875884,9881144,5261,"-",-4959,-301
"670","PstI.TP110898","CmDW_g.23",10,9880843,"CmDW_g","PS_Y(2)","C106+4202(1);C124+2560(1)","","","ISIS EM-BLASSO(2)","","",0.0566,13.2,NA,"",NA,NA,"","Sobic.010G104900.1","Chr10",9875884,9881144,5261,"-",-4959,-301
"671","PstI.TP110898","CmDW_g.23",10,9880843,"CmDW_g","PS_Y(2)","C106+4202(1);C124+2560(1)","","","ISIS EM-BLASSO(2)","","",0.0566,13.2,NA,"",NA,NA,"","Sobic.010G104900.4","Chr10",9875884,9881144,5261,"-",-4959,-301
"672","PstI.TP110898","CmDW_g.23",10,9880843,"CmDW_g","PS_Y(2)","C106+4202(1);C124+2560(1)","","","ISIS EM-BLASSO(2)","","",0.0566,13.2,NA,"",NA,NA,"","Sobic.010G104900.3","Chr10",9875884,9881144,5261,"-",-4959,-301
"673","PstI.TP110898","CmDW_g.23",10,9880843,"CmDW_g","PS_Y(2)","C106+4202(1);C124+2560(1)","","","ISIS EM-BLASSO(2)","","",0.0566,13.2,NA,"",NA,NA,"","Sobic.010G104900.3","Chr10",9875884,9881144,5261,"-",-4959,-301
"674","PstI.TP110898","CmDW_g.23",10,9880843,"CmDW_g","PS_Y(2)","C106+4202(1);C124+2560(1)","","","ISIS EM-BLASSO(2)","","",0.0566,13.2,NA,"",NA,NA,"","Sobic.010G104900.4","Chr10",9875884,9881144,5261,"-",-4959,-301
"675","PstI.TP110898","CmDW_g.23",10,9880843,"CmDW_g","PS_Y(2)","C106+4202(1);C124+2560(1)","","","ISIS EM-BLASSO(2)","","",0.0566,13.2,NA,"",NA,NA,"","Sobic.010G104900.2","Chr10",9876675,9881144,4470,"-",-4168,-301
"676","PstI.TP110898","CmDW_g.23",10,9880843,"CmDW_g","PS_Y(2)","C106+4202(1);C124+2560(1)","","","ISIS EM-BLASSO(2)","","",0.0566,13.2,NA,"",NA,NA,"","Sobic.010G104900.2","Chr10",9876675,9881144,4470,"-",-4168,-301
"677","PstI.TP110898","CmDW_g.23",10,9880843,"CmDW_g","PS_Y(2)","C106+4202(1);C124+2560(1)","","","ISIS EM-BLASSO(2)","","",0.0566,13.2,NA,"",NA,NA,"","Sobic.010G104900.1","Chr10",9875884,9881144,5261,"-",-4959,-301
"678","PstI.TP110898","CmDW_g.23",10,9880843,"CmDW_g","PS_Y(2)","C106+4202(1);C124+2560(1)","","","ISIS EM-BLASSO(2)","","",0.0566,13.2,NA,"",NA,NA,"","Sobic.010G104900.4","Chr10",9875884,9881144,5261,"-",-4959,-301
"679","PstI.TP110898","CmDW_g.23",10,9880843,"CmDW_g","PS_Y(2)","C106+4202(1);C124+2560(1)","","","ISIS EM-BLASSO(2)","","",0.0566,13.2,NA,"",NA,NA,"","Sobic.010G104900.3","Chr10",9875884,9881144,5261,"-",-4959,-301
"680","PstI.TP110898","CmDW_g.23",10,9880843,"CmDW_g","PS_Y(2)","C106+4202(1);C124+2560(1)","","","ISIS EM-BLASSO(2)","","",0.0566,13.2,NA,"",NA,NA,"","Sobic.010G104900.4","Chr10",9875884,9881144,5261,"-",-4959,-301
"681","PstI.TP110898","CmDW_g.23",10,9880843,"CmDW_g","PS_Y(2)","C106+4202(1);C124+2560(1)","","","ISIS EM-BLASSO(2)","","",0.0566,13.2,NA,"",NA,NA,"","Sobic.010G104900.2","Chr10",9876675,9881144,4470,"-",-4168,-301
"682","PstI.TP110898","CmDW_g.23",10,9880843,"CmDW_g","PS_Y(2)","C106+4202(1);C124+2560(1)","","","ISIS EM-BLASSO(2)","","",0.0566,13.2,NA,"",NA,NA,"","Sobic.010G104900.4","Chr10",9875884,9881144,5261,"-",-4959,-301
"683","PstI.TP110898","CmDW_g.23",10,9880843,"CmDW_g","PS_Y(2)","C106+4202(1);C124+2560(1)","","","ISIS EM-BLASSO(2)","","",0.0566,13.2,NA,"",NA,NA,"","Sobic.010G104900.1","Chr10",9875884,9881144,5261,"-",-4959,-301
"684","PstI.TP110898","CmDW_g.23",10,9880843,"CmDW_g","PS_Y(2)","C106+4202(1);C124+2560(1)","","","ISIS EM-BLASSO(2)","","",0.0566,13.2,NA,"",NA,NA,"","Sobic.010G104900.3","Chr10",9875884,9881144,5261,"-",-4959,-301
"685","PstI.TP110898","CmN.95",10,9880843,"CmN","PCA=3(2);PS_N(9);PS_Y(10)","C106+4202(9);C116+3293(7);C124+2560(5)","CMLM+SUPER(1);MLM+SUPER(2)","FarmCPU(1)","ISIS EM-BLASSO(3);mrMLM(3);pKWmEB(6);pLARmEB(1)","rrBLUP(2)","GLM(2)",0.0577,31.7,NA,"",NA,NA,"","Sobic.010G104900.2","Chr10",9876675,9881144,4470,"-",-4168,-301
"686","PstI.TP110898","CmN.95",10,9880843,"CmN","PCA=3(2);PS_N(9);PS_Y(10)","C106+4202(9);C116+3293(7);C124+2560(5)","CMLM+SUPER(1);MLM+SUPER(2)","FarmCPU(1)","ISIS EM-BLASSO(3);mrMLM(3);pKWmEB(6);pLARmEB(1)","rrBLUP(2)","GLM(2)",0.0577,31.7,NA,"",NA,NA,"","Sobic.010G104900.3","Chr10",9875884,9881144,5261,"-",-4959,-301
"687","PstI.TP110898","CmN.95",10,9880843,"CmN","PCA=3(2);PS_N(9);PS_Y(10)","C106+4202(9);C116+3293(7);C124+2560(5)","CMLM+SUPER(1);MLM+SUPER(2)","FarmCPU(1)","ISIS EM-BLASSO(3);mrMLM(3);pKWmEB(6);pLARmEB(1)","rrBLUP(2)","GLM(2)",0.0577,31.7,NA,"",NA,NA,"","Sobic.010G104900.1","Chr10",9875884,9881144,5261,"-",-4959,-301
"688","PstI.TP110898","CmN.95",10,9880843,"CmN","PCA=3(2);PS_N(9);PS_Y(10)","C106+4202(9);C116+3293(7);C124+2560(5)","CMLM+SUPER(1);MLM+SUPER(2)","FarmCPU(1)","ISIS EM-BLASSO(3);mrMLM(3);pKWmEB(6);pLARmEB(1)","rrBLUP(2)","GLM(2)",0.0577,31.7,NA,"",NA,NA,"","Sobic.010G104900.2","Chr10",9876675,9881144,4470,"-",-4168,-301
"689","PstI.TP110898","CmN.95",10,9880843,"CmN","PCA=3(2);PS_N(9);PS_Y(10)","C106+4202(9);C116+3293(7);C124+2560(5)","CMLM+SUPER(1);MLM+SUPER(2)","FarmCPU(1)","ISIS EM-BLASSO(3);mrMLM(3);pKWmEB(6);pLARmEB(1)","rrBLUP(2)","GLM(2)",0.0577,31.7,NA,"",NA,NA,"","Sobic.010G104900.1","Chr10",9875884,9881144,5261,"-",-4959,-301
"690","PstI.TP110898","CmN.95",10,9880843,"CmN","PCA=3(2);PS_N(9);PS_Y(10)","C106+4202(9);C116+3293(7);C124+2560(5)","CMLM+SUPER(1);MLM+SUPER(2)","FarmCPU(1)","ISIS EM-BLASSO(3);mrMLM(3);pKWmEB(6);pLARmEB(1)","rrBLUP(2)","GLM(2)",0.0577,31.7,NA,"",NA,NA,"","Sobic.010G104900.1","Chr10",9875884,9881144,5261,"-",-4959,-301
"691","PstI.TP110898","CmN.95",10,9880843,"CmN","PCA=3(2);PS_N(9);PS_Y(10)","C106+4202(9);C116+3293(7);C124+2560(5)","CMLM+SUPER(1);MLM+SUPER(2)","FarmCPU(1)","ISIS EM-BLASSO(3);mrMLM(3);pKWmEB(6);pLARmEB(1)","rrBLUP(2)","GLM(2)",0.0577,31.7,NA,"",NA,NA,"","Sobic.010G104900.4","Chr10",9875884,9881144,5261,"-",-4959,-301
"692","PstI.TP110898","CmN.95",10,9880843,"CmN","PCA=3(2);PS_N(9);PS_Y(10)","C106+4202(9);C116+3293(7);C124+2560(5)","CMLM+SUPER(1);MLM+SUPER(2)","FarmCPU(1)","ISIS EM-BLASSO(3);mrMLM(3);pKWmEB(6);pLARmEB(1)","rrBLUP(2)","GLM(2)",0.0577,31.7,NA,"",NA,NA,"","Sobic.010G104900.3","Chr10",9875884,9881144,5261,"-",-4959,-301
"693","PstI.TP110898","CmN.95",10,9880843,"CmN","PCA=3(2);PS_N(9);PS_Y(10)","C106+4202(9);C116+3293(7);C124+2560(5)","CMLM+SUPER(1);MLM+SUPER(2)","FarmCPU(1)","ISIS EM-BLASSO(3);mrMLM(3);pKWmEB(6);pLARmEB(1)","rrBLUP(2)","GLM(2)",0.0577,31.7,NA,"",NA,NA,"","Sobic.010G104900.3","Chr10",9875884,9881144,5261,"-",-4959,-301
"694","PstI.TP110898","CmN.95",10,9880843,"CmN","PCA=3(2);PS_N(9);PS_Y(10)","C106+4202(9);C116+3293(7);C124+2560(5)","CMLM+SUPER(1);MLM+SUPER(2)","FarmCPU(1)","ISIS EM-BLASSO(3);mrMLM(3);pKWmEB(6);pLARmEB(1)","rrBLUP(2)","GLM(2)",0.0577,31.7,NA,"",NA,NA,"","Sobic.010G104900.4","Chr10",9875884,9881144,5261,"-",-4959,-301
"695","PstI.TP110898","CmN.95",10,9880843,"CmN","PCA=3(2);PS_N(9);PS_Y(10)","C106+4202(9);C116+3293(7);C124+2560(5)","CMLM+SUPER(1);MLM+SUPER(2)","FarmCPU(1)","ISIS EM-BLASSO(3);mrMLM(3);pKWmEB(6);pLARmEB(1)","rrBLUP(2)","GLM(2)",0.0577,31.7,NA,"",NA,NA,"","Sobic.010G104900.2","Chr10",9876675,9881144,4470,"-",-4168,-301
"696","PstI.TP110898","CmN.95",10,9880843,"CmN","PCA=3(2);PS_N(9);PS_Y(10)","C106+4202(9);C116+3293(7);C124+2560(5)","CMLM+SUPER(1);MLM+SUPER(2)","FarmCPU(1)","ISIS EM-BLASSO(3);mrMLM(3);pKWmEB(6);pLARmEB(1)","rrBLUP(2)","GLM(2)",0.0577,31.7,NA,"",NA,NA,"","Sobic.010G104900.2","Chr10",9876675,9881144,4470,"-",-4168,-301
"697","PstI.TP110898","CmN.95",10,9880843,"CmN","PCA=3(2);PS_N(9);PS_Y(10)","C106+4202(9);C116+3293(7);C124+2560(5)","CMLM+SUPER(1);MLM+SUPER(2)","FarmCPU(1)","ISIS EM-BLASSO(3);mrMLM(3);pKWmEB(6);pLARmEB(1)","rrBLUP(2)","GLM(2)",0.0577,31.7,NA,"",NA,NA,"","Sobic.010G104900.1","Chr10",9875884,9881144,5261,"-",-4959,-301
"698","PstI.TP110898","CmN.95",10,9880843,"CmN","PCA=3(2);PS_N(9);PS_Y(10)","C106+4202(9);C116+3293(7);C124+2560(5)","CMLM+SUPER(1);MLM+SUPER(2)","FarmCPU(1)","ISIS EM-BLASSO(3);mrMLM(3);pKWmEB(6);pLARmEB(1)","rrBLUP(2)","GLM(2)",0.0577,31.7,NA,"",NA,NA,"","Sobic.010G104900.4","Chr10",9875884,9881144,5261,"-",-4959,-301
"699","PstI.TP110898","CmN.95",10,9880843,"CmN","PCA=3(2);PS_N(9);PS_Y(10)","C106+4202(9);C116+3293(7);C124+2560(5)","CMLM+SUPER(1);MLM+SUPER(2)","FarmCPU(1)","ISIS EM-BLASSO(3);mrMLM(3);pKWmEB(6);pLARmEB(1)","rrBLUP(2)","GLM(2)",0.0577,31.7,NA,"",NA,NA,"","Sobic.010G104900.3","Chr10",9875884,9881144,5261,"-",-4959,-301
"700","PstI.TP110898","CmN.95",10,9880843,"CmN","PCA=3(2);PS_N(9);PS_Y(10)","C106+4202(9);C116+3293(7);C124+2560(5)","CMLM+SUPER(1);MLM+SUPER(2)","FarmCPU(1)","ISIS EM-BLASSO(3);mrMLM(3);pKWmEB(6);pLARmEB(1)","rrBLUP(2)","GLM(2)",0.0577,31.7,NA,"",NA,NA,"","Sobic.010G104900.4","Chr10",9875884,9881144,5261,"-",-4959,-301
"701","PstI.TP110898","CmN.95",10,9880843,"CmN","PCA=3(2);PS_N(9);PS_Y(10)","C106+4202(9);C116+3293(7);C124+2560(5)","CMLM+SUPER(1);MLM+SUPER(2)","FarmCPU(1)","ISIS EM-BLASSO(3);mrMLM(3);pKWmEB(6);pLARmEB(1)","rrBLUP(2)","GLM(2)",0.0577,31.7,NA,"",NA,NA,"","Sobic.010G104900.2","Chr10",9876675,9881144,4470,"-",-4168,-301
"702","PstI.TP110898","CmN.95",10,9880843,"CmN","PCA=3(2);PS_N(9);PS_Y(10)","C106+4202(9);C116+3293(7);C124+2560(5)","CMLM+SUPER(1);MLM+SUPER(2)","FarmCPU(1)","ISIS EM-BLASSO(3);mrMLM(3);pKWmEB(6);pLARmEB(1)","rrBLUP(2)","GLM(2)",0.0577,31.7,NA,"",NA,NA,"","Sobic.010G104900.4","Chr10",9875884,9881144,5261,"-",-4959,-301
"703","PstI.TP110898","CmN.95",10,9880843,"CmN","PCA=3(2);PS_N(9);PS_Y(10)","C106+4202(9);C116+3293(7);C124+2560(5)","CMLM+SUPER(1);MLM+SUPER(2)","FarmCPU(1)","ISIS EM-BLASSO(3);mrMLM(3);pKWmEB(6);pLARmEB(1)","rrBLUP(2)","GLM(2)",0.0577,31.7,NA,"",NA,NA,"","Sobic.010G104900.1","Chr10",9875884,9881144,5261,"-",-4959,-301
"704","PstI.TP110898","CmN.95",10,9880843,"CmN","PCA=3(2);PS_N(9);PS_Y(10)","C106+4202(9);C116+3293(7);C124+2560(5)","CMLM+SUPER(1);MLM+SUPER(2)","FarmCPU(1)","ISIS EM-BLASSO(3);mrMLM(3);pKWmEB(6);pLARmEB(1)","rrBLUP(2)","GLM(2)",0.0577,31.7,NA,"",NA,NA,"","Sobic.010G104900.3","Chr10",9875884,9881144,5261,"-",-4959,-301
"705","PstI.TP110898","CCirc_cm.14",10,9880843,"CCirc_cm","PS_N(3)","C106+4202(1);C124+2560(2)","","FarmCPU(1)","pKWmEB(1);pLARmEB(1)","","",0.0566,13.52,NA,"",NA,NA,"","Sobic.010G104900.2","Chr10",9876675,9881144,4470,"-",-4168,-301
"706","PstI.TP110898","CCirc_cm.14",10,9880843,"CCirc_cm","PS_N(3)","C106+4202(1);C124+2560(2)","","FarmCPU(1)","pKWmEB(1);pLARmEB(1)","","",0.0566,13.52,NA,"",NA,NA,"","Sobic.010G104900.3","Chr10",9875884,9881144,5261,"-",-4959,-301
"707","PstI.TP110898","CCirc_cm.14",10,9880843,"CCirc_cm","PS_N(3)","C106+4202(1);C124+2560(2)","","FarmCPU(1)","pKWmEB(1);pLARmEB(1)","","",0.0566,13.52,NA,"",NA,NA,"","Sobic.010G104900.1","Chr10",9875884,9881144,5261,"-",-4959,-301
"708","PstI.TP110898","CCirc_cm.14",10,9880843,"CCirc_cm","PS_N(3)","C106+4202(1);C124+2560(2)","","FarmCPU(1)","pKWmEB(1);pLARmEB(1)","","",0.0566,13.52,NA,"",NA,NA,"","Sobic.010G104900.2","Chr10",9876675,9881144,4470,"-",-4168,-301
"709","PstI.TP110898","CCirc_cm.14",10,9880843,"CCirc_cm","PS_N(3)","C106+4202(1);C124+2560(2)","","FarmCPU(1)","pKWmEB(1);pLARmEB(1)","","",0.0566,13.52,NA,"",NA,NA,"","Sobic.010G104900.1","Chr10",9875884,9881144,5261,"-",-4959,-301
"710","PstI.TP110898","CCirc_cm.14",10,9880843,"CCirc_cm","PS_N(3)","C106+4202(1);C124+2560(2)","","FarmCPU(1)","pKWmEB(1);pLARmEB(1)","","",0.0566,13.52,NA,"",NA,NA,"","Sobic.010G104900.1","Chr10",9875884,9881144,5261,"-",-4959,-301
"711","PstI.TP110898","CCirc_cm.14",10,9880843,"CCirc_cm","PS_N(3)","C106+4202(1);C124+2560(2)","","FarmCPU(1)","pKWmEB(1);pLARmEB(1)","","",0.0566,13.52,NA,"",NA,NA,"","Sobic.010G104900.4","Chr10",9875884,9881144,5261,"-",-4959,-301
"712","PstI.TP110898","CCirc_cm.14",10,9880843,"CCirc_cm","PS_N(3)","C106+4202(1);C124+2560(2)","","FarmCPU(1)","pKWmEB(1);pLARmEB(1)","","",0.0566,13.52,NA,"",NA,NA,"","Sobic.010G104900.3","Chr10",9875884,9881144,5261,"-",-4959,-301
"713","PstI.TP110898","CCirc_cm.14",10,9880843,"CCirc_cm","PS_N(3)","C106+4202(1);C124+2560(2)","","FarmCPU(1)","pKWmEB(1);pLARmEB(1)","","",0.0566,13.52,NA,"",NA,NA,"","Sobic.010G104900.3","Chr10",9875884,9881144,5261,"-",-4959,-301
"714","PstI.TP110898","CCirc_cm.14",10,9880843,"CCirc_cm","PS_N(3)","C106+4202(1);C124+2560(2)","","FarmCPU(1)","pKWmEB(1);pLARmEB(1)","","",0.0566,13.52,NA,"",NA,NA,"","Sobic.010G104900.4","Chr10",9875884,9881144,5261,"-",-4959,-301
"715","PstI.TP110898","CCirc_cm.14",10,9880843,"CCirc_cm","PS_N(3)","C106+4202(1);C124+2560(2)","","FarmCPU(1)","pKWmEB(1);pLARmEB(1)","","",0.0566,13.52,NA,"",NA,NA,"","Sobic.010G104900.2","Chr10",9876675,9881144,4470,"-",-4168,-301
"716","PstI.TP110898","CCirc_cm.14",10,9880843,"CCirc_cm","PS_N(3)","C106+4202(1);C124+2560(2)","","FarmCPU(1)","pKWmEB(1);pLARmEB(1)","","",0.0566,13.52,NA,"",NA,NA,"","Sobic.010G104900.2","Chr10",9876675,9881144,4470,"-",-4168,-301
"717","PstI.TP110898","CCirc_cm.14",10,9880843,"CCirc_cm","PS_N(3)","C106+4202(1);C124+2560(2)","","FarmCPU(1)","pKWmEB(1);pLARmEB(1)","","",0.0566,13.52,NA,"",NA,NA,"","Sobic.010G104900.1","Chr10",9875884,9881144,5261,"-",-4959,-301
"718","PstI.TP110898","CCirc_cm.14",10,9880843,"CCirc_cm","PS_N(3)","C106+4202(1);C124+2560(2)","","FarmCPU(1)","pKWmEB(1);pLARmEB(1)","","",0.0566,13.52,NA,"",NA,NA,"","Sobic.010G104900.4","Chr10",9875884,9881144,5261,"-",-4959,-301
"719","PstI.TP110898","CCirc_cm.14",10,9880843,"CCirc_cm","PS_N(3)","C106+4202(1);C124+2560(2)","","FarmCPU(1)","pKWmEB(1);pLARmEB(1)","","",0.0566,13.52,NA,"",NA,NA,"","Sobic.010G104900.3","Chr10",9875884,9881144,5261,"-",-4959,-301
"720","PstI.TP110898","CCirc_cm.14",10,9880843,"CCirc_cm","PS_N(3)","C106+4202(1);C124+2560(2)","","FarmCPU(1)","pKWmEB(1);pLARmEB(1)","","",0.0566,13.52,NA,"",NA,NA,"","Sobic.010G104900.4","Chr10",9875884,9881144,5261,"-",-4959,-301
"721","PstI.TP110898","CCirc_cm.14",10,9880843,"CCirc_cm","PS_N(3)","C106+4202(1);C124+2560(2)","","FarmCPU(1)","pKWmEB(1);pLARmEB(1)","","",0.0566,13.52,NA,"",NA,NA,"","Sobic.010G104900.2","Chr10",9876675,9881144,4470,"-",-4168,-301
"722","PstI.TP110898","CCirc_cm.14",10,9880843,"CCirc_cm","PS_N(3)","C106+4202(1);C124+2560(2)","","FarmCPU(1)","pKWmEB(1);pLARmEB(1)","","",0.0566,13.52,NA,"",NA,NA,"","Sobic.010G104900.4","Chr10",9875884,9881144,5261,"-",-4959,-301
"723","PstI.TP110898","CCirc_cm.14",10,9880843,"CCirc_cm","PS_N(3)","C106+4202(1);C124+2560(2)","","FarmCPU(1)","pKWmEB(1);pLARmEB(1)","","",0.0566,13.52,NA,"",NA,NA,"","Sobic.010G104900.1","Chr10",9875884,9881144,5261,"-",-4959,-301
"724","PstI.TP110898","CCirc_cm.14",10,9880843,"CCirc_cm","PS_N(3)","C106+4202(1);C124+2560(2)","","FarmCPU(1)","pKWmEB(1);pLARmEB(1)","","",0.0566,13.52,NA,"",NA,NA,"","Sobic.010G104900.3","Chr10",9875884,9881144,5261,"-",-4959,-301
"725","PstI.TP110898","Yld_kg.10",10,9880843,"Yld","PS_N(1)","C116+3293(1)","","FarmCPU(1)","","","",0.05172,3.563,NA,"PstI.TP1040729",4,54844080,"PstI.TP1040729\4\54844080","Sobic.010G104900.2","Chr10",9876675,9881144,4470,"-",-4168,-301
"726","PstI.TP110898","Yld_kg.10",10,9880843,"Yld","PS_N(1)","C116+3293(1)","","FarmCPU(1)","","","",0.05172,3.563,NA,"PstI.TP1040729",4,54844080,"PstI.TP1040729\4\54844080","Sobic.010G104900.3","Chr10",9875884,9881144,5261,"-",-4959,-301
"727","PstI.TP110898","Yld_kg.10",10,9880843,"Yld","PS_N(1)","C116+3293(1)","","FarmCPU(1)","","","",0.05172,3.563,NA,"PstI.TP1040729",4,54844080,"PstI.TP1040729\4\54844080","Sobic.010G104900.1","Chr10",9875884,9881144,5261,"-",-4959,-301
"728","PstI.TP110898","Yld_kg.10",10,9880843,"Yld","PS_N(1)","C116+3293(1)","","FarmCPU(1)","","","",0.05172,3.563,NA,"PstI.TP1040729",4,54844080,"PstI.TP1040729\4\54844080","Sobic.010G104900.2","Chr10",9876675,9881144,4470,"-",-4168,-301
"729","PstI.TP110898","Yld_kg.10",10,9880843,"Yld","PS_N(1)","C116+3293(1)","","FarmCPU(1)","","","",0.05172,3.563,NA,"PstI.TP1040729",4,54844080,"PstI.TP1040729\4\54844080","Sobic.010G104900.1","Chr10",9875884,9881144,5261,"-",-4959,-301
"730","PstI.TP110898","Yld_kg.10",10,9880843,"Yld","PS_N(1)","C116+3293(1)","","FarmCPU(1)","","","",0.05172,3.563,NA,"PstI.TP1040729",4,54844080,"PstI.TP1040729\4\54844080","Sobic.010G104900.1","Chr10",9875884,9881144,5261,"-",-4959,-301
"731","PstI.TP110898","Yld_kg.10",10,9880843,"Yld","PS_N(1)","C116+3293(1)","","FarmCPU(1)","","","",0.05172,3.563,NA,"PstI.TP1040729",4,54844080,"PstI.TP1040729\4\54844080","Sobic.010G104900.4","Chr10",9875884,9881144,5261,"-",-4959,-301
"732","PstI.TP110898","Yld_kg.10",10,9880843,"Yld","PS_N(1)","C116+3293(1)","","FarmCPU(1)","","","",0.05172,3.563,NA,"PstI.TP1040729",4,54844080,"PstI.TP1040729\4\54844080","Sobic.010G104900.3","Chr10",9875884,9881144,5261,"-",-4959,-301
"733","PstI.TP110898","Yld_kg.10",10,9880843,"Yld","PS_N(1)","C116+3293(1)","","FarmCPU(1)","","","",0.05172,3.563,NA,"PstI.TP1040729",4,54844080,"PstI.TP1040729\4\54844080","Sobic.010G104900.3","Chr10",9875884,9881144,5261,"-",-4959,-301
"734","PstI.TP110898","Yld_kg.10",10,9880843,"Yld","PS_N(1)","C116+3293(1)","","FarmCPU(1)","","","",0.05172,3.563,NA,"PstI.TP1040729",4,54844080,"PstI.TP1040729\4\54844080","Sobic.010G104900.4","Chr10",9875884,9881144,5261,"-",-4959,-301
"735","PstI.TP110898","Yld_kg.10",10,9880843,"Yld","PS_N(1)","C116+3293(1)","","FarmCPU(1)","","","",0.05172,3.563,NA,"PstI.TP1040729",4,54844080,"PstI.TP1040729\4\54844080","Sobic.010G104900.2","Chr10",9876675,9881144,4470,"-",-4168,-301
"736","PstI.TP110898","Yld_kg.10",10,9880843,"Yld","PS_N(1)","C116+3293(1)","","FarmCPU(1)","","","",0.05172,3.563,NA,"PstI.TP1040729",4,54844080,"PstI.TP1040729\4\54844080","Sobic.010G104900.2","Chr10",9876675,9881144,4470,"-",-4168,-301
"737","PstI.TP110898","Yld_kg.10",10,9880843,"Yld","PS_N(1)","C116+3293(1)","","FarmCPU(1)","","","",0.05172,3.563,NA,"PstI.TP1040729",4,54844080,"PstI.TP1040729\4\54844080","Sobic.010G104900.1","Chr10",9875884,9881144,5261,"-",-4959,-301
"738","PstI.TP110898","Yld_kg.10",10,9880843,"Yld","PS_N(1)","C116+3293(1)","","FarmCPU(1)","","","",0.05172,3.563,NA,"PstI.TP1040729",4,54844080,"PstI.TP1040729\4\54844080","Sobic.010G104900.4","Chr10",9875884,9881144,5261,"-",-4959,-301
"739","PstI.TP110898","Yld_kg.10",10,9880843,"Yld","PS_N(1)","C116+3293(1)","","FarmCPU(1)","","","",0.05172,3.563,NA,"PstI.TP1040729",4,54844080,"PstI.TP1040729\4\54844080","Sobic.010G104900.3","Chr10",9875884,9881144,5261,"-",-4959,-301
"740","PstI.TP110898","Yld_kg.10",10,9880843,"Yld","PS_N(1)","C116+3293(1)","","FarmCPU(1)","","","",0.05172,3.563,NA,"PstI.TP1040729",4,54844080,"PstI.TP1040729\4\54844080","Sobic.010G104900.4","Chr10",9875884,9881144,5261,"-",-4959,-301
"741","PstI.TP110898","Yld_kg.10",10,9880843,"Yld","PS_N(1)","C116+3293(1)","","FarmCPU(1)","","","",0.05172,3.563,NA,"PstI.TP1040729",4,54844080,"PstI.TP1040729\4\54844080","Sobic.010G104900.2","Chr10",9876675,9881144,4470,"-",-4168,-301
"742","PstI.TP110898","Yld_kg.10",10,9880843,"Yld","PS_N(1)","C116+3293(1)","","FarmCPU(1)","","","",0.05172,3.563,NA,"PstI.TP1040729",4,54844080,"PstI.TP1040729\4\54844080","Sobic.010G104900.4","Chr10",9875884,9881144,5261,"-",-4959,-301
"743","PstI.TP110898","Yld_kg.10",10,9880843,"Yld","PS_N(1)","C116+3293(1)","","FarmCPU(1)","","","",0.05172,3.563,NA,"PstI.TP1040729",4,54844080,"PstI.TP1040729\4\54844080","Sobic.010G104900.1","Chr10",9875884,9881144,5261,"-",-4959,-301
"744","PstI.TP110898","Yld_kg.10",10,9880843,"Yld","PS_N(1)","C116+3293(1)","","FarmCPU(1)","","","",0.05172,3.563,NA,"PstI.TP1040729",4,54844080,"PstI.TP1040729\4\54844080","Sobic.010G104900.3","Chr10",9875884,9881144,5261,"-",-4959,-301
"745","PstI.TP110898","Yld_kg.11",10,9880843,"Yld","PS_N(1)","C116+3293(1)","","FarmCPU(1)","","","",0.05172,3.563,NA,"PstI.TP1040729",4,54844080,"PstI.TP1040729\4\54844080","Sobic.010G104900.2","Chr10",9876675,9881144,4470,"-",-4168,-301
"746","PstI.TP110898","Yld_kg.11",10,9880843,"Yld","PS_N(1)","C116+3293(1)","","FarmCPU(1)","","","",0.05172,3.563,NA,"PstI.TP1040729",4,54844080,"PstI.TP1040729\4\54844080","Sobic.010G104900.3","Chr10",9875884,9881144,5261,"-",-4959,-301
"747","PstI.TP110898","Yld_kg.11",10,9880843,"Yld","PS_N(1)","C116+3293(1)","","FarmCPU(1)","","","",0.05172,3.563,NA,"PstI.TP1040729",4,54844080,"PstI.TP1040729\4\54844080","Sobic.010G104900.1","Chr10",9875884,9881144,5261,"-",-4959,-301
"748","PstI.TP110898","Yld_kg.11",10,9880843,"Yld","PS_N(1)","C116+3293(1)","","FarmCPU(1)","","","",0.05172,3.563,NA,"PstI.TP1040729",4,54844080,"PstI.TP1040729\4\54844080","Sobic.010G104900.2","Chr10",9876675,9881144,4470,"-",-4168,-301
"749","PstI.TP110898","Yld_kg.11",10,9880843,"Yld","PS_N(1)","C116+3293(1)","","FarmCPU(1)","","","",0.05172,3.563,NA,"PstI.TP1040729",4,54844080,"PstI.TP1040729\4\54844080","Sobic.010G104900.1","Chr10",9875884,9881144,5261,"-",-4959,-301
"750","PstI.TP110898","Yld_kg.11",10,9880843,"Yld","PS_N(1)","C116+3293(1)","","FarmCPU(1)","","","",0.05172,3.563,NA,"PstI.TP1040729",4,54844080,"PstI.TP1040729\4\54844080","Sobic.010G104900.1","Chr10",9875884,9881144,5261,"-",-4959,-301
"751","PstI.TP110898","Yld_kg.11",10,9880843,"Yld","PS_N(1)","C116+3293(1)","","FarmCPU(1)","","","",0.05172,3.563,NA,"PstI.TP1040729",4,54844080,"PstI.TP1040729\4\54844080","Sobic.010G104900.4","Chr10",9875884,9881144,5261,"-",-4959,-301
"752","PstI.TP110898","Yld_kg.11",10,9880843,"Yld","PS_N(1)","C116+3293(1)","","FarmCPU(1)","","","",0.05172,3.563,NA,"PstI.TP1040729",4,54844080,"PstI.TP1040729\4\54844080","Sobic.010G104900.3","Chr10",9875884,9881144,5261,"-",-4959,-301
"753","PstI.TP110898","Yld_kg.11",10,9880843,"Yld","PS_N(1)","C116+3293(1)","","FarmCPU(1)","","","",0.05172,3.563,NA,"PstI.TP1040729",4,54844080,"PstI.TP1040729\4\54844080","Sobic.010G104900.3","Chr10",9875884,9881144,5261,"-",-4959,-301
"754","PstI.TP110898","Yld_kg.11",10,9880843,"Yld","PS_N(1)","C116+3293(1)","","FarmCPU(1)","","","",0.05172,3.563,NA,"PstI.TP1040729",4,54844080,"PstI.TP1040729\4\54844080","Sobic.010G104900.4","Chr10",9875884,9881144,5261,"-",-4959,-301
"755","PstI.TP110898","Yld_kg.11",10,9880843,"Yld","PS_N(1)","C116+3293(1)","","FarmCPU(1)","","","",0.05172,3.563,NA,"PstI.TP1040729",4,54844080,"PstI.TP1040729\4\54844080","Sobic.010G104900.2","Chr10",9876675,9881144,4470,"-",-4168,-301
"756","PstI.TP110898","Yld_kg.11",10,9880843,"Yld","PS_N(1)","C116+3293(1)","","FarmCPU(1)","","","",0.05172,3.563,NA,"PstI.TP1040729",4,54844080,"PstI.TP1040729\4\54844080","Sobic.010G104900.2","Chr10",9876675,9881144,4470,"-",-4168,-301
"757","PstI.TP110898","Yld_kg.11",10,9880843,"Yld","PS_N(1)","C116+3293(1)","","FarmCPU(1)","","","",0.05172,3.563,NA,"PstI.TP1040729",4,54844080,"PstI.TP1040729\4\54844080","Sobic.010G104900.1","Chr10",9875884,9881144,5261,"-",-4959,-301
"758","PstI.TP110898","Yld_kg.11",10,9880843,"Yld","PS_N(1)","C116+3293(1)","","FarmCPU(1)","","","",0.05172,3.563,NA,"PstI.TP1040729",4,54844080,"PstI.TP1040729\4\54844080","Sobic.010G104900.4","Chr10",9875884,9881144,5261,"-",-4959,-301
"759","PstI.TP110898","Yld_kg.11",10,9880843,"Yld","PS_N(1)","C116+3293(1)","","FarmCPU(1)","","","",0.05172,3.563,NA,"PstI.TP1040729",4,54844080,"PstI.TP1040729\4\54844080","Sobic.010G104900.3","Chr10",9875884,9881144,5261,"-",-4959,-301
"760","PstI.TP110898","Yld_kg.11",10,9880843,"Yld","PS_N(1)","C116+3293(1)","","FarmCPU(1)","","","",0.05172,3.563,NA,"PstI.TP1040729",4,54844080,"PstI.TP1040729\4\54844080","Sobic.010G104900.4","Chr10",9875884,9881144,5261,"-",-4959,-301
"761","PstI.TP110898","Yld_kg.11",10,9880843,"Yld","PS_N(1)","C116+3293(1)","","FarmCPU(1)","","","",0.05172,3.563,NA,"PstI.TP1040729",4,54844080,"PstI.TP1040729\4\54844080","Sobic.010G104900.2","Chr10",9876675,9881144,4470,"-",-4168,-301
"762","PstI.TP110898","Yld_kg.11",10,9880843,"Yld","PS_N(1)","C116+3293(1)","","FarmCPU(1)","","","",0.05172,3.563,NA,"PstI.TP1040729",4,54844080,"PstI.TP1040729\4\54844080","Sobic.010G104900.4","Chr10",9875884,9881144,5261,"-",-4959,-301
"763","PstI.TP110898","Yld_kg.11",10,9880843,"Yld","PS_N(1)","C116+3293(1)","","FarmCPU(1)","","","",0.05172,3.563,NA,"PstI.TP1040729",4,54844080,"PstI.TP1040729\4\54844080","Sobic.010G104900.1","Chr10",9875884,9881144,5261,"-",-4959,-301
"764","PstI.TP110898","Yld_kg.11",10,9880843,"Yld","PS_N(1)","C116+3293(1)","","FarmCPU(1)","","","",0.05172,3.563,NA,"PstI.TP1040729",4,54844080,"PstI.TP1040729\4\54844080","Sobic.010G104900.3","Chr10",9875884,9881144,5261,"-",-4959,-301
"765","PstI.TP111833","CmN.96",1,67205643,"CmN","PS_Y(1)","124+36088im(1)","","","","","GLM(1)",0.0582,6.868,NA,"",NA,NA,"","Sobic.001G384600.1","Chr01",67201155,67205912,4758,"+",-4488,-269
"766","PstI.TP1123778","CmN.97",2,61958273,"CmN","PS_Y(9)","C106+4202(2);C116+3293(4);C124+2560(3)","CMLM+SUPER(2);MLM+SUPER(3)","","mrMLM(1)","","GLM(3)",0.09677,11.84,NA,"",NA,NA,"","Sobic.002G227900.1","Chr02",61957542,61959386,1845,"-",-731,-1113
"770","PstI.TP1128002","CmN.99",2,59726913,"CmN","PS_Y(1)","124+36088im(1)","","","mrMLM(1)","","",0.0246,14.63,NA,"",NA,NA,"","Sobic.002G205700.1","Chr02",59726662,59729516,2855,"+",-251,-2603
"772","PstI.TP1132955","CmD_BI_mm.25",4,63683010,"CmD_BI_mm","PS_N(1)","C106+4202(1)","","","mrMLM(1)","","",0.1971,20.04,NA,"",NA,NA,"","Sobic.004G297300.1","Chr04",63678188,63683509,5322,"-",-4822,-499
"773","PstI.TP1132955","CmD_BI_mm.25",4,63683010,"CmD_BI_mm","PS_N(1)","C106+4202(1)","","","mrMLM(1)","","",0.1971,20.04,NA,"",NA,NA,"","Sobic.004G297400.4","Chr04",63683622,63687079,3458,"-",612,-4069
"774","PstI.TP1132955","CmD_BI_mm.25",4,63683010,"CmD_BI_mm","PS_N(1)","C106+4202(1)","","","mrMLM(1)","","",0.1971,20.04,NA,"",NA,NA,"","Sobic.004G297400.5","Chr04",63683622,63687275,3654,"-",612,-4265
"775","PstI.TP1132955","CmD_BI_mm.25",4,63683010,"CmD_BI_mm","PS_N(1)","C106+4202(1)","","","mrMLM(1)","","",0.1971,20.04,NA,"",NA,NA,"","Sobic.004G297400.1","Chr04",63683851,63687124,3274,"-",841,-4114
"776","PstI.TP1132955","CmD_BI_mm.25",4,63683010,"CmD_BI_mm","PS_N(1)","C106+4202(1)","","","mrMLM(1)","","",0.1971,20.04,NA,"",NA,NA,"","Sobic.004G297400.4","Chr04",63683622,63687079,3458,"-",612,-4069
"777","PstI.TP1132955","CmD_BI_mm.25",4,63683010,"CmD_BI_mm","PS_N(1)","C106+4202(1)","","","mrMLM(1)","","",0.1971,20.04,NA,"",NA,NA,"","Sobic.004G297400.6","Chr04",63683856,63687274,3419,"-",846,-4264
"778","PstI.TP1132955","CmD_BI_mm.25",4,63683010,"CmD_BI_mm","PS_N(1)","C106+4202(1)","","","mrMLM(1)","","",0.1971,20.04,NA,"",NA,NA,"","Sobic.004G297400.5","Chr04",63683622,63687275,3654,"-",612,-4265
"779","PstI.TP1132955","CmD_BI_mm.25",4,63683010,"CmD_BI_mm","PS_N(1)","C106+4202(1)","","","mrMLM(1)","","",0.1971,20.04,NA,"",NA,NA,"","Sobic.004G297400.3","Chr04",63683622,63687079,3458,"-",612,-4069
"780","PstI.TP1132955","CmD_BI_mm.25",4,63683010,"CmD_BI_mm","PS_N(1)","C106+4202(1)","","","mrMLM(1)","","",0.1971,20.04,NA,"",NA,NA,"","Sobic.004G297400.2","Chr04",63683622,63687275,3654,"-",612,-4265
"781","PstI.TP1132955","CmD_BI_mm.25",4,63683010,"CmD_BI_mm","PS_N(1)","C106+4202(1)","","","mrMLM(1)","","",0.1971,20.04,NA,"",NA,NA,"","Sobic.004G297300.1","Chr04",63678188,63683509,5322,"-",-4822,-499
"782","PstI.TP1132955","CmD_BI_mm.25",4,63683010,"CmD_BI_mm","PS_N(1)","C106+4202(1)","","","mrMLM(1)","","",0.1971,20.04,NA,"",NA,NA,"","Sobic.004G297400.2","Chr04",63683622,63687275,3654,"-",612,-4265
"783","PstI.TP1132955","CmD_BI_mm.25",4,63683010,"CmD_BI_mm","PS_N(1)","C106+4202(1)","","","mrMLM(1)","","",0.1971,20.04,NA,"",NA,NA,"","Sobic.004G297400.7","Chr04",63683622,63687079,3458,"-",612,-4069
"784","PstI.TP1132955","CmD_BI_mm.25",4,63683010,"CmD_BI_mm","PS_N(1)","C106+4202(1)","","","mrMLM(1)","","",0.1971,20.04,NA,"",NA,NA,"","Sobic.004G297400.6","Chr04",63683856,63687274,3419,"-",846,-4264
"785","PstI.TP1132955","CmD_BI_mm.25",4,63683010,"CmD_BI_mm","PS_N(1)","C106+4202(1)","","","mrMLM(1)","","",0.1971,20.04,NA,"",NA,NA,"","Sobic.004G297400.7","Chr04",63683622,63687079,3458,"-",612,-4069
"786","PstI.TP1132955","CmD_BI_mm.25",4,63683010,"CmD_BI_mm","PS_N(1)","C106+4202(1)","","","mrMLM(1)","","",0.1971,20.04,NA,"",NA,NA,"","Sobic.004G297400.3","Chr04",63683622,63687079,3458,"-",612,-4069
"787","PstI.TP1132955","CmD_BI_mm.25",4,63683010,"CmD_BI_mm","PS_N(1)","C106+4202(1)","","","mrMLM(1)","","",0.1971,20.04,NA,"",NA,NA,"","Sobic.004G297400.1","Chr04",63683851,63687124,3274,"-",841,-4114
"788","PstI.TP1132955","CmD_BI_mm.25",4,63683010,"CmD_BI_mm","PS_N(1)","C106+4202(1)","","","mrMLM(1)","","",0.1971,20.04,NA,"",NA,NA,"","Sobic.004G297300.1","Chr04",63678188,63683509,5322,"-",-4822,-499
"789","PstI.TP1132955","CmD_BI_mm.25",4,63683010,"CmD_BI_mm","PS_N(1)","C106+4202(1)","","","mrMLM(1)","","",0.1971,20.04,NA,"",NA,NA,"","Sobic.004G297400.4","Chr04",63683622,63687079,3458,"-",612,-4069
"790","PstI.TP1132955","CmD_BI_mm.25",4,63683010,"CmD_BI_mm","PS_N(1)","C106+4202(1)","","","mrMLM(1)","","",0.1971,20.04,NA,"",NA,NA,"","Sobic.004G297400.5","Chr04",63683622,63687275,3654,"-",612,-4265
"791","PstI.TP1132955","CmD_BI_mm.25",4,63683010,"CmD_BI_mm","PS_N(1)","C106+4202(1)","","","mrMLM(1)","","",0.1971,20.04,NA,"",NA,NA,"","Sobic.004G297400.1","Chr04",63683851,63687124,3274,"-",841,-4114
"792","PstI.TP1132955","CmD_BI_mm.25",4,63683010,"CmD_BI_mm","PS_N(1)","C106+4202(1)","","","mrMLM(1)","","",0.1971,20.04,NA,"",NA,NA,"","Sobic.004G297400.4","Chr04",63683622,63687079,3458,"-",612,-4069
"793","PstI.TP1132955","CmD_BI_mm.25",4,63683010,"CmD_BI_mm","PS_N(1)","C106+4202(1)","","","mrMLM(1)","","",0.1971,20.04,NA,"",NA,NA,"","Sobic.004G297400.6","Chr04",63683856,63687274,3419,"-",846,-4264
"794","PstI.TP1132955","CmD_BI_mm.25",4,63683010,"CmD_BI_mm","PS_N(1)","C106+4202(1)","","","mrMLM(1)","","",0.1971,20.04,NA,"",NA,NA,"","Sobic.004G297400.5","Chr04",63683622,63687275,3654,"-",612,-4265
"795","PstI.TP1132955","CmD_BI_mm.25",4,63683010,"CmD_BI_mm","PS_N(1)","C106+4202(1)","","","mrMLM(1)","","",0.1971,20.04,NA,"",NA,NA,"","Sobic.004G297400.3","Chr04",63683622,63687079,3458,"-",612,-4069
"796","PstI.TP1132955","CmD_BI_mm.25",4,63683010,"CmD_BI_mm","PS_N(1)","C106+4202(1)","","","mrMLM(1)","","",0.1971,20.04,NA,"",NA,NA,"","Sobic.004G297400.2","Chr04",63683622,63687275,3654,"-",612,-4265
"797","PstI.TP1132955","CmD_BI_mm.25",4,63683010,"CmD_BI_mm","PS_N(1)","C106+4202(1)","","","mrMLM(1)","","",0.1971,20.04,NA,"",NA,NA,"","Sobic.004G297300.1","Chr04",63678188,63683509,5322,"-",-4822,-499
"798","PstI.TP1132955","CmD_BI_mm.25",4,63683010,"CmD_BI_mm","PS_N(1)","C106+4202(1)","","","mrMLM(1)","","",0.1971,20.04,NA,"",NA,NA,"","Sobic.004G297400.2","Chr04",63683622,63687275,3654,"-",612,-4265
"799","PstI.TP1132955","CmD_BI_mm.25",4,63683010,"CmD_BI_mm","PS_N(1)","C106+4202(1)","","","mrMLM(1)","","",0.1971,20.04,NA,"",NA,NA,"","Sobic.004G297400.7","Chr04",63683622,63687079,3458,"-",612,-4069
"800","PstI.TP1132955","CmD_BI_mm.25",4,63683010,"CmD_BI_mm","PS_N(1)","C106+4202(1)","","","mrMLM(1)","","",0.1971,20.04,NA,"",NA,NA,"","Sobic.004G297400.6","Chr04",63683856,63687274,3419,"-",846,-4264
"801","PstI.TP1132955","CmD_BI_mm.25",4,63683010,"CmD_BI_mm","PS_N(1)","C106+4202(1)","","","mrMLM(1)","","",0.1971,20.04,NA,"",NA,NA,"","Sobic.004G297400.7","Chr04",63683622,63687079,3458,"-",612,-4069
"802","PstI.TP1132955","CmD_BI_mm.25",4,63683010,"CmD_BI_mm","PS_N(1)","C106+4202(1)","","","mrMLM(1)","","",0.1971,20.04,NA,"",NA,NA,"","Sobic.004G297400.3","Chr04",63683622,63687079,3458,"-",612,-4069
"803","PstI.TP1132955","CmD_BI_mm.25",4,63683010,"CmD_BI_mm","PS_N(1)","C106+4202(1)","","","mrMLM(1)","","",0.1971,20.04,NA,"",NA,NA,"","Sobic.004G297400.1","Chr04",63683851,63687124,3274,"-",841,-4114
"804","PstI.TP1145813","CCirc_cm.16",5,69264081,"CCirc_cm","PS_N(1)","124+36088im(1)","","","ISIS EM-BLASSO(1)","","",0.1176,24.74,NA,"",NA,NA,"","Sobic.005G206500.1","Chr05",69260461,69264619,4159,"-",-3620,-538
"805","PstI.TP1146105","CmN.101",3,17294985,"CmN","PS_Y(2)","124+36088im(2)","CMLM+SUPER(1);MLM+SUPER(1)","","","","",0.3806,0.1069,NA,"",NA,NA,"","Sobic.003G156500.1","Chr03",17294003,17303044,9042,"+",-982,-8059
"806","PstI.TP1148487","CmN.102",4,48397503,"CmN","PS_Y(1)","C106+4202(1)","CMLM+SUPER(1)","","","","",0.08491,2.998,NA,"",NA,NA,"","Sobic.004G153000.2","Chr04",48395164,48399044,3881,"+",-2339,-1541
"807","PstI.TP1148487","CmN.102",4,48397503,"CmN","PS_Y(1)","C106+4202(1)","CMLM+SUPER(1)","","","","",0.08491,2.998,NA,"",NA,NA,"","Sobic.004G153000.1","Chr04",48395164,48399044,3881,"+",-2339,-1541
"808","PstI.TP1148558","CmDW_g.24",2,62049812,"CmDW_g","PS_N(1)","C116+3293(1)","","FarmCPU(1)","","","",0.05172,17.13,NA,"",NA,NA,"","Sobic.002G229300.1","Chr02",62048550,62052330,3781,"-",-1262,-2518
"809","PstI.TP1150566","CmN.103",9,1671674,"CmN","PS_Y(1)","124+36088im(1)","","","pKWmEB(1)","","",0.1129,1.926,NA,"",NA,NA,"","Sobic.009G018200.1","Chr09",1669989,1672866,2878,"-",-1685,-1192
"813","PstI.TP1155086","CmD_BI_mm.26",9,50004653,"CmD_BI_mm","PS_N(2)","C116+3293(1);C124+2560(1)","","FarmCPU(2)","","","",0.2371,17.98,NA,"",NA,NA,"","Sobic.009G142800.4","Chr09",50005037,50008259,3223,"+",384,-3606
"814","PstI.TP1155086","CmD_BI_mm.26",9,50004653,"CmD_BI_mm","PS_N(2)","C116+3293(1);C124+2560(1)","","FarmCPU(2)","","","",0.2371,17.98,NA,"",NA,NA,"","Sobic.009G142800.4","Chr09",50005037,50008259,3223,"+",384,-3606
"815","PstI.TP1155086","CmD_BI_mm.26",9,50004653,"CmD_BI_mm","PS_N(2)","C116+3293(1);C124+2560(1)","","FarmCPU(2)","","","",0.2371,17.98,NA,"",NA,NA,"","Sobic.009G142800.3","Chr09",50005042,50008255,3214,"+",389,-3602
"816","PstI.TP1155086","CmD_BI_mm.26",9,50004653,"CmD_BI_mm","PS_N(2)","C116+3293(1);C124+2560(1)","","FarmCPU(2)","","","",0.2371,17.98,NA,"",NA,NA,"","Sobic.009G142800.5","Chr09",50005632,50008255,2624,"+",979,-3602
"817","PstI.TP1155086","CmD_BI_mm.26",9,50004653,"CmD_BI_mm","PS_N(2)","C116+3293(1);C124+2560(1)","","FarmCPU(2)","","","",0.2371,17.98,NA,"",NA,NA,"","Sobic.009G142800.5","Chr09",50005632,50008255,2624,"+",979,-3602
"818","PstI.TP1155086","CmD_BI_mm.26",9,50004653,"CmD_BI_mm","PS_N(2)","C116+3293(1);C124+2560(1)","","FarmCPU(2)","","","",0.2371,17.98,NA,"",NA,NA,"","Sobic.009G142800.5","Chr09",50005632,50008255,2624,"+",979,-3602
"819","PstI.TP1155086","CmD_BI_mm.26",9,50004653,"CmD_BI_mm","PS_N(2)","C116+3293(1);C124+2560(1)","","FarmCPU(2)","","","",0.2371,17.98,NA,"",NA,NA,"","Sobic.009G142800.3","Chr09",50005042,50008255,3214,"+",389,-3602
"820","PstI.TP1155086","CmD_BI_mm.26",9,50004653,"CmD_BI_mm","PS_N(2)","C116+3293(1);C124+2560(1)","","FarmCPU(2)","","","",0.2371,17.98,NA,"",NA,NA,"","Sobic.009G142800.3","Chr09",50005042,50008255,3214,"+",389,-3602
"821","PstI.TP1155086","CmD_BI_mm.26",9,50004653,"CmD_BI_mm","PS_N(2)","C116+3293(1);C124+2560(1)","","FarmCPU(2)","","","",0.2371,17.98,NA,"",NA,NA,"","Sobic.009G142800.4","Chr09",50005037,50008259,3223,"+",384,-3606
"822","PstI.TP1155086","CmD_BI_mm.26",9,50004653,"CmD_BI_mm","PS_N(2)","C116+3293(1);C124+2560(1)","","FarmCPU(2)","","","",0.2371,17.98,NA,"",NA,NA,"","Sobic.009G142800.3","Chr09",50005042,50008255,3214,"+",389,-3602
"823","PstI.TP1155086","CmD_BI_mm.26",9,50004653,"CmD_BI_mm","PS_N(2)","C116+3293(1);C124+2560(1)","","FarmCPU(2)","","","",0.2371,17.98,NA,"",NA,NA,"","Sobic.009G142800.5","Chr09",50005632,50008255,2624,"+",979,-3602
"824","PstI.TP1155086","CmD_BI_mm.26",9,50004653,"CmD_BI_mm","PS_N(2)","C116+3293(1);C124+2560(1)","","FarmCPU(2)","","","",0.2371,17.98,NA,"",NA,NA,"","Sobic.009G142800.4","Chr09",50005037,50008259,3223,"+",384,-3606
"825","PstI.TP1155086","Cml_cm.34",9,50004653,"Cml_cm","PS_N(1)","C116+3293(1)","","FarmCPU(1)","","","",0.2371,16.11,NA,"",NA,NA,"","Sobic.009G142800.4","Chr09",50005037,50008259,3223,"+",384,-3606
"826","PstI.TP1155086","Cml_cm.34",9,50004653,"Cml_cm","PS_N(1)","C116+3293(1)","","FarmCPU(1)","","","",0.2371,16.11,NA,"",NA,NA,"","Sobic.009G142800.4","Chr09",50005037,50008259,3223,"+",384,-3606
"827","PstI.TP1155086","Cml_cm.34",9,50004653,"Cml_cm","PS_N(1)","C116+3293(1)","","FarmCPU(1)","","","",0.2371,16.11,NA,"",NA,NA,"","Sobic.009G142800.3","Chr09",50005042,50008255,3214,"+",389,-3602
"828","PstI.TP1155086","Cml_cm.34",9,50004653,"Cml_cm","PS_N(1)","C116+3293(1)","","FarmCPU(1)","","","",0.2371,16.11,NA,"",NA,NA,"","Sobic.009G142800.5","Chr09",50005632,50008255,2624,"+",979,-3602
"829","PstI.TP1155086","Cml_cm.34",9,50004653,"Cml_cm","PS_N(1)","C116+3293(1)","","FarmCPU(1)","","","",0.2371,16.11,NA,"",NA,NA,"","Sobic.009G142800.5","Chr09",50005632,50008255,2624,"+",979,-3602
"830","PstI.TP1155086","Cml_cm.34",9,50004653,"Cml_cm","PS_N(1)","C116+3293(1)","","FarmCPU(1)","","","",0.2371,16.11,NA,"",NA,NA,"","Sobic.009G142800.5","Chr09",50005632,50008255,2624,"+",979,-3602
"831","PstI.TP1155086","Cml_cm.34",9,50004653,"Cml_cm","PS_N(1)","C116+3293(1)","","FarmCPU(1)","","","",0.2371,16.11,NA,"",NA,NA,"","Sobic.009G142800.3","Chr09",50005042,50008255,3214,"+",389,-3602
"832","PstI.TP1155086","Cml_cm.34",9,50004653,"Cml_cm","PS_N(1)","C116+3293(1)","","FarmCPU(1)","","","",0.2371,16.11,NA,"",NA,NA,"","Sobic.009G142800.3","Chr09",50005042,50008255,3214,"+",389,-3602
"833","PstI.TP1155086","Cml_cm.34",9,50004653,"Cml_cm","PS_N(1)","C116+3293(1)","","FarmCPU(1)","","","",0.2371,16.11,NA,"",NA,NA,"","Sobic.009G142800.4","Chr09",50005037,50008259,3223,"+",384,-3606
"834","PstI.TP1155086","Cml_cm.34",9,50004653,"Cml_cm","PS_N(1)","C116+3293(1)","","FarmCPU(1)","","","",0.2371,16.11,NA,"",NA,NA,"","Sobic.009G142800.3","Chr09",50005042,50008255,3214,"+",389,-3602
"835","PstI.TP1155086","Cml_cm.34",9,50004653,"Cml_cm","PS_N(1)","C116+3293(1)","","FarmCPU(1)","","","",0.2371,16.11,NA,"",NA,NA,"","Sobic.009G142800.5","Chr09",50005632,50008255,2624,"+",979,-3602
"836","PstI.TP1155086","Cml_cm.34",9,50004653,"Cml_cm","PS_N(1)","C116+3293(1)","","FarmCPU(1)","","","",0.2371,16.11,NA,"",NA,NA,"","Sobic.009G142800.4","Chr09",50005037,50008259,3223,"+",384,-3606
"837","PstI.TP1155086","Yld_kg.12",9,50004653,"Yld","PS_N(1)","C124+2560(1)","","FarmCPU(1)","","","",0.2339,18.84,NA,"PstI.TP110898",10,9880843,"PstI.TP110898\10\9880843","Sobic.009G142800.4","Chr09",50005037,50008259,3223,"+",384,-3606
"838","PstI.TP1155086","Yld_kg.12",9,50004653,"Yld","PS_N(1)","C124+2560(1)","","FarmCPU(1)","","","",0.2339,18.84,NA,"PstI.TP110898",10,9880843,"PstI.TP110898\10\9880843","Sobic.009G142800.4","Chr09",50005037,50008259,3223,"+",384,-3606
"839","PstI.TP1155086","Yld_kg.12",9,50004653,"Yld","PS_N(1)","C124+2560(1)","","FarmCPU(1)","","","",0.2339,18.84,NA,"PstI.TP110898",10,9880843,"PstI.TP110898\10\9880843","Sobic.009G142800.3","Chr09",50005042,50008255,3214,"+",389,-3602
"840","PstI.TP1155086","Yld_kg.12",9,50004653,"Yld","PS_N(1)","C124+2560(1)","","FarmCPU(1)","","","",0.2339,18.84,NA,"PstI.TP110898",10,9880843,"PstI.TP110898\10\9880843","Sobic.009G142800.5","Chr09",50005632,50008255,2624,"+",979,-3602
"841","PstI.TP1155086","Yld_kg.12",9,50004653,"Yld","PS_N(1)","C124+2560(1)","","FarmCPU(1)","","","",0.2339,18.84,NA,"PstI.TP110898",10,9880843,"PstI.TP110898\10\9880843","Sobic.009G142800.5","Chr09",50005632,50008255,2624,"+",979,-3602
"842","PstI.TP1155086","Yld_kg.12",9,50004653,"Yld","PS_N(1)","C124+2560(1)","","FarmCPU(1)","","","",0.2339,18.84,NA,"PstI.TP110898",10,9880843,"PstI.TP110898\10\9880843","Sobic.009G142800.5","Chr09",50005632,50008255,2624,"+",979,-3602
"843","PstI.TP1155086","Yld_kg.12",9,50004653,"Yld","PS_N(1)","C124+2560(1)","","FarmCPU(1)","","","",0.2339,18.84,NA,"PstI.TP110898",10,9880843,"PstI.TP110898\10\9880843","Sobic.009G142800.3","Chr09",50005042,50008255,3214,"+",389,-3602
"844","PstI.TP1155086","Yld_kg.12",9,50004653,"Yld","PS_N(1)","C124+2560(1)","","FarmCPU(1)","","","",0.2339,18.84,NA,"PstI.TP110898",10,9880843,"PstI.TP110898\10\9880843","Sobic.009G142800.3","Chr09",50005042,50008255,3214,"+",389,-3602
"845","PstI.TP1155086","Yld_kg.12",9,50004653,"Yld","PS_N(1)","C124+2560(1)","","FarmCPU(1)","","","",0.2339,18.84,NA,"PstI.TP110898",10,9880843,"PstI.TP110898\10\9880843","Sobic.009G142800.4","Chr09",50005037,50008259,3223,"+",384,-3606
"846","PstI.TP1155086","Yld_kg.12",9,50004653,"Yld","PS_N(1)","C124+2560(1)","","FarmCPU(1)","","","",0.2339,18.84,NA,"PstI.TP110898",10,9880843,"PstI.TP110898\10\9880843","Sobic.009G142800.3","Chr09",50005042,50008255,3214,"+",389,-3602
"847","PstI.TP1155086","Yld_kg.12",9,50004653,"Yld","PS_N(1)","C124+2560(1)","","FarmCPU(1)","","","",0.2339,18.84,NA,"PstI.TP110898",10,9880843,"PstI.TP110898\10\9880843","Sobic.009G142800.5","Chr09",50005632,50008255,2624,"+",979,-3602
"848","PstI.TP1155086","Yld_kg.12",9,50004653,"Yld","PS_N(1)","C124+2560(1)","","FarmCPU(1)","","","",0.2339,18.84,NA,"PstI.TP110898",10,9880843,"PstI.TP110898\10\9880843","Sobic.009G142800.4","Chr09",50005037,50008259,3223,"+",384,-3606
"849","PstI.TP1155086","CmDW_g.25",9,50004653,"CmDW_g","PS_N(2)","C116+3293(1);C124+2560(1)","","FarmCPU(2)","","","",0.2371,20.49,NA,"",NA,NA,"","Sobic.009G142800.4","Chr09",50005037,50008259,3223,"+",384,-3606
"850","PstI.TP1155086","CmDW_g.25",9,50004653,"CmDW_g","PS_N(2)","C116+3293(1);C124+2560(1)","","FarmCPU(2)","","","",0.2371,20.49,NA,"",NA,NA,"","Sobic.009G142800.4","Chr09",50005037,50008259,3223,"+",384,-3606
"851","PstI.TP1155086","CmDW_g.25",9,50004653,"CmDW_g","PS_N(2)","C116+3293(1);C124+2560(1)","","FarmCPU(2)","","","",0.2371,20.49,NA,"",NA,NA,"","Sobic.009G142800.3","Chr09",50005042,50008255,3214,"+",389,-3602
"852","PstI.TP1155086","CmDW_g.25",9,50004653,"CmDW_g","PS_N(2)","C116+3293(1);C124+2560(1)","","FarmCPU(2)","","","",0.2371,20.49,NA,"",NA,NA,"","Sobic.009G142800.5","Chr09",50005632,50008255,2624,"+",979,-3602
"853","PstI.TP1155086","CmDW_g.25",9,50004653,"CmDW_g","PS_N(2)","C116+3293(1);C124+2560(1)","","FarmCPU(2)","","","",0.2371,20.49,NA,"",NA,NA,"","Sobic.009G142800.5","Chr09",50005632,50008255,2624,"+",979,-3602
"854","PstI.TP1155086","CmDW_g.25",9,50004653,"CmDW_g","PS_N(2)","C116+3293(1);C124+2560(1)","","FarmCPU(2)","","","",0.2371,20.49,NA,"",NA,NA,"","Sobic.009G142800.5","Chr09",50005632,50008255,2624,"+",979,-3602
"855","PstI.TP1155086","CmDW_g.25",9,50004653,"CmDW_g","PS_N(2)","C116+3293(1);C124+2560(1)","","FarmCPU(2)","","","",0.2371,20.49,NA,"",NA,NA,"","Sobic.009G142800.3","Chr09",50005042,50008255,3214,"+",389,-3602
"856","PstI.TP1155086","CmDW_g.25",9,50004653,"CmDW_g","PS_N(2)","C116+3293(1);C124+2560(1)","","FarmCPU(2)","","","",0.2371,20.49,NA,"",NA,NA,"","Sobic.009G142800.3","Chr09",50005042,50008255,3214,"+",389,-3602
"857","PstI.TP1155086","CmDW_g.25",9,50004653,"CmDW_g","PS_N(2)","C116+3293(1);C124+2560(1)","","FarmCPU(2)","","","",0.2371,20.49,NA,"",NA,NA,"","Sobic.009G142800.4","Chr09",50005037,50008259,3223,"+",384,-3606
"858","PstI.TP1155086","CmDW_g.25",9,50004653,"CmDW_g","PS_N(2)","C116+3293(1);C124+2560(1)","","FarmCPU(2)","","","",0.2371,20.49,NA,"",NA,NA,"","Sobic.009G142800.3","Chr09",50005042,50008255,3214,"+",389,-3602
"859","PstI.TP1155086","CmDW_g.25",9,50004653,"CmDW_g","PS_N(2)","C116+3293(1);C124+2560(1)","","FarmCPU(2)","","","",0.2371,20.49,NA,"",NA,NA,"","Sobic.009G142800.5","Chr09",50005632,50008255,2624,"+",979,-3602
"860","PstI.TP1155086","CmDW_g.25",9,50004653,"CmDW_g","PS_N(2)","C116+3293(1);C124+2560(1)","","FarmCPU(2)","","","",0.2371,20.49,NA,"",NA,NA,"","Sobic.009G142800.4","Chr09",50005037,50008259,3223,"+",384,-3606
"861","PstI.TP1158211","CCirc_cm.17",3,61619462,"CCirc_cm","PS_N(1)","124+36088im(1)","","","ISIS EM-BLASSO(1)","","",0.1261,5.739,NA,"",NA,NA,"","Sobic.003G281200.1","Chr03",61615956,61622310,6355,"+",-3506,-2848
"862","PstI.TP1158211","CCirc_cm.17",3,61619462,"CCirc_cm","PS_N(1)","124+36088im(1)","","","ISIS EM-BLASSO(1)","","",0.1261,5.739,NA,"",NA,NA,"","Sobic.003G281300.1","Chr03",61620333,61624955,4623,"+",871,-5493
"863","PstI.TP1158211","CCirc_cm.17",3,61619462,"CCirc_cm","PS_N(1)","124+36088im(1)","","","ISIS EM-BLASSO(1)","","",0.1261,5.739,NA,"",NA,NA,"","Sobic.003G281300.1","Chr03",61620333,61624955,4623,"+",871,-5493
"864","PstI.TP1158211","CCirc_cm.17",3,61619462,"CCirc_cm","PS_N(1)","124+36088im(1)","","","ISIS EM-BLASSO(1)","","",0.1261,5.739,NA,"",NA,NA,"","Sobic.003G281200.1","Chr03",61615956,61622310,6355,"+",-3506,-2848
"865","PstI.TP1158211","CCirc_cm.17",3,61619462,"CCirc_cm","PS_N(1)","124+36088im(1)","","","ISIS EM-BLASSO(1)","","",0.1261,5.739,NA,"",NA,NA,"","Sobic.003G281200.1","Chr03",61615956,61622310,6355,"+",-3506,-2848
"866","PstI.TP1158211","CCirc_cm.17",3,61619462,"CCirc_cm","PS_N(1)","124+36088im(1)","","","ISIS EM-BLASSO(1)","","",0.1261,5.739,NA,"",NA,NA,"","Sobic.003G281300.1","Chr03",61620333,61624955,4623,"+",871,-5493
"867","PstI.TP1158211","CCirc_cm.17",3,61619462,"CCirc_cm","PS_N(1)","124+36088im(1)","","","ISIS EM-BLASSO(1)","","",0.1261,5.739,NA,"",NA,NA,"","Sobic.003G281300.1","Chr03",61620333,61624955,4623,"+",871,-5493
"868","PstI.TP1158211","CCirc_cm.17",3,61619462,"CCirc_cm","PS_N(1)","124+36088im(1)","","","ISIS EM-BLASSO(1)","","",0.1261,5.739,NA,"",NA,NA,"","Sobic.003G281200.1","Chr03",61615956,61622310,6355,"+",-3506,-2848
"869","PstI.TP116046","CmN.105",7,62490129,"CmN","PS_Y(3)","124+36088im(3)","CMLM+SUPER(1);MLM+SUPER(1)","","","","GLM(1)",0.1629,11.71,NA,"",NA,NA,"","Sobic.007G192100.1","Chr07",62489682,62492948,3267,"+",-447,-2819
"872","PstI.TP1166626","Yld_kg.13",7,5373971,"Yld","PS_N(1)","C116+3293(1)","","FarmCPU(1)","","","",0.1724,1.729,NA,"PstI.TP1155086",9,50004653,"PstI.TP1155086\9\50004653","Sobic.007G052900.3","Chr07",5369624,5374502,4879,"-",-4347,-531
"873","PstI.TP1166626","Yld_kg.13",7,5373971,"Yld","PS_N(1)","C116+3293(1)","","FarmCPU(1)","","","",0.1724,1.729,NA,"PstI.TP1155086",9,50004653,"PstI.TP1155086\9\50004653","Sobic.007G052900.2","Chr07",5369624,5374502,4879,"-",-4347,-531
"874","PstI.TP1166626","Yld_kg.13",7,5373971,"Yld","PS_N(1)","C116+3293(1)","","FarmCPU(1)","","","",0.1724,1.729,NA,"PstI.TP1155086",9,50004653,"PstI.TP1155086\9\50004653","Sobic.007G052900.1","Chr07",5369624,5374502,4879,"-",-4347,-531
"875","PstI.TP1166626","Yld_kg.13",7,5373971,"Yld","PS_N(1)","C116+3293(1)","","FarmCPU(1)","","","",0.1724,1.729,NA,"PstI.TP1155086",9,50004653,"PstI.TP1155086\9\50004653","Sobic.007G052900.4","Chr07",5369624,5374502,4879,"-",-4347,-531
"877","PstI.TP117081","CmD_LI_mm.23",2,45986549,"CmD_LI_mm","PS_N(3)","C106+4202(1);C124+2560(2)","","","FASTmrMLM(1);mrMLM(2)","","",0.0902,47.45,NA,"",NA,NA,"","Sobic.002G153700.2","Chr02",45970904,45987364,16461,"-",-15645,-815
"878","PstI.TP117081","CmD_LI_mm.23",2,45986549,"CmD_LI_mm","PS_N(3)","C106+4202(1);C124+2560(2)","","","FASTmrMLM(1);mrMLM(2)","","",0.0902,47.45,NA,"",NA,NA,"","Sobic.002G153700.1","Chr02",45971003,45987364,16362,"-",-15546,-815
"880","PstI.TP1181476","CmD_LI_mm.24",5,2299991,"CmD_LI_mm","PS_N(3)","C116+3293(1);C124+2560(2)","","","ISIS EM-BLASSO(2);pKWmEB(1)","","",0.2284,3.822,NA,"",NA,NA,"","Sobic.005G025900.1","Chr05",2298782,2302410,3629,"-",-1209,-2419
"881","PstI.TP1181476","CmD_LI_mm.24",5,2299991,"CmD_LI_mm","PS_N(3)","C116+3293(1);C124+2560(2)","","","ISIS EM-BLASSO(2);pKWmEB(1)","","",0.2284,3.822,NA,"",NA,NA,"","Sobic.005G025900.1","Chr05",2298782,2302410,3629,"-",-1209,-2419
"882","PstI.TP1181476","CmD_LI_mm.24",5,2299991,"CmD_LI_mm","PS_N(3)","C116+3293(1);C124+2560(2)","","","ISIS EM-BLASSO(2);pKWmEB(1)","","",0.2284,3.822,NA,"",NA,NA,"","Sobic.005G025900.1","Chr05",2298782,2302410,3629,"-",-1209,-2419
"883","PstI.TP1181476","CmDW_g.27",5,2299991,"CmDW_g","PS_N(2)","C116+3293(1);C124+2560(1)","","","ISIS EM-BLASSO(2)","","",0.2284,2.57,NA,"",NA,NA,"","Sobic.005G025900.1","Chr05",2298782,2302410,3629,"-",-1209,-2419
"884","PstI.TP1181476","CmDW_g.27",5,2299991,"CmDW_g","PS_N(2)","C116+3293(1);C124+2560(1)","","","ISIS EM-BLASSO(2)","","",0.2284,2.57,NA,"",NA,NA,"","Sobic.005G025900.1","Chr05",2298782,2302410,3629,"-",-1209,-2419
"885","PstI.TP1181476","CmDW_g.27",5,2299991,"CmDW_g","PS_N(2)","C116+3293(1);C124+2560(1)","","","ISIS EM-BLASSO(2)","","",0.2284,2.57,NA,"",NA,NA,"","Sobic.005G025900.1","Chr05",2298782,2302410,3629,"-",-1209,-2419
"886","PstI.TP1181476","CmN.108",5,2299991,"CmN","PS_N(4);PS_Y(1)","C106+4202(2);C116+3293(1);C124+2560(2)","","","FASTmrEMMA(1);FASTmrMLM(4)","","",0.2406,6.856,NA,"",NA,NA,"","Sobic.005G025900.1","Chr05",2298782,2302410,3629,"-",-1209,-2419
"887","PstI.TP1181476","CmN.108",5,2299991,"CmN","PS_N(4);PS_Y(1)","C106+4202(2);C116+3293(1);C124+2560(2)","","","FASTmrEMMA(1);FASTmrMLM(4)","","",0.2406,6.856,NA,"",NA,NA,"","Sobic.005G025900.1","Chr05",2298782,2302410,3629,"-",-1209,-2419
"888","PstI.TP1181476","CmN.108",5,2299991,"CmN","PS_N(4);PS_Y(1)","C106+4202(2);C116+3293(1);C124+2560(2)","","","FASTmrEMMA(1);FASTmrMLM(4)","","",0.2406,6.856,NA,"",NA,NA,"","Sobic.005G025900.1","Chr05",2298782,2302410,3629,"-",-1209,-2419
"889","PstI.TP118716","Cml_cm.35",9,50325026,"Cml_cm","PS_N(1)","124+36088im(1)","","","ISIS EM-BLASSO(1)","","",0.1774,7.187,NA,"",NA,NA,"","Sobic.009G146400.1","Chr09",50325863,50328782,2920,"-",837,-3756
"890","PstI.TP118716","Cml_cm.35",9,50325026,"Cml_cm","PS_N(1)","124+36088im(1)","","","ISIS EM-BLASSO(1)","","",0.1774,7.187,NA,"",NA,NA,"","Sobic.009G146250.1","Chr09",50320522,50325327,4806,"+",-4504,-301
"891","PstI.TP118716","Cml_cm.35",9,50325026,"Cml_cm","PS_N(1)","124+36088im(1)","","","ISIS EM-BLASSO(1)","","",0.1774,7.187,NA,"",NA,NA,"","Sobic.009G146400.1","Chr09",50325863,50328782,2920,"-",837,-3756
"892","PstI.TP118716","Cml_cm.35",9,50325026,"Cml_cm","PS_N(1)","124+36088im(1)","","","ISIS EM-BLASSO(1)","","",0.1774,7.187,NA,"",NA,NA,"","Sobic.009G146250.1","Chr09",50320522,50325327,4806,"+",-4504,-301
"893","PstI.TP118716","Cml_cm.35",9,50325026,"Cml_cm","PS_N(1)","124+36088im(1)","","","ISIS EM-BLASSO(1)","","",0.1774,7.187,NA,"",NA,NA,"","Sobic.009G146400.1","Chr09",50325863,50328782,2920,"-",837,-3756
"894","PstI.TP118716","Cml_cm.35",9,50325026,"Cml_cm","PS_N(1)","124+36088im(1)","","","ISIS EM-BLASSO(1)","","",0.1774,7.187,NA,"",NA,NA,"","Sobic.009G146250.1","Chr09",50320522,50325327,4806,"+",-4504,-301
"895","PstI.TP118716","Cml_cm.35",9,50325026,"Cml_cm","PS_N(1)","124+36088im(1)","","","ISIS EM-BLASSO(1)","","",0.1774,7.187,NA,"",NA,NA,"","Sobic.009G146400.1","Chr09",50325863,50328782,2920,"-",837,-3756
"896","PstI.TP118716","Cml_cm.35",9,50325026,"Cml_cm","PS_N(1)","124+36088im(1)","","","ISIS EM-BLASSO(1)","","",0.1774,7.187,NA,"",NA,NA,"","Sobic.009G146250.1","Chr09",50320522,50325327,4806,"+",-4504,-301
"897","PstI.TP1187427","CmN.109",6,50717397,"CmN","PS_Y(1)","124+36088im(1)","","","","","GLM(1)",0.06101,7.382,NA,"",NA,NA,"","Sobic.006G145500.7","Chr06",50718232,50726722,8491,"-",835,-9325
"898","PstI.TP1187427","CmN.109",6,50717397,"CmN","PS_Y(1)","124+36088im(1)","","","","","GLM(1)",0.06101,7.382,NA,"",NA,NA,"","Sobic.006G145400.1","Chr06",50705339,50716476,11138,"-",-12058,921
"899","PstI.TP1187427","CmN.109",6,50717397,"CmN","PS_Y(1)","124+36088im(1)","","","","","GLM(1)",0.06101,7.382,NA,"",NA,NA,"","Sobic.006G145400.4","Chr06",50705338,50716476,11139,"-",-12059,921
"900","PstI.TP1187427","CmN.109",6,50717397,"CmN","PS_Y(1)","124+36088im(1)","","","","","GLM(1)",0.06101,7.382,NA,"",NA,NA,"","Sobic.006G145400.4","Chr06",50705338,50716476,11139,"-",-12059,921
"901","PstI.TP1187427","CmN.109",6,50717397,"CmN","PS_Y(1)","124+36088im(1)","","","","","GLM(1)",0.06101,7.382,NA,"",NA,NA,"","Sobic.006G145500.7","Chr06",50718232,50726722,8491,"-",835,-9325
"902","PstI.TP1187427","CmN.109",6,50717397,"CmN","PS_Y(1)","124+36088im(1)","","","","","GLM(1)",0.06101,7.382,NA,"",NA,NA,"","Sobic.006G145400.5","Chr06",50705338,50716476,11139,"-",-12059,921
"903","PstI.TP1187427","CmN.109",6,50717397,"CmN","PS_Y(1)","124+36088im(1)","","","","","GLM(1)",0.06101,7.382,NA,"",NA,NA,"","Sobic.006G145500.6","Chr06",50717155,50726722,9568,"-",-242,-9325
"904","PstI.TP1187427","CmN.109",6,50717397,"CmN","PS_Y(1)","124+36088im(1)","","","","","GLM(1)",0.06101,7.382,NA,"",NA,NA,"","Sobic.006G145400.2","Chr06",50705339,50716476,11138,"-",-12058,921
"905","PstI.TP1187427","CmN.109",6,50717397,"CmN","PS_Y(1)","124+36088im(1)","","","","","GLM(1)",0.06101,7.382,NA,"",NA,NA,"","Sobic.006G145400.1","Chr06",50705339,50716476,11138,"-",-12058,921
"906","PstI.TP1187427","CmN.109",6,50717397,"CmN","PS_Y(1)","124+36088im(1)","","","","","GLM(1)",0.06101,7.382,NA,"",NA,NA,"","Sobic.006G145500.3","Chr06",50718232,50726722,8491,"-",835,-9325
"907","PstI.TP1187427","CmN.109",6,50717397,"CmN","PS_Y(1)","124+36088im(1)","","","","","GLM(1)",0.06101,7.382,NA,"",NA,NA,"","Sobic.006G145400.2","Chr06",50705339,50716476,11138,"-",-12058,921
"908","PstI.TP1187427","CmN.109",6,50717397,"CmN","PS_Y(1)","124+36088im(1)","","","","","GLM(1)",0.06101,7.382,NA,"",NA,NA,"","Sobic.006G145500.3","Chr06",50718232,50726722,8491,"-",835,-9325
"909","PstI.TP1187427","CmN.109",6,50717397,"CmN","PS_Y(1)","124+36088im(1)","","","","","GLM(1)",0.06101,7.382,NA,"",NA,NA,"","Sobic.006G145400.5","Chr06",50705338,50716476,11139,"-",-12059,921
"910","PstI.TP1187427","CmN.109",6,50717397,"CmN","PS_Y(1)","124+36088im(1)","","","","","GLM(1)",0.06101,7.382,NA,"",NA,NA,"","Sobic.006G145500.6","Chr06",50717155,50726722,9568,"-",-242,-9325
"911","PstI.TP1187427","CmN.109",6,50717397,"CmN","PS_Y(1)","124+36088im(1)","","","","","GLM(1)",0.06101,7.382,NA,"",NA,NA,"","Sobic.006G145500.7","Chr06",50718232,50726722,8491,"-",835,-9325
"912","PstI.TP1187427","CmN.109",6,50717397,"CmN","PS_Y(1)","124+36088im(1)","","","","","GLM(1)",0.06101,7.382,NA,"",NA,NA,"","Sobic.006G145400.1","Chr06",50705339,50716476,11138,"-",-12058,921
"913","PstI.TP1187427","CmN.109",6,50717397,"CmN","PS_Y(1)","124+36088im(1)","","","","","GLM(1)",0.06101,7.382,NA,"",NA,NA,"","Sobic.006G145400.4","Chr06",50705338,50716476,11139,"-",-12059,921
"914","PstI.TP1187427","CmN.109",6,50717397,"CmN","PS_Y(1)","124+36088im(1)","","","","","GLM(1)",0.06101,7.382,NA,"",NA,NA,"","Sobic.006G145400.4","Chr06",50705338,50716476,11139,"-",-12059,921
"915","PstI.TP1187427","CmN.109",6,50717397,"CmN","PS_Y(1)","124+36088im(1)","","","","","GLM(1)",0.06101,7.382,NA,"",NA,NA,"","Sobic.006G145500.7","Chr06",50718232,50726722,8491,"-",835,-9325
"916","PstI.TP1187427","CmN.109",6,50717397,"CmN","PS_Y(1)","124+36088im(1)","","","","","GLM(1)",0.06101,7.382,NA,"",NA,NA,"","Sobic.006G145400.5","Chr06",50705338,50716476,11139,"-",-12059,921
"917","PstI.TP1187427","CmN.109",6,50717397,"CmN","PS_Y(1)","124+36088im(1)","","","","","GLM(1)",0.06101,7.382,NA,"",NA,NA,"","Sobic.006G145500.6","Chr06",50717155,50726722,9568,"-",-242,-9325
"918","PstI.TP1187427","CmN.109",6,50717397,"CmN","PS_Y(1)","124+36088im(1)","","","","","GLM(1)",0.06101,7.382,NA,"",NA,NA,"","Sobic.006G145400.2","Chr06",50705339,50716476,11138,"-",-12058,921
"919","PstI.TP1187427","CmN.109",6,50717397,"CmN","PS_Y(1)","124+36088im(1)","","","","","GLM(1)",0.06101,7.382,NA,"",NA,NA,"","Sobic.006G145400.1","Chr06",50705339,50716476,11138,"-",-12058,921
"920","PstI.TP1187427","CmN.109",6,50717397,"CmN","PS_Y(1)","124+36088im(1)","","","","","GLM(1)",0.06101,7.382,NA,"",NA,NA,"","Sobic.006G145500.3","Chr06",50718232,50726722,8491,"-",835,-9325
"921","PstI.TP1187427","CmN.109",6,50717397,"CmN","PS_Y(1)","124+36088im(1)","","","","","GLM(1)",0.06101,7.382,NA,"",NA,NA,"","Sobic.006G145400.2","Chr06",50705339,50716476,11138,"-",-12058,921
"922","PstI.TP1187427","CmN.109",6,50717397,"CmN","PS_Y(1)","124+36088im(1)","","","","","GLM(1)",0.06101,7.382,NA,"",NA,NA,"","Sobic.006G145500.3","Chr06",50718232,50726722,8491,"-",835,-9325
"923","PstI.TP1187427","CmN.109",6,50717397,"CmN","PS_Y(1)","124+36088im(1)","","","","","GLM(1)",0.06101,7.382,NA,"",NA,NA,"","Sobic.006G145400.5","Chr06",50705338,50716476,11139,"-",-12059,921
"924","PstI.TP1187427","CmN.109",6,50717397,"CmN","PS_Y(1)","124+36088im(1)","","","","","GLM(1)",0.06101,7.382,NA,"",NA,NA,"","Sobic.006G145500.6","Chr06",50717155,50726722,9568,"-",-242,-9325
"926","PstI.TP1193013","Yld_kg.14",6,60825902,"Yld","PS_Y(2)","C106+4202(2)","","","mrMLM(1)FASTmrEMMA(1)","","",0.1132,10.16,NA,"PstI.TP1166626",7,5373971,"PstI.TP1166626\7\5373971","Sobic.006G277200.1","Chr06",60822255,60826353,4099,"+",-3647,-451
"927","PstI.TP1193013","Yld_kg.14",6,60825902,"Yld","PS_Y(2)","C106+4202(2)","","","mrMLM(1)FASTmrEMMA(1)","","",0.1132,10.16,NA,"PstI.TP1166626",7,5373971,"PstI.TP1166626\7\5373971","Sobic.006G277200.1","Chr06",60822255,60826353,4099,"+",-3647,-451
"928","PstI.TP1193013","CmD_LI_mm.25",6,60825902,"CmD_LI_mm","PS_N(1)","C106+4202(1)","","FarmCPU(1)","","","",0.1132,9.211,NA,"",NA,NA,"","Sobic.006G277200.1","Chr06",60822255,60826353,4099,"+",-3647,-451
"929","PstI.TP1193013","CmD_LI_mm.25",6,60825902,"CmD_LI_mm","PS_N(1)","C106+4202(1)","","FarmCPU(1)","","","",0.1132,9.211,NA,"",NA,NA,"","Sobic.006G277200.1","Chr06",60822255,60826353,4099,"+",-3647,-451
"934","PstI.TP1212724","CmN.112",1,72123046,"CmN","PS_Y(3)","124+36088im(3)","CMLM+SUPER(1);MLM+SUPER(1)","","","","GLM(1)",0.07685,8.667,NA,"",NA,NA,"","Sobic.001G444000.1","Chr01",72120795,72124345,3551,"+",-2251,-1299
"936","PstI.TP1214992","CCirc_cm.19",3,55546977,"CCirc_cm","PS_Y(1)","124+36088im(1)","","","ISIS EM-BLASSO(1)","","",0.1975,2.03,NA,"",NA,NA,"","Sobic.003G220266.1","Chr03",55546852,55547957,1106,"+",-125,-980
"937","PstI.TP1214992","CCirc_cm.19",3,55546977,"CCirc_cm","PS_Y(1)","124+36088im(1)","","","ISIS EM-BLASSO(1)","","",0.1975,2.03,NA,"",NA,NA,"","Sobic.003G220200.2","Chr03",55538595,55546807,8213,"+",-8382,170
"938","PstI.TP1214992","CCirc_cm.19",3,55546977,"CCirc_cm","PS_Y(1)","124+36088im(1)","","","ISIS EM-BLASSO(1)","","",0.1975,2.03,NA,"",NA,NA,"","Sobic.003G220266.2","Chr03",55546852,55547957,1106,"+",-125,-980
"939","PstI.TP1214992","CCirc_cm.19",3,55546977,"CCirc_cm","PS_Y(1)","124+36088im(1)","","","ISIS EM-BLASSO(1)","","",0.1975,2.03,NA,"",NA,NA,"","Sobic.003G220200.2","Chr03",55538595,55546807,8213,"+",-8382,170
"940","PstI.TP1214992","CCirc_cm.19",3,55546977,"CCirc_cm","PS_Y(1)","124+36088im(1)","","","ISIS EM-BLASSO(1)","","",0.1975,2.03,NA,"",NA,NA,"","Sobic.003G220200.1","Chr03",55538595,55546807,8213,"+",-8382,170
"941","PstI.TP1214992","CCirc_cm.19",3,55546977,"CCirc_cm","PS_Y(1)","124+36088im(1)","","","ISIS EM-BLASSO(1)","","",0.1975,2.03,NA,"",NA,NA,"","Sobic.003G220266.2","Chr03",55546852,55547957,1106,"+",-125,-980
"942","PstI.TP1214992","CCirc_cm.19",3,55546977,"CCirc_cm","PS_Y(1)","124+36088im(1)","","","ISIS EM-BLASSO(1)","","",0.1975,2.03,NA,"",NA,NA,"","Sobic.003G220266.1","Chr03",55546852,55547957,1106,"+",-125,-980
"943","PstI.TP1214992","CCirc_cm.19",3,55546977,"CCirc_cm","PS_Y(1)","124+36088im(1)","","","ISIS EM-BLASSO(1)","","",0.1975,2.03,NA,"",NA,NA,"","Sobic.003G220200.1","Chr03",55538595,55546807,8213,"+",-8382,170
"944","PstI.TP1214992","CCirc_cm.19",3,55546977,"CCirc_cm","PS_Y(1)","124+36088im(1)","","","ISIS EM-BLASSO(1)","","",0.1975,2.03,NA,"",NA,NA,"","Sobic.003G220266.1","Chr03",55546852,55547957,1106,"+",-125,-980
"945","PstI.TP1214992","CCirc_cm.19",3,55546977,"CCirc_cm","PS_Y(1)","124+36088im(1)","","","ISIS EM-BLASSO(1)","","",0.1975,2.03,NA,"",NA,NA,"","Sobic.003G220200.2","Chr03",55538595,55546807,8213,"+",-8382,170
"946","PstI.TP1214992","CCirc_cm.19",3,55546977,"CCirc_cm","PS_Y(1)","124+36088im(1)","","","ISIS EM-BLASSO(1)","","",0.1975,2.03,NA,"",NA,NA,"","Sobic.003G220266.2","Chr03",55546852,55547957,1106,"+",-125,-980
"947","PstI.TP1214992","CCirc_cm.19",3,55546977,"CCirc_cm","PS_Y(1)","124+36088im(1)","","","ISIS EM-BLASSO(1)","","",0.1975,2.03,NA,"",NA,NA,"","Sobic.003G220200.2","Chr03",55538595,55546807,8213,"+",-8382,170
"948","PstI.TP1214992","CCirc_cm.19",3,55546977,"CCirc_cm","PS_Y(1)","124+36088im(1)","","","ISIS EM-BLASSO(1)","","",0.1975,2.03,NA,"",NA,NA,"","Sobic.003G220200.1","Chr03",55538595,55546807,8213,"+",-8382,170
"949","PstI.TP1214992","CCirc_cm.19",3,55546977,"CCirc_cm","PS_Y(1)","124+36088im(1)","","","ISIS EM-BLASSO(1)","","",0.1975,2.03,NA,"",NA,NA,"","Sobic.003G220266.2","Chr03",55546852,55547957,1106,"+",-125,-980
"950","PstI.TP1214992","CCirc_cm.19",3,55546977,"CCirc_cm","PS_Y(1)","124+36088im(1)","","","ISIS EM-BLASSO(1)","","",0.1975,2.03,NA,"",NA,NA,"","Sobic.003G220266.1","Chr03",55546852,55547957,1106,"+",-125,-980
"951","PstI.TP1214992","CCirc_cm.19",3,55546977,"CCirc_cm","PS_Y(1)","124+36088im(1)","","","ISIS EM-BLASSO(1)","","",0.1975,2.03,NA,"",NA,NA,"","Sobic.003G220200.1","Chr03",55538595,55546807,8213,"+",-8382,170
"952","PstI.TP1218439","CmN.113",9,53101439,"CmN","PS_Y(1)","C106+4202(1)","","","FASTmrMLM(1)","","",0.1462,8.965,NA,"",NA,NA,"","Sobic.009G175900.1","Chr09",53098542,53102549,4008,"-",-2897,-1110
"953","PstI.TP1218439","CmN.113",9,53101439,"CmN","PS_Y(1)","C106+4202(1)","","","FASTmrMLM(1)","","",0.1462,8.965,NA,"",NA,NA,"","Sobic.009G175900.2","Chr09",53096909,53102171,5263,"-",-4530,-732
"954","PstI.TP1218439","CmN.113",9,53101439,"CmN","PS_Y(1)","C106+4202(1)","","","FASTmrMLM(1)","","",0.1462,8.965,NA,"",NA,NA,"","Sobic.009G175900.3","Chr09",53096875,53102171,5297,"-",-4564,-732
"955","PstI.TP1225179","CmN.114",6,56654494,"CmN","PS_Y(1)","C116+3293(1)","CMLM+SUPER(1)","","","","",0.07759,3.076,NA,"",NA,NA,"","Sobic.006G219300.2","Chr06",56642614,56655459,12846,"-",-11880,-965
"956","PstI.TP1225179","CmN.114",6,56654494,"CmN","PS_Y(1)","C116+3293(1)","CMLM+SUPER(1)","","","","",0.07759,3.076,NA,"",NA,NA,"","Sobic.006G219300.1","Chr06",56642644,56655858,13215,"-",-11850,-1364
"957","PstI.TP1225179","CmN.114",6,56654494,"CmN","PS_Y(1)","C116+3293(1)","CMLM+SUPER(1)","","","","",0.07759,3.076,NA,"",NA,NA,"","Sobic.006G219300.1","Chr06",56642644,56655858,13215,"-",-11850,-1364
"958","PstI.TP1225179","CmN.114",6,56654494,"CmN","PS_Y(1)","C116+3293(1)","CMLM+SUPER(1)","","","","",0.07759,3.076,NA,"",NA,NA,"","Sobic.006G219400.1","Chr06",56654817,56655429,613,"+",323,-935
"959","PstI.TP1225179","CmN.114",6,56654494,"CmN","PS_Y(1)","C116+3293(1)","CMLM+SUPER(1)","","","","",0.07759,3.076,NA,"",NA,NA,"","Sobic.006G219300.2","Chr06",56642614,56655459,12846,"-",-11880,-965
"960","PstI.TP1225179","CmN.114",6,56654494,"CmN","PS_Y(1)","C116+3293(1)","CMLM+SUPER(1)","","","","",0.07759,3.076,NA,"",NA,NA,"","Sobic.006G219400.1","Chr06",56654817,56655429,613,"+",323,-935
"961","PstI.TP1225179","CmN.114",6,56654494,"CmN","PS_Y(1)","C116+3293(1)","CMLM+SUPER(1)","","","","",0.07759,3.076,NA,"",NA,NA,"","Sobic.006G219300.2","Chr06",56642614,56655459,12846,"-",-11880,-965
"962","PstI.TP1225179","CmN.114",6,56654494,"CmN","PS_Y(1)","C116+3293(1)","CMLM+SUPER(1)","","","","",0.07759,3.076,NA,"",NA,NA,"","Sobic.006G219300.1","Chr06",56642644,56655858,13215,"-",-11850,-1364
"963","PstI.TP1225179","CmN.114",6,56654494,"CmN","PS_Y(1)","C116+3293(1)","CMLM+SUPER(1)","","","","",0.07759,3.076,NA,"",NA,NA,"","Sobic.006G219300.1","Chr06",56642644,56655858,13215,"-",-11850,-1364
"964","PstI.TP1225179","CmN.114",6,56654494,"CmN","PS_Y(1)","C116+3293(1)","CMLM+SUPER(1)","","","","",0.07759,3.076,NA,"",NA,NA,"","Sobic.006G219400.1","Chr06",56654817,56655429,613,"+",323,-935
"965","PstI.TP1225179","CmN.114",6,56654494,"CmN","PS_Y(1)","C116+3293(1)","CMLM+SUPER(1)","","","","",0.07759,3.076,NA,"",NA,NA,"","Sobic.006G219300.2","Chr06",56642614,56655459,12846,"-",-11880,-965
"966","PstI.TP1225179","CmN.114",6,56654494,"CmN","PS_Y(1)","C116+3293(1)","CMLM+SUPER(1)","","","","",0.07759,3.076,NA,"",NA,NA,"","Sobic.006G219400.1","Chr06",56654817,56655429,613,"+",323,-935
"968","PstI.TP1226186","CmN.115",3,7342289,"CmN","PS_Y(2)","C124+2560(2)","CMLM+SUPER(1);MLM+SUPER(1)","","","","",0.3024,2.003,NA,"",NA,NA,"","Sobic.003G085100.1","Chr03",7340557,7343742,3186,"+",-1732,-1453
"969","PstI.TP123530","CmN.116",10,7243969,"CmN","PS_Y(2)","C116+3293(2)","CMLM+SUPER(1);MLM+SUPER(1)","","","","",0.06466,6.632,NA,"",NA,NA,"","Sobic.010G085000.1","Chr10",7243613,7245489,1877,"-",-356,-1520
"970","PstI.TP1235909","CmN.117",4,64295006,"CmN","PS_Y(3)","124+36088im(3)","CMLM+SUPER(1);MLM+SUPER(1)","","","","GLM(1)",0.1575,8.152,NA,"",NA,NA,"","Sobic.004G303700.1","Chr04",64293408,64295083,1676,"+",-1598,-77
"971","PstI.TP1235909","CmN.117",4,64295006,"CmN","PS_Y(3)","124+36088im(3)","CMLM+SUPER(1);MLM+SUPER(1)","","","","GLM(1)",0.1575,8.152,NA,"",NA,NA,"","Sobic.004G303800.1","Chr04",64295772,64297291,1520,"-",766,-2285
"972","PstI.TP1235909","CmN.117",4,64295006,"CmN","PS_Y(3)","124+36088im(3)","CMLM+SUPER(1);MLM+SUPER(1)","","","","GLM(1)",0.1575,8.152,NA,"",NA,NA,"","Sobic.004G303800.1","Chr04",64295772,64297291,1520,"-",766,-2285
"973","PstI.TP1235909","CmN.117",4,64295006,"CmN","PS_Y(3)","124+36088im(3)","CMLM+SUPER(1);MLM+SUPER(1)","","","","GLM(1)",0.1575,8.152,NA,"",NA,NA,"","Sobic.004G303700.1","Chr04",64293408,64295083,1676,"+",-1598,-77
"974","PstI.TP1235909","CmN.117",4,64295006,"CmN","PS_Y(3)","124+36088im(3)","CMLM+SUPER(1);MLM+SUPER(1)","","","","GLM(1)",0.1575,8.152,NA,"",NA,NA,"","Sobic.004G303700.1","Chr04",64293408,64295083,1676,"+",-1598,-77
"975","PstI.TP1235909","CmN.117",4,64295006,"CmN","PS_Y(3)","124+36088im(3)","CMLM+SUPER(1);MLM+SUPER(1)","","","","GLM(1)",0.1575,8.152,NA,"",NA,NA,"","Sobic.004G303800.1","Chr04",64295772,64297291,1520,"-",766,-2285
"976","PstI.TP1235909","CmN.117",4,64295006,"CmN","PS_Y(3)","124+36088im(3)","CMLM+SUPER(1);MLM+SUPER(1)","","","","GLM(1)",0.1575,8.152,NA,"",NA,NA,"","Sobic.004G303800.1","Chr04",64295772,64297291,1520,"-",766,-2285
"977","PstI.TP1235909","CmN.117",4,64295006,"CmN","PS_Y(3)","124+36088im(3)","CMLM+SUPER(1);MLM+SUPER(1)","","","","GLM(1)",0.1575,8.152,NA,"",NA,NA,"","Sobic.004G303700.1","Chr04",64293408,64295083,1676,"+",-1598,-77
"980","PstI.TP1246584","Cml_cm.36",1,1015480,"Cml_cm","PS_Y(3)","C116+3293(3)","","","FASTmrMLM(1);ISIS EM-BLASSO(1);pLARmEB(1)","","",0.4386,17.62,NA,"",NA,NA,"","Sobic.001G011800.1","Chr01",1015540,1016301,762,"+",60,-821
"981","PstI.TP1248844","CmN.120",8,1028461,"CmN","PS_Y(3)","124+36088im(3)","CMLM+SUPER(1);MLM+SUPER(1)","","","","GLM(1)",0.07949,10.25,NA,"",NA,NA,"","Sobic.008G012300.1","Chr08",1026398,1029238,2841,"-",-2063,-777
"982","PstI.TP1248844","CmN.120",8,1028461,"CmN","PS_Y(3)","124+36088im(3)","CMLM+SUPER(1);MLM+SUPER(1)","","","","GLM(1)",0.07949,10.25,NA,"",NA,NA,"","Sobic.008G012300.1","Chr08",1026398,1029238,2841,"-",-2063,-777
"983","PstI.TP1248844","CmD_LI_mm.26",8,1028461,"CmD_LI_mm","PS_N(1);PS_Y(2)","124+36088im(3)","","","FASTmrMLM(2);pKWmEB(1)","","",0.1613,19.26,NA,"",NA,NA,"","Sobic.008G012300.1","Chr08",1026398,1029238,2841,"-",-2063,-777
"984","PstI.TP1248844","CmD_LI_mm.26",8,1028461,"CmD_LI_mm","PS_N(1);PS_Y(2)","124+36088im(3)","","","FASTmrMLM(2);pKWmEB(1)","","",0.1613,19.26,NA,"",NA,NA,"","Sobic.008G012300.1","Chr08",1026398,1029238,2841,"-",-2063,-777
"985","PstI.TP1249212","CmDW_g.28",3,58498950,"CmDW_g","PS_N(1)","124+36088im(1)","","","pKWmEB(1)","","",0.1573,7.868,NA,"",NA,NA,"","Sobic.003G246100.1","Chr03",58494624,58499601,4978,"+",-4326,-651
"988","PstI.TP1250993","CmN.121",4,666401,"CmN","PS_Y(3)","124+36088im(3)","CMLM+SUPER(1);MLM+SUPER(1)","","","","GLM(1)",0.1086,7.53,NA,"",NA,NA,"","Sobic.004G007500.1","Chr04",665105,667038,1934,"+",-1296,-637
"989","PstI.TP1254872","CmN.122",7,56573064,"CmN","PS_Y(3)","C106+4202(1);C116+3293(2)","CMLM+SUPER(1);MLM+SUPER(2)","","","","",0.07759,9.303,NA,"",NA,NA,"","Sobic.007G137750.2","Chr07",56573347,56575999,2653,"+",283,-2935
"990","PstI.TP1254872","CmN.122",7,56573064,"CmN","PS_Y(3)","C106+4202(1);C116+3293(2)","CMLM+SUPER(1);MLM+SUPER(2)","","","","",0.07759,9.303,NA,"",NA,NA,"","Sobic.007G137750.1","Chr07",56573347,56575999,2653,"+",283,-2935
"991","PstI.TP1254872","CmN.122",7,56573064,"CmN","PS_Y(3)","C106+4202(1);C116+3293(2)","CMLM+SUPER(1);MLM+SUPER(2)","","","","",0.07759,9.303,NA,"",NA,NA,"","Sobic.007G137750.1","Chr07",56573347,56575999,2653,"+",283,-2935
"992","PstI.TP1254872","CmN.122",7,56573064,"CmN","PS_Y(3)","C106+4202(1);C116+3293(2)","CMLM+SUPER(1);MLM+SUPER(2)","","","","",0.07759,9.303,NA,"",NA,NA,"","Sobic.007G137750.2","Chr07",56573347,56575999,2653,"+",283,-2935
"993","PstI.TP1254872","CmN.122",7,56573064,"CmN","PS_Y(3)","C106+4202(1);C116+3293(2)","CMLM+SUPER(1);MLM+SUPER(2)","","","","",0.07759,9.303,NA,"",NA,NA,"","Sobic.007G137700.1","Chr07",56571473,56573346,1874,"-",-1591,-282
"994","PstI.TP1254872","CmN.122",7,56573064,"CmN","PS_Y(3)","C106+4202(1);C116+3293(2)","CMLM+SUPER(1);MLM+SUPER(2)","","","","",0.07759,9.303,NA,"",NA,NA,"","Sobic.007G137700.1","Chr07",56571473,56573346,1874,"-",-1591,-282
"995","PstI.TP1254872","CmN.122",7,56573064,"CmN","PS_Y(3)","C106+4202(1);C116+3293(2)","CMLM+SUPER(1);MLM+SUPER(2)","","","","",0.07759,9.303,NA,"",NA,NA,"","Sobic.007G137750.2","Chr07",56573347,56575999,2653,"+",283,-2935
"996","PstI.TP1254872","CmN.122",7,56573064,"CmN","PS_Y(3)","C106+4202(1);C116+3293(2)","CMLM+SUPER(1);MLM+SUPER(2)","","","","",0.07759,9.303,NA,"",NA,NA,"","Sobic.007G137750.1","Chr07",56573347,56575999,2653,"+",283,-2935
"997","PstI.TP1254872","CmN.122",7,56573064,"CmN","PS_Y(3)","C106+4202(1);C116+3293(2)","CMLM+SUPER(1);MLM+SUPER(2)","","","","",0.07759,9.303,NA,"",NA,NA,"","Sobic.007G137750.1","Chr07",56573347,56575999,2653,"+",283,-2935
"998","PstI.TP1254872","CmN.122",7,56573064,"CmN","PS_Y(3)","C106+4202(1);C116+3293(2)","CMLM+SUPER(1);MLM+SUPER(2)","","","","",0.07759,9.303,NA,"",NA,NA,"","Sobic.007G137750.2","Chr07",56573347,56575999,2653,"+",283,-2935
"999","PstI.TP1254872","CmN.122",7,56573064,"CmN","PS_Y(3)","C106+4202(1);C116+3293(2)","CMLM+SUPER(1);MLM+SUPER(2)","","","","",0.07759,9.303,NA,"",NA,NA,"","Sobic.007G137700.1","Chr07",56571473,56573346,1874,"-",-1591,-282
"1000","PstI.TP1254872","CmN.122",7,56573064,"CmN","PS_Y(3)","C106+4202(1);C116+3293(2)","CMLM+SUPER(1);MLM+SUPER(2)","","","","",0.07759,9.303,NA,"",NA,NA,"","Sobic.007G137700.1","Chr07",56571473,56573346,1874,"-",-1591,-282
"1001","PstI.TP126085","CmD_LI_mm.27",6,60503682,"CmD_LI_mm","PS_Y(2)","124+36088im(2)","","","FASTmrMLM(1);ISIS EM-BLASSO(1)","","",0.1008,17.25,NA,"",NA,NA,"","Sobic.006G273400.1","Chr06",60495764,60503240,7477,"+",-7918,442
"1002","PstI.TP1263163","CmN.123",9,8556161,"CmN","PS_Y(1)","C106+4202(1)","","","","","GLM(1)",0.1179,12.41,NA,"",NA,NA,"","Sobic.009G071600.4","Chr09",8553630,8560103,6474,"-",-2531,-3942
"1003","PstI.TP1263163","CmN.123",9,8556161,"CmN","PS_Y(1)","C106+4202(1)","","","","","GLM(1)",0.1179,12.41,NA,"",NA,NA,"","Sobic.009G071600.3","Chr09",8553631,8559166,5536,"-",-2530,-3005
"1004","PstI.TP1263163","CmN.123",9,8556161,"CmN","PS_Y(1)","C106+4202(1)","","","","","GLM(1)",0.1179,12.41,NA,"",NA,NA,"","Sobic.009G071600.2","Chr09",8553631,8559166,5536,"-",-2530,-3005
"1005","PstI.TP1263163","CmN.123",9,8556161,"CmN","PS_Y(1)","C106+4202(1)","","","","","GLM(1)",0.1179,12.41,NA,"",NA,NA,"","Sobic.009G071600.6","Chr09",8553630,8560103,6474,"-",-2531,-3942
"1006","PstI.TP1263163","CmN.123",9,8556161,"CmN","PS_Y(1)","C106+4202(1)","","","","","GLM(1)",0.1179,12.41,NA,"",NA,NA,"","Sobic.009G071600.5","Chr09",8553616,8560111,6496,"-",-2545,-3950
"1007","PstI.TP1263163","CmN.123",9,8556161,"CmN","PS_Y(1)","C106+4202(1)","","","","","GLM(1)",0.1179,12.41,NA,"",NA,NA,"","Sobic.009G071600.1","Chr09",8553616,8560111,6496,"-",-2545,-3950
"1008","PstI.TP1268585","CCirc_cm.21",1,2988383,"CCirc_cm","PS_Y(1)","C106+4202(1)","","","mrMLM(1)","","",0.375,34.33,NA,"",NA,NA,"","Sobic.001G040200.1","Chr01",2987435,2989263,1829,"-",-948,-880
"1010","PstI.TP1272828","CmN.124",10,59027538,"CmN","PS_N(1)","C106+4202(1)","","","pKWmEB(1)","","",0.3019,11.23,NA,"",NA,NA,"","Sobic.010G251000.1","Chr10",59020575,59027965,7391,"+",-6963,-427
"1011","PstI.TP1280049","Bcirc_cm.33",3,4545043,"Bcirc_cm","PS_Y(1)","124+36088im(1)","MLM+SUPER(1)","","","","",0.164,3.709,NA,"",NA,NA,"","Sobic.003G049600.2","Chr03",4541987,4548948,6962,"+",-3056,-3905
"1015","PstI.TP1294713","CmN.125",10,4269426,"CmN","PS_Y(2)","124+36088im(2)","MLM+SUPER(1)","","","","GLM(1)",0.1777,10.6,NA,"",NA,NA,"","Sobic.010G054400.1","Chr10",4268508,4272050,3543,"+",-918,-2624
"1017","PstI.TP132940","CmN.127",3,8690384,"CmN","PS_Y(1)","124+36088im(1)","","","","","GLM(1)",0.0658,7.132,NA,"",NA,NA,"","Sobic.003G098401.1","Chr03",8688877,8692011,3135,"+",-1507,-1627
"1018","PstI.TP134129","Bcirc_cm.34",9,51572610,"Bcirc_cm","PS_Y(1)","C124+2560(1)","","","mrMLM(1)","","",0.0205,0,NA,"",NA,NA,"","Sobic.009G158000.1","Chr09",51568670,51573600,4931,"+",-3940,-990
"1019","PstI.TP134453","CmDW_g.30",2,61861955,"CmDW_g","PS_Y(1)","124+36088im(1)","","","mrMLM(1)","","",0.4303,5.746,NA,"",NA,NA,"","Sobic.002G226700.2","Chr02",61861317,61863067,1751,"-",-638,-1112
"1020","PstI.TP137261","CmD_BI_mm.30",1,5540981,"CmD_BI_mm","PS_N(1)","C106+4202(1)","","FarmCPU(1)","","","",0.2264,5.351,NA,"",NA,NA,"","Sobic.001G072900.2","Chr01",5539713,5545111,5399,"+",-1268,-4130
"1022","PstI.TP139651","CmD_LI_mm.29",2,69224467,"CmD_LI_mm","PS_N(1)","C106+4202(1)","","FarmCPU(1)","","","",0.08962,0.6118,NA,"",NA,NA,"","Sobic.002G320700.1","Chr02",69217722,69224768,7047,"+",-6745,-301
"1023","PstI.TP139651","CmD_LI_mm.29",2,69224467,"CmD_LI_mm","PS_N(1)","C106+4202(1)","","FarmCPU(1)","","","",0.08962,0.6118,NA,"",NA,NA,"","Sobic.002G320900.1","Chr02",69223562,69233455,9894,"-",-905,-8988
"1024","PstI.TP139651","CmD_LI_mm.29",2,69224467,"CmD_LI_mm","PS_N(1)","C106+4202(1)","","FarmCPU(1)","","","",0.08962,0.6118,NA,"",NA,NA,"","Sobic.002G320700.1","Chr02",69217722,69224768,7047,"+",-6745,-301
"1025","PstI.TP139651","CmD_LI_mm.29",2,69224467,"CmD_LI_mm","PS_N(1)","C106+4202(1)","","FarmCPU(1)","","","",0.08962,0.6118,NA,"",NA,NA,"","Sobic.002G320900.2","Chr02",69223562,69233455,9894,"-",-905,-8988
"1026","PstI.TP139651","CmD_LI_mm.29",2,69224467,"CmD_LI_mm","PS_N(1)","C106+4202(1)","","FarmCPU(1)","","","",0.08962,0.6118,NA,"",NA,NA,"","Sobic.002G320900.2","Chr02",69223562,69233455,9894,"-",-905,-8988
"1027","PstI.TP139651","CmD_LI_mm.29",2,69224467,"CmD_LI_mm","PS_N(1)","C106+4202(1)","","FarmCPU(1)","","","",0.08962,0.6118,NA,"",NA,NA,"","Sobic.002G320900.1","Chr02",69223562,69233455,9894,"-",-905,-8988
"1028","PstI.TP139651","CmD_LI_mm.29",2,69224467,"CmD_LI_mm","PS_N(1)","C106+4202(1)","","FarmCPU(1)","","","",0.08962,0.6118,NA,"",NA,NA,"","Sobic.002G320700.1","Chr02",69217722,69224768,7047,"+",-6745,-301
"1029","PstI.TP139651","CmD_LI_mm.29",2,69224467,"CmD_LI_mm","PS_N(1)","C106+4202(1)","","FarmCPU(1)","","","",0.08962,0.6118,NA,"",NA,NA,"","Sobic.002G320900.1","Chr02",69223562,69233455,9894,"-",-905,-8988
"1030","PstI.TP139651","CmD_LI_mm.29",2,69224467,"CmD_LI_mm","PS_N(1)","C106+4202(1)","","FarmCPU(1)","","","",0.08962,0.6118,NA,"",NA,NA,"","Sobic.002G320700.1","Chr02",69217722,69224768,7047,"+",-6745,-301
"1031","PstI.TP139651","CmD_LI_mm.29",2,69224467,"CmD_LI_mm","PS_N(1)","C106+4202(1)","","FarmCPU(1)","","","",0.08962,0.6118,NA,"",NA,NA,"","Sobic.002G320900.2","Chr02",69223562,69233455,9894,"-",-905,-8988
"1032","PstI.TP139651","CmD_LI_mm.29",2,69224467,"CmD_LI_mm","PS_N(1)","C106+4202(1)","","FarmCPU(1)","","","",0.08962,0.6118,NA,"",NA,NA,"","Sobic.002G320900.2","Chr02",69223562,69233455,9894,"-",-905,-8988
"1033","PstI.TP139651","CmD_LI_mm.29",2,69224467,"CmD_LI_mm","PS_N(1)","C106+4202(1)","","FarmCPU(1)","","","",0.08962,0.6118,NA,"",NA,NA,"","Sobic.002G320900.1","Chr02",69223562,69233455,9894,"-",-905,-8988
"1034","PstI.TP139937","CmDW_g.31",2,66298184,"CmDW_g","PS_N(1)","124+36088im(1)","","","ISIS EM-BLASSO(1)","","",0.379,2.531,NA,"",NA,NA,"","Sobic.002G281300.1","Chr02",66296138,66299132,2995,"-",-2046,-948
"1035","PstI.TP140016","Yld_kg.15",6,57096158,"Yld","PS_N(1)","C106+4202(1)","","","ISIS EM-BLASSO(1)","","",0.3349,12.94,NA,"PstI.TP1193013",6,60825902,"PstI.TP1193013\6\60825902","Sobic.006G225500.1","Chr06",57096038,57097017,980,"+",-120,-859
"1039","PstI.TP14229","CmD_BI_mm.31",9,57790410,"CmD_BI_mm","PS_Y(1)","124+36088im(1)","","","mrMLM(1)","","",0.168,5.638,NA,"",NA,NA,"","Sobic.009G240400.1","Chr09",57788800,57789692,893,"+",-1610,718
"1040","PstI.TP14229","CmD_BI_mm.31",9,57790410,"CmD_BI_mm","PS_Y(1)","124+36088im(1)","","","mrMLM(1)","","",0.168,5.638,NA,"",NA,NA,"","Sobic.009G240400.1","Chr09",57788800,57789692,893,"+",-1610,718
"1041","PstI.TP14229","Cml_cm.37",9,57790410,"Cml_cm","PS_N(4);PS_Y(3)","124+36088im(7)","","","FASTmrMLM(2);ISIS EM-BLASSO(2);mrMLM(1);pKWmEB(2)","","",0.1734,11.54,NA,"",NA,NA,"","Sobic.009G240400.1","Chr09",57788800,57789692,893,"+",-1610,718
"1042","PstI.TP14229","Cml_cm.37",9,57790410,"Cml_cm","PS_N(4);PS_Y(3)","124+36088im(7)","","","FASTmrMLM(2);ISIS EM-BLASSO(2);mrMLM(1);pKWmEB(2)","","",0.1734,11.54,NA,"",NA,NA,"","Sobic.009G240400.1","Chr09",57788800,57789692,893,"+",-1610,718
"1043","PstI.TP148994","Bcirc_cm.36",6,47930110,"Bcirc_cm","PS_Y(1)","124+36088im(1)","","","FASTmrMLM(1)","","",0.121,4.088,NA,"",NA,NA,"","Sobic.006G110600.1","Chr06",47929464,47932464,3001,"+",-646,-2354
"1044","PstI.TP148994","Bcirc_cm.36",6,47930110,"Bcirc_cm","PS_Y(1)","124+36088im(1)","","","FASTmrMLM(1)","","",0.121,4.088,NA,"",NA,NA,"","Sobic.006G110600.1","Chr06",47929464,47932464,3001,"+",-646,-2354
"1045","PstI.TP148994","Bcirc_cm.36",6,47930110,"Bcirc_cm","PS_Y(1)","124+36088im(1)","","","FASTmrMLM(1)","","",0.121,4.088,NA,"",NA,NA,"","Sobic.006G110500.2","Chr06",47927268,47929907,2640,"-",-2842,203
"1046","PstI.TP148994","Bcirc_cm.36",6,47930110,"Bcirc_cm","PS_Y(1)","124+36088im(1)","","","FASTmrMLM(1)","","",0.121,4.088,NA,"",NA,NA,"","Sobic.006G110600.1","Chr06",47929464,47932464,3001,"+",-646,-2354
"1047","PstI.TP148994","Bcirc_cm.36",6,47930110,"Bcirc_cm","PS_Y(1)","124+36088im(1)","","","FASTmrMLM(1)","","",0.121,4.088,NA,"",NA,NA,"","Sobic.006G110500.2","Chr06",47927268,47929907,2640,"-",-2842,203
"1048","PstI.TP148994","Bcirc_cm.36",6,47930110,"Bcirc_cm","PS_Y(1)","124+36088im(1)","","","FASTmrMLM(1)","","",0.121,4.088,NA,"",NA,NA,"","Sobic.006G110500.2","Chr06",47927268,47929907,2640,"-",-2842,203
"1049","PstI.TP148994","Bcirc_cm.36",6,47930110,"Bcirc_cm","PS_Y(1)","124+36088im(1)","","","FASTmrMLM(1)","","",0.121,4.088,NA,"",NA,NA,"","Sobic.006G110500.2","Chr06",47927268,47929907,2640,"-",-2842,203
"1050","PstI.TP148994","Bcirc_cm.36",6,47930110,"Bcirc_cm","PS_Y(1)","124+36088im(1)","","","FASTmrMLM(1)","","",0.121,4.088,NA,"",NA,NA,"","Sobic.006G110600.1","Chr06",47929464,47932464,3001,"+",-646,-2354
"1051","PstI.TP148994","Bcirc_cm.36",6,47930110,"Bcirc_cm","PS_Y(1)","124+36088im(1)","","","FASTmrMLM(1)","","",0.121,4.088,NA,"",NA,NA,"","Sobic.006G110600.1","Chr06",47929464,47932464,3001,"+",-646,-2354
"1052","PstI.TP148994","Bcirc_cm.36",6,47930110,"Bcirc_cm","PS_Y(1)","124+36088im(1)","","","FASTmrMLM(1)","","",0.121,4.088,NA,"",NA,NA,"","Sobic.006G110600.1","Chr06",47929464,47932464,3001,"+",-646,-2354
"1053","PstI.TP148994","Bcirc_cm.36",6,47930110,"Bcirc_cm","PS_Y(1)","124+36088im(1)","","","FASTmrMLM(1)","","",0.121,4.088,NA,"",NA,NA,"","Sobic.006G110500.2","Chr06",47927268,47929907,2640,"-",-2842,203
"1054","PstI.TP148994","Bcirc_cm.36",6,47930110,"Bcirc_cm","PS_Y(1)","124+36088im(1)","","","FASTmrMLM(1)","","",0.121,4.088,NA,"",NA,NA,"","Sobic.006G110600.1","Chr06",47929464,47932464,3001,"+",-646,-2354
"1055","PstI.TP148994","Bcirc_cm.36",6,47930110,"Bcirc_cm","PS_Y(1)","124+36088im(1)","","","FASTmrMLM(1)","","",0.121,4.088,NA,"",NA,NA,"","Sobic.006G110500.2","Chr06",47927268,47929907,2640,"-",-2842,203
"1056","PstI.TP148994","Bcirc_cm.36",6,47930110,"Bcirc_cm","PS_Y(1)","124+36088im(1)","","","FASTmrMLM(1)","","",0.121,4.088,NA,"",NA,NA,"","Sobic.006G110500.2","Chr06",47927268,47929907,2640,"-",-2842,203
"1057","PstI.TP148994","Bcirc_cm.36",6,47930110,"Bcirc_cm","PS_Y(1)","124+36088im(1)","","","FASTmrMLM(1)","","",0.121,4.088,NA,"",NA,NA,"","Sobic.006G110500.2","Chr06",47927268,47929907,2640,"-",-2842,203
"1058","PstI.TP148994","Bcirc_cm.36",6,47930110,"Bcirc_cm","PS_Y(1)","124+36088im(1)","","","FASTmrMLM(1)","","",0.121,4.088,NA,"",NA,NA,"","Sobic.006G110600.1","Chr06",47929464,47932464,3001,"+",-646,-2354
"1059","PstI.TP148994","Cml_cm.38",6,47930110,"Cml_cm","PS_N(1)","124+36088im(1)","","","ISIS EM-BLASSO(1)","","",0.121,3.469,NA,"",NA,NA,"","Sobic.006G110600.1","Chr06",47929464,47932464,3001,"+",-646,-2354
"1060","PstI.TP148994","Cml_cm.38",6,47930110,"Cml_cm","PS_N(1)","124+36088im(1)","","","ISIS EM-BLASSO(1)","","",0.121,3.469,NA,"",NA,NA,"","Sobic.006G110600.1","Chr06",47929464,47932464,3001,"+",-646,-2354
"1061","PstI.TP148994","Cml_cm.38",6,47930110,"Cml_cm","PS_N(1)","124+36088im(1)","","","ISIS EM-BLASSO(1)","","",0.121,3.469,NA,"",NA,NA,"","Sobic.006G110500.2","Chr06",47927268,47929907,2640,"-",-2842,203
"1062","PstI.TP148994","Cml_cm.38",6,47930110,"Cml_cm","PS_N(1)","124+36088im(1)","","","ISIS EM-BLASSO(1)","","",0.121,3.469,NA,"",NA,NA,"","Sobic.006G110600.1","Chr06",47929464,47932464,3001,"+",-646,-2354
"1063","PstI.TP148994","Cml_cm.38",6,47930110,"Cml_cm","PS_N(1)","124+36088im(1)","","","ISIS EM-BLASSO(1)","","",0.121,3.469,NA,"",NA,NA,"","Sobic.006G110500.2","Chr06",47927268,47929907,2640,"-",-2842,203
"1064","PstI.TP148994","Cml_cm.38",6,47930110,"Cml_cm","PS_N(1)","124+36088im(1)","","","ISIS EM-BLASSO(1)","","",0.121,3.469,NA,"",NA,NA,"","Sobic.006G110500.2","Chr06",47927268,47929907,2640,"-",-2842,203
"1065","PstI.TP148994","Cml_cm.38",6,47930110,"Cml_cm","PS_N(1)","124+36088im(1)","","","ISIS EM-BLASSO(1)","","",0.121,3.469,NA,"",NA,NA,"","Sobic.006G110500.2","Chr06",47927268,47929907,2640,"-",-2842,203
"1066","PstI.TP148994","Cml_cm.38",6,47930110,"Cml_cm","PS_N(1)","124+36088im(1)","","","ISIS EM-BLASSO(1)","","",0.121,3.469,NA,"",NA,NA,"","Sobic.006G110600.1","Chr06",47929464,47932464,3001,"+",-646,-2354
"1067","PstI.TP148994","Cml_cm.38",6,47930110,"Cml_cm","PS_N(1)","124+36088im(1)","","","ISIS EM-BLASSO(1)","","",0.121,3.469,NA,"",NA,NA,"","Sobic.006G110600.1","Chr06",47929464,47932464,3001,"+",-646,-2354
"1068","PstI.TP148994","Cml_cm.38",6,47930110,"Cml_cm","PS_N(1)","124+36088im(1)","","","ISIS EM-BLASSO(1)","","",0.121,3.469,NA,"",NA,NA,"","Sobic.006G110600.1","Chr06",47929464,47932464,3001,"+",-646,-2354
"1069","PstI.TP148994","Cml_cm.38",6,47930110,"Cml_cm","PS_N(1)","124+36088im(1)","","","ISIS EM-BLASSO(1)","","",0.121,3.469,NA,"",NA,NA,"","Sobic.006G110500.2","Chr06",47927268,47929907,2640,"-",-2842,203
"1070","PstI.TP148994","Cml_cm.38",6,47930110,"Cml_cm","PS_N(1)","124+36088im(1)","","","ISIS EM-BLASSO(1)","","",0.121,3.469,NA,"",NA,NA,"","Sobic.006G110600.1","Chr06",47929464,47932464,3001,"+",-646,-2354
"1071","PstI.TP148994","Cml_cm.38",6,47930110,"Cml_cm","PS_N(1)","124+36088im(1)","","","ISIS EM-BLASSO(1)","","",0.121,3.469,NA,"",NA,NA,"","Sobic.006G110500.2","Chr06",47927268,47929907,2640,"-",-2842,203
"1072","PstI.TP148994","Cml_cm.38",6,47930110,"Cml_cm","PS_N(1)","124+36088im(1)","","","ISIS EM-BLASSO(1)","","",0.121,3.469,NA,"",NA,NA,"","Sobic.006G110500.2","Chr06",47927268,47929907,2640,"-",-2842,203
"1073","PstI.TP148994","Cml_cm.38",6,47930110,"Cml_cm","PS_N(1)","124+36088im(1)","","","ISIS EM-BLASSO(1)","","",0.121,3.469,NA,"",NA,NA,"","Sobic.006G110500.2","Chr06",47927268,47929907,2640,"-",-2842,203
"1074","PstI.TP148994","Cml_cm.38",6,47930110,"Cml_cm","PS_N(1)","124+36088im(1)","","","ISIS EM-BLASSO(1)","","",0.121,3.469,NA,"",NA,NA,"","Sobic.006G110600.1","Chr06",47929464,47932464,3001,"+",-646,-2354
"1075","PstI.TP150197","Bcirc_cm.37",1,30650620,"Bcirc_cm","PS_N(1)","C106+4202(1)","","FarmCPU(1)","","","",0.06132,3.85,NA,"",NA,NA,"","Sobic.001G258200.1","Chr01",30649854,30655094,5241,"+",-766,-4474
"1076","PstI.TP150197","Bcirc_cm.37",1,30650620,"Bcirc_cm","PS_N(1)","C106+4202(1)","","FarmCPU(1)","","","",0.06132,3.85,NA,"",NA,NA,"","Sobic.001G258200.2","Chr01",30649723,30655105,5383,"+",-897,-4485
"1077","PstI.TP153500","CmN.130",2,76322220,"CmN","PS_Y(1)","124+36088im(1)","CMLM+SUPER(1)","","","","",0.495,0.1573,NA,"",NA,NA,"","Sobic.002G416000.1","Chr02",76322888,76329198,6311,"-",668,-6978
"1078","PstI.TP153500","CmN.130",2,76322220,"CmN","PS_Y(1)","124+36088im(1)","CMLM+SUPER(1)","","","","",0.495,0.1573,NA,"",NA,NA,"","Sobic.002G415900.1","Chr02",76316326,76322556,6231,"+",-5894,-336
"1079","PstI.TP153500","CmN.130",2,76322220,"CmN","PS_Y(1)","124+36088im(1)","CMLM+SUPER(1)","","","","",0.495,0.1573,NA,"",NA,NA,"","Sobic.002G416000.1","Chr02",76322888,76329198,6311,"-",668,-6978
"1080","PstI.TP153500","CmN.130",2,76322220,"CmN","PS_Y(1)","124+36088im(1)","CMLM+SUPER(1)","","","","",0.495,0.1573,NA,"",NA,NA,"","Sobic.002G415900.1","Chr02",76316326,76322556,6231,"+",-5894,-336
"1081","PstI.TP153500","CmN.130",2,76322220,"CmN","PS_Y(1)","124+36088im(1)","CMLM+SUPER(1)","","","","",0.495,0.1573,NA,"",NA,NA,"","Sobic.002G416000.1","Chr02",76322888,76329198,6311,"-",668,-6978
"1082","PstI.TP153500","CmN.130",2,76322220,"CmN","PS_Y(1)","124+36088im(1)","CMLM+SUPER(1)","","","","",0.495,0.1573,NA,"",NA,NA,"","Sobic.002G415900.1","Chr02",76316326,76322556,6231,"+",-5894,-336
"1083","PstI.TP153500","CmN.130",2,76322220,"CmN","PS_Y(1)","124+36088im(1)","CMLM+SUPER(1)","","","","",0.495,0.1573,NA,"",NA,NA,"","Sobic.002G416000.1","Chr02",76322888,76329198,6311,"-",668,-6978
"1084","PstI.TP153500","CmN.130",2,76322220,"CmN","PS_Y(1)","124+36088im(1)","CMLM+SUPER(1)","","","","",0.495,0.1573,NA,"",NA,NA,"","Sobic.002G415900.1","Chr02",76316326,76322556,6231,"+",-5894,-336
"1086","PstI.TP15780","Cml_cm.39",9,56211895,"Cml_cm","PS_N(2);PS_Y(3)","C116+3293(2);C124+2560(3)","","","ISIS EM-BLASSO(2);mrMLM(1);pKWmEB(1);pLARmEB(1)","","",0.1842,10.71,NA,"",NA,NA,"","Sobic.009G218000.1","Chr09",56211082,56212337,1256,"+",-813,-442
"1087","PstI.TP15780","Cml_cm.39",9,56211895,"Cml_cm","PS_N(2);PS_Y(3)","C116+3293(2);C124+2560(3)","","","ISIS EM-BLASSO(2);mrMLM(1);pKWmEB(1);pLARmEB(1)","","",0.1842,10.71,NA,"",NA,NA,"","Sobic.009G218000.1","Chr09",56211082,56212337,1256,"+",-813,-442
"1088","PstI.TP15780","CmN.131",9,56211895,"CmN","PS_Y(3)","C116+3293(1);C124+2560(2)","","","ISIS EM-BLASSO(1)","","GLM(2)",0.181,9.169,NA,"",NA,NA,"","Sobic.009G218000.1","Chr09",56211082,56212337,1256,"+",-813,-442
"1089","PstI.TP15780","CmN.131",9,56211895,"CmN","PS_Y(3)","C116+3293(1);C124+2560(2)","","","ISIS EM-BLASSO(1)","","GLM(2)",0.181,9.169,NA,"",NA,NA,"","Sobic.009G218000.1","Chr09",56211082,56212337,1256,"+",-813,-442
"1091","PstI.TP160694","CmDW_g.32",9,55685356,"CmDW_g","PS_N(1)","124+36088im(1)","","FarmCPU(1)","","","",0.05884,1.722,NA,"",NA,NA,"","Sobic.009G210600.1","Chr09",55686020,55691500,5481,"+",664,-6144
"1092","PstI.TP161086","Bcirc_cm.39",8,61954442,"Bcirc_cm","PS_N(1)","124+36088im(1)","","FarmCPU(1)","","","",0.1977,0.831,NA,"",NA,NA,"","Sobic.008G185200.3","Chr08",61950585,61955905,5321,"+",-3857,-1463
"1093","PstI.TP161086","Bcirc_cm.39",8,61954442,"Bcirc_cm","PS_N(1)","124+36088im(1)","","FarmCPU(1)","","","",0.1977,0.831,NA,"",NA,NA,"","Sobic.008G185200.2","Chr08",61950585,61955905,5321,"+",-3857,-1463
"1095","PstI.TP18098","CmD_LI_mm.32",2,23769344,"CmD_LI_mm","PS_N(2)","C116+3293(2)","","","FASTmrMLM(1);mrMLM(1)","","",0.0833,0,NA,"",NA,NA,"","Sobic.002G143000.1","Chr02",23766685,23770440,3756,"-",-2659,-1096
"1096","PstI.TP188641","Bcirc_cm.41",3,6088178,"Bcirc_cm","PS_N(1)","C106+4202(1)","","","ISIS EM-BLASSO(1)","","",0.1415,1.194,NA,"",NA,NA,"","Sobic.003G071600.1","Chr03",6087430,6092352,4923,"+",-748,-4174
"1097","PstI.TP188641","Bcirc_cm.41",3,6088178,"Bcirc_cm","PS_N(1)","C106+4202(1)","","","ISIS EM-BLASSO(1)","","",0.1415,1.194,NA,"",NA,NA,"","Sobic.003G071600.1","Chr03",6087430,6092352,4923,"+",-748,-4174
"1098","PstI.TP188641","CmD_BI_mm.32",3,6088178,"CmD_BI_mm","PS_N(1)","C106+4202(1)","","FarmCPU(1)","","","",0.1415,10.27,NA,"",NA,NA,"","Sobic.003G071600.1","Chr03",6087430,6092352,4923,"+",-748,-4174
"1099","PstI.TP188641","CmD_BI_mm.32",3,6088178,"CmD_BI_mm","PS_N(1)","C106+4202(1)","","FarmCPU(1)","","","",0.1415,10.27,NA,"",NA,NA,"","Sobic.003G071600.1","Chr03",6087430,6092352,4923,"+",-748,-4174
"1100","PstI.TP190549","CmN.132",7,57197488,"CmN","PS_Y(2)","124+36088im(2)","CMLM+SUPER(1)","","","","GLM(1)",0.1003,9.476,NA,"",NA,NA,"","Sobic.007G142100.1","Chr07",57193804,57198082,4279,"-",-3684,-594
"1103","PstI.TP19694","Cml_cm.41",1,26927564,"Cml_cm","PS_Y(1)","124+36088im(1)","","","ISIS EM-BLASSO(1)","","",0.2661,6.459,NA,"",NA,NA,"","Sobic.001G249600.1","Chr01",26926368,26928145,1778,"-",-1196,-581
"1104","PstI.TP197493","CCirc_cm.23",7,2953287,"CCirc_cm","PS_N(1)","124+36088im(1)","","","mrMLM(1)","","",0.0342,3.428,NA,"",NA,NA,"","Sobic.007G033700.1","Chr07",2950375,2954296,3922,"-",-2912,-1009
"1105","PstI.TP197570","CmD_BI_mm.33",5,51810245,"CmD_BI_mm","PS_N(1)","124+36088im(1)","","FarmCPU(1)","","","",0.05633,7.039,NA,"",NA,NA,"","Sobic.005G118400.1","Chr05",51808626,51820846,12221,"-",-1619,-10601
"1107","PstI.TP217199","CmN.134",1,78396312,"CmN","PS_N(1)","C116+3293(1)","","FarmCPU(1)","","","",0.05603,15.82,NA,"",NA,NA,"","Sobic.001G517800.2","Chr01",78394663,78400035,5373,"+",-1649,-3723
"1108","PstI.TP217199","CmN.134",1,78396312,"CmN","PS_N(1)","C116+3293(1)","","FarmCPU(1)","","","",0.05603,15.82,NA,"",NA,NA,"","Sobic.001G517800.1","Chr01",78394663,78400035,5373,"+",-1649,-3723
"1109","PstI.TP217994","CmDW_g.33",4,61088428,"CmDW_g","PS_N(2)","124+36088im(2)","","","FASTmrMLM(1);mrMLM(1)","","",0.0533,20.55,NA,"",NA,NA,"","Sobic.004G266400.1","Chr04",61087870,61092609,4740,"+",-558,-4181
"1110","PstI.TP217994","CmDW_g.33",4,61088428,"CmDW_g","PS_N(2)","124+36088im(2)","","","FASTmrMLM(1);mrMLM(1)","","",0.0533,20.55,NA,"",NA,NA,"","Sobic.004G266400.1","Chr04",61087870,61092609,4740,"+",-558,-4181
"1111","PstI.TP217994","CmDW_g.33",4,61088428,"CmDW_g","PS_N(2)","124+36088im(2)","","","FASTmrMLM(1);mrMLM(1)","","",0.0533,20.55,NA,"",NA,NA,"","Sobic.004G266400.1","Chr04",61087870,61092609,4740,"+",-558,-4181
"1112","PstI.TP217994","Cml_cm.42",4,61088428,"Cml_cm","PS_N(2)","124+36088im(2)","","","FASTmrMLM(1);mrMLM(1)","","",0.0533,38.88,NA,"",NA,NA,"","Sobic.004G266400.1","Chr04",61087870,61092609,4740,"+",-558,-4181
"1113","PstI.TP217994","Cml_cm.42",4,61088428,"Cml_cm","PS_N(2)","124+36088im(2)","","","FASTmrMLM(1);mrMLM(1)","","",0.0533,38.88,NA,"",NA,NA,"","Sobic.004G266400.1","Chr04",61087870,61092609,4740,"+",-558,-4181
"1114","PstI.TP217994","Cml_cm.42",4,61088428,"Cml_cm","PS_N(2)","124+36088im(2)","","","FASTmrMLM(1);mrMLM(1)","","",0.0533,38.88,NA,"",NA,NA,"","Sobic.004G266400.1","Chr04",61087870,61092609,4740,"+",-558,-4181
"1115","PstI.TP217994","CmD_LI_mm.33",4,61088428,"CmD_LI_mm","PS_N(2)","124+36088im(2)","","","FASTmrMLM(1);mrMLM(1)","","",0.0533,21.36,NA,"",NA,NA,"","Sobic.004G266400.1","Chr04",61087870,61092609,4740,"+",-558,-4181
"1116","PstI.TP217994","CmD_LI_mm.33",4,61088428,"CmD_LI_mm","PS_N(2)","124+36088im(2)","","","FASTmrMLM(1);mrMLM(1)","","",0.0533,21.36,NA,"",NA,NA,"","Sobic.004G266400.1","Chr04",61087870,61092609,4740,"+",-558,-4181
"1117","PstI.TP217994","CmD_LI_mm.33",4,61088428,"CmD_LI_mm","PS_N(2)","124+36088im(2)","","","FASTmrMLM(1);mrMLM(1)","","",0.0533,21.36,NA,"",NA,NA,"","Sobic.004G266400.1","Chr04",61087870,61092609,4740,"+",-558,-4181
"1119","PstI.TP226277","CmDW_g.34",10,60979471,"CmDW_g","PS_Y(1)","124+36088im(1)","","","mrMLM(1)","","",0.0369,3.728,NA,"",NA,NA,"","Sobic.010G276700.1","Chr10",60979154,60983631,4478,"-",-317,-4160
"1120","PstI.TP226277","CmDW_g.34",10,60979471,"CmDW_g","PS_Y(1)","124+36088im(1)","","","mrMLM(1)","","",0.0369,3.728,NA,"",NA,NA,"","Sobic.010G276700.3","Chr10",60979154,60983631,4478,"-",-317,-4160
"1121","PstI.TP226277","CmDW_g.34",10,60979471,"CmDW_g","PS_Y(1)","124+36088im(1)","","","mrMLM(1)","","",0.0369,3.728,NA,"",NA,NA,"","Sobic.010G276700.2","Chr10",60979154,60983631,4478,"-",-317,-4160
"1122","PstI.TP226277","CmDW_g.34",10,60979471,"CmDW_g","PS_Y(1)","124+36088im(1)","","","mrMLM(1)","","",0.0369,3.728,NA,"",NA,NA,"","Sobic.010G276600.1","Chr10",60972238,60979018,6781,"+",-7233,453
"1123","PstI.TP226277","CmDW_g.34",10,60979471,"CmDW_g","PS_Y(1)","124+36088im(1)","","","mrMLM(1)","","",0.0369,3.728,NA,"",NA,NA,"","Sobic.010G276600.1","Chr10",60972238,60979018,6781,"+",-7233,453
"1124","PstI.TP226277","CmDW_g.34",10,60979471,"CmDW_g","PS_Y(1)","124+36088im(1)","","","mrMLM(1)","","",0.0369,3.728,NA,"",NA,NA,"","Sobic.010G276700.3","Chr10",60979154,60983631,4478,"-",-317,-4160
"1125","PstI.TP226277","CmDW_g.34",10,60979471,"CmDW_g","PS_Y(1)","124+36088im(1)","","","mrMLM(1)","","",0.0369,3.728,NA,"",NA,NA,"","Sobic.010G276700.2","Chr10",60979154,60983631,4478,"-",-317,-4160
"1126","PstI.TP226277","CmDW_g.34",10,60979471,"CmDW_g","PS_Y(1)","124+36088im(1)","","","mrMLM(1)","","",0.0369,3.728,NA,"",NA,NA,"","Sobic.010G276700.1","Chr10",60979154,60983631,4478,"-",-317,-4160
"1127","PstI.TP226277","CmDW_g.34",10,60979471,"CmDW_g","PS_Y(1)","124+36088im(1)","","","mrMLM(1)","","",0.0369,3.728,NA,"",NA,NA,"","Sobic.010G276600.1","Chr10",60972238,60979018,6781,"+",-7233,453
"1128","PstI.TP226277","CmDW_g.34",10,60979471,"CmDW_g","PS_Y(1)","124+36088im(1)","","","mrMLM(1)","","",0.0369,3.728,NA,"",NA,NA,"","Sobic.010G276700.1","Chr10",60979154,60983631,4478,"-",-317,-4160
"1129","PstI.TP226277","CmDW_g.34",10,60979471,"CmDW_g","PS_Y(1)","124+36088im(1)","","","mrMLM(1)","","",0.0369,3.728,NA,"",NA,NA,"","Sobic.010G276700.2","Chr10",60979154,60983631,4478,"-",-317,-4160
"1130","PstI.TP226277","CmDW_g.34",10,60979471,"CmDW_g","PS_Y(1)","124+36088im(1)","","","mrMLM(1)","","",0.0369,3.728,NA,"",NA,NA,"","Sobic.010G276700.1","Chr10",60979154,60983631,4478,"-",-317,-4160
"1131","PstI.TP226277","CmDW_g.34",10,60979471,"CmDW_g","PS_Y(1)","124+36088im(1)","","","mrMLM(1)","","",0.0369,3.728,NA,"",NA,NA,"","Sobic.010G276700.3","Chr10",60979154,60983631,4478,"-",-317,-4160
"1132","PstI.TP226277","CmDW_g.34",10,60979471,"CmDW_g","PS_Y(1)","124+36088im(1)","","","mrMLM(1)","","",0.0369,3.728,NA,"",NA,NA,"","Sobic.010G276700.2","Chr10",60979154,60983631,4478,"-",-317,-4160
"1133","PstI.TP226277","CmDW_g.34",10,60979471,"CmDW_g","PS_Y(1)","124+36088im(1)","","","mrMLM(1)","","",0.0369,3.728,NA,"",NA,NA,"","Sobic.010G276600.1","Chr10",60972238,60979018,6781,"+",-7233,453
"1134","PstI.TP226277","CmDW_g.34",10,60979471,"CmDW_g","PS_Y(1)","124+36088im(1)","","","mrMLM(1)","","",0.0369,3.728,NA,"",NA,NA,"","Sobic.010G276700.3","Chr10",60979154,60983631,4478,"-",-317,-4160
"1135","PstI.TP226277","Cml_cm.43",10,60979471,"Cml_cm","PS_Y(1)","124+36088im(1)","","","mrMLM(1)","","",0.0369,11.25,NA,"",NA,NA,"","Sobic.010G276700.1","Chr10",60979154,60983631,4478,"-",-317,-4160
"1136","PstI.TP226277","Cml_cm.43",10,60979471,"Cml_cm","PS_Y(1)","124+36088im(1)","","","mrMLM(1)","","",0.0369,11.25,NA,"",NA,NA,"","Sobic.010G276700.3","Chr10",60979154,60983631,4478,"-",-317,-4160
"1137","PstI.TP226277","Cml_cm.43",10,60979471,"Cml_cm","PS_Y(1)","124+36088im(1)","","","mrMLM(1)","","",0.0369,11.25,NA,"",NA,NA,"","Sobic.010G276700.2","Chr10",60979154,60983631,4478,"-",-317,-4160
"1138","PstI.TP226277","Cml_cm.43",10,60979471,"Cml_cm","PS_Y(1)","124+36088im(1)","","","mrMLM(1)","","",0.0369,11.25,NA,"",NA,NA,"","Sobic.010G276600.1","Chr10",60972238,60979018,6781,"+",-7233,453
"1139","PstI.TP226277","Cml_cm.43",10,60979471,"Cml_cm","PS_Y(1)","124+36088im(1)","","","mrMLM(1)","","",0.0369,11.25,NA,"",NA,NA,"","Sobic.010G276600.1","Chr10",60972238,60979018,6781,"+",-7233,453
"1140","PstI.TP226277","Cml_cm.43",10,60979471,"Cml_cm","PS_Y(1)","124+36088im(1)","","","mrMLM(1)","","",0.0369,11.25,NA,"",NA,NA,"","Sobic.010G276700.3","Chr10",60979154,60983631,4478,"-",-317,-4160
"1141","PstI.TP226277","Cml_cm.43",10,60979471,"Cml_cm","PS_Y(1)","124+36088im(1)","","","mrMLM(1)","","",0.0369,11.25,NA,"",NA,NA,"","Sobic.010G276700.2","Chr10",60979154,60983631,4478,"-",-317,-4160
"1142","PstI.TP226277","Cml_cm.43",10,60979471,"Cml_cm","PS_Y(1)","124+36088im(1)","","","mrMLM(1)","","",0.0369,11.25,NA,"",NA,NA,"","Sobic.010G276700.1","Chr10",60979154,60983631,4478,"-",-317,-4160
"1143","PstI.TP226277","Cml_cm.43",10,60979471,"Cml_cm","PS_Y(1)","124+36088im(1)","","","mrMLM(1)","","",0.0369,11.25,NA,"",NA,NA,"","Sobic.010G276600.1","Chr10",60972238,60979018,6781,"+",-7233,453
"1144","PstI.TP226277","Cml_cm.43",10,60979471,"Cml_cm","PS_Y(1)","124+36088im(1)","","","mrMLM(1)","","",0.0369,11.25,NA,"",NA,NA,"","Sobic.010G276700.1","Chr10",60979154,60983631,4478,"-",-317,-4160
"1145","PstI.TP226277","Cml_cm.43",10,60979471,"Cml_cm","PS_Y(1)","124+36088im(1)","","","mrMLM(1)","","",0.0369,11.25,NA,"",NA,NA,"","Sobic.010G276700.2","Chr10",60979154,60983631,4478,"-",-317,-4160
"1146","PstI.TP226277","Cml_cm.43",10,60979471,"Cml_cm","PS_Y(1)","124+36088im(1)","","","mrMLM(1)","","",0.0369,11.25,NA,"",NA,NA,"","Sobic.010G276700.1","Chr10",60979154,60983631,4478,"-",-317,-4160
"1147","PstI.TP226277","Cml_cm.43",10,60979471,"Cml_cm","PS_Y(1)","124+36088im(1)","","","mrMLM(1)","","",0.0369,11.25,NA,"",NA,NA,"","Sobic.010G276700.3","Chr10",60979154,60983631,4478,"-",-317,-4160
"1148","PstI.TP226277","Cml_cm.43",10,60979471,"Cml_cm","PS_Y(1)","124+36088im(1)","","","mrMLM(1)","","",0.0369,11.25,NA,"",NA,NA,"","Sobic.010G276700.2","Chr10",60979154,60983631,4478,"-",-317,-4160
"1149","PstI.TP226277","Cml_cm.43",10,60979471,"Cml_cm","PS_Y(1)","124+36088im(1)","","","mrMLM(1)","","",0.0369,11.25,NA,"",NA,NA,"","Sobic.010G276600.1","Chr10",60972238,60979018,6781,"+",-7233,453
"1150","PstI.TP226277","Cml_cm.43",10,60979471,"Cml_cm","PS_Y(1)","124+36088im(1)","","","mrMLM(1)","","",0.0369,11.25,NA,"",NA,NA,"","Sobic.010G276700.3","Chr10",60979154,60983631,4478,"-",-317,-4160
"1151","PstI.TP226277","CmDW_g.34",10,60979471,"CmDW_g","PS_Y(1)","124+36088im(1)","","","mrMLM(1)","","",0.0369,3.728,NA,"",NA,NA,"","Sobic.010G276700.1","Chr10",60979154,60983631,4478,"-",-317,-4160
"1152","PstI.TP226277","CmDW_g.34",10,60979471,"CmDW_g","PS_Y(1)","124+36088im(1)","","","mrMLM(1)","","",0.0369,3.728,NA,"",NA,NA,"","Sobic.010G276700.3","Chr10",60979154,60983631,4478,"-",-317,-4160
"1153","PstI.TP226277","CmDW_g.34",10,60979471,"CmDW_g","PS_Y(1)","124+36088im(1)","","","mrMLM(1)","","",0.0369,3.728,NA,"",NA,NA,"","Sobic.010G276700.2","Chr10",60979154,60983631,4478,"-",-317,-4160
"1154","PstI.TP226277","CmDW_g.34",10,60979471,"CmDW_g","PS_Y(1)","124+36088im(1)","","","mrMLM(1)","","",0.0369,3.728,NA,"",NA,NA,"","Sobic.010G276600.1","Chr10",60972238,60979018,6781,"+",-7233,453
"1155","PstI.TP226277","CmDW_g.34",10,60979471,"CmDW_g","PS_Y(1)","124+36088im(1)","","","mrMLM(1)","","",0.0369,3.728,NA,"",NA,NA,"","Sobic.010G276600.1","Chr10",60972238,60979018,6781,"+",-7233,453
"1156","PstI.TP226277","CmDW_g.34",10,60979471,"CmDW_g","PS_Y(1)","124+36088im(1)","","","mrMLM(1)","","",0.0369,3.728,NA,"",NA,NA,"","Sobic.010G276700.3","Chr10",60979154,60983631,4478,"-",-317,-4160
"1157","PstI.TP226277","CmDW_g.34",10,60979471,"CmDW_g","PS_Y(1)","124+36088im(1)","","","mrMLM(1)","","",0.0369,3.728,NA,"",NA,NA,"","Sobic.010G276700.2","Chr10",60979154,60983631,4478,"-",-317,-4160
"1158","PstI.TP226277","CmDW_g.34",10,60979471,"CmDW_g","PS_Y(1)","124+36088im(1)","","","mrMLM(1)","","",0.0369,3.728,NA,"",NA,NA,"","Sobic.010G276700.1","Chr10",60979154,60983631,4478,"-",-317,-4160
"1159","PstI.TP226277","CmDW_g.34",10,60979471,"CmDW_g","PS_Y(1)","124+36088im(1)","","","mrMLM(1)","","",0.0369,3.728,NA,"",NA,NA,"","Sobic.010G276600.1","Chr10",60972238,60979018,6781,"+",-7233,453
"1160","PstI.TP226277","CmDW_g.34",10,60979471,"CmDW_g","PS_Y(1)","124+36088im(1)","","","mrMLM(1)","","",0.0369,3.728,NA,"",NA,NA,"","Sobic.010G276700.1","Chr10",60979154,60983631,4478,"-",-317,-4160
"1161","PstI.TP226277","CmDW_g.34",10,60979471,"CmDW_g","PS_Y(1)","124+36088im(1)","","","mrMLM(1)","","",0.0369,3.728,NA,"",NA,NA,"","Sobic.010G276700.2","Chr10",60979154,60983631,4478,"-",-317,-4160
"1162","PstI.TP226277","CmDW_g.34",10,60979471,"CmDW_g","PS_Y(1)","124+36088im(1)","","","mrMLM(1)","","",0.0369,3.728,NA,"",NA,NA,"","Sobic.010G276700.1","Chr10",60979154,60983631,4478,"-",-317,-4160
"1163","PstI.TP226277","CmDW_g.34",10,60979471,"CmDW_g","PS_Y(1)","124+36088im(1)","","","mrMLM(1)","","",0.0369,3.728,NA,"",NA,NA,"","Sobic.010G276700.3","Chr10",60979154,60983631,4478,"-",-317,-4160
"1164","PstI.TP226277","CmDW_g.34",10,60979471,"CmDW_g","PS_Y(1)","124+36088im(1)","","","mrMLM(1)","","",0.0369,3.728,NA,"",NA,NA,"","Sobic.010G276700.2","Chr10",60979154,60983631,4478,"-",-317,-4160
"1165","PstI.TP226277","CmDW_g.34",10,60979471,"CmDW_g","PS_Y(1)","124+36088im(1)","","","mrMLM(1)","","",0.0369,3.728,NA,"",NA,NA,"","Sobic.010G276600.1","Chr10",60972238,60979018,6781,"+",-7233,453
"1166","PstI.TP226277","CmDW_g.34",10,60979471,"CmDW_g","PS_Y(1)","124+36088im(1)","","","mrMLM(1)","","",0.0369,3.728,NA,"",NA,NA,"","Sobic.010G276700.3","Chr10",60979154,60983631,4478,"-",-317,-4160
"1167","PstI.TP226277","Cml_cm.43",10,60979471,"Cml_cm","PS_Y(1)","124+36088im(1)","","","mrMLM(1)","","",0.0369,11.25,NA,"",NA,NA,"","Sobic.010G276700.1","Chr10",60979154,60983631,4478,"-",-317,-4160
"1168","PstI.TP226277","Cml_cm.43",10,60979471,"Cml_cm","PS_Y(1)","124+36088im(1)","","","mrMLM(1)","","",0.0369,11.25,NA,"",NA,NA,"","Sobic.010G276700.3","Chr10",60979154,60983631,4478,"-",-317,-4160
"1169","PstI.TP226277","Cml_cm.43",10,60979471,"Cml_cm","PS_Y(1)","124+36088im(1)","","","mrMLM(1)","","",0.0369,11.25,NA,"",NA,NA,"","Sobic.010G276700.2","Chr10",60979154,60983631,4478,"-",-317,-4160
"1170","PstI.TP226277","Cml_cm.43",10,60979471,"Cml_cm","PS_Y(1)","124+36088im(1)","","","mrMLM(1)","","",0.0369,11.25,NA,"",NA,NA,"","Sobic.010G276600.1","Chr10",60972238,60979018,6781,"+",-7233,453
"1171","PstI.TP226277","Cml_cm.43",10,60979471,"Cml_cm","PS_Y(1)","124+36088im(1)","","","mrMLM(1)","","",0.0369,11.25,NA,"",NA,NA,"","Sobic.010G276600.1","Chr10",60972238,60979018,6781,"+",-7233,453
"1172","PstI.TP226277","Cml_cm.43",10,60979471,"Cml_cm","PS_Y(1)","124+36088im(1)","","","mrMLM(1)","","",0.0369,11.25,NA,"",NA,NA,"","Sobic.010G276700.3","Chr10",60979154,60983631,4478,"-",-317,-4160
"1173","PstI.TP226277","Cml_cm.43",10,60979471,"Cml_cm","PS_Y(1)","124+36088im(1)","","","mrMLM(1)","","",0.0369,11.25,NA,"",NA,NA,"","Sobic.010G276700.2","Chr10",60979154,60983631,4478,"-",-317,-4160
"1174","PstI.TP226277","Cml_cm.43",10,60979471,"Cml_cm","PS_Y(1)","124+36088im(1)","","","mrMLM(1)","","",0.0369,11.25,NA,"",NA,NA,"","Sobic.010G276700.1","Chr10",60979154,60983631,4478,"-",-317,-4160
"1175","PstI.TP226277","Cml_cm.43",10,60979471,"Cml_cm","PS_Y(1)","124+36088im(1)","","","mrMLM(1)","","",0.0369,11.25,NA,"",NA,NA,"","Sobic.010G276600.1","Chr10",60972238,60979018,6781,"+",-7233,453
"1176","PstI.TP226277","Cml_cm.43",10,60979471,"Cml_cm","PS_Y(1)","124+36088im(1)","","","mrMLM(1)","","",0.0369,11.25,NA,"",NA,NA,"","Sobic.010G276700.1","Chr10",60979154,60983631,4478,"-",-317,-4160
"1177","PstI.TP226277","Cml_cm.43",10,60979471,"Cml_cm","PS_Y(1)","124+36088im(1)","","","mrMLM(1)","","",0.0369,11.25,NA,"",NA,NA,"","Sobic.010G276700.2","Chr10",60979154,60983631,4478,"-",-317,-4160
"1178","PstI.TP226277","Cml_cm.43",10,60979471,"Cml_cm","PS_Y(1)","124+36088im(1)","","","mrMLM(1)","","",0.0369,11.25,NA,"",NA,NA,"","Sobic.010G276700.1","Chr10",60979154,60983631,4478,"-",-317,-4160
"1179","PstI.TP226277","Cml_cm.43",10,60979471,"Cml_cm","PS_Y(1)","124+36088im(1)","","","mrMLM(1)","","",0.0369,11.25,NA,"",NA,NA,"","Sobic.010G276700.3","Chr10",60979154,60983631,4478,"-",-317,-4160
"1180","PstI.TP226277","Cml_cm.43",10,60979471,"Cml_cm","PS_Y(1)","124+36088im(1)","","","mrMLM(1)","","",0.0369,11.25,NA,"",NA,NA,"","Sobic.010G276700.2","Chr10",60979154,60983631,4478,"-",-317,-4160
"1181","PstI.TP226277","Cml_cm.43",10,60979471,"Cml_cm","PS_Y(1)","124+36088im(1)","","","mrMLM(1)","","",0.0369,11.25,NA,"",NA,NA,"","Sobic.010G276600.1","Chr10",60972238,60979018,6781,"+",-7233,453
"1182","PstI.TP226277","Cml_cm.43",10,60979471,"Cml_cm","PS_Y(1)","124+36088im(1)","","","mrMLM(1)","","",0.0369,11.25,NA,"",NA,NA,"","Sobic.010G276700.3","Chr10",60979154,60983631,4478,"-",-317,-4160
"1183","PstI.TP228722","CmN.135",6,53186052,"CmN","PS_Y(1)","124+36088im(1)","","","FASTmrMLM(1)","","",0.25,1.677,NA,"",NA,NA,"","Sobic.006G176600.2","Chr06",53182512,53187346,4835,"-",-3540,-1294
"1184","PstI.TP228722","CmN.135",6,53186052,"CmN","PS_Y(1)","124+36088im(1)","","","FASTmrMLM(1)","","",0.25,1.677,NA,"",NA,NA,"","Sobic.006G176600.1","Chr06",53182532,53187346,4815,"-",-3520,-1294
"1187","PstI.TP233305","CmN.138",3,72380511,"CmN","PS_N(1)","124+36088im(1)","","","mrMLM(1)","","",0.0615,5.776,NA,"",NA,NA,"","Sobic.003G417900.1","Chr03",72376391,72380819,4429,"+",-4120,-308
"1188","PstI.TP238422","CmN.139",3,61336314,"CmN","PS_Y(1)","124+36088im(1)","","","pKWmEB(1)","","",0.129,8.106,NA,"",NA,NA,"","Sobic.003G277600.1","Chr03",61330543,61337175,6633,"+",-5771,-861
"1189","PstI.TP238422","CmN.139",3,61336314,"CmN","PS_Y(1)","124+36088im(1)","","","pKWmEB(1)","","",0.129,8.106,NA,"",NA,NA,"","Sobic.003G277700.1","Chr03",61337288,61341144,3857,"-",974,-4830
"1190","PstI.TP238422","CmN.139",3,61336314,"CmN","PS_Y(1)","124+36088im(1)","","","pKWmEB(1)","","",0.129,8.106,NA,"",NA,NA,"","Sobic.003G277700.1","Chr03",61337288,61341144,3857,"-",974,-4830
"1191","PstI.TP238422","CmN.139",3,61336314,"CmN","PS_Y(1)","124+36088im(1)","","","pKWmEB(1)","","",0.129,8.106,NA,"",NA,NA,"","Sobic.003G277600.1","Chr03",61330543,61337175,6633,"+",-5771,-861
"1192","PstI.TP238422","CmN.139",3,61336314,"CmN","PS_Y(1)","124+36088im(1)","","","pKWmEB(1)","","",0.129,8.106,NA,"",NA,NA,"","Sobic.003G277600.1","Chr03",61330543,61337175,6633,"+",-5771,-861
"1193","PstI.TP238422","CmN.139",3,61336314,"CmN","PS_Y(1)","124+36088im(1)","","","pKWmEB(1)","","",0.129,8.106,NA,"",NA,NA,"","Sobic.003G277700.1","Chr03",61337288,61341144,3857,"-",974,-4830
"1194","PstI.TP238422","CmN.139",3,61336314,"CmN","PS_Y(1)","124+36088im(1)","","","pKWmEB(1)","","",0.129,8.106,NA,"",NA,NA,"","Sobic.003G277700.1","Chr03",61337288,61341144,3857,"-",974,-4830
"1195","PstI.TP238422","CmN.139",3,61336314,"CmN","PS_Y(1)","124+36088im(1)","","","pKWmEB(1)","","",0.129,8.106,NA,"",NA,NA,"","Sobic.003G277600.1","Chr03",61330543,61337175,6633,"+",-5771,-861
"1197","PstI.TP246674","CmN.141",4,4598220,"CmN","PS_Y(1)","C116+3293(1)","","","","","GLM(1)",0.07328,8.35,NA,"",NA,NA,"","Sobic.004G057500.1","Chr04",4599194,4602709,3516,"+",974,-4489
"1198","PstI.TP246674","CmN.141",4,4598220,"CmN","PS_Y(1)","C116+3293(1)","","","","","GLM(1)",0.07328,8.35,NA,"",NA,NA,"","Sobic.004G057500.3","Chr04",4599218,4602675,3458,"+",998,-4455
"1199","PstI.TP246674","CmN.141",4,4598220,"CmN","PS_Y(1)","C116+3293(1)","","","","","GLM(1)",0.07328,8.35,NA,"",NA,NA,"","Sobic.004G057500.2","Chr04",4599194,4602685,3492,"+",974,-4465
"1200","PstI.TP246674","CmN.141",4,4598220,"CmN","PS_Y(1)","C116+3293(1)","","","","","GLM(1)",0.07328,8.35,NA,"",NA,NA,"","Sobic.004G057500.8","Chr04",4599193,4602679,3487,"+",973,-4459
"1202","PstI.TP251038","CmN.142",7,4460512,"CmN","PS_N(1)","124+36088im(1)","","FarmCPU(1)","","","",0.349,3.335,NA,"",NA,NA,"","Sobic.007G044100.1","Chr07",4452815,4462263,9449,"+",-7697,-1751
"1206","PstI.TP258621","CCirc_cm.25",1,74361721,"CCirc_cm","PS_Y(1)","C106+4202(1)","","","mrMLM(1)","","",0.08,32.04,NA,"",NA,NA,"","Sobic.001G470800.1","Chr01",74358530,74362956,4427,"+",-3191,-1235
"1207","PstI.TP26215","CmN.145",9,583262,"CmN","PS_Y(1)","C116+3293(1)","CMLM+SUPER(1)","","","","",0.05172,10.06,NA,"",NA,NA,"","Sobic.009G006600.2","Chr09",582214,584551,2338,"-",-1048,-1289
"1208","PstI.TP26215","CmN.145",9,583262,"CmN","PS_Y(1)","C116+3293(1)","CMLM+SUPER(1)","","","","",0.05172,10.06,NA,"",NA,NA,"","Sobic.009G006600.1","Chr09",582214,584551,2338,"-",-1048,-1289
"1209","PstI.TP262331","CmD_LI_mm.34",2,4692065,"CmD_LI_mm","PS_N(1)","124+36088im(1)","","FarmCPU(1)","","","",0.08847,4.23,NA,"",NA,NA,"","Sobic.002G049600.1","Chr02",4689667,4692813,3147,"-",-2398,-748
"1210","PstI.TP285646","CmN.146",7,59945480,"CmN","PS_Y(5)","C116+3293(2);C124+2560(3)","CMLM+SUPER(2);MLM+SUPER(1)","","","","GLM(2)",0.06897,8.393,NA,"",NA,NA,"","Sobic.007G164400.2","Chr07",59944610,59946235,1626,"-",-870,-755
"1211","PstI.TP290055","CmD_LI_mm.35",8,16103749,"CmD_LI_mm","PS_N(1)","C106+4202(1)","","","FASTmrEMMA(1)","","",0.0189,8.06,NA,"",NA,NA,"","Sobic.008G084200.1","Chr08",16103148,16104134,987,"+",-601,-385
"1212","PstI.TP290738","Cml_cm.44",7,59825579,"Cml_cm","PS_N(3)","C106+4202(1);C116+3293(1);C124+2560(1)","","","ISIS EM-BLASSO(3)","","",0.25,0,NA,"",NA,NA,"","Sobic.007G163800.2","Chr07",59821905,59829921,8017,"-",-3674,-4342
"1213","PstI.TP290738","Cml_cm.44",7,59825579,"Cml_cm","PS_N(3)","C106+4202(1);C116+3293(1);C124+2560(1)","","","ISIS EM-BLASSO(3)","","",0.25,0,NA,"",NA,NA,"","Sobic.007G163800.1","Chr07",59821905,59829910,8006,"-",-3674,-4331
"1214","PstI.TP292268","CmN.147",5,3450082,"CmN","PS_N(2);PS_Y(9)","C106+4202(3);C116+3293(4);C124+2560(4)","CMLM+SUPER(3);MLM+SUPER(3)","FarmCPU(2)","FASTmrMLM(1);mrMLM(1)","","GLM(1)",0.08871,65.99,NA,"",NA,NA,"","Sobic.005G037700.1","Chr05",3448722,3450155,1434,"+",-1360,-73
"1215","PstI.TP292268","CmN.147",5,3450082,"CmN","PS_N(2);PS_Y(9)","C106+4202(3);C116+3293(4);C124+2560(4)","CMLM+SUPER(3);MLM+SUPER(3)","FarmCPU(2)","FASTmrMLM(1);mrMLM(1)","","GLM(1)",0.08871,65.99,NA,"",NA,NA,"","Sobic.005G037700.1","Chr05",3448722,3450155,1434,"+",-1360,-73
"1216","PstI.TP292268","CCirc_cm.26",5,3450082,"CCirc_cm","PS_N(1)","C116+3293(1)","","FarmCPU(1)","","","",0.07759,1.049,NA,"",NA,NA,"","Sobic.005G037700.1","Chr05",3448722,3450155,1434,"+",-1360,-73
"1217","PstI.TP292268","CCirc_cm.26",5,3450082,"CCirc_cm","PS_N(1)","C116+3293(1)","","FarmCPU(1)","","","",0.07759,1.049,NA,"",NA,NA,"","Sobic.005G037700.1","Chr05",3448722,3450155,1434,"+",-1360,-73
"1218","PstI.TP292777","CmN.148",7,64227793,"CmN","PS_N(1);PS_Y(5)","C106+4202(1);C116+3293(2);C124+2560(3)","CMLM+SUPER(2);MLM+SUPER(3)","FarmCPU(1)","","","",0.05242,8.07,NA,"",NA,NA,"","Sobic.007G213500.1","Chr07",64227573,64229696,2124,"+",-220,-1903
"1219","PstI.TP298201","Bcirc_cm.44",6,1375822,"Bcirc_cm","PS_N(3)","C106+4202(3)","","","FASTmrMLM(1);ISIS EM-BLASSO(1);mrMLM(1)","","",0.0962,26.14,NA,"",NA,NA,"","Sobic.006G009200.1","Chr06",1374025,1379411,5387,"-",-1797,-3589
"1220","PstI.TP299726","CmD_LI_mm.36",9,2970040,"CmD_LI_mm","PS_N(1)","C106+4202(1)","","FarmCPU(1)","","","",0.06604,1.01,NA,"",NA,NA,"","Sobic.009G032800.1","Chr09",2969346,2970974,1629,"-",-694,-934
"1221","PstI.TP299726","CmD_LI_mm.36",9,2970040,"CmD_LI_mm","PS_N(1)","C106+4202(1)","","FarmCPU(1)","","","",0.06604,1.01,NA,"",NA,NA,"","Sobic.009G032800.1","Chr09",2969346,2970974,1629,"-",-694,-934
"1222","PstI.TP299726","CmDW_g.35",9,2970040,"CmDW_g","PS_Y(5)","C106+4202(5)","","","FASTmrMLM(1);ISIS EM-BLASSO(1);mrMLM(1);pKWmEB(1);pLARmEB(1)","","",0.066,31.22,NA,"",NA,NA,"","Sobic.009G032800.1","Chr09",2969346,2970974,1629,"-",-694,-934
"1223","PstI.TP299726","CmDW_g.35",9,2970040,"CmDW_g","PS_Y(5)","C106+4202(5)","","","FASTmrMLM(1);ISIS EM-BLASSO(1);mrMLM(1);pKWmEB(1);pLARmEB(1)","","",0.066,31.22,NA,"",NA,NA,"","Sobic.009G032800.1","Chr09",2969346,2970974,1629,"-",-694,-934
"1224","PstI.TP300328","CmN.149",3,10399618,"CmN","PS_Y(1)","124+36088im(1)","CMLM+SUPER(1)","","","","",0.1543,0.7228,NA,"",NA,NA,"","Sobic.003G115400.1","Chr03",10398208,10400656,2449,"-",-1410,-1038
"1226","PstI.TP30555","Yld_kg.16",6,58396527,"Yld","PS_N(1)","C124+2560(1)","","FarmCPU(1)","","","",0.2056,0.6224,NA,"PstI.TP140016",6,57096158,"PstI.TP140016\6\57096158","Sobic.006G243900.2","Chr06",58395638,58401831,6194,"+",-889,-5304
"1227","PstI.TP30555","Yld_kg.16",6,58396527,"Yld","PS_N(1)","C124+2560(1)","","FarmCPU(1)","","","",0.2056,0.6224,NA,"PstI.TP140016",6,57096158,"PstI.TP140016\6\57096158","Sobic.006G243900.3","Chr06",58395638,58399975,4338,"+",-889,-3448
"1228","PstI.TP308053","CCirc_cm.27",1,8330660,"CCirc_cm","PS_N(7)","C116+3293(2);C124+2560(5)","","FarmCPU(1)","FASTmrMLM(1);ISIS EM-BLASSO(1);mrMLM(2);pKWmEB(1);pLARmEB(1)","","",0.1136,15.72,NA,"",NA,NA,"","Sobic.001G107500.1","Chr01",8331250,8334555,3306,"-",590,-3895
"1230","PstI.TP315072","Yld_kg.17",8,3139123,"Yld","PS_N(1)","C106+4202(1)","","","pLARmEB(1)","","",0.3774,6.875,NA,"PstI.TP30555",6,58396527,"PstI.TP30555\6\58396527","Sobic.008G034000.2","Chr08",3138888,3140962,2075,"-",-235,-1839
"1231","PstI.TP315072","Yld_kg.17",8,3139123,"Yld","PS_N(1)","C106+4202(1)","","","pLARmEB(1)","","",0.3774,6.875,NA,"PstI.TP30555",6,58396527,"PstI.TP30555\6\58396527","Sobic.008G034000.2","Chr08",3138888,3140962,2075,"-",-235,-1839
"1232","PstI.TP315072","Yld_kg.17",8,3139123,"Yld","PS_N(1)","C106+4202(1)","","","pLARmEB(1)","","",0.3774,6.875,NA,"PstI.TP30555",6,58396527,"PstI.TP30555\6\58396527","Sobic.008G034000.2","Chr08",3138888,3140962,2075,"-",-235,-1839
"1233","PstI.TP315072","CmD_LI_mm.37",8,3139123,"CmD_LI_mm","PS_N(1)","C106+4202(1)","","FarmCPU(1)","","","",0.3774,5.592,NA,"",NA,NA,"","Sobic.008G034000.2","Chr08",3138888,3140962,2075,"-",-235,-1839
"1234","PstI.TP315072","CmD_LI_mm.37",8,3139123,"CmD_LI_mm","PS_N(1)","C106+4202(1)","","FarmCPU(1)","","","",0.3774,5.592,NA,"",NA,NA,"","Sobic.008G034000.2","Chr08",3138888,3140962,2075,"-",-235,-1839
"1235","PstI.TP315072","CmD_LI_mm.37",8,3139123,"CmD_LI_mm","PS_N(1)","C106+4202(1)","","FarmCPU(1)","","","",0.3774,5.592,NA,"",NA,NA,"","Sobic.008G034000.2","Chr08",3138888,3140962,2075,"-",-235,-1839
"1236","PstI.TP315072","CCirc_cm.28",8,3139123,"CCirc_cm","PS_N(3)","C106+4202(3)","","FarmCPU(1)","FASTmrMLM(1);pKWmEB(1)","","",0.3824,6.332,NA,"",NA,NA,"","Sobic.008G034000.2","Chr08",3138888,3140962,2075,"-",-235,-1839
"1237","PstI.TP315072","CCirc_cm.28",8,3139123,"CCirc_cm","PS_N(3)","C106+4202(3)","","FarmCPU(1)","FASTmrMLM(1);pKWmEB(1)","","",0.3824,6.332,NA,"",NA,NA,"","Sobic.008G034000.2","Chr08",3138888,3140962,2075,"-",-235,-1839
"1238","PstI.TP315072","CCirc_cm.28",8,3139123,"CCirc_cm","PS_N(3)","C106+4202(3)","","FarmCPU(1)","FASTmrMLM(1);pKWmEB(1)","","",0.3824,6.332,NA,"",NA,NA,"","Sobic.008G034000.2","Chr08",3138888,3140962,2075,"-",-235,-1839
"1239","PstI.TP317521","CmN.151",4,66042591,"CmN","PS_Y(2)","124+36088im(2)","CMLM+SUPER(1);MLM+SUPER(1)","","","","",0.1006,0.1183,NA,"",NA,NA,"","Sobic.004G325000.1","Chr04",66040983,66044797,3815,"-",-1608,-2206
"1244","PstI.TP326891","Bcirc_cm.46",1,74036176,"Bcirc_cm","PS_Y(1)","124+36088im(1)","","","pKWmEB(1)","","",0.2298,2.835,NA,"",NA,NA,"","Sobic.001G467200.1","Chr01",74033170,74037753,4584,"+",-3006,-1577
"1245","PstI.TP326891","Bcirc_cm.46",1,74036176,"Bcirc_cm","PS_Y(1)","124+36088im(1)","","","pKWmEB(1)","","",0.2298,2.835,NA,"",NA,NA,"","Sobic.001G467200.2","Chr01",74033170,74037753,4584,"+",-3006,-1577
"1248","PstI.TP344899","CmN.156",7,61484903,"CmN","PS_Y(3)","124+36088im(3)","CMLM+SUPER(1);MLM+SUPER(1)","","","","GLM(1)",0.05641,7.428,NA,"",NA,NA,"","Sobic.007G181600.2","Chr07",61481623,61484493,2871,"-",-3280,410
"1249","PstI.TP344899","CmN.156",7,61484903,"CmN","PS_Y(3)","124+36088im(3)","CMLM+SUPER(1);MLM+SUPER(1)","","","","GLM(1)",0.05641,7.428,NA,"",NA,NA,"","Sobic.007G181600.1","Chr07",61481623,61484493,2871,"-",-3280,410
"1250","PstI.TP346744","CmD_BI_mm.36",3,52014149,"CmD_BI_mm","PS_Y(1)","C116+3293(1)","","","ISIS EM-BLASSO(1)","","",0.2629,8.987,NA,"",NA,NA,"","Sobic.003G195900.1","Chr03",51991307,52014851,23545,"-",-22842,-702
"1251","PstI.TP350262","CmDW_g.37",8,2905616,"CmDW_g","PS_N(1)","C124+2560(1)","","FarmCPU(1)","","","",0.4839,1.015,NA,"",NA,NA,"","Sobic.008G032600.1","Chr08",2903619,2906189,2571,"-",-1997,-573
"1256","PstI.TP371473","CmD_BI_mm.37",10,59883760,"CmD_BI_mm","PS_Y(1)","C124+2560(1)","","","mrMLM(1)","","",0.0164,0,NA,"",NA,NA,"","Sobic.010G262300.1","Chr10",59880031,59884762,4732,"-",-3729,-1002
"1257","PstI.TP374511","CmDW_g.38",1,3576636,"CmDW_g","PS_Y(1)","C106+4202(1)","CMLM+SUPER(1)","","","","",0.1368,1.076,NA,"",NA,NA,"","Sobic.001G048900.4","Chr01",3574708,3578692,3985,"+",-1928,-2056
"1258","PstI.TP374511","CmDW_g.38",1,3576636,"CmDW_g","PS_Y(1)","C106+4202(1)","CMLM+SUPER(1)","","","","",0.1368,1.076,NA,"",NA,NA,"","Sobic.001G048900.3","Chr01",3574706,3578692,3987,"+",-1930,-2056
"1259","PstI.TP374511","CmDW_g.38",1,3576636,"CmDW_g","PS_Y(1)","C106+4202(1)","CMLM+SUPER(1)","","","","",0.1368,1.076,NA,"",NA,NA,"","Sobic.001G048900.2","Chr01",3574708,3578692,3985,"+",-1928,-2056
"1260","PstI.TP374511","CmDW_g.38",1,3576636,"CmDW_g","PS_Y(1)","C106+4202(1)","CMLM+SUPER(1)","","","","",0.1368,1.076,NA,"",NA,NA,"","Sobic.001G048900.1","Chr01",3574708,3578692,3985,"+",-1928,-2056
"1261","PstI.TP376790","CmD_BI_mm.38",1,28681754,"CmD_BI_mm","PS_N(1)","124+36088im(1)","","FarmCPU(1)","","","",0.2636,6.383,NA,"",NA,NA,"","Sobic.001G254700.1","Chr01",28682631,28683824,1194,"+",877,-2070
"1262","PstI.TP376790","CmD_BI_mm.38",1,28681754,"CmD_BI_mm","PS_N(1)","124+36088im(1)","","FarmCPU(1)","","","",0.2636,6.383,NA,"",NA,NA,"","Sobic.001G254700.2","Chr01",28682631,28683824,1194,"+",877,-2070
"1263","PstI.TP376790","CmD_BI_mm.38",1,28681754,"CmD_BI_mm","PS_N(1)","124+36088im(1)","","FarmCPU(1)","","","",0.2636,6.383,NA,"",NA,NA,"","Sobic.001G254700.1","Chr01",28682631,28683824,1194,"+",877,-2070
"1264","PstI.TP376790","CmD_BI_mm.38",1,28681754,"CmD_BI_mm","PS_N(1)","124+36088im(1)","","FarmCPU(1)","","","",0.2636,6.383,NA,"",NA,NA,"","Sobic.001G254700.2","Chr01",28682631,28683824,1194,"+",877,-2070
"1265","PstI.TP376790","CmD_LI_mm.38",1,28681754,"CmD_LI_mm","PS_N(1)","124+36088im(1)","","FarmCPU(1)","","","",0.2636,3.576,NA,"",NA,NA,"","Sobic.001G254700.1","Chr01",28682631,28683824,1194,"+",877,-2070
"1266","PstI.TP376790","CmD_LI_mm.38",1,28681754,"CmD_LI_mm","PS_N(1)","124+36088im(1)","","FarmCPU(1)","","","",0.2636,3.576,NA,"",NA,NA,"","Sobic.001G254700.2","Chr01",28682631,28683824,1194,"+",877,-2070
"1267","PstI.TP376790","CmD_LI_mm.38",1,28681754,"CmD_LI_mm","PS_N(1)","124+36088im(1)","","FarmCPU(1)","","","",0.2636,3.576,NA,"",NA,NA,"","Sobic.001G254700.1","Chr01",28682631,28683824,1194,"+",877,-2070
"1268","PstI.TP376790","CmD_LI_mm.38",1,28681754,"CmD_LI_mm","PS_N(1)","124+36088im(1)","","FarmCPU(1)","","","",0.2636,3.576,NA,"",NA,NA,"","Sobic.001G254700.2","Chr01",28682631,28683824,1194,"+",877,-2070
"1269","PstI.TP384804","CmD_BI_mm.39",2,65029446,"CmD_BI_mm","PS_N(2);PS_Y(1)","C116+3293(1);C124+2560(2)","","FarmCPU(1)","pKWmEB(2)","","",0.4267,6.257,NA,"",NA,NA,"","Sobic.002G265166.1","Chr02",65028763,65029198,436,"-",-683,248
"1270","PstI.TP384804","CmD_BI_mm.39",2,65029446,"CmD_BI_mm","PS_N(2);PS_Y(1)","C116+3293(1);C124+2560(2)","","FarmCPU(1)","pKWmEB(2)","","",0.4267,6.257,NA,"",NA,NA,"","Sobic.002G265166.1","Chr02",65028763,65029198,436,"-",-683,248
"1271","PstI.TP384804","CmDW_g.39",2,65029446,"CmDW_g","PS_N(1)","C124+2560(1)","","FarmCPU(1)","","","",0.4194,0.001305,NA,"",NA,NA,"","Sobic.002G265166.1","Chr02",65028763,65029198,436,"-",-683,248
"1272","PstI.TP384804","CmDW_g.39",2,65029446,"CmDW_g","PS_N(1)","C124+2560(1)","","FarmCPU(1)","","","",0.4194,0.001305,NA,"",NA,NA,"","Sobic.002G265166.1","Chr02",65028763,65029198,436,"-",-683,248
"1273","PstI.TP385678","CmN.159",2,45782629,"CmN","PS_Y(1)","124+36088im(1)","","","","","GLM(1)",0.3324,7.058,NA,"",NA,NA,"","Sobic.002G153200.2","Chr02",45781720,45783353,1634,"+",-909,-724
"1274","PstI.TP387329","CCirc_cm.29",9,55961556,"CCirc_cm","PS_Y(1)","C124+2560(1)","CMLM+SUPER(1)","","","","",0.1855,13.41,NA,"",NA,NA,"","Sobic.009G214600.1","Chr09",55959390,55962236,2847,"+",-2166,-680
"1275","PstI.TP392482","CCirc_cm.30",1,17611146,"CCirc_cm","PS_N(3);PS_Y(1)","C106+4202(3);C116+3293(1)","","","FASTmrEMMA(2);mrMLM(2)","","",0.015,8.831,NA,"",NA,NA,"","Sobic.001G196000.1","Chr01",17610486,17622072,11587,"+",-660,-10926
"1276","PstI.TP393536","CmN.160",1,66632271,"CmN","PS_N(2)","C124+2560(2)","","","ISIS EM-BLASSO(1);pLARmEB(1)","","",0.1967,4.489,NA,"",NA,NA,"","Sobic.001G378200.1","Chr01",66631252,66633147,1896,"-",-1019,-876
"1277","PstI.TP393536","CmN.160",1,66632271,"CmN","PS_N(2)","C124+2560(2)","","","ISIS EM-BLASSO(1);pLARmEB(1)","","",0.1967,4.489,NA,"",NA,NA,"","Sobic.001G378200.1","Chr01",66631252,66633147,1896,"-",-1019,-876
"1278","PstI.TP393536","CCirc_cm.31",1,66632271,"CCirc_cm","PS_N(1)","C106+4202(1)","","FarmCPU(1)","","","",0.217,0.8616,NA,"",NA,NA,"","Sobic.001G378200.1","Chr01",66631252,66633147,1896,"-",-1019,-876
"1279","PstI.TP393536","CCirc_cm.31",1,66632271,"CCirc_cm","PS_N(1)","C106+4202(1)","","FarmCPU(1)","","","",0.217,0.8616,NA,"",NA,NA,"","Sobic.001G378200.1","Chr01",66631252,66633147,1896,"-",-1019,-876
"1280","PstI.TP39944","CmD_BI_mm.40",4,3373898,"CmD_BI_mm","PS_Y(1)","124+36088im(1)","","","ISIS EM-BLASSO(1)","","",0.2419,5.767,NA,"",NA,NA,"","Sobic.004G041100.1","Chr04",3371442,3376139,4698,"-",-2456,-2241
"1283","PstI.TP402429","CmDW_g.40",1,4990016,"CmDW_g","PS_N(1)","C106+4202(1)","","FarmCPU(1)","","","",0.07075,1.699,NA,"",NA,NA,"","Sobic.001G065600.1","Chr01",4988890,4994406,5517,"-",-1126,-4390
"1285","PstI.TP410206","Yld_kg.18",1,8001262,"Yld","PS_Y(1)","124+36088im(1)","","","ISIS EM-BLASSO(1)","","",0.1129,7.715,NA,"PstI.TP315072",8,3139123,"PstI.TP315072\8\3139123","Sobic.001G104500.1","Chr01",8001993,8006115,4123,"-",731,-4853
"1286","PstI.TP410209","CmN.162",3,69602329,"CmN","PS_Y(1)","124+36088im(1)","CMLM+SUPER(1)","","","","",0.3825,1.454,NA,"",NA,NA,"","Sobic.003G382500.2","Chr03",69598917,69603224,4308,"-",-3412,-895
"1287","PstI.TP410209","CmN.162",3,69602329,"CmN","PS_Y(1)","124+36088im(1)","CMLM+SUPER(1)","","","","",0.3825,1.454,NA,"",NA,NA,"","Sobic.003G382500.1","Chr03",69598917,69603224,4308,"-",-3412,-895
"1294","PstI.TP418863","CmN.164",6,59970341,"CmN","PS_N(1)","C124+2560(1)","","FarmCPU(1)","","","",0.1008,0.1529,NA,"",NA,NA,"","Sobic.006G265900.1","Chr06",59968764,59971233,2470,"+",-1577,-892
"1295","PstI.TP424396","Yld_kg.19",3,19276647,"Yld","PS_N(1)","124+36088im(1)","","","mrMLM(1)","","",0.4713,4.973,NA,"PstI.TP410206",1,8001262,"PstI.TP410206\1\8001262","Sobic.003G161500.3","Chr03",19272846,19277057,4212,"-",-3801,-410
"1296","PstI.TP425751","CmN.165",2,71461615,"CmN","PS_Y(2)","124+36088im(2)","CMLM+SUPER(1);MLM+SUPER(1)","","","","",0.2892,0.7471,NA,"",NA,NA,"","Sobic.002G350400.2","Chr02",71460150,71463561,3412,"+",-1465,-1946
"1297","PstI.TP425751","CmN.165",2,71461615,"CmN","PS_Y(2)","124+36088im(2)","CMLM+SUPER(1);MLM+SUPER(1)","","","","",0.2892,0.7471,NA,"",NA,NA,"","Sobic.002G350400.1","Chr02",71460150,71463561,3412,"+",-1465,-1946
"1298","PstI.TP426528","Bcirc_cm.48",2,75226780,"Bcirc_cm","PS_N(1)","C116+3293(1)","","FarmCPU(1)","","","",0.3879,20.02,NA,"",NA,NA,"","Sobic.002G401700.1","Chr02",75226896,75229771,2876,"+",116,-2991
"1306","PstI.TP433824","CmN.167",3,57313153,"CmN","PS_Y(2)","124+36088im(2)","CMLM+SUPER(1);MLM+SUPER(1)","","","","",0.08895,0.02433,NA,"",NA,NA,"","Sobic.003G234400.4","Chr03",57311562,57316959,5398,"+",-1591,-3806
"1307","PstI.TP434866","CmD_BI_mm.44",6,3914949,"CmD_BI_mm","PS_Y(1)","124+36088im(1)","","","mrMLM(1)","","",0.1434,9.785,NA,"",NA,NA,"","Sobic.006G022200.1","Chr06",3913531,3923044,9514,"+",-1418,-8095
"1308","PstI.TP434866","CmD_BI_mm.44",6,3914949,"CmD_BI_mm","PS_Y(1)","124+36088im(1)","","","mrMLM(1)","","",0.1434,9.785,NA,"",NA,NA,"","Sobic.006G022200.1","Chr06",3913531,3923044,9514,"+",-1418,-8095
"1309","PstI.TP434866","CmD_BI_mm.44",6,3914949,"CmD_BI_mm","PS_Y(1)","124+36088im(1)","","","mrMLM(1)","","",0.1434,9.785,NA,"",NA,NA,"","Sobic.006G022200.1","Chr06",3913531,3923044,9514,"+",-1418,-8095
"1310","PstI.TP434866","Bcirc_cm.49",6,3914949,"Bcirc_cm","PS_N(2);PS_Y(1)","124+36088im(3)","","","ISIS EM-BLASSO(1);mrMLM(1);pKWmEB(1)","","",0.1452,25.09,NA,"",NA,NA,"","Sobic.006G022200.1","Chr06",3913531,3923044,9514,"+",-1418,-8095
"1311","PstI.TP434866","Bcirc_cm.49",6,3914949,"Bcirc_cm","PS_N(2);PS_Y(1)","124+36088im(3)","","","ISIS EM-BLASSO(1);mrMLM(1);pKWmEB(1)","","",0.1452,25.09,NA,"",NA,NA,"","Sobic.006G022200.1","Chr06",3913531,3923044,9514,"+",-1418,-8095
"1312","PstI.TP434866","Bcirc_cm.49",6,3914949,"Bcirc_cm","PS_N(2);PS_Y(1)","124+36088im(3)","","","ISIS EM-BLASSO(1);mrMLM(1);pKWmEB(1)","","",0.1452,25.09,NA,"",NA,NA,"","Sobic.006G022200.1","Chr06",3913531,3923044,9514,"+",-1418,-8095
"1313","PstI.TP434866","Yld_kg.20",6,3914949,"Yld","PS_N(3)","124+36088im(3)","","","FASTmrMLM(1)mrMLM(1)pLARmEB(1)","","",0.1452,19.54,NA,"PstI.TP424396",3,19276647,"PstI.TP424396\3\19276647","Sobic.006G022200.1","Chr06",3913531,3923044,9514,"+",-1418,-8095
"1314","PstI.TP434866","Yld_kg.20",6,3914949,"Yld","PS_N(3)","124+36088im(3)","","","FASTmrMLM(1)mrMLM(1)pLARmEB(1)","","",0.1452,19.54,NA,"PstI.TP424396",3,19276647,"PstI.TP424396\3\19276647","Sobic.006G022200.1","Chr06",3913531,3923044,9514,"+",-1418,-8095
"1315","PstI.TP434866","Yld_kg.20",6,3914949,"Yld","PS_N(3)","124+36088im(3)","","","FASTmrMLM(1)mrMLM(1)pLARmEB(1)","","",0.1452,19.54,NA,"PstI.TP424396",3,19276647,"PstI.TP424396\3\19276647","Sobic.006G022200.1","Chr06",3913531,3923044,9514,"+",-1418,-8095
"1317","PstI.TP446073","CmD_BI_mm.45",7,10755390,"CmD_BI_mm","PS_N(1)","C124+2560(1)","","","mrMLM(1)","","",0.0615,0,NA,"",NA,NA,"","Sobic.007G085300.1","Chr07",10754655,10756113,1459,"-",-735,-723
"1319","PstI.TP452173","CmD_BI_mm.46",2,10527282,"CmD_BI_mm","PS_Y(2)","C116+3293(2)","","","FASTmrMLM(1);ISIS EM-BLASSO(1)","","",0.4784,14.69,NA,"",NA,NA,"","Sobic.002G098500.2","Chr02",10523637,10527896,4260,"-",-3645,-614
"1320","PstI.TP452173","CmD_BI_mm.46",2,10527282,"CmD_BI_mm","PS_Y(2)","C116+3293(2)","","","FASTmrMLM(1);ISIS EM-BLASSO(1)","","",0.4784,14.69,NA,"",NA,NA,"","Sobic.002G098500.2","Chr02",10523637,10527896,4260,"-",-3645,-614
"1321","PstI.TP452173","Yld_kg.21",2,10527282,"Yld","PS_N(1)","C116+3293(1)","","FarmCPU(1)","","","",0.4784,0.4677,NA,"PstI.TP434866",6,3914949,"PstI.TP434866\6\3914949","Sobic.002G098500.2","Chr02",10523637,10527896,4260,"-",-3645,-614
"1322","PstI.TP452173","Yld_kg.21",2,10527282,"Yld","PS_N(1)","C116+3293(1)","","FarmCPU(1)","","","",0.4784,0.4677,NA,"PstI.TP434866",6,3914949,"PstI.TP434866\6\3914949","Sobic.002G098500.2","Chr02",10523637,10527896,4260,"-",-3645,-614
"1323","PstI.TP454285","CmN.169",2,63153549,"CmN","PS_Y(1)","C116+3293(1)","CMLM+SUPER(1)","","","","",0.06466,1.517,NA,"",NA,NA,"","Sobic.002G242200.1","Chr02",63150942,63153974,3033,"-",-2607,-425
"1324","PstI.TP454285","CmN.169",2,63153549,"CmN","PS_Y(1)","C116+3293(1)","CMLM+SUPER(1)","","","","",0.06466,1.517,NA,"",NA,NA,"","Sobic.002G242200.1","Chr02",63150942,63153974,3033,"-",-2607,-425
"1325","PstI.TP454285","CmD_BI_mm.47",2,63153549,"CmD_BI_mm","PS_N(1)","C124+2560(1)","","FarmCPU(1)","","","",0.06452,11.45,NA,"",NA,NA,"","Sobic.002G242200.1","Chr02",63150942,63153974,3033,"-",-2607,-425
"1326","PstI.TP454285","CmD_BI_mm.47",2,63153549,"CmD_BI_mm","PS_N(1)","C124+2560(1)","","FarmCPU(1)","","","",0.06452,11.45,NA,"",NA,NA,"","Sobic.002G242200.1","Chr02",63150942,63153974,3033,"-",-2607,-425
"1328","PstI.TP457393","CmDW_g.43",1,60097068,"CmDW_g","PS_N(9)","C116+3293(5);C124+2560(4)","","FarmCPU(1)","FASTmrEMMA(2);FASTmrMLM(2);ISIS EM-BLASSO(1);mrMLM(2);pKWmEB(1)","","",0.246,37.86,NA,"",NA,NA,"","Sobic.001G313800.1","Chr01",60096593,60097417,825,"+",-475,-349
"1329","PstI.TP457393","CmDW_g.43",1,60097068,"CmDW_g","PS_N(9)","C116+3293(5);C124+2560(4)","","FarmCPU(1)","FASTmrEMMA(2);FASTmrMLM(2);ISIS EM-BLASSO(1);mrMLM(2);pKWmEB(1)","","",0.246,37.86,NA,"",NA,NA,"","Sobic.001G313800.1","Chr01",60096593,60097417,825,"+",-475,-349
"1330","PstI.TP457393","CmDW_g.43",1,60097068,"CmDW_g","PS_N(9)","C116+3293(5);C124+2560(4)","","FarmCPU(1)","FASTmrEMMA(2);FASTmrMLM(2);ISIS EM-BLASSO(1);mrMLM(2);pKWmEB(1)","","",0.246,37.86,NA,"",NA,NA,"","Sobic.001G313800.1","Chr01",60096593,60097417,825,"+",-475,-349
"1331","PstI.TP457393","CmDW_g.43",1,60097068,"CmDW_g","PS_N(9)","C116+3293(5);C124+2560(4)","","FarmCPU(1)","FASTmrEMMA(2);FASTmrMLM(2);ISIS EM-BLASSO(1);mrMLM(2);pKWmEB(1)","","",0.246,37.86,NA,"",NA,NA,"","Sobic.001G313800.1","Chr01",60096593,60097417,825,"+",-475,-349
"1332","PstI.TP457393","CmDW_g.43",1,60097068,"CmDW_g","PS_N(9)","C116+3293(5);C124+2560(4)","","FarmCPU(1)","FASTmrEMMA(2);FASTmrMLM(2);ISIS EM-BLASSO(1);mrMLM(2);pKWmEB(1)","","",0.246,37.86,NA,"",NA,NA,"","Sobic.001G313800.1","Chr01",60096593,60097417,825,"+",-475,-349
"1333","PstI.TP457393","CmDW_g.43",1,60097068,"CmDW_g","PS_N(9)","C116+3293(5);C124+2560(4)","","FarmCPU(1)","FASTmrEMMA(2);FASTmrMLM(2);ISIS EM-BLASSO(1);mrMLM(2);pKWmEB(1)","","",0.246,37.86,NA,"",NA,NA,"","Sobic.001G313800.1","Chr01",60096593,60097417,825,"+",-475,-349
"1334","PstI.TP457393","Yld_kg.22",1,60097068,"Yld","PS_N(2)","C124+2560(2)","","FarmCPU(1)","FASTmrEMMA(1)","","",0.246,31.02,NA,"PstI.TP452173",2,10527282,"PstI.TP452173\2\10527282","Sobic.001G313800.1","Chr01",60096593,60097417,825,"+",-475,-349
"1335","PstI.TP457393","Yld_kg.22",1,60097068,"Yld","PS_N(2)","C124+2560(2)","","FarmCPU(1)","FASTmrEMMA(1)","","",0.246,31.02,NA,"PstI.TP452173",2,10527282,"PstI.TP452173\2\10527282","Sobic.001G313800.1","Chr01",60096593,60097417,825,"+",-475,-349
"1336","PstI.TP457393","Yld_kg.22",1,60097068,"Yld","PS_N(2)","C124+2560(2)","","FarmCPU(1)","FASTmrEMMA(1)","","",0.246,31.02,NA,"PstI.TP452173",2,10527282,"PstI.TP452173\2\10527282","Sobic.001G313800.1","Chr01",60096593,60097417,825,"+",-475,-349
"1337","PstI.TP457393","Yld_kg.22",1,60097068,"Yld","PS_N(2)","C124+2560(2)","","FarmCPU(1)","FASTmrEMMA(1)","","",0.246,31.02,NA,"PstI.TP452173",2,10527282,"PstI.TP452173\2\10527282","Sobic.001G313800.1","Chr01",60096593,60097417,825,"+",-475,-349
"1338","PstI.TP457393","Yld_kg.22",1,60097068,"Yld","PS_N(2)","C124+2560(2)","","FarmCPU(1)","FASTmrEMMA(1)","","",0.246,31.02,NA,"PstI.TP452173",2,10527282,"PstI.TP452173\2\10527282","Sobic.001G313800.1","Chr01",60096593,60097417,825,"+",-475,-349
"1339","PstI.TP457393","Yld_kg.22",1,60097068,"Yld","PS_N(2)","C124+2560(2)","","FarmCPU(1)","FASTmrEMMA(1)","","",0.246,31.02,NA,"PstI.TP452173",2,10527282,"PstI.TP452173\2\10527282","Sobic.001G313800.1","Chr01",60096593,60097417,825,"+",-475,-349
"1340","PstI.TP457393","CmD_LI_mm.41",1,60097068,"CmD_LI_mm","PS_N(6)","C116+3293(2);C124+2560(4)","","FarmCPU(1)","FASTmrEMMA(2);FASTmrMLM(1);mrMLM(2)","","",0.246,30.46,NA,"",NA,NA,"","Sobic.001G313800.1","Chr01",60096593,60097417,825,"+",-475,-349
"1341","PstI.TP457393","CmD_LI_mm.41",1,60097068,"CmD_LI_mm","PS_N(6)","C116+3293(2);C124+2560(4)","","FarmCPU(1)","FASTmrEMMA(2);FASTmrMLM(1);mrMLM(2)","","",0.246,30.46,NA,"",NA,NA,"","Sobic.001G313800.1","Chr01",60096593,60097417,825,"+",-475,-349
"1342","PstI.TP457393","CmD_LI_mm.41",1,60097068,"CmD_LI_mm","PS_N(6)","C116+3293(2);C124+2560(4)","","FarmCPU(1)","FASTmrEMMA(2);FASTmrMLM(1);mrMLM(2)","","",0.246,30.46,NA,"",NA,NA,"","Sobic.001G313800.1","Chr01",60096593,60097417,825,"+",-475,-349
"1343","PstI.TP457393","CmD_LI_mm.41",1,60097068,"CmD_LI_mm","PS_N(6)","C116+3293(2);C124+2560(4)","","FarmCPU(1)","FASTmrEMMA(2);FASTmrMLM(1);mrMLM(2)","","",0.246,30.46,NA,"",NA,NA,"","Sobic.001G313800.1","Chr01",60096593,60097417,825,"+",-475,-349
"1344","PstI.TP457393","CmD_LI_mm.41",1,60097068,"CmD_LI_mm","PS_N(6)","C116+3293(2);C124+2560(4)","","FarmCPU(1)","FASTmrEMMA(2);FASTmrMLM(1);mrMLM(2)","","",0.246,30.46,NA,"",NA,NA,"","Sobic.001G313800.1","Chr01",60096593,60097417,825,"+",-475,-349
"1345","PstI.TP457393","CmD_LI_mm.41",1,60097068,"CmD_LI_mm","PS_N(6)","C116+3293(2);C124+2560(4)","","FarmCPU(1)","FASTmrEMMA(2);FASTmrMLM(1);mrMLM(2)","","",0.246,30.46,NA,"",NA,NA,"","Sobic.001G313800.1","Chr01",60096593,60097417,825,"+",-475,-349
"1346","PstI.TP457393","CmN.171",1,60097068,"CmN","PS_N(10)","C106+4202(2);C116+3293(4);C124+2560(4)","","FarmCPU(2)","FASTmrEMMA(2);FASTmrMLM(2);mrMLM(3);pKWmEB(1)","","",0.246,30.22,NA,"",NA,NA,"","Sobic.001G313800.1","Chr01",60096593,60097417,825,"+",-475,-349
"1347","PstI.TP457393","CmN.171",1,60097068,"CmN","PS_N(10)","C106+4202(2);C116+3293(4);C124+2560(4)","","FarmCPU(2)","FASTmrEMMA(2);FASTmrMLM(2);mrMLM(3);pKWmEB(1)","","",0.246,30.22,NA,"",NA,NA,"","Sobic.001G313800.1","Chr01",60096593,60097417,825,"+",-475,-349
"1348","PstI.TP457393","CmN.171",1,60097068,"CmN","PS_N(10)","C106+4202(2);C116+3293(4);C124+2560(4)","","FarmCPU(2)","FASTmrEMMA(2);FASTmrMLM(2);mrMLM(3);pKWmEB(1)","","",0.246,30.22,NA,"",NA,NA,"","Sobic.001G313800.1","Chr01",60096593,60097417,825,"+",-475,-349
"1349","PstI.TP457393","CmN.171",1,60097068,"CmN","PS_N(10)","C106+4202(2);C116+3293(4);C124+2560(4)","","FarmCPU(2)","FASTmrEMMA(2);FASTmrMLM(2);mrMLM(3);pKWmEB(1)","","",0.246,30.22,NA,"",NA,NA,"","Sobic.001G313800.1","Chr01",60096593,60097417,825,"+",-475,-349
"1350","PstI.TP457393","CmN.171",1,60097068,"CmN","PS_N(10)","C106+4202(2);C116+3293(4);C124+2560(4)","","FarmCPU(2)","FASTmrEMMA(2);FASTmrMLM(2);mrMLM(3);pKWmEB(1)","","",0.246,30.22,NA,"",NA,NA,"","Sobic.001G313800.1","Chr01",60096593,60097417,825,"+",-475,-349
"1351","PstI.TP457393","CmN.171",1,60097068,"CmN","PS_N(10)","C106+4202(2);C116+3293(4);C124+2560(4)","","FarmCPU(2)","FASTmrEMMA(2);FASTmrMLM(2);mrMLM(3);pKWmEB(1)","","",0.246,30.22,NA,"",NA,NA,"","Sobic.001G313800.1","Chr01",60096593,60097417,825,"+",-475,-349
"1352","PstI.TP457393","Bcirc_cm.50",1,60097068,"Bcirc_cm","PS_N(1)","C116+3293(1)","","","FASTmrEMMA(1)","","",0.2198,12.16,NA,"",NA,NA,"","Sobic.001G313800.1","Chr01",60096593,60097417,825,"+",-475,-349
"1353","PstI.TP457393","Bcirc_cm.50",1,60097068,"Bcirc_cm","PS_N(1)","C116+3293(1)","","","FASTmrEMMA(1)","","",0.2198,12.16,NA,"",NA,NA,"","Sobic.001G313800.1","Chr01",60096593,60097417,825,"+",-475,-349
"1354","PstI.TP457393","Bcirc_cm.50",1,60097068,"Bcirc_cm","PS_N(1)","C116+3293(1)","","","FASTmrEMMA(1)","","",0.2198,12.16,NA,"",NA,NA,"","Sobic.001G313800.1","Chr01",60096593,60097417,825,"+",-475,-349
"1355","PstI.TP457393","Bcirc_cm.50",1,60097068,"Bcirc_cm","PS_N(1)","C116+3293(1)","","","FASTmrEMMA(1)","","",0.2198,12.16,NA,"",NA,NA,"","Sobic.001G313800.1","Chr01",60096593,60097417,825,"+",-475,-349
"1356","PstI.TP457393","Bcirc_cm.50",1,60097068,"Bcirc_cm","PS_N(1)","C116+3293(1)","","","FASTmrEMMA(1)","","",0.2198,12.16,NA,"",NA,NA,"","Sobic.001G313800.1","Chr01",60096593,60097417,825,"+",-475,-349
"1357","PstI.TP457393","Bcirc_cm.50",1,60097068,"Bcirc_cm","PS_N(1)","C116+3293(1)","","","FASTmrEMMA(1)","","",0.2198,12.16,NA,"",NA,NA,"","Sobic.001G313800.1","Chr01",60096593,60097417,825,"+",-475,-349
"1358","PstI.TP457393","CCirc_cm.33",1,60097068,"CCirc_cm","PS_N(4)","C116+3293(1);C124+2560(3)","","","FASTmrEMMA(1);FASTmrMLM(1);mrMLM(2)","","",0.2563,32.87,NA,"",NA,NA,"","Sobic.001G313800.1","Chr01",60096593,60097417,825,"+",-475,-349
"1359","PstI.TP457393","CCirc_cm.33",1,60097068,"CCirc_cm","PS_N(4)","C116+3293(1);C124+2560(3)","","","FASTmrEMMA(1);FASTmrMLM(1);mrMLM(2)","","",0.2563,32.87,NA,"",NA,NA,"","Sobic.001G313800.1","Chr01",60096593,60097417,825,"+",-475,-349
"1360","PstI.TP457393","CCirc_cm.33",1,60097068,"CCirc_cm","PS_N(4)","C116+3293(1);C124+2560(3)","","","FASTmrEMMA(1);FASTmrMLM(1);mrMLM(2)","","",0.2563,32.87,NA,"",NA,NA,"","Sobic.001G313800.1","Chr01",60096593,60097417,825,"+",-475,-349
"1361","PstI.TP457393","CCirc_cm.33",1,60097068,"CCirc_cm","PS_N(4)","C116+3293(1);C124+2560(3)","","","FASTmrEMMA(1);FASTmrMLM(1);mrMLM(2)","","",0.2563,32.87,NA,"",NA,NA,"","Sobic.001G313800.1","Chr01",60096593,60097417,825,"+",-475,-349
"1362","PstI.TP457393","CCirc_cm.33",1,60097068,"CCirc_cm","PS_N(4)","C116+3293(1);C124+2560(3)","","","FASTmrEMMA(1);FASTmrMLM(1);mrMLM(2)","","",0.2563,32.87,NA,"",NA,NA,"","Sobic.001G313800.1","Chr01",60096593,60097417,825,"+",-475,-349
"1363","PstI.TP457393","CCirc_cm.33",1,60097068,"CCirc_cm","PS_N(4)","C116+3293(1);C124+2560(3)","","","FASTmrEMMA(1);FASTmrMLM(1);mrMLM(2)","","",0.2563,32.87,NA,"",NA,NA,"","Sobic.001G313800.1","Chr01",60096593,60097417,825,"+",-475,-349
"1364","PstI.TP458366","CCirc_cm.34",8,50730872,"CCirc_cm","PS_N(1)","C106+4202(1)","","FarmCPU(1)","","","",0.07547,0.8657,NA,"",NA,NA,"","Sobic.008G109200.1","Chr08",50729348,50731114,1767,"-",-1524,-242
"1365","PstI.TP459121","Cml_cm.49",1,78162835,"Cml_cm","PS_N(2)","C106+4202(1);C124+2560(1)","","","pKWmEB(1);pLARmEB(1)","","",0.0708,0,NA,"",NA,NA,"","Sobic.001G514500.8","Chr01",78162706,78168598,5893,"-",-129,-5763
"1366","PstI.TP459121","Cml_cm.49",1,78162835,"Cml_cm","PS_N(2)","C106+4202(1);C124+2560(1)","","","pKWmEB(1);pLARmEB(1)","","",0.0708,0,NA,"",NA,NA,"","Sobic.001G514500.8","Chr01",78162706,78168598,5893,"-",-129,-5763
"1367","PstI.TP459121","Cml_cm.49",1,78162835,"Cml_cm","PS_N(2)","C106+4202(1);C124+2560(1)","","","pKWmEB(1);pLARmEB(1)","","",0.0708,0,NA,"",NA,NA,"","Sobic.001G514500.4","Chr01",78162706,78168595,5890,"-",-129,-5760
"1368","PstI.TP459121","Cml_cm.49",1,78162835,"Cml_cm","PS_N(2)","C106+4202(1);C124+2560(1)","","","pKWmEB(1);pLARmEB(1)","","",0.0708,0,NA,"",NA,NA,"","Sobic.001G514500.7","Chr01",78162706,78168624,5919,"-",-129,-5789
"1369","PstI.TP459121","Cml_cm.49",1,78162835,"Cml_cm","PS_N(2)","C106+4202(1);C124+2560(1)","","","pKWmEB(1);pLARmEB(1)","","",0.0708,0,NA,"",NA,NA,"","Sobic.001G514500.7","Chr01",78162706,78168624,5919,"-",-129,-5789
"1370","PstI.TP459121","Cml_cm.49",1,78162835,"Cml_cm","PS_N(2)","C106+4202(1);C124+2560(1)","","","pKWmEB(1);pLARmEB(1)","","",0.0708,0,NA,"",NA,NA,"","Sobic.001G514400.1","Chr01",78160422,78162432,2011,"+",-2413,403
"1371","PstI.TP459121","Cml_cm.49",1,78162835,"Cml_cm","PS_N(2)","C106+4202(1);C124+2560(1)","","","pKWmEB(1);pLARmEB(1)","","",0.0708,0,NA,"",NA,NA,"","Sobic.001G514400.1","Chr01",78160422,78162432,2011,"+",-2413,403
"1372","PstI.TP459121","Cml_cm.49",1,78162835,"Cml_cm","PS_N(2)","C106+4202(1);C124+2560(1)","","","pKWmEB(1);pLARmEB(1)","","",0.0708,0,NA,"",NA,NA,"","Sobic.001G514500.8","Chr01",78162706,78168598,5893,"-",-129,-5763
"1373","PstI.TP459121","Cml_cm.49",1,78162835,"Cml_cm","PS_N(2)","C106+4202(1);C124+2560(1)","","","pKWmEB(1);pLARmEB(1)","","",0.0708,0,NA,"",NA,NA,"","Sobic.001G514500.9","Chr01",78162706,78168598,5893,"-",-129,-5763
"1374","PstI.TP459121","Cml_cm.49",1,78162835,"Cml_cm","PS_N(2)","C106+4202(1);C124+2560(1)","","","pKWmEB(1);pLARmEB(1)","","",0.0708,0,NA,"",NA,NA,"","Sobic.001G514500.4","Chr01",78162706,78168595,5890,"-",-129,-5760
"1375","PstI.TP459121","Cml_cm.49",1,78162835,"Cml_cm","PS_N(2)","C106+4202(1);C124+2560(1)","","","pKWmEB(1);pLARmEB(1)","","",0.0708,0,NA,"",NA,NA,"","Sobic.001G514500.2","Chr01",78162706,78168595,5890,"-",-129,-5760
"1376","PstI.TP459121","Cml_cm.49",1,78162835,"Cml_cm","PS_N(2)","C106+4202(1);C124+2560(1)","","","pKWmEB(1);pLARmEB(1)","","",0.0708,0,NA,"",NA,NA,"","Sobic.001G514500.3","Chr01",78162706,78168567,5862,"-",-129,-5732
"1377","PstI.TP459121","Cml_cm.49",1,78162835,"Cml_cm","PS_N(2)","C106+4202(1);C124+2560(1)","","","pKWmEB(1);pLARmEB(1)","","",0.0708,0,NA,"",NA,NA,"","Sobic.001G514500.7","Chr01",78162706,78168624,5919,"-",-129,-5789
"1378","PstI.TP459121","Cml_cm.49",1,78162835,"Cml_cm","PS_N(2)","C106+4202(1);C124+2560(1)","","","pKWmEB(1);pLARmEB(1)","","",0.0708,0,NA,"",NA,NA,"","Sobic.001G514500.6","Chr01",78162706,78168571,5866,"-",-129,-5736
"1379","PstI.TP459121","Cml_cm.49",1,78162835,"Cml_cm","PS_N(2)","C106+4202(1);C124+2560(1)","","","pKWmEB(1);pLARmEB(1)","","",0.0708,0,NA,"",NA,NA,"","Sobic.001G514500.8","Chr01",78162706,78168598,5893,"-",-129,-5763
"1380","PstI.TP459121","Cml_cm.49",1,78162835,"Cml_cm","PS_N(2)","C106+4202(1);C124+2560(1)","","","pKWmEB(1);pLARmEB(1)","","",0.0708,0,NA,"",NA,NA,"","Sobic.001G514500.9","Chr01",78162706,78168598,5893,"-",-129,-5763
"1381","PstI.TP459121","Cml_cm.49",1,78162835,"Cml_cm","PS_N(2)","C106+4202(1);C124+2560(1)","","","pKWmEB(1);pLARmEB(1)","","",0.0708,0,NA,"",NA,NA,"","Sobic.001G514500.10","Chr01",78162706,78168589,5884,"-",-129,-5754
"1382","PstI.TP459121","Cml_cm.49",1,78162835,"Cml_cm","PS_N(2)","C106+4202(1);C124+2560(1)","","","pKWmEB(1);pLARmEB(1)","","",0.0708,0,NA,"",NA,NA,"","Sobic.001G514500.2","Chr01",78162706,78168595,5890,"-",-129,-5760
"1383","PstI.TP459121","Cml_cm.49",1,78162835,"Cml_cm","PS_N(2)","C106+4202(1);C124+2560(1)","","","pKWmEB(1);pLARmEB(1)","","",0.0708,0,NA,"",NA,NA,"","Sobic.001G514500.9","Chr01",78162706,78168598,5893,"-",-129,-5763
"1384","PstI.TP459121","Cml_cm.49",1,78162835,"Cml_cm","PS_N(2)","C106+4202(1);C124+2560(1)","","","pKWmEB(1);pLARmEB(1)","","",0.0708,0,NA,"",NA,NA,"","Sobic.001G514500.10","Chr01",78162706,78168589,5884,"-",-129,-5754
"1385","PstI.TP459121","Cml_cm.49",1,78162835,"Cml_cm","PS_N(2)","C106+4202(1);C124+2560(1)","","","pKWmEB(1);pLARmEB(1)","","",0.0708,0,NA,"",NA,NA,"","Sobic.001G514500.9","Chr01",78162706,78168598,5893,"-",-129,-5763
"1386","PstI.TP459121","Cml_cm.49",1,78162835,"Cml_cm","PS_N(2)","C106+4202(1);C124+2560(1)","","","pKWmEB(1);pLARmEB(1)","","",0.0708,0,NA,"",NA,NA,"","Sobic.001G514500.3","Chr01",78162706,78168567,5862,"-",-129,-5732
"1387","PstI.TP459121","Cml_cm.49",1,78162835,"Cml_cm","PS_N(2)","C106+4202(1);C124+2560(1)","","","pKWmEB(1);pLARmEB(1)","","",0.0708,0,NA,"",NA,NA,"","Sobic.001G514500.9","Chr01",78162706,78168598,5893,"-",-129,-5763
"1388","PstI.TP459121","Cml_cm.49",1,78162835,"Cml_cm","PS_N(2)","C106+4202(1);C124+2560(1)","","","pKWmEB(1);pLARmEB(1)","","",0.0708,0,NA,"",NA,NA,"","Sobic.001G514500.6","Chr01",78162706,78168571,5866,"-",-129,-5736
"1389","PstI.TP459121","Cml_cm.49",1,78162835,"Cml_cm","PS_N(2)","C106+4202(1);C124+2560(1)","","","pKWmEB(1);pLARmEB(1)","","",0.0708,0,NA,"",NA,NA,"","Sobic.001G514500.3","Chr01",78162706,78168567,5862,"-",-129,-5732
"1390","PstI.TP459121","Cml_cm.49",1,78162835,"Cml_cm","PS_N(2)","C106+4202(1);C124+2560(1)","","","pKWmEB(1);pLARmEB(1)","","",0.0708,0,NA,"",NA,NA,"","Sobic.001G514500.10","Chr01",78162706,78168589,5884,"-",-129,-5754
"1391","PstI.TP459121","Cml_cm.49",1,78162835,"Cml_cm","PS_N(2)","C106+4202(1);C124+2560(1)","","","pKWmEB(1);pLARmEB(1)","","",0.0708,0,NA,"",NA,NA,"","Sobic.001G514500.3","Chr01",78162706,78168567,5862,"-",-129,-5732
"1392","PstI.TP459121","Cml_cm.49",1,78162835,"Cml_cm","PS_N(2)","C106+4202(1);C124+2560(1)","","","pKWmEB(1);pLARmEB(1)","","",0.0708,0,NA,"",NA,NA,"","Sobic.001G514500.4","Chr01",78162706,78168595,5890,"-",-129,-5760
"1393","PstI.TP459121","Cml_cm.49",1,78162835,"Cml_cm","PS_N(2)","C106+4202(1);C124+2560(1)","","","pKWmEB(1);pLARmEB(1)","","",0.0708,0,NA,"",NA,NA,"","Sobic.001G514500.6","Chr01",78162706,78168571,5866,"-",-129,-5736
"1394","PstI.TP459121","Cml_cm.49",1,78162835,"Cml_cm","PS_N(2)","C106+4202(1);C124+2560(1)","","","pKWmEB(1);pLARmEB(1)","","",0.0708,0,NA,"",NA,NA,"","Sobic.001G514500.4","Chr01",78162706,78168595,5890,"-",-129,-5760
"1395","PstI.TP459121","Cml_cm.49",1,78162835,"Cml_cm","PS_N(2)","C106+4202(1);C124+2560(1)","","","pKWmEB(1);pLARmEB(1)","","",0.0708,0,NA,"",NA,NA,"","Sobic.001G514500.5","Chr01",78162706,78168572,5867,"-",-129,-5737
"1396","PstI.TP459121","Cml_cm.49",1,78162835,"Cml_cm","PS_N(2)","C106+4202(1);C124+2560(1)","","","pKWmEB(1);pLARmEB(1)","","",0.0708,0,NA,"",NA,NA,"","Sobic.001G514400.1","Chr01",78160422,78162432,2011,"+",-2413,403
"1397","PstI.TP459121","Cml_cm.49",1,78162835,"Cml_cm","PS_N(2)","C106+4202(1);C124+2560(1)","","","pKWmEB(1);pLARmEB(1)","","",0.0708,0,NA,"",NA,NA,"","Sobic.001G514500.2","Chr01",78162706,78168595,5890,"-",-129,-5760
"1398","PstI.TP459121","Cml_cm.49",1,78162835,"Cml_cm","PS_N(2)","C106+4202(1);C124+2560(1)","","","pKWmEB(1);pLARmEB(1)","","",0.0708,0,NA,"",NA,NA,"","Sobic.001G514400.1","Chr01",78160422,78162432,2011,"+",-2413,403
"1399","PstI.TP459121","Cml_cm.49",1,78162835,"Cml_cm","PS_N(2)","C106+4202(1);C124+2560(1)","","","pKWmEB(1);pLARmEB(1)","","",0.0708,0,NA,"",NA,NA,"","Sobic.001G514500.6","Chr01",78162706,78168571,5866,"-",-129,-5736
"1400","PstI.TP459121","Cml_cm.49",1,78162835,"Cml_cm","PS_N(2)","C106+4202(1);C124+2560(1)","","","pKWmEB(1);pLARmEB(1)","","",0.0708,0,NA,"",NA,NA,"","Sobic.001G514500.10","Chr01",78162706,78168589,5884,"-",-129,-5754
"1401","PstI.TP459121","Cml_cm.49",1,78162835,"Cml_cm","PS_N(2)","C106+4202(1);C124+2560(1)","","","pKWmEB(1);pLARmEB(1)","","",0.0708,0,NA,"",NA,NA,"","Sobic.001G514500.4","Chr01",78162706,78168595,5890,"-",-129,-5760
"1402","PstI.TP459121","Cml_cm.49",1,78162835,"Cml_cm","PS_N(2)","C106+4202(1);C124+2560(1)","","","pKWmEB(1);pLARmEB(1)","","",0.0708,0,NA,"",NA,NA,"","Sobic.001G514500.5","Chr01",78162706,78168572,5867,"-",-129,-5737
"1403","PstI.TP459121","Cml_cm.49",1,78162835,"Cml_cm","PS_N(2)","C106+4202(1);C124+2560(1)","","","pKWmEB(1);pLARmEB(1)","","",0.0708,0,NA,"",NA,NA,"","Sobic.001G514500.8","Chr01",78162706,78168598,5893,"-",-129,-5763
"1404","PstI.TP459121","Cml_cm.49",1,78162835,"Cml_cm","PS_N(2)","C106+4202(1);C124+2560(1)","","","pKWmEB(1);pLARmEB(1)","","",0.0708,0,NA,"",NA,NA,"","Sobic.001G514500.2","Chr01",78162706,78168595,5890,"-",-129,-5760
"1405","PstI.TP459121","Cml_cm.49",1,78162835,"Cml_cm","PS_N(2)","C106+4202(1);C124+2560(1)","","","pKWmEB(1);pLARmEB(1)","","",0.0708,0,NA,"",NA,NA,"","Sobic.001G514500.10","Chr01",78162706,78168589,5884,"-",-129,-5754
"1406","PstI.TP459121","Cml_cm.49",1,78162835,"Cml_cm","PS_N(2)","C106+4202(1);C124+2560(1)","","","pKWmEB(1);pLARmEB(1)","","",0.0708,0,NA,"",NA,NA,"","Sobic.001G514500.9","Chr01",78162706,78168598,5893,"-",-129,-5763
"1407","PstI.TP459121","Cml_cm.49",1,78162835,"Cml_cm","PS_N(2)","C106+4202(1);C124+2560(1)","","","pKWmEB(1);pLARmEB(1)","","",0.0708,0,NA,"",NA,NA,"","Sobic.001G514500.6","Chr01",78162706,78168571,5866,"-",-129,-5736
"1408","PstI.TP459121","Cml_cm.49",1,78162835,"Cml_cm","PS_N(2)","C106+4202(1);C124+2560(1)","","","pKWmEB(1);pLARmEB(1)","","",0.0708,0,NA,"",NA,NA,"","Sobic.001G514500.7","Chr01",78162706,78168624,5919,"-",-129,-5789
"1409","PstI.TP459121","Cml_cm.49",1,78162835,"Cml_cm","PS_N(2)","C106+4202(1);C124+2560(1)","","","pKWmEB(1);pLARmEB(1)","","",0.0708,0,NA,"",NA,NA,"","Sobic.001G514500.5","Chr01",78162706,78168572,5867,"-",-129,-5737
"1410","PstI.TP459121","Cml_cm.49",1,78162835,"Cml_cm","PS_N(2)","C106+4202(1);C124+2560(1)","","","pKWmEB(1);pLARmEB(1)","","",0.0708,0,NA,"",NA,NA,"","Sobic.001G514500.2","Chr01",78162706,78168595,5890,"-",-129,-5760
"1411","PstI.TP459121","Cml_cm.49",1,78162835,"Cml_cm","PS_N(2)","C106+4202(1);C124+2560(1)","","","pKWmEB(1);pLARmEB(1)","","",0.0708,0,NA,"",NA,NA,"","Sobic.001G514500.5","Chr01",78162706,78168572,5867,"-",-129,-5737
"1412","PstI.TP459121","Cml_cm.49",1,78162835,"Cml_cm","PS_N(2)","C106+4202(1);C124+2560(1)","","","pKWmEB(1);pLARmEB(1)","","",0.0708,0,NA,"",NA,NA,"","Sobic.001G514400.1","Chr01",78160422,78162432,2011,"+",-2413,403
"1413","PstI.TP459121","Cml_cm.49",1,78162835,"Cml_cm","PS_N(2)","C106+4202(1);C124+2560(1)","","","pKWmEB(1);pLARmEB(1)","","",0.0708,0,NA,"",NA,NA,"","Sobic.001G514500.8","Chr01",78162706,78168598,5893,"-",-129,-5763
"1414","PstI.TP459121","Cml_cm.49",1,78162835,"Cml_cm","PS_N(2)","C106+4202(1);C124+2560(1)","","","pKWmEB(1);pLARmEB(1)","","",0.0708,0,NA,"",NA,NA,"","Sobic.001G514500.3","Chr01",78162706,78168567,5862,"-",-129,-5732
"1415","PstI.TP459121","Cml_cm.49",1,78162835,"Cml_cm","PS_N(2)","C106+4202(1);C124+2560(1)","","","pKWmEB(1);pLARmEB(1)","","",0.0708,0,NA,"",NA,NA,"","Sobic.001G514500.3","Chr01",78162706,78168567,5862,"-",-129,-5732
"1416","PstI.TP459121","Cml_cm.49",1,78162835,"Cml_cm","PS_N(2)","C106+4202(1);C124+2560(1)","","","pKWmEB(1);pLARmEB(1)","","",0.0708,0,NA,"",NA,NA,"","Sobic.001G514500.6","Chr01",78162706,78168571,5866,"-",-129,-5736
"1417","PstI.TP459121","Cml_cm.49",1,78162835,"Cml_cm","PS_N(2)","C106+4202(1);C124+2560(1)","","","pKWmEB(1);pLARmEB(1)","","",0.0708,0,NA,"",NA,NA,"","Sobic.001G514500.6","Chr01",78162706,78168571,5866,"-",-129,-5736
"1418","PstI.TP459121","Cml_cm.49",1,78162835,"Cml_cm","PS_N(2)","C106+4202(1);C124+2560(1)","","","pKWmEB(1);pLARmEB(1)","","",0.0708,0,NA,"",NA,NA,"","Sobic.001G514500.5","Chr01",78162706,78168572,5867,"-",-129,-5737
"1419","PstI.TP459121","Cml_cm.49",1,78162835,"Cml_cm","PS_N(2)","C106+4202(1);C124+2560(1)","","","pKWmEB(1);pLARmEB(1)","","",0.0708,0,NA,"",NA,NA,"","Sobic.001G514500.10","Chr01",78162706,78168589,5884,"-",-129,-5754
"1420","PstI.TP459121","Cml_cm.49",1,78162835,"Cml_cm","PS_N(2)","C106+4202(1);C124+2560(1)","","","pKWmEB(1);pLARmEB(1)","","",0.0708,0,NA,"",NA,NA,"","Sobic.001G514500.4","Chr01",78162706,78168595,5890,"-",-129,-5760
"1421","PstI.TP459121","Cml_cm.49",1,78162835,"Cml_cm","PS_N(2)","C106+4202(1);C124+2560(1)","","","pKWmEB(1);pLARmEB(1)","","",0.0708,0,NA,"",NA,NA,"","Sobic.001G514500.10","Chr01",78162706,78168589,5884,"-",-129,-5754
"1422","PstI.TP459121","Cml_cm.49",1,78162835,"Cml_cm","PS_N(2)","C106+4202(1);C124+2560(1)","","","pKWmEB(1);pLARmEB(1)","","",0.0708,0,NA,"",NA,NA,"","Sobic.001G514500.5","Chr01",78162706,78168572,5867,"-",-129,-5737
"1423","PstI.TP459121","Cml_cm.49",1,78162835,"Cml_cm","PS_N(2)","C106+4202(1);C124+2560(1)","","","pKWmEB(1);pLARmEB(1)","","",0.0708,0,NA,"",NA,NA,"","Sobic.001G514500.7","Chr01",78162706,78168624,5919,"-",-129,-5789
"1424","PstI.TP459121","Cml_cm.49",1,78162835,"Cml_cm","PS_N(2)","C106+4202(1);C124+2560(1)","","","pKWmEB(1);pLARmEB(1)","","",0.0708,0,NA,"",NA,NA,"","Sobic.001G514500.9","Chr01",78162706,78168598,5893,"-",-129,-5763
"1425","PstI.TP459121","Cml_cm.49",1,78162835,"Cml_cm","PS_N(2)","C106+4202(1);C124+2560(1)","","","pKWmEB(1);pLARmEB(1)","","",0.0708,0,NA,"",NA,NA,"","Sobic.001G514500.10","Chr01",78162706,78168589,5884,"-",-129,-5754
"1426","PstI.TP459121","Cml_cm.49",1,78162835,"Cml_cm","PS_N(2)","C106+4202(1);C124+2560(1)","","","pKWmEB(1);pLARmEB(1)","","",0.0708,0,NA,"",NA,NA,"","Sobic.001G514500.2","Chr01",78162706,78168595,5890,"-",-129,-5760
"1427","PstI.TP459121","Cml_cm.49",1,78162835,"Cml_cm","PS_N(2)","C106+4202(1);C124+2560(1)","","","pKWmEB(1);pLARmEB(1)","","",0.0708,0,NA,"",NA,NA,"","Sobic.001G514500.3","Chr01",78162706,78168567,5862,"-",-129,-5732
"1428","PstI.TP459121","Cml_cm.49",1,78162835,"Cml_cm","PS_N(2)","C106+4202(1);C124+2560(1)","","","pKWmEB(1);pLARmEB(1)","","",0.0708,0,NA,"",NA,NA,"","Sobic.001G514400.1","Chr01",78160422,78162432,2011,"+",-2413,403
"1429","PstI.TP459121","Cml_cm.49",1,78162835,"Cml_cm","PS_N(2)","C106+4202(1);C124+2560(1)","","","pKWmEB(1);pLARmEB(1)","","",0.0708,0,NA,"",NA,NA,"","Sobic.001G514500.5","Chr01",78162706,78168572,5867,"-",-129,-5737
"1430","PstI.TP459121","Cml_cm.49",1,78162835,"Cml_cm","PS_N(2)","C106+4202(1);C124+2560(1)","","","pKWmEB(1);pLARmEB(1)","","",0.0708,0,NA,"",NA,NA,"","Sobic.001G514400.1","Chr01",78160422,78162432,2011,"+",-2413,403
"1431","PstI.TP459121","Cml_cm.49",1,78162835,"Cml_cm","PS_N(2)","C106+4202(1);C124+2560(1)","","","pKWmEB(1);pLARmEB(1)","","",0.0708,0,NA,"",NA,NA,"","Sobic.001G514500.7","Chr01",78162706,78168624,5919,"-",-129,-5789
"1432","PstI.TP459121","Cml_cm.49",1,78162835,"Cml_cm","PS_N(2)","C106+4202(1);C124+2560(1)","","","pKWmEB(1);pLARmEB(1)","","",0.0708,0,NA,"",NA,NA,"","Sobic.001G514500.2","Chr01",78162706,78168595,5890,"-",-129,-5760
"1433","PstI.TP459121","Cml_cm.49",1,78162835,"Cml_cm","PS_N(2)","C106+4202(1);C124+2560(1)","","","pKWmEB(1);pLARmEB(1)","","",0.0708,0,NA,"",NA,NA,"","Sobic.001G514500.5","Chr01",78162706,78168572,5867,"-",-129,-5737
"1434","PstI.TP459121","Cml_cm.49",1,78162835,"Cml_cm","PS_N(2)","C106+4202(1);C124+2560(1)","","","pKWmEB(1);pLARmEB(1)","","",0.0708,0,NA,"",NA,NA,"","Sobic.001G514500.9","Chr01",78162706,78168598,5893,"-",-129,-5763
"1435","PstI.TP459121","Cml_cm.49",1,78162835,"Cml_cm","PS_N(2)","C106+4202(1);C124+2560(1)","","","pKWmEB(1);pLARmEB(1)","","",0.0708,0,NA,"",NA,NA,"","Sobic.001G514400.1","Chr01",78160422,78162432,2011,"+",-2413,403
"1436","PstI.TP459121","Cml_cm.49",1,78162835,"Cml_cm","PS_N(2)","C106+4202(1);C124+2560(1)","","","pKWmEB(1);pLARmEB(1)","","",0.0708,0,NA,"",NA,NA,"","Sobic.001G514500.2","Chr01",78162706,78168595,5890,"-",-129,-5760
"1437","PstI.TP459121","Cml_cm.49",1,78162835,"Cml_cm","PS_N(2)","C106+4202(1);C124+2560(1)","","","pKWmEB(1);pLARmEB(1)","","",0.0708,0,NA,"",NA,NA,"","Sobic.001G514500.7","Chr01",78162706,78168624,5919,"-",-129,-5789
"1438","PstI.TP459121","Cml_cm.49",1,78162835,"Cml_cm","PS_N(2)","C106+4202(1);C124+2560(1)","","","pKWmEB(1);pLARmEB(1)","","",0.0708,0,NA,"",NA,NA,"","Sobic.001G514500.7","Chr01",78162706,78168624,5919,"-",-129,-5789
"1439","PstI.TP459121","Cml_cm.49",1,78162835,"Cml_cm","PS_N(2)","C106+4202(1);C124+2560(1)","","","pKWmEB(1);pLARmEB(1)","","",0.0708,0,NA,"",NA,NA,"","Sobic.001G514500.8","Chr01",78162706,78168598,5893,"-",-129,-5763
"1440","PstI.TP459121","Cml_cm.49",1,78162835,"Cml_cm","PS_N(2)","C106+4202(1);C124+2560(1)","","","pKWmEB(1);pLARmEB(1)","","",0.0708,0,NA,"",NA,NA,"","Sobic.001G514500.4","Chr01",78162706,78168595,5890,"-",-129,-5760
"1441","PstI.TP459121","Cml_cm.49",1,78162835,"Cml_cm","PS_N(2)","C106+4202(1);C124+2560(1)","","","pKWmEB(1);pLARmEB(1)","","",0.0708,0,NA,"",NA,NA,"","Sobic.001G514500.4","Chr01",78162706,78168595,5890,"-",-129,-5760
"1442","PstI.TP459121","Cml_cm.49",1,78162835,"Cml_cm","PS_N(2)","C106+4202(1);C124+2560(1)","","","pKWmEB(1);pLARmEB(1)","","",0.0708,0,NA,"",NA,NA,"","Sobic.001G514500.8","Chr01",78162706,78168598,5893,"-",-129,-5763
"1443","PstI.TP459121","Cml_cm.49",1,78162835,"Cml_cm","PS_N(2)","C106+4202(1);C124+2560(1)","","","pKWmEB(1);pLARmEB(1)","","",0.0708,0,NA,"",NA,NA,"","Sobic.001G514500.3","Chr01",78162706,78168567,5862,"-",-129,-5732
"1444","PstI.TP459121","Cml_cm.49",1,78162835,"Cml_cm","PS_N(2)","C106+4202(1);C124+2560(1)","","","pKWmEB(1);pLARmEB(1)","","",0.0708,0,NA,"",NA,NA,"","Sobic.001G514500.6","Chr01",78162706,78168571,5866,"-",-129,-5736
"1445","PstI.TP459121","CmD_BI_mm.48",1,78162835,"CmD_BI_mm","PCA=3(1);PS_N(2)","C124+2560(3)","","FarmCPU(1)","ISIS EM-BLASSO(1)","rrBLUP(1)","",0.06855,9.603,NA,"",NA,NA,"","Sobic.001G514500.8","Chr01",78162706,78168598,5893,"-",-129,-5763
"1446","PstI.TP459121","CmD_BI_mm.48",1,78162835,"CmD_BI_mm","PCA=3(1);PS_N(2)","C124+2560(3)","","FarmCPU(1)","ISIS EM-BLASSO(1)","rrBLUP(1)","",0.06855,9.603,NA,"",NA,NA,"","Sobic.001G514500.8","Chr01",78162706,78168598,5893,"-",-129,-5763
"1447","PstI.TP459121","CmD_BI_mm.48",1,78162835,"CmD_BI_mm","PCA=3(1);PS_N(2)","C124+2560(3)","","FarmCPU(1)","ISIS EM-BLASSO(1)","rrBLUP(1)","",0.06855,9.603,NA,"",NA,NA,"","Sobic.001G514500.4","Chr01",78162706,78168595,5890,"-",-129,-5760
"1448","PstI.TP459121","CmD_BI_mm.48",1,78162835,"CmD_BI_mm","PCA=3(1);PS_N(2)","C124+2560(3)","","FarmCPU(1)","ISIS EM-BLASSO(1)","rrBLUP(1)","",0.06855,9.603,NA,"",NA,NA,"","Sobic.001G514500.7","Chr01",78162706,78168624,5919,"-",-129,-5789
"1449","PstI.TP459121","CmD_BI_mm.48",1,78162835,"CmD_BI_mm","PCA=3(1);PS_N(2)","C124+2560(3)","","FarmCPU(1)","ISIS EM-BLASSO(1)","rrBLUP(1)","",0.06855,9.603,NA,"",NA,NA,"","Sobic.001G514500.7","Chr01",78162706,78168624,5919,"-",-129,-5789
"1450","PstI.TP459121","CmD_BI_mm.48",1,78162835,"CmD_BI_mm","PCA=3(1);PS_N(2)","C124+2560(3)","","FarmCPU(1)","ISIS EM-BLASSO(1)","rrBLUP(1)","",0.06855,9.603,NA,"",NA,NA,"","Sobic.001G514400.1","Chr01",78160422,78162432,2011,"+",-2413,403
"1451","PstI.TP459121","CmD_BI_mm.48",1,78162835,"CmD_BI_mm","PCA=3(1);PS_N(2)","C124+2560(3)","","FarmCPU(1)","ISIS EM-BLASSO(1)","rrBLUP(1)","",0.06855,9.603,NA,"",NA,NA,"","Sobic.001G514400.1","Chr01",78160422,78162432,2011,"+",-2413,403
"1452","PstI.TP459121","CmD_BI_mm.48",1,78162835,"CmD_BI_mm","PCA=3(1);PS_N(2)","C124+2560(3)","","FarmCPU(1)","ISIS EM-BLASSO(1)","rrBLUP(1)","",0.06855,9.603,NA,"",NA,NA,"","Sobic.001G514500.8","Chr01",78162706,78168598,5893,"-",-129,-5763
"1453","PstI.TP459121","CmD_BI_mm.48",1,78162835,"CmD_BI_mm","PCA=3(1);PS_N(2)","C124+2560(3)","","FarmCPU(1)","ISIS EM-BLASSO(1)","rrBLUP(1)","",0.06855,9.603,NA,"",NA,NA,"","Sobic.001G514500.9","Chr01",78162706,78168598,5893,"-",-129,-5763
"1454","PstI.TP459121","CmD_BI_mm.48",1,78162835,"CmD_BI_mm","PCA=3(1);PS_N(2)","C124+2560(3)","","FarmCPU(1)","ISIS EM-BLASSO(1)","rrBLUP(1)","",0.06855,9.603,NA,"",NA,NA,"","Sobic.001G514500.4","Chr01",78162706,78168595,5890,"-",-129,-5760
"1455","PstI.TP459121","CmD_BI_mm.48",1,78162835,"CmD_BI_mm","PCA=3(1);PS_N(2)","C124+2560(3)","","FarmCPU(1)","ISIS EM-BLASSO(1)","rrBLUP(1)","",0.06855,9.603,NA,"",NA,NA,"","Sobic.001G514500.2","Chr01",78162706,78168595,5890,"-",-129,-5760
"1456","PstI.TP459121","CmD_BI_mm.48",1,78162835,"CmD_BI_mm","PCA=3(1);PS_N(2)","C124+2560(3)","","FarmCPU(1)","ISIS EM-BLASSO(1)","rrBLUP(1)","",0.06855,9.603,NA,"",NA,NA,"","Sobic.001G514500.3","Chr01",78162706,78168567,5862,"-",-129,-5732
"1457","PstI.TP459121","CmD_BI_mm.48",1,78162835,"CmD_BI_mm","PCA=3(1);PS_N(2)","C124+2560(3)","","FarmCPU(1)","ISIS EM-BLASSO(1)","rrBLUP(1)","",0.06855,9.603,NA,"",NA,NA,"","Sobic.001G514500.7","Chr01",78162706,78168624,5919,"-",-129,-5789
"1458","PstI.TP459121","CmD_BI_mm.48",1,78162835,"CmD_BI_mm","PCA=3(1);PS_N(2)","C124+2560(3)","","FarmCPU(1)","ISIS EM-BLASSO(1)","rrBLUP(1)","",0.06855,9.603,NA,"",NA,NA,"","Sobic.001G514500.6","Chr01",78162706,78168571,5866,"-",-129,-5736
"1459","PstI.TP459121","CmD_BI_mm.48",1,78162835,"CmD_BI_mm","PCA=3(1);PS_N(2)","C124+2560(3)","","FarmCPU(1)","ISIS EM-BLASSO(1)","rrBLUP(1)","",0.06855,9.603,NA,"",NA,NA,"","Sobic.001G514500.8","Chr01",78162706,78168598,5893,"-",-129,-5763
"1460","PstI.TP459121","CmD_BI_mm.48",1,78162835,"CmD_BI_mm","PCA=3(1);PS_N(2)","C124+2560(3)","","FarmCPU(1)","ISIS EM-BLASSO(1)","rrBLUP(1)","",0.06855,9.603,NA,"",NA,NA,"","Sobic.001G514500.9","Chr01",78162706,78168598,5893,"-",-129,-5763
"1461","PstI.TP459121","CmD_BI_mm.48",1,78162835,"CmD_BI_mm","PCA=3(1);PS_N(2)","C124+2560(3)","","FarmCPU(1)","ISIS EM-BLASSO(1)","rrBLUP(1)","",0.06855,9.603,NA,"",NA,NA,"","Sobic.001G514500.10","Chr01",78162706,78168589,5884,"-",-129,-5754
"1462","PstI.TP459121","CmD_BI_mm.48",1,78162835,"CmD_BI_mm","PCA=3(1);PS_N(2)","C124+2560(3)","","FarmCPU(1)","ISIS EM-BLASSO(1)","rrBLUP(1)","",0.06855,9.603,NA,"",NA,NA,"","Sobic.001G514500.2","Chr01",78162706,78168595,5890,"-",-129,-5760
"1463","PstI.TP459121","CmD_BI_mm.48",1,78162835,"CmD_BI_mm","PCA=3(1);PS_N(2)","C124+2560(3)","","FarmCPU(1)","ISIS EM-BLASSO(1)","rrBLUP(1)","",0.06855,9.603,NA,"",NA,NA,"","Sobic.001G514500.9","Chr01",78162706,78168598,5893,"-",-129,-5763
"1464","PstI.TP459121","CmD_BI_mm.48",1,78162835,"CmD_BI_mm","PCA=3(1);PS_N(2)","C124+2560(3)","","FarmCPU(1)","ISIS EM-BLASSO(1)","rrBLUP(1)","",0.06855,9.603,NA,"",NA,NA,"","Sobic.001G514500.10","Chr01",78162706,78168589,5884,"-",-129,-5754
"1465","PstI.TP459121","CmD_BI_mm.48",1,78162835,"CmD_BI_mm","PCA=3(1);PS_N(2)","C124+2560(3)","","FarmCPU(1)","ISIS EM-BLASSO(1)","rrBLUP(1)","",0.06855,9.603,NA,"",NA,NA,"","Sobic.001G514500.9","Chr01",78162706,78168598,5893,"-",-129,-5763
"1466","PstI.TP459121","CmD_BI_mm.48",1,78162835,"CmD_BI_mm","PCA=3(1);PS_N(2)","C124+2560(3)","","FarmCPU(1)","ISIS EM-BLASSO(1)","rrBLUP(1)","",0.06855,9.603,NA,"",NA,NA,"","Sobic.001G514500.3","Chr01",78162706,78168567,5862,"-",-129,-5732
"1467","PstI.TP459121","CmD_BI_mm.48",1,78162835,"CmD_BI_mm","PCA=3(1);PS_N(2)","C124+2560(3)","","FarmCPU(1)","ISIS EM-BLASSO(1)","rrBLUP(1)","",0.06855,9.603,NA,"",NA,NA,"","Sobic.001G514500.9","Chr01",78162706,78168598,5893,"-",-129,-5763
"1468","PstI.TP459121","CmD_BI_mm.48",1,78162835,"CmD_BI_mm","PCA=3(1);PS_N(2)","C124+2560(3)","","FarmCPU(1)","ISIS EM-BLASSO(1)","rrBLUP(1)","",0.06855,9.603,NA,"",NA,NA,"","Sobic.001G514500.6","Chr01",78162706,78168571,5866,"-",-129,-5736
"1469","PstI.TP459121","CmD_BI_mm.48",1,78162835,"CmD_BI_mm","PCA=3(1);PS_N(2)","C124+2560(3)","","FarmCPU(1)","ISIS EM-BLASSO(1)","rrBLUP(1)","",0.06855,9.603,NA,"",NA,NA,"","Sobic.001G514500.3","Chr01",78162706,78168567,5862,"-",-129,-5732
"1470","PstI.TP459121","CmD_BI_mm.48",1,78162835,"CmD_BI_mm","PCA=3(1);PS_N(2)","C124+2560(3)","","FarmCPU(1)","ISIS EM-BLASSO(1)","rrBLUP(1)","",0.06855,9.603,NA,"",NA,NA,"","Sobic.001G514500.10","Chr01",78162706,78168589,5884,"-",-129,-5754
"1471","PstI.TP459121","CmD_BI_mm.48",1,78162835,"CmD_BI_mm","PCA=3(1);PS_N(2)","C124+2560(3)","","FarmCPU(1)","ISIS EM-BLASSO(1)","rrBLUP(1)","",0.06855,9.603,NA,"",NA,NA,"","Sobic.001G514500.3","Chr01",78162706,78168567,5862,"-",-129,-5732
"1472","PstI.TP459121","CmD_BI_mm.48",1,78162835,"CmD_BI_mm","PCA=3(1);PS_N(2)","C124+2560(3)","","FarmCPU(1)","ISIS EM-BLASSO(1)","rrBLUP(1)","",0.06855,9.603,NA,"",NA,NA,"","Sobic.001G514500.4","Chr01",78162706,78168595,5890,"-",-129,-5760
"1473","PstI.TP459121","CmD_BI_mm.48",1,78162835,"CmD_BI_mm","PCA=3(1);PS_N(2)","C124+2560(3)","","FarmCPU(1)","ISIS EM-BLASSO(1)","rrBLUP(1)","",0.06855,9.603,NA,"",NA,NA,"","Sobic.001G514500.6","Chr01",78162706,78168571,5866,"-",-129,-5736
"1474","PstI.TP459121","CmD_BI_mm.48",1,78162835,"CmD_BI_mm","PCA=3(1);PS_N(2)","C124+2560(3)","","FarmCPU(1)","ISIS EM-BLASSO(1)","rrBLUP(1)","",0.06855,9.603,NA,"",NA,NA,"","Sobic.001G514500.4","Chr01",78162706,78168595,5890,"-",-129,-5760
"1475","PstI.TP459121","CmD_BI_mm.48",1,78162835,"CmD_BI_mm","PCA=3(1);PS_N(2)","C124+2560(3)","","FarmCPU(1)","ISIS EM-BLASSO(1)","rrBLUP(1)","",0.06855,9.603,NA,"",NA,NA,"","Sobic.001G514500.5","Chr01",78162706,78168572,5867,"-",-129,-5737
"1476","PstI.TP459121","CmD_BI_mm.48",1,78162835,"CmD_BI_mm","PCA=3(1);PS_N(2)","C124+2560(3)","","FarmCPU(1)","ISIS EM-BLASSO(1)","rrBLUP(1)","",0.06855,9.603,NA,"",NA,NA,"","Sobic.001G514400.1","Chr01",78160422,78162432,2011,"+",-2413,403
"1477","PstI.TP459121","CmD_BI_mm.48",1,78162835,"CmD_BI_mm","PCA=3(1);PS_N(2)","C124+2560(3)","","FarmCPU(1)","ISIS EM-BLASSO(1)","rrBLUP(1)","",0.06855,9.603,NA,"",NA,NA,"","Sobic.001G514500.2","Chr01",78162706,78168595,5890,"-",-129,-5760
"1478","PstI.TP459121","CmD_BI_mm.48",1,78162835,"CmD_BI_mm","PCA=3(1);PS_N(2)","C124+2560(3)","","FarmCPU(1)","ISIS EM-BLASSO(1)","rrBLUP(1)","",0.06855,9.603,NA,"",NA,NA,"","Sobic.001G514400.1","Chr01",78160422,78162432,2011,"+",-2413,403
"1479","PstI.TP459121","CmD_BI_mm.48",1,78162835,"CmD_BI_mm","PCA=3(1);PS_N(2)","C124+2560(3)","","FarmCPU(1)","ISIS EM-BLASSO(1)","rrBLUP(1)","",0.06855,9.603,NA,"",NA,NA,"","Sobic.001G514500.6","Chr01",78162706,78168571,5866,"-",-129,-5736
"1480","PstI.TP459121","CmD_BI_mm.48",1,78162835,"CmD_BI_mm","PCA=3(1);PS_N(2)","C124+2560(3)","","FarmCPU(1)","ISIS EM-BLASSO(1)","rrBLUP(1)","",0.06855,9.603,NA,"",NA,NA,"","Sobic.001G514500.10","Chr01",78162706,78168589,5884,"-",-129,-5754
"1481","PstI.TP459121","CmD_BI_mm.48",1,78162835,"CmD_BI_mm","PCA=3(1);PS_N(2)","C124+2560(3)","","FarmCPU(1)","ISIS EM-BLASSO(1)","rrBLUP(1)","",0.06855,9.603,NA,"",NA,NA,"","Sobic.001G514500.4","Chr01",78162706,78168595,5890,"-",-129,-5760
"1482","PstI.TP459121","CmD_BI_mm.48",1,78162835,"CmD_BI_mm","PCA=3(1);PS_N(2)","C124+2560(3)","","FarmCPU(1)","ISIS EM-BLASSO(1)","rrBLUP(1)","",0.06855,9.603,NA,"",NA,NA,"","Sobic.001G514500.5","Chr01",78162706,78168572,5867,"-",-129,-5737
"1483","PstI.TP459121","CmD_BI_mm.48",1,78162835,"CmD_BI_mm","PCA=3(1);PS_N(2)","C124+2560(3)","","FarmCPU(1)","ISIS EM-BLASSO(1)","rrBLUP(1)","",0.06855,9.603,NA,"",NA,NA,"","Sobic.001G514500.8","Chr01",78162706,78168598,5893,"-",-129,-5763
"1484","PstI.TP459121","CmD_BI_mm.48",1,78162835,"CmD_BI_mm","PCA=3(1);PS_N(2)","C124+2560(3)","","FarmCPU(1)","ISIS EM-BLASSO(1)","rrBLUP(1)","",0.06855,9.603,NA,"",NA,NA,"","Sobic.001G514500.2","Chr01",78162706,78168595,5890,"-",-129,-5760
"1485","PstI.TP459121","CmD_BI_mm.48",1,78162835,"CmD_BI_mm","PCA=3(1);PS_N(2)","C124+2560(3)","","FarmCPU(1)","ISIS EM-BLASSO(1)","rrBLUP(1)","",0.06855,9.603,NA,"",NA,NA,"","Sobic.001G514500.10","Chr01",78162706,78168589,5884,"-",-129,-5754
"1486","PstI.TP459121","CmD_BI_mm.48",1,78162835,"CmD_BI_mm","PCA=3(1);PS_N(2)","C124+2560(3)","","FarmCPU(1)","ISIS EM-BLASSO(1)","rrBLUP(1)","",0.06855,9.603,NA,"",NA,NA,"","Sobic.001G514500.9","Chr01",78162706,78168598,5893,"-",-129,-5763
"1487","PstI.TP459121","CmD_BI_mm.48",1,78162835,"CmD_BI_mm","PCA=3(1);PS_N(2)","C124+2560(3)","","FarmCPU(1)","ISIS EM-BLASSO(1)","rrBLUP(1)","",0.06855,9.603,NA,"",NA,NA,"","Sobic.001G514500.6","Chr01",78162706,78168571,5866,"-",-129,-5736
"1488","PstI.TP459121","CmD_BI_mm.48",1,78162835,"CmD_BI_mm","PCA=3(1);PS_N(2)","C124+2560(3)","","FarmCPU(1)","ISIS EM-BLASSO(1)","rrBLUP(1)","",0.06855,9.603,NA,"",NA,NA,"","Sobic.001G514500.7","Chr01",78162706,78168624,5919,"-",-129,-5789
"1489","PstI.TP459121","CmD_BI_mm.48",1,78162835,"CmD_BI_mm","PCA=3(1);PS_N(2)","C124+2560(3)","","FarmCPU(1)","ISIS EM-BLASSO(1)","rrBLUP(1)","",0.06855,9.603,NA,"",NA,NA,"","Sobic.001G514500.5","Chr01",78162706,78168572,5867,"-",-129,-5737
"1490","PstI.TP459121","CmD_BI_mm.48",1,78162835,"CmD_BI_mm","PCA=3(1);PS_N(2)","C124+2560(3)","","FarmCPU(1)","ISIS EM-BLASSO(1)","rrBLUP(1)","",0.06855,9.603,NA,"",NA,NA,"","Sobic.001G514500.2","Chr01",78162706,78168595,5890,"-",-129,-5760
"1491","PstI.TP459121","CmD_BI_mm.48",1,78162835,"CmD_BI_mm","PCA=3(1);PS_N(2)","C124+2560(3)","","FarmCPU(1)","ISIS EM-BLASSO(1)","rrBLUP(1)","",0.06855,9.603,NA,"",NA,NA,"","Sobic.001G514500.5","Chr01",78162706,78168572,5867,"-",-129,-5737
"1492","PstI.TP459121","CmD_BI_mm.48",1,78162835,"CmD_BI_mm","PCA=3(1);PS_N(2)","C124+2560(3)","","FarmCPU(1)","ISIS EM-BLASSO(1)","rrBLUP(1)","",0.06855,9.603,NA,"",NA,NA,"","Sobic.001G514400.1","Chr01",78160422,78162432,2011,"+",-2413,403
"1493","PstI.TP459121","CmD_BI_mm.48",1,78162835,"CmD_BI_mm","PCA=3(1);PS_N(2)","C124+2560(3)","","FarmCPU(1)","ISIS EM-BLASSO(1)","rrBLUP(1)","",0.06855,9.603,NA,"",NA,NA,"","Sobic.001G514500.8","Chr01",78162706,78168598,5893,"-",-129,-5763
"1494","PstI.TP459121","CmD_BI_mm.48",1,78162835,"CmD_BI_mm","PCA=3(1);PS_N(2)","C124+2560(3)","","FarmCPU(1)","ISIS EM-BLASSO(1)","rrBLUP(1)","",0.06855,9.603,NA,"",NA,NA,"","Sobic.001G514500.3","Chr01",78162706,78168567,5862,"-",-129,-5732
"1495","PstI.TP459121","CmD_BI_mm.48",1,78162835,"CmD_BI_mm","PCA=3(1);PS_N(2)","C124+2560(3)","","FarmCPU(1)","ISIS EM-BLASSO(1)","rrBLUP(1)","",0.06855,9.603,NA,"",NA,NA,"","Sobic.001G514500.3","Chr01",78162706,78168567,5862,"-",-129,-5732
"1496","PstI.TP459121","CmD_BI_mm.48",1,78162835,"CmD_BI_mm","PCA=3(1);PS_N(2)","C124+2560(3)","","FarmCPU(1)","ISIS EM-BLASSO(1)","rrBLUP(1)","",0.06855,9.603,NA,"",NA,NA,"","Sobic.001G514500.6","Chr01",78162706,78168571,5866,"-",-129,-5736
"1497","PstI.TP459121","CmD_BI_mm.48",1,78162835,"CmD_BI_mm","PCA=3(1);PS_N(2)","C124+2560(3)","","FarmCPU(1)","ISIS EM-BLASSO(1)","rrBLUP(1)","",0.06855,9.603,NA,"",NA,NA,"","Sobic.001G514500.6","Chr01",78162706,78168571,5866,"-",-129,-5736
"1498","PstI.TP459121","CmD_BI_mm.48",1,78162835,"CmD_BI_mm","PCA=3(1);PS_N(2)","C124+2560(3)","","FarmCPU(1)","ISIS EM-BLASSO(1)","rrBLUP(1)","",0.06855,9.603,NA,"",NA,NA,"","Sobic.001G514500.5","Chr01",78162706,78168572,5867,"-",-129,-5737
"1499","PstI.TP459121","CmD_BI_mm.48",1,78162835,"CmD_BI_mm","PCA=3(1);PS_N(2)","C124+2560(3)","","FarmCPU(1)","ISIS EM-BLASSO(1)","rrBLUP(1)","",0.06855,9.603,NA,"",NA,NA,"","Sobic.001G514500.10","Chr01",78162706,78168589,5884,"-",-129,-5754
"1500","PstI.TP459121","CmD_BI_mm.48",1,78162835,"CmD_BI_mm","PCA=3(1);PS_N(2)","C124+2560(3)","","FarmCPU(1)","ISIS EM-BLASSO(1)","rrBLUP(1)","",0.06855,9.603,NA,"",NA,NA,"","Sobic.001G514500.4","Chr01",78162706,78168595,5890,"-",-129,-5760
"1501","PstI.TP459121","CmD_BI_mm.48",1,78162835,"CmD_BI_mm","PCA=3(1);PS_N(2)","C124+2560(3)","","FarmCPU(1)","ISIS EM-BLASSO(1)","rrBLUP(1)","",0.06855,9.603,NA,"",NA,NA,"","Sobic.001G514500.10","Chr01",78162706,78168589,5884,"-",-129,-5754
"1502","PstI.TP459121","CmD_BI_mm.48",1,78162835,"CmD_BI_mm","PCA=3(1);PS_N(2)","C124+2560(3)","","FarmCPU(1)","ISIS EM-BLASSO(1)","rrBLUP(1)","",0.06855,9.603,NA,"",NA,NA,"","Sobic.001G514500.5","Chr01",78162706,78168572,5867,"-",-129,-5737
"1503","PstI.TP459121","CmD_BI_mm.48",1,78162835,"CmD_BI_mm","PCA=3(1);PS_N(2)","C124+2560(3)","","FarmCPU(1)","ISIS EM-BLASSO(1)","rrBLUP(1)","",0.06855,9.603,NA,"",NA,NA,"","Sobic.001G514500.7","Chr01",78162706,78168624,5919,"-",-129,-5789
"1504","PstI.TP459121","CmD_BI_mm.48",1,78162835,"CmD_BI_mm","PCA=3(1);PS_N(2)","C124+2560(3)","","FarmCPU(1)","ISIS EM-BLASSO(1)","rrBLUP(1)","",0.06855,9.603,NA,"",NA,NA,"","Sobic.001G514500.9","Chr01",78162706,78168598,5893,"-",-129,-5763
"1505","PstI.TP459121","CmD_BI_mm.48",1,78162835,"CmD_BI_mm","PCA=3(1);PS_N(2)","C124+2560(3)","","FarmCPU(1)","ISIS EM-BLASSO(1)","rrBLUP(1)","",0.06855,9.603,NA,"",NA,NA,"","Sobic.001G514500.10","Chr01",78162706,78168589,5884,"-",-129,-5754
"1506","PstI.TP459121","CmD_BI_mm.48",1,78162835,"CmD_BI_mm","PCA=3(1);PS_N(2)","C124+2560(3)","","FarmCPU(1)","ISIS EM-BLASSO(1)","rrBLUP(1)","",0.06855,9.603,NA,"",NA,NA,"","Sobic.001G514500.2","Chr01",78162706,78168595,5890,"-",-129,-5760
"1507","PstI.TP459121","CmD_BI_mm.48",1,78162835,"CmD_BI_mm","PCA=3(1);PS_N(2)","C124+2560(3)","","FarmCPU(1)","ISIS EM-BLASSO(1)","rrBLUP(1)","",0.06855,9.603,NA,"",NA,NA,"","Sobic.001G514500.3","Chr01",78162706,78168567,5862,"-",-129,-5732
"1508","PstI.TP459121","CmD_BI_mm.48",1,78162835,"CmD_BI_mm","PCA=3(1);PS_N(2)","C124+2560(3)","","FarmCPU(1)","ISIS EM-BLASSO(1)","rrBLUP(1)","",0.06855,9.603,NA,"",NA,NA,"","Sobic.001G514400.1","Chr01",78160422,78162432,2011,"+",-2413,403
"1509","PstI.TP459121","CmD_BI_mm.48",1,78162835,"CmD_BI_mm","PCA=3(1);PS_N(2)","C124+2560(3)","","FarmCPU(1)","ISIS EM-BLASSO(1)","rrBLUP(1)","",0.06855,9.603,NA,"",NA,NA,"","Sobic.001G514500.5","Chr01",78162706,78168572,5867,"-",-129,-5737
"1510","PstI.TP459121","CmD_BI_mm.48",1,78162835,"CmD_BI_mm","PCA=3(1);PS_N(2)","C124+2560(3)","","FarmCPU(1)","ISIS EM-BLASSO(1)","rrBLUP(1)","",0.06855,9.603,NA,"",NA,NA,"","Sobic.001G514400.1","Chr01",78160422,78162432,2011,"+",-2413,403
"1511","PstI.TP459121","CmD_BI_mm.48",1,78162835,"CmD_BI_mm","PCA=3(1);PS_N(2)","C124+2560(3)","","FarmCPU(1)","ISIS EM-BLASSO(1)","rrBLUP(1)","",0.06855,9.603,NA,"",NA,NA,"","Sobic.001G514500.7","Chr01",78162706,78168624,5919,"-",-129,-5789
"1512","PstI.TP459121","CmD_BI_mm.48",1,78162835,"CmD_BI_mm","PCA=3(1);PS_N(2)","C124+2560(3)","","FarmCPU(1)","ISIS EM-BLASSO(1)","rrBLUP(1)","",0.06855,9.603,NA,"",NA,NA,"","Sobic.001G514500.2","Chr01",78162706,78168595,5890,"-",-129,-5760
"1513","PstI.TP459121","CmD_BI_mm.48",1,78162835,"CmD_BI_mm","PCA=3(1);PS_N(2)","C124+2560(3)","","FarmCPU(1)","ISIS EM-BLASSO(1)","rrBLUP(1)","",0.06855,9.603,NA,"",NA,NA,"","Sobic.001G514500.5","Chr01",78162706,78168572,5867,"-",-129,-5737
"1514","PstI.TP459121","CmD_BI_mm.48",1,78162835,"CmD_BI_mm","PCA=3(1);PS_N(2)","C124+2560(3)","","FarmCPU(1)","ISIS EM-BLASSO(1)","rrBLUP(1)","",0.06855,9.603,NA,"",NA,NA,"","Sobic.001G514500.9","Chr01",78162706,78168598,5893,"-",-129,-5763
"1515","PstI.TP459121","CmD_BI_mm.48",1,78162835,"CmD_BI_mm","PCA=3(1);PS_N(2)","C124+2560(3)","","FarmCPU(1)","ISIS EM-BLASSO(1)","rrBLUP(1)","",0.06855,9.603,NA,"",NA,NA,"","Sobic.001G514400.1","Chr01",78160422,78162432,2011,"+",-2413,403
"1516","PstI.TP459121","CmD_BI_mm.48",1,78162835,"CmD_BI_mm","PCA=3(1);PS_N(2)","C124+2560(3)","","FarmCPU(1)","ISIS EM-BLASSO(1)","rrBLUP(1)","",0.06855,9.603,NA,"",NA,NA,"","Sobic.001G514500.2","Chr01",78162706,78168595,5890,"-",-129,-5760
"1517","PstI.TP459121","CmD_BI_mm.48",1,78162835,"CmD_BI_mm","PCA=3(1);PS_N(2)","C124+2560(3)","","FarmCPU(1)","ISIS EM-BLASSO(1)","rrBLUP(1)","",0.06855,9.603,NA,"",NA,NA,"","Sobic.001G514500.7","Chr01",78162706,78168624,5919,"-",-129,-5789
"1518","PstI.TP459121","CmD_BI_mm.48",1,78162835,"CmD_BI_mm","PCA=3(1);PS_N(2)","C124+2560(3)","","FarmCPU(1)","ISIS EM-BLASSO(1)","rrBLUP(1)","",0.06855,9.603,NA,"",NA,NA,"","Sobic.001G514500.7","Chr01",78162706,78168624,5919,"-",-129,-5789
"1519","PstI.TP459121","CmD_BI_mm.48",1,78162835,"CmD_BI_mm","PCA=3(1);PS_N(2)","C124+2560(3)","","FarmCPU(1)","ISIS EM-BLASSO(1)","rrBLUP(1)","",0.06855,9.603,NA,"",NA,NA,"","Sobic.001G514500.8","Chr01",78162706,78168598,5893,"-",-129,-5763
"1520","PstI.TP459121","CmD_BI_mm.48",1,78162835,"CmD_BI_mm","PCA=3(1);PS_N(2)","C124+2560(3)","","FarmCPU(1)","ISIS EM-BLASSO(1)","rrBLUP(1)","",0.06855,9.603,NA,"",NA,NA,"","Sobic.001G514500.4","Chr01",78162706,78168595,5890,"-",-129,-5760
"1521","PstI.TP459121","CmD_BI_mm.48",1,78162835,"CmD_BI_mm","PCA=3(1);PS_N(2)","C124+2560(3)","","FarmCPU(1)","ISIS EM-BLASSO(1)","rrBLUP(1)","",0.06855,9.603,NA,"",NA,NA,"","Sobic.001G514500.4","Chr01",78162706,78168595,5890,"-",-129,-5760
"1522","PstI.TP459121","CmD_BI_mm.48",1,78162835,"CmD_BI_mm","PCA=3(1);PS_N(2)","C124+2560(3)","","FarmCPU(1)","ISIS EM-BLASSO(1)","rrBLUP(1)","",0.06855,9.603,NA,"",NA,NA,"","Sobic.001G514500.8","Chr01",78162706,78168598,5893,"-",-129,-5763
"1523","PstI.TP459121","CmD_BI_mm.48",1,78162835,"CmD_BI_mm","PCA=3(1);PS_N(2)","C124+2560(3)","","FarmCPU(1)","ISIS EM-BLASSO(1)","rrBLUP(1)","",0.06855,9.603,NA,"",NA,NA,"","Sobic.001G514500.3","Chr01",78162706,78168567,5862,"-",-129,-5732
"1524","PstI.TP459121","CmD_BI_mm.48",1,78162835,"CmD_BI_mm","PCA=3(1);PS_N(2)","C124+2560(3)","","FarmCPU(1)","ISIS EM-BLASSO(1)","rrBLUP(1)","",0.06855,9.603,NA,"",NA,NA,"","Sobic.001G514500.6","Chr01",78162706,78168571,5866,"-",-129,-5736
"1525","PstI.TP459121","CmD_BI_mm.48",1,78162835,"CmD_BI_mm","PCA=3(1);PS_N(2)","C124+2560(3)","","FarmCPU(1)","ISIS EM-BLASSO(1)","rrBLUP(1)","",0.06855,9.603,NA,"",NA,NA,"","Sobic.001G514500.8","Chr01",78162706,78168598,5893,"-",-129,-5763
"1526","PstI.TP459121","CmD_BI_mm.48",1,78162835,"CmD_BI_mm","PCA=3(1);PS_N(2)","C124+2560(3)","","FarmCPU(1)","ISIS EM-BLASSO(1)","rrBLUP(1)","",0.06855,9.603,NA,"",NA,NA,"","Sobic.001G514500.8","Chr01",78162706,78168598,5893,"-",-129,-5763
"1527","PstI.TP459121","CmD_BI_mm.48",1,78162835,"CmD_BI_mm","PCA=3(1);PS_N(2)","C124+2560(3)","","FarmCPU(1)","ISIS EM-BLASSO(1)","rrBLUP(1)","",0.06855,9.603,NA,"",NA,NA,"","Sobic.001G514500.4","Chr01",78162706,78168595,5890,"-",-129,-5760
"1528","PstI.TP459121","CmD_BI_mm.48",1,78162835,"CmD_BI_mm","PCA=3(1);PS_N(2)","C124+2560(3)","","FarmCPU(1)","ISIS EM-BLASSO(1)","rrBLUP(1)","",0.06855,9.603,NA,"",NA,NA,"","Sobic.001G514500.7","Chr01",78162706,78168624,5919,"-",-129,-5789
"1529","PstI.TP459121","CmD_BI_mm.48",1,78162835,"CmD_BI_mm","PCA=3(1);PS_N(2)","C124+2560(3)","","FarmCPU(1)","ISIS EM-BLASSO(1)","rrBLUP(1)","",0.06855,9.603,NA,"",NA,NA,"","Sobic.001G514500.7","Chr01",78162706,78168624,5919,"-",-129,-5789
"1530","PstI.TP459121","CmD_BI_mm.48",1,78162835,"CmD_BI_mm","PCA=3(1);PS_N(2)","C124+2560(3)","","FarmCPU(1)","ISIS EM-BLASSO(1)","rrBLUP(1)","",0.06855,9.603,NA,"",NA,NA,"","Sobic.001G514400.1","Chr01",78160422,78162432,2011,"+",-2413,403
"1531","PstI.TP459121","CmD_BI_mm.48",1,78162835,"CmD_BI_mm","PCA=3(1);PS_N(2)","C124+2560(3)","","FarmCPU(1)","ISIS EM-BLASSO(1)","rrBLUP(1)","",0.06855,9.603,NA,"",NA,NA,"","Sobic.001G514400.1","Chr01",78160422,78162432,2011,"+",-2413,403
"1532","PstI.TP459121","CmD_BI_mm.48",1,78162835,"CmD_BI_mm","PCA=3(1);PS_N(2)","C124+2560(3)","","FarmCPU(1)","ISIS EM-BLASSO(1)","rrBLUP(1)","",0.06855,9.603,NA,"",NA,NA,"","Sobic.001G514500.8","Chr01",78162706,78168598,5893,"-",-129,-5763
"1533","PstI.TP459121","CmD_BI_mm.48",1,78162835,"CmD_BI_mm","PCA=3(1);PS_N(2)","C124+2560(3)","","FarmCPU(1)","ISIS EM-BLASSO(1)","rrBLUP(1)","",0.06855,9.603,NA,"",NA,NA,"","Sobic.001G514500.9","Chr01",78162706,78168598,5893,"-",-129,-5763
"1534","PstI.TP459121","CmD_BI_mm.48",1,78162835,"CmD_BI_mm","PCA=3(1);PS_N(2)","C124+2560(3)","","FarmCPU(1)","ISIS EM-BLASSO(1)","rrBLUP(1)","",0.06855,9.603,NA,"",NA,NA,"","Sobic.001G514500.4","Chr01",78162706,78168595,5890,"-",-129,-5760
"1535","PstI.TP459121","CmD_BI_mm.48",1,78162835,"CmD_BI_mm","PCA=3(1);PS_N(2)","C124+2560(3)","","FarmCPU(1)","ISIS EM-BLASSO(1)","rrBLUP(1)","",0.06855,9.603,NA,"",NA,NA,"","Sobic.001G514500.2","Chr01",78162706,78168595,5890,"-",-129,-5760
"1536","PstI.TP459121","CmD_BI_mm.48",1,78162835,"CmD_BI_mm","PCA=3(1);PS_N(2)","C124+2560(3)","","FarmCPU(1)","ISIS EM-BLASSO(1)","rrBLUP(1)","",0.06855,9.603,NA,"",NA,NA,"","Sobic.001G514500.3","Chr01",78162706,78168567,5862,"-",-129,-5732
"1537","PstI.TP459121","CmD_BI_mm.48",1,78162835,"CmD_BI_mm","PCA=3(1);PS_N(2)","C124+2560(3)","","FarmCPU(1)","ISIS EM-BLASSO(1)","rrBLUP(1)","",0.06855,9.603,NA,"",NA,NA,"","Sobic.001G514500.7","Chr01",78162706,78168624,5919,"-",-129,-5789
"1538","PstI.TP459121","CmD_BI_mm.48",1,78162835,"CmD_BI_mm","PCA=3(1);PS_N(2)","C124+2560(3)","","FarmCPU(1)","ISIS EM-BLASSO(1)","rrBLUP(1)","",0.06855,9.603,NA,"",NA,NA,"","Sobic.001G514500.6","Chr01",78162706,78168571,5866,"-",-129,-5736
"1539","PstI.TP459121","CmD_BI_mm.48",1,78162835,"CmD_BI_mm","PCA=3(1);PS_N(2)","C124+2560(3)","","FarmCPU(1)","ISIS EM-BLASSO(1)","rrBLUP(1)","",0.06855,9.603,NA,"",NA,NA,"","Sobic.001G514500.8","Chr01",78162706,78168598,5893,"-",-129,-5763
"1540","PstI.TP459121","CmD_BI_mm.48",1,78162835,"CmD_BI_mm","PCA=3(1);PS_N(2)","C124+2560(3)","","FarmCPU(1)","ISIS EM-BLASSO(1)","rrBLUP(1)","",0.06855,9.603,NA,"",NA,NA,"","Sobic.001G514500.9","Chr01",78162706,78168598,5893,"-",-129,-5763
"1541","PstI.TP459121","CmD_BI_mm.48",1,78162835,"CmD_BI_mm","PCA=3(1);PS_N(2)","C124+2560(3)","","FarmCPU(1)","ISIS EM-BLASSO(1)","rrBLUP(1)","",0.06855,9.603,NA,"",NA,NA,"","Sobic.001G514500.10","Chr01",78162706,78168589,5884,"-",-129,-5754
"1542","PstI.TP459121","CmD_BI_mm.48",1,78162835,"CmD_BI_mm","PCA=3(1);PS_N(2)","C124+2560(3)","","FarmCPU(1)","ISIS EM-BLASSO(1)","rrBLUP(1)","",0.06855,9.603,NA,"",NA,NA,"","Sobic.001G514500.2","Chr01",78162706,78168595,5890,"-",-129,-5760
"1543","PstI.TP459121","CmD_BI_mm.48",1,78162835,"CmD_BI_mm","PCA=3(1);PS_N(2)","C124+2560(3)","","FarmCPU(1)","ISIS EM-BLASSO(1)","rrBLUP(1)","",0.06855,9.603,NA,"",NA,NA,"","Sobic.001G514500.9","Chr01",78162706,78168598,5893,"-",-129,-5763
"1544","PstI.TP459121","CmD_BI_mm.48",1,78162835,"CmD_BI_mm","PCA=3(1);PS_N(2)","C124+2560(3)","","FarmCPU(1)","ISIS EM-BLASSO(1)","rrBLUP(1)","",0.06855,9.603,NA,"",NA,NA,"","Sobic.001G514500.10","Chr01",78162706,78168589,5884,"-",-129,-5754
"1545","PstI.TP459121","CmD_BI_mm.48",1,78162835,"CmD_BI_mm","PCA=3(1);PS_N(2)","C124+2560(3)","","FarmCPU(1)","ISIS EM-BLASSO(1)","rrBLUP(1)","",0.06855,9.603,NA,"",NA,NA,"","Sobic.001G514500.9","Chr01",78162706,78168598,5893,"-",-129,-5763
"1546","PstI.TP459121","CmD_BI_mm.48",1,78162835,"CmD_BI_mm","PCA=3(1);PS_N(2)","C124+2560(3)","","FarmCPU(1)","ISIS EM-BLASSO(1)","rrBLUP(1)","",0.06855,9.603,NA,"",NA,NA,"","Sobic.001G514500.3","Chr01",78162706,78168567,5862,"-",-129,-5732
"1547","PstI.TP459121","CmD_BI_mm.48",1,78162835,"CmD_BI_mm","PCA=3(1);PS_N(2)","C124+2560(3)","","FarmCPU(1)","ISIS EM-BLASSO(1)","rrBLUP(1)","",0.06855,9.603,NA,"",NA,NA,"","Sobic.001G514500.9","Chr01",78162706,78168598,5893,"-",-129,-5763
"1548","PstI.TP459121","CmD_BI_mm.48",1,78162835,"CmD_BI_mm","PCA=3(1);PS_N(2)","C124+2560(3)","","FarmCPU(1)","ISIS EM-BLASSO(1)","rrBLUP(1)","",0.06855,9.603,NA,"",NA,NA,"","Sobic.001G514500.6","Chr01",78162706,78168571,5866,"-",-129,-5736
"1549","PstI.TP459121","CmD_BI_mm.48",1,78162835,"CmD_BI_mm","PCA=3(1);PS_N(2)","C124+2560(3)","","FarmCPU(1)","ISIS EM-BLASSO(1)","rrBLUP(1)","",0.06855,9.603,NA,"",NA,NA,"","Sobic.001G514500.3","Chr01",78162706,78168567,5862,"-",-129,-5732
"1550","PstI.TP459121","CmD_BI_mm.48",1,78162835,"CmD_BI_mm","PCA=3(1);PS_N(2)","C124+2560(3)","","FarmCPU(1)","ISIS EM-BLASSO(1)","rrBLUP(1)","",0.06855,9.603,NA,"",NA,NA,"","Sobic.001G514500.10","Chr01",78162706,78168589,5884,"-",-129,-5754
"1551","PstI.TP459121","CmD_BI_mm.48",1,78162835,"CmD_BI_mm","PCA=3(1);PS_N(2)","C124+2560(3)","","FarmCPU(1)","ISIS EM-BLASSO(1)","rrBLUP(1)","",0.06855,9.603,NA,"",NA,NA,"","Sobic.001G514500.3","Chr01",78162706,78168567,5862,"-",-129,-5732
"1552","PstI.TP459121","CmD_BI_mm.48",1,78162835,"CmD_BI_mm","PCA=3(1);PS_N(2)","C124+2560(3)","","FarmCPU(1)","ISIS EM-BLASSO(1)","rrBLUP(1)","",0.06855,9.603,NA,"",NA,NA,"","Sobic.001G514500.4","Chr01",78162706,78168595,5890,"-",-129,-5760
"1553","PstI.TP459121","CmD_BI_mm.48",1,78162835,"CmD_BI_mm","PCA=3(1);PS_N(2)","C124+2560(3)","","FarmCPU(1)","ISIS EM-BLASSO(1)","rrBLUP(1)","",0.06855,9.603,NA,"",NA,NA,"","Sobic.001G514500.6","Chr01",78162706,78168571,5866,"-",-129,-5736
"1554","PstI.TP459121","CmD_BI_mm.48",1,78162835,"CmD_BI_mm","PCA=3(1);PS_N(2)","C124+2560(3)","","FarmCPU(1)","ISIS EM-BLASSO(1)","rrBLUP(1)","",0.06855,9.603,NA,"",NA,NA,"","Sobic.001G514500.4","Chr01",78162706,78168595,5890,"-",-129,-5760
"1555","PstI.TP459121","CmD_BI_mm.48",1,78162835,"CmD_BI_mm","PCA=3(1);PS_N(2)","C124+2560(3)","","FarmCPU(1)","ISIS EM-BLASSO(1)","rrBLUP(1)","",0.06855,9.603,NA,"",NA,NA,"","Sobic.001G514500.5","Chr01",78162706,78168572,5867,"-",-129,-5737
"1556","PstI.TP459121","CmD_BI_mm.48",1,78162835,"CmD_BI_mm","PCA=3(1);PS_N(2)","C124+2560(3)","","FarmCPU(1)","ISIS EM-BLASSO(1)","rrBLUP(1)","",0.06855,9.603,NA,"",NA,NA,"","Sobic.001G514400.1","Chr01",78160422,78162432,2011,"+",-2413,403
"1557","PstI.TP459121","CmD_BI_mm.48",1,78162835,"CmD_BI_mm","PCA=3(1);PS_N(2)","C124+2560(3)","","FarmCPU(1)","ISIS EM-BLASSO(1)","rrBLUP(1)","",0.06855,9.603,NA,"",NA,NA,"","Sobic.001G514500.2","Chr01",78162706,78168595,5890,"-",-129,-5760
"1558","PstI.TP459121","CmD_BI_mm.48",1,78162835,"CmD_BI_mm","PCA=3(1);PS_N(2)","C124+2560(3)","","FarmCPU(1)","ISIS EM-BLASSO(1)","rrBLUP(1)","",0.06855,9.603,NA,"",NA,NA,"","Sobic.001G514400.1","Chr01",78160422,78162432,2011,"+",-2413,403
"1559","PstI.TP459121","CmD_BI_mm.48",1,78162835,"CmD_BI_mm","PCA=3(1);PS_N(2)","C124+2560(3)","","FarmCPU(1)","ISIS EM-BLASSO(1)","rrBLUP(1)","",0.06855,9.603,NA,"",NA,NA,"","Sobic.001G514500.6","Chr01",78162706,78168571,5866,"-",-129,-5736
"1560","PstI.TP459121","CmD_BI_mm.48",1,78162835,"CmD_BI_mm","PCA=3(1);PS_N(2)","C124+2560(3)","","FarmCPU(1)","ISIS EM-BLASSO(1)","rrBLUP(1)","",0.06855,9.603,NA,"",NA,NA,"","Sobic.001G514500.10","Chr01",78162706,78168589,5884,"-",-129,-5754
"1561","PstI.TP459121","CmD_BI_mm.48",1,78162835,"CmD_BI_mm","PCA=3(1);PS_N(2)","C124+2560(3)","","FarmCPU(1)","ISIS EM-BLASSO(1)","rrBLUP(1)","",0.06855,9.603,NA,"",NA,NA,"","Sobic.001G514500.4","Chr01",78162706,78168595,5890,"-",-129,-5760
"1562","PstI.TP459121","CmD_BI_mm.48",1,78162835,"CmD_BI_mm","PCA=3(1);PS_N(2)","C124+2560(3)","","FarmCPU(1)","ISIS EM-BLASSO(1)","rrBLUP(1)","",0.06855,9.603,NA,"",NA,NA,"","Sobic.001G514500.5","Chr01",78162706,78168572,5867,"-",-129,-5737
"1563","PstI.TP459121","CmD_BI_mm.48",1,78162835,"CmD_BI_mm","PCA=3(1);PS_N(2)","C124+2560(3)","","FarmCPU(1)","ISIS EM-BLASSO(1)","rrBLUP(1)","",0.06855,9.603,NA,"",NA,NA,"","Sobic.001G514500.8","Chr01",78162706,78168598,5893,"-",-129,-5763
"1564","PstI.TP459121","CmD_BI_mm.48",1,78162835,"CmD_BI_mm","PCA=3(1);PS_N(2)","C124+2560(3)","","FarmCPU(1)","ISIS EM-BLASSO(1)","rrBLUP(1)","",0.06855,9.603,NA,"",NA,NA,"","Sobic.001G514500.2","Chr01",78162706,78168595,5890,"-",-129,-5760
"1565","PstI.TP459121","CmD_BI_mm.48",1,78162835,"CmD_BI_mm","PCA=3(1);PS_N(2)","C124+2560(3)","","FarmCPU(1)","ISIS EM-BLASSO(1)","rrBLUP(1)","",0.06855,9.603,NA,"",NA,NA,"","Sobic.001G514500.10","Chr01",78162706,78168589,5884,"-",-129,-5754
"1566","PstI.TP459121","CmD_BI_mm.48",1,78162835,"CmD_BI_mm","PCA=3(1);PS_N(2)","C124+2560(3)","","FarmCPU(1)","ISIS EM-BLASSO(1)","rrBLUP(1)","",0.06855,9.603,NA,"",NA,NA,"","Sobic.001G514500.9","Chr01",78162706,78168598,5893,"-",-129,-5763
"1567","PstI.TP459121","CmD_BI_mm.48",1,78162835,"CmD_BI_mm","PCA=3(1);PS_N(2)","C124+2560(3)","","FarmCPU(1)","ISIS EM-BLASSO(1)","rrBLUP(1)","",0.06855,9.603,NA,"",NA,NA,"","Sobic.001G514500.6","Chr01",78162706,78168571,5866,"-",-129,-5736
"1568","PstI.TP459121","CmD_BI_mm.48",1,78162835,"CmD_BI_mm","PCA=3(1);PS_N(2)","C124+2560(3)","","FarmCPU(1)","ISIS EM-BLASSO(1)","rrBLUP(1)","",0.06855,9.603,NA,"",NA,NA,"","Sobic.001G514500.7","Chr01",78162706,78168624,5919,"-",-129,-5789
"1569","PstI.TP459121","CmD_BI_mm.48",1,78162835,"CmD_BI_mm","PCA=3(1);PS_N(2)","C124+2560(3)","","FarmCPU(1)","ISIS EM-BLASSO(1)","rrBLUP(1)","",0.06855,9.603,NA,"",NA,NA,"","Sobic.001G514500.5","Chr01",78162706,78168572,5867,"-",-129,-5737
"1570","PstI.TP459121","CmD_BI_mm.48",1,78162835,"CmD_BI_mm","PCA=3(1);PS_N(2)","C124+2560(3)","","FarmCPU(1)","ISIS EM-BLASSO(1)","rrBLUP(1)","",0.06855,9.603,NA,"",NA,NA,"","Sobic.001G514500.2","Chr01",78162706,78168595,5890,"-",-129,-5760
"1571","PstI.TP459121","CmD_BI_mm.48",1,78162835,"CmD_BI_mm","PCA=3(1);PS_N(2)","C124+2560(3)","","FarmCPU(1)","ISIS EM-BLASSO(1)","rrBLUP(1)","",0.06855,9.603,NA,"",NA,NA,"","Sobic.001G514500.5","Chr01",78162706,78168572,5867,"-",-129,-5737
"1572","PstI.TP459121","CmD_BI_mm.48",1,78162835,"CmD_BI_mm","PCA=3(1);PS_N(2)","C124+2560(3)","","FarmCPU(1)","ISIS EM-BLASSO(1)","rrBLUP(1)","",0.06855,9.603,NA,"",NA,NA,"","Sobic.001G514400.1","Chr01",78160422,78162432,2011,"+",-2413,403
"1573","PstI.TP459121","CmD_BI_mm.48",1,78162835,"CmD_BI_mm","PCA=3(1);PS_N(2)","C124+2560(3)","","FarmCPU(1)","ISIS EM-BLASSO(1)","rrBLUP(1)","",0.06855,9.603,NA,"",NA,NA,"","Sobic.001G514500.8","Chr01",78162706,78168598,5893,"-",-129,-5763
"1574","PstI.TP459121","CmD_BI_mm.48",1,78162835,"CmD_BI_mm","PCA=3(1);PS_N(2)","C124+2560(3)","","FarmCPU(1)","ISIS EM-BLASSO(1)","rrBLUP(1)","",0.06855,9.603,NA,"",NA,NA,"","Sobic.001G514500.3","Chr01",78162706,78168567,5862,"-",-129,-5732
"1575","PstI.TP459121","CmD_BI_mm.48",1,78162835,"CmD_BI_mm","PCA=3(1);PS_N(2)","C124+2560(3)","","FarmCPU(1)","ISIS EM-BLASSO(1)","rrBLUP(1)","",0.06855,9.603,NA,"",NA,NA,"","Sobic.001G514500.3","Chr01",78162706,78168567,5862,"-",-129,-5732
"1576","PstI.TP459121","CmD_BI_mm.48",1,78162835,"CmD_BI_mm","PCA=3(1);PS_N(2)","C124+2560(3)","","FarmCPU(1)","ISIS EM-BLASSO(1)","rrBLUP(1)","",0.06855,9.603,NA,"",NA,NA,"","Sobic.001G514500.6","Chr01",78162706,78168571,5866,"-",-129,-5736
"1577","PstI.TP459121","CmD_BI_mm.48",1,78162835,"CmD_BI_mm","PCA=3(1);PS_N(2)","C124+2560(3)","","FarmCPU(1)","ISIS EM-BLASSO(1)","rrBLUP(1)","",0.06855,9.603,NA,"",NA,NA,"","Sobic.001G514500.6","Chr01",78162706,78168571,5866,"-",-129,-5736
"1578","PstI.TP459121","CmD_BI_mm.48",1,78162835,"CmD_BI_mm","PCA=3(1);PS_N(2)","C124+2560(3)","","FarmCPU(1)","ISIS EM-BLASSO(1)","rrBLUP(1)","",0.06855,9.603,NA,"",NA,NA,"","Sobic.001G514500.5","Chr01",78162706,78168572,5867,"-",-129,-5737
"1579","PstI.TP459121","CmD_BI_mm.48",1,78162835,"CmD_BI_mm","PCA=3(1);PS_N(2)","C124+2560(3)","","FarmCPU(1)","ISIS EM-BLASSO(1)","rrBLUP(1)","",0.06855,9.603,NA,"",NA,NA,"","Sobic.001G514500.10","Chr01",78162706,78168589,5884,"-",-129,-5754
"1580","PstI.TP459121","CmD_BI_mm.48",1,78162835,"CmD_BI_mm","PCA=3(1);PS_N(2)","C124+2560(3)","","FarmCPU(1)","ISIS EM-BLASSO(1)","rrBLUP(1)","",0.06855,9.603,NA,"",NA,NA,"","Sobic.001G514500.4","Chr01",78162706,78168595,5890,"-",-129,-5760
"1581","PstI.TP459121","CmD_BI_mm.48",1,78162835,"CmD_BI_mm","PCA=3(1);PS_N(2)","C124+2560(3)","","FarmCPU(1)","ISIS EM-BLASSO(1)","rrBLUP(1)","",0.06855,9.603,NA,"",NA,NA,"","Sobic.001G514500.10","Chr01",78162706,78168589,5884,"-",-129,-5754
"1582","PstI.TP459121","CmD_BI_mm.48",1,78162835,"CmD_BI_mm","PCA=3(1);PS_N(2)","C124+2560(3)","","FarmCPU(1)","ISIS EM-BLASSO(1)","rrBLUP(1)","",0.06855,9.603,NA,"",NA,NA,"","Sobic.001G514500.5","Chr01",78162706,78168572,5867,"-",-129,-5737
"1583","PstI.TP459121","CmD_BI_mm.48",1,78162835,"CmD_BI_mm","PCA=3(1);PS_N(2)","C124+2560(3)","","FarmCPU(1)","ISIS EM-BLASSO(1)","rrBLUP(1)","",0.06855,9.603,NA,"",NA,NA,"","Sobic.001G514500.7","Chr01",78162706,78168624,5919,"-",-129,-5789
"1584","PstI.TP459121","CmD_BI_mm.48",1,78162835,"CmD_BI_mm","PCA=3(1);PS_N(2)","C124+2560(3)","","FarmCPU(1)","ISIS EM-BLASSO(1)","rrBLUP(1)","",0.06855,9.603,NA,"",NA,NA,"","Sobic.001G514500.9","Chr01",78162706,78168598,5893,"-",-129,-5763
"1585","PstI.TP459121","CmD_BI_mm.48",1,78162835,"CmD_BI_mm","PCA=3(1);PS_N(2)","C124+2560(3)","","FarmCPU(1)","ISIS EM-BLASSO(1)","rrBLUP(1)","",0.06855,9.603,NA,"",NA,NA,"","Sobic.001G514500.10","Chr01",78162706,78168589,5884,"-",-129,-5754
"1586","PstI.TP459121","CmD_BI_mm.48",1,78162835,"CmD_BI_mm","PCA=3(1);PS_N(2)","C124+2560(3)","","FarmCPU(1)","ISIS EM-BLASSO(1)","rrBLUP(1)","",0.06855,9.603,NA,"",NA,NA,"","Sobic.001G514500.2","Chr01",78162706,78168595,5890,"-",-129,-5760
"1587","PstI.TP459121","CmD_BI_mm.48",1,78162835,"CmD_BI_mm","PCA=3(1);PS_N(2)","C124+2560(3)","","FarmCPU(1)","ISIS EM-BLASSO(1)","rrBLUP(1)","",0.06855,9.603,NA,"",NA,NA,"","Sobic.001G514500.3","Chr01",78162706,78168567,5862,"-",-129,-5732
"1588","PstI.TP459121","CmD_BI_mm.48",1,78162835,"CmD_BI_mm","PCA=3(1);PS_N(2)","C124+2560(3)","","FarmCPU(1)","ISIS EM-BLASSO(1)","rrBLUP(1)","",0.06855,9.603,NA,"",NA,NA,"","Sobic.001G514400.1","Chr01",78160422,78162432,2011,"+",-2413,403
"1589","PstI.TP459121","CmD_BI_mm.48",1,78162835,"CmD_BI_mm","PCA=3(1);PS_N(2)","C124+2560(3)","","FarmCPU(1)","ISIS EM-BLASSO(1)","rrBLUP(1)","",0.06855,9.603,NA,"",NA,NA,"","Sobic.001G514500.5","Chr01",78162706,78168572,5867,"-",-129,-5737
"1590","PstI.TP459121","CmD_BI_mm.48",1,78162835,"CmD_BI_mm","PCA=3(1);PS_N(2)","C124+2560(3)","","FarmCPU(1)","ISIS EM-BLASSO(1)","rrBLUP(1)","",0.06855,9.603,NA,"",NA,NA,"","Sobic.001G514400.1","Chr01",78160422,78162432,2011,"+",-2413,403
"1591","PstI.TP459121","CmD_BI_mm.48",1,78162835,"CmD_BI_mm","PCA=3(1);PS_N(2)","C124+2560(3)","","FarmCPU(1)","ISIS EM-BLASSO(1)","rrBLUP(1)","",0.06855,9.603,NA,"",NA,NA,"","Sobic.001G514500.7","Chr01",78162706,78168624,5919,"-",-129,-5789
"1592","PstI.TP459121","CmD_BI_mm.48",1,78162835,"CmD_BI_mm","PCA=3(1);PS_N(2)","C124+2560(3)","","FarmCPU(1)","ISIS EM-BLASSO(1)","rrBLUP(1)","",0.06855,9.603,NA,"",NA,NA,"","Sobic.001G514500.2","Chr01",78162706,78168595,5890,"-",-129,-5760
"1593","PstI.TP459121","CmD_BI_mm.48",1,78162835,"CmD_BI_mm","PCA=3(1);PS_N(2)","C124+2560(3)","","FarmCPU(1)","ISIS EM-BLASSO(1)","rrBLUP(1)","",0.06855,9.603,NA,"",NA,NA,"","Sobic.001G514500.5","Chr01",78162706,78168572,5867,"-",-129,-5737
"1594","PstI.TP459121","CmD_BI_mm.48",1,78162835,"CmD_BI_mm","PCA=3(1);PS_N(2)","C124+2560(3)","","FarmCPU(1)","ISIS EM-BLASSO(1)","rrBLUP(1)","",0.06855,9.603,NA,"",NA,NA,"","Sobic.001G514500.9","Chr01",78162706,78168598,5893,"-",-129,-5763
"1595","PstI.TP459121","CmD_BI_mm.48",1,78162835,"CmD_BI_mm","PCA=3(1);PS_N(2)","C124+2560(3)","","FarmCPU(1)","ISIS EM-BLASSO(1)","rrBLUP(1)","",0.06855,9.603,NA,"",NA,NA,"","Sobic.001G514400.1","Chr01",78160422,78162432,2011,"+",-2413,403
"1596","PstI.TP459121","CmD_BI_mm.48",1,78162835,"CmD_BI_mm","PCA=3(1);PS_N(2)","C124+2560(3)","","FarmCPU(1)","ISIS EM-BLASSO(1)","rrBLUP(1)","",0.06855,9.603,NA,"",NA,NA,"","Sobic.001G514500.2","Chr01",78162706,78168595,5890,"-",-129,-5760
"1597","PstI.TP459121","CmD_BI_mm.48",1,78162835,"CmD_BI_mm","PCA=3(1);PS_N(2)","C124+2560(3)","","FarmCPU(1)","ISIS EM-BLASSO(1)","rrBLUP(1)","",0.06855,9.603,NA,"",NA,NA,"","Sobic.001G514500.7","Chr01",78162706,78168624,5919,"-",-129,-5789
"1598","PstI.TP459121","CmD_BI_mm.48",1,78162835,"CmD_BI_mm","PCA=3(1);PS_N(2)","C124+2560(3)","","FarmCPU(1)","ISIS EM-BLASSO(1)","rrBLUP(1)","",0.06855,9.603,NA,"",NA,NA,"","Sobic.001G514500.7","Chr01",78162706,78168624,5919,"-",-129,-5789
"1599","PstI.TP459121","CmD_BI_mm.48",1,78162835,"CmD_BI_mm","PCA=3(1);PS_N(2)","C124+2560(3)","","FarmCPU(1)","ISIS EM-BLASSO(1)","rrBLUP(1)","",0.06855,9.603,NA,"",NA,NA,"","Sobic.001G514500.8","Chr01",78162706,78168598,5893,"-",-129,-5763
"1600","PstI.TP459121","CmD_BI_mm.48",1,78162835,"CmD_BI_mm","PCA=3(1);PS_N(2)","C124+2560(3)","","FarmCPU(1)","ISIS EM-BLASSO(1)","rrBLUP(1)","",0.06855,9.603,NA,"",NA,NA,"","Sobic.001G514500.4","Chr01",78162706,78168595,5890,"-",-129,-5760
"1601","PstI.TP459121","CmD_BI_mm.48",1,78162835,"CmD_BI_mm","PCA=3(1);PS_N(2)","C124+2560(3)","","FarmCPU(1)","ISIS EM-BLASSO(1)","rrBLUP(1)","",0.06855,9.603,NA,"",NA,NA,"","Sobic.001G514500.4","Chr01",78162706,78168595,5890,"-",-129,-5760
"1602","PstI.TP459121","CmD_BI_mm.48",1,78162835,"CmD_BI_mm","PCA=3(1);PS_N(2)","C124+2560(3)","","FarmCPU(1)","ISIS EM-BLASSO(1)","rrBLUP(1)","",0.06855,9.603,NA,"",NA,NA,"","Sobic.001G514500.8","Chr01",78162706,78168598,5893,"-",-129,-5763
"1603","PstI.TP459121","CmD_BI_mm.48",1,78162835,"CmD_BI_mm","PCA=3(1);PS_N(2)","C124+2560(3)","","FarmCPU(1)","ISIS EM-BLASSO(1)","rrBLUP(1)","",0.06855,9.603,NA,"",NA,NA,"","Sobic.001G514500.3","Chr01",78162706,78168567,5862,"-",-129,-5732
"1604","PstI.TP459121","CmD_BI_mm.48",1,78162835,"CmD_BI_mm","PCA=3(1);PS_N(2)","C124+2560(3)","","FarmCPU(1)","ISIS EM-BLASSO(1)","rrBLUP(1)","",0.06855,9.603,NA,"",NA,NA,"","Sobic.001G514500.6","Chr01",78162706,78168571,5866,"-",-129,-5736
"1605","PstI.TP459121","CmDW_g.44",1,78162835,"CmDW_g","PCA=3(1);PS_N(2)","C124+2560(3)","","FarmCPU(1)","pKWmEB(1)","rrBLUP(1)","",0.06855,9.911,NA,"",NA,NA,"","Sobic.001G514500.8","Chr01",78162706,78168598,5893,"-",-129,-5763
"1606","PstI.TP459121","CmDW_g.44",1,78162835,"CmDW_g","PCA=3(1);PS_N(2)","C124+2560(3)","","FarmCPU(1)","pKWmEB(1)","rrBLUP(1)","",0.06855,9.911,NA,"",NA,NA,"","Sobic.001G514500.8","Chr01",78162706,78168598,5893,"-",-129,-5763
"1607","PstI.TP459121","CmDW_g.44",1,78162835,"CmDW_g","PCA=3(1);PS_N(2)","C124+2560(3)","","FarmCPU(1)","pKWmEB(1)","rrBLUP(1)","",0.06855,9.911,NA,"",NA,NA,"","Sobic.001G514500.4","Chr01",78162706,78168595,5890,"-",-129,-5760
"1608","PstI.TP459121","CmDW_g.44",1,78162835,"CmDW_g","PCA=3(1);PS_N(2)","C124+2560(3)","","FarmCPU(1)","pKWmEB(1)","rrBLUP(1)","",0.06855,9.911,NA,"",NA,NA,"","Sobic.001G514500.7","Chr01",78162706,78168624,5919,"-",-129,-5789
"1609","PstI.TP459121","CmDW_g.44",1,78162835,"CmDW_g","PCA=3(1);PS_N(2)","C124+2560(3)","","FarmCPU(1)","pKWmEB(1)","rrBLUP(1)","",0.06855,9.911,NA,"",NA,NA,"","Sobic.001G514500.7","Chr01",78162706,78168624,5919,"-",-129,-5789
"1610","PstI.TP459121","CmDW_g.44",1,78162835,"CmDW_g","PCA=3(1);PS_N(2)","C124+2560(3)","","FarmCPU(1)","pKWmEB(1)","rrBLUP(1)","",0.06855,9.911,NA,"",NA,NA,"","Sobic.001G514400.1","Chr01",78160422,78162432,2011,"+",-2413,403
"1611","PstI.TP459121","CmDW_g.44",1,78162835,"CmDW_g","PCA=3(1);PS_N(2)","C124+2560(3)","","FarmCPU(1)","pKWmEB(1)","rrBLUP(1)","",0.06855,9.911,NA,"",NA,NA,"","Sobic.001G514400.1","Chr01",78160422,78162432,2011,"+",-2413,403
"1612","PstI.TP459121","CmDW_g.44",1,78162835,"CmDW_g","PCA=3(1);PS_N(2)","C124+2560(3)","","FarmCPU(1)","pKWmEB(1)","rrBLUP(1)","",0.06855,9.911,NA,"",NA,NA,"","Sobic.001G514500.8","Chr01",78162706,78168598,5893,"-",-129,-5763
"1613","PstI.TP459121","CmDW_g.44",1,78162835,"CmDW_g","PCA=3(1);PS_N(2)","C124+2560(3)","","FarmCPU(1)","pKWmEB(1)","rrBLUP(1)","",0.06855,9.911,NA,"",NA,NA,"","Sobic.001G514500.9","Chr01",78162706,78168598,5893,"-",-129,-5763
"1614","PstI.TP459121","CmDW_g.44",1,78162835,"CmDW_g","PCA=3(1);PS_N(2)","C124+2560(3)","","FarmCPU(1)","pKWmEB(1)","rrBLUP(1)","",0.06855,9.911,NA,"",NA,NA,"","Sobic.001G514500.4","Chr01",78162706,78168595,5890,"-",-129,-5760
"1615","PstI.TP459121","CmDW_g.44",1,78162835,"CmDW_g","PCA=3(1);PS_N(2)","C124+2560(3)","","FarmCPU(1)","pKWmEB(1)","rrBLUP(1)","",0.06855,9.911,NA,"",NA,NA,"","Sobic.001G514500.2","Chr01",78162706,78168595,5890,"-",-129,-5760
"1616","PstI.TP459121","CmDW_g.44",1,78162835,"CmDW_g","PCA=3(1);PS_N(2)","C124+2560(3)","","FarmCPU(1)","pKWmEB(1)","rrBLUP(1)","",0.06855,9.911,NA,"",NA,NA,"","Sobic.001G514500.3","Chr01",78162706,78168567,5862,"-",-129,-5732
"1617","PstI.TP459121","CmDW_g.44",1,78162835,"CmDW_g","PCA=3(1);PS_N(2)","C124+2560(3)","","FarmCPU(1)","pKWmEB(1)","rrBLUP(1)","",0.06855,9.911,NA,"",NA,NA,"","Sobic.001G514500.7","Chr01",78162706,78168624,5919,"-",-129,-5789
"1618","PstI.TP459121","CmDW_g.44",1,78162835,"CmDW_g","PCA=3(1);PS_N(2)","C124+2560(3)","","FarmCPU(1)","pKWmEB(1)","rrBLUP(1)","",0.06855,9.911,NA,"",NA,NA,"","Sobic.001G514500.6","Chr01",78162706,78168571,5866,"-",-129,-5736
"1619","PstI.TP459121","CmDW_g.44",1,78162835,"CmDW_g","PCA=3(1);PS_N(2)","C124+2560(3)","","FarmCPU(1)","pKWmEB(1)","rrBLUP(1)","",0.06855,9.911,NA,"",NA,NA,"","Sobic.001G514500.8","Chr01",78162706,78168598,5893,"-",-129,-5763
"1620","PstI.TP459121","CmDW_g.44",1,78162835,"CmDW_g","PCA=3(1);PS_N(2)","C124+2560(3)","","FarmCPU(1)","pKWmEB(1)","rrBLUP(1)","",0.06855,9.911,NA,"",NA,NA,"","Sobic.001G514500.9","Chr01",78162706,78168598,5893,"-",-129,-5763
"1621","PstI.TP459121","CmDW_g.44",1,78162835,"CmDW_g","PCA=3(1);PS_N(2)","C124+2560(3)","","FarmCPU(1)","pKWmEB(1)","rrBLUP(1)","",0.06855,9.911,NA,"",NA,NA,"","Sobic.001G514500.10","Chr01",78162706,78168589,5884,"-",-129,-5754
"1622","PstI.TP459121","CmDW_g.44",1,78162835,"CmDW_g","PCA=3(1);PS_N(2)","C124+2560(3)","","FarmCPU(1)","pKWmEB(1)","rrBLUP(1)","",0.06855,9.911,NA,"",NA,NA,"","Sobic.001G514500.2","Chr01",78162706,78168595,5890,"-",-129,-5760
"1623","PstI.TP459121","CmDW_g.44",1,78162835,"CmDW_g","PCA=3(1);PS_N(2)","C124+2560(3)","","FarmCPU(1)","pKWmEB(1)","rrBLUP(1)","",0.06855,9.911,NA,"",NA,NA,"","Sobic.001G514500.9","Chr01",78162706,78168598,5893,"-",-129,-5763
"1624","PstI.TP459121","CmDW_g.44",1,78162835,"CmDW_g","PCA=3(1);PS_N(2)","C124+2560(3)","","FarmCPU(1)","pKWmEB(1)","rrBLUP(1)","",0.06855,9.911,NA,"",NA,NA,"","Sobic.001G514500.10","Chr01",78162706,78168589,5884,"-",-129,-5754
"1625","PstI.TP459121","CmDW_g.44",1,78162835,"CmDW_g","PCA=3(1);PS_N(2)","C124+2560(3)","","FarmCPU(1)","pKWmEB(1)","rrBLUP(1)","",0.06855,9.911,NA,"",NA,NA,"","Sobic.001G514500.9","Chr01",78162706,78168598,5893,"-",-129,-5763
"1626","PstI.TP459121","CmDW_g.44",1,78162835,"CmDW_g","PCA=3(1);PS_N(2)","C124+2560(3)","","FarmCPU(1)","pKWmEB(1)","rrBLUP(1)","",0.06855,9.911,NA,"",NA,NA,"","Sobic.001G514500.3","Chr01",78162706,78168567,5862,"-",-129,-5732
"1627","PstI.TP459121","CmDW_g.44",1,78162835,"CmDW_g","PCA=3(1);PS_N(2)","C124+2560(3)","","FarmCPU(1)","pKWmEB(1)","rrBLUP(1)","",0.06855,9.911,NA,"",NA,NA,"","Sobic.001G514500.9","Chr01",78162706,78168598,5893,"-",-129,-5763
"1628","PstI.TP459121","CmDW_g.44",1,78162835,"CmDW_g","PCA=3(1);PS_N(2)","C124+2560(3)","","FarmCPU(1)","pKWmEB(1)","rrBLUP(1)","",0.06855,9.911,NA,"",NA,NA,"","Sobic.001G514500.6","Chr01",78162706,78168571,5866,"-",-129,-5736
"1629","PstI.TP459121","CmDW_g.44",1,78162835,"CmDW_g","PCA=3(1);PS_N(2)","C124+2560(3)","","FarmCPU(1)","pKWmEB(1)","rrBLUP(1)","",0.06855,9.911,NA,"",NA,NA,"","Sobic.001G514500.3","Chr01",78162706,78168567,5862,"-",-129,-5732
"1630","PstI.TP459121","CmDW_g.44",1,78162835,"CmDW_g","PCA=3(1);PS_N(2)","C124+2560(3)","","FarmCPU(1)","pKWmEB(1)","rrBLUP(1)","",0.06855,9.911,NA,"",NA,NA,"","Sobic.001G514500.10","Chr01",78162706,78168589,5884,"-",-129,-5754
"1631","PstI.TP459121","CmDW_g.44",1,78162835,"CmDW_g","PCA=3(1);PS_N(2)","C124+2560(3)","","FarmCPU(1)","pKWmEB(1)","rrBLUP(1)","",0.06855,9.911,NA,"",NA,NA,"","Sobic.001G514500.3","Chr01",78162706,78168567,5862,"-",-129,-5732
"1632","PstI.TP459121","CmDW_g.44",1,78162835,"CmDW_g","PCA=3(1);PS_N(2)","C124+2560(3)","","FarmCPU(1)","pKWmEB(1)","rrBLUP(1)","",0.06855,9.911,NA,"",NA,NA,"","Sobic.001G514500.4","Chr01",78162706,78168595,5890,"-",-129,-5760
"1633","PstI.TP459121","CmDW_g.44",1,78162835,"CmDW_g","PCA=3(1);PS_N(2)","C124+2560(3)","","FarmCPU(1)","pKWmEB(1)","rrBLUP(1)","",0.06855,9.911,NA,"",NA,NA,"","Sobic.001G514500.6","Chr01",78162706,78168571,5866,"-",-129,-5736
"1634","PstI.TP459121","CmDW_g.44",1,78162835,"CmDW_g","PCA=3(1);PS_N(2)","C124+2560(3)","","FarmCPU(1)","pKWmEB(1)","rrBLUP(1)","",0.06855,9.911,NA,"",NA,NA,"","Sobic.001G514500.4","Chr01",78162706,78168595,5890,"-",-129,-5760
"1635","PstI.TP459121","CmDW_g.44",1,78162835,"CmDW_g","PCA=3(1);PS_N(2)","C124+2560(3)","","FarmCPU(1)","pKWmEB(1)","rrBLUP(1)","",0.06855,9.911,NA,"",NA,NA,"","Sobic.001G514500.5","Chr01",78162706,78168572,5867,"-",-129,-5737
"1636","PstI.TP459121","CmDW_g.44",1,78162835,"CmDW_g","PCA=3(1);PS_N(2)","C124+2560(3)","","FarmCPU(1)","pKWmEB(1)","rrBLUP(1)","",0.06855,9.911,NA,"",NA,NA,"","Sobic.001G514400.1","Chr01",78160422,78162432,2011,"+",-2413,403
"1637","PstI.TP459121","CmDW_g.44",1,78162835,"CmDW_g","PCA=3(1);PS_N(2)","C124+2560(3)","","FarmCPU(1)","pKWmEB(1)","rrBLUP(1)","",0.06855,9.911,NA,"",NA,NA,"","Sobic.001G514500.2","Chr01",78162706,78168595,5890,"-",-129,-5760
"1638","PstI.TP459121","CmDW_g.44",1,78162835,"CmDW_g","PCA=3(1);PS_N(2)","C124+2560(3)","","FarmCPU(1)","pKWmEB(1)","rrBLUP(1)","",0.06855,9.911,NA,"",NA,NA,"","Sobic.001G514400.1","Chr01",78160422,78162432,2011,"+",-2413,403
"1639","PstI.TP459121","CmDW_g.44",1,78162835,"CmDW_g","PCA=3(1);PS_N(2)","C124+2560(3)","","FarmCPU(1)","pKWmEB(1)","rrBLUP(1)","",0.06855,9.911,NA,"",NA,NA,"","Sobic.001G514500.6","Chr01",78162706,78168571,5866,"-",-129,-5736
"1640","PstI.TP459121","CmDW_g.44",1,78162835,"CmDW_g","PCA=3(1);PS_N(2)","C124+2560(3)","","FarmCPU(1)","pKWmEB(1)","rrBLUP(1)","",0.06855,9.911,NA,"",NA,NA,"","Sobic.001G514500.10","Chr01",78162706,78168589,5884,"-",-129,-5754
"1641","PstI.TP459121","CmDW_g.44",1,78162835,"CmDW_g","PCA=3(1);PS_N(2)","C124+2560(3)","","FarmCPU(1)","pKWmEB(1)","rrBLUP(1)","",0.06855,9.911,NA,"",NA,NA,"","Sobic.001G514500.4","Chr01",78162706,78168595,5890,"-",-129,-5760
"1642","PstI.TP459121","CmDW_g.44",1,78162835,"CmDW_g","PCA=3(1);PS_N(2)","C124+2560(3)","","FarmCPU(1)","pKWmEB(1)","rrBLUP(1)","",0.06855,9.911,NA,"",NA,NA,"","Sobic.001G514500.5","Chr01",78162706,78168572,5867,"-",-129,-5737
"1643","PstI.TP459121","CmDW_g.44",1,78162835,"CmDW_g","PCA=3(1);PS_N(2)","C124+2560(3)","","FarmCPU(1)","pKWmEB(1)","rrBLUP(1)","",0.06855,9.911,NA,"",NA,NA,"","Sobic.001G514500.8","Chr01",78162706,78168598,5893,"-",-129,-5763
"1644","PstI.TP459121","CmDW_g.44",1,78162835,"CmDW_g","PCA=3(1);PS_N(2)","C124+2560(3)","","FarmCPU(1)","pKWmEB(1)","rrBLUP(1)","",0.06855,9.911,NA,"",NA,NA,"","Sobic.001G514500.2","Chr01",78162706,78168595,5890,"-",-129,-5760
"1645","PstI.TP459121","CmDW_g.44",1,78162835,"CmDW_g","PCA=3(1);PS_N(2)","C124+2560(3)","","FarmCPU(1)","pKWmEB(1)","rrBLUP(1)","",0.06855,9.911,NA,"",NA,NA,"","Sobic.001G514500.10","Chr01",78162706,78168589,5884,"-",-129,-5754
"1646","PstI.TP459121","CmDW_g.44",1,78162835,"CmDW_g","PCA=3(1);PS_N(2)","C124+2560(3)","","FarmCPU(1)","pKWmEB(1)","rrBLUP(1)","",0.06855,9.911,NA,"",NA,NA,"","Sobic.001G514500.9","Chr01",78162706,78168598,5893,"-",-129,-5763
"1647","PstI.TP459121","CmDW_g.44",1,78162835,"CmDW_g","PCA=3(1);PS_N(2)","C124+2560(3)","","FarmCPU(1)","pKWmEB(1)","rrBLUP(1)","",0.06855,9.911,NA,"",NA,NA,"","Sobic.001G514500.6","Chr01",78162706,78168571,5866,"-",-129,-5736
"1648","PstI.TP459121","CmDW_g.44",1,78162835,"CmDW_g","PCA=3(1);PS_N(2)","C124+2560(3)","","FarmCPU(1)","pKWmEB(1)","rrBLUP(1)","",0.06855,9.911,NA,"",NA,NA,"","Sobic.001G514500.7","Chr01",78162706,78168624,5919,"-",-129,-5789
"1649","PstI.TP459121","CmDW_g.44",1,78162835,"CmDW_g","PCA=3(1);PS_N(2)","C124+2560(3)","","FarmCPU(1)","pKWmEB(1)","rrBLUP(1)","",0.06855,9.911,NA,"",NA,NA,"","Sobic.001G514500.5","Chr01",78162706,78168572,5867,"-",-129,-5737
"1650","PstI.TP459121","CmDW_g.44",1,78162835,"CmDW_g","PCA=3(1);PS_N(2)","C124+2560(3)","","FarmCPU(1)","pKWmEB(1)","rrBLUP(1)","",0.06855,9.911,NA,"",NA,NA,"","Sobic.001G514500.2","Chr01",78162706,78168595,5890,"-",-129,-5760
"1651","PstI.TP459121","CmDW_g.44",1,78162835,"CmDW_g","PCA=3(1);PS_N(2)","C124+2560(3)","","FarmCPU(1)","pKWmEB(1)","rrBLUP(1)","",0.06855,9.911,NA,"",NA,NA,"","Sobic.001G514500.5","Chr01",78162706,78168572,5867,"-",-129,-5737
"1652","PstI.TP459121","CmDW_g.44",1,78162835,"CmDW_g","PCA=3(1);PS_N(2)","C124+2560(3)","","FarmCPU(1)","pKWmEB(1)","rrBLUP(1)","",0.06855,9.911,NA,"",NA,NA,"","Sobic.001G514400.1","Chr01",78160422,78162432,2011,"+",-2413,403
"1653","PstI.TP459121","CmDW_g.44",1,78162835,"CmDW_g","PCA=3(1);PS_N(2)","C124+2560(3)","","FarmCPU(1)","pKWmEB(1)","rrBLUP(1)","",0.06855,9.911,NA,"",NA,NA,"","Sobic.001G514500.8","Chr01",78162706,78168598,5893,"-",-129,-5763
"1654","PstI.TP459121","CmDW_g.44",1,78162835,"CmDW_g","PCA=3(1);PS_N(2)","C124+2560(3)","","FarmCPU(1)","pKWmEB(1)","rrBLUP(1)","",0.06855,9.911,NA,"",NA,NA,"","Sobic.001G514500.3","Chr01",78162706,78168567,5862,"-",-129,-5732
"1655","PstI.TP459121","CmDW_g.44",1,78162835,"CmDW_g","PCA=3(1);PS_N(2)","C124+2560(3)","","FarmCPU(1)","pKWmEB(1)","rrBLUP(1)","",0.06855,9.911,NA,"",NA,NA,"","Sobic.001G514500.3","Chr01",78162706,78168567,5862,"-",-129,-5732
"1656","PstI.TP459121","CmDW_g.44",1,78162835,"CmDW_g","PCA=3(1);PS_N(2)","C124+2560(3)","","FarmCPU(1)","pKWmEB(1)","rrBLUP(1)","",0.06855,9.911,NA,"",NA,NA,"","Sobic.001G514500.6","Chr01",78162706,78168571,5866,"-",-129,-5736
"1657","PstI.TP459121","CmDW_g.44",1,78162835,"CmDW_g","PCA=3(1);PS_N(2)","C124+2560(3)","","FarmCPU(1)","pKWmEB(1)","rrBLUP(1)","",0.06855,9.911,NA,"",NA,NA,"","Sobic.001G514500.6","Chr01",78162706,78168571,5866,"-",-129,-5736
"1658","PstI.TP459121","CmDW_g.44",1,78162835,"CmDW_g","PCA=3(1);PS_N(2)","C124+2560(3)","","FarmCPU(1)","pKWmEB(1)","rrBLUP(1)","",0.06855,9.911,NA,"",NA,NA,"","Sobic.001G514500.5","Chr01",78162706,78168572,5867,"-",-129,-5737
"1659","PstI.TP459121","CmDW_g.44",1,78162835,"CmDW_g","PCA=3(1);PS_N(2)","C124+2560(3)","","FarmCPU(1)","pKWmEB(1)","rrBLUP(1)","",0.06855,9.911,NA,"",NA,NA,"","Sobic.001G514500.10","Chr01",78162706,78168589,5884,"-",-129,-5754
"1660","PstI.TP459121","CmDW_g.44",1,78162835,"CmDW_g","PCA=3(1);PS_N(2)","C124+2560(3)","","FarmCPU(1)","pKWmEB(1)","rrBLUP(1)","",0.06855,9.911,NA,"",NA,NA,"","Sobic.001G514500.4","Chr01",78162706,78168595,5890,"-",-129,-5760
"1661","PstI.TP459121","CmDW_g.44",1,78162835,"CmDW_g","PCA=3(1);PS_N(2)","C124+2560(3)","","FarmCPU(1)","pKWmEB(1)","rrBLUP(1)","",0.06855,9.911,NA,"",NA,NA,"","Sobic.001G514500.10","Chr01",78162706,78168589,5884,"-",-129,-5754
"1662","PstI.TP459121","CmDW_g.44",1,78162835,"CmDW_g","PCA=3(1);PS_N(2)","C124+2560(3)","","FarmCPU(1)","pKWmEB(1)","rrBLUP(1)","",0.06855,9.911,NA,"",NA,NA,"","Sobic.001G514500.5","Chr01",78162706,78168572,5867,"-",-129,-5737
"1663","PstI.TP459121","CmDW_g.44",1,78162835,"CmDW_g","PCA=3(1);PS_N(2)","C124+2560(3)","","FarmCPU(1)","pKWmEB(1)","rrBLUP(1)","",0.06855,9.911,NA,"",NA,NA,"","Sobic.001G514500.7","Chr01",78162706,78168624,5919,"-",-129,-5789
"1664","PstI.TP459121","CmDW_g.44",1,78162835,"CmDW_g","PCA=3(1);PS_N(2)","C124+2560(3)","","FarmCPU(1)","pKWmEB(1)","rrBLUP(1)","",0.06855,9.911,NA,"",NA,NA,"","Sobic.001G514500.9","Chr01",78162706,78168598,5893,"-",-129,-5763
"1665","PstI.TP459121","CmDW_g.44",1,78162835,"CmDW_g","PCA=3(1);PS_N(2)","C124+2560(3)","","FarmCPU(1)","pKWmEB(1)","rrBLUP(1)","",0.06855,9.911,NA,"",NA,NA,"","Sobic.001G514500.10","Chr01",78162706,78168589,5884,"-",-129,-5754
"1666","PstI.TP459121","CmDW_g.44",1,78162835,"CmDW_g","PCA=3(1);PS_N(2)","C124+2560(3)","","FarmCPU(1)","pKWmEB(1)","rrBLUP(1)","",0.06855,9.911,NA,"",NA,NA,"","Sobic.001G514500.2","Chr01",78162706,78168595,5890,"-",-129,-5760
"1667","PstI.TP459121","CmDW_g.44",1,78162835,"CmDW_g","PCA=3(1);PS_N(2)","C124+2560(3)","","FarmCPU(1)","pKWmEB(1)","rrBLUP(1)","",0.06855,9.911,NA,"",NA,NA,"","Sobic.001G514500.3","Chr01",78162706,78168567,5862,"-",-129,-5732
"1668","PstI.TP459121","CmDW_g.44",1,78162835,"CmDW_g","PCA=3(1);PS_N(2)","C124+2560(3)","","FarmCPU(1)","pKWmEB(1)","rrBLUP(1)","",0.06855,9.911,NA,"",NA,NA,"","Sobic.001G514400.1","Chr01",78160422,78162432,2011,"+",-2413,403
"1669","PstI.TP459121","CmDW_g.44",1,78162835,"CmDW_g","PCA=3(1);PS_N(2)","C124+2560(3)","","FarmCPU(1)","pKWmEB(1)","rrBLUP(1)","",0.06855,9.911,NA,"",NA,NA,"","Sobic.001G514500.5","Chr01",78162706,78168572,5867,"-",-129,-5737
"1670","PstI.TP459121","CmDW_g.44",1,78162835,"CmDW_g","PCA=3(1);PS_N(2)","C124+2560(3)","","FarmCPU(1)","pKWmEB(1)","rrBLUP(1)","",0.06855,9.911,NA,"",NA,NA,"","Sobic.001G514400.1","Chr01",78160422,78162432,2011,"+",-2413,403
"1671","PstI.TP459121","CmDW_g.44",1,78162835,"CmDW_g","PCA=3(1);PS_N(2)","C124+2560(3)","","FarmCPU(1)","pKWmEB(1)","rrBLUP(1)","",0.06855,9.911,NA,"",NA,NA,"","Sobic.001G514500.7","Chr01",78162706,78168624,5919,"-",-129,-5789
"1672","PstI.TP459121","CmDW_g.44",1,78162835,"CmDW_g","PCA=3(1);PS_N(2)","C124+2560(3)","","FarmCPU(1)","pKWmEB(1)","rrBLUP(1)","",0.06855,9.911,NA,"",NA,NA,"","Sobic.001G514500.2","Chr01",78162706,78168595,5890,"-",-129,-5760
"1673","PstI.TP459121","CmDW_g.44",1,78162835,"CmDW_g","PCA=3(1);PS_N(2)","C124+2560(3)","","FarmCPU(1)","pKWmEB(1)","rrBLUP(1)","",0.06855,9.911,NA,"",NA,NA,"","Sobic.001G514500.5","Chr01",78162706,78168572,5867,"-",-129,-5737
"1674","PstI.TP459121","CmDW_g.44",1,78162835,"CmDW_g","PCA=3(1);PS_N(2)","C124+2560(3)","","FarmCPU(1)","pKWmEB(1)","rrBLUP(1)","",0.06855,9.911,NA,"",NA,NA,"","Sobic.001G514500.9","Chr01",78162706,78168598,5893,"-",-129,-5763
"1675","PstI.TP459121","CmDW_g.44",1,78162835,"CmDW_g","PCA=3(1);PS_N(2)","C124+2560(3)","","FarmCPU(1)","pKWmEB(1)","rrBLUP(1)","",0.06855,9.911,NA,"",NA,NA,"","Sobic.001G514400.1","Chr01",78160422,78162432,2011,"+",-2413,403
"1676","PstI.TP459121","CmDW_g.44",1,78162835,"CmDW_g","PCA=3(1);PS_N(2)","C124+2560(3)","","FarmCPU(1)","pKWmEB(1)","rrBLUP(1)","",0.06855,9.911,NA,"",NA,NA,"","Sobic.001G514500.2","Chr01",78162706,78168595,5890,"-",-129,-5760
"1677","PstI.TP459121","CmDW_g.44",1,78162835,"CmDW_g","PCA=3(1);PS_N(2)","C124+2560(3)","","FarmCPU(1)","pKWmEB(1)","rrBLUP(1)","",0.06855,9.911,NA,"",NA,NA,"","Sobic.001G514500.7","Chr01",78162706,78168624,5919,"-",-129,-5789
"1678","PstI.TP459121","CmDW_g.44",1,78162835,"CmDW_g","PCA=3(1);PS_N(2)","C124+2560(3)","","FarmCPU(1)","pKWmEB(1)","rrBLUP(1)","",0.06855,9.911,NA,"",NA,NA,"","Sobic.001G514500.7","Chr01",78162706,78168624,5919,"-",-129,-5789
"1679","PstI.TP459121","CmDW_g.44",1,78162835,"CmDW_g","PCA=3(1);PS_N(2)","C124+2560(3)","","FarmCPU(1)","pKWmEB(1)","rrBLUP(1)","",0.06855,9.911,NA,"",NA,NA,"","Sobic.001G514500.8","Chr01",78162706,78168598,5893,"-",-129,-5763
"1680","PstI.TP459121","CmDW_g.44",1,78162835,"CmDW_g","PCA=3(1);PS_N(2)","C124+2560(3)","","FarmCPU(1)","pKWmEB(1)","rrBLUP(1)","",0.06855,9.911,NA,"",NA,NA,"","Sobic.001G514500.4","Chr01",78162706,78168595,5890,"-",-129,-5760
"1681","PstI.TP459121","CmDW_g.44",1,78162835,"CmDW_g","PCA=3(1);PS_N(2)","C124+2560(3)","","FarmCPU(1)","pKWmEB(1)","rrBLUP(1)","",0.06855,9.911,NA,"",NA,NA,"","Sobic.001G514500.4","Chr01",78162706,78168595,5890,"-",-129,-5760
"1682","PstI.TP459121","CmDW_g.44",1,78162835,"CmDW_g","PCA=3(1);PS_N(2)","C124+2560(3)","","FarmCPU(1)","pKWmEB(1)","rrBLUP(1)","",0.06855,9.911,NA,"",NA,NA,"","Sobic.001G514500.8","Chr01",78162706,78168598,5893,"-",-129,-5763
"1683","PstI.TP459121","CmDW_g.44",1,78162835,"CmDW_g","PCA=3(1);PS_N(2)","C124+2560(3)","","FarmCPU(1)","pKWmEB(1)","rrBLUP(1)","",0.06855,9.911,NA,"",NA,NA,"","Sobic.001G514500.3","Chr01",78162706,78168567,5862,"-",-129,-5732
"1684","PstI.TP459121","CmDW_g.44",1,78162835,"CmDW_g","PCA=3(1);PS_N(2)","C124+2560(3)","","FarmCPU(1)","pKWmEB(1)","rrBLUP(1)","",0.06855,9.911,NA,"",NA,NA,"","Sobic.001G514500.6","Chr01",78162706,78168571,5866,"-",-129,-5736
"1685","PstI.TP459121","CmDW_g.44",1,78162835,"CmDW_g","PCA=3(1);PS_N(2)","C124+2560(3)","","FarmCPU(1)","pKWmEB(1)","rrBLUP(1)","",0.06855,9.911,NA,"",NA,NA,"","Sobic.001G514500.8","Chr01",78162706,78168598,5893,"-",-129,-5763
"1686","PstI.TP459121","CmDW_g.44",1,78162835,"CmDW_g","PCA=3(1);PS_N(2)","C124+2560(3)","","FarmCPU(1)","pKWmEB(1)","rrBLUP(1)","",0.06855,9.911,NA,"",NA,NA,"","Sobic.001G514500.8","Chr01",78162706,78168598,5893,"-",-129,-5763
"1687","PstI.TP459121","CmDW_g.44",1,78162835,"CmDW_g","PCA=3(1);PS_N(2)","C124+2560(3)","","FarmCPU(1)","pKWmEB(1)","rrBLUP(1)","",0.06855,9.911,NA,"",NA,NA,"","Sobic.001G514500.4","Chr01",78162706,78168595,5890,"-",-129,-5760
"1688","PstI.TP459121","CmDW_g.44",1,78162835,"CmDW_g","PCA=3(1);PS_N(2)","C124+2560(3)","","FarmCPU(1)","pKWmEB(1)","rrBLUP(1)","",0.06855,9.911,NA,"",NA,NA,"","Sobic.001G514500.7","Chr01",78162706,78168624,5919,"-",-129,-5789
"1689","PstI.TP459121","CmDW_g.44",1,78162835,"CmDW_g","PCA=3(1);PS_N(2)","C124+2560(3)","","FarmCPU(1)","pKWmEB(1)","rrBLUP(1)","",0.06855,9.911,NA,"",NA,NA,"","Sobic.001G514500.7","Chr01",78162706,78168624,5919,"-",-129,-5789
"1690","PstI.TP459121","CmDW_g.44",1,78162835,"CmDW_g","PCA=3(1);PS_N(2)","C124+2560(3)","","FarmCPU(1)","pKWmEB(1)","rrBLUP(1)","",0.06855,9.911,NA,"",NA,NA,"","Sobic.001G514400.1","Chr01",78160422,78162432,2011,"+",-2413,403
"1691","PstI.TP459121","CmDW_g.44",1,78162835,"CmDW_g","PCA=3(1);PS_N(2)","C124+2560(3)","","FarmCPU(1)","pKWmEB(1)","rrBLUP(1)","",0.06855,9.911,NA,"",NA,NA,"","Sobic.001G514400.1","Chr01",78160422,78162432,2011,"+",-2413,403
"1692","PstI.TP459121","CmDW_g.44",1,78162835,"CmDW_g","PCA=3(1);PS_N(2)","C124+2560(3)","","FarmCPU(1)","pKWmEB(1)","rrBLUP(1)","",0.06855,9.911,NA,"",NA,NA,"","Sobic.001G514500.8","Chr01",78162706,78168598,5893,"-",-129,-5763
"1693","PstI.TP459121","CmDW_g.44",1,78162835,"CmDW_g","PCA=3(1);PS_N(2)","C124+2560(3)","","FarmCPU(1)","pKWmEB(1)","rrBLUP(1)","",0.06855,9.911,NA,"",NA,NA,"","Sobic.001G514500.9","Chr01",78162706,78168598,5893,"-",-129,-5763
"1694","PstI.TP459121","CmDW_g.44",1,78162835,"CmDW_g","PCA=3(1);PS_N(2)","C124+2560(3)","","FarmCPU(1)","pKWmEB(1)","rrBLUP(1)","",0.06855,9.911,NA,"",NA,NA,"","Sobic.001G514500.4","Chr01",78162706,78168595,5890,"-",-129,-5760
"1695","PstI.TP459121","CmDW_g.44",1,78162835,"CmDW_g","PCA=3(1);PS_N(2)","C124+2560(3)","","FarmCPU(1)","pKWmEB(1)","rrBLUP(1)","",0.06855,9.911,NA,"",NA,NA,"","Sobic.001G514500.2","Chr01",78162706,78168595,5890,"-",-129,-5760
"1696","PstI.TP459121","CmDW_g.44",1,78162835,"CmDW_g","PCA=3(1);PS_N(2)","C124+2560(3)","","FarmCPU(1)","pKWmEB(1)","rrBLUP(1)","",0.06855,9.911,NA,"",NA,NA,"","Sobic.001G514500.3","Chr01",78162706,78168567,5862,"-",-129,-5732
"1697","PstI.TP459121","CmDW_g.44",1,78162835,"CmDW_g","PCA=3(1);PS_N(2)","C124+2560(3)","","FarmCPU(1)","pKWmEB(1)","rrBLUP(1)","",0.06855,9.911,NA,"",NA,NA,"","Sobic.001G514500.7","Chr01",78162706,78168624,5919,"-",-129,-5789
"1698","PstI.TP459121","CmDW_g.44",1,78162835,"CmDW_g","PCA=3(1);PS_N(2)","C124+2560(3)","","FarmCPU(1)","pKWmEB(1)","rrBLUP(1)","",0.06855,9.911,NA,"",NA,NA,"","Sobic.001G514500.6","Chr01",78162706,78168571,5866,"-",-129,-5736
"1699","PstI.TP459121","CmDW_g.44",1,78162835,"CmDW_g","PCA=3(1);PS_N(2)","C124+2560(3)","","FarmCPU(1)","pKWmEB(1)","rrBLUP(1)","",0.06855,9.911,NA,"",NA,NA,"","Sobic.001G514500.8","Chr01",78162706,78168598,5893,"-",-129,-5763
"1700","PstI.TP459121","CmDW_g.44",1,78162835,"CmDW_g","PCA=3(1);PS_N(2)","C124+2560(3)","","FarmCPU(1)","pKWmEB(1)","rrBLUP(1)","",0.06855,9.911,NA,"",NA,NA,"","Sobic.001G514500.9","Chr01",78162706,78168598,5893,"-",-129,-5763
"1701","PstI.TP459121","CmDW_g.44",1,78162835,"CmDW_g","PCA=3(1);PS_N(2)","C124+2560(3)","","FarmCPU(1)","pKWmEB(1)","rrBLUP(1)","",0.06855,9.911,NA,"",NA,NA,"","Sobic.001G514500.10","Chr01",78162706,78168589,5884,"-",-129,-5754
"1702","PstI.TP459121","CmDW_g.44",1,78162835,"CmDW_g","PCA=3(1);PS_N(2)","C124+2560(3)","","FarmCPU(1)","pKWmEB(1)","rrBLUP(1)","",0.06855,9.911,NA,"",NA,NA,"","Sobic.001G514500.2","Chr01",78162706,78168595,5890,"-",-129,-5760
"1703","PstI.TP459121","CmDW_g.44",1,78162835,"CmDW_g","PCA=3(1);PS_N(2)","C124+2560(3)","","FarmCPU(1)","pKWmEB(1)","rrBLUP(1)","",0.06855,9.911,NA,"",NA,NA,"","Sobic.001G514500.9","Chr01",78162706,78168598,5893,"-",-129,-5763
"1704","PstI.TP459121","CmDW_g.44",1,78162835,"CmDW_g","PCA=3(1);PS_N(2)","C124+2560(3)","","FarmCPU(1)","pKWmEB(1)","rrBLUP(1)","",0.06855,9.911,NA,"",NA,NA,"","Sobic.001G514500.10","Chr01",78162706,78168589,5884,"-",-129,-5754
"1705","PstI.TP459121","CmDW_g.44",1,78162835,"CmDW_g","PCA=3(1);PS_N(2)","C124+2560(3)","","FarmCPU(1)","pKWmEB(1)","rrBLUP(1)","",0.06855,9.911,NA,"",NA,NA,"","Sobic.001G514500.9","Chr01",78162706,78168598,5893,"-",-129,-5763
"1706","PstI.TP459121","CmDW_g.44",1,78162835,"CmDW_g","PCA=3(1);PS_N(2)","C124+2560(3)","","FarmCPU(1)","pKWmEB(1)","rrBLUP(1)","",0.06855,9.911,NA,"",NA,NA,"","Sobic.001G514500.3","Chr01",78162706,78168567,5862,"-",-129,-5732
"1707","PstI.TP459121","CmDW_g.44",1,78162835,"CmDW_g","PCA=3(1);PS_N(2)","C124+2560(3)","","FarmCPU(1)","pKWmEB(1)","rrBLUP(1)","",0.06855,9.911,NA,"",NA,NA,"","Sobic.001G514500.9","Chr01",78162706,78168598,5893,"-",-129,-5763
"1708","PstI.TP459121","CmDW_g.44",1,78162835,"CmDW_g","PCA=3(1);PS_N(2)","C124+2560(3)","","FarmCPU(1)","pKWmEB(1)","rrBLUP(1)","",0.06855,9.911,NA,"",NA,NA,"","Sobic.001G514500.6","Chr01",78162706,78168571,5866,"-",-129,-5736
"1709","PstI.TP459121","CmDW_g.44",1,78162835,"CmDW_g","PCA=3(1);PS_N(2)","C124+2560(3)","","FarmCPU(1)","pKWmEB(1)","rrBLUP(1)","",0.06855,9.911,NA,"",NA,NA,"","Sobic.001G514500.3","Chr01",78162706,78168567,5862,"-",-129,-5732
"1710","PstI.TP459121","CmDW_g.44",1,78162835,"CmDW_g","PCA=3(1);PS_N(2)","C124+2560(3)","","FarmCPU(1)","pKWmEB(1)","rrBLUP(1)","",0.06855,9.911,NA,"",NA,NA,"","Sobic.001G514500.10","Chr01",78162706,78168589,5884,"-",-129,-5754
"1711","PstI.TP459121","CmDW_g.44",1,78162835,"CmDW_g","PCA=3(1);PS_N(2)","C124+2560(3)","","FarmCPU(1)","pKWmEB(1)","rrBLUP(1)","",0.06855,9.911,NA,"",NA,NA,"","Sobic.001G514500.3","Chr01",78162706,78168567,5862,"-",-129,-5732
"1712","PstI.TP459121","CmDW_g.44",1,78162835,"CmDW_g","PCA=3(1);PS_N(2)","C124+2560(3)","","FarmCPU(1)","pKWmEB(1)","rrBLUP(1)","",0.06855,9.911,NA,"",NA,NA,"","Sobic.001G514500.4","Chr01",78162706,78168595,5890,"-",-129,-5760
"1713","PstI.TP459121","CmDW_g.44",1,78162835,"CmDW_g","PCA=3(1);PS_N(2)","C124+2560(3)","","FarmCPU(1)","pKWmEB(1)","rrBLUP(1)","",0.06855,9.911,NA,"",NA,NA,"","Sobic.001G514500.6","Chr01",78162706,78168571,5866,"-",-129,-5736
"1714","PstI.TP459121","CmDW_g.44",1,78162835,"CmDW_g","PCA=3(1);PS_N(2)","C124+2560(3)","","FarmCPU(1)","pKWmEB(1)","rrBLUP(1)","",0.06855,9.911,NA,"",NA,NA,"","Sobic.001G514500.4","Chr01",78162706,78168595,5890,"-",-129,-5760
"1715","PstI.TP459121","CmDW_g.44",1,78162835,"CmDW_g","PCA=3(1);PS_N(2)","C124+2560(3)","","FarmCPU(1)","pKWmEB(1)","rrBLUP(1)","",0.06855,9.911,NA,"",NA,NA,"","Sobic.001G514500.5","Chr01",78162706,78168572,5867,"-",-129,-5737
"1716","PstI.TP459121","CmDW_g.44",1,78162835,"CmDW_g","PCA=3(1);PS_N(2)","C124+2560(3)","","FarmCPU(1)","pKWmEB(1)","rrBLUP(1)","",0.06855,9.911,NA,"",NA,NA,"","Sobic.001G514400.1","Chr01",78160422,78162432,2011,"+",-2413,403
"1717","PstI.TP459121","CmDW_g.44",1,78162835,"CmDW_g","PCA=3(1);PS_N(2)","C124+2560(3)","","FarmCPU(1)","pKWmEB(1)","rrBLUP(1)","",0.06855,9.911,NA,"",NA,NA,"","Sobic.001G514500.2","Chr01",78162706,78168595,5890,"-",-129,-5760
"1718","PstI.TP459121","CmDW_g.44",1,78162835,"CmDW_g","PCA=3(1);PS_N(2)","C124+2560(3)","","FarmCPU(1)","pKWmEB(1)","rrBLUP(1)","",0.06855,9.911,NA,"",NA,NA,"","Sobic.001G514400.1","Chr01",78160422,78162432,2011,"+",-2413,403
"1719","PstI.TP459121","CmDW_g.44",1,78162835,"CmDW_g","PCA=3(1);PS_N(2)","C124+2560(3)","","FarmCPU(1)","pKWmEB(1)","rrBLUP(1)","",0.06855,9.911,NA,"",NA,NA,"","Sobic.001G514500.6","Chr01",78162706,78168571,5866,"-",-129,-5736
"1720","PstI.TP459121","CmDW_g.44",1,78162835,"CmDW_g","PCA=3(1);PS_N(2)","C124+2560(3)","","FarmCPU(1)","pKWmEB(1)","rrBLUP(1)","",0.06855,9.911,NA,"",NA,NA,"","Sobic.001G514500.10","Chr01",78162706,78168589,5884,"-",-129,-5754
"1721","PstI.TP459121","CmDW_g.44",1,78162835,"CmDW_g","PCA=3(1);PS_N(2)","C124+2560(3)","","FarmCPU(1)","pKWmEB(1)","rrBLUP(1)","",0.06855,9.911,NA,"",NA,NA,"","Sobic.001G514500.4","Chr01",78162706,78168595,5890,"-",-129,-5760
"1722","PstI.TP459121","CmDW_g.44",1,78162835,"CmDW_g","PCA=3(1);PS_N(2)","C124+2560(3)","","FarmCPU(1)","pKWmEB(1)","rrBLUP(1)","",0.06855,9.911,NA,"",NA,NA,"","Sobic.001G514500.5","Chr01",78162706,78168572,5867,"-",-129,-5737
"1723","PstI.TP459121","CmDW_g.44",1,78162835,"CmDW_g","PCA=3(1);PS_N(2)","C124+2560(3)","","FarmCPU(1)","pKWmEB(1)","rrBLUP(1)","",0.06855,9.911,NA,"",NA,NA,"","Sobic.001G514500.8","Chr01",78162706,78168598,5893,"-",-129,-5763
"1724","PstI.TP459121","CmDW_g.44",1,78162835,"CmDW_g","PCA=3(1);PS_N(2)","C124+2560(3)","","FarmCPU(1)","pKWmEB(1)","rrBLUP(1)","",0.06855,9.911,NA,"",NA,NA,"","Sobic.001G514500.2","Chr01",78162706,78168595,5890,"-",-129,-5760
"1725","PstI.TP459121","CmDW_g.44",1,78162835,"CmDW_g","PCA=3(1);PS_N(2)","C124+2560(3)","","FarmCPU(1)","pKWmEB(1)","rrBLUP(1)","",0.06855,9.911,NA,"",NA,NA,"","Sobic.001G514500.10","Chr01",78162706,78168589,5884,"-",-129,-5754
"1726","PstI.TP459121","CmDW_g.44",1,78162835,"CmDW_g","PCA=3(1);PS_N(2)","C124+2560(3)","","FarmCPU(1)","pKWmEB(1)","rrBLUP(1)","",0.06855,9.911,NA,"",NA,NA,"","Sobic.001G514500.9","Chr01",78162706,78168598,5893,"-",-129,-5763
"1727","PstI.TP459121","CmDW_g.44",1,78162835,"CmDW_g","PCA=3(1);PS_N(2)","C124+2560(3)","","FarmCPU(1)","pKWmEB(1)","rrBLUP(1)","",0.06855,9.911,NA,"",NA,NA,"","Sobic.001G514500.6","Chr01",78162706,78168571,5866,"-",-129,-5736
"1728","PstI.TP459121","CmDW_g.44",1,78162835,"CmDW_g","PCA=3(1);PS_N(2)","C124+2560(3)","","FarmCPU(1)","pKWmEB(1)","rrBLUP(1)","",0.06855,9.911,NA,"",NA,NA,"","Sobic.001G514500.7","Chr01",78162706,78168624,5919,"-",-129,-5789
"1729","PstI.TP459121","CmDW_g.44",1,78162835,"CmDW_g","PCA=3(1);PS_N(2)","C124+2560(3)","","FarmCPU(1)","pKWmEB(1)","rrBLUP(1)","",0.06855,9.911,NA,"",NA,NA,"","Sobic.001G514500.5","Chr01",78162706,78168572,5867,"-",-129,-5737
"1730","PstI.TP459121","CmDW_g.44",1,78162835,"CmDW_g","PCA=3(1);PS_N(2)","C124+2560(3)","","FarmCPU(1)","pKWmEB(1)","rrBLUP(1)","",0.06855,9.911,NA,"",NA,NA,"","Sobic.001G514500.2","Chr01",78162706,78168595,5890,"-",-129,-5760
"1731","PstI.TP459121","CmDW_g.44",1,78162835,"CmDW_g","PCA=3(1);PS_N(2)","C124+2560(3)","","FarmCPU(1)","pKWmEB(1)","rrBLUP(1)","",0.06855,9.911,NA,"",NA,NA,"","Sobic.001G514500.5","Chr01",78162706,78168572,5867,"-",-129,-5737
"1732","PstI.TP459121","CmDW_g.44",1,78162835,"CmDW_g","PCA=3(1);PS_N(2)","C124+2560(3)","","FarmCPU(1)","pKWmEB(1)","rrBLUP(1)","",0.06855,9.911,NA,"",NA,NA,"","Sobic.001G514400.1","Chr01",78160422,78162432,2011,"+",-2413,403
"1733","PstI.TP459121","CmDW_g.44",1,78162835,"CmDW_g","PCA=3(1);PS_N(2)","C124+2560(3)","","FarmCPU(1)","pKWmEB(1)","rrBLUP(1)","",0.06855,9.911,NA,"",NA,NA,"","Sobic.001G514500.8","Chr01",78162706,78168598,5893,"-",-129,-5763
"1734","PstI.TP459121","CmDW_g.44",1,78162835,"CmDW_g","PCA=3(1);PS_N(2)","C124+2560(3)","","FarmCPU(1)","pKWmEB(1)","rrBLUP(1)","",0.06855,9.911,NA,"",NA,NA,"","Sobic.001G514500.3","Chr01",78162706,78168567,5862,"-",-129,-5732
"1735","PstI.TP459121","CmDW_g.44",1,78162835,"CmDW_g","PCA=3(1);PS_N(2)","C124+2560(3)","","FarmCPU(1)","pKWmEB(1)","rrBLUP(1)","",0.06855,9.911,NA,"",NA,NA,"","Sobic.001G514500.3","Chr01",78162706,78168567,5862,"-",-129,-5732
"1736","PstI.TP459121","CmDW_g.44",1,78162835,"CmDW_g","PCA=3(1);PS_N(2)","C124+2560(3)","","FarmCPU(1)","pKWmEB(1)","rrBLUP(1)","",0.06855,9.911,NA,"",NA,NA,"","Sobic.001G514500.6","Chr01",78162706,78168571,5866,"-",-129,-5736
"1737","PstI.TP459121","CmDW_g.44",1,78162835,"CmDW_g","PCA=3(1);PS_N(2)","C124+2560(3)","","FarmCPU(1)","pKWmEB(1)","rrBLUP(1)","",0.06855,9.911,NA,"",NA,NA,"","Sobic.001G514500.6","Chr01",78162706,78168571,5866,"-",-129,-5736
"1738","PstI.TP459121","CmDW_g.44",1,78162835,"CmDW_g","PCA=3(1);PS_N(2)","C124+2560(3)","","FarmCPU(1)","pKWmEB(1)","rrBLUP(1)","",0.06855,9.911,NA,"",NA,NA,"","Sobic.001G514500.5","Chr01",78162706,78168572,5867,"-",-129,-5737
"1739","PstI.TP459121","CmDW_g.44",1,78162835,"CmDW_g","PCA=3(1);PS_N(2)","C124+2560(3)","","FarmCPU(1)","pKWmEB(1)","rrBLUP(1)","",0.06855,9.911,NA,"",NA,NA,"","Sobic.001G514500.10","Chr01",78162706,78168589,5884,"-",-129,-5754
"1740","PstI.TP459121","CmDW_g.44",1,78162835,"CmDW_g","PCA=3(1);PS_N(2)","C124+2560(3)","","FarmCPU(1)","pKWmEB(1)","rrBLUP(1)","",0.06855,9.911,NA,"",NA,NA,"","Sobic.001G514500.4","Chr01",78162706,78168595,5890,"-",-129,-5760
"1741","PstI.TP459121","CmDW_g.44",1,78162835,"CmDW_g","PCA=3(1);PS_N(2)","C124+2560(3)","","FarmCPU(1)","pKWmEB(1)","rrBLUP(1)","",0.06855,9.911,NA,"",NA,NA,"","Sobic.001G514500.10","Chr01",78162706,78168589,5884,"-",-129,-5754
"1742","PstI.TP459121","CmDW_g.44",1,78162835,"CmDW_g","PCA=3(1);PS_N(2)","C124+2560(3)","","FarmCPU(1)","pKWmEB(1)","rrBLUP(1)","",0.06855,9.911,NA,"",NA,NA,"","Sobic.001G514500.5","Chr01",78162706,78168572,5867,"-",-129,-5737
"1743","PstI.TP459121","CmDW_g.44",1,78162835,"CmDW_g","PCA=3(1);PS_N(2)","C124+2560(3)","","FarmCPU(1)","pKWmEB(1)","rrBLUP(1)","",0.06855,9.911,NA,"",NA,NA,"","Sobic.001G514500.7","Chr01",78162706,78168624,5919,"-",-129,-5789
"1744","PstI.TP459121","CmDW_g.44",1,78162835,"CmDW_g","PCA=3(1);PS_N(2)","C124+2560(3)","","FarmCPU(1)","pKWmEB(1)","rrBLUP(1)","",0.06855,9.911,NA,"",NA,NA,"","Sobic.001G514500.9","Chr01",78162706,78168598,5893,"-",-129,-5763
"1745","PstI.TP459121","CmDW_g.44",1,78162835,"CmDW_g","PCA=3(1);PS_N(2)","C124+2560(3)","","FarmCPU(1)","pKWmEB(1)","rrBLUP(1)","",0.06855,9.911,NA,"",NA,NA,"","Sobic.001G514500.10","Chr01",78162706,78168589,5884,"-",-129,-5754
"1746","PstI.TP459121","CmDW_g.44",1,78162835,"CmDW_g","PCA=3(1);PS_N(2)","C124+2560(3)","","FarmCPU(1)","pKWmEB(1)","rrBLUP(1)","",0.06855,9.911,NA,"",NA,NA,"","Sobic.001G514500.2","Chr01",78162706,78168595,5890,"-",-129,-5760
"1747","PstI.TP459121","CmDW_g.44",1,78162835,"CmDW_g","PCA=3(1);PS_N(2)","C124+2560(3)","","FarmCPU(1)","pKWmEB(1)","rrBLUP(1)","",0.06855,9.911,NA,"",NA,NA,"","Sobic.001G514500.3","Chr01",78162706,78168567,5862,"-",-129,-5732
"1748","PstI.TP459121","CmDW_g.44",1,78162835,"CmDW_g","PCA=3(1);PS_N(2)","C124+2560(3)","","FarmCPU(1)","pKWmEB(1)","rrBLUP(1)","",0.06855,9.911,NA,"",NA,NA,"","Sobic.001G514400.1","Chr01",78160422,78162432,2011,"+",-2413,403
"1749","PstI.TP459121","CmDW_g.44",1,78162835,"CmDW_g","PCA=3(1);PS_N(2)","C124+2560(3)","","FarmCPU(1)","pKWmEB(1)","rrBLUP(1)","",0.06855,9.911,NA,"",NA,NA,"","Sobic.001G514500.5","Chr01",78162706,78168572,5867,"-",-129,-5737
"1750","PstI.TP459121","CmDW_g.44",1,78162835,"CmDW_g","PCA=3(1);PS_N(2)","C124+2560(3)","","FarmCPU(1)","pKWmEB(1)","rrBLUP(1)","",0.06855,9.911,NA,"",NA,NA,"","Sobic.001G514400.1","Chr01",78160422,78162432,2011,"+",-2413,403
"1751","PstI.TP459121","CmDW_g.44",1,78162835,"CmDW_g","PCA=3(1);PS_N(2)","C124+2560(3)","","FarmCPU(1)","pKWmEB(1)","rrBLUP(1)","",0.06855,9.911,NA,"",NA,NA,"","Sobic.001G514500.7","Chr01",78162706,78168624,5919,"-",-129,-5789
"1752","PstI.TP459121","CmDW_g.44",1,78162835,"CmDW_g","PCA=3(1);PS_N(2)","C124+2560(3)","","FarmCPU(1)","pKWmEB(1)","rrBLUP(1)","",0.06855,9.911,NA,"",NA,NA,"","Sobic.001G514500.2","Chr01",78162706,78168595,5890,"-",-129,-5760
"1753","PstI.TP459121","CmDW_g.44",1,78162835,"CmDW_g","PCA=3(1);PS_N(2)","C124+2560(3)","","FarmCPU(1)","pKWmEB(1)","rrBLUP(1)","",0.06855,9.911,NA,"",NA,NA,"","Sobic.001G514500.5","Chr01",78162706,78168572,5867,"-",-129,-5737
"1754","PstI.TP459121","CmDW_g.44",1,78162835,"CmDW_g","PCA=3(1);PS_N(2)","C124+2560(3)","","FarmCPU(1)","pKWmEB(1)","rrBLUP(1)","",0.06855,9.911,NA,"",NA,NA,"","Sobic.001G514500.9","Chr01",78162706,78168598,5893,"-",-129,-5763
"1755","PstI.TP459121","CmDW_g.44",1,78162835,"CmDW_g","PCA=3(1);PS_N(2)","C124+2560(3)","","FarmCPU(1)","pKWmEB(1)","rrBLUP(1)","",0.06855,9.911,NA,"",NA,NA,"","Sobic.001G514400.1","Chr01",78160422,78162432,2011,"+",-2413,403
"1756","PstI.TP459121","CmDW_g.44",1,78162835,"CmDW_g","PCA=3(1);PS_N(2)","C124+2560(3)","","FarmCPU(1)","pKWmEB(1)","rrBLUP(1)","",0.06855,9.911,NA,"",NA,NA,"","Sobic.001G514500.2","Chr01",78162706,78168595,5890,"-",-129,-5760
"1757","PstI.TP459121","CmDW_g.44",1,78162835,"CmDW_g","PCA=3(1);PS_N(2)","C124+2560(3)","","FarmCPU(1)","pKWmEB(1)","rrBLUP(1)","",0.06855,9.911,NA,"",NA,NA,"","Sobic.001G514500.7","Chr01",78162706,78168624,5919,"-",-129,-5789
"1758","PstI.TP459121","CmDW_g.44",1,78162835,"CmDW_g","PCA=3(1);PS_N(2)","C124+2560(3)","","FarmCPU(1)","pKWmEB(1)","rrBLUP(1)","",0.06855,9.911,NA,"",NA,NA,"","Sobic.001G514500.7","Chr01",78162706,78168624,5919,"-",-129,-5789
"1759","PstI.TP459121","CmDW_g.44",1,78162835,"CmDW_g","PCA=3(1);PS_N(2)","C124+2560(3)","","FarmCPU(1)","pKWmEB(1)","rrBLUP(1)","",0.06855,9.911,NA,"",NA,NA,"","Sobic.001G514500.8","Chr01",78162706,78168598,5893,"-",-129,-5763
"1760","PstI.TP459121","CmDW_g.44",1,78162835,"CmDW_g","PCA=3(1);PS_N(2)","C124+2560(3)","","FarmCPU(1)","pKWmEB(1)","rrBLUP(1)","",0.06855,9.911,NA,"",NA,NA,"","Sobic.001G514500.4","Chr01",78162706,78168595,5890,"-",-129,-5760
"1761","PstI.TP459121","CmDW_g.44",1,78162835,"CmDW_g","PCA=3(1);PS_N(2)","C124+2560(3)","","FarmCPU(1)","pKWmEB(1)","rrBLUP(1)","",0.06855,9.911,NA,"",NA,NA,"","Sobic.001G514500.4","Chr01",78162706,78168595,5890,"-",-129,-5760
"1762","PstI.TP459121","CmDW_g.44",1,78162835,"CmDW_g","PCA=3(1);PS_N(2)","C124+2560(3)","","FarmCPU(1)","pKWmEB(1)","rrBLUP(1)","",0.06855,9.911,NA,"",NA,NA,"","Sobic.001G514500.8","Chr01",78162706,78168598,5893,"-",-129,-5763
"1763","PstI.TP459121","CmDW_g.44",1,78162835,"CmDW_g","PCA=3(1);PS_N(2)","C124+2560(3)","","FarmCPU(1)","pKWmEB(1)","rrBLUP(1)","",0.06855,9.911,NA,"",NA,NA,"","Sobic.001G514500.3","Chr01",78162706,78168567,5862,"-",-129,-5732
"1764","PstI.TP459121","CmDW_g.44",1,78162835,"CmDW_g","PCA=3(1);PS_N(2)","C124+2560(3)","","FarmCPU(1)","pKWmEB(1)","rrBLUP(1)","",0.06855,9.911,NA,"",NA,NA,"","Sobic.001G514500.6","Chr01",78162706,78168571,5866,"-",-129,-5736
"1765","PstI.TP459121","CmN.172",1,78162835,"CmN","PS_Y(1)","C116+3293(1)","MLM+SUPER(1)","","","","",0.06897,12.28,NA,"",NA,NA,"","Sobic.001G514500.8","Chr01",78162706,78168598,5893,"-",-129,-5763
"1766","PstI.TP459121","CmN.172",1,78162835,"CmN","PS_Y(1)","C116+3293(1)","MLM+SUPER(1)","","","","",0.06897,12.28,NA,"",NA,NA,"","Sobic.001G514500.8","Chr01",78162706,78168598,5893,"-",-129,-5763
"1767","PstI.TP459121","CmN.172",1,78162835,"CmN","PS_Y(1)","C116+3293(1)","MLM+SUPER(1)","","","","",0.06897,12.28,NA,"",NA,NA,"","Sobic.001G514500.4","Chr01",78162706,78168595,5890,"-",-129,-5760
"1768","PstI.TP459121","CmN.172",1,78162835,"CmN","PS_Y(1)","C116+3293(1)","MLM+SUPER(1)","","","","",0.06897,12.28,NA,"",NA,NA,"","Sobic.001G514500.7","Chr01",78162706,78168624,5919,"-",-129,-5789
"1769","PstI.TP459121","CmN.172",1,78162835,"CmN","PS_Y(1)","C116+3293(1)","MLM+SUPER(1)","","","","",0.06897,12.28,NA,"",NA,NA,"","Sobic.001G514500.7","Chr01",78162706,78168624,5919,"-",-129,-5789
"1770","PstI.TP459121","CmN.172",1,78162835,"CmN","PS_Y(1)","C116+3293(1)","MLM+SUPER(1)","","","","",0.06897,12.28,NA,"",NA,NA,"","Sobic.001G514400.1","Chr01",78160422,78162432,2011,"+",-2413,403
"1771","PstI.TP459121","CmN.172",1,78162835,"CmN","PS_Y(1)","C116+3293(1)","MLM+SUPER(1)","","","","",0.06897,12.28,NA,"",NA,NA,"","Sobic.001G514400.1","Chr01",78160422,78162432,2011,"+",-2413,403
"1772","PstI.TP459121","CmN.172",1,78162835,"CmN","PS_Y(1)","C116+3293(1)","MLM+SUPER(1)","","","","",0.06897,12.28,NA,"",NA,NA,"","Sobic.001G514500.8","Chr01",78162706,78168598,5893,"-",-129,-5763
"1773","PstI.TP459121","CmN.172",1,78162835,"CmN","PS_Y(1)","C116+3293(1)","MLM+SUPER(1)","","","","",0.06897,12.28,NA,"",NA,NA,"","Sobic.001G514500.9","Chr01",78162706,78168598,5893,"-",-129,-5763
"1774","PstI.TP459121","CmN.172",1,78162835,"CmN","PS_Y(1)","C116+3293(1)","MLM+SUPER(1)","","","","",0.06897,12.28,NA,"",NA,NA,"","Sobic.001G514500.4","Chr01",78162706,78168595,5890,"-",-129,-5760
"1775","PstI.TP459121","CmN.172",1,78162835,"CmN","PS_Y(1)","C116+3293(1)","MLM+SUPER(1)","","","","",0.06897,12.28,NA,"",NA,NA,"","Sobic.001G514500.2","Chr01",78162706,78168595,5890,"-",-129,-5760
"1776","PstI.TP459121","CmN.172",1,78162835,"CmN","PS_Y(1)","C116+3293(1)","MLM+SUPER(1)","","","","",0.06897,12.28,NA,"",NA,NA,"","Sobic.001G514500.3","Chr01",78162706,78168567,5862,"-",-129,-5732
"1777","PstI.TP459121","CmN.172",1,78162835,"CmN","PS_Y(1)","C116+3293(1)","MLM+SUPER(1)","","","","",0.06897,12.28,NA,"",NA,NA,"","Sobic.001G514500.7","Chr01",78162706,78168624,5919,"-",-129,-5789
"1778","PstI.TP459121","CmN.172",1,78162835,"CmN","PS_Y(1)","C116+3293(1)","MLM+SUPER(1)","","","","",0.06897,12.28,NA,"",NA,NA,"","Sobic.001G514500.6","Chr01",78162706,78168571,5866,"-",-129,-5736
"1779","PstI.TP459121","CmN.172",1,78162835,"CmN","PS_Y(1)","C116+3293(1)","MLM+SUPER(1)","","","","",0.06897,12.28,NA,"",NA,NA,"","Sobic.001G514500.8","Chr01",78162706,78168598,5893,"-",-129,-5763
"1780","PstI.TP459121","CmN.172",1,78162835,"CmN","PS_Y(1)","C116+3293(1)","MLM+SUPER(1)","","","","",0.06897,12.28,NA,"",NA,NA,"","Sobic.001G514500.9","Chr01",78162706,78168598,5893,"-",-129,-5763
"1781","PstI.TP459121","CmN.172",1,78162835,"CmN","PS_Y(1)","C116+3293(1)","MLM+SUPER(1)","","","","",0.06897,12.28,NA,"",NA,NA,"","Sobic.001G514500.10","Chr01",78162706,78168589,5884,"-",-129,-5754
"1782","PstI.TP459121","CmN.172",1,78162835,"CmN","PS_Y(1)","C116+3293(1)","MLM+SUPER(1)","","","","",0.06897,12.28,NA,"",NA,NA,"","Sobic.001G514500.2","Chr01",78162706,78168595,5890,"-",-129,-5760
"1783","PstI.TP459121","CmN.172",1,78162835,"CmN","PS_Y(1)","C116+3293(1)","MLM+SUPER(1)","","","","",0.06897,12.28,NA,"",NA,NA,"","Sobic.001G514500.9","Chr01",78162706,78168598,5893,"-",-129,-5763
"1784","PstI.TP459121","CmN.172",1,78162835,"CmN","PS_Y(1)","C116+3293(1)","MLM+SUPER(1)","","","","",0.06897,12.28,NA,"",NA,NA,"","Sobic.001G514500.10","Chr01",78162706,78168589,5884,"-",-129,-5754
"1785","PstI.TP459121","CmN.172",1,78162835,"CmN","PS_Y(1)","C116+3293(1)","MLM+SUPER(1)","","","","",0.06897,12.28,NA,"",NA,NA,"","Sobic.001G514500.9","Chr01",78162706,78168598,5893,"-",-129,-5763
"1786","PstI.TP459121","CmN.172",1,78162835,"CmN","PS_Y(1)","C116+3293(1)","MLM+SUPER(1)","","","","",0.06897,12.28,NA,"",NA,NA,"","Sobic.001G514500.3","Chr01",78162706,78168567,5862,"-",-129,-5732
"1787","PstI.TP459121","CmN.172",1,78162835,"CmN","PS_Y(1)","C116+3293(1)","MLM+SUPER(1)","","","","",0.06897,12.28,NA,"",NA,NA,"","Sobic.001G514500.9","Chr01",78162706,78168598,5893,"-",-129,-5763
"1788","PstI.TP459121","CmN.172",1,78162835,"CmN","PS_Y(1)","C116+3293(1)","MLM+SUPER(1)","","","","",0.06897,12.28,NA,"",NA,NA,"","Sobic.001G514500.6","Chr01",78162706,78168571,5866,"-",-129,-5736
"1789","PstI.TP459121","CmN.172",1,78162835,"CmN","PS_Y(1)","C116+3293(1)","MLM+SUPER(1)","","","","",0.06897,12.28,NA,"",NA,NA,"","Sobic.001G514500.3","Chr01",78162706,78168567,5862,"-",-129,-5732
"1790","PstI.TP459121","CmN.172",1,78162835,"CmN","PS_Y(1)","C116+3293(1)","MLM+SUPER(1)","","","","",0.06897,12.28,NA,"",NA,NA,"","Sobic.001G514500.10","Chr01",78162706,78168589,5884,"-",-129,-5754
"1791","PstI.TP459121","CmN.172",1,78162835,"CmN","PS_Y(1)","C116+3293(1)","MLM+SUPER(1)","","","","",0.06897,12.28,NA,"",NA,NA,"","Sobic.001G514500.3","Chr01",78162706,78168567,5862,"-",-129,-5732
"1792","PstI.TP459121","CmN.172",1,78162835,"CmN","PS_Y(1)","C116+3293(1)","MLM+SUPER(1)","","","","",0.06897,12.28,NA,"",NA,NA,"","Sobic.001G514500.4","Chr01",78162706,78168595,5890,"-",-129,-5760
"1793","PstI.TP459121","CmN.172",1,78162835,"CmN","PS_Y(1)","C116+3293(1)","MLM+SUPER(1)","","","","",0.06897,12.28,NA,"",NA,NA,"","Sobic.001G514500.6","Chr01",78162706,78168571,5866,"-",-129,-5736
"1794","PstI.TP459121","CmN.172",1,78162835,"CmN","PS_Y(1)","C116+3293(1)","MLM+SUPER(1)","","","","",0.06897,12.28,NA,"",NA,NA,"","Sobic.001G514500.4","Chr01",78162706,78168595,5890,"-",-129,-5760
"1795","PstI.TP459121","CmN.172",1,78162835,"CmN","PS_Y(1)","C116+3293(1)","MLM+SUPER(1)","","","","",0.06897,12.28,NA,"",NA,NA,"","Sobic.001G514500.5","Chr01",78162706,78168572,5867,"-",-129,-5737
"1796","PstI.TP459121","CmN.172",1,78162835,"CmN","PS_Y(1)","C116+3293(1)","MLM+SUPER(1)","","","","",0.06897,12.28,NA,"",NA,NA,"","Sobic.001G514400.1","Chr01",78160422,78162432,2011,"+",-2413,403
"1797","PstI.TP459121","CmN.172",1,78162835,"CmN","PS_Y(1)","C116+3293(1)","MLM+SUPER(1)","","","","",0.06897,12.28,NA,"",NA,NA,"","Sobic.001G514500.2","Chr01",78162706,78168595,5890,"-",-129,-5760
"1798","PstI.TP459121","CmN.172",1,78162835,"CmN","PS_Y(1)","C116+3293(1)","MLM+SUPER(1)","","","","",0.06897,12.28,NA,"",NA,NA,"","Sobic.001G514400.1","Chr01",78160422,78162432,2011,"+",-2413,403
"1799","PstI.TP459121","CmN.172",1,78162835,"CmN","PS_Y(1)","C116+3293(1)","MLM+SUPER(1)","","","","",0.06897,12.28,NA,"",NA,NA,"","Sobic.001G514500.6","Chr01",78162706,78168571,5866,"-",-129,-5736
"1800","PstI.TP459121","CmN.172",1,78162835,"CmN","PS_Y(1)","C116+3293(1)","MLM+SUPER(1)","","","","",0.06897,12.28,NA,"",NA,NA,"","Sobic.001G514500.10","Chr01",78162706,78168589,5884,"-",-129,-5754
"1801","PstI.TP459121","CmN.172",1,78162835,"CmN","PS_Y(1)","C116+3293(1)","MLM+SUPER(1)","","","","",0.06897,12.28,NA,"",NA,NA,"","Sobic.001G514500.4","Chr01",78162706,78168595,5890,"-",-129,-5760
"1802","PstI.TP459121","CmN.172",1,78162835,"CmN","PS_Y(1)","C116+3293(1)","MLM+SUPER(1)","","","","",0.06897,12.28,NA,"",NA,NA,"","Sobic.001G514500.5","Chr01",78162706,78168572,5867,"-",-129,-5737
"1803","PstI.TP459121","CmN.172",1,78162835,"CmN","PS_Y(1)","C116+3293(1)","MLM+SUPER(1)","","","","",0.06897,12.28,NA,"",NA,NA,"","Sobic.001G514500.8","Chr01",78162706,78168598,5893,"-",-129,-5763
"1804","PstI.TP459121","CmN.172",1,78162835,"CmN","PS_Y(1)","C116+3293(1)","MLM+SUPER(1)","","","","",0.06897,12.28,NA,"",NA,NA,"","Sobic.001G514500.2","Chr01",78162706,78168595,5890,"-",-129,-5760
"1805","PstI.TP459121","CmN.172",1,78162835,"CmN","PS_Y(1)","C116+3293(1)","MLM+SUPER(1)","","","","",0.06897,12.28,NA,"",NA,NA,"","Sobic.001G514500.10","Chr01",78162706,78168589,5884,"-",-129,-5754
"1806","PstI.TP459121","CmN.172",1,78162835,"CmN","PS_Y(1)","C116+3293(1)","MLM+SUPER(1)","","","","",0.06897,12.28,NA,"",NA,NA,"","Sobic.001G514500.9","Chr01",78162706,78168598,5893,"-",-129,-5763
"1807","PstI.TP459121","CmN.172",1,78162835,"CmN","PS_Y(1)","C116+3293(1)","MLM+SUPER(1)","","","","",0.06897,12.28,NA,"",NA,NA,"","Sobic.001G514500.6","Chr01",78162706,78168571,5866,"-",-129,-5736
"1808","PstI.TP459121","CmN.172",1,78162835,"CmN","PS_Y(1)","C116+3293(1)","MLM+SUPER(1)","","","","",0.06897,12.28,NA,"",NA,NA,"","Sobic.001G514500.7","Chr01",78162706,78168624,5919,"-",-129,-5789
"1809","PstI.TP459121","CmN.172",1,78162835,"CmN","PS_Y(1)","C116+3293(1)","MLM+SUPER(1)","","","","",0.06897,12.28,NA,"",NA,NA,"","Sobic.001G514500.5","Chr01",78162706,78168572,5867,"-",-129,-5737
"1810","PstI.TP459121","CmN.172",1,78162835,"CmN","PS_Y(1)","C116+3293(1)","MLM+SUPER(1)","","","","",0.06897,12.28,NA,"",NA,NA,"","Sobic.001G514500.2","Chr01",78162706,78168595,5890,"-",-129,-5760
"1811","PstI.TP459121","CmN.172",1,78162835,"CmN","PS_Y(1)","C116+3293(1)","MLM+SUPER(1)","","","","",0.06897,12.28,NA,"",NA,NA,"","Sobic.001G514500.5","Chr01",78162706,78168572,5867,"-",-129,-5737
"1812","PstI.TP459121","CmN.172",1,78162835,"CmN","PS_Y(1)","C116+3293(1)","MLM+SUPER(1)","","","","",0.06897,12.28,NA,"",NA,NA,"","Sobic.001G514400.1","Chr01",78160422,78162432,2011,"+",-2413,403
"1813","PstI.TP459121","CmN.172",1,78162835,"CmN","PS_Y(1)","C116+3293(1)","MLM+SUPER(1)","","","","",0.06897,12.28,NA,"",NA,NA,"","Sobic.001G514500.8","Chr01",78162706,78168598,5893,"-",-129,-5763
"1814","PstI.TP459121","CmN.172",1,78162835,"CmN","PS_Y(1)","C116+3293(1)","MLM+SUPER(1)","","","","",0.06897,12.28,NA,"",NA,NA,"","Sobic.001G514500.3","Chr01",78162706,78168567,5862,"-",-129,-5732
"1815","PstI.TP459121","CmN.172",1,78162835,"CmN","PS_Y(1)","C116+3293(1)","MLM+SUPER(1)","","","","",0.06897,12.28,NA,"",NA,NA,"","Sobic.001G514500.3","Chr01",78162706,78168567,5862,"-",-129,-5732
"1816","PstI.TP459121","CmN.172",1,78162835,"CmN","PS_Y(1)","C116+3293(1)","MLM+SUPER(1)","","","","",0.06897,12.28,NA,"",NA,NA,"","Sobic.001G514500.6","Chr01",78162706,78168571,5866,"-",-129,-5736
"1817","PstI.TP459121","CmN.172",1,78162835,"CmN","PS_Y(1)","C116+3293(1)","MLM+SUPER(1)","","","","",0.06897,12.28,NA,"",NA,NA,"","Sobic.001G514500.6","Chr01",78162706,78168571,5866,"-",-129,-5736
"1818","PstI.TP459121","CmN.172",1,78162835,"CmN","PS_Y(1)","C116+3293(1)","MLM+SUPER(1)","","","","",0.06897,12.28,NA,"",NA,NA,"","Sobic.001G514500.5","Chr01",78162706,78168572,5867,"-",-129,-5737
"1819","PstI.TP459121","CmN.172",1,78162835,"CmN","PS_Y(1)","C116+3293(1)","MLM+SUPER(1)","","","","",0.06897,12.28,NA,"",NA,NA,"","Sobic.001G514500.10","Chr01",78162706,78168589,5884,"-",-129,-5754
"1820","PstI.TP459121","CmN.172",1,78162835,"CmN","PS_Y(1)","C116+3293(1)","MLM+SUPER(1)","","","","",0.06897,12.28,NA,"",NA,NA,"","Sobic.001G514500.4","Chr01",78162706,78168595,5890,"-",-129,-5760
"1821","PstI.TP459121","CmN.172",1,78162835,"CmN","PS_Y(1)","C116+3293(1)","MLM+SUPER(1)","","","","",0.06897,12.28,NA,"",NA,NA,"","Sobic.001G514500.10","Chr01",78162706,78168589,5884,"-",-129,-5754
"1822","PstI.TP459121","CmN.172",1,78162835,"CmN","PS_Y(1)","C116+3293(1)","MLM+SUPER(1)","","","","",0.06897,12.28,NA,"",NA,NA,"","Sobic.001G514500.5","Chr01",78162706,78168572,5867,"-",-129,-5737
"1823","PstI.TP459121","CmN.172",1,78162835,"CmN","PS_Y(1)","C116+3293(1)","MLM+SUPER(1)","","","","",0.06897,12.28,NA,"",NA,NA,"","Sobic.001G514500.7","Chr01",78162706,78168624,5919,"-",-129,-5789
"1824","PstI.TP459121","CmN.172",1,78162835,"CmN","PS_Y(1)","C116+3293(1)","MLM+SUPER(1)","","","","",0.06897,12.28,NA,"",NA,NA,"","Sobic.001G514500.9","Chr01",78162706,78168598,5893,"-",-129,-5763
"1825","PstI.TP459121","CmN.172",1,78162835,"CmN","PS_Y(1)","C116+3293(1)","MLM+SUPER(1)","","","","",0.06897,12.28,NA,"",NA,NA,"","Sobic.001G514500.10","Chr01",78162706,78168589,5884,"-",-129,-5754
"1826","PstI.TP459121","CmN.172",1,78162835,"CmN","PS_Y(1)","C116+3293(1)","MLM+SUPER(1)","","","","",0.06897,12.28,NA,"",NA,NA,"","Sobic.001G514500.2","Chr01",78162706,78168595,5890,"-",-129,-5760
"1827","PstI.TP459121","CmN.172",1,78162835,"CmN","PS_Y(1)","C116+3293(1)","MLM+SUPER(1)","","","","",0.06897,12.28,NA,"",NA,NA,"","Sobic.001G514500.3","Chr01",78162706,78168567,5862,"-",-129,-5732
"1828","PstI.TP459121","CmN.172",1,78162835,"CmN","PS_Y(1)","C116+3293(1)","MLM+SUPER(1)","","","","",0.06897,12.28,NA,"",NA,NA,"","Sobic.001G514400.1","Chr01",78160422,78162432,2011,"+",-2413,403
"1829","PstI.TP459121","CmN.172",1,78162835,"CmN","PS_Y(1)","C116+3293(1)","MLM+SUPER(1)","","","","",0.06897,12.28,NA,"",NA,NA,"","Sobic.001G514500.5","Chr01",78162706,78168572,5867,"-",-129,-5737
"1830","PstI.TP459121","CmN.172",1,78162835,"CmN","PS_Y(1)","C116+3293(1)","MLM+SUPER(1)","","","","",0.06897,12.28,NA,"",NA,NA,"","Sobic.001G514400.1","Chr01",78160422,78162432,2011,"+",-2413,403
"1831","PstI.TP459121","CmN.172",1,78162835,"CmN","PS_Y(1)","C116+3293(1)","MLM+SUPER(1)","","","","",0.06897,12.28,NA,"",NA,NA,"","Sobic.001G514500.7","Chr01",78162706,78168624,5919,"-",-129,-5789
"1832","PstI.TP459121","CmN.172",1,78162835,"CmN","PS_Y(1)","C116+3293(1)","MLM+SUPER(1)","","","","",0.06897,12.28,NA,"",NA,NA,"","Sobic.001G514500.2","Chr01",78162706,78168595,5890,"-",-129,-5760
"1833","PstI.TP459121","CmN.172",1,78162835,"CmN","PS_Y(1)","C116+3293(1)","MLM+SUPER(1)","","","","",0.06897,12.28,NA,"",NA,NA,"","Sobic.001G514500.5","Chr01",78162706,78168572,5867,"-",-129,-5737
"1834","PstI.TP459121","CmN.172",1,78162835,"CmN","PS_Y(1)","C116+3293(1)","MLM+SUPER(1)","","","","",0.06897,12.28,NA,"",NA,NA,"","Sobic.001G514500.9","Chr01",78162706,78168598,5893,"-",-129,-5763
"1835","PstI.TP459121","CmN.172",1,78162835,"CmN","PS_Y(1)","C116+3293(1)","MLM+SUPER(1)","","","","",0.06897,12.28,NA,"",NA,NA,"","Sobic.001G514400.1","Chr01",78160422,78162432,2011,"+",-2413,403
"1836","PstI.TP459121","CmN.172",1,78162835,"CmN","PS_Y(1)","C116+3293(1)","MLM+SUPER(1)","","","","",0.06897,12.28,NA,"",NA,NA,"","Sobic.001G514500.2","Chr01",78162706,78168595,5890,"-",-129,-5760
"1837","PstI.TP459121","CmN.172",1,78162835,"CmN","PS_Y(1)","C116+3293(1)","MLM+SUPER(1)","","","","",0.06897,12.28,NA,"",NA,NA,"","Sobic.001G514500.7","Chr01",78162706,78168624,5919,"-",-129,-5789
"1838","PstI.TP459121","CmN.172",1,78162835,"CmN","PS_Y(1)","C116+3293(1)","MLM+SUPER(1)","","","","",0.06897,12.28,NA,"",NA,NA,"","Sobic.001G514500.7","Chr01",78162706,78168624,5919,"-",-129,-5789
"1839","PstI.TP459121","CmN.172",1,78162835,"CmN","PS_Y(1)","C116+3293(1)","MLM+SUPER(1)","","","","",0.06897,12.28,NA,"",NA,NA,"","Sobic.001G514500.8","Chr01",78162706,78168598,5893,"-",-129,-5763
"1840","PstI.TP459121","CmN.172",1,78162835,"CmN","PS_Y(1)","C116+3293(1)","MLM+SUPER(1)","","","","",0.06897,12.28,NA,"",NA,NA,"","Sobic.001G514500.4","Chr01",78162706,78168595,5890,"-",-129,-5760
"1841","PstI.TP459121","CmN.172",1,78162835,"CmN","PS_Y(1)","C116+3293(1)","MLM+SUPER(1)","","","","",0.06897,12.28,NA,"",NA,NA,"","Sobic.001G514500.4","Chr01",78162706,78168595,5890,"-",-129,-5760
"1842","PstI.TP459121","CmN.172",1,78162835,"CmN","PS_Y(1)","C116+3293(1)","MLM+SUPER(1)","","","","",0.06897,12.28,NA,"",NA,NA,"","Sobic.001G514500.8","Chr01",78162706,78168598,5893,"-",-129,-5763
"1843","PstI.TP459121","CmN.172",1,78162835,"CmN","PS_Y(1)","C116+3293(1)","MLM+SUPER(1)","","","","",0.06897,12.28,NA,"",NA,NA,"","Sobic.001G514500.3","Chr01",78162706,78168567,5862,"-",-129,-5732
"1844","PstI.TP459121","CmN.172",1,78162835,"CmN","PS_Y(1)","C116+3293(1)","MLM+SUPER(1)","","","","",0.06897,12.28,NA,"",NA,NA,"","Sobic.001G514500.6","Chr01",78162706,78168571,5866,"-",-129,-5736
"1845","PstI.TP459121","Cml_cm.49",1,78162835,"Cml_cm","PS_N(2)","C106+4202(1);C124+2560(1)","","","pKWmEB(1);pLARmEB(1)","","",0.0708,0,NA,"",NA,NA,"","Sobic.001G514500.8","Chr01",78162706,78168598,5893,"-",-129,-5763
"1846","PstI.TP459121","Cml_cm.49",1,78162835,"Cml_cm","PS_N(2)","C106+4202(1);C124+2560(1)","","","pKWmEB(1);pLARmEB(1)","","",0.0708,0,NA,"",NA,NA,"","Sobic.001G514500.8","Chr01",78162706,78168598,5893,"-",-129,-5763
"1847","PstI.TP459121","Cml_cm.49",1,78162835,"Cml_cm","PS_N(2)","C106+4202(1);C124+2560(1)","","","pKWmEB(1);pLARmEB(1)","","",0.0708,0,NA,"",NA,NA,"","Sobic.001G514500.4","Chr01",78162706,78168595,5890,"-",-129,-5760
"1848","PstI.TP459121","Cml_cm.49",1,78162835,"Cml_cm","PS_N(2)","C106+4202(1);C124+2560(1)","","","pKWmEB(1);pLARmEB(1)","","",0.0708,0,NA,"",NA,NA,"","Sobic.001G514500.7","Chr01",78162706,78168624,5919,"-",-129,-5789
"1849","PstI.TP459121","Cml_cm.49",1,78162835,"Cml_cm","PS_N(2)","C106+4202(1);C124+2560(1)","","","pKWmEB(1);pLARmEB(1)","","",0.0708,0,NA,"",NA,NA,"","Sobic.001G514500.7","Chr01",78162706,78168624,5919,"-",-129,-5789
"1850","PstI.TP459121","Cml_cm.49",1,78162835,"Cml_cm","PS_N(2)","C106+4202(1);C124+2560(1)","","","pKWmEB(1);pLARmEB(1)","","",0.0708,0,NA,"",NA,NA,"","Sobic.001G514400.1","Chr01",78160422,78162432,2011,"+",-2413,403
"1851","PstI.TP459121","Cml_cm.49",1,78162835,"Cml_cm","PS_N(2)","C106+4202(1);C124+2560(1)","","","pKWmEB(1);pLARmEB(1)","","",0.0708,0,NA,"",NA,NA,"","Sobic.001G514400.1","Chr01",78160422,78162432,2011,"+",-2413,403
"1852","PstI.TP459121","Cml_cm.49",1,78162835,"Cml_cm","PS_N(2)","C106+4202(1);C124+2560(1)","","","pKWmEB(1);pLARmEB(1)","","",0.0708,0,NA,"",NA,NA,"","Sobic.001G514500.8","Chr01",78162706,78168598,5893,"-",-129,-5763
"1853","PstI.TP459121","Cml_cm.49",1,78162835,"Cml_cm","PS_N(2)","C106+4202(1);C124+2560(1)","","","pKWmEB(1);pLARmEB(1)","","",0.0708,0,NA,"",NA,NA,"","Sobic.001G514500.9","Chr01",78162706,78168598,5893,"-",-129,-5763
"1854","PstI.TP459121","Cml_cm.49",1,78162835,"Cml_cm","PS_N(2)","C106+4202(1);C124+2560(1)","","","pKWmEB(1);pLARmEB(1)","","",0.0708,0,NA,"",NA,NA,"","Sobic.001G514500.4","Chr01",78162706,78168595,5890,"-",-129,-5760
"1855","PstI.TP459121","Cml_cm.49",1,78162835,"Cml_cm","PS_N(2)","C106+4202(1);C124+2560(1)","","","pKWmEB(1);pLARmEB(1)","","",0.0708,0,NA,"",NA,NA,"","Sobic.001G514500.2","Chr01",78162706,78168595,5890,"-",-129,-5760
"1856","PstI.TP459121","Cml_cm.49",1,78162835,"Cml_cm","PS_N(2)","C106+4202(1);C124+2560(1)","","","pKWmEB(1);pLARmEB(1)","","",0.0708,0,NA,"",NA,NA,"","Sobic.001G514500.3","Chr01",78162706,78168567,5862,"-",-129,-5732
"1857","PstI.TP459121","Cml_cm.49",1,78162835,"Cml_cm","PS_N(2)","C106+4202(1);C124+2560(1)","","","pKWmEB(1);pLARmEB(1)","","",0.0708,0,NA,"",NA,NA,"","Sobic.001G514500.7","Chr01",78162706,78168624,5919,"-",-129,-5789
"1858","PstI.TP459121","Cml_cm.49",1,78162835,"Cml_cm","PS_N(2)","C106+4202(1);C124+2560(1)","","","pKWmEB(1);pLARmEB(1)","","",0.0708,0,NA,"",NA,NA,"","Sobic.001G514500.6","Chr01",78162706,78168571,5866,"-",-129,-5736
"1859","PstI.TP459121","Cml_cm.49",1,78162835,"Cml_cm","PS_N(2)","C106+4202(1);C124+2560(1)","","","pKWmEB(1);pLARmEB(1)","","",0.0708,0,NA,"",NA,NA,"","Sobic.001G514500.8","Chr01",78162706,78168598,5893,"-",-129,-5763
"1860","PstI.TP459121","Cml_cm.49",1,78162835,"Cml_cm","PS_N(2)","C106+4202(1);C124+2560(1)","","","pKWmEB(1);pLARmEB(1)","","",0.0708,0,NA,"",NA,NA,"","Sobic.001G514500.9","Chr01",78162706,78168598,5893,"-",-129,-5763
"1861","PstI.TP459121","Cml_cm.49",1,78162835,"Cml_cm","PS_N(2)","C106+4202(1);C124+2560(1)","","","pKWmEB(1);pLARmEB(1)","","",0.0708,0,NA,"",NA,NA,"","Sobic.001G514500.10","Chr01",78162706,78168589,5884,"-",-129,-5754
"1862","PstI.TP459121","Cml_cm.49",1,78162835,"Cml_cm","PS_N(2)","C106+4202(1);C124+2560(1)","","","pKWmEB(1);pLARmEB(1)","","",0.0708,0,NA,"",NA,NA,"","Sobic.001G514500.2","Chr01",78162706,78168595,5890,"-",-129,-5760
"1863","PstI.TP459121","Cml_cm.49",1,78162835,"Cml_cm","PS_N(2)","C106+4202(1);C124+2560(1)","","","pKWmEB(1);pLARmEB(1)","","",0.0708,0,NA,"",NA,NA,"","Sobic.001G514500.9","Chr01",78162706,78168598,5893,"-",-129,-5763
"1864","PstI.TP459121","Cml_cm.49",1,78162835,"Cml_cm","PS_N(2)","C106+4202(1);C124+2560(1)","","","pKWmEB(1);pLARmEB(1)","","",0.0708,0,NA,"",NA,NA,"","Sobic.001G514500.10","Chr01",78162706,78168589,5884,"-",-129,-5754
"1865","PstI.TP459121","Cml_cm.49",1,78162835,"Cml_cm","PS_N(2)","C106+4202(1);C124+2560(1)","","","pKWmEB(1);pLARmEB(1)","","",0.0708,0,NA,"",NA,NA,"","Sobic.001G514500.9","Chr01",78162706,78168598,5893,"-",-129,-5763
"1866","PstI.TP459121","Cml_cm.49",1,78162835,"Cml_cm","PS_N(2)","C106+4202(1);C124+2560(1)","","","pKWmEB(1);pLARmEB(1)","","",0.0708,0,NA,"",NA,NA,"","Sobic.001G514500.3","Chr01",78162706,78168567,5862,"-",-129,-5732
"1867","PstI.TP459121","Cml_cm.49",1,78162835,"Cml_cm","PS_N(2)","C106+4202(1);C124+2560(1)","","","pKWmEB(1);pLARmEB(1)","","",0.0708,0,NA,"",NA,NA,"","Sobic.001G514500.9","Chr01",78162706,78168598,5893,"-",-129,-5763
"1868","PstI.TP459121","Cml_cm.49",1,78162835,"Cml_cm","PS_N(2)","C106+4202(1);C124+2560(1)","","","pKWmEB(1);pLARmEB(1)","","",0.0708,0,NA,"",NA,NA,"","Sobic.001G514500.6","Chr01",78162706,78168571,5866,"-",-129,-5736
"1869","PstI.TP459121","Cml_cm.49",1,78162835,"Cml_cm","PS_N(2)","C106+4202(1);C124+2560(1)","","","pKWmEB(1);pLARmEB(1)","","",0.0708,0,NA,"",NA,NA,"","Sobic.001G514500.3","Chr01",78162706,78168567,5862,"-",-129,-5732
"1870","PstI.TP459121","Cml_cm.49",1,78162835,"Cml_cm","PS_N(2)","C106+4202(1);C124+2560(1)","","","pKWmEB(1);pLARmEB(1)","","",0.0708,0,NA,"",NA,NA,"","Sobic.001G514500.10","Chr01",78162706,78168589,5884,"-",-129,-5754
"1871","PstI.TP459121","Cml_cm.49",1,78162835,"Cml_cm","PS_N(2)","C106+4202(1);C124+2560(1)","","","pKWmEB(1);pLARmEB(1)","","",0.0708,0,NA,"",NA,NA,"","Sobic.001G514500.3","Chr01",78162706,78168567,5862,"-",-129,-5732
"1872","PstI.TP459121","Cml_cm.49",1,78162835,"Cml_cm","PS_N(2)","C106+4202(1);C124+2560(1)","","","pKWmEB(1);pLARmEB(1)","","",0.0708,0,NA,"",NA,NA,"","Sobic.001G514500.4","Chr01",78162706,78168595,5890,"-",-129,-5760
"1873","PstI.TP459121","Cml_cm.49",1,78162835,"Cml_cm","PS_N(2)","C106+4202(1);C124+2560(1)","","","pKWmEB(1);pLARmEB(1)","","",0.0708,0,NA,"",NA,NA,"","Sobic.001G514500.6","Chr01",78162706,78168571,5866,"-",-129,-5736
"1874","PstI.TP459121","Cml_cm.49",1,78162835,"Cml_cm","PS_N(2)","C106+4202(1);C124+2560(1)","","","pKWmEB(1);pLARmEB(1)","","",0.0708,0,NA,"",NA,NA,"","Sobic.001G514500.4","Chr01",78162706,78168595,5890,"-",-129,-5760
"1875","PstI.TP459121","Cml_cm.49",1,78162835,"Cml_cm","PS_N(2)","C106+4202(1);C124+2560(1)","","","pKWmEB(1);pLARmEB(1)","","",0.0708,0,NA,"",NA,NA,"","Sobic.001G514500.5","Chr01",78162706,78168572,5867,"-",-129,-5737
"1876","PstI.TP459121","Cml_cm.49",1,78162835,"Cml_cm","PS_N(2)","C106+4202(1);C124+2560(1)","","","pKWmEB(1);pLARmEB(1)","","",0.0708,0,NA,"",NA,NA,"","Sobic.001G514400.1","Chr01",78160422,78162432,2011,"+",-2413,403
"1877","PstI.TP459121","Cml_cm.49",1,78162835,"Cml_cm","PS_N(2)","C106+4202(1);C124+2560(1)","","","pKWmEB(1);pLARmEB(1)","","",0.0708,0,NA,"",NA,NA,"","Sobic.001G514500.2","Chr01",78162706,78168595,5890,"-",-129,-5760
"1878","PstI.TP459121","Cml_cm.49",1,78162835,"Cml_cm","PS_N(2)","C106+4202(1);C124+2560(1)","","","pKWmEB(1);pLARmEB(1)","","",0.0708,0,NA,"",NA,NA,"","Sobic.001G514400.1","Chr01",78160422,78162432,2011,"+",-2413,403
"1879","PstI.TP459121","Cml_cm.49",1,78162835,"Cml_cm","PS_N(2)","C106+4202(1);C124+2560(1)","","","pKWmEB(1);pLARmEB(1)","","",0.0708,0,NA,"",NA,NA,"","Sobic.001G514500.6","Chr01",78162706,78168571,5866,"-",-129,-5736
"1880","PstI.TP459121","Cml_cm.49",1,78162835,"Cml_cm","PS_N(2)","C106+4202(1);C124+2560(1)","","","pKWmEB(1);pLARmEB(1)","","",0.0708,0,NA,"",NA,NA,"","Sobic.001G514500.10","Chr01",78162706,78168589,5884,"-",-129,-5754
"1881","PstI.TP459121","Cml_cm.49",1,78162835,"Cml_cm","PS_N(2)","C106+4202(1);C124+2560(1)","","","pKWmEB(1);pLARmEB(1)","","",0.0708,0,NA,"",NA,NA,"","Sobic.001G514500.4","Chr01",78162706,78168595,5890,"-",-129,-5760
"1882","PstI.TP459121","Cml_cm.49",1,78162835,"Cml_cm","PS_N(2)","C106+4202(1);C124+2560(1)","","","pKWmEB(1);pLARmEB(1)","","",0.0708,0,NA,"",NA,NA,"","Sobic.001G514500.5","Chr01",78162706,78168572,5867,"-",-129,-5737
"1883","PstI.TP459121","Cml_cm.49",1,78162835,"Cml_cm","PS_N(2)","C106+4202(1);C124+2560(1)","","","pKWmEB(1);pLARmEB(1)","","",0.0708,0,NA,"",NA,NA,"","Sobic.001G514500.8","Chr01",78162706,78168598,5893,"-",-129,-5763
"1884","PstI.TP459121","Cml_cm.49",1,78162835,"Cml_cm","PS_N(2)","C106+4202(1);C124+2560(1)","","","pKWmEB(1);pLARmEB(1)","","",0.0708,0,NA,"",NA,NA,"","Sobic.001G514500.2","Chr01",78162706,78168595,5890,"-",-129,-5760
"1885","PstI.TP459121","Cml_cm.49",1,78162835,"Cml_cm","PS_N(2)","C106+4202(1);C124+2560(1)","","","pKWmEB(1);pLARmEB(1)","","",0.0708,0,NA,"",NA,NA,"","Sobic.001G514500.10","Chr01",78162706,78168589,5884,"-",-129,-5754
"1886","PstI.TP459121","Cml_cm.49",1,78162835,"Cml_cm","PS_N(2)","C106+4202(1);C124+2560(1)","","","pKWmEB(1);pLARmEB(1)","","",0.0708,0,NA,"",NA,NA,"","Sobic.001G514500.9","Chr01",78162706,78168598,5893,"-",-129,-5763
"1887","PstI.TP459121","Cml_cm.49",1,78162835,"Cml_cm","PS_N(2)","C106+4202(1);C124+2560(1)","","","pKWmEB(1);pLARmEB(1)","","",0.0708,0,NA,"",NA,NA,"","Sobic.001G514500.6","Chr01",78162706,78168571,5866,"-",-129,-5736
"1888","PstI.TP459121","Cml_cm.49",1,78162835,"Cml_cm","PS_N(2)","C106+4202(1);C124+2560(1)","","","pKWmEB(1);pLARmEB(1)","","",0.0708,0,NA,"",NA,NA,"","Sobic.001G514500.7","Chr01",78162706,78168624,5919,"-",-129,-5789
"1889","PstI.TP459121","Cml_cm.49",1,78162835,"Cml_cm","PS_N(2)","C106+4202(1);C124+2560(1)","","","pKWmEB(1);pLARmEB(1)","","",0.0708,0,NA,"",NA,NA,"","Sobic.001G514500.5","Chr01",78162706,78168572,5867,"-",-129,-5737
"1890","PstI.TP459121","Cml_cm.49",1,78162835,"Cml_cm","PS_N(2)","C106+4202(1);C124+2560(1)","","","pKWmEB(1);pLARmEB(1)","","",0.0708,0,NA,"",NA,NA,"","Sobic.001G514500.2","Chr01",78162706,78168595,5890,"-",-129,-5760
"1891","PstI.TP459121","Cml_cm.49",1,78162835,"Cml_cm","PS_N(2)","C106+4202(1);C124+2560(1)","","","pKWmEB(1);pLARmEB(1)","","",0.0708,0,NA,"",NA,NA,"","Sobic.001G514500.5","Chr01",78162706,78168572,5867,"-",-129,-5737
"1892","PstI.TP459121","Cml_cm.49",1,78162835,"Cml_cm","PS_N(2)","C106+4202(1);C124+2560(1)","","","pKWmEB(1);pLARmEB(1)","","",0.0708,0,NA,"",NA,NA,"","Sobic.001G514400.1","Chr01",78160422,78162432,2011,"+",-2413,403
"1893","PstI.TP459121","Cml_cm.49",1,78162835,"Cml_cm","PS_N(2)","C106+4202(1);C124+2560(1)","","","pKWmEB(1);pLARmEB(1)","","",0.0708,0,NA,"",NA,NA,"","Sobic.001G514500.8","Chr01",78162706,78168598,5893,"-",-129,-5763
"1894","PstI.TP459121","Cml_cm.49",1,78162835,"Cml_cm","PS_N(2)","C106+4202(1);C124+2560(1)","","","pKWmEB(1);pLARmEB(1)","","",0.0708,0,NA,"",NA,NA,"","Sobic.001G514500.3","Chr01",78162706,78168567,5862,"-",-129,-5732
"1895","PstI.TP459121","Cml_cm.49",1,78162835,"Cml_cm","PS_N(2)","C106+4202(1);C124+2560(1)","","","pKWmEB(1);pLARmEB(1)","","",0.0708,0,NA,"",NA,NA,"","Sobic.001G514500.3","Chr01",78162706,78168567,5862,"-",-129,-5732
"1896","PstI.TP459121","Cml_cm.49",1,78162835,"Cml_cm","PS_N(2)","C106+4202(1);C124+2560(1)","","","pKWmEB(1);pLARmEB(1)","","",0.0708,0,NA,"",NA,NA,"","Sobic.001G514500.6","Chr01",78162706,78168571,5866,"-",-129,-5736
"1897","PstI.TP459121","Cml_cm.49",1,78162835,"Cml_cm","PS_N(2)","C106+4202(1);C124+2560(1)","","","pKWmEB(1);pLARmEB(1)","","",0.0708,0,NA,"",NA,NA,"","Sobic.001G514500.6","Chr01",78162706,78168571,5866,"-",-129,-5736
"1898","PstI.TP459121","Cml_cm.49",1,78162835,"Cml_cm","PS_N(2)","C106+4202(1);C124+2560(1)","","","pKWmEB(1);pLARmEB(1)","","",0.0708,0,NA,"",NA,NA,"","Sobic.001G514500.5","Chr01",78162706,78168572,5867,"-",-129,-5737
"1899","PstI.TP459121","Cml_cm.49",1,78162835,"Cml_cm","PS_N(2)","C106+4202(1);C124+2560(1)","","","pKWmEB(1);pLARmEB(1)","","",0.0708,0,NA,"",NA,NA,"","Sobic.001G514500.10","Chr01",78162706,78168589,5884,"-",-129,-5754
"1900","PstI.TP459121","Cml_cm.49",1,78162835,"Cml_cm","PS_N(2)","C106+4202(1);C124+2560(1)","","","pKWmEB(1);pLARmEB(1)","","",0.0708,0,NA,"",NA,NA,"","Sobic.001G514500.4","Chr01",78162706,78168595,5890,"-",-129,-5760
"1901","PstI.TP459121","Cml_cm.49",1,78162835,"Cml_cm","PS_N(2)","C106+4202(1);C124+2560(1)","","","pKWmEB(1);pLARmEB(1)","","",0.0708,0,NA,"",NA,NA,"","Sobic.001G514500.10","Chr01",78162706,78168589,5884,"-",-129,-5754
"1902","PstI.TP459121","Cml_cm.49",1,78162835,"Cml_cm","PS_N(2)","C106+4202(1);C124+2560(1)","","","pKWmEB(1);pLARmEB(1)","","",0.0708,0,NA,"",NA,NA,"","Sobic.001G514500.5","Chr01",78162706,78168572,5867,"-",-129,-5737
"1903","PstI.TP459121","Cml_cm.49",1,78162835,"Cml_cm","PS_N(2)","C106+4202(1);C124+2560(1)","","","pKWmEB(1);pLARmEB(1)","","",0.0708,0,NA,"",NA,NA,"","Sobic.001G514500.7","Chr01",78162706,78168624,5919,"-",-129,-5789
"1904","PstI.TP459121","Cml_cm.49",1,78162835,"Cml_cm","PS_N(2)","C106+4202(1);C124+2560(1)","","","pKWmEB(1);pLARmEB(1)","","",0.0708,0,NA,"",NA,NA,"","Sobic.001G514500.9","Chr01",78162706,78168598,5893,"-",-129,-5763
"1905","PstI.TP459121","Cml_cm.49",1,78162835,"Cml_cm","PS_N(2)","C106+4202(1);C124+2560(1)","","","pKWmEB(1);pLARmEB(1)","","",0.0708,0,NA,"",NA,NA,"","Sobic.001G514500.10","Chr01",78162706,78168589,5884,"-",-129,-5754
"1906","PstI.TP459121","Cml_cm.49",1,78162835,"Cml_cm","PS_N(2)","C106+4202(1);C124+2560(1)","","","pKWmEB(1);pLARmEB(1)","","",0.0708,0,NA,"",NA,NA,"","Sobic.001G514500.2","Chr01",78162706,78168595,5890,"-",-129,-5760
"1907","PstI.TP459121","Cml_cm.49",1,78162835,"Cml_cm","PS_N(2)","C106+4202(1);C124+2560(1)","","","pKWmEB(1);pLARmEB(1)","","",0.0708,0,NA,"",NA,NA,"","Sobic.001G514500.3","Chr01",78162706,78168567,5862,"-",-129,-5732
"1908","PstI.TP459121","Cml_cm.49",1,78162835,"Cml_cm","PS_N(2)","C106+4202(1);C124+2560(1)","","","pKWmEB(1);pLARmEB(1)","","",0.0708,0,NA,"",NA,NA,"","Sobic.001G514400.1","Chr01",78160422,78162432,2011,"+",-2413,403
"1909","PstI.TP459121","Cml_cm.49",1,78162835,"Cml_cm","PS_N(2)","C106+4202(1);C124+2560(1)","","","pKWmEB(1);pLARmEB(1)","","",0.0708,0,NA,"",NA,NA,"","Sobic.001G514500.5","Chr01",78162706,78168572,5867,"-",-129,-5737
"1910","PstI.TP459121","Cml_cm.49",1,78162835,"Cml_cm","PS_N(2)","C106+4202(1);C124+2560(1)","","","pKWmEB(1);pLARmEB(1)","","",0.0708,0,NA,"",NA,NA,"","Sobic.001G514400.1","Chr01",78160422,78162432,2011,"+",-2413,403
"1911","PstI.TP459121","Cml_cm.49",1,78162835,"Cml_cm","PS_N(2)","C106+4202(1);C124+2560(1)","","","pKWmEB(1);pLARmEB(1)","","",0.0708,0,NA,"",NA,NA,"","Sobic.001G514500.7","Chr01",78162706,78168624,5919,"-",-129,-5789
"1912","PstI.TP459121","Cml_cm.49",1,78162835,"Cml_cm","PS_N(2)","C106+4202(1);C124+2560(1)","","","pKWmEB(1);pLARmEB(1)","","",0.0708,0,NA,"",NA,NA,"","Sobic.001G514500.2","Chr01",78162706,78168595,5890,"-",-129,-5760
"1913","PstI.TP459121","Cml_cm.49",1,78162835,"Cml_cm","PS_N(2)","C106+4202(1);C124+2560(1)","","","pKWmEB(1);pLARmEB(1)","","",0.0708,0,NA,"",NA,NA,"","Sobic.001G514500.5","Chr01",78162706,78168572,5867,"-",-129,-5737
"1914","PstI.TP459121","Cml_cm.49",1,78162835,"Cml_cm","PS_N(2)","C106+4202(1);C124+2560(1)","","","pKWmEB(1);pLARmEB(1)","","",0.0708,0,NA,"",NA,NA,"","Sobic.001G514500.9","Chr01",78162706,78168598,5893,"-",-129,-5763
"1915","PstI.TP459121","Cml_cm.49",1,78162835,"Cml_cm","PS_N(2)","C106+4202(1);C124+2560(1)","","","pKWmEB(1);pLARmEB(1)","","",0.0708,0,NA,"",NA,NA,"","Sobic.001G514400.1","Chr01",78160422,78162432,2011,"+",-2413,403
"1916","PstI.TP459121","Cml_cm.49",1,78162835,"Cml_cm","PS_N(2)","C106+4202(1);C124+2560(1)","","","pKWmEB(1);pLARmEB(1)","","",0.0708,0,NA,"",NA,NA,"","Sobic.001G514500.2","Chr01",78162706,78168595,5890,"-",-129,-5760
"1917","PstI.TP459121","Cml_cm.49",1,78162835,"Cml_cm","PS_N(2)","C106+4202(1);C124+2560(1)","","","pKWmEB(1);pLARmEB(1)","","",0.0708,0,NA,"",NA,NA,"","Sobic.001G514500.7","Chr01",78162706,78168624,5919,"-",-129,-5789
"1918","PstI.TP459121","Cml_cm.49",1,78162835,"Cml_cm","PS_N(2)","C106+4202(1);C124+2560(1)","","","pKWmEB(1);pLARmEB(1)","","",0.0708,0,NA,"",NA,NA,"","Sobic.001G514500.7","Chr01",78162706,78168624,5919,"-",-129,-5789
"1919","PstI.TP459121","Cml_cm.49",1,78162835,"Cml_cm","PS_N(2)","C106+4202(1);C124+2560(1)","","","pKWmEB(1);pLARmEB(1)","","",0.0708,0,NA,"",NA,NA,"","Sobic.001G514500.8","Chr01",78162706,78168598,5893,"-",-129,-5763
"1920","PstI.TP459121","Cml_cm.49",1,78162835,"Cml_cm","PS_N(2)","C106+4202(1);C124+2560(1)","","","pKWmEB(1);pLARmEB(1)","","",0.0708,0,NA,"",NA,NA,"","Sobic.001G514500.4","Chr01",78162706,78168595,5890,"-",-129,-5760
"1921","PstI.TP459121","Cml_cm.49",1,78162835,"Cml_cm","PS_N(2)","C106+4202(1);C124+2560(1)","","","pKWmEB(1);pLARmEB(1)","","",0.0708,0,NA,"",NA,NA,"","Sobic.001G514500.4","Chr01",78162706,78168595,5890,"-",-129,-5760
"1922","PstI.TP459121","Cml_cm.49",1,78162835,"Cml_cm","PS_N(2)","C106+4202(1);C124+2560(1)","","","pKWmEB(1);pLARmEB(1)","","",0.0708,0,NA,"",NA,NA,"","Sobic.001G514500.8","Chr01",78162706,78168598,5893,"-",-129,-5763
"1923","PstI.TP459121","Cml_cm.49",1,78162835,"Cml_cm","PS_N(2)","C106+4202(1);C124+2560(1)","","","pKWmEB(1);pLARmEB(1)","","",0.0708,0,NA,"",NA,NA,"","Sobic.001G514500.3","Chr01",78162706,78168567,5862,"-",-129,-5732
"1924","PstI.TP459121","Cml_cm.49",1,78162835,"Cml_cm","PS_N(2)","C106+4202(1);C124+2560(1)","","","pKWmEB(1);pLARmEB(1)","","",0.0708,0,NA,"",NA,NA,"","Sobic.001G514500.6","Chr01",78162706,78168571,5866,"-",-129,-5736
"1925","PstI.TP459121","CmN.172",1,78162835,"CmN","PS_Y(1)","C116+3293(1)","MLM+SUPER(1)","","","","",0.06897,12.28,NA,"",NA,NA,"","Sobic.001G514500.8","Chr01",78162706,78168598,5893,"-",-129,-5763
"1926","PstI.TP459121","CmN.172",1,78162835,"CmN","PS_Y(1)","C116+3293(1)","MLM+SUPER(1)","","","","",0.06897,12.28,NA,"",NA,NA,"","Sobic.001G514500.8","Chr01",78162706,78168598,5893,"-",-129,-5763
"1927","PstI.TP459121","CmN.172",1,78162835,"CmN","PS_Y(1)","C116+3293(1)","MLM+SUPER(1)","","","","",0.06897,12.28,NA,"",NA,NA,"","Sobic.001G514500.4","Chr01",78162706,78168595,5890,"-",-129,-5760
"1928","PstI.TP459121","CmN.172",1,78162835,"CmN","PS_Y(1)","C116+3293(1)","MLM+SUPER(1)","","","","",0.06897,12.28,NA,"",NA,NA,"","Sobic.001G514500.7","Chr01",78162706,78168624,5919,"-",-129,-5789
"1929","PstI.TP459121","CmN.172",1,78162835,"CmN","PS_Y(1)","C116+3293(1)","MLM+SUPER(1)","","","","",0.06897,12.28,NA,"",NA,NA,"","Sobic.001G514500.7","Chr01",78162706,78168624,5919,"-",-129,-5789
"1930","PstI.TP459121","CmN.172",1,78162835,"CmN","PS_Y(1)","C116+3293(1)","MLM+SUPER(1)","","","","",0.06897,12.28,NA,"",NA,NA,"","Sobic.001G514400.1","Chr01",78160422,78162432,2011,"+",-2413,403
"1931","PstI.TP459121","CmN.172",1,78162835,"CmN","PS_Y(1)","C116+3293(1)","MLM+SUPER(1)","","","","",0.06897,12.28,NA,"",NA,NA,"","Sobic.001G514400.1","Chr01",78160422,78162432,2011,"+",-2413,403
"1932","PstI.TP459121","CmN.172",1,78162835,"CmN","PS_Y(1)","C116+3293(1)","MLM+SUPER(1)","","","","",0.06897,12.28,NA,"",NA,NA,"","Sobic.001G514500.8","Chr01",78162706,78168598,5893,"-",-129,-5763
"1933","PstI.TP459121","CmN.172",1,78162835,"CmN","PS_Y(1)","C116+3293(1)","MLM+SUPER(1)","","","","",0.06897,12.28,NA,"",NA,NA,"","Sobic.001G514500.9","Chr01",78162706,78168598,5893,"-",-129,-5763
"1934","PstI.TP459121","CmN.172",1,78162835,"CmN","PS_Y(1)","C116+3293(1)","MLM+SUPER(1)","","","","",0.06897,12.28,NA,"",NA,NA,"","Sobic.001G514500.4","Chr01",78162706,78168595,5890,"-",-129,-5760
"1935","PstI.TP459121","CmN.172",1,78162835,"CmN","PS_Y(1)","C116+3293(1)","MLM+SUPER(1)","","","","",0.06897,12.28,NA,"",NA,NA,"","Sobic.001G514500.2","Chr01",78162706,78168595,5890,"-",-129,-5760
"1936","PstI.TP459121","CmN.172",1,78162835,"CmN","PS_Y(1)","C116+3293(1)","MLM+SUPER(1)","","","","",0.06897,12.28,NA,"",NA,NA,"","Sobic.001G514500.3","Chr01",78162706,78168567,5862,"-",-129,-5732
"1937","PstI.TP459121","CmN.172",1,78162835,"CmN","PS_Y(1)","C116+3293(1)","MLM+SUPER(1)","","","","",0.06897,12.28,NA,"",NA,NA,"","Sobic.001G514500.7","Chr01",78162706,78168624,5919,"-",-129,-5789
"1938","PstI.TP459121","CmN.172",1,78162835,"CmN","PS_Y(1)","C116+3293(1)","MLM+SUPER(1)","","","","",0.06897,12.28,NA,"",NA,NA,"","Sobic.001G514500.6","Chr01",78162706,78168571,5866,"-",-129,-5736
"1939","PstI.TP459121","CmN.172",1,78162835,"CmN","PS_Y(1)","C116+3293(1)","MLM+SUPER(1)","","","","",0.06897,12.28,NA,"",NA,NA,"","Sobic.001G514500.8","Chr01",78162706,78168598,5893,"-",-129,-5763
"1940","PstI.TP459121","CmN.172",1,78162835,"CmN","PS_Y(1)","C116+3293(1)","MLM+SUPER(1)","","","","",0.06897,12.28,NA,"",NA,NA,"","Sobic.001G514500.9","Chr01",78162706,78168598,5893,"-",-129,-5763
"1941","PstI.TP459121","CmN.172",1,78162835,"CmN","PS_Y(1)","C116+3293(1)","MLM+SUPER(1)","","","","",0.06897,12.28,NA,"",NA,NA,"","Sobic.001G514500.10","Chr01",78162706,78168589,5884,"-",-129,-5754
"1942","PstI.TP459121","CmN.172",1,78162835,"CmN","PS_Y(1)","C116+3293(1)","MLM+SUPER(1)","","","","",0.06897,12.28,NA,"",NA,NA,"","Sobic.001G514500.2","Chr01",78162706,78168595,5890,"-",-129,-5760
"1943","PstI.TP459121","CmN.172",1,78162835,"CmN","PS_Y(1)","C116+3293(1)","MLM+SUPER(1)","","","","",0.06897,12.28,NA,"",NA,NA,"","Sobic.001G514500.9","Chr01",78162706,78168598,5893,"-",-129,-5763
"1944","PstI.TP459121","CmN.172",1,78162835,"CmN","PS_Y(1)","C116+3293(1)","MLM+SUPER(1)","","","","",0.06897,12.28,NA,"",NA,NA,"","Sobic.001G514500.10","Chr01",78162706,78168589,5884,"-",-129,-5754
"1945","PstI.TP459121","CmN.172",1,78162835,"CmN","PS_Y(1)","C116+3293(1)","MLM+SUPER(1)","","","","",0.06897,12.28,NA,"",NA,NA,"","Sobic.001G514500.9","Chr01",78162706,78168598,5893,"-",-129,-5763
"1946","PstI.TP459121","CmN.172",1,78162835,"CmN","PS_Y(1)","C116+3293(1)","MLM+SUPER(1)","","","","",0.06897,12.28,NA,"",NA,NA,"","Sobic.001G514500.3","Chr01",78162706,78168567,5862,"-",-129,-5732
"1947","PstI.TP459121","CmN.172",1,78162835,"CmN","PS_Y(1)","C116+3293(1)","MLM+SUPER(1)","","","","",0.06897,12.28,NA,"",NA,NA,"","Sobic.001G514500.9","Chr01",78162706,78168598,5893,"-",-129,-5763
"1948","PstI.TP459121","CmN.172",1,78162835,"CmN","PS_Y(1)","C116+3293(1)","MLM+SUPER(1)","","","","",0.06897,12.28,NA,"",NA,NA,"","Sobic.001G514500.6","Chr01",78162706,78168571,5866,"-",-129,-5736
"1949","PstI.TP459121","CmN.172",1,78162835,"CmN","PS_Y(1)","C116+3293(1)","MLM+SUPER(1)","","","","",0.06897,12.28,NA,"",NA,NA,"","Sobic.001G514500.3","Chr01",78162706,78168567,5862,"-",-129,-5732
"1950","PstI.TP459121","CmN.172",1,78162835,"CmN","PS_Y(1)","C116+3293(1)","MLM+SUPER(1)","","","","",0.06897,12.28,NA,"",NA,NA,"","Sobic.001G514500.10","Chr01",78162706,78168589,5884,"-",-129,-5754
"1951","PstI.TP459121","CmN.172",1,78162835,"CmN","PS_Y(1)","C116+3293(1)","MLM+SUPER(1)","","","","",0.06897,12.28,NA,"",NA,NA,"","Sobic.001G514500.3","Chr01",78162706,78168567,5862,"-",-129,-5732
"1952","PstI.TP459121","CmN.172",1,78162835,"CmN","PS_Y(1)","C116+3293(1)","MLM+SUPER(1)","","","","",0.06897,12.28,NA,"",NA,NA,"","Sobic.001G514500.4","Chr01",78162706,78168595,5890,"-",-129,-5760
"1953","PstI.TP459121","CmN.172",1,78162835,"CmN","PS_Y(1)","C116+3293(1)","MLM+SUPER(1)","","","","",0.06897,12.28,NA,"",NA,NA,"","Sobic.001G514500.6","Chr01",78162706,78168571,5866,"-",-129,-5736
"1954","PstI.TP459121","CmN.172",1,78162835,"CmN","PS_Y(1)","C116+3293(1)","MLM+SUPER(1)","","","","",0.06897,12.28,NA,"",NA,NA,"","Sobic.001G514500.4","Chr01",78162706,78168595,5890,"-",-129,-5760
"1955","PstI.TP459121","CmN.172",1,78162835,"CmN","PS_Y(1)","C116+3293(1)","MLM+SUPER(1)","","","","",0.06897,12.28,NA,"",NA,NA,"","Sobic.001G514500.5","Chr01",78162706,78168572,5867,"-",-129,-5737
"1956","PstI.TP459121","CmN.172",1,78162835,"CmN","PS_Y(1)","C116+3293(1)","MLM+SUPER(1)","","","","",0.06897,12.28,NA,"",NA,NA,"","Sobic.001G514400.1","Chr01",78160422,78162432,2011,"+",-2413,403
"1957","PstI.TP459121","CmN.172",1,78162835,"CmN","PS_Y(1)","C116+3293(1)","MLM+SUPER(1)","","","","",0.06897,12.28,NA,"",NA,NA,"","Sobic.001G514500.2","Chr01",78162706,78168595,5890,"-",-129,-5760
"1958","PstI.TP459121","CmN.172",1,78162835,"CmN","PS_Y(1)","C116+3293(1)","MLM+SUPER(1)","","","","",0.06897,12.28,NA,"",NA,NA,"","Sobic.001G514400.1","Chr01",78160422,78162432,2011,"+",-2413,403
"1959","PstI.TP459121","CmN.172",1,78162835,"CmN","PS_Y(1)","C116+3293(1)","MLM+SUPER(1)","","","","",0.06897,12.28,NA,"",NA,NA,"","Sobic.001G514500.6","Chr01",78162706,78168571,5866,"-",-129,-5736
"1960","PstI.TP459121","CmN.172",1,78162835,"CmN","PS_Y(1)","C116+3293(1)","MLM+SUPER(1)","","","","",0.06897,12.28,NA,"",NA,NA,"","Sobic.001G514500.10","Chr01",78162706,78168589,5884,"-",-129,-5754
"1961","PstI.TP459121","CmN.172",1,78162835,"CmN","PS_Y(1)","C116+3293(1)","MLM+SUPER(1)","","","","",0.06897,12.28,NA,"",NA,NA,"","Sobic.001G514500.4","Chr01",78162706,78168595,5890,"-",-129,-5760
"1962","PstI.TP459121","CmN.172",1,78162835,"CmN","PS_Y(1)","C116+3293(1)","MLM+SUPER(1)","","","","",0.06897,12.28,NA,"",NA,NA,"","Sobic.001G514500.5","Chr01",78162706,78168572,5867,"-",-129,-5737
"1963","PstI.TP459121","CmN.172",1,78162835,"CmN","PS_Y(1)","C116+3293(1)","MLM+SUPER(1)","","","","",0.06897,12.28,NA,"",NA,NA,"","Sobic.001G514500.8","Chr01",78162706,78168598,5893,"-",-129,-5763
"1964","PstI.TP459121","CmN.172",1,78162835,"CmN","PS_Y(1)","C116+3293(1)","MLM+SUPER(1)","","","","",0.06897,12.28,NA,"",NA,NA,"","Sobic.001G514500.2","Chr01",78162706,78168595,5890,"-",-129,-5760
"1965","PstI.TP459121","CmN.172",1,78162835,"CmN","PS_Y(1)","C116+3293(1)","MLM+SUPER(1)","","","","",0.06897,12.28,NA,"",NA,NA,"","Sobic.001G514500.10","Chr01",78162706,78168589,5884,"-",-129,-5754
"1966","PstI.TP459121","CmN.172",1,78162835,"CmN","PS_Y(1)","C116+3293(1)","MLM+SUPER(1)","","","","",0.06897,12.28,NA,"",NA,NA,"","Sobic.001G514500.9","Chr01",78162706,78168598,5893,"-",-129,-5763
"1967","PstI.TP459121","CmN.172",1,78162835,"CmN","PS_Y(1)","C116+3293(1)","MLM+SUPER(1)","","","","",0.06897,12.28,NA,"",NA,NA,"","Sobic.001G514500.6","Chr01",78162706,78168571,5866,"-",-129,-5736
"1968","PstI.TP459121","CmN.172",1,78162835,"CmN","PS_Y(1)","C116+3293(1)","MLM+SUPER(1)","","","","",0.06897,12.28,NA,"",NA,NA,"","Sobic.001G514500.7","Chr01",78162706,78168624,5919,"-",-129,-5789
"1969","PstI.TP459121","CmN.172",1,78162835,"CmN","PS_Y(1)","C116+3293(1)","MLM+SUPER(1)","","","","",0.06897,12.28,NA,"",NA,NA,"","Sobic.001G514500.5","Chr01",78162706,78168572,5867,"-",-129,-5737
"1970","PstI.TP459121","CmN.172",1,78162835,"CmN","PS_Y(1)","C116+3293(1)","MLM+SUPER(1)","","","","",0.06897,12.28,NA,"",NA,NA,"","Sobic.001G514500.2","Chr01",78162706,78168595,5890,"-",-129,-5760
"1971","PstI.TP459121","CmN.172",1,78162835,"CmN","PS_Y(1)","C116+3293(1)","MLM+SUPER(1)","","","","",0.06897,12.28,NA,"",NA,NA,"","Sobic.001G514500.5","Chr01",78162706,78168572,5867,"-",-129,-5737
"1972","PstI.TP459121","CmN.172",1,78162835,"CmN","PS_Y(1)","C116+3293(1)","MLM+SUPER(1)","","","","",0.06897,12.28,NA,"",NA,NA,"","Sobic.001G514400.1","Chr01",78160422,78162432,2011,"+",-2413,403
"1973","PstI.TP459121","CmN.172",1,78162835,"CmN","PS_Y(1)","C116+3293(1)","MLM+SUPER(1)","","","","",0.06897,12.28,NA,"",NA,NA,"","Sobic.001G514500.8","Chr01",78162706,78168598,5893,"-",-129,-5763
"1974","PstI.TP459121","CmN.172",1,78162835,"CmN","PS_Y(1)","C116+3293(1)","MLM+SUPER(1)","","","","",0.06897,12.28,NA,"",NA,NA,"","Sobic.001G514500.3","Chr01",78162706,78168567,5862,"-",-129,-5732
"1975","PstI.TP459121","CmN.172",1,78162835,"CmN","PS_Y(1)","C116+3293(1)","MLM+SUPER(1)","","","","",0.06897,12.28,NA,"",NA,NA,"","Sobic.001G514500.3","Chr01",78162706,78168567,5862,"-",-129,-5732
"1976","PstI.TP459121","CmN.172",1,78162835,"CmN","PS_Y(1)","C116+3293(1)","MLM+SUPER(1)","","","","",0.06897,12.28,NA,"",NA,NA,"","Sobic.001G514500.6","Chr01",78162706,78168571,5866,"-",-129,-5736
"1977","PstI.TP459121","CmN.172",1,78162835,"CmN","PS_Y(1)","C116+3293(1)","MLM+SUPER(1)","","","","",0.06897,12.28,NA,"",NA,NA,"","Sobic.001G514500.6","Chr01",78162706,78168571,5866,"-",-129,-5736
"1978","PstI.TP459121","CmN.172",1,78162835,"CmN","PS_Y(1)","C116+3293(1)","MLM+SUPER(1)","","","","",0.06897,12.28,NA,"",NA,NA,"","Sobic.001G514500.5","Chr01",78162706,78168572,5867,"-",-129,-5737
"1979","PstI.TP459121","CmN.172",1,78162835,"CmN","PS_Y(1)","C116+3293(1)","MLM+SUPER(1)","","","","",0.06897,12.28,NA,"",NA,NA,"","Sobic.001G514500.10","Chr01",78162706,78168589,5884,"-",-129,-5754
"1980","PstI.TP459121","CmN.172",1,78162835,"CmN","PS_Y(1)","C116+3293(1)","MLM+SUPER(1)","","","","",0.06897,12.28,NA,"",NA,NA,"","Sobic.001G514500.4","Chr01",78162706,78168595,5890,"-",-129,-5760
"1981","PstI.TP459121","CmN.172",1,78162835,"CmN","PS_Y(1)","C116+3293(1)","MLM+SUPER(1)","","","","",0.06897,12.28,NA,"",NA,NA,"","Sobic.001G514500.10","Chr01",78162706,78168589,5884,"-",-129,-5754
"1982","PstI.TP459121","CmN.172",1,78162835,"CmN","PS_Y(1)","C116+3293(1)","MLM+SUPER(1)","","","","",0.06897,12.28,NA,"",NA,NA,"","Sobic.001G514500.5","Chr01",78162706,78168572,5867,"-",-129,-5737
"1983","PstI.TP459121","CmN.172",1,78162835,"CmN","PS_Y(1)","C116+3293(1)","MLM+SUPER(1)","","","","",0.06897,12.28,NA,"",NA,NA,"","Sobic.001G514500.7","Chr01",78162706,78168624,5919,"-",-129,-5789
"1984","PstI.TP459121","CmN.172",1,78162835,"CmN","PS_Y(1)","C116+3293(1)","MLM+SUPER(1)","","","","",0.06897,12.28,NA,"",NA,NA,"","Sobic.001G514500.9","Chr01",78162706,78168598,5893,"-",-129,-5763
"1985","PstI.TP459121","CmN.172",1,78162835,"CmN","PS_Y(1)","C116+3293(1)","MLM+SUPER(1)","","","","",0.06897,12.28,NA,"",NA,NA,"","Sobic.001G514500.10","Chr01",78162706,78168589,5884,"-",-129,-5754
"1986","PstI.TP459121","CmN.172",1,78162835,"CmN","PS_Y(1)","C116+3293(1)","MLM+SUPER(1)","","","","",0.06897,12.28,NA,"",NA,NA,"","Sobic.001G514500.2","Chr01",78162706,78168595,5890,"-",-129,-5760
"1987","PstI.TP459121","CmN.172",1,78162835,"CmN","PS_Y(1)","C116+3293(1)","MLM+SUPER(1)","","","","",0.06897,12.28,NA,"",NA,NA,"","Sobic.001G514500.3","Chr01",78162706,78168567,5862,"-",-129,-5732
"1988","PstI.TP459121","CmN.172",1,78162835,"CmN","PS_Y(1)","C116+3293(1)","MLM+SUPER(1)","","","","",0.06897,12.28,NA,"",NA,NA,"","Sobic.001G514400.1","Chr01",78160422,78162432,2011,"+",-2413,403
"1989","PstI.TP459121","CmN.172",1,78162835,"CmN","PS_Y(1)","C116+3293(1)","MLM+SUPER(1)","","","","",0.06897,12.28,NA,"",NA,NA,"","Sobic.001G514500.5","Chr01",78162706,78168572,5867,"-",-129,-5737
"1990","PstI.TP459121","CmN.172",1,78162835,"CmN","PS_Y(1)","C116+3293(1)","MLM+SUPER(1)","","","","",0.06897,12.28,NA,"",NA,NA,"","Sobic.001G514400.1","Chr01",78160422,78162432,2011,"+",-2413,403
"1991","PstI.TP459121","CmN.172",1,78162835,"CmN","PS_Y(1)","C116+3293(1)","MLM+SUPER(1)","","","","",0.06897,12.28,NA,"",NA,NA,"","Sobic.001G514500.7","Chr01",78162706,78168624,5919,"-",-129,-5789
"1992","PstI.TP459121","CmN.172",1,78162835,"CmN","PS_Y(1)","C116+3293(1)","MLM+SUPER(1)","","","","",0.06897,12.28,NA,"",NA,NA,"","Sobic.001G514500.2","Chr01",78162706,78168595,5890,"-",-129,-5760
"1993","PstI.TP459121","CmN.172",1,78162835,"CmN","PS_Y(1)","C116+3293(1)","MLM+SUPER(1)","","","","",0.06897,12.28,NA,"",NA,NA,"","Sobic.001G514500.5","Chr01",78162706,78168572,5867,"-",-129,-5737
"1994","PstI.TP459121","CmN.172",1,78162835,"CmN","PS_Y(1)","C116+3293(1)","MLM+SUPER(1)","","","","",0.06897,12.28,NA,"",NA,NA,"","Sobic.001G514500.9","Chr01",78162706,78168598,5893,"-",-129,-5763
"1995","PstI.TP459121","CmN.172",1,78162835,"CmN","PS_Y(1)","C116+3293(1)","MLM+SUPER(1)","","","","",0.06897,12.28,NA,"",NA,NA,"","Sobic.001G514400.1","Chr01",78160422,78162432,2011,"+",-2413,403
"1996","PstI.TP459121","CmN.172",1,78162835,"CmN","PS_Y(1)","C116+3293(1)","MLM+SUPER(1)","","","","",0.06897,12.28,NA,"",NA,NA,"","Sobic.001G514500.2","Chr01",78162706,78168595,5890,"-",-129,-5760
"1997","PstI.TP459121","CmN.172",1,78162835,"CmN","PS_Y(1)","C116+3293(1)","MLM+SUPER(1)","","","","",0.06897,12.28,NA,"",NA,NA,"","Sobic.001G514500.7","Chr01",78162706,78168624,5919,"-",-129,-5789
"1998","PstI.TP459121","CmN.172",1,78162835,"CmN","PS_Y(1)","C116+3293(1)","MLM+SUPER(1)","","","","",0.06897,12.28,NA,"",NA,NA,"","Sobic.001G514500.7","Chr01",78162706,78168624,5919,"-",-129,-5789
"1999","PstI.TP459121","CmN.172",1,78162835,"CmN","PS_Y(1)","C116+3293(1)","MLM+SUPER(1)","","","","",0.06897,12.28,NA,"",NA,NA,"","Sobic.001G514500.8","Chr01",78162706,78168598,5893,"-",-129,-5763
"2000","PstI.TP459121","CmN.172",1,78162835,"CmN","PS_Y(1)","C116+3293(1)","MLM+SUPER(1)","","","","",0.06897,12.28,NA,"",NA,NA,"","Sobic.001G514500.4","Chr01",78162706,78168595,5890,"-",-129,-5760
"2001","PstI.TP459121","CmN.172",1,78162835,"CmN","PS_Y(1)","C116+3293(1)","MLM+SUPER(1)","","","","",0.06897,12.28,NA,"",NA,NA,"","Sobic.001G514500.4","Chr01",78162706,78168595,5890,"-",-129,-5760
"2002","PstI.TP459121","CmN.172",1,78162835,"CmN","PS_Y(1)","C116+3293(1)","MLM+SUPER(1)","","","","",0.06897,12.28,NA,"",NA,NA,"","Sobic.001G514500.8","Chr01",78162706,78168598,5893,"-",-129,-5763
"2003","PstI.TP459121","CmN.172",1,78162835,"CmN","PS_Y(1)","C116+3293(1)","MLM+SUPER(1)","","","","",0.06897,12.28,NA,"",NA,NA,"","Sobic.001G514500.3","Chr01",78162706,78168567,5862,"-",-129,-5732
"2004","PstI.TP459121","CmN.172",1,78162835,"CmN","PS_Y(1)","C116+3293(1)","MLM+SUPER(1)","","","","",0.06897,12.28,NA,"",NA,NA,"","Sobic.001G514500.6","Chr01",78162706,78168571,5866,"-",-129,-5736
"2006","PstI.TP474390","CmD_BI_mm.49",7,15569290,"CmD_BI_mm","PS_N(1)","C124+2560(1)","","FarmCPU(1)","","","",0.3024,8.466,NA,"",NA,NA,"","Sobic.007G092100.1","Chr07",15563546,15569734,6189,"-",-5744,-444
"2009","PstI.TP476886","Bcirc_cm.51",2,55394288,"Bcirc_cm","PS_N(2);PS_Y(1)","C124+2560(3)","","","ISIS EM-BLASSO(1);pKWmEB(2)","","",0.2097,0,NA,"",NA,NA,"","Sobic.002G175400.1","Chr02",55392886,55396332,3447,"+",-1402,-2044
"2010","PstI.TP476886","Bcirc_cm.51",2,55394288,"Bcirc_cm","PS_N(2);PS_Y(1)","C124+2560(3)","","","ISIS EM-BLASSO(1);pKWmEB(2)","","",0.2097,0,NA,"",NA,NA,"","Sobic.002G175400.1","Chr02",55392886,55396332,3447,"+",-1402,-2044
"2011","PstI.TP476886","Bcirc_cm.51",2,55394288,"Bcirc_cm","PS_N(2);PS_Y(1)","C124+2560(3)","","","ISIS EM-BLASSO(1);pKWmEB(2)","","",0.2097,0,NA,"",NA,NA,"","Sobic.002G175400.1","Chr02",55392886,55396332,3447,"+",-1402,-2044
"2012","PstI.TP476886","Bcirc_cm.51",2,55394288,"Bcirc_cm","PS_N(2);PS_Y(1)","C124+2560(3)","","","ISIS EM-BLASSO(1);pKWmEB(2)","","",0.2097,0,NA,"",NA,NA,"","Sobic.002G175400.1","Chr02",55392886,55396332,3447,"+",-1402,-2044
"2013","PstI.TP476886","CmD_LI_mm.43",2,55394288,"CmD_LI_mm","PS_N(1)","C106+4202(1)","","","mrMLM(1)","","",0.2115,0,NA,"",NA,NA,"","Sobic.002G175400.1","Chr02",55392886,55396332,3447,"+",-1402,-2044
"2014","PstI.TP476886","CmD_LI_mm.43",2,55394288,"CmD_LI_mm","PS_N(1)","C106+4202(1)","","","mrMLM(1)","","",0.2115,0,NA,"",NA,NA,"","Sobic.002G175400.1","Chr02",55392886,55396332,3447,"+",-1402,-2044
"2015","PstI.TP476886","CmD_LI_mm.43",2,55394288,"CmD_LI_mm","PS_N(1)","C106+4202(1)","","","mrMLM(1)","","",0.2115,0,NA,"",NA,NA,"","Sobic.002G175400.1","Chr02",55392886,55396332,3447,"+",-1402,-2044
"2016","PstI.TP476886","CmD_LI_mm.43",2,55394288,"CmD_LI_mm","PS_N(1)","C106+4202(1)","","","mrMLM(1)","","",0.2115,0,NA,"",NA,NA,"","Sobic.002G175400.1","Chr02",55392886,55396332,3447,"+",-1402,-2044
"2017","PstI.TP476886","CmD_BI_mm.50",2,55394288,"CmD_BI_mm","PS_N(1)","C106+4202(1)","","FarmCPU(1)","","","",0.2123,17.17,NA,"",NA,NA,"","Sobic.002G175400.1","Chr02",55392886,55396332,3447,"+",-1402,-2044
"2018","PstI.TP476886","CmD_BI_mm.50",2,55394288,"CmD_BI_mm","PS_N(1)","C106+4202(1)","","FarmCPU(1)","","","",0.2123,17.17,NA,"",NA,NA,"","Sobic.002G175400.1","Chr02",55392886,55396332,3447,"+",-1402,-2044
"2019","PstI.TP476886","CmD_BI_mm.50",2,55394288,"CmD_BI_mm","PS_N(1)","C106+4202(1)","","FarmCPU(1)","","","",0.2123,17.17,NA,"",NA,NA,"","Sobic.002G175400.1","Chr02",55392886,55396332,3447,"+",-1402,-2044
"2020","PstI.TP476886","CmD_BI_mm.50",2,55394288,"CmD_BI_mm","PS_N(1)","C106+4202(1)","","FarmCPU(1)","","","",0.2123,17.17,NA,"",NA,NA,"","Sobic.002G175400.1","Chr02",55392886,55396332,3447,"+",-1402,-2044
"2021","PstI.TP476886","Yld_kg.23",2,55394288,"Yld","PS_N(1)","C124+2560(1)","","","ISIS EM-BLASSO(1)","","",0.2097,0,NA,"PstI.TP457393",1,60097068,"PstI.TP457393\1\60097068","Sobic.002G175400.1","Chr02",55392886,55396332,3447,"+",-1402,-2044
"2022","PstI.TP476886","Yld_kg.23",2,55394288,"Yld","PS_N(1)","C124+2560(1)","","","ISIS EM-BLASSO(1)","","",0.2097,0,NA,"PstI.TP457393",1,60097068,"PstI.TP457393\1\60097068","Sobic.002G175400.1","Chr02",55392886,55396332,3447,"+",-1402,-2044
"2023","PstI.TP476886","Yld_kg.23",2,55394288,"Yld","PS_N(1)","C124+2560(1)","","","ISIS EM-BLASSO(1)","","",0.2097,0,NA,"PstI.TP457393",1,60097068,"PstI.TP457393\1\60097068","Sobic.002G175400.1","Chr02",55392886,55396332,3447,"+",-1402,-2044
"2024","PstI.TP476886","Yld_kg.23",2,55394288,"Yld","PS_N(1)","C124+2560(1)","","","ISIS EM-BLASSO(1)","","",0.2097,0,NA,"PstI.TP457393",1,60097068,"PstI.TP457393\1\60097068","Sobic.002G175400.1","Chr02",55392886,55396332,3447,"+",-1402,-2044
"2025","PstI.TP478050","CmD_BI_mm.51",3,63462498,"CmD_BI_mm","PS_N(1)","C124+2560(1)","","FarmCPU(1)","","","",0.06452,21.55,NA,"",NA,NA,"","Sobic.003G304200.1","Chr03",63458669,63463023,4355,"-",-3829,-525
"2028","PstI.TP485051","CmN.175",1,7260226,"CmN","PS_Y(2)","124+36088im(2)","MLM+SUPER(1)","","","","GLM(1)",0.1699,9.209,NA,"",NA,NA,"","Sobic.001G094600.1","Chr01",7257522,7260035,2514,"-",-2704,191
"2029","PstI.TP485114","Cml_cm.50",9,57032697,"Cml_cm","PS_Y(1)","124+36088im(1)","","","mrMLM(1)","","",0.209,15.39,NA,"",NA,NA,"","Sobic.009G229700.1","Chr09",57032871,57036097,3227,"+",174,-3400
"2030","PstI.TP485114","Cml_cm.50",9,57032697,"Cml_cm","PS_Y(1)","124+36088im(1)","","","mrMLM(1)","","",0.209,15.39,NA,"",NA,NA,"","Sobic.009G229600.1","Chr09",57023498,57032493,8996,"-",-9199,204
"2031","PstI.TP485114","Cml_cm.50",9,57032697,"Cml_cm","PS_Y(1)","124+36088im(1)","","","mrMLM(1)","","",0.209,15.39,NA,"",NA,NA,"","Sobic.009G229600.1","Chr09",57023498,57032493,8996,"-",-9199,204
"2032","PstI.TP485114","Cml_cm.50",9,57032697,"Cml_cm","PS_Y(1)","124+36088im(1)","","","mrMLM(1)","","",0.209,15.39,NA,"",NA,NA,"","Sobic.009G229700.1","Chr09",57032871,57036097,3227,"+",174,-3400
"2033","PstI.TP485114","Cml_cm.50",9,57032697,"Cml_cm","PS_Y(1)","124+36088im(1)","","","mrMLM(1)","","",0.209,15.39,NA,"",NA,NA,"","Sobic.009G229600.2","Chr09",57023498,57032493,8996,"-",-9199,204
"2034","PstI.TP485114","Cml_cm.50",9,57032697,"Cml_cm","PS_Y(1)","124+36088im(1)","","","mrMLM(1)","","",0.209,15.39,NA,"",NA,NA,"","Sobic.009G229600.1","Chr09",57023498,57032493,8996,"-",-9199,204
"2035","PstI.TP485114","Cml_cm.50",9,57032697,"Cml_cm","PS_Y(1)","124+36088im(1)","","","mrMLM(1)","","",0.209,15.39,NA,"",NA,NA,"","Sobic.009G229700.1","Chr09",57032871,57036097,3227,"+",174,-3400
"2036","PstI.TP485114","Cml_cm.50",9,57032697,"Cml_cm","PS_Y(1)","124+36088im(1)","","","mrMLM(1)","","",0.209,15.39,NA,"",NA,NA,"","Sobic.009G229600.2","Chr09",57023498,57032493,8996,"-",-9199,204
"2037","PstI.TP485114","Cml_cm.50",9,57032697,"Cml_cm","PS_Y(1)","124+36088im(1)","","","mrMLM(1)","","",0.209,15.39,NA,"",NA,NA,"","Sobic.009G229600.2","Chr09",57023498,57032493,8996,"-",-9199,204
"2038","PstI.TP485114","Cml_cm.50",9,57032697,"Cml_cm","PS_Y(1)","124+36088im(1)","","","mrMLM(1)","","",0.209,15.39,NA,"",NA,NA,"","Sobic.009G229600.2","Chr09",57023498,57032493,8996,"-",-9199,204
"2039","PstI.TP485114","Cml_cm.50",9,57032697,"Cml_cm","PS_Y(1)","124+36088im(1)","","","mrMLM(1)","","",0.209,15.39,NA,"",NA,NA,"","Sobic.009G229700.1","Chr09",57032871,57036097,3227,"+",174,-3400
"2040","PstI.TP485114","Cml_cm.50",9,57032697,"Cml_cm","PS_Y(1)","124+36088im(1)","","","mrMLM(1)","","",0.209,15.39,NA,"",NA,NA,"","Sobic.009G229600.1","Chr09",57023498,57032493,8996,"-",-9199,204
"2041","PstI.TP485114","CmN.176",9,57032697,"CmN","PS_Y(3)","124+36088im(3)","CMLM+SUPER(1);MLM+SUPER(1)","","","","GLM(1)",0.05955,7.397,NA,"",NA,NA,"","Sobic.009G229700.1","Chr09",57032871,57036097,3227,"+",174,-3400
"2042","PstI.TP485114","CmN.176",9,57032697,"CmN","PS_Y(3)","124+36088im(3)","CMLM+SUPER(1);MLM+SUPER(1)","","","","GLM(1)",0.05955,7.397,NA,"",NA,NA,"","Sobic.009G229600.1","Chr09",57023498,57032493,8996,"-",-9199,204
"2043","PstI.TP485114","CmN.176",9,57032697,"CmN","PS_Y(3)","124+36088im(3)","CMLM+SUPER(1);MLM+SUPER(1)","","","","GLM(1)",0.05955,7.397,NA,"",NA,NA,"","Sobic.009G229600.1","Chr09",57023498,57032493,8996,"-",-9199,204
"2044","PstI.TP485114","CmN.176",9,57032697,"CmN","PS_Y(3)","124+36088im(3)","CMLM+SUPER(1);MLM+SUPER(1)","","","","GLM(1)",0.05955,7.397,NA,"",NA,NA,"","Sobic.009G229700.1","Chr09",57032871,57036097,3227,"+",174,-3400
"2045","PstI.TP485114","CmN.176",9,57032697,"CmN","PS_Y(3)","124+36088im(3)","CMLM+SUPER(1);MLM+SUPER(1)","","","","GLM(1)",0.05955,7.397,NA,"",NA,NA,"","Sobic.009G229600.2","Chr09",57023498,57032493,8996,"-",-9199,204
"2046","PstI.TP485114","CmN.176",9,57032697,"CmN","PS_Y(3)","124+36088im(3)","CMLM+SUPER(1);MLM+SUPER(1)","","","","GLM(1)",0.05955,7.397,NA,"",NA,NA,"","Sobic.009G229600.1","Chr09",57023498,57032493,8996,"-",-9199,204
"2047","PstI.TP485114","CmN.176",9,57032697,"CmN","PS_Y(3)","124+36088im(3)","CMLM+SUPER(1);MLM+SUPER(1)","","","","GLM(1)",0.05955,7.397,NA,"",NA,NA,"","Sobic.009G229700.1","Chr09",57032871,57036097,3227,"+",174,-3400
"2048","PstI.TP485114","CmN.176",9,57032697,"CmN","PS_Y(3)","124+36088im(3)","CMLM+SUPER(1);MLM+SUPER(1)","","","","GLM(1)",0.05955,7.397,NA,"",NA,NA,"","Sobic.009G229600.2","Chr09",57023498,57032493,8996,"-",-9199,204
"2049","PstI.TP485114","CmN.176",9,57032697,"CmN","PS_Y(3)","124+36088im(3)","CMLM+SUPER(1);MLM+SUPER(1)","","","","GLM(1)",0.05955,7.397,NA,"",NA,NA,"","Sobic.009G229600.2","Chr09",57023498,57032493,8996,"-",-9199,204
"2050","PstI.TP485114","CmN.176",9,57032697,"CmN","PS_Y(3)","124+36088im(3)","CMLM+SUPER(1);MLM+SUPER(1)","","","","GLM(1)",0.05955,7.397,NA,"",NA,NA,"","Sobic.009G229600.2","Chr09",57023498,57032493,8996,"-",-9199,204
"2051","PstI.TP485114","CmN.176",9,57032697,"CmN","PS_Y(3)","124+36088im(3)","CMLM+SUPER(1);MLM+SUPER(1)","","","","GLM(1)",0.05955,7.397,NA,"",NA,NA,"","Sobic.009G229700.1","Chr09",57032871,57036097,3227,"+",174,-3400
"2052","PstI.TP485114","CmN.176",9,57032697,"CmN","PS_Y(3)","124+36088im(3)","CMLM+SUPER(1);MLM+SUPER(1)","","","","GLM(1)",0.05955,7.397,NA,"",NA,NA,"","Sobic.009G229600.1","Chr09",57023498,57032493,8996,"-",-9199,204
"2053","PstI.TP485114","Cml_cm.50",9,57032697,"Cml_cm","PS_Y(1)","124+36088im(1)","","","mrMLM(1)","","",0.209,15.39,NA,"",NA,NA,"","Sobic.009G229700.1","Chr09",57032871,57036097,3227,"+",174,-3400
"2054","PstI.TP485114","Cml_cm.50",9,57032697,"Cml_cm","PS_Y(1)","124+36088im(1)","","","mrMLM(1)","","",0.209,15.39,NA,"",NA,NA,"","Sobic.009G229600.1","Chr09",57023498,57032493,8996,"-",-9199,204
"2055","PstI.TP485114","Cml_cm.50",9,57032697,"Cml_cm","PS_Y(1)","124+36088im(1)","","","mrMLM(1)","","",0.209,15.39,NA,"",NA,NA,"","Sobic.009G229600.1","Chr09",57023498,57032493,8996,"-",-9199,204
"2056","PstI.TP485114","Cml_cm.50",9,57032697,"Cml_cm","PS_Y(1)","124+36088im(1)","","","mrMLM(1)","","",0.209,15.39,NA,"",NA,NA,"","Sobic.009G229700.1","Chr09",57032871,57036097,3227,"+",174,-3400
"2057","PstI.TP485114","Cml_cm.50",9,57032697,"Cml_cm","PS_Y(1)","124+36088im(1)","","","mrMLM(1)","","",0.209,15.39,NA,"",NA,NA,"","Sobic.009G229600.2","Chr09",57023498,57032493,8996,"-",-9199,204
"2058","PstI.TP485114","Cml_cm.50",9,57032697,"Cml_cm","PS_Y(1)","124+36088im(1)","","","mrMLM(1)","","",0.209,15.39,NA,"",NA,NA,"","Sobic.009G229600.1","Chr09",57023498,57032493,8996,"-",-9199,204
"2059","PstI.TP485114","Cml_cm.50",9,57032697,"Cml_cm","PS_Y(1)","124+36088im(1)","","","mrMLM(1)","","",0.209,15.39,NA,"",NA,NA,"","Sobic.009G229700.1","Chr09",57032871,57036097,3227,"+",174,-3400
"2060","PstI.TP485114","Cml_cm.50",9,57032697,"Cml_cm","PS_Y(1)","124+36088im(1)","","","mrMLM(1)","","",0.209,15.39,NA,"",NA,NA,"","Sobic.009G229600.2","Chr09",57023498,57032493,8996,"-",-9199,204
"2061","PstI.TP485114","Cml_cm.50",9,57032697,"Cml_cm","PS_Y(1)","124+36088im(1)","","","mrMLM(1)","","",0.209,15.39,NA,"",NA,NA,"","Sobic.009G229600.2","Chr09",57023498,57032493,8996,"-",-9199,204
"2062","PstI.TP485114","Cml_cm.50",9,57032697,"Cml_cm","PS_Y(1)","124+36088im(1)","","","mrMLM(1)","","",0.209,15.39,NA,"",NA,NA,"","Sobic.009G229600.2","Chr09",57023498,57032493,8996,"-",-9199,204
"2063","PstI.TP485114","Cml_cm.50",9,57032697,"Cml_cm","PS_Y(1)","124+36088im(1)","","","mrMLM(1)","","",0.209,15.39,NA,"",NA,NA,"","Sobic.009G229700.1","Chr09",57032871,57036097,3227,"+",174,-3400
"2064","PstI.TP485114","Cml_cm.50",9,57032697,"Cml_cm","PS_Y(1)","124+36088im(1)","","","mrMLM(1)","","",0.209,15.39,NA,"",NA,NA,"","Sobic.009G229600.1","Chr09",57023498,57032493,8996,"-",-9199,204
"2065","PstI.TP485114","CmN.176",9,57032697,"CmN","PS_Y(3)","124+36088im(3)","CMLM+SUPER(1);MLM+SUPER(1)","","","","GLM(1)",0.05955,7.397,NA,"",NA,NA,"","Sobic.009G229700.1","Chr09",57032871,57036097,3227,"+",174,-3400
"2066","PstI.TP485114","CmN.176",9,57032697,"CmN","PS_Y(3)","124+36088im(3)","CMLM+SUPER(1);MLM+SUPER(1)","","","","GLM(1)",0.05955,7.397,NA,"",NA,NA,"","Sobic.009G229600.1","Chr09",57023498,57032493,8996,"-",-9199,204
"2067","PstI.TP485114","CmN.176",9,57032697,"CmN","PS_Y(3)","124+36088im(3)","CMLM+SUPER(1);MLM+SUPER(1)","","","","GLM(1)",0.05955,7.397,NA,"",NA,NA,"","Sobic.009G229600.1","Chr09",57023498,57032493,8996,"-",-9199,204
"2068","PstI.TP485114","CmN.176",9,57032697,"CmN","PS_Y(3)","124+36088im(3)","CMLM+SUPER(1);MLM+SUPER(1)","","","","GLM(1)",0.05955,7.397,NA,"",NA,NA,"","Sobic.009G229700.1","Chr09",57032871,57036097,3227,"+",174,-3400
"2069","PstI.TP485114","CmN.176",9,57032697,"CmN","PS_Y(3)","124+36088im(3)","CMLM+SUPER(1);MLM+SUPER(1)","","","","GLM(1)",0.05955,7.397,NA,"",NA,NA,"","Sobic.009G229600.2","Chr09",57023498,57032493,8996,"-",-9199,204
"2070","PstI.TP485114","CmN.176",9,57032697,"CmN","PS_Y(3)","124+36088im(3)","CMLM+SUPER(1);MLM+SUPER(1)","","","","GLM(1)",0.05955,7.397,NA,"",NA,NA,"","Sobic.009G229600.1","Chr09",57023498,57032493,8996,"-",-9199,204
"2071","PstI.TP485114","CmN.176",9,57032697,"CmN","PS_Y(3)","124+36088im(3)","CMLM+SUPER(1);MLM+SUPER(1)","","","","GLM(1)",0.05955,7.397,NA,"",NA,NA,"","Sobic.009G229700.1","Chr09",57032871,57036097,3227,"+",174,-3400
"2072","PstI.TP485114","CmN.176",9,57032697,"CmN","PS_Y(3)","124+36088im(3)","CMLM+SUPER(1);MLM+SUPER(1)","","","","GLM(1)",0.05955,7.397,NA,"",NA,NA,"","Sobic.009G229600.2","Chr09",57023498,57032493,8996,"-",-9199,204
"2073","PstI.TP485114","CmN.176",9,57032697,"CmN","PS_Y(3)","124+36088im(3)","CMLM+SUPER(1);MLM+SUPER(1)","","","","GLM(1)",0.05955,7.397,NA,"",NA,NA,"","Sobic.009G229600.2","Chr09",57023498,57032493,8996,"-",-9199,204
"2074","PstI.TP485114","CmN.176",9,57032697,"CmN","PS_Y(3)","124+36088im(3)","CMLM+SUPER(1);MLM+SUPER(1)","","","","GLM(1)",0.05955,7.397,NA,"",NA,NA,"","Sobic.009G229600.2","Chr09",57023498,57032493,8996,"-",-9199,204
"2075","PstI.TP485114","CmN.176",9,57032697,"CmN","PS_Y(3)","124+36088im(3)","CMLM+SUPER(1);MLM+SUPER(1)","","","","GLM(1)",0.05955,7.397,NA,"",NA,NA,"","Sobic.009G229700.1","Chr09",57032871,57036097,3227,"+",174,-3400
"2076","PstI.TP485114","CmN.176",9,57032697,"CmN","PS_Y(3)","124+36088im(3)","CMLM+SUPER(1);MLM+SUPER(1)","","","","GLM(1)",0.05955,7.397,NA,"",NA,NA,"","Sobic.009G229600.1","Chr09",57023498,57032493,8996,"-",-9199,204
"2080","PstI.TP4963","Cml_cm.51",3,65245788,"Cml_cm","PS_N(1)","C106+4202(1)","","FarmCPU(1)","","","",0.2123,3.197,NA,"",NA,NA,"","Sobic.003G326500.1","Chr03",65238666,65248550,9885,"+",-7122,-2762
"2083","PstI.TP504809","Bcirc_cm.53",4,5155593,"Bcirc_cm","PS_Y(1)","124+36088im(1)","MLM+SUPER(1)","","","","",0.3979,21.59,NA,"",NA,NA,"","Sobic.004G063900.1","Chr04",5155109,5156644,1536,"+",-484,-1051
"2084","PstI.TP504809","Bcirc_cm.53",4,5155593,"Bcirc_cm","PS_Y(1)","124+36088im(1)","MLM+SUPER(1)","","","","",0.3979,21.59,NA,"",NA,NA,"","Sobic.004G063900.1","Chr04",5155109,5156644,1536,"+",-484,-1051
"2085","PstI.TP504809","CmN.178",4,5155593,"CmN","PS_N(2)","C124+2560(2)","","","ISIS EM-BLASSO(1);pKWmEB(1)","","",0.3952,15.29,NA,"",NA,NA,"","Sobic.004G063900.1","Chr04",5155109,5156644,1536,"+",-484,-1051
"2086","PstI.TP504809","CmN.178",4,5155593,"CmN","PS_N(2)","C124+2560(2)","","","ISIS EM-BLASSO(1);pKWmEB(1)","","",0.3952,15.29,NA,"",NA,NA,"","Sobic.004G063900.1","Chr04",5155109,5156644,1536,"+",-484,-1051
"2088","PstI.TP510424","CmD_BI_mm.53",10,7091437,"CmD_BI_mm","PS_N(1)","C116+3293(1)","","FarmCPU(1)","","","",0.1293,10.06,NA,"",NA,NA,"","Sobic.010G083050.1","Chr10",7091012,7092894,1883,"-",-425,-1457
"2091","PstI.TP521834","CmN.179",4,53924496,"CmN","PS_N(1);PS_Y(3)","C106+4202(4)","CMLM+SUPER(1);MLM+SUPER(1)","","mrMLM(1)","","GLM(1)",0.0721,23.77,NA,"",NA,NA,"","Sobic.004G187100.3","Chr04",53919932,53926437,6506,"-",-4564,-1941
"2092","PstI.TP521834","CmN.179",4,53924496,"CmN","PS_N(1);PS_Y(3)","C106+4202(4)","CMLM+SUPER(1);MLM+SUPER(1)","","mrMLM(1)","","GLM(1)",0.0721,23.77,NA,"",NA,NA,"","Sobic.004G187100.4","Chr04",53919932,53926437,6506,"-",-4564,-1941
"2093","PstI.TP521834","CmN.179",4,53924496,"CmN","PS_N(1);PS_Y(3)","C106+4202(4)","CMLM+SUPER(1);MLM+SUPER(1)","","mrMLM(1)","","GLM(1)",0.0721,23.77,NA,"",NA,NA,"","Sobic.004G187100.2","Chr04",53919932,53926437,6506,"-",-4564,-1941
"2094","PstI.TP521834","CmN.179",4,53924496,"CmN","PS_N(1);PS_Y(3)","C106+4202(4)","CMLM+SUPER(1);MLM+SUPER(1)","","mrMLM(1)","","GLM(1)",0.0721,23.77,NA,"",NA,NA,"","Sobic.004G187100.1","Chr04",53919932,53926437,6506,"-",-4564,-1941
"2095","PstI.TP53013","CmN.180",9,59327122,"CmN","PS_Y(3)","124+36088im(3)","CMLM+SUPER(1);MLM+SUPER(1)","","","","GLM(1)",0.07481,8.593,NA,"",NA,NA,"","Sobic.009G259900.1","Chr09",59321024,59328186,7163,"+",-6098,-1064
"2097","PstI.TP532345","CmN.182",9,38275195,"CmN","PS_Y(3)","C116+3293(1);C124+2560(2)","CMLM+SUPER(2);MLM+SUPER(1)","","","","",0.05645,3.37,NA,"",NA,NA,"","Sobic.009G099100.1","Chr09",38276165,38281496,5332,"-",970,-6301
"2098","PstI.TP532345","CmN.182",9,38275195,"CmN","PS_Y(3)","C116+3293(1);C124+2560(2)","CMLM+SUPER(2);MLM+SUPER(1)","","","","",0.05645,3.37,NA,"",NA,NA,"","Sobic.009G099100.5","Chr09",38276165,38281509,5345,"-",970,-6314
"2099","PstI.TP532345","CmN.182",9,38275195,"CmN","PS_Y(3)","C116+3293(1);C124+2560(2)","CMLM+SUPER(2);MLM+SUPER(1)","","","","",0.05645,3.37,NA,"",NA,NA,"","Sobic.009G099100.4","Chr09",38276165,38281242,5078,"-",970,-6047
"2100","PstI.TP532345","CmN.182",9,38275195,"CmN","PS_Y(3)","C116+3293(1);C124+2560(2)","CMLM+SUPER(2);MLM+SUPER(1)","","","","",0.05645,3.37,NA,"",NA,NA,"","Sobic.009G099100.1","Chr09",38276165,38281496,5332,"-",970,-6301
"2101","PstI.TP532345","CmN.182",9,38275195,"CmN","PS_Y(3)","C116+3293(1);C124+2560(2)","CMLM+SUPER(2);MLM+SUPER(1)","","","","",0.05645,3.37,NA,"",NA,NA,"","Sobic.009G099000.1","Chr09",38258489,38275612,17124,"+",-16706,-417
"2102","PstI.TP532345","CmN.182",9,38275195,"CmN","PS_Y(3)","C116+3293(1);C124+2560(2)","CMLM+SUPER(2);MLM+SUPER(1)","","","","",0.05645,3.37,NA,"",NA,NA,"","Sobic.009G099100.4","Chr09",38276165,38281242,5078,"-",970,-6047
"2103","PstI.TP532345","CmN.182",9,38275195,"CmN","PS_Y(3)","C116+3293(1);C124+2560(2)","CMLM+SUPER(2);MLM+SUPER(1)","","","","",0.05645,3.37,NA,"",NA,NA,"","Sobic.009G099100.2","Chr09",38276165,38281509,5345,"-",970,-6314
"2104","PstI.TP532345","CmN.182",9,38275195,"CmN","PS_Y(3)","C116+3293(1);C124+2560(2)","CMLM+SUPER(2);MLM+SUPER(1)","","","","",0.05645,3.37,NA,"",NA,NA,"","Sobic.009G099100.3","Chr09",38276165,38281484,5320,"-",970,-6289
"2105","PstI.TP532345","CmN.182",9,38275195,"CmN","PS_Y(3)","C116+3293(1);C124+2560(2)","CMLM+SUPER(2);MLM+SUPER(1)","","","","",0.05645,3.37,NA,"",NA,NA,"","Sobic.009G099100.2","Chr09",38276165,38281509,5345,"-",970,-6314
"2106","PstI.TP532345","CmN.182",9,38275195,"CmN","PS_Y(3)","C116+3293(1);C124+2560(2)","CMLM+SUPER(2);MLM+SUPER(1)","","","","",0.05645,3.37,NA,"",NA,NA,"","Sobic.009G099100.5","Chr09",38276165,38281509,5345,"-",970,-6314
"2107","PstI.TP532345","CmN.182",9,38275195,"CmN","PS_Y(3)","C116+3293(1);C124+2560(2)","CMLM+SUPER(2);MLM+SUPER(1)","","","","",0.05645,3.37,NA,"",NA,NA,"","Sobic.009G099000.1","Chr09",38258489,38275612,17124,"+",-16706,-417
"2108","PstI.TP532345","CmN.182",9,38275195,"CmN","PS_Y(3)","C116+3293(1);C124+2560(2)","CMLM+SUPER(2);MLM+SUPER(1)","","","","",0.05645,3.37,NA,"",NA,NA,"","Sobic.009G099100.3","Chr09",38276165,38281484,5320,"-",970,-6289
"2109","PstI.TP532345","CmN.182",9,38275195,"CmN","PS_Y(3)","C116+3293(1);C124+2560(2)","CMLM+SUPER(2);MLM+SUPER(1)","","","","",0.05645,3.37,NA,"",NA,NA,"","Sobic.009G099100.1","Chr09",38276165,38281496,5332,"-",970,-6301
"2110","PstI.TP532345","CmN.182",9,38275195,"CmN","PS_Y(3)","C116+3293(1);C124+2560(2)","CMLM+SUPER(2);MLM+SUPER(1)","","","","",0.05645,3.37,NA,"",NA,NA,"","Sobic.009G099100.5","Chr09",38276165,38281509,5345,"-",970,-6314
"2111","PstI.TP532345","CmN.182",9,38275195,"CmN","PS_Y(3)","C116+3293(1);C124+2560(2)","CMLM+SUPER(2);MLM+SUPER(1)","","","","",0.05645,3.37,NA,"",NA,NA,"","Sobic.009G099100.4","Chr09",38276165,38281242,5078,"-",970,-6047
"2112","PstI.TP532345","CmN.182",9,38275195,"CmN","PS_Y(3)","C116+3293(1);C124+2560(2)","CMLM+SUPER(2);MLM+SUPER(1)","","","","",0.05645,3.37,NA,"",NA,NA,"","Sobic.009G099100.1","Chr09",38276165,38281496,5332,"-",970,-6301
"2113","PstI.TP532345","CmN.182",9,38275195,"CmN","PS_Y(3)","C116+3293(1);C124+2560(2)","CMLM+SUPER(2);MLM+SUPER(1)","","","","",0.05645,3.37,NA,"",NA,NA,"","Sobic.009G099000.1","Chr09",38258489,38275612,17124,"+",-16706,-417
"2114","PstI.TP532345","CmN.182",9,38275195,"CmN","PS_Y(3)","C116+3293(1);C124+2560(2)","CMLM+SUPER(2);MLM+SUPER(1)","","","","",0.05645,3.37,NA,"",NA,NA,"","Sobic.009G099100.4","Chr09",38276165,38281242,5078,"-",970,-6047
"2115","PstI.TP532345","CmN.182",9,38275195,"CmN","PS_Y(3)","C116+3293(1);C124+2560(2)","CMLM+SUPER(2);MLM+SUPER(1)","","","","",0.05645,3.37,NA,"",NA,NA,"","Sobic.009G099100.2","Chr09",38276165,38281509,5345,"-",970,-6314
"2116","PstI.TP532345","CmN.182",9,38275195,"CmN","PS_Y(3)","C116+3293(1);C124+2560(2)","CMLM+SUPER(2);MLM+SUPER(1)","","","","",0.05645,3.37,NA,"",NA,NA,"","Sobic.009G099100.3","Chr09",38276165,38281484,5320,"-",970,-6289
"2117","PstI.TP532345","CmN.182",9,38275195,"CmN","PS_Y(3)","C116+3293(1);C124+2560(2)","CMLM+SUPER(2);MLM+SUPER(1)","","","","",0.05645,3.37,NA,"",NA,NA,"","Sobic.009G099100.2","Chr09",38276165,38281509,5345,"-",970,-6314
"2118","PstI.TP532345","CmN.182",9,38275195,"CmN","PS_Y(3)","C116+3293(1);C124+2560(2)","CMLM+SUPER(2);MLM+SUPER(1)","","","","",0.05645,3.37,NA,"",NA,NA,"","Sobic.009G099100.5","Chr09",38276165,38281509,5345,"-",970,-6314
"2119","PstI.TP532345","CmN.182",9,38275195,"CmN","PS_Y(3)","C116+3293(1);C124+2560(2)","CMLM+SUPER(2);MLM+SUPER(1)","","","","",0.05645,3.37,NA,"",NA,NA,"","Sobic.009G099000.1","Chr09",38258489,38275612,17124,"+",-16706,-417
"2120","PstI.TP532345","CmN.182",9,38275195,"CmN","PS_Y(3)","C116+3293(1);C124+2560(2)","CMLM+SUPER(2);MLM+SUPER(1)","","","","",0.05645,3.37,NA,"",NA,NA,"","Sobic.009G099100.3","Chr09",38276165,38281484,5320,"-",970,-6289
"2121","PstI.TP53685","CmN.183",8,15754213,"CmN","PS_Y(1)","C106+4202(1)","MLM+SUPER(1)","","","","",0.1179,2,NA,"",NA,NA,"","Sobic.008G082800.1","Chr08",15752370,15754852,2483,"-",-1843,-639
"2122","PstI.TP53685","CmN.183",8,15754213,"CmN","PS_Y(1)","C106+4202(1)","MLM+SUPER(1)","","","","",0.1179,2,NA,"",NA,NA,"","Sobic.008G082800.2","Chr08",15752370,15754852,2483,"-",-1843,-639
"2123","PstI.TP537292","CCirc_cm.36",1,78162057,"CCirc_cm","PS_N(1)","124+36088im(1)","","","FASTmrMLM(1)","","",0.2773,4.07,NA,"",NA,NA,"","Sobic.001G514500.9","Chr01",78162706,78168598,5893,"-",649,-6541
"2124","PstI.TP537292","CCirc_cm.36",1,78162057,"CCirc_cm","PS_N(1)","124+36088im(1)","","","FASTmrMLM(1)","","",0.2773,4.07,NA,"",NA,NA,"","Sobic.001G514500.2","Chr01",78162706,78168595,5890,"-",649,-6538
"2125","PstI.TP537292","CCirc_cm.36",1,78162057,"CCirc_cm","PS_N(1)","124+36088im(1)","","","FASTmrMLM(1)","","",0.2773,4.07,NA,"",NA,NA,"","Sobic.001G514500.3","Chr01",78162706,78168567,5862,"-",649,-6510
"2126","PstI.TP537292","CCirc_cm.36",1,78162057,"CCirc_cm","PS_N(1)","124+36088im(1)","","","FASTmrMLM(1)","","",0.2773,4.07,NA,"",NA,NA,"","Sobic.001G514500.4","Chr01",78162706,78168595,5890,"-",649,-6538
"2127","PstI.TP537292","CCirc_cm.36",1,78162057,"CCirc_cm","PS_N(1)","124+36088im(1)","","","FASTmrMLM(1)","","",0.2773,4.07,NA,"",NA,NA,"","Sobic.001G514500.4","Chr01",78162706,78168595,5890,"-",649,-6538
"2128","PstI.TP537292","CCirc_cm.36",1,78162057,"CCirc_cm","PS_N(1)","124+36088im(1)","","","FASTmrMLM(1)","","",0.2773,4.07,NA,"",NA,NA,"","Sobic.001G514500.6","Chr01",78162706,78168571,5866,"-",649,-6514
"2129","PstI.TP537292","CCirc_cm.36",1,78162057,"CCirc_cm","PS_N(1)","124+36088im(1)","","","FASTmrMLM(1)","","",0.2773,4.07,NA,"",NA,NA,"","Sobic.001G514500.10","Chr01",78162706,78168589,5884,"-",649,-6532
"2130","PstI.TP537292","CCirc_cm.36",1,78162057,"CCirc_cm","PS_N(1)","124+36088im(1)","","","FASTmrMLM(1)","","",0.2773,4.07,NA,"",NA,NA,"","Sobic.001G514500.7","Chr01",78162706,78168624,5919,"-",649,-6567
"2131","PstI.TP537292","CCirc_cm.36",1,78162057,"CCirc_cm","PS_N(1)","124+36088im(1)","","","FASTmrMLM(1)","","",0.2773,4.07,NA,"",NA,NA,"","Sobic.001G514500.3","Chr01",78162706,78168567,5862,"-",649,-6510
"2132","PstI.TP537292","CCirc_cm.36",1,78162057,"CCirc_cm","PS_N(1)","124+36088im(1)","","","FASTmrMLM(1)","","",0.2773,4.07,NA,"",NA,NA,"","Sobic.001G514500.7","Chr01",78162706,78168624,5919,"-",649,-6567
"2133","PstI.TP537292","CCirc_cm.36",1,78162057,"CCirc_cm","PS_N(1)","124+36088im(1)","","","FASTmrMLM(1)","","",0.2773,4.07,NA,"",NA,NA,"","Sobic.001G514500.8","Chr01",78162706,78168598,5893,"-",649,-6541
"2134","PstI.TP537292","CCirc_cm.36",1,78162057,"CCirc_cm","PS_N(1)","124+36088im(1)","","","FASTmrMLM(1)","","",0.2773,4.07,NA,"",NA,NA,"","Sobic.001G514500.5","Chr01",78162706,78168572,5867,"-",649,-6515
"2135","PstI.TP537292","CCirc_cm.36",1,78162057,"CCirc_cm","PS_N(1)","124+36088im(1)","","","FASTmrMLM(1)","","",0.2773,4.07,NA,"",NA,NA,"","Sobic.001G514500.9","Chr01",78162706,78168598,5893,"-",649,-6541
"2136","PstI.TP537292","CCirc_cm.36",1,78162057,"CCirc_cm","PS_N(1)","124+36088im(1)","","","FASTmrMLM(1)","","",0.2773,4.07,NA,"",NA,NA,"","Sobic.001G514400.1","Chr01",78160422,78162432,2011,"+",-1635,-375
"2137","PstI.TP537292","CCirc_cm.36",1,78162057,"CCirc_cm","PS_N(1)","124+36088im(1)","","","FASTmrMLM(1)","","",0.2773,4.07,NA,"",NA,NA,"","Sobic.001G514500.10","Chr01",78162706,78168589,5884,"-",649,-6532
"2138","PstI.TP537292","CCirc_cm.36",1,78162057,"CCirc_cm","PS_N(1)","124+36088im(1)","","","FASTmrMLM(1)","","",0.2773,4.07,NA,"",NA,NA,"","Sobic.001G514500.6","Chr01",78162706,78168571,5866,"-",649,-6514
"2139","PstI.TP537292","CCirc_cm.36",1,78162057,"CCirc_cm","PS_N(1)","124+36088im(1)","","","FASTmrMLM(1)","","",0.2773,4.07,NA,"",NA,NA,"","Sobic.001G514500.2","Chr01",78162706,78168595,5890,"-",649,-6538
"2140","PstI.TP537292","CCirc_cm.36",1,78162057,"CCirc_cm","PS_N(1)","124+36088im(1)","","","FASTmrMLM(1)","","",0.2773,4.07,NA,"",NA,NA,"","Sobic.001G514500.5","Chr01",78162706,78168572,5867,"-",649,-6515
"2141","PstI.TP537292","CCirc_cm.36",1,78162057,"CCirc_cm","PS_N(1)","124+36088im(1)","","","FASTmrMLM(1)","","",0.2773,4.07,NA,"",NA,NA,"","Sobic.001G514400.1","Chr01",78160422,78162432,2011,"+",-1635,-375
"2142","PstI.TP537292","CCirc_cm.36",1,78162057,"CCirc_cm","PS_N(1)","124+36088im(1)","","","FASTmrMLM(1)","","",0.2773,4.07,NA,"",NA,NA,"","Sobic.001G514500.8","Chr01",78162706,78168598,5893,"-",649,-6541
"2143","PstI.TP537292","CCirc_cm.36",1,78162057,"CCirc_cm","PS_N(1)","124+36088im(1)","","","FASTmrMLM(1)","","",0.2773,4.07,NA,"",NA,NA,"","Sobic.001G514500.9","Chr01",78162706,78168598,5893,"-",649,-6541
"2144","PstI.TP537292","CCirc_cm.36",1,78162057,"CCirc_cm","PS_N(1)","124+36088im(1)","","","FASTmrMLM(1)","","",0.2773,4.07,NA,"",NA,NA,"","Sobic.001G514500.2","Chr01",78162706,78168595,5890,"-",649,-6538
"2145","PstI.TP537292","CCirc_cm.36",1,78162057,"CCirc_cm","PS_N(1)","124+36088im(1)","","","FASTmrMLM(1)","","",0.2773,4.07,NA,"",NA,NA,"","Sobic.001G514500.3","Chr01",78162706,78168567,5862,"-",649,-6510
"2146","PstI.TP537292","CCirc_cm.36",1,78162057,"CCirc_cm","PS_N(1)","124+36088im(1)","","","FASTmrMLM(1)","","",0.2773,4.07,NA,"",NA,NA,"","Sobic.001G514500.4","Chr01",78162706,78168595,5890,"-",649,-6538
"2147","PstI.TP537292","CCirc_cm.36",1,78162057,"CCirc_cm","PS_N(1)","124+36088im(1)","","","FASTmrMLM(1)","","",0.2773,4.07,NA,"",NA,NA,"","Sobic.001G514500.4","Chr01",78162706,78168595,5890,"-",649,-6538
"2148","PstI.TP537292","CCirc_cm.36",1,78162057,"CCirc_cm","PS_N(1)","124+36088im(1)","","","FASTmrMLM(1)","","",0.2773,4.07,NA,"",NA,NA,"","Sobic.001G514500.6","Chr01",78162706,78168571,5866,"-",649,-6514
"2149","PstI.TP537292","CCirc_cm.36",1,78162057,"CCirc_cm","PS_N(1)","124+36088im(1)","","","FASTmrMLM(1)","","",0.2773,4.07,NA,"",NA,NA,"","Sobic.001G514500.10","Chr01",78162706,78168589,5884,"-",649,-6532
"2150","PstI.TP537292","CCirc_cm.36",1,78162057,"CCirc_cm","PS_N(1)","124+36088im(1)","","","FASTmrMLM(1)","","",0.2773,4.07,NA,"",NA,NA,"","Sobic.001G514500.7","Chr01",78162706,78168624,5919,"-",649,-6567
"2151","PstI.TP537292","CCirc_cm.36",1,78162057,"CCirc_cm","PS_N(1)","124+36088im(1)","","","FASTmrMLM(1)","","",0.2773,4.07,NA,"",NA,NA,"","Sobic.001G514500.3","Chr01",78162706,78168567,5862,"-",649,-6510
"2152","PstI.TP537292","CCirc_cm.36",1,78162057,"CCirc_cm","PS_N(1)","124+36088im(1)","","","FASTmrMLM(1)","","",0.2773,4.07,NA,"",NA,NA,"","Sobic.001G514500.7","Chr01",78162706,78168624,5919,"-",649,-6567
"2153","PstI.TP537292","CCirc_cm.36",1,78162057,"CCirc_cm","PS_N(1)","124+36088im(1)","","","FASTmrMLM(1)","","",0.2773,4.07,NA,"",NA,NA,"","Sobic.001G514500.8","Chr01",78162706,78168598,5893,"-",649,-6541
"2154","PstI.TP537292","CCirc_cm.36",1,78162057,"CCirc_cm","PS_N(1)","124+36088im(1)","","","FASTmrMLM(1)","","",0.2773,4.07,NA,"",NA,NA,"","Sobic.001G514500.5","Chr01",78162706,78168572,5867,"-",649,-6515
"2155","PstI.TP537292","CCirc_cm.36",1,78162057,"CCirc_cm","PS_N(1)","124+36088im(1)","","","FASTmrMLM(1)","","",0.2773,4.07,NA,"",NA,NA,"","Sobic.001G514500.9","Chr01",78162706,78168598,5893,"-",649,-6541
"2156","PstI.TP537292","CCirc_cm.36",1,78162057,"CCirc_cm","PS_N(1)","124+36088im(1)","","","FASTmrMLM(1)","","",0.2773,4.07,NA,"",NA,NA,"","Sobic.001G514400.1","Chr01",78160422,78162432,2011,"+",-1635,-375
"2157","PstI.TP537292","CCirc_cm.36",1,78162057,"CCirc_cm","PS_N(1)","124+36088im(1)","","","FASTmrMLM(1)","","",0.2773,4.07,NA,"",NA,NA,"","Sobic.001G514500.10","Chr01",78162706,78168589,5884,"-",649,-6532
"2158","PstI.TP537292","CCirc_cm.36",1,78162057,"CCirc_cm","PS_N(1)","124+36088im(1)","","","FASTmrMLM(1)","","",0.2773,4.07,NA,"",NA,NA,"","Sobic.001G514500.6","Chr01",78162706,78168571,5866,"-",649,-6514
"2159","PstI.TP537292","CCirc_cm.36",1,78162057,"CCirc_cm","PS_N(1)","124+36088im(1)","","","FASTmrMLM(1)","","",0.2773,4.07,NA,"",NA,NA,"","Sobic.001G514500.2","Chr01",78162706,78168595,5890,"-",649,-6538
"2160","PstI.TP537292","CCirc_cm.36",1,78162057,"CCirc_cm","PS_N(1)","124+36088im(1)","","","FASTmrMLM(1)","","",0.2773,4.07,NA,"",NA,NA,"","Sobic.001G514500.5","Chr01",78162706,78168572,5867,"-",649,-6515
"2161","PstI.TP537292","CCirc_cm.36",1,78162057,"CCirc_cm","PS_N(1)","124+36088im(1)","","","FASTmrMLM(1)","","",0.2773,4.07,NA,"",NA,NA,"","Sobic.001G514400.1","Chr01",78160422,78162432,2011,"+",-1635,-375
"2162","PstI.TP537292","CCirc_cm.36",1,78162057,"CCirc_cm","PS_N(1)","124+36088im(1)","","","FASTmrMLM(1)","","",0.2773,4.07,NA,"",NA,NA,"","Sobic.001G514500.8","Chr01",78162706,78168598,5893,"-",649,-6541
"2163","PstI.TP541255","CmN.184",10,53477961,"CmN","PS_N(1)","124+36088im(1)","","FarmCPU(1)","","","",0.05935,1.511,NA,"",NA,NA,"","Sobic.010G192600.2","Chr10",53477729,53481217,3489,"+",-232,-3256
"2164","PstI.TP541255","CmN.184",10,53477961,"CmN","PS_N(1)","124+36088im(1)","","FarmCPU(1)","","","",0.05935,1.511,NA,"",NA,NA,"","Sobic.010G192600.1","Chr10",53477729,53484983,7255,"+",-232,-7022
"2165","PstI.TP5429","CmD_BI_mm.54",2,74605041,"CmD_BI_mm","PS_N(1)","124+36088im(1)","","FarmCPU(1)","","","",0.2011,0.7893,NA,"",NA,NA,"","Sobic.002G393266.1","Chr02",74604422,74609738,5317,"+",-619,-4697
"2166","PstI.TP543083","CmN.185",7,7619505,"CmN","PS_Y(2)","124+36088im(2)","CMLM+SUPER(1)","","","","GLM(1)",0.2048,6.796,NA,"",NA,NA,"","Sobic.007G068300.1","Chr07",7617494,7620027,2534,"+",-2011,-522
"2167","PstI.TP547023","CmN.186",2,75564773,"CmN","PS_Y(2)","C124+2560(2)","CMLM+SUPER(1);MLM+SUPER(1)","","","","",0.06855,0.5266,NA,"",NA,NA,"","Sobic.002G405800.2","Chr02",75554537,75564924,10388,"-",-10236,-151
"2168","PstI.TP547023","CmN.186",2,75564773,"CmN","PS_Y(2)","C124+2560(2)","CMLM+SUPER(1);MLM+SUPER(1)","","","","",0.06855,0.5266,NA,"",NA,NA,"","Sobic.002G405800.1","Chr02",75554537,75564924,10388,"-",-10236,-151
"2169","PstI.TP548121","Bcirc_cm.55",9,58253929,"Bcirc_cm","PS_N(1)","C106+4202(1)","","FarmCPU(1)","","","",0.06132,0.1839,NA,"",NA,NA,"","Sobic.009G247100.1","Chr09",58252379,58255448,3070,"+",-1550,-1519
"2170","PstI.TP55941","CCirc_cm.37",6,51146867,"CCirc_cm","PS_Y(5)","C106+4202(3);C116+3293(1);C124+2560(1)","CMLM+SUPER(1)","","FASTmrMLM(1);ISIS EM-BLASSO(1);pKWmEB(2)","","",0.2549,18.91,NA,"",NA,NA,"","Sobic.006G150100.1","Chr06",51145123,51147729,2607,"+",-1744,-862
"2171","PstI.TP55941","CCirc_cm.37",6,51146867,"CCirc_cm","PS_Y(5)","C106+4202(3);C116+3293(1);C124+2560(1)","CMLM+SUPER(1)","","FASTmrMLM(1);ISIS EM-BLASSO(1);pKWmEB(2)","","",0.2549,18.91,NA,"",NA,NA,"","Sobic.006G150100.1","Chr06",51145123,51147729,2607,"+",-1744,-862
"2172","PstI.TP55941","CCirc_cm.37",6,51146867,"CCirc_cm","PS_Y(5)","C106+4202(3);C116+3293(1);C124+2560(1)","CMLM+SUPER(1)","","FASTmrMLM(1);ISIS EM-BLASSO(1);pKWmEB(2)","","",0.2549,18.91,NA,"",NA,NA,"","Sobic.006G150100.1","Chr06",51145123,51147729,2607,"+",-1744,-862
"2173","PstI.TP55941","CCirc_cm.37",6,51146867,"CCirc_cm","PS_Y(5)","C106+4202(3);C116+3293(1);C124+2560(1)","CMLM+SUPER(1)","","FASTmrMLM(1);ISIS EM-BLASSO(1);pKWmEB(2)","","",0.2549,18.91,NA,"",NA,NA,"","Sobic.006G150100.1","Chr06",51145123,51147729,2607,"+",-1744,-862
"2174","PstI.TP55941","CmD_LI_mm.45",6,51146867,"CmD_LI_mm","PS_Y(1)","C106+4202(1)","","","ISIS EM-BLASSO(1)","","",0.2547,7.24,NA,"",NA,NA,"","Sobic.006G150100.1","Chr06",51145123,51147729,2607,"+",-1744,-862
"2175","PstI.TP55941","CmD_LI_mm.45",6,51146867,"CmD_LI_mm","PS_Y(1)","C106+4202(1)","","","ISIS EM-BLASSO(1)","","",0.2547,7.24,NA,"",NA,NA,"","Sobic.006G150100.1","Chr06",51145123,51147729,2607,"+",-1744,-862
"2176","PstI.TP55941","CmD_LI_mm.45",6,51146867,"CmD_LI_mm","PS_Y(1)","C106+4202(1)","","","ISIS EM-BLASSO(1)","","",0.2547,7.24,NA,"",NA,NA,"","Sobic.006G150100.1","Chr06",51145123,51147729,2607,"+",-1744,-862
"2177","PstI.TP55941","CmD_LI_mm.45",6,51146867,"CmD_LI_mm","PS_Y(1)","C106+4202(1)","","","ISIS EM-BLASSO(1)","","",0.2547,7.24,NA,"",NA,NA,"","Sobic.006G150100.1","Chr06",51145123,51147729,2607,"+",-1744,-862
"2178","PstI.TP55941","Cml_cm.52",6,51146867,"Cml_cm","PS_Y(3)","C106+4202(1);C124+2560(2)","","","FASTmrMLM(1);mrMLM(1);pKWmEB(1)","","",0.2596,21.27,NA,"",NA,NA,"","Sobic.006G150100.1","Chr06",51145123,51147729,2607,"+",-1744,-862
"2179","PstI.TP55941","Cml_cm.52",6,51146867,"Cml_cm","PS_Y(3)","C106+4202(1);C124+2560(2)","","","FASTmrMLM(1);mrMLM(1);pKWmEB(1)","","",0.2596,21.27,NA,"",NA,NA,"","Sobic.006G150100.1","Chr06",51145123,51147729,2607,"+",-1744,-862
"2180","PstI.TP55941","Cml_cm.52",6,51146867,"Cml_cm","PS_Y(3)","C106+4202(1);C124+2560(2)","","","FASTmrMLM(1);mrMLM(1);pKWmEB(1)","","",0.2596,21.27,NA,"",NA,NA,"","Sobic.006G150100.1","Chr06",51145123,51147729,2607,"+",-1744,-862
"2181","PstI.TP55941","Cml_cm.52",6,51146867,"Cml_cm","PS_Y(3)","C106+4202(1);C124+2560(2)","","","FASTmrMLM(1);mrMLM(1);pKWmEB(1)","","",0.2596,21.27,NA,"",NA,NA,"","Sobic.006G150100.1","Chr06",51145123,51147729,2607,"+",-1744,-862
"2182","PstI.TP55941","Yld_kg.24",6,51146867,"Yld","PS_N(2)PS_Y(10)","C106+4202(6)C116+3293(4)C124+2560(2)","","","FASTmrMLM(3)mrMLM(2)ISIS EM-BLASSO(4)pLARmEB(3)","","",0.2544,24.74,NA,"PstI.TP476886",2,55394288,"PstI.TP476886\2\55394288","Sobic.006G150100.1","Chr06",51145123,51147729,2607,"+",-1744,-862
"2183","PstI.TP55941","Yld_kg.24",6,51146867,"Yld","PS_N(2)PS_Y(10)","C106+4202(6)C116+3293(4)C124+2560(2)","","","FASTmrMLM(3)mrMLM(2)ISIS EM-BLASSO(4)pLARmEB(3)","","",0.2544,24.74,NA,"PstI.TP476886",2,55394288,"PstI.TP476886\2\55394288","Sobic.006G150100.1","Chr06",51145123,51147729,2607,"+",-1744,-862
"2184","PstI.TP55941","Yld_kg.24",6,51146867,"Yld","PS_N(2)PS_Y(10)","C106+4202(6)C116+3293(4)C124+2560(2)","","","FASTmrMLM(3)mrMLM(2)ISIS EM-BLASSO(4)pLARmEB(3)","","",0.2544,24.74,NA,"PstI.TP476886",2,55394288,"PstI.TP476886\2\55394288","Sobic.006G150100.1","Chr06",51145123,51147729,2607,"+",-1744,-862
"2185","PstI.TP55941","Yld_kg.24",6,51146867,"Yld","PS_N(2)PS_Y(10)","C106+4202(6)C116+3293(4)C124+2560(2)","","","FASTmrMLM(3)mrMLM(2)ISIS EM-BLASSO(4)pLARmEB(3)","","",0.2544,24.74,NA,"PstI.TP476886",2,55394288,"PstI.TP476886\2\55394288","Sobic.006G150100.1","Chr06",51145123,51147729,2607,"+",-1744,-862
"2186","PstI.TP570804","CmN.187",4,4364673,"CmN","PS_Y(2)","C106+4202(2)","CMLM+SUPER(1);MLM+SUPER(1)","","","","",0.3585,0.2823,NA,"",NA,NA,"","Sobic.004G053600.1","Chr04",4363605,4365472,1868,"+",-1068,-799
"2187","PstI.TP570804","CmN.187",4,4364673,"CmN","PS_Y(2)","C106+4202(2)","CMLM+SUPER(1);MLM+SUPER(1)","","","","",0.3585,0.2823,NA,"",NA,NA,"","Sobic.004G053700.1","Chr04",4365616,4367727,2112,"-",943,-3054
"2188","PstI.TP570804","CmN.187",4,4364673,"CmN","PS_Y(2)","C106+4202(2)","CMLM+SUPER(1);MLM+SUPER(1)","","","","",0.3585,0.2823,NA,"",NA,NA,"","Sobic.004G053600.4","Chr04",4363605,4365607,2003,"+",-1068,-934
"2189","PstI.TP570804","CmN.187",4,4364673,"CmN","PS_Y(2)","C106+4202(2)","CMLM+SUPER(1);MLM+SUPER(1)","","","","",0.3585,0.2823,NA,"",NA,NA,"","Sobic.004G053600.6","Chr04",4363605,4365472,1868,"+",-1068,-799
"2190","PstI.TP570804","CmN.187",4,4364673,"CmN","PS_Y(2)","C106+4202(2)","CMLM+SUPER(1);MLM+SUPER(1)","","","","",0.3585,0.2823,NA,"",NA,NA,"","Sobic.004G053600.6","Chr04",4363605,4365472,1868,"+",-1068,-799
"2191","PstI.TP570804","CmN.187",4,4364673,"CmN","PS_Y(2)","C106+4202(2)","CMLM+SUPER(1);MLM+SUPER(1)","","","","",0.3585,0.2823,NA,"",NA,NA,"","Sobic.004G053700.1","Chr04",4365616,4367727,2112,"-",943,-3054
"2192","PstI.TP570804","CmN.187",4,4364673,"CmN","PS_Y(2)","C106+4202(2)","CMLM+SUPER(1);MLM+SUPER(1)","","","","",0.3585,0.2823,NA,"",NA,NA,"","Sobic.004G053600.5","Chr04",4363605,4365607,2003,"+",-1068,-934
"2193","PstI.TP570804","CmN.187",4,4364673,"CmN","PS_Y(2)","C106+4202(2)","CMLM+SUPER(1);MLM+SUPER(1)","","","","",0.3585,0.2823,NA,"",NA,NA,"","Sobic.004G053600.1","Chr04",4363605,4365472,1868,"+",-1068,-799
"2194","PstI.TP570804","CmN.187",4,4364673,"CmN","PS_Y(2)","C106+4202(2)","CMLM+SUPER(1);MLM+SUPER(1)","","","","",0.3585,0.2823,NA,"",NA,NA,"","Sobic.004G053600.3","Chr04",4363597,4365472,1876,"+",-1076,-799
"2195","PstI.TP570804","CmN.187",4,4364673,"CmN","PS_Y(2)","C106+4202(2)","CMLM+SUPER(1);MLM+SUPER(1)","","","","",0.3585,0.2823,NA,"",NA,NA,"","Sobic.004G053600.2","Chr04",4363605,4366050,2446,"+",-1068,-1377
"2196","PstI.TP570804","CmN.187",4,4364673,"CmN","PS_Y(2)","C106+4202(2)","CMLM+SUPER(1);MLM+SUPER(1)","","","","",0.3585,0.2823,NA,"",NA,NA,"","Sobic.004G053600.4","Chr04",4363605,4365607,2003,"+",-1068,-934
"2197","PstI.TP570804","CmN.187",4,4364673,"CmN","PS_Y(2)","C106+4202(2)","CMLM+SUPER(1);MLM+SUPER(1)","","","","",0.3585,0.2823,NA,"",NA,NA,"","Sobic.004G053600.3","Chr04",4363597,4365472,1876,"+",-1076,-799
"2198","PstI.TP570804","CmN.187",4,4364673,"CmN","PS_Y(2)","C106+4202(2)","CMLM+SUPER(1);MLM+SUPER(1)","","","","",0.3585,0.2823,NA,"",NA,NA,"","Sobic.004G053600.5","Chr04",4363605,4365607,2003,"+",-1068,-934
"2199","PstI.TP570804","CmN.187",4,4364673,"CmN","PS_Y(2)","C106+4202(2)","CMLM+SUPER(1);MLM+SUPER(1)","","","","",0.3585,0.2823,NA,"",NA,NA,"","Sobic.004G053600.2","Chr04",4363605,4366050,2446,"+",-1068,-1377
"2200","PstI.TP570804","CmN.187",4,4364673,"CmN","PS_Y(2)","C106+4202(2)","CMLM+SUPER(1);MLM+SUPER(1)","","","","",0.3585,0.2823,NA,"",NA,NA,"","Sobic.004G053600.1","Chr04",4363605,4365472,1868,"+",-1068,-799
"2201","PstI.TP570804","CmN.187",4,4364673,"CmN","PS_Y(2)","C106+4202(2)","CMLM+SUPER(1);MLM+SUPER(1)","","","","",0.3585,0.2823,NA,"",NA,NA,"","Sobic.004G053700.1","Chr04",4365616,4367727,2112,"-",943,-3054
"2202","PstI.TP570804","CmN.187",4,4364673,"CmN","PS_Y(2)","C106+4202(2)","CMLM+SUPER(1);MLM+SUPER(1)","","","","",0.3585,0.2823,NA,"",NA,NA,"","Sobic.004G053600.4","Chr04",4363605,4365607,2003,"+",-1068,-934
"2203","PstI.TP570804","CmN.187",4,4364673,"CmN","PS_Y(2)","C106+4202(2)","CMLM+SUPER(1);MLM+SUPER(1)","","","","",0.3585,0.2823,NA,"",NA,NA,"","Sobic.004G053600.6","Chr04",4363605,4365472,1868,"+",-1068,-799
"2204","PstI.TP570804","CmN.187",4,4364673,"CmN","PS_Y(2)","C106+4202(2)","CMLM+SUPER(1);MLM+SUPER(1)","","","","",0.3585,0.2823,NA,"",NA,NA,"","Sobic.004G053600.6","Chr04",4363605,4365472,1868,"+",-1068,-799
"2205","PstI.TP570804","CmN.187",4,4364673,"CmN","PS_Y(2)","C106+4202(2)","CMLM+SUPER(1);MLM+SUPER(1)","","","","",0.3585,0.2823,NA,"",NA,NA,"","Sobic.004G053700.1","Chr04",4365616,4367727,2112,"-",943,-3054
"2206","PstI.TP570804","CmN.187",4,4364673,"CmN","PS_Y(2)","C106+4202(2)","CMLM+SUPER(1);MLM+SUPER(1)","","","","",0.3585,0.2823,NA,"",NA,NA,"","Sobic.004G053600.5","Chr04",4363605,4365607,2003,"+",-1068,-934
"2207","PstI.TP570804","CmN.187",4,4364673,"CmN","PS_Y(2)","C106+4202(2)","CMLM+SUPER(1);MLM+SUPER(1)","","","","",0.3585,0.2823,NA,"",NA,NA,"","Sobic.004G053600.1","Chr04",4363605,4365472,1868,"+",-1068,-799
"2208","PstI.TP570804","CmN.187",4,4364673,"CmN","PS_Y(2)","C106+4202(2)","CMLM+SUPER(1);MLM+SUPER(1)","","","","",0.3585,0.2823,NA,"",NA,NA,"","Sobic.004G053600.3","Chr04",4363597,4365472,1876,"+",-1076,-799
"2209","PstI.TP570804","CmN.187",4,4364673,"CmN","PS_Y(2)","C106+4202(2)","CMLM+SUPER(1);MLM+SUPER(1)","","","","",0.3585,0.2823,NA,"",NA,NA,"","Sobic.004G053600.2","Chr04",4363605,4366050,2446,"+",-1068,-1377
"2210","PstI.TP570804","CmN.187",4,4364673,"CmN","PS_Y(2)","C106+4202(2)","CMLM+SUPER(1);MLM+SUPER(1)","","","","",0.3585,0.2823,NA,"",NA,NA,"","Sobic.004G053600.4","Chr04",4363605,4365607,2003,"+",-1068,-934
"2211","PstI.TP570804","CmN.187",4,4364673,"CmN","PS_Y(2)","C106+4202(2)","CMLM+SUPER(1);MLM+SUPER(1)","","","","",0.3585,0.2823,NA,"",NA,NA,"","Sobic.004G053600.3","Chr04",4363597,4365472,1876,"+",-1076,-799
"2212","PstI.TP570804","CmN.187",4,4364673,"CmN","PS_Y(2)","C106+4202(2)","CMLM+SUPER(1);MLM+SUPER(1)","","","","",0.3585,0.2823,NA,"",NA,NA,"","Sobic.004G053600.5","Chr04",4363605,4365607,2003,"+",-1068,-934
"2213","PstI.TP570804","CmN.187",4,4364673,"CmN","PS_Y(2)","C106+4202(2)","CMLM+SUPER(1);MLM+SUPER(1)","","","","",0.3585,0.2823,NA,"",NA,NA,"","Sobic.004G053600.2","Chr04",4363605,4366050,2446,"+",-1068,-1377
"2215","PstI.TP577552","Cml_cm.53",2,61335361,"Cml_cm","PS_Y(2)","C106+4202(2)","","","FASTmrEMMA(1);mrMLM(1)","","",0.0288,7.509,NA,"",NA,NA,"","Sobic.002G221400.1","Chr02",61333318,61337308,3991,"+",-2043,-1947
"2216","PstI.TP577552","Cml_cm.53",2,61335361,"Cml_cm","PS_Y(2)","C106+4202(2)","","","FASTmrEMMA(1);mrMLM(1)","","",0.0288,7.509,NA,"",NA,NA,"","Sobic.002G221400.1","Chr02",61333318,61337308,3991,"+",-2043,-1947
"2217","PstI.TP577552","Cml_cm.53",2,61335361,"Cml_cm","PS_Y(2)","C106+4202(2)","","","FASTmrEMMA(1);mrMLM(1)","","",0.0288,7.509,NA,"",NA,NA,"","Sobic.002G221400.1","Chr02",61333318,61337308,3991,"+",-2043,-1947
"2218","PstI.TP577552","Cml_cm.53",2,61335361,"Cml_cm","PS_Y(2)","C106+4202(2)","","","FASTmrEMMA(1);mrMLM(1)","","",0.0288,7.509,NA,"",NA,NA,"","Sobic.002G221400.1","Chr02",61333318,61337308,3991,"+",-2043,-1947
"2219","PstI.TP577552","Cml_cm.53",2,61335361,"Cml_cm","PS_Y(2)","C106+4202(2)","","","FASTmrEMMA(1);mrMLM(1)","","",0.0288,7.509,NA,"",NA,NA,"","Sobic.002G221400.2","Chr02",61333318,61336713,3396,"+",-2043,-1352
"2220","PstI.TP577552","Cml_cm.53",2,61335361,"Cml_cm","PS_Y(2)","C106+4202(2)","","","FASTmrEMMA(1);mrMLM(1)","","",0.0288,7.509,NA,"",NA,NA,"","Sobic.002G221400.2","Chr02",61333318,61336713,3396,"+",-2043,-1352
"2221","PstI.TP577552","Cml_cm.53",2,61335361,"Cml_cm","PS_Y(2)","C106+4202(2)","","","FASTmrEMMA(1);mrMLM(1)","","",0.0288,7.509,NA,"",NA,NA,"","Sobic.002G221400.2","Chr02",61333318,61336713,3396,"+",-2043,-1352
"2222","PstI.TP577552","Cml_cm.53",2,61335361,"Cml_cm","PS_Y(2)","C106+4202(2)","","","FASTmrEMMA(1);mrMLM(1)","","",0.0288,7.509,NA,"",NA,NA,"","Sobic.002G221400.2","Chr02",61333318,61336713,3396,"+",-2043,-1352
"2223","PstI.TP577552","Yld_kg.25",2,61335361,"Yld","PS_Y(2)","C106+4202(1)C116+3293(1)","","","FASTmrEMMA(2)","","",0.0259,14.15,NA,"PstI.TP55941",6,51146867,"PstI.TP55941\6\51146867","Sobic.002G221400.1","Chr02",61333318,61337308,3991,"+",-2043,-1947
"2224","PstI.TP577552","Yld_kg.25",2,61335361,"Yld","PS_Y(2)","C106+4202(1)C116+3293(1)","","","FASTmrEMMA(2)","","",0.0259,14.15,NA,"PstI.TP55941",6,51146867,"PstI.TP55941\6\51146867","Sobic.002G221400.1","Chr02",61333318,61337308,3991,"+",-2043,-1947
"2225","PstI.TP577552","Yld_kg.25",2,61335361,"Yld","PS_Y(2)","C106+4202(1)C116+3293(1)","","","FASTmrEMMA(2)","","",0.0259,14.15,NA,"PstI.TP55941",6,51146867,"PstI.TP55941\6\51146867","Sobic.002G221400.1","Chr02",61333318,61337308,3991,"+",-2043,-1947
"2226","PstI.TP577552","Yld_kg.25",2,61335361,"Yld","PS_Y(2)","C106+4202(1)C116+3293(1)","","","FASTmrEMMA(2)","","",0.0259,14.15,NA,"PstI.TP55941",6,51146867,"PstI.TP55941\6\51146867","Sobic.002G221400.1","Chr02",61333318,61337308,3991,"+",-2043,-1947
"2227","PstI.TP577552","Yld_kg.25",2,61335361,"Yld","PS_Y(2)","C106+4202(1)C116+3293(1)","","","FASTmrEMMA(2)","","",0.0259,14.15,NA,"PstI.TP55941",6,51146867,"PstI.TP55941\6\51146867","Sobic.002G221400.2","Chr02",61333318,61336713,3396,"+",-2043,-1352
"2228","PstI.TP577552","Yld_kg.25",2,61335361,"Yld","PS_Y(2)","C106+4202(1)C116+3293(1)","","","FASTmrEMMA(2)","","",0.0259,14.15,NA,"PstI.TP55941",6,51146867,"PstI.TP55941\6\51146867","Sobic.002G221400.2","Chr02",61333318,61336713,3396,"+",-2043,-1352
"2229","PstI.TP577552","Yld_kg.25",2,61335361,"Yld","PS_Y(2)","C106+4202(1)C116+3293(1)","","","FASTmrEMMA(2)","","",0.0259,14.15,NA,"PstI.TP55941",6,51146867,"PstI.TP55941\6\51146867","Sobic.002G221400.2","Chr02",61333318,61336713,3396,"+",-2043,-1352
"2230","PstI.TP577552","Yld_kg.25",2,61335361,"Yld","PS_Y(2)","C106+4202(1)C116+3293(1)","","","FASTmrEMMA(2)","","",0.0259,14.15,NA,"PstI.TP55941",6,51146867,"PstI.TP55941\6\51146867","Sobic.002G221400.2","Chr02",61333318,61336713,3396,"+",-2043,-1352
"2231","PstI.TP577552","CmDW_g.47",2,61335361,"CmDW_g","PS_Y(1)","C106+4202(1)","","","FASTmrEMMA(1)","","",0.0283,12.89,NA,"",NA,NA,"","Sobic.002G221400.1","Chr02",61333318,61337308,3991,"+",-2043,-1947
"2232","PstI.TP577552","CmDW_g.47",2,61335361,"CmDW_g","PS_Y(1)","C106+4202(1)","","","FASTmrEMMA(1)","","",0.0283,12.89,NA,"",NA,NA,"","Sobic.002G221400.1","Chr02",61333318,61337308,3991,"+",-2043,-1947
"2233","PstI.TP577552","CmDW_g.47",2,61335361,"CmDW_g","PS_Y(1)","C106+4202(1)","","","FASTmrEMMA(1)","","",0.0283,12.89,NA,"",NA,NA,"","Sobic.002G221400.1","Chr02",61333318,61337308,3991,"+",-2043,-1947
"2234","PstI.TP577552","CmDW_g.47",2,61335361,"CmDW_g","PS_Y(1)","C106+4202(1)","","","FASTmrEMMA(1)","","",0.0283,12.89,NA,"",NA,NA,"","Sobic.002G221400.1","Chr02",61333318,61337308,3991,"+",-2043,-1947
"2235","PstI.TP577552","CmDW_g.47",2,61335361,"CmDW_g","PS_Y(1)","C106+4202(1)","","","FASTmrEMMA(1)","","",0.0283,12.89,NA,"",NA,NA,"","Sobic.002G221400.2","Chr02",61333318,61336713,3396,"+",-2043,-1352
"2236","PstI.TP577552","CmDW_g.47",2,61335361,"CmDW_g","PS_Y(1)","C106+4202(1)","","","FASTmrEMMA(1)","","",0.0283,12.89,NA,"",NA,NA,"","Sobic.002G221400.2","Chr02",61333318,61336713,3396,"+",-2043,-1352
"2237","PstI.TP577552","CmDW_g.47",2,61335361,"CmDW_g","PS_Y(1)","C106+4202(1)","","","FASTmrEMMA(1)","","",0.0283,12.89,NA,"",NA,NA,"","Sobic.002G221400.2","Chr02",61333318,61336713,3396,"+",-2043,-1352
"2238","PstI.TP577552","CmDW_g.47",2,61335361,"CmDW_g","PS_Y(1)","C106+4202(1)","","","FASTmrEMMA(1)","","",0.0283,12.89,NA,"",NA,NA,"","Sobic.002G221400.2","Chr02",61333318,61336713,3396,"+",-2043,-1352
"2239","PstI.TP577552","CmN.189",2,61335361,"CmN","PS_N(1);PS_Y(2)","C106+4202(3)","","","FASTmrEMMA(2);mrMLM(1)","","",0.0288,9.993,NA,"",NA,NA,"","Sobic.002G221400.1","Chr02",61333318,61337308,3991,"+",-2043,-1947
"2240","PstI.TP577552","CmN.189",2,61335361,"CmN","PS_N(1);PS_Y(2)","C106+4202(3)","","","FASTmrEMMA(2);mrMLM(1)","","",0.0288,9.993,NA,"",NA,NA,"","Sobic.002G221400.1","Chr02",61333318,61337308,3991,"+",-2043,-1947
"2241","PstI.TP577552","CmN.189",2,61335361,"CmN","PS_N(1);PS_Y(2)","C106+4202(3)","","","FASTmrEMMA(2);mrMLM(1)","","",0.0288,9.993,NA,"",NA,NA,"","Sobic.002G221400.1","Chr02",61333318,61337308,3991,"+",-2043,-1947
"2242","PstI.TP577552","CmN.189",2,61335361,"CmN","PS_N(1);PS_Y(2)","C106+4202(3)","","","FASTmrEMMA(2);mrMLM(1)","","",0.0288,9.993,NA,"",NA,NA,"","Sobic.002G221400.1","Chr02",61333318,61337308,3991,"+",-2043,-1947
"2243","PstI.TP577552","CmN.189",2,61335361,"CmN","PS_N(1);PS_Y(2)","C106+4202(3)","","","FASTmrEMMA(2);mrMLM(1)","","",0.0288,9.993,NA,"",NA,NA,"","Sobic.002G221400.2","Chr02",61333318,61336713,3396,"+",-2043,-1352
"2244","PstI.TP577552","CmN.189",2,61335361,"CmN","PS_N(1);PS_Y(2)","C106+4202(3)","","","FASTmrEMMA(2);mrMLM(1)","","",0.0288,9.993,NA,"",NA,NA,"","Sobic.002G221400.2","Chr02",61333318,61336713,3396,"+",-2043,-1352
"2245","PstI.TP577552","CmN.189",2,61335361,"CmN","PS_N(1);PS_Y(2)","C106+4202(3)","","","FASTmrEMMA(2);mrMLM(1)","","",0.0288,9.993,NA,"",NA,NA,"","Sobic.002G221400.2","Chr02",61333318,61336713,3396,"+",-2043,-1352
"2246","PstI.TP577552","CmN.189",2,61335361,"CmN","PS_N(1);PS_Y(2)","C106+4202(3)","","","FASTmrEMMA(2);mrMLM(1)","","",0.0288,9.993,NA,"",NA,NA,"","Sobic.002G221400.2","Chr02",61333318,61336713,3396,"+",-2043,-1352
"2247","PstI.TP57846","CmDW_g.48",4,4201581,"CmDW_g","PS_N(7)","C106+4202(4);C116+3293(1);C124+2560(2)","","","FASTmrMLM(1);ISIS EM-BLASSO(3);mrMLM(1);pKWmEB(2)","","",0.2298,42.98,NA,"",NA,NA,"","Sobic.004G051900.1","Chr04",4197276,4203457,6182,"+",-4305,-1876
"2248","PstI.TP57846","CmDW_g.48",4,4201581,"CmDW_g","PS_N(7)","C106+4202(4);C116+3293(1);C124+2560(2)","","","FASTmrMLM(1);ISIS EM-BLASSO(3);mrMLM(1);pKWmEB(2)","","",0.2298,42.98,NA,"",NA,NA,"","Sobic.004G051900.1","Chr04",4197276,4203457,6182,"+",-4305,-1876
"2249","PstI.TP57846","CmDW_g.48",4,4201581,"CmDW_g","PS_N(7)","C106+4202(4);C116+3293(1);C124+2560(2)","","","FASTmrMLM(1);ISIS EM-BLASSO(3);mrMLM(1);pKWmEB(2)","","",0.2298,42.98,NA,"",NA,NA,"","Sobic.004G051900.1","Chr04",4197276,4203457,6182,"+",-4305,-1876
"2250","PstI.TP57846","CmDW_g.48",4,4201581,"CmDW_g","PS_N(7)","C106+4202(4);C116+3293(1);C124+2560(2)","","","FASTmrMLM(1);ISIS EM-BLASSO(3);mrMLM(1);pKWmEB(2)","","",0.2298,42.98,NA,"",NA,NA,"","Sobic.004G051900.3","Chr04",4197618,4203457,5840,"+",-3963,-1876
"2251","PstI.TP57846","CmDW_g.48",4,4201581,"CmDW_g","PS_N(7)","C106+4202(4);C116+3293(1);C124+2560(2)","","","FASTmrMLM(1);ISIS EM-BLASSO(3);mrMLM(1);pKWmEB(2)","","",0.2298,42.98,NA,"",NA,NA,"","Sobic.004G051900.3","Chr04",4197618,4203457,5840,"+",-3963,-1876
"2252","PstI.TP57846","CmDW_g.48",4,4201581,"CmDW_g","PS_N(7)","C106+4202(4);C116+3293(1);C124+2560(2)","","","FASTmrMLM(1);ISIS EM-BLASSO(3);mrMLM(1);pKWmEB(2)","","",0.2298,42.98,NA,"",NA,NA,"","Sobic.004G051900.3","Chr04",4197618,4203457,5840,"+",-3963,-1876
"2253","PstI.TP57846","Cml_cm.54",4,4201581,"Cml_cm","PS_N(6)","C106+4202(1);C116+3293(2);C124+2560(3)","","","ISIS EM-BLASSO(3);pKWmEB(2);pLARmEB(1)","","",0.2298,38.35,NA,"",NA,NA,"","Sobic.004G051900.1","Chr04",4197276,4203457,6182,"+",-4305,-1876
"2254","PstI.TP57846","Cml_cm.54",4,4201581,"Cml_cm","PS_N(6)","C106+4202(1);C116+3293(2);C124+2560(3)","","","ISIS EM-BLASSO(3);pKWmEB(2);pLARmEB(1)","","",0.2298,38.35,NA,"",NA,NA,"","Sobic.004G051900.1","Chr04",4197276,4203457,6182,"+",-4305,-1876
"2255","PstI.TP57846","Cml_cm.54",4,4201581,"Cml_cm","PS_N(6)","C106+4202(1);C116+3293(2);C124+2560(3)","","","ISIS EM-BLASSO(3);pKWmEB(2);pLARmEB(1)","","",0.2298,38.35,NA,"",NA,NA,"","Sobic.004G051900.1","Chr04",4197276,4203457,6182,"+",-4305,-1876
"2256","PstI.TP57846","Cml_cm.54",4,4201581,"Cml_cm","PS_N(6)","C106+4202(1);C116+3293(2);C124+2560(3)","","","ISIS EM-BLASSO(3);pKWmEB(2);pLARmEB(1)","","",0.2298,38.35,NA,"",NA,NA,"","Sobic.004G051900.3","Chr04",4197618,4203457,5840,"+",-3963,-1876
"2257","PstI.TP57846","Cml_cm.54",4,4201581,"Cml_cm","PS_N(6)","C106+4202(1);C116+3293(2);C124+2560(3)","","","ISIS EM-BLASSO(3);pKWmEB(2);pLARmEB(1)","","",0.2298,38.35,NA,"",NA,NA,"","Sobic.004G051900.3","Chr04",4197618,4203457,5840,"+",-3963,-1876
"2258","PstI.TP57846","Cml_cm.54",4,4201581,"Cml_cm","PS_N(6)","C106+4202(1);C116+3293(2);C124+2560(3)","","","ISIS EM-BLASSO(3);pKWmEB(2);pLARmEB(1)","","",0.2298,38.35,NA,"",NA,NA,"","Sobic.004G051900.3","Chr04",4197618,4203457,5840,"+",-3963,-1876
"2259","PstI.TP57846","CmD_BI_mm.55",4,4201581,"CmD_BI_mm","PS_N(4)","C106+4202(4)","","","FASTmrEMMA(1);FASTmrMLM(1);ISIS EM-BLASSO(1);pKWmEB(1)","","",0.2217,44.05,NA,"",NA,NA,"","Sobic.004G051900.1","Chr04",4197276,4203457,6182,"+",-4305,-1876
"2260","PstI.TP57846","CmD_BI_mm.55",4,4201581,"CmD_BI_mm","PS_N(4)","C106+4202(4)","","","FASTmrEMMA(1);FASTmrMLM(1);ISIS EM-BLASSO(1);pKWmEB(1)","","",0.2217,44.05,NA,"",NA,NA,"","Sobic.004G051900.1","Chr04",4197276,4203457,6182,"+",-4305,-1876
"2261","PstI.TP57846","CmD_BI_mm.55",4,4201581,"CmD_BI_mm","PS_N(4)","C106+4202(4)","","","FASTmrEMMA(1);FASTmrMLM(1);ISIS EM-BLASSO(1);pKWmEB(1)","","",0.2217,44.05,NA,"",NA,NA,"","Sobic.004G051900.1","Chr04",4197276,4203457,6182,"+",-4305,-1876
"2262","PstI.TP57846","CmD_BI_mm.55",4,4201581,"CmD_BI_mm","PS_N(4)","C106+4202(4)","","","FASTmrEMMA(1);FASTmrMLM(1);ISIS EM-BLASSO(1);pKWmEB(1)","","",0.2217,44.05,NA,"",NA,NA,"","Sobic.004G051900.3","Chr04",4197618,4203457,5840,"+",-3963,-1876
"2263","PstI.TP57846","CmD_BI_mm.55",4,4201581,"CmD_BI_mm","PS_N(4)","C106+4202(4)","","","FASTmrEMMA(1);FASTmrMLM(1);ISIS EM-BLASSO(1);pKWmEB(1)","","",0.2217,44.05,NA,"",NA,NA,"","Sobic.004G051900.3","Chr04",4197618,4203457,5840,"+",-3963,-1876
"2264","PstI.TP57846","CmD_BI_mm.55",4,4201581,"CmD_BI_mm","PS_N(4)","C106+4202(4)","","","FASTmrEMMA(1);FASTmrMLM(1);ISIS EM-BLASSO(1);pKWmEB(1)","","",0.2217,44.05,NA,"",NA,NA,"","Sobic.004G051900.3","Chr04",4197618,4203457,5840,"+",-3963,-1876
"2265","PstI.TP58391","CmN.190",7,64850518,"CmN","PS_Y(1)","C106+4202(1)","MLM+SUPER(1)","","","","",0.1085,0.5988,NA,"",NA,NA,"","Sobic.007G220200.3","Chr07",64850475,64852082,1608,"+",-43,-1564
"2266","PstI.TP58391","CmN.190",7,64850518,"CmN","PS_Y(1)","C106+4202(1)","MLM+SUPER(1)","","","","",0.1085,0.5988,NA,"",NA,NA,"","Sobic.007G220200.3","Chr07",64850475,64852082,1608,"+",-43,-1564
"2267","PstI.TP58391","CmN.190",7,64850518,"CmN","PS_Y(1)","C106+4202(1)","MLM+SUPER(1)","","","","",0.1085,0.5988,NA,"",NA,NA,"","Sobic.007G220150.1","Chr07",64847295,64850360,3066,"+",-3223,158
"2268","PstI.TP58391","CmN.190",7,64850518,"CmN","PS_Y(1)","C106+4202(1)","MLM+SUPER(1)","","","","",0.1085,0.5988,NA,"",NA,NA,"","Sobic.007G220150.1","Chr07",64847295,64850360,3066,"+",-3223,158
"2269","PstI.TP58391","CmN.190",7,64850518,"CmN","PS_Y(1)","C106+4202(1)","MLM+SUPER(1)","","","","",0.1085,0.5988,NA,"",NA,NA,"","Sobic.007G220200.3","Chr07",64850475,64852082,1608,"+",-43,-1564
"2270","PstI.TP58391","CmN.190",7,64850518,"CmN","PS_Y(1)","C106+4202(1)","MLM+SUPER(1)","","","","",0.1085,0.5988,NA,"",NA,NA,"","Sobic.007G220200.3","Chr07",64850475,64852082,1608,"+",-43,-1564
"2271","PstI.TP58391","CmN.190",7,64850518,"CmN","PS_Y(1)","C106+4202(1)","MLM+SUPER(1)","","","","",0.1085,0.5988,NA,"",NA,NA,"","Sobic.007G220150.1","Chr07",64847295,64850360,3066,"+",-3223,158
"2272","PstI.TP58391","CmN.190",7,64850518,"CmN","PS_Y(1)","C106+4202(1)","MLM+SUPER(1)","","","","",0.1085,0.5988,NA,"",NA,NA,"","Sobic.007G220150.1","Chr07",64847295,64850360,3066,"+",-3223,158
"2273","PstI.TP584552","CCirc_cm.38",2,59081475,"CCirc_cm","PS_N(1)","124+36088im(1)","","","mrMLM(1)","","",0.0641,16.25,NA,"",NA,NA,"","Sobic.002G200900.2","Chr02",59072224,59081085,8862,"+",-9251,390
"2274","PstI.TP584552","CCirc_cm.38",2,59081475,"CCirc_cm","PS_N(1)","124+36088im(1)","","","mrMLM(1)","","",0.0641,16.25,NA,"",NA,NA,"","Sobic.002G200900.1","Chr02",59072224,59080793,8570,"+",-9251,682
"2281","PstI.TP604956","CmN.194",10,5628757,"CmN","PS_N(2)","C116+3293(2)","","","ISIS EM-BLASSO(1);pKWmEB(1)","","",0.1897,0,NA,"",NA,NA,"","Sobic.010G070100.1","Chr10",5627081,5630306,3226,"-",-1676,-1549
"2282","PstI.TP604956","CmN.194",10,5628757,"CmN","PS_N(2)","C116+3293(2)","","","ISIS EM-BLASSO(1);pKWmEB(1)","","",0.1897,0,NA,"",NA,NA,"","Sobic.010G070100.2","Chr10",5627081,5630306,3226,"-",-1676,-1549
"2284","PstI.TP607682","CmN.195",6,57995101,"CmN","PS_Y(1)","124+36088im(1)","","","","","GLM(1)",0.184,8.114,NA,"",NA,NA,"","Sobic.006G239300.1","Chr06",57990555,57994242,3688,"-",-4546,859
"2285","PstI.TP609962","CmN.196",5,53907385,"CmN","PS_Y(1)","124+36088im(1)","","","","","GLM(1)",0.156,8.892,NA,"",NA,NA,"","Sobic.005G123500.1","Chr05",53906531,53909045,2515,"-",-854,-1660
"2286","PstI.TP617554","CmN.197",7,3245920,"CmN","PS_N(1)","C124+2560(1)","","FarmCPU(1)","","","",0.1048,13.51,NA,"",NA,NA,"","Sobic.007G035900.1","Chr07",3245212,3246147,936,"-",-708,-227
"2287","PstI.TP629514","CmN.198",6,40243524,"CmN","PS_Y(2)","C106+4202(1);C116+3293(1)","CMLM+SUPER(1)","","","","GLM(1)",0.09052,12.89,NA,"",NA,NA,"","Sobic.006G057300.1","Chr06",40242354,40244140,1787,"-",-1170,-616
"2288","PstI.TP631692","CmD_BI_mm.57",2,62659796,"CmD_BI_mm","PS_Y(1)","124+36088im(1)","","","mrMLM(1)","","",0.3443,3.22,NA,"",NA,NA,"","Sobic.002G235700.1","Chr02",62657766,62663108,5343,"+",-2030,-3312
"2294","PstI.TP648736","Bcirc_cm.57",4,60109935,"Bcirc_cm","PS_Y(1)","124+36088im(1)","MLM+SUPER(1)","","","","",0.166,17.11,NA,"",NA,NA,"","Sobic.004G254800.3","Chr04",60108846,60115112,6267,"-",-1089,-5177
"2295","PstI.TP648736","Bcirc_cm.57",4,60109935,"Bcirc_cm","PS_Y(1)","124+36088im(1)","MLM+SUPER(1)","","","","",0.166,17.11,NA,"",NA,NA,"","Sobic.004G254800.4","Chr04",60108846,60115112,6267,"-",-1089,-5177
"2296","PstI.TP651320","CCirc_cm.40",5,35481232,"CCirc_cm","PS_N(1)","C106+4202(1)","","FarmCPU(1)","","","",0.2547,7.719,NA,"",NA,NA,"","Sobic.005G111000.2","Chr05",35464510,35482244,17735,"-",-16722,-1012
"2297","PstI.TP651320","CCirc_cm.40",5,35481232,"CCirc_cm","PS_N(1)","C106+4202(1)","","FarmCPU(1)","","","",0.2547,7.719,NA,"",NA,NA,"","Sobic.005G111000.1","Chr05",35459895,35482244,22350,"-",-21337,-1012
"2298","PstI.TP651715","CmD_LI_mm.49",10,58956886,"CmD_LI_mm","PS_Y(1)","C106+4202(1)","","","pKWmEB(1)","","",0.2547,6.281,NA,"",NA,NA,"","Sobic.010G250400.1","Chr10",58950659,58957087,6429,"+",-6227,-201
"2299","PstI.TP6534","Yld_kg.26",4,64452246,"Yld","PS_N(1)","124+36088im(1)","","","pLARmEB(1)","","",0.1815,2.311,NA,"PstI.TP577552",2,61335361,"PstI.TP577552\2\61335361","Sobic.004G306100.2","Chr04",64440836,64451263,10428,"+",-11410,983
"2300","PstI.TP6534","Yld_kg.26",4,64452246,"Yld","PS_N(1)","124+36088im(1)","","","pLARmEB(1)","","",0.1815,2.311,NA,"PstI.TP577552",2,61335361,"PstI.TP577552\2\61335361","Sobic.004G306200.1","Chr04",64451754,64453755,2002,"-",-492,-1509
"2301","PstI.TP6534","Yld_kg.26",4,64452246,"Yld","PS_N(1)","124+36088im(1)","","","pLARmEB(1)","","",0.1815,2.311,NA,"PstI.TP577552",2,61335361,"PstI.TP577552\2\61335361","Sobic.004G306100.2","Chr04",64440836,64451263,10428,"+",-11410,983
"2302","PstI.TP6534","Yld_kg.26",4,64452246,"Yld","PS_N(1)","124+36088im(1)","","","pLARmEB(1)","","",0.1815,2.311,NA,"PstI.TP577552",2,61335361,"PstI.TP577552\2\61335361","Sobic.004G306200.1","Chr04",64451754,64453755,2002,"-",-492,-1509
"2303","PstI.TP6534","Yld_kg.26",4,64452246,"Yld","PS_N(1)","124+36088im(1)","","","pLARmEB(1)","","",0.1815,2.311,NA,"PstI.TP577552",2,61335361,"PstI.TP577552\2\61335361","Sobic.004G306100.2","Chr04",64440836,64451263,10428,"+",-11410,983
"2304","PstI.TP6534","Yld_kg.26",4,64452246,"Yld","PS_N(1)","124+36088im(1)","","","pLARmEB(1)","","",0.1815,2.311,NA,"PstI.TP577552",2,61335361,"PstI.TP577552\2\61335361","Sobic.004G306200.1","Chr04",64451754,64453755,2002,"-",-492,-1509
"2305","PstI.TP6534","Yld_kg.26",4,64452246,"Yld","PS_N(1)","124+36088im(1)","","","pLARmEB(1)","","",0.1815,2.311,NA,"PstI.TP577552",2,61335361,"PstI.TP577552\2\61335361","Sobic.004G306100.2","Chr04",64440836,64451263,10428,"+",-11410,983
"2306","PstI.TP6534","Yld_kg.26",4,64452246,"Yld","PS_N(1)","124+36088im(1)","","","pLARmEB(1)","","",0.1815,2.311,NA,"PstI.TP577552",2,61335361,"PstI.TP577552\2\61335361","Sobic.004G306200.1","Chr04",64451754,64453755,2002,"-",-492,-1509
"2307","PstI.TP65527","Bcirc_cm.58",10,60139620,"Bcirc_cm","PS_N(1)","C106+4202(1)","","FarmCPU(1)","","","",0.2358,20.78,NA,"",NA,NA,"","Sobic.010G265900.1","Chr10",60136399,60140204,3806,"-",-3221,-584
"2308","PstI.TP663163","CmN.200",2,69910554,"CmN","PS_Y(1)","124+36088im(1)","","","","","GLM(1)",0.05013,7.56,NA,"",NA,NA,"","Sobic.002G330400.1","Chr02",69906408,69909933,3526,"+",-4146,621
"2309","PstI.TP663427","Bcirc_cm.59",1,70529598,"Bcirc_cm","PS_N(1);PS_Y(2)","C116+3293(1);C124+2560(2)","CMLM+SUPER(1);MLM+SUPER(1)","FarmCPU(1)","","","",0.07759,0.5925,NA,"",NA,NA,"","Sobic.001G425300.1","Chr01",70526724,70529971,3248,"-",-2874,-373
"2311","PstI.TP697156","Bcirc_cm.61",4,9915378,"Bcirc_cm","PS_N(1)","124+36088im(1)","","FarmCPU(1)","","","",0.06588,1.373,NA,"",NA,NA,"","Sobic.004G105100.1","Chr04",9913834,9917972,4139,"+",-1544,-2594
"2312","PstI.TP69823","CmN.201",1,70805200,"CmN","PS_N(1);PS_Y(1)","C106+4202(1);C124+2560(1)","CMLM+SUPER(1)","FarmCPU(1)","","","",0.2547,3.059,NA,"",NA,NA,"","Sobic.001G429100.1","Chr01",70804848,70808500,3653,"+",-352,-3300
"2314","PstI.TP69959","CmN.203",9,57639787,"CmN","PS_Y(1)","124+36088im(1)","MLM+SUPER(1)","","","","",0.06947,0.3264,NA,"",NA,NA,"","Sobic.009G238500.1","Chr09",57639492,57641346,1855,"-",-295,-1559
"2315","PstI.TP701332","CmDW_g.50",3,60121147,"CmDW_g","PS_N(1)","124+36088im(1)","","FarmCPU(1)","","","",0.06618,1.84,NA,"",NA,NA,"","Sobic.003G264100.1","Chr03",60121128,60128012,6885,"+",-19,-6865
"2316","PstI.TP703969","Cml_cm.55",1,80877289,"Cml_cm","PS_N(1)","C116+3293(1)","","FarmCPU(1)","","","",0.1164,1.468,NA,"",NA,NA,"","Sobic.001G544600.2","Chr01",80876468,80878678,2211,"-",-821,-1389
"2317","PstI.TP704102","CmN.204",3,72097083,"CmN","PS_Y(3)","124+36088im(3)","CMLM+SUPER(1);MLM+SUPER(1)","","","","GLM(1)",0.06264,9.479,NA,"",NA,NA,"","Sobic.003G413800.1","Chr03",72095299,72096870,1572,"+",-1784,213
"2318","PstI.TP704244","CmDW_g.51",3,50687892,"CmDW_g","PS_N(1)","C106+4202(1)","","FarmCPU(1)","","","",0.05189,10.3,NA,"",NA,NA,"","Sobic.003G188100.3","Chr03",50686717,50690141,3425,"+",-1175,-2249
"2319","PstI.TP704244","CmDW_g.51",3,50687892,"CmDW_g","PS_N(1)","C106+4202(1)","","FarmCPU(1)","","","",0.05189,10.3,NA,"",NA,NA,"","Sobic.003G188100.2","Chr03",50686166,50690141,3976,"+",-1726,-2249
"2320","PstI.TP704244","CmDW_g.51",3,50687892,"CmDW_g","PS_N(1)","C106+4202(1)","","FarmCPU(1)","","","",0.05189,10.3,NA,"",NA,NA,"","Sobic.003G188100.3","Chr03",50686717,50690141,3425,"+",-1175,-2249
"2321","PstI.TP704244","CmDW_g.51",3,50687892,"CmDW_g","PS_N(1)","C106+4202(1)","","FarmCPU(1)","","","",0.05189,10.3,NA,"",NA,NA,"","Sobic.003G188100.2","Chr03",50686166,50690141,3976,"+",-1726,-2249
"2322","PstI.TP704244","CmDW_g.51",3,50687892,"CmDW_g","PS_N(1)","C106+4202(1)","","FarmCPU(1)","","","",0.05189,10.3,NA,"",NA,NA,"","Sobic.003G188100.2","Chr03",50686166,50690141,3976,"+",-1726,-2249
"2323","PstI.TP704244","CmDW_g.51",3,50687892,"CmDW_g","PS_N(1)","C106+4202(1)","","FarmCPU(1)","","","",0.05189,10.3,NA,"",NA,NA,"","Sobic.003G188100.3","Chr03",50686717,50690141,3425,"+",-1175,-2249
"2324","PstI.TP704244","CmDW_g.51",3,50687892,"CmDW_g","PS_N(1)","C106+4202(1)","","FarmCPU(1)","","","",0.05189,10.3,NA,"",NA,NA,"","Sobic.003G188100.3","Chr03",50686717,50690141,3425,"+",-1175,-2249
"2325","PstI.TP704244","CmDW_g.51",3,50687892,"CmDW_g","PS_N(1)","C106+4202(1)","","FarmCPU(1)","","","",0.05189,10.3,NA,"",NA,NA,"","Sobic.003G188100.2","Chr03",50686166,50690141,3976,"+",-1726,-2249
"2326","PstI.TP704244","CmD_BI_mm.58",3,50687892,"CmD_BI_mm","PS_N(4)","124+36088im(1);C106+4202(3)","","FarmCPU(1)","FASTmrMLM(1);mrMLM(1);pKWmEB(1)","","",0.0685,14.5,NA,"",NA,NA,"","Sobic.003G188100.3","Chr03",50686717,50690141,3425,"+",-1175,-2249
"2327","PstI.TP704244","CmD_BI_mm.58",3,50687892,"CmD_BI_mm","PS_N(4)","124+36088im(1);C106+4202(3)","","FarmCPU(1)","FASTmrMLM(1);mrMLM(1);pKWmEB(1)","","",0.0685,14.5,NA,"",NA,NA,"","Sobic.003G188100.2","Chr03",50686166,50690141,3976,"+",-1726,-2249
"2328","PstI.TP704244","CmD_BI_mm.58",3,50687892,"CmD_BI_mm","PS_N(4)","124+36088im(1);C106+4202(3)","","FarmCPU(1)","FASTmrMLM(1);mrMLM(1);pKWmEB(1)","","",0.0685,14.5,NA,"",NA,NA,"","Sobic.003G188100.3","Chr03",50686717,50690141,3425,"+",-1175,-2249
"2329","PstI.TP704244","CmD_BI_mm.58",3,50687892,"CmD_BI_mm","PS_N(4)","124+36088im(1);C106+4202(3)","","FarmCPU(1)","FASTmrMLM(1);mrMLM(1);pKWmEB(1)","","",0.0685,14.5,NA,"",NA,NA,"","Sobic.003G188100.2","Chr03",50686166,50690141,3976,"+",-1726,-2249
"2330","PstI.TP704244","CmD_BI_mm.58",3,50687892,"CmD_BI_mm","PS_N(4)","124+36088im(1);C106+4202(3)","","FarmCPU(1)","FASTmrMLM(1);mrMLM(1);pKWmEB(1)","","",0.0685,14.5,NA,"",NA,NA,"","Sobic.003G188100.2","Chr03",50686166,50690141,3976,"+",-1726,-2249
"2331","PstI.TP704244","CmD_BI_mm.58",3,50687892,"CmD_BI_mm","PS_N(4)","124+36088im(1);C106+4202(3)","","FarmCPU(1)","FASTmrMLM(1);mrMLM(1);pKWmEB(1)","","",0.0685,14.5,NA,"",NA,NA,"","Sobic.003G188100.3","Chr03",50686717,50690141,3425,"+",-1175,-2249
"2332","PstI.TP704244","CmD_BI_mm.58",3,50687892,"CmD_BI_mm","PS_N(4)","124+36088im(1);C106+4202(3)","","FarmCPU(1)","FASTmrMLM(1);mrMLM(1);pKWmEB(1)","","",0.0685,14.5,NA,"",NA,NA,"","Sobic.003G188100.3","Chr03",50686717,50690141,3425,"+",-1175,-2249
"2333","PstI.TP704244","CmD_BI_mm.58",3,50687892,"CmD_BI_mm","PS_N(4)","124+36088im(1);C106+4202(3)","","FarmCPU(1)","FASTmrMLM(1);mrMLM(1);pKWmEB(1)","","",0.0685,14.5,NA,"",NA,NA,"","Sobic.003G188100.2","Chr03",50686166,50690141,3976,"+",-1726,-2249
"2334","PstI.TP704244","CmD_LI_mm.50",3,50687892,"CmD_LI_mm","PS_N(1)","C106+4202(1)","","FarmCPU(1)","","","",0.05189,12.16,NA,"",NA,NA,"","Sobic.003G188100.3","Chr03",50686717,50690141,3425,"+",-1175,-2249
"2335","PstI.TP704244","CmD_LI_mm.50",3,50687892,"CmD_LI_mm","PS_N(1)","C106+4202(1)","","FarmCPU(1)","","","",0.05189,12.16,NA,"",NA,NA,"","Sobic.003G188100.2","Chr03",50686166,50690141,3976,"+",-1726,-2249
"2336","PstI.TP704244","CmD_LI_mm.50",3,50687892,"CmD_LI_mm","PS_N(1)","C106+4202(1)","","FarmCPU(1)","","","",0.05189,12.16,NA,"",NA,NA,"","Sobic.003G188100.3","Chr03",50686717,50690141,3425,"+",-1175,-2249
"2337","PstI.TP704244","CmD_LI_mm.50",3,50687892,"CmD_LI_mm","PS_N(1)","C106+4202(1)","","FarmCPU(1)","","","",0.05189,12.16,NA,"",NA,NA,"","Sobic.003G188100.2","Chr03",50686166,50690141,3976,"+",-1726,-2249
"2338","PstI.TP704244","CmD_LI_mm.50",3,50687892,"CmD_LI_mm","PS_N(1)","C106+4202(1)","","FarmCPU(1)","","","",0.05189,12.16,NA,"",NA,NA,"","Sobic.003G188100.2","Chr03",50686166,50690141,3976,"+",-1726,-2249
"2339","PstI.TP704244","CmD_LI_mm.50",3,50687892,"CmD_LI_mm","PS_N(1)","C106+4202(1)","","FarmCPU(1)","","","",0.05189,12.16,NA,"",NA,NA,"","Sobic.003G188100.3","Chr03",50686717,50690141,3425,"+",-1175,-2249
"2340","PstI.TP704244","CmD_LI_mm.50",3,50687892,"CmD_LI_mm","PS_N(1)","C106+4202(1)","","FarmCPU(1)","","","",0.05189,12.16,NA,"",NA,NA,"","Sobic.003G188100.3","Chr03",50686717,50690141,3425,"+",-1175,-2249
"2341","PstI.TP704244","CmD_LI_mm.50",3,50687892,"CmD_LI_mm","PS_N(1)","C106+4202(1)","","FarmCPU(1)","","","",0.05189,12.16,NA,"",NA,NA,"","Sobic.003G188100.2","Chr03",50686166,50690141,3976,"+",-1726,-2249
"2342","PstI.TP704244","CCirc_cm.41",3,50687892,"CCirc_cm","PS_N(1)","C106+4202(1)","","FarmCPU(1)","","","",0.05189,10.11,NA,"",NA,NA,"","Sobic.003G188100.3","Chr03",50686717,50690141,3425,"+",-1175,-2249
"2343","PstI.TP704244","CCirc_cm.41",3,50687892,"CCirc_cm","PS_N(1)","C106+4202(1)","","FarmCPU(1)","","","",0.05189,10.11,NA,"",NA,NA,"","Sobic.003G188100.2","Chr03",50686166,50690141,3976,"+",-1726,-2249
"2344","PstI.TP704244","CCirc_cm.41",3,50687892,"CCirc_cm","PS_N(1)","C106+4202(1)","","FarmCPU(1)","","","",0.05189,10.11,NA,"",NA,NA,"","Sobic.003G188100.3","Chr03",50686717,50690141,3425,"+",-1175,-2249
"2345","PstI.TP704244","CCirc_cm.41",3,50687892,"CCirc_cm","PS_N(1)","C106+4202(1)","","FarmCPU(1)","","","",0.05189,10.11,NA,"",NA,NA,"","Sobic.003G188100.2","Chr03",50686166,50690141,3976,"+",-1726,-2249
"2346","PstI.TP704244","CCirc_cm.41",3,50687892,"CCirc_cm","PS_N(1)","C106+4202(1)","","FarmCPU(1)","","","",0.05189,10.11,NA,"",NA,NA,"","Sobic.003G188100.2","Chr03",50686166,50690141,3976,"+",-1726,-2249
"2347","PstI.TP704244","CCirc_cm.41",3,50687892,"CCirc_cm","PS_N(1)","C106+4202(1)","","FarmCPU(1)","","","",0.05189,10.11,NA,"",NA,NA,"","Sobic.003G188100.3","Chr03",50686717,50690141,3425,"+",-1175,-2249
"2348","PstI.TP704244","CCirc_cm.41",3,50687892,"CCirc_cm","PS_N(1)","C106+4202(1)","","FarmCPU(1)","","","",0.05189,10.11,NA,"",NA,NA,"","Sobic.003G188100.3","Chr03",50686717,50690141,3425,"+",-1175,-2249
"2349","PstI.TP704244","CCirc_cm.41",3,50687892,"CCirc_cm","PS_N(1)","C106+4202(1)","","FarmCPU(1)","","","",0.05189,10.11,NA,"",NA,NA,"","Sobic.003G188100.2","Chr03",50686166,50690141,3976,"+",-1726,-2249
"2350","PstI.TP704666","CmD_BI_mm.59",4,61217735,"CmD_BI_mm","PS_N(1)","C124+2560(1)","","","FASTmrEMMA(1)","","",0.0403,9.675,NA,"",NA,NA,"","Sobic.004G268200.1","Chr04",61216768,61221364,4597,"+",-967,-3629
"2351","PstI.TP704666","CmD_BI_mm.59",4,61217735,"CmD_BI_mm","PS_N(1)","C124+2560(1)","","","FASTmrEMMA(1)","","",0.0403,9.675,NA,"",NA,NA,"","Sobic.004G268200.2","Chr04",61216506,61221364,4859,"+",-1229,-3629
"2353","PstI.TP710636","CmD_LI_mm.51",6,45894338,"CmD_LI_mm","PS_N(4)","C116+3293(1);C124+2560(3)","","FarmCPU(1)","ISIS EM-BLASSO(1);pKWmEB(1);pLARmEB(1)","","",0.194,49.65,NA,"",NA,NA,"","Sobic.006G089266.1","Chr06",45890642,45893572,2931,"+",-3696,766
"2354","PstI.TP710636","CmD_LI_mm.51",6,45894338,"CmD_LI_mm","PS_N(4)","C116+3293(1);C124+2560(3)","","FarmCPU(1)","ISIS EM-BLASSO(1);pKWmEB(1);pLARmEB(1)","","",0.194,49.65,NA,"",NA,NA,"","Sobic.006G089300.2","Chr06",45893609,45897184,3576,"-",-729,-2846
"2355","PstI.TP710636","CmD_LI_mm.51",6,45894338,"CmD_LI_mm","PS_N(4)","C116+3293(1);C124+2560(3)","","FarmCPU(1)","ISIS EM-BLASSO(1);pKWmEB(1);pLARmEB(1)","","",0.194,49.65,NA,"",NA,NA,"","Sobic.006G089266.1","Chr06",45890642,45893572,2931,"+",-3696,766
"2356","PstI.TP710636","CmD_LI_mm.51",6,45894338,"CmD_LI_mm","PS_N(4)","C116+3293(1);C124+2560(3)","","FarmCPU(1)","ISIS EM-BLASSO(1);pKWmEB(1);pLARmEB(1)","","",0.194,49.65,NA,"",NA,NA,"","Sobic.006G089300.2","Chr06",45893609,45897184,3576,"-",-729,-2846
"2357","PstI.TP710636","CmD_LI_mm.51",6,45894338,"CmD_LI_mm","PS_N(4)","C116+3293(1);C124+2560(3)","","FarmCPU(1)","ISIS EM-BLASSO(1);pKWmEB(1);pLARmEB(1)","","",0.194,49.65,NA,"",NA,NA,"","Sobic.006G089266.1","Chr06",45890642,45893572,2931,"+",-3696,766
"2358","PstI.TP710636","CmD_LI_mm.51",6,45894338,"CmD_LI_mm","PS_N(4)","C116+3293(1);C124+2560(3)","","FarmCPU(1)","ISIS EM-BLASSO(1);pKWmEB(1);pLARmEB(1)","","",0.194,49.65,NA,"",NA,NA,"","Sobic.006G089300.3","Chr06",45893609,45897801,4193,"-",-729,-3463
"2359","PstI.TP710636","CmD_LI_mm.51",6,45894338,"CmD_LI_mm","PS_N(4)","C116+3293(1);C124+2560(3)","","FarmCPU(1)","ISIS EM-BLASSO(1);pKWmEB(1);pLARmEB(1)","","",0.194,49.65,NA,"",NA,NA,"","Sobic.006G089300.3","Chr06",45893609,45897801,4193,"-",-729,-3463
"2360","PstI.TP710636","CmD_LI_mm.51",6,45894338,"CmD_LI_mm","PS_N(4)","C116+3293(1);C124+2560(3)","","FarmCPU(1)","ISIS EM-BLASSO(1);pKWmEB(1);pLARmEB(1)","","",0.194,49.65,NA,"",NA,NA,"","Sobic.006G089300.1","Chr06",45893609,45897801,4193,"-",-729,-3463
"2361","PstI.TP710636","CmD_LI_mm.51",6,45894338,"CmD_LI_mm","PS_N(4)","C116+3293(1);C124+2560(3)","","FarmCPU(1)","ISIS EM-BLASSO(1);pKWmEB(1);pLARmEB(1)","","",0.194,49.65,NA,"",NA,NA,"","Sobic.006G089266.1","Chr06",45890642,45893572,2931,"+",-3696,766
"2362","PstI.TP710636","CmD_LI_mm.51",6,45894338,"CmD_LI_mm","PS_N(4)","C116+3293(1);C124+2560(3)","","FarmCPU(1)","ISIS EM-BLASSO(1);pKWmEB(1);pLARmEB(1)","","",0.194,49.65,NA,"",NA,NA,"","Sobic.006G089300.3","Chr06",45893609,45897801,4193,"-",-729,-3463
"2363","PstI.TP710636","CmD_LI_mm.51",6,45894338,"CmD_LI_mm","PS_N(4)","C116+3293(1);C124+2560(3)","","FarmCPU(1)","ISIS EM-BLASSO(1);pKWmEB(1);pLARmEB(1)","","",0.194,49.65,NA,"",NA,NA,"","Sobic.006G089300.1","Chr06",45893609,45897801,4193,"-",-729,-3463
"2364","PstI.TP710636","CmD_LI_mm.51",6,45894338,"CmD_LI_mm","PS_N(4)","C116+3293(1);C124+2560(3)","","FarmCPU(1)","ISIS EM-BLASSO(1);pKWmEB(1);pLARmEB(1)","","",0.194,49.65,NA,"",NA,NA,"","Sobic.006G089300.2","Chr06",45893609,45897184,3576,"-",-729,-2846
"2365","PstI.TP710636","CmD_LI_mm.51",6,45894338,"CmD_LI_mm","PS_N(4)","C116+3293(1);C124+2560(3)","","FarmCPU(1)","ISIS EM-BLASSO(1);pKWmEB(1);pLARmEB(1)","","",0.194,49.65,NA,"",NA,NA,"","Sobic.006G089300.1","Chr06",45893609,45897801,4193,"-",-729,-3463
"2366","PstI.TP710636","CmD_LI_mm.51",6,45894338,"CmD_LI_mm","PS_N(4)","C116+3293(1);C124+2560(3)","","FarmCPU(1)","ISIS EM-BLASSO(1);pKWmEB(1);pLARmEB(1)","","",0.194,49.65,NA,"",NA,NA,"","Sobic.006G089300.3","Chr06",45893609,45897801,4193,"-",-729,-3463
"2367","PstI.TP710636","CmD_LI_mm.51",6,45894338,"CmD_LI_mm","PS_N(4)","C116+3293(1);C124+2560(3)","","FarmCPU(1)","ISIS EM-BLASSO(1);pKWmEB(1);pLARmEB(1)","","",0.194,49.65,NA,"",NA,NA,"","Sobic.006G089300.1","Chr06",45893609,45897801,4193,"-",-729,-3463
"2368","PstI.TP710636","CmD_LI_mm.51",6,45894338,"CmD_LI_mm","PS_N(4)","C116+3293(1);C124+2560(3)","","FarmCPU(1)","ISIS EM-BLASSO(1);pKWmEB(1);pLARmEB(1)","","",0.194,49.65,NA,"",NA,NA,"","Sobic.006G089300.2","Chr06",45893609,45897184,3576,"-",-729,-2846
"2369","PstI.TP710636","CmD_LI_mm.51",6,45894338,"CmD_LI_mm","PS_N(4)","C116+3293(1);C124+2560(3)","","FarmCPU(1)","ISIS EM-BLASSO(1);pKWmEB(1);pLARmEB(1)","","",0.194,49.65,NA,"",NA,NA,"","Sobic.006G089266.1","Chr06",45890642,45893572,2931,"+",-3696,766
"2370","PstI.TP710636","CmD_LI_mm.51",6,45894338,"CmD_LI_mm","PS_N(4)","C116+3293(1);C124+2560(3)","","FarmCPU(1)","ISIS EM-BLASSO(1);pKWmEB(1);pLARmEB(1)","","",0.194,49.65,NA,"",NA,NA,"","Sobic.006G089300.2","Chr06",45893609,45897184,3576,"-",-729,-2846
"2371","PstI.TP710636","CmD_LI_mm.51",6,45894338,"CmD_LI_mm","PS_N(4)","C116+3293(1);C124+2560(3)","","FarmCPU(1)","ISIS EM-BLASSO(1);pKWmEB(1);pLARmEB(1)","","",0.194,49.65,NA,"",NA,NA,"","Sobic.006G089266.1","Chr06",45890642,45893572,2931,"+",-3696,766
"2372","PstI.TP710636","CmD_LI_mm.51",6,45894338,"CmD_LI_mm","PS_N(4)","C116+3293(1);C124+2560(3)","","FarmCPU(1)","ISIS EM-BLASSO(1);pKWmEB(1);pLARmEB(1)","","",0.194,49.65,NA,"",NA,NA,"","Sobic.006G089300.2","Chr06",45893609,45897184,3576,"-",-729,-2846
"2373","PstI.TP710636","CmD_LI_mm.51",6,45894338,"CmD_LI_mm","PS_N(4)","C116+3293(1);C124+2560(3)","","FarmCPU(1)","ISIS EM-BLASSO(1);pKWmEB(1);pLARmEB(1)","","",0.194,49.65,NA,"",NA,NA,"","Sobic.006G089266.1","Chr06",45890642,45893572,2931,"+",-3696,766
"2374","PstI.TP710636","CmD_LI_mm.51",6,45894338,"CmD_LI_mm","PS_N(4)","C116+3293(1);C124+2560(3)","","FarmCPU(1)","ISIS EM-BLASSO(1);pKWmEB(1);pLARmEB(1)","","",0.194,49.65,NA,"",NA,NA,"","Sobic.006G089300.3","Chr06",45893609,45897801,4193,"-",-729,-3463
"2375","PstI.TP710636","CmD_LI_mm.51",6,45894338,"CmD_LI_mm","PS_N(4)","C116+3293(1);C124+2560(3)","","FarmCPU(1)","ISIS EM-BLASSO(1);pKWmEB(1);pLARmEB(1)","","",0.194,49.65,NA,"",NA,NA,"","Sobic.006G089300.3","Chr06",45893609,45897801,4193,"-",-729,-3463
"2376","PstI.TP710636","CmD_LI_mm.51",6,45894338,"CmD_LI_mm","PS_N(4)","C116+3293(1);C124+2560(3)","","FarmCPU(1)","ISIS EM-BLASSO(1);pKWmEB(1);pLARmEB(1)","","",0.194,49.65,NA,"",NA,NA,"","Sobic.006G089300.1","Chr06",45893609,45897801,4193,"-",-729,-3463
"2377","PstI.TP710636","CmD_LI_mm.51",6,45894338,"CmD_LI_mm","PS_N(4)","C116+3293(1);C124+2560(3)","","FarmCPU(1)","ISIS EM-BLASSO(1);pKWmEB(1);pLARmEB(1)","","",0.194,49.65,NA,"",NA,NA,"","Sobic.006G089266.1","Chr06",45890642,45893572,2931,"+",-3696,766
"2378","PstI.TP710636","CmD_LI_mm.51",6,45894338,"CmD_LI_mm","PS_N(4)","C116+3293(1);C124+2560(3)","","FarmCPU(1)","ISIS EM-BLASSO(1);pKWmEB(1);pLARmEB(1)","","",0.194,49.65,NA,"",NA,NA,"","Sobic.006G089300.3","Chr06",45893609,45897801,4193,"-",-729,-3463
"2379","PstI.TP710636","CmD_LI_mm.51",6,45894338,"CmD_LI_mm","PS_N(4)","C116+3293(1);C124+2560(3)","","FarmCPU(1)","ISIS EM-BLASSO(1);pKWmEB(1);pLARmEB(1)","","",0.194,49.65,NA,"",NA,NA,"","Sobic.006G089300.1","Chr06",45893609,45897801,4193,"-",-729,-3463
"2380","PstI.TP710636","CmD_LI_mm.51",6,45894338,"CmD_LI_mm","PS_N(4)","C116+3293(1);C124+2560(3)","","FarmCPU(1)","ISIS EM-BLASSO(1);pKWmEB(1);pLARmEB(1)","","",0.194,49.65,NA,"",NA,NA,"","Sobic.006G089300.2","Chr06",45893609,45897184,3576,"-",-729,-2846
"2381","PstI.TP710636","CmD_LI_mm.51",6,45894338,"CmD_LI_mm","PS_N(4)","C116+3293(1);C124+2560(3)","","FarmCPU(1)","ISIS EM-BLASSO(1);pKWmEB(1);pLARmEB(1)","","",0.194,49.65,NA,"",NA,NA,"","Sobic.006G089300.1","Chr06",45893609,45897801,4193,"-",-729,-3463
"2382","PstI.TP710636","CmD_LI_mm.51",6,45894338,"CmD_LI_mm","PS_N(4)","C116+3293(1);C124+2560(3)","","FarmCPU(1)","ISIS EM-BLASSO(1);pKWmEB(1);pLARmEB(1)","","",0.194,49.65,NA,"",NA,NA,"","Sobic.006G089300.3","Chr06",45893609,45897801,4193,"-",-729,-3463
"2383","PstI.TP710636","CmD_LI_mm.51",6,45894338,"CmD_LI_mm","PS_N(4)","C116+3293(1);C124+2560(3)","","FarmCPU(1)","ISIS EM-BLASSO(1);pKWmEB(1);pLARmEB(1)","","",0.194,49.65,NA,"",NA,NA,"","Sobic.006G089300.1","Chr06",45893609,45897801,4193,"-",-729,-3463
"2384","PstI.TP710636","CmD_LI_mm.51",6,45894338,"CmD_LI_mm","PS_N(4)","C116+3293(1);C124+2560(3)","","FarmCPU(1)","ISIS EM-BLASSO(1);pKWmEB(1);pLARmEB(1)","","",0.194,49.65,NA,"",NA,NA,"","Sobic.006G089300.2","Chr06",45893609,45897184,3576,"-",-729,-2846
"2385","PstI.TP710636","Bcirc_cm.62",6,45894338,"Bcirc_cm","PS_N(1);PS_Y(1)","C106+4202(2)","","","mrMLM(1);pKWmEB(1)","","",0.2028,24.26,NA,"",NA,NA,"","Sobic.006G089266.1","Chr06",45890642,45893572,2931,"+",-3696,766
"2386","PstI.TP710636","Bcirc_cm.62",6,45894338,"Bcirc_cm","PS_N(1);PS_Y(1)","C106+4202(2)","","","mrMLM(1);pKWmEB(1)","","",0.2028,24.26,NA,"",NA,NA,"","Sobic.006G089300.2","Chr06",45893609,45897184,3576,"-",-729,-2846
"2387","PstI.TP710636","Bcirc_cm.62",6,45894338,"Bcirc_cm","PS_N(1);PS_Y(1)","C106+4202(2)","","","mrMLM(1);pKWmEB(1)","","",0.2028,24.26,NA,"",NA,NA,"","Sobic.006G089266.1","Chr06",45890642,45893572,2931,"+",-3696,766
"2388","PstI.TP710636","Bcirc_cm.62",6,45894338,"Bcirc_cm","PS_N(1);PS_Y(1)","C106+4202(2)","","","mrMLM(1);pKWmEB(1)","","",0.2028,24.26,NA,"",NA,NA,"","Sobic.006G089300.2","Chr06",45893609,45897184,3576,"-",-729,-2846
"2389","PstI.TP710636","Bcirc_cm.62",6,45894338,"Bcirc_cm","PS_N(1);PS_Y(1)","C106+4202(2)","","","mrMLM(1);pKWmEB(1)","","",0.2028,24.26,NA,"",NA,NA,"","Sobic.006G089266.1","Chr06",45890642,45893572,2931,"+",-3696,766
"2390","PstI.TP710636","Bcirc_cm.62",6,45894338,"Bcirc_cm","PS_N(1);PS_Y(1)","C106+4202(2)","","","mrMLM(1);pKWmEB(1)","","",0.2028,24.26,NA,"",NA,NA,"","Sobic.006G089300.3","Chr06",45893609,45897801,4193,"-",-729,-3463
"2391","PstI.TP710636","Bcirc_cm.62",6,45894338,"Bcirc_cm","PS_N(1);PS_Y(1)","C106+4202(2)","","","mrMLM(1);pKWmEB(1)","","",0.2028,24.26,NA,"",NA,NA,"","Sobic.006G089300.3","Chr06",45893609,45897801,4193,"-",-729,-3463
"2392","PstI.TP710636","Bcirc_cm.62",6,45894338,"Bcirc_cm","PS_N(1);PS_Y(1)","C106+4202(2)","","","mrMLM(1);pKWmEB(1)","","",0.2028,24.26,NA,"",NA,NA,"","Sobic.006G089300.1","Chr06",45893609,45897801,4193,"-",-729,-3463
"2393","PstI.TP710636","Bcirc_cm.62",6,45894338,"Bcirc_cm","PS_N(1);PS_Y(1)","C106+4202(2)","","","mrMLM(1);pKWmEB(1)","","",0.2028,24.26,NA,"",NA,NA,"","Sobic.006G089266.1","Chr06",45890642,45893572,2931,"+",-3696,766
"2394","PstI.TP710636","Bcirc_cm.62",6,45894338,"Bcirc_cm","PS_N(1);PS_Y(1)","C106+4202(2)","","","mrMLM(1);pKWmEB(1)","","",0.2028,24.26,NA,"",NA,NA,"","Sobic.006G089300.3","Chr06",45893609,45897801,4193,"-",-729,-3463
"2395","PstI.TP710636","Bcirc_cm.62",6,45894338,"Bcirc_cm","PS_N(1);PS_Y(1)","C106+4202(2)","","","mrMLM(1);pKWmEB(1)","","",0.2028,24.26,NA,"",NA,NA,"","Sobic.006G089300.1","Chr06",45893609,45897801,4193,"-",-729,-3463
"2396","PstI.TP710636","Bcirc_cm.62",6,45894338,"Bcirc_cm","PS_N(1);PS_Y(1)","C106+4202(2)","","","mrMLM(1);pKWmEB(1)","","",0.2028,24.26,NA,"",NA,NA,"","Sobic.006G089300.2","Chr06",45893609,45897184,3576,"-",-729,-2846
"2397","PstI.TP710636","Bcirc_cm.62",6,45894338,"Bcirc_cm","PS_N(1);PS_Y(1)","C106+4202(2)","","","mrMLM(1);pKWmEB(1)","","",0.2028,24.26,NA,"",NA,NA,"","Sobic.006G089300.1","Chr06",45893609,45897801,4193,"-",-729,-3463
"2398","PstI.TP710636","Bcirc_cm.62",6,45894338,"Bcirc_cm","PS_N(1);PS_Y(1)","C106+4202(2)","","","mrMLM(1);pKWmEB(1)","","",0.2028,24.26,NA,"",NA,NA,"","Sobic.006G089300.3","Chr06",45893609,45897801,4193,"-",-729,-3463
"2399","PstI.TP710636","Bcirc_cm.62",6,45894338,"Bcirc_cm","PS_N(1);PS_Y(1)","C106+4202(2)","","","mrMLM(1);pKWmEB(1)","","",0.2028,24.26,NA,"",NA,NA,"","Sobic.006G089300.1","Chr06",45893609,45897801,4193,"-",-729,-3463
"2400","PstI.TP710636","Bcirc_cm.62",6,45894338,"Bcirc_cm","PS_N(1);PS_Y(1)","C106+4202(2)","","","mrMLM(1);pKWmEB(1)","","",0.2028,24.26,NA,"",NA,NA,"","Sobic.006G089300.2","Chr06",45893609,45897184,3576,"-",-729,-2846
"2401","PstI.TP710636","Bcirc_cm.62",6,45894338,"Bcirc_cm","PS_N(1);PS_Y(1)","C106+4202(2)","","","mrMLM(1);pKWmEB(1)","","",0.2028,24.26,NA,"",NA,NA,"","Sobic.006G089266.1","Chr06",45890642,45893572,2931,"+",-3696,766
"2402","PstI.TP710636","Bcirc_cm.62",6,45894338,"Bcirc_cm","PS_N(1);PS_Y(1)","C106+4202(2)","","","mrMLM(1);pKWmEB(1)","","",0.2028,24.26,NA,"",NA,NA,"","Sobic.006G089300.2","Chr06",45893609,45897184,3576,"-",-729,-2846
"2403","PstI.TP710636","Bcirc_cm.62",6,45894338,"Bcirc_cm","PS_N(1);PS_Y(1)","C106+4202(2)","","","mrMLM(1);pKWmEB(1)","","",0.2028,24.26,NA,"",NA,NA,"","Sobic.006G089266.1","Chr06",45890642,45893572,2931,"+",-3696,766
"2404","PstI.TP710636","Bcirc_cm.62",6,45894338,"Bcirc_cm","PS_N(1);PS_Y(1)","C106+4202(2)","","","mrMLM(1);pKWmEB(1)","","",0.2028,24.26,NA,"",NA,NA,"","Sobic.006G089300.2","Chr06",45893609,45897184,3576,"-",-729,-2846
"2405","PstI.TP710636","Bcirc_cm.62",6,45894338,"Bcirc_cm","PS_N(1);PS_Y(1)","C106+4202(2)","","","mrMLM(1);pKWmEB(1)","","",0.2028,24.26,NA,"",NA,NA,"","Sobic.006G089266.1","Chr06",45890642,45893572,2931,"+",-3696,766
"2406","PstI.TP710636","Bcirc_cm.62",6,45894338,"Bcirc_cm","PS_N(1);PS_Y(1)","C106+4202(2)","","","mrMLM(1);pKWmEB(1)","","",0.2028,24.26,NA,"",NA,NA,"","Sobic.006G089300.3","Chr06",45893609,45897801,4193,"-",-729,-3463
"2407","PstI.TP710636","Bcirc_cm.62",6,45894338,"Bcirc_cm","PS_N(1);PS_Y(1)","C106+4202(2)","","","mrMLM(1);pKWmEB(1)","","",0.2028,24.26,NA,"",NA,NA,"","Sobic.006G089300.3","Chr06",45893609,45897801,4193,"-",-729,-3463
"2408","PstI.TP710636","Bcirc_cm.62",6,45894338,"Bcirc_cm","PS_N(1);PS_Y(1)","C106+4202(2)","","","mrMLM(1);pKWmEB(1)","","",0.2028,24.26,NA,"",NA,NA,"","Sobic.006G089300.1","Chr06",45893609,45897801,4193,"-",-729,-3463
"2409","PstI.TP710636","Bcirc_cm.62",6,45894338,"Bcirc_cm","PS_N(1);PS_Y(1)","C106+4202(2)","","","mrMLM(1);pKWmEB(1)","","",0.2028,24.26,NA,"",NA,NA,"","Sobic.006G089266.1","Chr06",45890642,45893572,2931,"+",-3696,766
"2410","PstI.TP710636","Bcirc_cm.62",6,45894338,"Bcirc_cm","PS_N(1);PS_Y(1)","C106+4202(2)","","","mrMLM(1);pKWmEB(1)","","",0.2028,24.26,NA,"",NA,NA,"","Sobic.006G089300.3","Chr06",45893609,45897801,4193,"-",-729,-3463
"2411","PstI.TP710636","Bcirc_cm.62",6,45894338,"Bcirc_cm","PS_N(1);PS_Y(1)","C106+4202(2)","","","mrMLM(1);pKWmEB(1)","","",0.2028,24.26,NA,"",NA,NA,"","Sobic.006G089300.1","Chr06",45893609,45897801,4193,"-",-729,-3463
"2412","PstI.TP710636","Bcirc_cm.62",6,45894338,"Bcirc_cm","PS_N(1);PS_Y(1)","C106+4202(2)","","","mrMLM(1);pKWmEB(1)","","",0.2028,24.26,NA,"",NA,NA,"","Sobic.006G089300.2","Chr06",45893609,45897184,3576,"-",-729,-2846
"2413","PstI.TP710636","Bcirc_cm.62",6,45894338,"Bcirc_cm","PS_N(1);PS_Y(1)","C106+4202(2)","","","mrMLM(1);pKWmEB(1)","","",0.2028,24.26,NA,"",NA,NA,"","Sobic.006G089300.1","Chr06",45893609,45897801,4193,"-",-729,-3463
"2414","PstI.TP710636","Bcirc_cm.62",6,45894338,"Bcirc_cm","PS_N(1);PS_Y(1)","C106+4202(2)","","","mrMLM(1);pKWmEB(1)","","",0.2028,24.26,NA,"",NA,NA,"","Sobic.006G089300.3","Chr06",45893609,45897801,4193,"-",-729,-3463
"2415","PstI.TP710636","Bcirc_cm.62",6,45894338,"Bcirc_cm","PS_N(1);PS_Y(1)","C106+4202(2)","","","mrMLM(1);pKWmEB(1)","","",0.2028,24.26,NA,"",NA,NA,"","Sobic.006G089300.1","Chr06",45893609,45897801,4193,"-",-729,-3463
"2416","PstI.TP710636","Bcirc_cm.62",6,45894338,"Bcirc_cm","PS_N(1);PS_Y(1)","C106+4202(2)","","","mrMLM(1);pKWmEB(1)","","",0.2028,24.26,NA,"",NA,NA,"","Sobic.006G089300.2","Chr06",45893609,45897184,3576,"-",-729,-2846
"2418","PstI.TP714069","Bcirc_cm.63",4,62405613,"Bcirc_cm","PS_Y(2)","C106+4202(2)","","","FASTmrEMMA(1);mrMLM(1)","","",0.024,4.721,NA,"",NA,NA,"","Sobic.004G281800.1","Chr04",62405460,62410611,5152,"+",-153,-4998
"2419","PstI.TP714651","CmN.206",5,2641756,"CmN","PS_Y(2)","C106+4202(1);C116+3293(1)","MLM+SUPER(2)","","","","",0.1557,0.1384,NA,"",NA,NA,"","Sobic.005G029700.1","Chr05",2631011,2641746,10736,"-",-10745,10
"2420","PstI.TP719892","CmN.207",5,64652954,"CmN","PS_Y(3)","124+36088im(3)","CMLM+SUPER(1);MLM+SUPER(1)","","","","GLM(1)",0.1613,7.722,NA,"",NA,NA,"","Sobic.005G167800.1","Chr05",64651919,64655299,3381,"-",-1035,-2345
"2421","PstI.TP723544","Yld_kg.27",9,1942972,"Yld","PCA=3(1)","124+36088im(1)","","","","rrBLUP(1)","",NA,3.097,NA,"PstI.TP6534",4,64452246,"PstI.TP6534\4\64452246","Sobic.009G021700.1","Chr09",1942720,1944208,1489,"-",-252,-1236
"2422","PstI.TP723544","Yld_kg.27",9,1942972,"Yld","PCA=3(1)","124+36088im(1)","","","","rrBLUP(1)","",NA,3.097,NA,"PstI.TP6534",4,64452246,"PstI.TP6534\4\64452246","Sobic.009G021700.1","Chr09",1942720,1944208,1489,"-",-252,-1236
"2423","PstI.TP723544","Yld_kg.27",9,1942972,"Yld","PCA=3(1)","124+36088im(1)","","","","rrBLUP(1)","",NA,3.097,NA,"PstI.TP6534",4,64452246,"PstI.TP6534\4\64452246","Sobic.009G021700.1","Chr09",1942720,1944208,1489,"-",-252,-1236
"2424","PstI.TP723544","Yld_kg.27",9,1942972,"Yld","PCA=3(1)","124+36088im(1)","","","","rrBLUP(1)","",NA,3.097,NA,"PstI.TP6534",4,64452246,"PstI.TP6534\4\64452246","Sobic.009G021700.1","Chr09",1942720,1944208,1489,"-",-252,-1236
"2425","PstI.TP723544","CmN.208",9,1942972,"CmN","PCA=3(1);PS_N(3);PS_Y(4)","124+36088im(8)","","","FASTmrMLM(2);ISIS EM-BLASSO(1);mrMLM(2);pKWmEB(2)","rrBLUP(1)","",0.127,22.86,NA,"",NA,NA,"","Sobic.009G021700.1","Chr09",1942720,1944208,1489,"-",-252,-1236
"2426","PstI.TP723544","CmN.208",9,1942972,"CmN","PCA=3(1);PS_N(3);PS_Y(4)","124+36088im(8)","","","FASTmrMLM(2);ISIS EM-BLASSO(1);mrMLM(2);pKWmEB(2)","rrBLUP(1)","",0.127,22.86,NA,"",NA,NA,"","Sobic.009G021700.1","Chr09",1942720,1944208,1489,"-",-252,-1236
"2427","PstI.TP723544","CmN.208",9,1942972,"CmN","PCA=3(1);PS_N(3);PS_Y(4)","124+36088im(8)","","","FASTmrMLM(2);ISIS EM-BLASSO(1);mrMLM(2);pKWmEB(2)","rrBLUP(1)","",0.127,22.86,NA,"",NA,NA,"","Sobic.009G021700.1","Chr09",1942720,1944208,1489,"-",-252,-1236
"2428","PstI.TP723544","CmN.208",9,1942972,"CmN","PCA=3(1);PS_N(3);PS_Y(4)","124+36088im(8)","","","FASTmrMLM(2);ISIS EM-BLASSO(1);mrMLM(2);pKWmEB(2)","rrBLUP(1)","",0.127,22.86,NA,"",NA,NA,"","Sobic.009G021700.1","Chr09",1942720,1944208,1489,"-",-252,-1236
"2429","PstI.TP723544","CmDW_g.52",9,1942972,"CmDW_g","PCA=3(1);PS_N(1);PS_Y(4)","124+36088im(6)","","","FASTmrMLM(1);ISIS EM-BLASSO(1);mrMLM(2);pKWmEB(1)","rrBLUP(1)","",0.127,11.49,NA,"",NA,NA,"","Sobic.009G021700.1","Chr09",1942720,1944208,1489,"-",-252,-1236
"2430","PstI.TP723544","CmDW_g.52",9,1942972,"CmDW_g","PCA=3(1);PS_N(1);PS_Y(4)","124+36088im(6)","","","FASTmrMLM(1);ISIS EM-BLASSO(1);mrMLM(2);pKWmEB(1)","rrBLUP(1)","",0.127,11.49,NA,"",NA,NA,"","Sobic.009G021700.1","Chr09",1942720,1944208,1489,"-",-252,-1236
"2431","PstI.TP723544","CmDW_g.52",9,1942972,"CmDW_g","PCA=3(1);PS_N(1);PS_Y(4)","124+36088im(6)","","","FASTmrMLM(1);ISIS EM-BLASSO(1);mrMLM(2);pKWmEB(1)","rrBLUP(1)","",0.127,11.49,NA,"",NA,NA,"","Sobic.009G021700.1","Chr09",1942720,1944208,1489,"-",-252,-1236
"2432","PstI.TP723544","CmDW_g.52",9,1942972,"CmDW_g","PCA=3(1);PS_N(1);PS_Y(4)","124+36088im(6)","","","FASTmrMLM(1);ISIS EM-BLASSO(1);mrMLM(2);pKWmEB(1)","rrBLUP(1)","",0.127,11.49,NA,"",NA,NA,"","Sobic.009G021700.1","Chr09",1942720,1944208,1489,"-",-252,-1236
"2433","PstI.TP723544","CmD_BI_mm.61",9,1942972,"CmD_BI_mm","PS_N(2);PS_Y(1)","124+36088im(3)","","","FASTmrMLM(1);mrMLM(1);pKWmEB(1)","","",0.127,5.959,NA,"",NA,NA,"","Sobic.009G021700.1","Chr09",1942720,1944208,1489,"-",-252,-1236
"2434","PstI.TP723544","CmD_BI_mm.61",9,1942972,"CmD_BI_mm","PS_N(2);PS_Y(1)","124+36088im(3)","","","FASTmrMLM(1);mrMLM(1);pKWmEB(1)","","",0.127,5.959,NA,"",NA,NA,"","Sobic.009G021700.1","Chr09",1942720,1944208,1489,"-",-252,-1236
"2435","PstI.TP723544","CmD_BI_mm.61",9,1942972,"CmD_BI_mm","PS_N(2);PS_Y(1)","124+36088im(3)","","","FASTmrMLM(1);mrMLM(1);pKWmEB(1)","","",0.127,5.959,NA,"",NA,NA,"","Sobic.009G021700.1","Chr09",1942720,1944208,1489,"-",-252,-1236
"2436","PstI.TP723544","CmD_BI_mm.61",9,1942972,"CmD_BI_mm","PS_N(2);PS_Y(1)","124+36088im(3)","","","FASTmrMLM(1);mrMLM(1);pKWmEB(1)","","",0.127,5.959,NA,"",NA,NA,"","Sobic.009G021700.1","Chr09",1942720,1944208,1489,"-",-252,-1236
"2438","PstI.TP729133","CmN.210",7,37735277,"CmN","PS_Y(1)","124+36088im(1)","CMLM+SUPER(1)","","","","",0.06801,0.05737,NA,"",NA,NA,"","Sobic.007G105800.1","Chr07",37734813,37735968,1156,"+",-464,-691
"2439","PstI.TP736503","CmD_LI_mm.52",1,2979376,"CmD_LI_mm","PS_Y(1)","124+36088im(1)","","","mrMLM(1)","","",0.2377,7.877,NA,"",NA,NA,"","Sobic.001G040000.2","Chr01",2977629,2979955,2327,"-",-1747,-579
"2440","PstI.TP737551","CmN.211",6,57757179,"CmN","PS_Y(1)","124+36088im(1)","","","","","GLM(1)",0.07876,7.229,NA,"",NA,NA,"","Sobic.006G235700.1","Chr06",57757224,57760331,3108,"+",45,-3152
"2446","PstI.TP738082","Cml_cm.57",10,6556740,"Cml_cm","PS_Y(1)","C124+2560(1)","","","FASTmrEMMA(1)","","",0.0121,7.676,NA,"",NA,NA,"","Sobic.010G078600.1","Chr10",6555565,6558034,2470,"+",-1175,-1294
"2447","PstI.TP738082","Cml_cm.57",10,6556740,"Cml_cm","PS_Y(1)","C124+2560(1)","","","FASTmrEMMA(1)","","",0.0121,7.676,NA,"",NA,NA,"","Sobic.010G078600.1","Chr10",6555565,6558034,2470,"+",-1175,-1294
"2448","PstI.TP738082","Yld_kg.28",10,6556740,"Yld","PS_Y(1)","C124+2560(1)","","","mrMLM(1)","","",0.0123,0,NA,"PstI.TP6534",4,64452246,"PstI.TP6534\4\64452246","Sobic.010G078600.1","Chr10",6555565,6558034,2470,"+",-1175,-1294
"2449","PstI.TP738082","Yld_kg.28",10,6556740,"Yld","PS_Y(1)","C124+2560(1)","","","mrMLM(1)","","",0.0123,0,NA,"PstI.TP6534",4,64452246,"PstI.TP6534\4\64452246","Sobic.010G078600.1","Chr10",6555565,6558034,2470,"+",-1175,-1294
"2450","PstI.TP742466","Yld_kg.29",5,70851257,"Yld","PS_N(1)","124+36088im(1)","","","pLARmEB(1)","","",0.0685,1.618,NA,"PstI.TP723544",9,1942972,"PstI.TP723544\9\1942972","Sobic.005G222000.1","Chr05",70846703,70855117,8415,"-",-4554,-3860
"2451","PstI.TP742466","Yld_kg.29",5,70851257,"Yld","PS_N(1)","124+36088im(1)","","","pLARmEB(1)","","",0.0685,1.618,NA,"PstI.TP723544",9,1942972,"PstI.TP723544\9\1942972","Sobic.005G222000.1","Chr05",70846703,70855117,8415,"-",-4554,-3860
"2452","PstI.TP742466","Yld_kg.29",5,70851257,"Yld","PS_N(1)","124+36088im(1)","","","pLARmEB(1)","","",0.0685,1.618,NA,"PstI.TP723544",9,1942972,"PstI.TP723544\9\1942972","Sobic.005G222000.1","Chr05",70846703,70855117,8415,"-",-4554,-3860
"2453","PstI.TP742466","Yld_kg.29",5,70851257,"Yld","PS_N(1)","124+36088im(1)","","","pLARmEB(1)","","",0.0685,1.618,NA,"PstI.TP723544",9,1942972,"PstI.TP723544\9\1942972","Sobic.005G222000.1","Chr05",70846703,70855117,8415,"-",-4554,-3860
"2454","PstI.TP742466","CmD_BI_mm.63",5,70851257,"CmD_BI_mm","PS_N(1)","124+36088im(1)","","","pKWmEB(1)","","",0.0685,1.688,NA,"",NA,NA,"","Sobic.005G222000.1","Chr05",70846703,70855117,8415,"-",-4554,-3860
"2455","PstI.TP742466","CmD_BI_mm.63",5,70851257,"CmD_BI_mm","PS_N(1)","124+36088im(1)","","","pKWmEB(1)","","",0.0685,1.688,NA,"",NA,NA,"","Sobic.005G222000.1","Chr05",70846703,70855117,8415,"-",-4554,-3860
"2456","PstI.TP742466","CmD_BI_mm.63",5,70851257,"CmD_BI_mm","PS_N(1)","124+36088im(1)","","","pKWmEB(1)","","",0.0685,1.688,NA,"",NA,NA,"","Sobic.005G222000.1","Chr05",70846703,70855117,8415,"-",-4554,-3860
"2457","PstI.TP742466","CmD_BI_mm.63",5,70851257,"CmD_BI_mm","PS_N(1)","124+36088im(1)","","","pKWmEB(1)","","",0.0685,1.688,NA,"",NA,NA,"","Sobic.005G222000.1","Chr05",70846703,70855117,8415,"-",-4554,-3860
"2458","PstI.TP742466","Cml_cm.58",5,70851257,"Cml_cm","PS_N(1);PS_Y(1)","124+36088im(2)","","","ISIS EM-BLASSO(1);pKWmEB(1)","","",0.0685,2.033,NA,"",NA,NA,"","Sobic.005G222000.1","Chr05",70846703,70855117,8415,"-",-4554,-3860
"2459","PstI.TP742466","Cml_cm.58",5,70851257,"Cml_cm","PS_N(1);PS_Y(1)","124+36088im(2)","","","ISIS EM-BLASSO(1);pKWmEB(1)","","",0.0685,2.033,NA,"",NA,NA,"","Sobic.005G222000.1","Chr05",70846703,70855117,8415,"-",-4554,-3860
"2460","PstI.TP742466","Cml_cm.58",5,70851257,"Cml_cm","PS_N(1);PS_Y(1)","124+36088im(2)","","","ISIS EM-BLASSO(1);pKWmEB(1)","","",0.0685,2.033,NA,"",NA,NA,"","Sobic.005G222000.1","Chr05",70846703,70855117,8415,"-",-4554,-3860
"2461","PstI.TP742466","Cml_cm.58",5,70851257,"Cml_cm","PS_N(1);PS_Y(1)","124+36088im(2)","","","ISIS EM-BLASSO(1);pKWmEB(1)","","",0.0685,2.033,NA,"",NA,NA,"","Sobic.005G222000.1","Chr05",70846703,70855117,8415,"-",-4554,-3860
"2462","PstI.TP742466","CmDW_g.54",5,70851257,"CmDW_g","PS_N(1);PS_Y(2)","124+36088im(3)","","","FASTmrMLM(1);ISIS EM-BLASSO(1);pKWmEB(1)","","",0.0685,3.203,NA,"",NA,NA,"","Sobic.005G222000.1","Chr05",70846703,70855117,8415,"-",-4554,-3860
"2463","PstI.TP742466","CmDW_g.54",5,70851257,"CmDW_g","PS_N(1);PS_Y(2)","124+36088im(3)","","","FASTmrMLM(1);ISIS EM-BLASSO(1);pKWmEB(1)","","",0.0685,3.203,NA,"",NA,NA,"","Sobic.005G222000.1","Chr05",70846703,70855117,8415,"-",-4554,-3860
"2464","PstI.TP742466","CmDW_g.54",5,70851257,"CmDW_g","PS_N(1);PS_Y(2)","124+36088im(3)","","","FASTmrMLM(1);ISIS EM-BLASSO(1);pKWmEB(1)","","",0.0685,3.203,NA,"",NA,NA,"","Sobic.005G222000.1","Chr05",70846703,70855117,8415,"-",-4554,-3860
"2465","PstI.TP742466","CmDW_g.54",5,70851257,"CmDW_g","PS_N(1);PS_Y(2)","124+36088im(3)","","","FASTmrMLM(1);ISIS EM-BLASSO(1);pKWmEB(1)","","",0.0685,3.203,NA,"",NA,NA,"","Sobic.005G222000.1","Chr05",70846703,70855117,8415,"-",-4554,-3860
"2466","PstI.TP744556","Bcirc_cm.64",1,76101544,"Bcirc_cm","PS_N(1);PS_Y(1)","C124+2560(2)","","","pKWmEB(2)","","",0.4073,5.68,NA,"",NA,NA,"","Sobic.001G491200.1","Chr01",76097084,76103065,5982,"-",-4460,-1521
"2467","PstI.TP745785","CmD_BI_mm.64",6,45615805,"CmD_BI_mm","PS_N(1)","C124+2560(1)","","","pKWmEB(1)","","",0.4234,1.07e-06,NA,"",NA,NA,"","Sobic.006G086900.1","Chr06",45613551,45616219,2669,"+",-2254,-414
"2468","PstI.TP745785","CmD_BI_mm.64",6,45615805,"CmD_BI_mm","PS_N(1)","C124+2560(1)","","","pKWmEB(1)","","",0.4234,1.07e-06,NA,"",NA,NA,"","Sobic.006G086900.3","Chr06",45613551,45616999,3449,"+",-2254,-1194
"2469","PstI.TP745785","CmD_BI_mm.64",6,45615805,"CmD_BI_mm","PS_N(1)","C124+2560(1)","","","pKWmEB(1)","","",0.4234,1.07e-06,NA,"",NA,NA,"","Sobic.006G086900.2","Chr06",45613551,45616999,3449,"+",-2254,-1194
"2470","PstI.TP745785","CmD_BI_mm.64",6,45615805,"CmD_BI_mm","PS_N(1)","C124+2560(1)","","","pKWmEB(1)","","",0.4234,1.07e-06,NA,"",NA,NA,"","Sobic.006G086900.1","Chr06",45613551,45616219,2669,"+",-2254,-414
"2471","PstI.TP745785","CmD_BI_mm.64",6,45615805,"CmD_BI_mm","PS_N(1)","C124+2560(1)","","","pKWmEB(1)","","",0.4234,1.07e-06,NA,"",NA,NA,"","Sobic.006G086900.3","Chr06",45613551,45616999,3449,"+",-2254,-1194
"2472","PstI.TP745785","CmD_BI_mm.64",6,45615805,"CmD_BI_mm","PS_N(1)","C124+2560(1)","","","pKWmEB(1)","","",0.4234,1.07e-06,NA,"",NA,NA,"","Sobic.006G086900.3","Chr06",45613551,45616999,3449,"+",-2254,-1194
"2473","PstI.TP745785","CmD_BI_mm.64",6,45615805,"CmD_BI_mm","PS_N(1)","C124+2560(1)","","","pKWmEB(1)","","",0.4234,1.07e-06,NA,"",NA,NA,"","Sobic.006G086900.2","Chr06",45613551,45616999,3449,"+",-2254,-1194
"2474","PstI.TP745785","CmD_BI_mm.64",6,45615805,"CmD_BI_mm","PS_N(1)","C124+2560(1)","","","pKWmEB(1)","","",0.4234,1.07e-06,NA,"",NA,NA,"","Sobic.006G086900.1","Chr06",45613551,45616219,2669,"+",-2254,-414
"2475","PstI.TP745785","CmD_BI_mm.64",6,45615805,"CmD_BI_mm","PS_N(1)","C124+2560(1)","","","pKWmEB(1)","","",0.4234,1.07e-06,NA,"",NA,NA,"","Sobic.006G086900.2","Chr06",45613551,45616999,3449,"+",-2254,-1194
"2476","PstI.TP745785","Yld_kg.30",6,45615805,"Yld","PS_N(5)","C106+4202(3)C124+2560(2)","","FarmCPU(1)","ISIS EM-BLASSO(2)pLARmEB(2)","","",0.4234,13.5,NA,"PstI.TP738082",10,6556740,"PstI.TP738082\10\6556740","Sobic.006G086900.1","Chr06",45613551,45616219,2669,"+",-2254,-414
"2477","PstI.TP745785","Yld_kg.30",6,45615805,"Yld","PS_N(5)","C106+4202(3)C124+2560(2)","","FarmCPU(1)","ISIS EM-BLASSO(2)pLARmEB(2)","","",0.4234,13.5,NA,"PstI.TP738082",10,6556740,"PstI.TP738082\10\6556740","Sobic.006G086900.3","Chr06",45613551,45616999,3449,"+",-2254,-1194
"2478","PstI.TP745785","Yld_kg.30",6,45615805,"Yld","PS_N(5)","C106+4202(3)C124+2560(2)","","FarmCPU(1)","ISIS EM-BLASSO(2)pLARmEB(2)","","",0.4234,13.5,NA,"PstI.TP738082",10,6556740,"PstI.TP738082\10\6556740","Sobic.006G086900.2","Chr06",45613551,45616999,3449,"+",-2254,-1194
"2479","PstI.TP745785","Yld_kg.30",6,45615805,"Yld","PS_N(5)","C106+4202(3)C124+2560(2)","","FarmCPU(1)","ISIS EM-BLASSO(2)pLARmEB(2)","","",0.4234,13.5,NA,"PstI.TP738082",10,6556740,"PstI.TP738082\10\6556740","Sobic.006G086900.1","Chr06",45613551,45616219,2669,"+",-2254,-414
"2480","PstI.TP745785","Yld_kg.30",6,45615805,"Yld","PS_N(5)","C106+4202(3)C124+2560(2)","","FarmCPU(1)","ISIS EM-BLASSO(2)pLARmEB(2)","","",0.4234,13.5,NA,"PstI.TP738082",10,6556740,"PstI.TP738082\10\6556740","Sobic.006G086900.3","Chr06",45613551,45616999,3449,"+",-2254,-1194
"2481","PstI.TP745785","Yld_kg.30",6,45615805,"Yld","PS_N(5)","C106+4202(3)C124+2560(2)","","FarmCPU(1)","ISIS EM-BLASSO(2)pLARmEB(2)","","",0.4234,13.5,NA,"PstI.TP738082",10,6556740,"PstI.TP738082\10\6556740","Sobic.006G086900.3","Chr06",45613551,45616999,3449,"+",-2254,-1194
"2482","PstI.TP745785","Yld_kg.30",6,45615805,"Yld","PS_N(5)","C106+4202(3)C124+2560(2)","","FarmCPU(1)","ISIS EM-BLASSO(2)pLARmEB(2)","","",0.4234,13.5,NA,"PstI.TP738082",10,6556740,"PstI.TP738082\10\6556740","Sobic.006G086900.2","Chr06",45613551,45616999,3449,"+",-2254,-1194
"2483","PstI.TP745785","Yld_kg.30",6,45615805,"Yld","PS_N(5)","C106+4202(3)C124+2560(2)","","FarmCPU(1)","ISIS EM-BLASSO(2)pLARmEB(2)","","",0.4234,13.5,NA,"PstI.TP738082",10,6556740,"PstI.TP738082\10\6556740","Sobic.006G086900.1","Chr06",45613551,45616219,2669,"+",-2254,-414
"2484","PstI.TP745785","Yld_kg.30",6,45615805,"Yld","PS_N(5)","C106+4202(3)C124+2560(2)","","FarmCPU(1)","ISIS EM-BLASSO(2)pLARmEB(2)","","",0.4234,13.5,NA,"PstI.TP738082",10,6556740,"PstI.TP738082\10\6556740","Sobic.006G086900.2","Chr06",45613551,45616999,3449,"+",-2254,-1194
"2485","PstI.TP745785","Cml_cm.59",6,45615805,"Cml_cm","PS_N(8)","C106+4202(4);C116+3293(2);C124+2560(2)","","FarmCPU(1)","FASTmrMLM(3);mrMLM(3);pKWmEB(1)","","",0.4234,32.88,NA,"",NA,NA,"","Sobic.006G086900.1","Chr06",45613551,45616219,2669,"+",-2254,-414
"2486","PstI.TP745785","Cml_cm.59",6,45615805,"Cml_cm","PS_N(8)","C106+4202(4);C116+3293(2);C124+2560(2)","","FarmCPU(1)","FASTmrMLM(3);mrMLM(3);pKWmEB(1)","","",0.4234,32.88,NA,"",NA,NA,"","Sobic.006G086900.3","Chr06",45613551,45616999,3449,"+",-2254,-1194
"2487","PstI.TP745785","Cml_cm.59",6,45615805,"Cml_cm","PS_N(8)","C106+4202(4);C116+3293(2);C124+2560(2)","","FarmCPU(1)","FASTmrMLM(3);mrMLM(3);pKWmEB(1)","","",0.4234,32.88,NA,"",NA,NA,"","Sobic.006G086900.2","Chr06",45613551,45616999,3449,"+",-2254,-1194
"2488","PstI.TP745785","Cml_cm.59",6,45615805,"Cml_cm","PS_N(8)","C106+4202(4);C116+3293(2);C124+2560(2)","","FarmCPU(1)","FASTmrMLM(3);mrMLM(3);pKWmEB(1)","","",0.4234,32.88,NA,"",NA,NA,"","Sobic.006G086900.1","Chr06",45613551,45616219,2669,"+",-2254,-414
"2489","PstI.TP745785","Cml_cm.59",6,45615805,"Cml_cm","PS_N(8)","C106+4202(4);C116+3293(2);C124+2560(2)","","FarmCPU(1)","FASTmrMLM(3);mrMLM(3);pKWmEB(1)","","",0.4234,32.88,NA,"",NA,NA,"","Sobic.006G086900.3","Chr06",45613551,45616999,3449,"+",-2254,-1194
"2490","PstI.TP745785","Cml_cm.59",6,45615805,"Cml_cm","PS_N(8)","C106+4202(4);C116+3293(2);C124+2560(2)","","FarmCPU(1)","FASTmrMLM(3);mrMLM(3);pKWmEB(1)","","",0.4234,32.88,NA,"",NA,NA,"","Sobic.006G086900.3","Chr06",45613551,45616999,3449,"+",-2254,-1194
"2491","PstI.TP745785","Cml_cm.59",6,45615805,"Cml_cm","PS_N(8)","C106+4202(4);C116+3293(2);C124+2560(2)","","FarmCPU(1)","FASTmrMLM(3);mrMLM(3);pKWmEB(1)","","",0.4234,32.88,NA,"",NA,NA,"","Sobic.006G086900.2","Chr06",45613551,45616999,3449,"+",-2254,-1194
"2492","PstI.TP745785","Cml_cm.59",6,45615805,"Cml_cm","PS_N(8)","C106+4202(4);C116+3293(2);C124+2560(2)","","FarmCPU(1)","FASTmrMLM(3);mrMLM(3);pKWmEB(1)","","",0.4234,32.88,NA,"",NA,NA,"","Sobic.006G086900.1","Chr06",45613551,45616219,2669,"+",-2254,-414
"2493","PstI.TP745785","Cml_cm.59",6,45615805,"Cml_cm","PS_N(8)","C106+4202(4);C116+3293(2);C124+2560(2)","","FarmCPU(1)","FASTmrMLM(3);mrMLM(3);pKWmEB(1)","","",0.4234,32.88,NA,"",NA,NA,"","Sobic.006G086900.2","Chr06",45613551,45616999,3449,"+",-2254,-1194
"2494","PstI.TP747686","CmN.212",5,191126,"CmN","PS_Y(3)","124+36088im(3)","CMLM+SUPER(1);MLM+SUPER(1)","","","","GLM(1)",0.08854,6.996,NA,"",NA,NA,"","Sobic.005G002400.1","Chr05",190488,194282,3795,"+",-638,-3156
"2496","PstI.TP751721","Cml_cm.60",9,50513395,"Cml_cm","PS_N(1)","C116+3293(1)","","FarmCPU(1)","","","",0.1595,7.406,NA,"",NA,NA,"","Sobic.009G148000.1","Chr09",50511733,50514791,3059,"-",-1662,-1396
"2498","PstI.TP75301","Bcirc_cm.65",6,44312976,"Bcirc_cm","PS_N(1)","124+36088im(1)","","","mrMLM(1)","","",0.2664,4.053,NA,"",NA,NA,"","Sobic.006G077000.2","Chr06",44312344,44314731,2388,"+",-632,-1755
"2499","PstI.TP753385","Yld_kg.31",8,58262070,"Yld","PS_N(1)","124+36088im(1)","","FarmCPU(1)","","","",0.1795,13.5,NA,"PstI.TP742466",5,70851257,"PstI.TP742466\5\70851257","Sobic.008G149450.1","Chr08",58261135,58262523,1389,"-",-935,-453
"2500","PstI.TP754866","Bcirc_cm.66",1,69204551,"Bcirc_cm","PS_Y(1)","C106+4202(1)","","","ISIS EM-BLASSO(1)","","",0.4764,11.05,NA,"",NA,NA,"","Sobic.001G407900.2","Chr01",69199763,69205422,5660,"-",-4788,-871
"2501","PstI.TP757921","Cml_cm.61",1,26848011,"Cml_cm","PS_N(5);PS_Y(1)","C106+4202(1);C116+3293(2);C124+2560(3)","","","FASTmrEMMA(1);FASTmrMLM(1);ISIS EM-BLASSO(1);mrMLM(2);pKWmEB(1)","","",0.4135,11.82,NA,"",NA,NA,"","Sobic.001G249000.1","Chr01",26846301,26848746,2446,"-",-1710,-735
"2503","PstI.TP761935","CmD_BI_mm.65",1,22258955,"CmD_BI_mm","PS_N(1)","C124+2560(1)","","FarmCPU(1)","","","",0.05645,17.91,NA,"",NA,NA,"","Sobic.001G230400.2","Chr01",22258421,22262315,3895,"+",-534,-3360
"2504","PstI.TP761935","CmD_BI_mm.65",1,22258955,"CmD_BI_mm","PS_N(1)","C124+2560(1)","","FarmCPU(1)","","","",0.05645,17.91,NA,"",NA,NA,"","Sobic.001G230400.1","Chr01",22258421,22262314,3894,"+",-534,-3359
"2505","PstI.TP770722","Bcirc_cm.67",1,66347924,"Bcirc_cm","PS_N(1)","124+36088im(1)","","FarmCPU(1)","","","",0.1477,1.611,NA,"",NA,NA,"","Sobic.001G374800.1","Chr01",66343883,66347659,3777,"+",-4041,265
"2506","PstI.TP770722","Bcirc_cm.67",1,66347924,"Bcirc_cm","PS_N(1)","124+36088im(1)","","FarmCPU(1)","","","",0.1477,1.611,NA,"",NA,NA,"","Sobic.001G374900.1","Chr01",66348484,66349434,951,"+",560,-1510
"2507","PstI.TP770722","Bcirc_cm.67",1,66347924,"Bcirc_cm","PS_N(1)","124+36088im(1)","","FarmCPU(1)","","","",0.1477,1.611,NA,"",NA,NA,"","Sobic.001G374900.1","Chr01",66348484,66349434,951,"+",560,-1510
"2508","PstI.TP770722","Bcirc_cm.67",1,66347924,"Bcirc_cm","PS_N(1)","124+36088im(1)","","FarmCPU(1)","","","",0.1477,1.611,NA,"",NA,NA,"","Sobic.001G374800.1","Chr01",66343883,66347659,3777,"+",-4041,265
"2509","PstI.TP770722","Bcirc_cm.67",1,66347924,"Bcirc_cm","PS_N(1)","124+36088im(1)","","FarmCPU(1)","","","",0.1477,1.611,NA,"",NA,NA,"","Sobic.001G374800.1","Chr01",66343883,66347659,3777,"+",-4041,265
"2510","PstI.TP770722","Bcirc_cm.67",1,66347924,"Bcirc_cm","PS_N(1)","124+36088im(1)","","FarmCPU(1)","","","",0.1477,1.611,NA,"",NA,NA,"","Sobic.001G374900.1","Chr01",66348484,66349434,951,"+",560,-1510
"2511","PstI.TP770722","Bcirc_cm.67",1,66347924,"Bcirc_cm","PS_N(1)","124+36088im(1)","","FarmCPU(1)","","","",0.1477,1.611,NA,"",NA,NA,"","Sobic.001G374900.1","Chr01",66348484,66349434,951,"+",560,-1510
"2512","PstI.TP770722","Bcirc_cm.67",1,66347924,"Bcirc_cm","PS_N(1)","124+36088im(1)","","FarmCPU(1)","","","",0.1477,1.611,NA,"",NA,NA,"","Sobic.001G374800.1","Chr01",66343883,66347659,3777,"+",-4041,265
"2513","PstI.TP770895","CCirc_cm.42",1,13263569,"CCirc_cm","PS_Y(1)","C124+2560(1)","CMLM+SUPER(1)","","","","",0.1169,5.509,NA,"",NA,NA,"","Sobic.001G161200.1","Chr01",13263107,13265447,2341,"+",-462,-1878
"2514","PstI.TP770895","CCirc_cm.42",1,13263569,"CCirc_cm","PS_Y(1)","C124+2560(1)","CMLM+SUPER(1)","","","","",0.1169,5.509,NA,"",NA,NA,"","Sobic.001G161200.2","Chr01",13263107,13265447,2341,"+",-462,-1878
"2517","PstI.TP771967","Cml_cm.62",10,52242723,"Cml_cm","PS_N(1)","C106+4202(1)","","FarmCPU(1)","","","",0.2311,2.157,NA,"",NA,NA,"","Sobic.010G182800.1","Chr10",52236033,52242284,6252,"-",-6690,439
"2518","PstI.TP773172","Yld_kg.32",3,55061314,"Yld","PS_N(1)","124+36088im(1)","","","ISIS EM-BLASSO(1)","","",0.1452,3.937,NA,"PstI.TP745785",6,45615805,"PstI.TP745785\6\45615805","Sobic.003G215600.1","Chr03",55053821,55062277,8457,"-",-7493,-963
"2519","PstI.TP773172","Yld_kg.32",3,55061314,"Yld","PS_N(1)","124+36088im(1)","","","ISIS EM-BLASSO(1)","","",0.1452,3.937,NA,"PstI.TP745785",6,45615805,"PstI.TP745785\6\45615805","Sobic.003G215600.1","Chr03",55053821,55062277,8457,"-",-7493,-963
"2520","PstI.TP773172","Yld_kg.32",3,55061314,"Yld","PS_N(1)","124+36088im(1)","","","ISIS EM-BLASSO(1)","","",0.1452,3.937,NA,"PstI.TP745785",6,45615805,"PstI.TP745785\6\45615805","Sobic.003G215600.1","Chr03",55053821,55062277,8457,"-",-7493,-963
"2521","PstI.TP773172","Yld_kg.32",3,55061314,"Yld","PS_N(1)","124+36088im(1)","","","ISIS EM-BLASSO(1)","","",0.1452,3.937,NA,"PstI.TP745785",6,45615805,"PstI.TP745785\6\45615805","Sobic.003G215600.1","Chr03",55053821,55062277,8457,"-",-7493,-963
"2522","PstI.TP773172","Yld_kg.32",3,55061314,"Yld","PS_N(1)","124+36088im(1)","","","ISIS EM-BLASSO(1)","","",0.1452,3.937,NA,"PstI.TP745785",6,45615805,"PstI.TP745785\6\45615805","Sobic.003G215600.1","Chr03",55053821,55062277,8457,"-",-7493,-963
"2523","PstI.TP773172","Yld_kg.32",3,55061314,"Yld","PS_N(1)","124+36088im(1)","","","ISIS EM-BLASSO(1)","","",0.1452,3.937,NA,"PstI.TP745785",6,45615805,"PstI.TP745785\6\45615805","Sobic.003G215600.1","Chr03",55053821,55062277,8457,"-",-7493,-963
"2524","PstI.TP773172","Cml_cm.63",3,55061314,"Cml_cm","PS_N(3);PS_Y(1)","124+36088im(4)","","","FASTmrMLM(1);mrMLM(2);pKWmEB(1)","","",0.1475,7.877,NA,"",NA,NA,"","Sobic.003G215600.1","Chr03",55053821,55062277,8457,"-",-7493,-963
"2525","PstI.TP773172","Cml_cm.63",3,55061314,"Cml_cm","PS_N(3);PS_Y(1)","124+36088im(4)","","","FASTmrMLM(1);mrMLM(2);pKWmEB(1)","","",0.1475,7.877,NA,"",NA,NA,"","Sobic.003G215600.1","Chr03",55053821,55062277,8457,"-",-7493,-963
"2526","PstI.TP773172","Cml_cm.63",3,55061314,"Cml_cm","PS_N(3);PS_Y(1)","124+36088im(4)","","","FASTmrMLM(1);mrMLM(2);pKWmEB(1)","","",0.1475,7.877,NA,"",NA,NA,"","Sobic.003G215600.1","Chr03",55053821,55062277,8457,"-",-7493,-963
"2527","PstI.TP773172","Cml_cm.63",3,55061314,"Cml_cm","PS_N(3);PS_Y(1)","124+36088im(4)","","","FASTmrMLM(1);mrMLM(2);pKWmEB(1)","","",0.1475,7.877,NA,"",NA,NA,"","Sobic.003G215600.1","Chr03",55053821,55062277,8457,"-",-7493,-963
"2528","PstI.TP773172","Cml_cm.63",3,55061314,"Cml_cm","PS_N(3);PS_Y(1)","124+36088im(4)","","","FASTmrMLM(1);mrMLM(2);pKWmEB(1)","","",0.1475,7.877,NA,"",NA,NA,"","Sobic.003G215600.1","Chr03",55053821,55062277,8457,"-",-7493,-963
"2529","PstI.TP773172","Cml_cm.63",3,55061314,"Cml_cm","PS_N(3);PS_Y(1)","124+36088im(4)","","","FASTmrMLM(1);mrMLM(2);pKWmEB(1)","","",0.1475,7.877,NA,"",NA,NA,"","Sobic.003G215600.1","Chr03",55053821,55062277,8457,"-",-7493,-963
"2530","PstI.TP773172","CmDW_g.55",3,55061314,"CmDW_g","PS_N(1);PS_Y(2)","124+36088im(3)","","","FASTmrMLM(1);ISIS EM-BLASSO(1);mrMLM(1)","","",0.1475,4.743,NA,"",NA,NA,"","Sobic.003G215600.1","Chr03",55053821,55062277,8457,"-",-7493,-963
"2531","PstI.TP773172","CmDW_g.55",3,55061314,"CmDW_g","PS_N(1);PS_Y(2)","124+36088im(3)","","","FASTmrMLM(1);ISIS EM-BLASSO(1);mrMLM(1)","","",0.1475,4.743,NA,"",NA,NA,"","Sobic.003G215600.1","Chr03",55053821,55062277,8457,"-",-7493,-963
"2532","PstI.TP773172","CmDW_g.55",3,55061314,"CmDW_g","PS_N(1);PS_Y(2)","124+36088im(3)","","","FASTmrMLM(1);ISIS EM-BLASSO(1);mrMLM(1)","","",0.1475,4.743,NA,"",NA,NA,"","Sobic.003G215600.1","Chr03",55053821,55062277,8457,"-",-7493,-963
"2533","PstI.TP773172","CmDW_g.55",3,55061314,"CmDW_g","PS_N(1);PS_Y(2)","124+36088im(3)","","","FASTmrMLM(1);ISIS EM-BLASSO(1);mrMLM(1)","","",0.1475,4.743,NA,"",NA,NA,"","Sobic.003G215600.1","Chr03",55053821,55062277,8457,"-",-7493,-963
"2534","PstI.TP773172","CmDW_g.55",3,55061314,"CmDW_g","PS_N(1);PS_Y(2)","124+36088im(3)","","","FASTmrMLM(1);ISIS EM-BLASSO(1);mrMLM(1)","","",0.1475,4.743,NA,"",NA,NA,"","Sobic.003G215600.1","Chr03",55053821,55062277,8457,"-",-7493,-963
"2535","PstI.TP773172","CmDW_g.55",3,55061314,"CmDW_g","PS_N(1);PS_Y(2)","124+36088im(3)","","","FASTmrMLM(1);ISIS EM-BLASSO(1);mrMLM(1)","","",0.1475,4.743,NA,"",NA,NA,"","Sobic.003G215600.1","Chr03",55053821,55062277,8457,"-",-7493,-963
"2536","PstI.TP773172","CmD_BI_mm.67",3,55061314,"CmD_BI_mm","PS_N(2);PS_Y(2)","124+36088im(4)","","","FASTmrMLM(2);mrMLM(1);pKWmEB(1)","","",0.1475,10.7,NA,"",NA,NA,"","Sobic.003G215600.1","Chr03",55053821,55062277,8457,"-",-7493,-963
"2537","PstI.TP773172","CmD_BI_mm.67",3,55061314,"CmD_BI_mm","PS_N(2);PS_Y(2)","124+36088im(4)","","","FASTmrMLM(2);mrMLM(1);pKWmEB(1)","","",0.1475,10.7,NA,"",NA,NA,"","Sobic.003G215600.1","Chr03",55053821,55062277,8457,"-",-7493,-963
"2538","PstI.TP773172","CmD_BI_mm.67",3,55061314,"CmD_BI_mm","PS_N(2);PS_Y(2)","124+36088im(4)","","","FASTmrMLM(2);mrMLM(1);pKWmEB(1)","","",0.1475,10.7,NA,"",NA,NA,"","Sobic.003G215600.1","Chr03",55053821,55062277,8457,"-",-7493,-963
"2539","PstI.TP773172","CmD_BI_mm.67",3,55061314,"CmD_BI_mm","PS_N(2);PS_Y(2)","124+36088im(4)","","","FASTmrMLM(2);mrMLM(1);pKWmEB(1)","","",0.1475,10.7,NA,"",NA,NA,"","Sobic.003G215600.1","Chr03",55053821,55062277,8457,"-",-7493,-963
"2540","PstI.TP773172","CmD_BI_mm.67",3,55061314,"CmD_BI_mm","PS_N(2);PS_Y(2)","124+36088im(4)","","","FASTmrMLM(2);mrMLM(1);pKWmEB(1)","","",0.1475,10.7,NA,"",NA,NA,"","Sobic.003G215600.1","Chr03",55053821,55062277,8457,"-",-7493,-963
"2541","PstI.TP773172","CmD_BI_mm.67",3,55061314,"CmD_BI_mm","PS_N(2);PS_Y(2)","124+36088im(4)","","","FASTmrMLM(2);mrMLM(1);pKWmEB(1)","","",0.1475,10.7,NA,"",NA,NA,"","Sobic.003G215600.1","Chr03",55053821,55062277,8457,"-",-7493,-963
"2542","PstI.TP773172","CmD_LI_mm.54",3,55061314,"CmD_LI_mm","PS_N(1)","124+36088im(1)","","","mrMLM(1)","","",0.1475,2.965,NA,"",NA,NA,"","Sobic.003G215600.1","Chr03",55053821,55062277,8457,"-",-7493,-963
"2543","PstI.TP773172","CmD_LI_mm.54",3,55061314,"CmD_LI_mm","PS_N(1)","124+36088im(1)","","","mrMLM(1)","","",0.1475,2.965,NA,"",NA,NA,"","Sobic.003G215600.1","Chr03",55053821,55062277,8457,"-",-7493,-963
"2544","PstI.TP773172","CmD_LI_mm.54",3,55061314,"CmD_LI_mm","PS_N(1)","124+36088im(1)","","","mrMLM(1)","","",0.1475,2.965,NA,"",NA,NA,"","Sobic.003G215600.1","Chr03",55053821,55062277,8457,"-",-7493,-963
"2545","PstI.TP773172","CmD_LI_mm.54",3,55061314,"CmD_LI_mm","PS_N(1)","124+36088im(1)","","","mrMLM(1)","","",0.1475,2.965,NA,"",NA,NA,"","Sobic.003G215600.1","Chr03",55053821,55062277,8457,"-",-7493,-963
"2546","PstI.TP773172","CmD_LI_mm.54",3,55061314,"CmD_LI_mm","PS_N(1)","124+36088im(1)","","","mrMLM(1)","","",0.1475,2.965,NA,"",NA,NA,"","Sobic.003G215600.1","Chr03",55053821,55062277,8457,"-",-7493,-963
"2547","PstI.TP773172","CmD_LI_mm.54",3,55061314,"CmD_LI_mm","PS_N(1)","124+36088im(1)","","","mrMLM(1)","","",0.1475,2.965,NA,"",NA,NA,"","Sobic.003G215600.1","Chr03",55053821,55062277,8457,"-",-7493,-963
"2548","PstI.TP773172","CCirc_cm.43",3,55061314,"CCirc_cm","PS_N(3);PS_Y(2)","124+36088im(5)","","","FASTmrMLM(2);mrMLM(1);pKWmEB(2)","","",0.1538,8.05,NA,"",NA,NA,"","Sobic.003G215600.1","Chr03",55053821,55062277,8457,"-",-7493,-963
"2549","PstI.TP773172","CCirc_cm.43",3,55061314,"CCirc_cm","PS_N(3);PS_Y(2)","124+36088im(5)","","","FASTmrMLM(2);mrMLM(1);pKWmEB(2)","","",0.1538,8.05,NA,"",NA,NA,"","Sobic.003G215600.1","Chr03",55053821,55062277,8457,"-",-7493,-963
"2550","PstI.TP773172","CCirc_cm.43",3,55061314,"CCirc_cm","PS_N(3);PS_Y(2)","124+36088im(5)","","","FASTmrMLM(2);mrMLM(1);pKWmEB(2)","","",0.1538,8.05,NA,"",NA,NA,"","Sobic.003G215600.1","Chr03",55053821,55062277,8457,"-",-7493,-963
"2551","PstI.TP773172","CCirc_cm.43",3,55061314,"CCirc_cm","PS_N(3);PS_Y(2)","124+36088im(5)","","","FASTmrMLM(2);mrMLM(1);pKWmEB(2)","","",0.1538,8.05,NA,"",NA,NA,"","Sobic.003G215600.1","Chr03",55053821,55062277,8457,"-",-7493,-963
"2552","PstI.TP773172","CCirc_cm.43",3,55061314,"CCirc_cm","PS_N(3);PS_Y(2)","124+36088im(5)","","","FASTmrMLM(2);mrMLM(1);pKWmEB(2)","","",0.1538,8.05,NA,"",NA,NA,"","Sobic.003G215600.1","Chr03",55053821,55062277,8457,"-",-7493,-963
"2553","PstI.TP773172","CCirc_cm.43",3,55061314,"CCirc_cm","PS_N(3);PS_Y(2)","124+36088im(5)","","","FASTmrMLM(2);mrMLM(1);pKWmEB(2)","","",0.1538,8.05,NA,"",NA,NA,"","Sobic.003G215600.1","Chr03",55053821,55062277,8457,"-",-7493,-963
"2554","PstI.TP774504","CmD_LI_mm.55",4,7549373,"CmD_LI_mm","PS_Y(2)","C106+4202(2)","","","FASTmrMLM(1);pKWmEB(1)","","",0.283,3.312,NA,"",NA,NA,"","Sobic.004G088900.1","Chr04",7548556,7550015,1460,"-",-817,-642
"2555","PstI.TP774963","CmD_LI_mm.56",6,1911989,"CmD_LI_mm","PS_Y(1)","C106+4202(1)","","","ISIS EM-BLASSO(1)","","",0.1698,20.42,NA,"",NA,NA,"","Sobic.006G013300.1","Chr06",1909956,1914230,4275,"+",-2033,-2241
"2556","PstI.TP774963","CmD_LI_mm.56",6,1911989,"CmD_LI_mm","PS_Y(1)","C106+4202(1)","","","ISIS EM-BLASSO(1)","","",0.1698,20.42,NA,"",NA,NA,"","Sobic.006G013300.1","Chr06",1909956,1914230,4275,"+",-2033,-2241
"2557","PstI.TP774963","Bcirc_cm.68",6,1911989,"Bcirc_cm","PS_N(2);PS_Y(1)","C106+4202(1);C116+3293(1);C124+2560(1)","CMLM+SUPER(1)","FarmCPU(2)","","","",0.1698,1.019,NA,"",NA,NA,"","Sobic.006G013300.1","Chr06",1909956,1914230,4275,"+",-2033,-2241
"2558","PstI.TP774963","Bcirc_cm.68",6,1911989,"Bcirc_cm","PS_N(2);PS_Y(1)","C106+4202(1);C116+3293(1);C124+2560(1)","CMLM+SUPER(1)","FarmCPU(2)","","","",0.1698,1.019,NA,"",NA,NA,"","Sobic.006G013300.1","Chr06",1909956,1914230,4275,"+",-2033,-2241
"2559","PstI.TP775752","CmN.217",10,41350986,"CmN","PS_Y(2)","C106+4202(2)","CMLM+SUPER(1);MLM+SUPER(1)","","","","",0.08019,2.748,NA,"",NA,NA,"","Sobic.010G146000.1","Chr10",41350269,41353669,3401,"-",-717,-2683
"2560","PstI.TP77980","CmN.218",10,10346907,"CmN","PS_Y(1)","124+36088im(1)","","","","","GLM(1)",0.317,8.152,NA,"",NA,NA,"","Sobic.010G106900.1","Chr10",10334516,10347396,12881,"+",-12391,-489
"2561","PstI.TP788586","Bcirc_cm.69",6,57442567,"Bcirc_cm","PS_N(1)","C106+4202(1)","","FarmCPU(1)","","","",0.3585,0.006795,NA,"",NA,NA,"","Sobic.006G231266.1","Chr06",57439537,57442937,3401,"+",-3030,-370
"2562","PstI.TP788586","Bcirc_cm.69",6,57442567,"Bcirc_cm","PS_N(1)","C106+4202(1)","","FarmCPU(1)","","","",0.3585,0.006795,NA,"",NA,NA,"","Sobic.006G231266.1","Chr06",57439537,57442937,3401,"+",-3030,-370
"2563","PstI.TP788586","Bcirc_cm.69",6,57442567,"Bcirc_cm","PS_N(1)","C106+4202(1)","","FarmCPU(1)","","","",0.3585,0.006795,NA,"",NA,NA,"","Sobic.006G231400.1","Chr06",57443138,57445069,1932,"+",571,-2502
"2564","PstI.TP788586","Bcirc_cm.69",6,57442567,"Bcirc_cm","PS_N(1)","C106+4202(1)","","FarmCPU(1)","","","",0.3585,0.006795,NA,"",NA,NA,"","Sobic.006G231400.1","Chr06",57443138,57445069,1932,"+",571,-2502
"2565","PstI.TP788586","Bcirc_cm.69",6,57442567,"Bcirc_cm","PS_N(1)","C106+4202(1)","","FarmCPU(1)","","","",0.3585,0.006795,NA,"",NA,NA,"","Sobic.006G231266.1","Chr06",57439537,57442937,3401,"+",-3030,-370
"2566","PstI.TP788586","Bcirc_cm.69",6,57442567,"Bcirc_cm","PS_N(1)","C106+4202(1)","","FarmCPU(1)","","","",0.3585,0.006795,NA,"",NA,NA,"","Sobic.006G231266.1","Chr06",57439537,57442937,3401,"+",-3030,-370
"2567","PstI.TP788586","Bcirc_cm.69",6,57442567,"Bcirc_cm","PS_N(1)","C106+4202(1)","","FarmCPU(1)","","","",0.3585,0.006795,NA,"",NA,NA,"","Sobic.006G231400.1","Chr06",57443138,57445069,1932,"+",571,-2502
"2568","PstI.TP788586","Bcirc_cm.69",6,57442567,"Bcirc_cm","PS_N(1)","C106+4202(1)","","FarmCPU(1)","","","",0.3585,0.006795,NA,"",NA,NA,"","Sobic.006G231400.1","Chr06",57443138,57445069,1932,"+",571,-2502
"2570","PstI.TP789647","CmD_LI_mm.57",3,69354547,"CmD_LI_mm","PS_Y(5)","C116+3293(3);C124+2560(2)","","","FASTmrMLM(2);ISIS EM-BLASSO(1);pKWmEB(2)","","",0.3589,5.791,NA,"",NA,NA,"","Sobic.003G379700.1","Chr03",69351545,69356137,4593,"-",-3002,-1590
"2571","PstI.TP789647","CmD_LI_mm.57",3,69354547,"CmD_LI_mm","PS_Y(5)","C116+3293(3);C124+2560(2)","","","FASTmrMLM(2);ISIS EM-BLASSO(1);pKWmEB(2)","","",0.3589,5.791,NA,"",NA,NA,"","Sobic.003G379700.1","Chr03",69351545,69356137,4593,"-",-3002,-1590
"2572","PstI.TP789647","CmD_LI_mm.57",3,69354547,"CmD_LI_mm","PS_Y(5)","C116+3293(3);C124+2560(2)","","","FASTmrMLM(2);ISIS EM-BLASSO(1);pKWmEB(2)","","",0.3589,5.791,NA,"",NA,NA,"","Sobic.003G379700.2","Chr03",69351545,69356140,4596,"-",-3002,-1593
"2573","PstI.TP789647","CmD_LI_mm.57",3,69354547,"CmD_LI_mm","PS_Y(5)","C116+3293(3);C124+2560(2)","","","FASTmrMLM(2);ISIS EM-BLASSO(1);pKWmEB(2)","","",0.3589,5.791,NA,"",NA,NA,"","Sobic.003G379700.1","Chr03",69351545,69356137,4593,"-",-3002,-1590
"2574","PstI.TP789647","CmD_LI_mm.57",3,69354547,"CmD_LI_mm","PS_Y(5)","C116+3293(3);C124+2560(2)","","","FASTmrMLM(2);ISIS EM-BLASSO(1);pKWmEB(2)","","",0.3589,5.791,NA,"",NA,NA,"","Sobic.003G379700.2","Chr03",69351545,69356140,4596,"-",-3002,-1593
"2575","PstI.TP789647","CmD_LI_mm.57",3,69354547,"CmD_LI_mm","PS_Y(5)","C116+3293(3);C124+2560(2)","","","FASTmrMLM(2);ISIS EM-BLASSO(1);pKWmEB(2)","","",0.3589,5.791,NA,"",NA,NA,"","Sobic.003G379700.1","Chr03",69351545,69356137,4593,"-",-3002,-1590
"2576","PstI.TP789647","CmD_LI_mm.57",3,69354547,"CmD_LI_mm","PS_Y(5)","C116+3293(3);C124+2560(2)","","","FASTmrMLM(2);ISIS EM-BLASSO(1);pKWmEB(2)","","",0.3589,5.791,NA,"",NA,NA,"","Sobic.003G379700.2","Chr03",69351545,69356140,4596,"-",-3002,-1593
"2577","PstI.TP789647","CmD_LI_mm.57",3,69354547,"CmD_LI_mm","PS_Y(5)","C116+3293(3);C124+2560(2)","","","FASTmrMLM(2);ISIS EM-BLASSO(1);pKWmEB(2)","","",0.3589,5.791,NA,"",NA,NA,"","Sobic.003G379700.2","Chr03",69351545,69356140,4596,"-",-3002,-1593
"2578","PstI.TP789647","Yld_kg.33",3,69354547,"Yld","PS_Y(5)","C116+3293(4)C124+2560(1)","","","FASTmrMLM(1)mrMLM(1)ISIS EM-BLASSO(1)pLARmEB(2)","","",0.3509,7.994,NA,"PstI.TP753385",8,58262070,"PstI.TP753385\8\58262070","Sobic.003G379700.1","Chr03",69351545,69356137,4593,"-",-3002,-1590
"2579","PstI.TP789647","Yld_kg.33",3,69354547,"Yld","PS_Y(5)","C116+3293(4)C124+2560(1)","","","FASTmrMLM(1)mrMLM(1)ISIS EM-BLASSO(1)pLARmEB(2)","","",0.3509,7.994,NA,"PstI.TP753385",8,58262070,"PstI.TP753385\8\58262070","Sobic.003G379700.1","Chr03",69351545,69356137,4593,"-",-3002,-1590
"2580","PstI.TP789647","Yld_kg.33",3,69354547,"Yld","PS_Y(5)","C116+3293(4)C124+2560(1)","","","FASTmrMLM(1)mrMLM(1)ISIS EM-BLASSO(1)pLARmEB(2)","","",0.3509,7.994,NA,"PstI.TP753385",8,58262070,"PstI.TP753385\8\58262070","Sobic.003G379700.2","Chr03",69351545,69356140,4596,"-",-3002,-1593
"2581","PstI.TP789647","Yld_kg.33",3,69354547,"Yld","PS_Y(5)","C116+3293(4)C124+2560(1)","","","FASTmrMLM(1)mrMLM(1)ISIS EM-BLASSO(1)pLARmEB(2)","","",0.3509,7.994,NA,"PstI.TP753385",8,58262070,"PstI.TP753385\8\58262070","Sobic.003G379700.1","Chr03",69351545,69356137,4593,"-",-3002,-1590
"2582","PstI.TP789647","Yld_kg.33",3,69354547,"Yld","PS_Y(5)","C116+3293(4)C124+2560(1)","","","FASTmrMLM(1)mrMLM(1)ISIS EM-BLASSO(1)pLARmEB(2)","","",0.3509,7.994,NA,"PstI.TP753385",8,58262070,"PstI.TP753385\8\58262070","Sobic.003G379700.2","Chr03",69351545,69356140,4596,"-",-3002,-1593
"2583","PstI.TP789647","Yld_kg.33",3,69354547,"Yld","PS_Y(5)","C116+3293(4)C124+2560(1)","","","FASTmrMLM(1)mrMLM(1)ISIS EM-BLASSO(1)pLARmEB(2)","","",0.3509,7.994,NA,"PstI.TP753385",8,58262070,"PstI.TP753385\8\58262070","Sobic.003G379700.1","Chr03",69351545,69356137,4593,"-",-3002,-1590
"2584","PstI.TP789647","Yld_kg.33",3,69354547,"Yld","PS_Y(5)","C116+3293(4)C124+2560(1)","","","FASTmrMLM(1)mrMLM(1)ISIS EM-BLASSO(1)pLARmEB(2)","","",0.3509,7.994,NA,"PstI.TP753385",8,58262070,"PstI.TP753385\8\58262070","Sobic.003G379700.2","Chr03",69351545,69356140,4596,"-",-3002,-1593
"2585","PstI.TP789647","Yld_kg.33",3,69354547,"Yld","PS_Y(5)","C116+3293(4)C124+2560(1)","","","FASTmrMLM(1)mrMLM(1)ISIS EM-BLASSO(1)pLARmEB(2)","","",0.3509,7.994,NA,"PstI.TP753385",8,58262070,"PstI.TP753385\8\58262070","Sobic.003G379700.2","Chr03",69351545,69356140,4596,"-",-3002,-1593
"2586","PstI.TP789647","CmD_BI_mm.68",3,69354547,"CmD_BI_mm","PS_N(4);PS_Y(5)","C116+3293(7);C124+2560(2)","","","FASTmrEMMA(1);FASTmrMLM(3);ISIS EM-BLASSO(2);mrMLM(1);pKWmEB(2)","","",0.3589,9.656,NA,"",NA,NA,"","Sobic.003G379700.1","Chr03",69351545,69356137,4593,"-",-3002,-1590
"2587","PstI.TP789647","CmD_BI_mm.68",3,69354547,"CmD_BI_mm","PS_N(4);PS_Y(5)","C116+3293(7);C124+2560(2)","","","FASTmrEMMA(1);FASTmrMLM(3);ISIS EM-BLASSO(2);mrMLM(1);pKWmEB(2)","","",0.3589,9.656,NA,"",NA,NA,"","Sobic.003G379700.1","Chr03",69351545,69356137,4593,"-",-3002,-1590
"2588","PstI.TP789647","CmD_BI_mm.68",3,69354547,"CmD_BI_mm","PS_N(4);PS_Y(5)","C116+3293(7);C124+2560(2)","","","FASTmrEMMA(1);FASTmrMLM(3);ISIS EM-BLASSO(2);mrMLM(1);pKWmEB(2)","","",0.3589,9.656,NA,"",NA,NA,"","Sobic.003G379700.2","Chr03",69351545,69356140,4596,"-",-3002,-1593
"2589","PstI.TP789647","CmD_BI_mm.68",3,69354547,"CmD_BI_mm","PS_N(4);PS_Y(5)","C116+3293(7);C124+2560(2)","","","FASTmrEMMA(1);FASTmrMLM(3);ISIS EM-BLASSO(2);mrMLM(1);pKWmEB(2)","","",0.3589,9.656,NA,"",NA,NA,"","Sobic.003G379700.1","Chr03",69351545,69356137,4593,"-",-3002,-1590
"2590","PstI.TP789647","CmD_BI_mm.68",3,69354547,"CmD_BI_mm","PS_N(4);PS_Y(5)","C116+3293(7);C124+2560(2)","","","FASTmrEMMA(1);FASTmrMLM(3);ISIS EM-BLASSO(2);mrMLM(1);pKWmEB(2)","","",0.3589,9.656,NA,"",NA,NA,"","Sobic.003G379700.2","Chr03",69351545,69356140,4596,"-",-3002,-1593
"2591","PstI.TP789647","CmD_BI_mm.68",3,69354547,"CmD_BI_mm","PS_N(4);PS_Y(5)","C116+3293(7);C124+2560(2)","","","FASTmrEMMA(1);FASTmrMLM(3);ISIS EM-BLASSO(2);mrMLM(1);pKWmEB(2)","","",0.3589,9.656,NA,"",NA,NA,"","Sobic.003G379700.1","Chr03",69351545,69356137,4593,"-",-3002,-1590
"2592","PstI.TP789647","CmD_BI_mm.68",3,69354547,"CmD_BI_mm","PS_N(4);PS_Y(5)","C116+3293(7);C124+2560(2)","","","FASTmrEMMA(1);FASTmrMLM(3);ISIS EM-BLASSO(2);mrMLM(1);pKWmEB(2)","","",0.3589,9.656,NA,"",NA,NA,"","Sobic.003G379700.2","Chr03",69351545,69356140,4596,"-",-3002,-1593
"2593","PstI.TP789647","CmD_BI_mm.68",3,69354547,"CmD_BI_mm","PS_N(4);PS_Y(5)","C116+3293(7);C124+2560(2)","","","FASTmrEMMA(1);FASTmrMLM(3);ISIS EM-BLASSO(2);mrMLM(1);pKWmEB(2)","","",0.3589,9.656,NA,"",NA,NA,"","Sobic.003G379700.2","Chr03",69351545,69356140,4596,"-",-3002,-1593
"2594","PstI.TP789647","CmDW_g.56",3,69354547,"CmDW_g","PS_Y(4)","C116+3293(3);C124+2560(1)","","","FASTmrEMMA(1);FASTmrMLM(1);ISIS EM-BLASSO(2)","","",0.3589,5.38,NA,"",NA,NA,"","Sobic.003G379700.1","Chr03",69351545,69356137,4593,"-",-3002,-1590
"2595","PstI.TP789647","CmDW_g.56",3,69354547,"CmDW_g","PS_Y(4)","C116+3293(3);C124+2560(1)","","","FASTmrEMMA(1);FASTmrMLM(1);ISIS EM-BLASSO(2)","","",0.3589,5.38,NA,"",NA,NA,"","Sobic.003G379700.1","Chr03",69351545,69356137,4593,"-",-3002,-1590
"2596","PstI.TP789647","CmDW_g.56",3,69354547,"CmDW_g","PS_Y(4)","C116+3293(3);C124+2560(1)","","","FASTmrEMMA(1);FASTmrMLM(1);ISIS EM-BLASSO(2)","","",0.3589,5.38,NA,"",NA,NA,"","Sobic.003G379700.2","Chr03",69351545,69356140,4596,"-",-3002,-1593
"2597","PstI.TP789647","CmDW_g.56",3,69354547,"CmDW_g","PS_Y(4)","C116+3293(3);C124+2560(1)","","","FASTmrEMMA(1);FASTmrMLM(1);ISIS EM-BLASSO(2)","","",0.3589,5.38,NA,"",NA,NA,"","Sobic.003G379700.1","Chr03",69351545,69356137,4593,"-",-3002,-1590
"2598","PstI.TP789647","CmDW_g.56",3,69354547,"CmDW_g","PS_Y(4)","C116+3293(3);C124+2560(1)","","","FASTmrEMMA(1);FASTmrMLM(1);ISIS EM-BLASSO(2)","","",0.3589,5.38,NA,"",NA,NA,"","Sobic.003G379700.2","Chr03",69351545,69356140,4596,"-",-3002,-1593
"2599","PstI.TP789647","CmDW_g.56",3,69354547,"CmDW_g","PS_Y(4)","C116+3293(3);C124+2560(1)","","","FASTmrEMMA(1);FASTmrMLM(1);ISIS EM-BLASSO(2)","","",0.3589,5.38,NA,"",NA,NA,"","Sobic.003G379700.1","Chr03",69351545,69356137,4593,"-",-3002,-1590
"2600","PstI.TP789647","CmDW_g.56",3,69354547,"CmDW_g","PS_Y(4)","C116+3293(3);C124+2560(1)","","","FASTmrEMMA(1);FASTmrMLM(1);ISIS EM-BLASSO(2)","","",0.3589,5.38,NA,"",NA,NA,"","Sobic.003G379700.2","Chr03",69351545,69356140,4596,"-",-3002,-1593
"2601","PstI.TP789647","CmDW_g.56",3,69354547,"CmDW_g","PS_Y(4)","C116+3293(3);C124+2560(1)","","","FASTmrEMMA(1);FASTmrMLM(1);ISIS EM-BLASSO(2)","","",0.3589,5.38,NA,"",NA,NA,"","Sobic.003G379700.2","Chr03",69351545,69356140,4596,"-",-3002,-1593
"2602","PstI.TP790069","CmDW_g.57",2,699673,"CmDW_g","PS_N(2)","C124+2560(2)","","","ISIS EM-BLASSO(1);pKWmEB(1)","","",0.2621,27.61,NA,"",NA,NA,"","Sobic.002G007400.1","Chr02",698947,700577,1631,"-",-726,-904
"2603","PstI.TP790069","CmDW_g.57",2,699673,"CmDW_g","PS_N(2)","C124+2560(2)","","","ISIS EM-BLASSO(1);pKWmEB(1)","","",0.2621,27.61,NA,"",NA,NA,"","Sobic.002G007400.1","Chr02",698947,700577,1631,"-",-726,-904
"2604","PstI.TP790069","Bcirc_cm.70",2,699673,"Bcirc_cm","PS_N(7)","C116+3293(4);C124+2560(3)","","FarmCPU(1)","FASTmrMLM(1);ISIS EM-BLASSO(1);mrMLM(2);pKWmEB(2)","","",0.2759,53.44,NA,"",NA,NA,"","Sobic.002G007400.1","Chr02",698947,700577,1631,"-",-726,-904
"2605","PstI.TP790069","Bcirc_cm.70",2,699673,"Bcirc_cm","PS_N(7)","C116+3293(4);C124+2560(3)","","FarmCPU(1)","FASTmrMLM(1);ISIS EM-BLASSO(1);mrMLM(2);pKWmEB(2)","","",0.2759,53.44,NA,"",NA,NA,"","Sobic.002G007400.1","Chr02",698947,700577,1631,"-",-726,-904
"2606","PstI.TP794569","CmN.220",2,3715278,"CmN","PS_N(3);PS_Y(4)","C116+3293(3);C124+2560(4)","CMLM+SUPER(2);MLM+SUPER(2)","","FASTmrMLM(1);mrMLM(2)","","",0.0658,17.52,NA,"",NA,NA,"","Sobic.002G037700.1","Chr02",3705260,3715914,10655,"-",-10018,-636
"2607","PstI.TP795667","Cml_cm.64",8,528900,"Cml_cm","PS_N(1)","124+36088im(1)","","FarmCPU(1)","","","",0.06863,14.57,NA,"",NA,NA,"","Sobic.008G006400.1","Chr08",527846,528916,1071,"+",-1054,-16
"2608","PstI.TP795667","Cml_cm.64",8,528900,"Cml_cm","PS_N(1)","124+36088im(1)","","FarmCPU(1)","","","",0.06863,14.57,NA,"",NA,NA,"","Sobic.008G006500.1","Chr08",529177,532714,3538,"+",277,-3814
"2609","PstI.TP795667","Cml_cm.64",8,528900,"Cml_cm","PS_N(1)","124+36088im(1)","","FarmCPU(1)","","","",0.06863,14.57,NA,"",NA,NA,"","Sobic.008G006400.1","Chr08",527846,528916,1071,"+",-1054,-16
"2610","PstI.TP795667","Cml_cm.64",8,528900,"Cml_cm","PS_N(1)","124+36088im(1)","","FarmCPU(1)","","","",0.06863,14.57,NA,"",NA,NA,"","Sobic.008G006500.1","Chr08",529177,532714,3538,"+",277,-3814
"2611","PstI.TP795667","Cml_cm.64",8,528900,"Cml_cm","PS_N(1)","124+36088im(1)","","FarmCPU(1)","","","",0.06863,14.57,NA,"",NA,NA,"","Sobic.008G006400.1","Chr08",527846,528916,1071,"+",-1054,-16
"2612","PstI.TP795667","Cml_cm.64",8,528900,"Cml_cm","PS_N(1)","124+36088im(1)","","FarmCPU(1)","","","",0.06863,14.57,NA,"",NA,NA,"","Sobic.008G006500.1","Chr08",529177,532714,3538,"+",277,-3814
"2613","PstI.TP795667","Cml_cm.64",8,528900,"Cml_cm","PS_N(1)","124+36088im(1)","","FarmCPU(1)","","","",0.06863,14.57,NA,"",NA,NA,"","Sobic.008G006400.1","Chr08",527846,528916,1071,"+",-1054,-16
"2614","PstI.TP795667","Cml_cm.64",8,528900,"Cml_cm","PS_N(1)","124+36088im(1)","","FarmCPU(1)","","","",0.06863,14.57,NA,"",NA,NA,"","Sobic.008G006500.1","Chr08",529177,532714,3538,"+",277,-3814
"2615","PstI.TP797446","CmN.221",3,12140520,"CmN","PS_Y(1)","124+36088im(1)","CMLM+SUPER(1)","","","","",0.1945,1.728,NA,"",NA,NA,"","Sobic.003G129600.1","Chr03",12133834,12140553,6720,"-",-6686,-33
"2616","PstI.TP802133","CmN.222",4,51215387,"CmN","PS_Y(1)","124+36088im(1)","CMLM+SUPER(1)","","","","",0.4906,1.311,NA,"",NA,NA,"","Sobic.004G162900.1","Chr04",51214219,51215601,1383,"-",-1168,-214
"2618","PstI.TP805461","CmDW_g.58",1,71344044,"CmDW_g","PS_N(1)","C116+3293(1)","","FarmCPU(1)","","","",0.4224,0.8452,NA,"",NA,NA,"","Sobic.001G434800.1","Chr01",71342270,71343480,1211,"+",-1774,564
"2622","PstI.TP814417","CCirc_cm.45",7,63993858,"CCirc_cm","PS_N(1)","124+36088im(1)","","","mrMLM(1)","","",0.0513,13.33,NA,"",NA,NA,"","Sobic.007G211000.5","Chr07",63992606,63995903,3298,"-",-1252,-2045
"2623","PstI.TP814417","CCirc_cm.45",7,63993858,"CCirc_cm","PS_N(1)","124+36088im(1)","","","mrMLM(1)","","",0.0513,13.33,NA,"",NA,NA,"","Sobic.007G211000.1","Chr07",63992668,63995898,3231,"-",-1190,-2040
"2624","PstI.TP814417","CCirc_cm.45",7,63993858,"CCirc_cm","PS_N(1)","124+36088im(1)","","","mrMLM(1)","","",0.0513,13.33,NA,"",NA,NA,"","Sobic.007G211000.4","Chr07",63992584,63995898,3315,"-",-1274,-2040
"2625","PstI.TP814417","CCirc_cm.45",7,63993858,"CCirc_cm","PS_N(1)","124+36088im(1)","","","mrMLM(1)","","",0.0513,13.33,NA,"",NA,NA,"","Sobic.007G211000.3","Chr07",63992583,63995898,3316,"-",-1275,-2040
"2626","PstI.TP815977","CmN.223",8,47698137,"CmN","PS_N(1)","C124+2560(1)","","","pKWmEB(1)","","",0.3306,3.642,NA,"",NA,NA,"","Sobic.008G100700.1","Chr08",47695374,47702005,6632,"-",-2763,-3868
"2627","PstI.TP815977","CmN.223",8,47698137,"CmN","PS_N(1)","C124+2560(1)","","","pKWmEB(1)","","",0.3306,3.642,NA,"",NA,NA,"","Sobic.008G100801.1","Chr08",47697853,47699186,1334,"+",-284,-1049
"2628","PstI.TP815977","CmN.223",8,47698137,"CmN","PS_N(1)","C124+2560(1)","","","pKWmEB(1)","","",0.3306,3.642,NA,"",NA,NA,"","Sobic.008G100700.1","Chr08",47695374,47702005,6632,"-",-2763,-3868
"2629","PstI.TP815977","CmN.223",8,47698137,"CmN","PS_N(1)","C124+2560(1)","","","pKWmEB(1)","","",0.3306,3.642,NA,"",NA,NA,"","Sobic.008G100801.1","Chr08",47697853,47699186,1334,"+",-284,-1049
"2630","PstI.TP815977","CmN.223",8,47698137,"CmN","PS_N(1)","C124+2560(1)","","","pKWmEB(1)","","",0.3306,3.642,NA,"",NA,NA,"","Sobic.008G100700.1","Chr08",47695374,47702005,6632,"-",-2763,-3868
"2631","PstI.TP815977","CmN.223",8,47698137,"CmN","PS_N(1)","C124+2560(1)","","","pKWmEB(1)","","",0.3306,3.642,NA,"",NA,NA,"","Sobic.008G100801.1","Chr08",47697853,47699186,1334,"+",-284,-1049
"2632","PstI.TP815977","CmN.223",8,47698137,"CmN","PS_N(1)","C124+2560(1)","","","pKWmEB(1)","","",0.3306,3.642,NA,"",NA,NA,"","Sobic.008G100700.1","Chr08",47695374,47702005,6632,"-",-2763,-3868
"2633","PstI.TP815977","CmN.223",8,47698137,"CmN","PS_N(1)","C124+2560(1)","","","pKWmEB(1)","","",0.3306,3.642,NA,"",NA,NA,"","Sobic.008G100801.1","Chr08",47697853,47699186,1334,"+",-284,-1049
"2635","PstI.TP828064","CmN.224",9,55177255,"CmN","PS_Y(1)","C106+4202(1)","MLM+SUPER(1)","","","","",0.08962,6.695,NA,"",NA,NA,"","Sobic.009G202801.1","Chr09",55172523,55178621,6099,"-",-4732,-1366
"2641","PstI.TP838455","Bcirc_cm.72",2,64681502,"Bcirc_cm","PS_N(2)","C116+3293(2)","","FarmCPU(1)","ISIS EM-BLASSO(1)","","",0.4483,6.614,NA,"",NA,NA,"","Sobic.002G261600.2","Chr02",64673010,64686425,13416,"-",-8492,-4923
"2642","PstI.TP838455","Bcirc_cm.72",2,64681502,"Bcirc_cm","PS_N(2)","C116+3293(2)","","FarmCPU(1)","ISIS EM-BLASSO(1)","","",0.4483,6.614,NA,"",NA,NA,"","Sobic.002G261600.1","Chr02",64673010,64686425,13416,"-",-8492,-4923
"2643","PstI.TP838455","Bcirc_cm.72",2,64681502,"Bcirc_cm","PS_N(2)","C116+3293(2)","","FarmCPU(1)","ISIS EM-BLASSO(1)","","",0.4483,6.614,NA,"",NA,NA,"","Sobic.002G261600.3","Chr02",64678962,64686425,7464,"-",-2540,-4923
"2644","PstI.TP838455","Bcirc_cm.72",2,64681502,"Bcirc_cm","PS_N(2)","C116+3293(2)","","FarmCPU(1)","ISIS EM-BLASSO(1)","","",0.4483,6.614,NA,"",NA,NA,"","Sobic.002G261600.5","Chr02",64674724,64686425,11702,"-",-6778,-4923
"2648","PstI.TP840679","CmD_LI_mm.60",6,49388605,"CmD_LI_mm","PS_N(3)","124+36088im(3)","","","FASTmrMLM(1);ISIS EM-BLASSO(1);mrMLM(1)","","",0.0685,9.28,NA,"",NA,NA,"","Sobic.006G129000.1","Chr06",49383922,49388815,4894,"+",-4683,-210
"2649","PstI.TP840679","CmD_LI_mm.60",6,49388605,"CmD_LI_mm","PS_N(3)","124+36088im(3)","","","FASTmrMLM(1);ISIS EM-BLASSO(1);mrMLM(1)","","",0.0685,9.28,NA,"",NA,NA,"","Sobic.006G129000.1","Chr06",49383922,49388815,4894,"+",-4683,-210
"2650","PstI.TP840679","CmD_LI_mm.60",6,49388605,"CmD_LI_mm","PS_N(3)","124+36088im(3)","","","FASTmrMLM(1);ISIS EM-BLASSO(1);mrMLM(1)","","",0.0685,9.28,NA,"",NA,NA,"","Sobic.006G129000.1","Chr06",49383922,49388815,4894,"+",-4683,-210
"2651","PstI.TP840679","CmDW_g.62",6,49388605,"CmDW_g","PS_N(1)","124+36088im(1)","","","mrMLM(1)","","",0.0615,5.444,NA,"",NA,NA,"","Sobic.006G129000.1","Chr06",49383922,49388815,4894,"+",-4683,-210
"2652","PstI.TP840679","CmDW_g.62",6,49388605,"CmDW_g","PS_N(1)","124+36088im(1)","","","mrMLM(1)","","",0.0615,5.444,NA,"",NA,NA,"","Sobic.006G129000.1","Chr06",49383922,49388815,4894,"+",-4683,-210
"2653","PstI.TP840679","CmDW_g.62",6,49388605,"CmDW_g","PS_N(1)","124+36088im(1)","","","mrMLM(1)","","",0.0615,5.444,NA,"",NA,NA,"","Sobic.006G129000.1","Chr06",49383922,49388815,4894,"+",-4683,-210
"2654","PstI.TP840679","Cml_cm.66",6,49388605,"Cml_cm","PS_N(3);PS_Y(3)","124+36088im(6)","","","FASTmrMLM(2);ISIS EM-BLASSO(1);mrMLM(1);pKWmEB(2)","","",0.0685,8.32,NA,"",NA,NA,"","Sobic.006G129000.1","Chr06",49383922,49388815,4894,"+",-4683,-210
"2655","PstI.TP840679","Cml_cm.66",6,49388605,"Cml_cm","PS_N(3);PS_Y(3)","124+36088im(6)","","","FASTmrMLM(2);ISIS EM-BLASSO(1);mrMLM(1);pKWmEB(2)","","",0.0685,8.32,NA,"",NA,NA,"","Sobic.006G129000.1","Chr06",49383922,49388815,4894,"+",-4683,-210
"2656","PstI.TP840679","Cml_cm.66",6,49388605,"Cml_cm","PS_N(3);PS_Y(3)","124+36088im(6)","","","FASTmrMLM(2);ISIS EM-BLASSO(1);mrMLM(1);pKWmEB(2)","","",0.0685,8.32,NA,"",NA,NA,"","Sobic.006G129000.1","Chr06",49383922,49388815,4894,"+",-4683,-210
"2657","PstI.TP841498","Cml_cm.67",5,69228848,"Cml_cm","PS_Y(1)","C116+3293(1)","MLM+SUPER(1)","","","","",0.09914,0.1461,NA,"",NA,NA,"","Sobic.005G206300.2","Chr05",69226353,69232612,6260,"+",-2495,-3764
"2658","PstI.TP841498","Cml_cm.67",5,69228848,"Cml_cm","PS_Y(1)","C116+3293(1)","MLM+SUPER(1)","","","","",0.09914,0.1461,NA,"",NA,NA,"","Sobic.005G206300.3","Chr05",69226419,69233717,7299,"+",-2429,-4869
"2659","PstI.TP841498","Cml_cm.67",5,69228848,"Cml_cm","PS_Y(1)","C116+3293(1)","MLM+SUPER(1)","","","","",0.09914,0.1461,NA,"",NA,NA,"","Sobic.005G206300.4","Chr05",69226352,69232612,6261,"+",-2496,-3764
"2660","PstI.TP841498","Cml_cm.67",5,69228848,"Cml_cm","PS_Y(1)","C116+3293(1)","MLM+SUPER(1)","","","","",0.09914,0.1461,NA,"",NA,NA,"","Sobic.005G206300.2","Chr05",69226353,69232612,6260,"+",-2495,-3764
"2661","PstI.TP841498","Cml_cm.67",5,69228848,"Cml_cm","PS_Y(1)","C116+3293(1)","MLM+SUPER(1)","","","","",0.09914,0.1461,NA,"",NA,NA,"","Sobic.005G206300.3","Chr05",69226419,69233717,7299,"+",-2429,-4869
"2662","PstI.TP841498","Cml_cm.67",5,69228848,"Cml_cm","PS_Y(1)","C116+3293(1)","MLM+SUPER(1)","","","","",0.09914,0.1461,NA,"",NA,NA,"","Sobic.005G206300.4","Chr05",69226352,69232612,6261,"+",-2496,-3764
"2663","PstI.TP841498","CmN.226",5,69228848,"CmN","PS_Y(4)","C106+4202(1);C116+3293(1);C124+2560(2)","CMLM+SUPER(2);MLM+SUPER(2)","","","","",0.1048,0.3528,NA,"",NA,NA,"","Sobic.005G206300.2","Chr05",69226353,69232612,6260,"+",-2495,-3764
"2664","PstI.TP841498","CmN.226",5,69228848,"CmN","PS_Y(4)","C106+4202(1);C116+3293(1);C124+2560(2)","CMLM+SUPER(2);MLM+SUPER(2)","","","","",0.1048,0.3528,NA,"",NA,NA,"","Sobic.005G206300.3","Chr05",69226419,69233717,7299,"+",-2429,-4869
"2665","PstI.TP841498","CmN.226",5,69228848,"CmN","PS_Y(4)","C106+4202(1);C116+3293(1);C124+2560(2)","CMLM+SUPER(2);MLM+SUPER(2)","","","","",0.1048,0.3528,NA,"",NA,NA,"","Sobic.005G206300.4","Chr05",69226352,69232612,6261,"+",-2496,-3764
"2666","PstI.TP841498","CmN.226",5,69228848,"CmN","PS_Y(4)","C106+4202(1);C116+3293(1);C124+2560(2)","CMLM+SUPER(2);MLM+SUPER(2)","","","","",0.1048,0.3528,NA,"",NA,NA,"","Sobic.005G206300.2","Chr05",69226353,69232612,6260,"+",-2495,-3764
"2667","PstI.TP841498","CmN.226",5,69228848,"CmN","PS_Y(4)","C106+4202(1);C116+3293(1);C124+2560(2)","CMLM+SUPER(2);MLM+SUPER(2)","","","","",0.1048,0.3528,NA,"",NA,NA,"","Sobic.005G206300.3","Chr05",69226419,69233717,7299,"+",-2429,-4869
"2668","PstI.TP841498","CmN.226",5,69228848,"CmN","PS_Y(4)","C106+4202(1);C116+3293(1);C124+2560(2)","CMLM+SUPER(2);MLM+SUPER(2)","","","","",0.1048,0.3528,NA,"",NA,NA,"","Sobic.005G206300.4","Chr05",69226352,69232612,6261,"+",-2496,-3764
"2669","PstI.TP844985","CmDW_g.63",2,58637331,"CmDW_g","PS_N(1)","C124+2560(1)","","FarmCPU(1)","","","",0.09677,0.4444,NA,"",NA,NA,"","Sobic.002G197000.1","Chr02",58634152,58637918,3767,"-",-3179,-587
"2671","PstI.TP84880","CmD_LI_mm.61",1,63680478,"CmD_LI_mm","PS_N(1)","C106+4202(1)","","FarmCPU(1)","","","",0.1462,17.18,NA,"",NA,NA,"","Sobic.001G347500.2","Chr01",63678651,63687351,8701,"-",-1827,-6873
"2672","PstI.TP84880","CmD_LI_mm.61",1,63680478,"CmD_LI_mm","PS_N(1)","C106+4202(1)","","FarmCPU(1)","","","",0.1462,17.18,NA,"",NA,NA,"","Sobic.001G347500.1","Chr01",63678651,63687351,8701,"-",-1827,-6873
"2674","PstI.TP850835","CmN.228",1,6117705,"CmN","PS_Y(1)","124+36088im(1)","","","","","GLM(1)",0.1169,7.494,NA,"",NA,NA,"","Sobic.001G079600.1","Chr01",6115167,6119223,4057,"-",-2538,-1518
"2675","PstI.TP852023","CmD_LI_mm.62",4,51121423,"CmD_LI_mm","PS_N(1)","C106+4202(1)","","","FASTmrMLM(1)","","",0.0708,6.049,NA,"",NA,NA,"","Sobic.004G162200.1","Chr04",51111914,51121956,10043,"-",-9509,-533
"2676","PstI.TP852023","CmD_LI_mm.62",4,51121423,"CmD_LI_mm","PS_N(1)","C106+4202(1)","","","FASTmrMLM(1)","","",0.0708,6.049,NA,"",NA,NA,"","Sobic.004G162200.1","Chr04",51111914,51121956,10043,"-",-9509,-533
"2677","PstI.TP852023","CmD_LI_mm.62",4,51121423,"CmD_LI_mm","PS_N(1)","C106+4202(1)","","","FASTmrMLM(1)","","",0.0708,6.049,NA,"",NA,NA,"","Sobic.004G162200.1","Chr04",51111914,51121956,10043,"-",-9509,-533
"2678","PstI.TP852023","CmDW_g.64",4,51121423,"CmDW_g","PS_N(1)","C106+4202(1)","","","FASTmrMLM(1)","","",0.0708,2.515,NA,"",NA,NA,"","Sobic.004G162200.1","Chr04",51111914,51121956,10043,"-",-9509,-533
"2679","PstI.TP852023","CmDW_g.64",4,51121423,"CmDW_g","PS_N(1)","C106+4202(1)","","","FASTmrMLM(1)","","",0.0708,2.515,NA,"",NA,NA,"","Sobic.004G162200.1","Chr04",51111914,51121956,10043,"-",-9509,-533
"2680","PstI.TP852023","CmDW_g.64",4,51121423,"CmDW_g","PS_N(1)","C106+4202(1)","","","FASTmrMLM(1)","","",0.0708,2.515,NA,"",NA,NA,"","Sobic.004G162200.1","Chr04",51111914,51121956,10043,"-",-9509,-533
"2681","PstI.TP852023","Bcirc_cm.74",4,51121423,"Bcirc_cm","PS_N(1)","C116+3293(1)","","FarmCPU(1)","","","",0.06466,8.733,NA,"",NA,NA,"","Sobic.004G162200.1","Chr04",51111914,51121956,10043,"-",-9509,-533
"2682","PstI.TP852023","Bcirc_cm.74",4,51121423,"Bcirc_cm","PS_N(1)","C116+3293(1)","","FarmCPU(1)","","","",0.06466,8.733,NA,"",NA,NA,"","Sobic.004G162200.1","Chr04",51111914,51121956,10043,"-",-9509,-533
"2683","PstI.TP852023","Bcirc_cm.74",4,51121423,"Bcirc_cm","PS_N(1)","C116+3293(1)","","FarmCPU(1)","","","",0.06466,8.733,NA,"",NA,NA,"","Sobic.004G162200.1","Chr04",51111914,51121956,10043,"-",-9509,-533
"2687","PstI.TP858902","Cml_cm.68",4,66143706,"Cml_cm","PS_Y(1)","C116+3293(1)","","","mrMLM(1)","","",0.2982,16.53,NA,"",NA,NA,"","Sobic.004G326400.1","Chr04",66140091,66144334,4244,"+",-3615,-628
"2688","PstI.TP862775","CmN.230",9,773151,"CmN","PS_Y(1)","124+36088im(1)","CMLM+SUPER(1)","","","","",0.1795,19.87,NA,"",NA,NA,"","Sobic.009G008100.2","Chr09",772264,776588,4325,"+",-887,-3437
"2689","PstI.TP862775","CmN.230",9,773151,"CmN","PS_Y(1)","124+36088im(1)","CMLM+SUPER(1)","","","","",0.1795,19.87,NA,"",NA,NA,"","Sobic.009G008100.3","Chr09",772264,776588,4325,"+",-887,-3437
"2690","PstI.TP862775","CmN.230",9,773151,"CmN","PS_Y(1)","124+36088im(1)","CMLM+SUPER(1)","","","","",0.1795,19.87,NA,"",NA,NA,"","Sobic.009G008100.1","Chr09",772264,776588,4325,"+",-887,-3437
"2691","PstI.TP866959","CmN.231",9,50250813,"CmN","PS_N(1)","124+36088im(1)","","","ISIS EM-BLASSO(1)","","",0.0645,9.524,NA,"",NA,NA,"","Sobic.009G145500.1","Chr09",50248696,50250327,1632,"-",-2117,486
"2692","PstI.TP866959","CmN.231",9,50250813,"CmN","PS_N(1)","124+36088im(1)","","","ISIS EM-BLASSO(1)","","",0.0645,9.524,NA,"",NA,NA,"","Sobic.009G145600.2","Chr09",50251344,50255195,3852,"-",531,-4382
"2693","PstI.TP866959","CmN.231",9,50250813,"CmN","PS_N(1)","124+36088im(1)","","","ISIS EM-BLASSO(1)","","",0.0645,9.524,NA,"",NA,NA,"","Sobic.009G145600.2","Chr09",50251344,50255195,3852,"-",531,-4382
"2694","PstI.TP866959","CmN.231",9,50250813,"CmN","PS_N(1)","124+36088im(1)","","","ISIS EM-BLASSO(1)","","",0.0645,9.524,NA,"",NA,NA,"","Sobic.009G145500.1","Chr09",50248696,50250327,1632,"-",-2117,486
"2695","PstI.TP866959","CmN.231",9,50250813,"CmN","PS_N(1)","124+36088im(1)","","","ISIS EM-BLASSO(1)","","",0.0645,9.524,NA,"",NA,NA,"","Sobic.009G145500.1","Chr09",50248696,50250327,1632,"-",-2117,486
"2696","PstI.TP866959","CmN.231",9,50250813,"CmN","PS_N(1)","124+36088im(1)","","","ISIS EM-BLASSO(1)","","",0.0645,9.524,NA,"",NA,NA,"","Sobic.009G145600.2","Chr09",50251344,50255195,3852,"-",531,-4382
"2697","PstI.TP866959","CmN.231",9,50250813,"CmN","PS_N(1)","124+36088im(1)","","","ISIS EM-BLASSO(1)","","",0.0645,9.524,NA,"",NA,NA,"","Sobic.009G145600.2","Chr09",50251344,50255195,3852,"-",531,-4382
"2698","PstI.TP866959","CmN.231",9,50250813,"CmN","PS_N(1)","124+36088im(1)","","","ISIS EM-BLASSO(1)","","",0.0645,9.524,NA,"",NA,NA,"","Sobic.009G145500.1","Chr09",50248696,50250327,1632,"-",-2117,486
"2700","PstI.TP869093","CmN.232",1,11187262,"CmN","PS_Y(2)","C124+2560(2)","CMLM+SUPER(1);MLM+SUPER(1)","","","","",0.2218,1.704,NA,"",NA,NA,"","Sobic.001G140200.1","Chr01",11185282,11192665,7384,"+",-1980,-5403
"2705","PstI.TP882936","CmD_BI_mm.73",1,5999154,"CmD_BI_mm","PS_N(1);PS_Y(3)","124+36088im(4)","","","FASTmrMLM(2);mrMLM(1);pKWmEB(1)","","",0.25,10.34,NA,"",NA,NA,"","Sobic.001G078300.1","Chr01",5995409,6000823,5415,"+",-3745,-1669
"2706","PstI.TP882936","CmD_BI_mm.73",1,5999154,"CmD_BI_mm","PS_N(1);PS_Y(3)","124+36088im(4)","","","FASTmrMLM(2);mrMLM(1);pKWmEB(1)","","",0.25,10.34,NA,"",NA,NA,"","Sobic.001G078300.4","Chr01",5995283,6000823,5541,"+",-3871,-1669
"2707","PstI.TP882936","CmD_BI_mm.73",1,5999154,"CmD_BI_mm","PS_N(1);PS_Y(3)","124+36088im(4)","","","FASTmrMLM(2);mrMLM(1);pKWmEB(1)","","",0.25,10.34,NA,"",NA,NA,"","Sobic.001G078300.3","Chr01",5995409,6000823,5415,"+",-3745,-1669
"2708","PstI.TP887302","CmD_BI_mm.74",7,10269451,"CmD_BI_mm","PS_Y(1)","124+36088im(1)","","","mrMLM(1)","","",0.2623,4.574,NA,"",NA,NA,"","Sobic.007G084300.1","Chr07",10262034,10270154,8121,"-",-7417,-703
"2709","PstI.TP887302","CmD_BI_mm.74",7,10269451,"CmD_BI_mm","PS_Y(1)","124+36088im(1)","","","mrMLM(1)","","",0.2623,4.574,NA,"",NA,NA,"","Sobic.007G084300.3","Chr07",10262034,10270154,8121,"-",-7417,-703
"2710","PstI.TP887302","CmD_BI_mm.74",7,10269451,"CmD_BI_mm","PS_Y(1)","124+36088im(1)","","","mrMLM(1)","","",0.2623,4.574,NA,"",NA,NA,"","Sobic.007G084300.2","Chr07",10262034,10270154,8121,"-",-7417,-703
"2711","PstI.TP892749","CmN.235",1,80310797,"CmN","PS_N(1);PS_Y(1)","124+36088im(2)","","","FASTmrMLM(1);mrMLM(1)","","",0.1393,3.761,NA,"",NA,NA,"","Sobic.001G540250.1","Chr01",80310404,80311199,796,"-",-393,-402
"2712","PstI.TP892749","CmN.235",1,80310797,"CmN","PS_N(1);PS_Y(1)","124+36088im(2)","","","FASTmrMLM(1);mrMLM(1)","","",0.1393,3.761,NA,"",NA,NA,"","Sobic.001G540300.1","Chr01",80311227,80316052,4826,"+",430,-5255
"2713","PstI.TP892749","CmN.235",1,80310797,"CmN","PS_N(1);PS_Y(1)","124+36088im(2)","","","FASTmrMLM(1);mrMLM(1)","","",0.1393,3.761,NA,"",NA,NA,"","Sobic.001G540300.1","Chr01",80311227,80316052,4826,"+",430,-5255
"2714","PstI.TP892749","CmN.235",1,80310797,"CmN","PS_N(1);PS_Y(1)","124+36088im(2)","","","FASTmrMLM(1);mrMLM(1)","","",0.1393,3.761,NA,"",NA,NA,"","Sobic.001G540250.1","Chr01",80310404,80311199,796,"-",-393,-402
"2715","PstI.TP892749","CmN.235",1,80310797,"CmN","PS_N(1);PS_Y(1)","124+36088im(2)","","","FASTmrMLM(1);mrMLM(1)","","",0.1393,3.761,NA,"",NA,NA,"","Sobic.001G540250.1","Chr01",80310404,80311199,796,"-",-393,-402
"2716","PstI.TP892749","CmN.235",1,80310797,"CmN","PS_N(1);PS_Y(1)","124+36088im(2)","","","FASTmrMLM(1);mrMLM(1)","","",0.1393,3.761,NA,"",NA,NA,"","Sobic.001G540300.1","Chr01",80311227,80316052,4826,"+",430,-5255
"2717","PstI.TP892749","CmN.235",1,80310797,"CmN","PS_N(1);PS_Y(1)","124+36088im(2)","","","FASTmrMLM(1);mrMLM(1)","","",0.1393,3.761,NA,"",NA,NA,"","Sobic.001G540300.1","Chr01",80311227,80316052,4826,"+",430,-5255
"2718","PstI.TP892749","CmN.235",1,80310797,"CmN","PS_N(1);PS_Y(1)","124+36088im(2)","","","FASTmrMLM(1);mrMLM(1)","","",0.1393,3.761,NA,"",NA,NA,"","Sobic.001G540250.1","Chr01",80310404,80311199,796,"-",-393,-402
"2720","PstI.TP898259","CCirc_cm.47",1,79442910,"CCirc_cm","PS_N(1)","124+36088im(1)","","FarmCPU(1)","","","",0.397,0.1164,NA,"",NA,NA,"","Sobic.001G530700.1","Chr01",79440237,79444075,3839,"-",-2673,-1165
"2721","PstI.TP901954","Cml_cm.69",9,3265857,"Cml_cm","PS_N(1)","124+36088im(1)","","FarmCPU(1)","","","",0.2998,3.652,NA,"",NA,NA,"","Sobic.009G035601.1","Chr09",3265376,3266128,753,"-",-481,-271
"2723","PstI.TP906726","CmD_LI_mm.63",3,3716611,"CmD_LI_mm","PS_N(1)","C124+2560(1)","","FarmCPU(1)","","","",0.06048,2.901,NA,"",NA,NA,"","Sobic.003G040000.1","Chr03",3716333,3721053,4721,"+",-278,-4442
"2727","PstI.TP935926","Yld_kg.34",6,55352294,"Yld","PS_N(1)","C124+2560(1)","","FarmCPU(1)","","","",0.3185,2.577,NA,"PstI.TP773172",3,55061314,"PstI.TP773172\3\55061314","Sobic.006G202401.1","Chr06",55350744,55351639,896,"-",-1550,655
"2728","PstI.TP935926","Yld_kg.34",6,55352294,"Yld","PS_N(1)","C124+2560(1)","","FarmCPU(1)","","","",0.3185,2.577,NA,"PstI.TP773172",3,55061314,"PstI.TP773172\3\55061314","Sobic.006G202401.1","Chr06",55350744,55351639,896,"-",-1550,655
"2729","PstI.TP935926","Yld_kg.34",6,55352294,"Yld","PS_N(1)","C124+2560(1)","","FarmCPU(1)","","","",0.3185,2.577,NA,"PstI.TP773172",3,55061314,"PstI.TP773172\3\55061314","Sobic.006G202500.1","Chr06",55351976,55354089,2114,"-",-318,-1795
"2730","PstI.TP935926","Yld_kg.34",6,55352294,"Yld","PS_N(1)","C124+2560(1)","","FarmCPU(1)","","","",0.3185,2.577,NA,"PstI.TP773172",3,55061314,"PstI.TP773172\3\55061314","Sobic.006G202500.1","Chr06",55351976,55354089,2114,"-",-318,-1795
"2731","PstI.TP935926","Yld_kg.34",6,55352294,"Yld","PS_N(1)","C124+2560(1)","","FarmCPU(1)","","","",0.3185,2.577,NA,"PstI.TP773172",3,55061314,"PstI.TP773172\3\55061314","Sobic.006G202401.1","Chr06",55350744,55351639,896,"-",-1550,655
"2732","PstI.TP935926","Yld_kg.34",6,55352294,"Yld","PS_N(1)","C124+2560(1)","","FarmCPU(1)","","","",0.3185,2.577,NA,"PstI.TP773172",3,55061314,"PstI.TP773172\3\55061314","Sobic.006G202401.1","Chr06",55350744,55351639,896,"-",-1550,655
"2733","PstI.TP935926","Yld_kg.34",6,55352294,"Yld","PS_N(1)","C124+2560(1)","","FarmCPU(1)","","","",0.3185,2.577,NA,"PstI.TP773172",3,55061314,"PstI.TP773172\3\55061314","Sobic.006G202500.1","Chr06",55351976,55354089,2114,"-",-318,-1795
"2734","PstI.TP935926","Yld_kg.34",6,55352294,"Yld","PS_N(1)","C124+2560(1)","","FarmCPU(1)","","","",0.3185,2.577,NA,"PstI.TP773172",3,55061314,"PstI.TP773172\3\55061314","Sobic.006G202500.1","Chr06",55351976,55354089,2114,"-",-318,-1795
"2735","PstI.TP940999","Bcirc_cm.77",3,66708999,"Bcirc_cm","PS_Y(1)","C124+2560(1)","","","mrMLM(1)","","",0.0533,7.335,NA,"",NA,NA,"","Sobic.003G346200.5","Chr03",66707730,66713904,6175,"-",-1269,-4905
"2736","PstI.TP940999","Bcirc_cm.77",3,66708999,"Bcirc_cm","PS_Y(1)","C124+2560(1)","","","mrMLM(1)","","",0.0533,7.335,NA,"",NA,NA,"","Sobic.003G346200.8","Chr03",66707730,66712581,4852,"-",-1269,-3582
"2737","PstI.TP940999","Bcirc_cm.77",3,66708999,"Bcirc_cm","PS_Y(1)","C124+2560(1)","","","mrMLM(1)","","",0.0533,7.335,NA,"",NA,NA,"","Sobic.003G346200.10","Chr03",66707730,66713758,6029,"-",-1269,-4759
"2738","PstI.TP940999","Bcirc_cm.77",3,66708999,"Bcirc_cm","PS_Y(1)","C124+2560(1)","","","mrMLM(1)","","",0.0533,7.335,NA,"",NA,NA,"","Sobic.003G346200.7","Chr03",66707730,66714083,6354,"-",-1269,-5084
"2739","PstI.TP940999","Bcirc_cm.77",3,66708999,"Bcirc_cm","PS_Y(1)","C124+2560(1)","","","mrMLM(1)","","",0.0533,7.335,NA,"",NA,NA,"","Sobic.003G346200.2","Chr03",66707730,66713706,5977,"-",-1269,-4707
"2740","PstI.TP940999","Bcirc_cm.77",3,66708999,"Bcirc_cm","PS_Y(1)","C124+2560(1)","","","mrMLM(1)","","",0.0533,7.335,NA,"",NA,NA,"","Sobic.003G346200.4","Chr03",66707730,66713724,5995,"-",-1269,-4725
"2741","PstI.TP940999","Bcirc_cm.77",3,66708999,"Bcirc_cm","PS_Y(1)","C124+2560(1)","","","mrMLM(1)","","",0.0533,7.335,NA,"",NA,NA,"","Sobic.003G346200.3","Chr03",66707730,66713951,6222,"-",-1269,-4952
"2742","PstI.TP940999","Bcirc_cm.77",3,66708999,"Bcirc_cm","PS_Y(1)","C124+2560(1)","","","mrMLM(1)","","",0.0533,7.335,NA,"",NA,NA,"","Sobic.003G346200.6","Chr03",66707730,66713729,6000,"-",-1269,-4730
"2743","PstI.TP940999","Bcirc_cm.77",3,66708999,"Bcirc_cm","PS_Y(1)","C124+2560(1)","","","mrMLM(1)","","",0.0533,7.335,NA,"",NA,NA,"","Sobic.003G346200.9","Chr03",66707730,66713733,6004,"-",-1269,-4734
"2744","PstI.TP940999","Bcirc_cm.77",3,66708999,"Bcirc_cm","PS_Y(1)","C124+2560(1)","","","mrMLM(1)","","",0.0533,7.335,NA,"",NA,NA,"","Sobic.003G346200.1","Chr03",66707730,66712585,4856,"-",-1269,-3586
"2745","PstI.TP942675","CCirc_cm.48",3,64754613,"CCirc_cm","PS_N(2);PS_Y(1)","124+36088im(3)","","","FASTmrMLM(1);pKWmEB(2)","","",0.2815,2.671,NA,"",NA,NA,"","Sobic.003G319800.3","Chr03",64753262,64755562,2301,"-",-1351,-949
"2746","PstI.TP942675","CCirc_cm.48",3,64754613,"CCirc_cm","PS_N(2);PS_Y(1)","124+36088im(3)","","","FASTmrMLM(1);pKWmEB(2)","","",0.2815,2.671,NA,"",NA,NA,"","Sobic.003G319800.1","Chr03",64752392,64755562,3171,"-",-2221,-949
"2747","PstI.TP942675","CCirc_cm.48",3,64754613,"CCirc_cm","PS_N(2);PS_Y(1)","124+36088im(3)","","","FASTmrMLM(1);pKWmEB(2)","","",0.2815,2.671,NA,"",NA,NA,"","Sobic.003G319800.2","Chr03",64752392,64755562,3171,"-",-2221,-949
"2748","PstI.TP94792","CmD_BI_mm.75",1,731905,"CmD_BI_mm","PS_Y(1)","124+36088im(1)","","","FASTmrMLM(1)","","",0.3065,2.927,NA,"",NA,NA,"","Sobic.001G007500.1","Chr01",728051,731978,3928,"+",-3854,-73
"2749","PstI.TP94792","CmD_BI_mm.75",1,731905,"CmD_BI_mm","PS_Y(1)","124+36088im(1)","","","FASTmrMLM(1)","","",0.3065,2.927,NA,"",NA,NA,"","Sobic.001G007600.1","Chr01",732601,736502,3902,"+",696,-4597
"2750","PstI.TP94792","CmD_BI_mm.75",1,731905,"CmD_BI_mm","PS_Y(1)","124+36088im(1)","","","FASTmrMLM(1)","","",0.3065,2.927,NA,"",NA,NA,"","Sobic.001G007500.1","Chr01",728051,731978,3928,"+",-3854,-73
"2751","PstI.TP94792","CmD_BI_mm.75",1,731905,"CmD_BI_mm","PS_Y(1)","124+36088im(1)","","","FASTmrMLM(1)","","",0.3065,2.927,NA,"",NA,NA,"","Sobic.001G007600.1","Chr01",732601,736502,3902,"+",696,-4597
"2752","PstI.TP94792","CmD_BI_mm.75",1,731905,"CmD_BI_mm","PS_Y(1)","124+36088im(1)","","","FASTmrMLM(1)","","",0.3065,2.927,NA,"",NA,NA,"","Sobic.001G007500.1","Chr01",728051,731978,3928,"+",-3854,-73
"2753","PstI.TP94792","CmD_BI_mm.75",1,731905,"CmD_BI_mm","PS_Y(1)","124+36088im(1)","","","FASTmrMLM(1)","","",0.3065,2.927,NA,"",NA,NA,"","Sobic.001G007600.1","Chr01",732601,736502,3902,"+",696,-4597
"2754","PstI.TP94792","CmD_BI_mm.75",1,731905,"CmD_BI_mm","PS_Y(1)","124+36088im(1)","","","FASTmrMLM(1)","","",0.3065,2.927,NA,"",NA,NA,"","Sobic.001G007500.1","Chr01",728051,731978,3928,"+",-3854,-73
"2755","PstI.TP94792","CmD_BI_mm.75",1,731905,"CmD_BI_mm","PS_Y(1)","124+36088im(1)","","","FASTmrMLM(1)","","",0.3065,2.927,NA,"",NA,NA,"","Sobic.001G007600.1","Chr01",732601,736502,3902,"+",696,-4597
"2756","PstI.TP955356","CmDW_g.66",3,67880743,"CmDW_g","PS_N(1)","C124+2560(1)","","","pKWmEB(1)","","",0.2218,10.77,NA,"",NA,NA,"","Sobic.003G361200.1","Chr03",67880581,67884692,4112,"+",-162,-3949
"2757","PstI.TP961110","CmD_LI_mm.64",1,65184135,"CmD_LI_mm","PS_N(3)","C106+4202(1);C116+3293(1);C124+2560(1)","","FarmCPU(3)","","","",0.1604,1.236,NA,"",NA,NA,"","Sobic.001G362001.1","Chr01",65183625,65185565,1941,"-",-510,-1430
"2758","PstI.TP96720","CmD_LI_mm.65",6,38025522,"CmD_LI_mm","PS_Y(1)","124+36088im(1)","","","mrMLM(1)","","",0.4426,7.675,NA,"",NA,NA,"","Sobic.006G051000.3","Chr06",38026481,38032158,5678,"+",959,-6636
"2759","PstI.TP96720","CmD_LI_mm.65",6,38025522,"CmD_LI_mm","PS_Y(1)","124+36088im(1)","","","mrMLM(1)","","",0.4426,7.675,NA,"",NA,NA,"","Sobic.006G050900.1","Chr06",38024503,38025888,1386,"-",-1019,-366
"2760","PstI.TP96720","CmD_LI_mm.65",6,38025522,"CmD_LI_mm","PS_Y(1)","124+36088im(1)","","","mrMLM(1)","","",0.4426,7.675,NA,"",NA,NA,"","Sobic.006G051000.3","Chr06",38026481,38032158,5678,"+",959,-6636
"2761","PstI.TP96720","CmD_LI_mm.65",6,38025522,"CmD_LI_mm","PS_Y(1)","124+36088im(1)","","","mrMLM(1)","","",0.4426,7.675,NA,"",NA,NA,"","Sobic.006G050900.1","Chr06",38024503,38025888,1386,"-",-1019,-366
"2762","PstI.TP96720","CmD_LI_mm.65",6,38025522,"CmD_LI_mm","PS_Y(1)","124+36088im(1)","","","mrMLM(1)","","",0.4426,7.675,NA,"",NA,NA,"","Sobic.006G051000.3","Chr06",38026481,38032158,5678,"+",959,-6636
"2763","PstI.TP96720","CmD_LI_mm.65",6,38025522,"CmD_LI_mm","PS_Y(1)","124+36088im(1)","","","mrMLM(1)","","",0.4426,7.675,NA,"",NA,NA,"","Sobic.006G050900.1","Chr06",38024503,38025888,1386,"-",-1019,-366
"2764","PstI.TP96720","CmD_LI_mm.65",6,38025522,"CmD_LI_mm","PS_Y(1)","124+36088im(1)","","","mrMLM(1)","","",0.4426,7.675,NA,"",NA,NA,"","Sobic.006G051000.3","Chr06",38026481,38032158,5678,"+",959,-6636
"2765","PstI.TP96720","CmD_LI_mm.65",6,38025522,"CmD_LI_mm","PS_Y(1)","124+36088im(1)","","","mrMLM(1)","","",0.4426,7.675,NA,"",NA,NA,"","Sobic.006G050900.1","Chr06",38024503,38025888,1386,"-",-1019,-366
"2766","PstI.TP969142","Bcirc_cm.78",1,70558586,"Bcirc_cm","PS_N(1)","C106+4202(1)","","FarmCPU(1)","","","",0.1698,0.02236,NA,"",NA,NA,"","Sobic.001G425800.2","Chr01",70551663,70557840,6178,"-",-6923,746
"2767","PstI.TP969142","Bcirc_cm.78",1,70558586,"Bcirc_cm","PS_N(1)","C106+4202(1)","","FarmCPU(1)","","","",0.1698,0.02236,NA,"",NA,NA,"","Sobic.001G425800.3","Chr01",70551947,70557834,5888,"-",-6639,752
"2768","PstI.TP969142","Bcirc_cm.78",1,70558586,"Bcirc_cm","PS_N(1)","C106+4202(1)","","FarmCPU(1)","","","",0.1698,0.02236,NA,"",NA,NA,"","Sobic.001G425800.1","Chr01",70551947,70557834,5888,"-",-6639,752
"2769","PstI.TP969142","Bcirc_cm.78",1,70558586,"Bcirc_cm","PS_N(1)","C106+4202(1)","","FarmCPU(1)","","","",0.1698,0.02236,NA,"",NA,NA,"","Sobic.001G425800.2","Chr01",70551663,70557840,6178,"-",-6923,746
"2770","PstI.TP969142","Bcirc_cm.78",1,70558586,"Bcirc_cm","PS_N(1)","C106+4202(1)","","FarmCPU(1)","","","",0.1698,0.02236,NA,"",NA,NA,"","Sobic.001G425800.3","Chr01",70551947,70557834,5888,"-",-6639,752
"2771","PstI.TP969142","Bcirc_cm.78",1,70558586,"Bcirc_cm","PS_N(1)","C106+4202(1)","","FarmCPU(1)","","","",0.1698,0.02236,NA,"",NA,NA,"","Sobic.001G425900.1","Chr01",70559102,70564400,5299,"-",516,-5814
"2772","PstI.TP969142","Bcirc_cm.78",1,70558586,"Bcirc_cm","PS_N(1)","C106+4202(1)","","FarmCPU(1)","","","",0.1698,0.02236,NA,"",NA,NA,"","Sobic.001G425800.1","Chr01",70551947,70557834,5888,"-",-6639,752
"2773","PstI.TP969142","Bcirc_cm.78",1,70558586,"Bcirc_cm","PS_N(1)","C106+4202(1)","","FarmCPU(1)","","","",0.1698,0.02236,NA,"",NA,NA,"","Sobic.001G425900.1","Chr01",70559102,70564400,5299,"-",516,-5814
"2774","PstI.TP969142","Bcirc_cm.78",1,70558586,"Bcirc_cm","PS_N(1)","C106+4202(1)","","FarmCPU(1)","","","",0.1698,0.02236,NA,"",NA,NA,"","Sobic.001G425800.2","Chr01",70551663,70557840,6178,"-",-6923,746
"2775","PstI.TP969142","Bcirc_cm.78",1,70558586,"Bcirc_cm","PS_N(1)","C106+4202(1)","","FarmCPU(1)","","","",0.1698,0.02236,NA,"",NA,NA,"","Sobic.001G425800.3","Chr01",70551947,70557834,5888,"-",-6639,752
"2776","PstI.TP969142","Bcirc_cm.78",1,70558586,"Bcirc_cm","PS_N(1)","C106+4202(1)","","FarmCPU(1)","","","",0.1698,0.02236,NA,"",NA,NA,"","Sobic.001G425800.1","Chr01",70551947,70557834,5888,"-",-6639,752
"2777","PstI.TP969142","Bcirc_cm.78",1,70558586,"Bcirc_cm","PS_N(1)","C106+4202(1)","","FarmCPU(1)","","","",0.1698,0.02236,NA,"",NA,NA,"","Sobic.001G425800.2","Chr01",70551663,70557840,6178,"-",-6923,746
"2778","PstI.TP969142","Bcirc_cm.78",1,70558586,"Bcirc_cm","PS_N(1)","C106+4202(1)","","FarmCPU(1)","","","",0.1698,0.02236,NA,"",NA,NA,"","Sobic.001G425800.3","Chr01",70551947,70557834,5888,"-",-6639,752
"2779","PstI.TP969142","Bcirc_cm.78",1,70558586,"Bcirc_cm","PS_N(1)","C106+4202(1)","","FarmCPU(1)","","","",0.1698,0.02236,NA,"",NA,NA,"","Sobic.001G425900.1","Chr01",70559102,70564400,5299,"-",516,-5814
"2780","PstI.TP969142","Bcirc_cm.78",1,70558586,"Bcirc_cm","PS_N(1)","C106+4202(1)","","FarmCPU(1)","","","",0.1698,0.02236,NA,"",NA,NA,"","Sobic.001G425800.1","Chr01",70551947,70557834,5888,"-",-6639,752
"2781","PstI.TP969142","Bcirc_cm.78",1,70558586,"Bcirc_cm","PS_N(1)","C106+4202(1)","","FarmCPU(1)","","","",0.1698,0.02236,NA,"",NA,NA,"","Sobic.001G425900.1","Chr01",70559102,70564400,5299,"-",516,-5814
"2782","PstI.TP972953","Cml_cm.70",1,7984963,"Cml_cm","PS_N(1)","C124+2560(1)","","FarmCPU(1)","","","",0.4355,3.512,NA,"",NA,NA,"","Sobic.001G104100.2","Chr01",7982034,7985873,3840,"-",-2929,-910
"2783","PstI.TP972953","Cml_cm.70",1,7984963,"Cml_cm","PS_N(1)","C124+2560(1)","","FarmCPU(1)","","","",0.4355,3.512,NA,"",NA,NA,"","Sobic.001G104100.1","Chr01",7982034,7985735,3702,"-",-2929,-772
"2784","PstI.TP976305","Bcirc_cm.79",9,57621267,"Bcirc_cm","PS_N(1)","124+36088im(1)","","FarmCPU(1)","","","",0.1191,5.558,NA,"",NA,NA,"","Sobic.009G238100.2","Chr09",57616677,57620928,4252,"+",-4590,339
"2786","PstI.TP980214","Bcirc_cm.80",1,10687788,"Bcirc_cm","PS_N(1)","C106+4202(1)","","","ISIS EM-BLASSO(1)","","",0.4481,9.88,NA,"",NA,NA,"","Sobic.001G135500.1","Chr01",10677948,10687148,9201,"+",-9840,640
"2787","PstI.TP980214","Bcirc_cm.80",1,10687788,"Bcirc_cm","PS_N(1)","C106+4202(1)","","","ISIS EM-BLASSO(1)","","",0.4481,9.88,NA,"",NA,NA,"","Sobic.001G135500.1","Chr01",10677948,10687148,9201,"+",-9840,640
"2788","PstI.TP980214","Bcirc_cm.80",1,10687788,"Bcirc_cm","PS_N(1)","C106+4202(1)","","","ISIS EM-BLASSO(1)","","",0.4481,9.88,NA,"",NA,NA,"","Sobic.001G135600.1","Chr01",10687166,10691438,4273,"-",-622,-3650
"2789","PstI.TP980214","Bcirc_cm.80",1,10687788,"Bcirc_cm","PS_N(1)","C106+4202(1)","","","ISIS EM-BLASSO(1)","","",0.4481,9.88,NA,"",NA,NA,"","Sobic.001G135600.1","Chr01",10687166,10691438,4273,"-",-622,-3650
"2790","PstI.TP980214","Bcirc_cm.80",1,10687788,"Bcirc_cm","PS_N(1)","C106+4202(1)","","","ISIS EM-BLASSO(1)","","",0.4481,9.88,NA,"",NA,NA,"","Sobic.001G135500.1","Chr01",10677948,10687148,9201,"+",-9840,640
"2791","PstI.TP980214","Bcirc_cm.80",1,10687788,"Bcirc_cm","PS_N(1)","C106+4202(1)","","","ISIS EM-BLASSO(1)","","",0.4481,9.88,NA,"",NA,NA,"","Sobic.001G135500.1","Chr01",10677948,10687148,9201,"+",-9840,640
"2792","PstI.TP980214","Bcirc_cm.80",1,10687788,"Bcirc_cm","PS_N(1)","C106+4202(1)","","","ISIS EM-BLASSO(1)","","",0.4481,9.88,NA,"",NA,NA,"","Sobic.001G135600.1","Chr01",10687166,10691438,4273,"-",-622,-3650
"2793","PstI.TP980214","Bcirc_cm.80",1,10687788,"Bcirc_cm","PS_N(1)","C106+4202(1)","","","ISIS EM-BLASSO(1)","","",0.4481,9.88,NA,"",NA,NA,"","Sobic.001G135600.1","Chr01",10687166,10691438,4273,"-",-622,-3650
"2794","PstI.TP982503","CCirc_cm.49",4,55764847,"CCirc_cm","PS_N(2)","124+36088im(2)","","","FASTmrMLM(1);pKWmEB(1)","","",0.021,2.235,NA,"",NA,NA,"","Sobic.004G207200.1","Chr04",55759003,55765496,6494,"+",-5844,-649
"2796","PstI.TP991117","Yld_kg.35",6,52632284,"Yld","PS_N(1)","124+36088im(1)","","","mrMLM(1)","","",0.0861,2.303,NA,"PstI.TP789647",3,69354547,"PstI.TP789647\3\69354547","Sobic.006G169400.1","Chr06",52632465,52632919,455,"-",181,-635
"2797","PstI.TP993272","CCirc_cm.50",2,58286678,"CCirc_cm","PS_N(1)","C124+2560(1)","","FarmCPU(1)","","","",0.4516,23.45,NA,"",NA,NA,"","Sobic.002G194700.1","Chr02",58285421,58290186,4766,"+",-1257,-3508
"2798","PstI.TP994751","CmN.240",10,60309696,"CmN","PS_Y(1)","C106+4202(1)","MLM+SUPER(1)","","","","",0.07547,5.397,NA,"",NA,NA,"","Sobic.010G268400.1","Chr10",60307573,60310425,2853,"+",-2123,-729
"2799","PstI.TP994751","CmN.240",10,60309696,"CmN","PS_Y(1)","C106+4202(1)","MLM+SUPER(1)","","","","",0.07547,5.397,NA,"",NA,NA,"","Sobic.010G268500.1","Chr10",60310429,60313483,3055,"-",733,-3787
"2800","PstI.TP994751","CmN.240",10,60309696,"CmN","PS_Y(1)","C106+4202(1)","MLM+SUPER(1)","","","","",0.07547,5.397,NA,"",NA,NA,"","Sobic.010G268500.1","Chr10",60310429,60313483,3055,"-",733,-3787
"2801","PstI.TP994751","CmN.240",10,60309696,"CmN","PS_Y(1)","C106+4202(1)","MLM+SUPER(1)","","","","",0.07547,5.397,NA,"",NA,NA,"","Sobic.010G268400.1","Chr10",60307573,60310425,2853,"+",-2123,-729
"2802","PstI.TP994751","CmN.240",10,60309696,"CmN","PS_Y(1)","C106+4202(1)","MLM+SUPER(1)","","","","",0.07547,5.397,NA,"",NA,NA,"","Sobic.010G268400.1","Chr10",60307573,60310425,2853,"+",-2123,-729
"2803","PstI.TP994751","CmN.240",10,60309696,"CmN","PS_Y(1)","C106+4202(1)","MLM+SUPER(1)","","","","",0.07547,5.397,NA,"",NA,NA,"","Sobic.010G268500.1","Chr10",60310429,60313483,3055,"-",733,-3787
"2804","PstI.TP994751","CmN.240",10,60309696,"CmN","PS_Y(1)","C106+4202(1)","MLM+SUPER(1)","","","","",0.07547,5.397,NA,"",NA,NA,"","Sobic.010G268500.1","Chr10",60310429,60313483,3055,"-",733,-3787
"2805","PstI.TP994751","CmN.240",10,60309696,"CmN","PS_Y(1)","C106+4202(1)","MLM+SUPER(1)","","","","",0.07547,5.397,NA,"",NA,NA,"","Sobic.010G268400.1","Chr10",60307573,60310425,2853,"+",-2123,-729
"2806","PstI.TP995173","Yld_kg.36",2,70172526,"Yld","PS_Y(1)","C106+4202(1)","","","FASTmrMLM(1)","","",0.3066,11.52,NA,"PstI.TP935926",6,55352294,"PstI.TP935926\6\55352294","Sobic.002G333400.1","Chr02",70168822,70173890,5069,"-",-3704,-1364
"2807","PstI.TP995173","Yld_kg.36",2,70172526,"Yld","PS_Y(1)","C106+4202(1)","","","FASTmrMLM(1)","","",0.3066,11.52,NA,"PstI.TP935926",6,55352294,"PstI.TP935926\6\55352294","Sobic.002G333400.1","Chr02",70168822,70173890,5069,"-",-3704,-1364
"2808","PstI.TP995173","Bcirc_cm.81",2,70172526,"Bcirc_cm","PS_Y(1)","C124+2560(1)","","","mrMLM(1)","","",0.291,17.05,NA,"",NA,NA,"","Sobic.002G333400.1","Chr02",70168822,70173890,5069,"-",-3704,-1364
"2809","PstI.TP995173","Bcirc_cm.81",2,70172526,"Bcirc_cm","PS_Y(1)","C124+2560(1)","","","mrMLM(1)","","",0.291,17.05,NA,"",NA,NA,"","Sobic.002G333400.1","Chr02",70168822,70173890,5069,"-",-3704,-1364
"2810","PstI.TP995394","CmN.241",9,50625938,"CmN","PS_N(1)","C124+2560(1)","","","pKWmEB(1)","","",0.496,3.823,NA,"",NA,NA,"","Sobic.009G149500.2","Chr09",50626744,50630476,3733,"-",806,-4538
"2811","PstI.TP995394","CmN.241",9,50625938,"CmN","PS_N(1)","C124+2560(1)","","","pKWmEB(1)","","",0.496,3.823,NA,"",NA,NA,"","Sobic.009G149500.1","Chr09",50626744,50630476,3733,"-",806,-4538
"2812","PstI.TP995394","CmN.241",9,50625938,"CmN","PS_N(1)","C124+2560(1)","","","pKWmEB(1)","","",0.496,3.823,NA,"",NA,NA,"","Sobic.009G149400.1","Chr09",50622315,50626169,3855,"-",-3623,-231
"2813","PstI.TP995394","CmN.241",9,50625938,"CmN","PS_N(1)","C124+2560(1)","","","pKWmEB(1)","","",0.496,3.823,NA,"",NA,NA,"","Sobic.009G149400.1","Chr09",50622315,50626169,3855,"-",-3623,-231
"2814","PstI.TP995394","CmN.241",9,50625938,"CmN","PS_N(1)","C124+2560(1)","","","pKWmEB(1)","","",0.496,3.823,NA,"",NA,NA,"","Sobic.009G149500.1","Chr09",50626744,50630476,3733,"-",806,-4538
"2815","PstI.TP995394","CmN.241",9,50625938,"CmN","PS_N(1)","C124+2560(1)","","","pKWmEB(1)","","",0.496,3.823,NA,"",NA,NA,"","Sobic.009G149500.2","Chr09",50626744,50630476,3733,"-",806,-4538
"2816","PstI.TP995394","CmN.241",9,50625938,"CmN","PS_N(1)","C124+2560(1)","","","pKWmEB(1)","","",0.496,3.823,NA,"",NA,NA,"","Sobic.009G149500.2","Chr09",50626744,50630476,3733,"-",806,-4538
"2817","PstI.TP995394","CmN.241",9,50625938,"CmN","PS_N(1)","C124+2560(1)","","","pKWmEB(1)","","",0.496,3.823,NA,"",NA,NA,"","Sobic.009G149500.1","Chr09",50626744,50630476,3733,"-",806,-4538
"2818","PstI.TP995394","CmN.241",9,50625938,"CmN","PS_N(1)","C124+2560(1)","","","pKWmEB(1)","","",0.496,3.823,NA,"",NA,NA,"","Sobic.009G149400.1","Chr09",50622315,50626169,3855,"-",-3623,-231
"2819","PstI.TP995394","CmN.241",9,50625938,"CmN","PS_N(1)","C124+2560(1)","","","pKWmEB(1)","","",0.496,3.823,NA,"",NA,NA,"","Sobic.009G149400.1","Chr09",50622315,50626169,3855,"-",-3623,-231
"2820","PstI.TP995394","CmN.241",9,50625938,"CmN","PS_N(1)","C124+2560(1)","","","pKWmEB(1)","","",0.496,3.823,NA,"",NA,NA,"","Sobic.009G149500.1","Chr09",50626744,50630476,3733,"-",806,-4538
"2821","PstI.TP995394","CmN.241",9,50625938,"CmN","PS_N(1)","C124+2560(1)","","","pKWmEB(1)","","",0.496,3.823,NA,"",NA,NA,"","Sobic.009G149500.2","Chr09",50626744,50630476,3733,"-",806,-4538
"2822","PstI.TP998275","CmN.242",4,9701801,"CmN","PS_Y(1)","124+36088im(1)","CMLM+SUPER(1)","","","","",0.2775,0.004526,NA,"",NA,NA,"","Sobic.004G103100.2","Chr04",9701720,9702196,477,"-",-81,-395
"2823","PstI.TP998491","CmN.243",2,14521096,"CmN","PS_Y(2)","C106+4202(2)","MLM+SUPER(1)","","pKWmEB(1)","","",0.2689,10.12,NA,"",NA,NA,"","Sobic.002G117600.1","Chr02",14518039,14538095,20057,"-",-3057,-16999
"2824","PstI.TP998491","CmN.243",2,14521096,"CmN","PS_Y(2)","C106+4202(2)","MLM+SUPER(1)","","pKWmEB(1)","","",0.2689,10.12,NA,"",NA,NA,"","Sobic.002G117600.1","Chr02",14518039,14538095,20057,"-",-3057,-16999
"2825","PstI.TP998491","CmD_BI_mm.76",2,14521096,"CmD_BI_mm","PS_N(1)","C106+4202(1)","","","ISIS EM-BLASSO(1)","","",0.2689,6.008,NA,"",NA,NA,"","Sobic.002G117600.1","Chr02",14518039,14538095,20057,"-",-3057,-16999
"2826","PstI.TP998491","CmD_BI_mm.76",2,14521096,"CmD_BI_mm","PS_N(1)","C106+4202(1)","","","ISIS EM-BLASSO(1)","","",0.2689,6.008,NA,"",NA,NA,"","Sobic.002G117600.1","Chr02",14518039,14538095,20057,"-",-3057,-16999
