"","predValues","predValues","predValues","predValues","predValues","predValues","predValues","predValues","predValues","predValues","predValues","predValues","predValues","predValues","predValues","predValues","predValues","predValues","predValues","predValues","predValues","predValues","predValues","predValues","predValues","predValues","predValues","predValues","predValues","predValues","predValues","predValues","predValues","predValues","predValues","predValues","predValues","predValues","predValues","predValues","predValues","predValues","predValues","predValues","predValues","predValues","predValues","predValues","predValues","predValues","predValues","predValues","predValues","predValues","predValues","predValues","predValues","predValues","predValues","predValues","predValues","predValues","predValues","predValues","predValues","predValues","predValues","predValues","predValues","predValues","predValues","predValues","predValues","predValues","predValues","predValues","predValues","predValues","predValues","predValues","predValues","predValues","predValues","predValues","predValues","predValues","predValues","predValues","predValues","predValues","predValues","predValues","predValues","predValues","predValues","predValues","predValues","predValues","predValues","predValues"
"CANE9233-US47-0011",1.13874228637753,0.964919957851642,1.23145230898903,1.16137218732561,1.07003187544957,0.982810139209801,1.11313102220141,0.994195192839334,0.989936048169634,1.15718275915106,1.16044264258581,1.16970465584526,0.976894206107333,0.985564049829363,0.923040565856388,0.764155262348343,1.07207579804326,1.14552221173376,1.06497422954379,1.13131299508551,1.17818586829404,1.13759571564738,0.767299129282705,1.03709281758656,0.928058897746053,0.755050423285544,1.12107760589186,1.11185720580362,1.16401133413901,1.1628858399798,1.08238142859811,1.25738717602525,0.846131015880852,1.0965291042619,1.0083411127354,1.26043919298854,1.23367549394876,1.09173084357032,1.10669123568234,1.00423497748671,0.999178571979956,1.01742758570169,1.03650053140106,1.18324193128446,0.998996947607239,1.20637294695114,1.25185000875313,1.15815440520942,1.13349467261328,0.944737139248539,1.06969248389071,1.23013569276926,1.05022328955596,1.06521712914642,1.10082986359501,0.883687365098382,0.970755699694608,0.914988878356594,0.781137374032685,1.04471221446296,0.99203629520565,0.930631719507606,1.11830105383123,1.1830865738866,1.00641950078036,0.938950224724503,0.920062607396775,0.933370992809061,1.08428227134452,0.715493284279244,1.11233078568775,1.07708558593466,1.1932872492614,0.965148255214878,0.797012843183045,1.07509544680654,1.17021239404659,1.02696121987979,1.07078369194739,1.00975672403656,1.10978198694619,1.26626671092728,0.787677901868577,0.758811664525171,0.873012861352358,0.997987273341214,1.05579060267222,1.2487423697191,1.0628720377434,1.01691175827404,1.09480454454513,1.06995574410022,1.05182809054268,1.13410341090734,1.13282764866835,0.990579261571597,1.07342015972844,1.14150338216831,1.03848456115274,1.04688454226346
"DC-2010-001-A",-0.11445547333485,-0.147654847981329,-0.0877369254690068,-0.0446801107322957,-0.0408029838889269,-0.182668778022261,-0.0608481218912647,-0.109414559048452,-0.11204303186376,-0.0940076867558559,-0.0951277729417504,-0.0855515473485801,-0.0349096183780376,-0.140607380262882,-0.140723862156208,0.00377137271499309,-0.0613536734210876,-0.0481195847193432,-0.123539037815526,-0.167557388925998,-0.138658122834206,-0.0522217805991421,-0.086109636079347,-0.128410908182891,-0.106085279799752,-0.146890787184804,-0.158327754781966,-0.100418177913169,-0.133425361788019,-0.0812875990561249,-0.0911133188486367,-0.163975161914421,-0.213391598315653,0.0043706243731144,-0.21548357276916,0.00691355181060442,-0.124841452261438,-0.0395784854060254,-0.123566105935414,-0.165392049170148,0.00266979974929951,-0.108028779617884,-0.126063659859577,-0.112311891511593,-0.0925921608519378,0.0306352614471272,-0.107533093669629,-0.12990722760753,-0.150508751079134,-0.0113605896071604,-0.102342612646244,-0.170779753407145,-0.128864104770301,-0.0858374605307773,0.0181957921277363,-0.11840229346325,-0.0128032349261459,-0.120992273199489,0.0755455048478085,-0.0556038906002437,-0.0729964861155075,-0.0887042626649768,-0.0251798189273719,-0.103855651890603,-0.0904112460483158,-0.126905058610274,0.0456679943858106,-0.0831714202338162,-0.0721722660972481,-0.119084258412528,0.0232773973706126,-0.0506638279639286,0.043478119367606,-0.0332664257667316,-0.0832232740656956,-0.0817125638225195,-0.220028844967058,-0.0960958952538602,-0.111658875866591,0.00317340545606364,-0.091908025028756,-0.127089875293514,-0.0716316416861578,-0.112528243053797,-0.116246789518722,-0.146560233765963,-0.0179276433574547,-0.103300060311479,-0.0600078093422063,-0.0703774236676523,-0.0645524519221304,-0.121680152999544,-0.0898057202510989,-0.102035293509428,-0.0239781574079186,-0.068080141921555,-0.147018744972147,-0.095140070201588,-0.14908772363993,-0.0412288502908365
"DC-2010-001-E",-0.0919382816173885,-0.0563047000861578,-0.0500546897289989,-0.106105581029458,-0.142751648549813,-0.0631169676071333,-0.119298622843473,-0.115388549834669,-0.043848365321284,-0.0406828318429048,-0.139800468794395,-0.107188352285279,-0.211689821540746,-0.0455479421449511,-0.0750289869321901,0.104258224659733,-0.0907819453511464,-0.047884390659026,-0.0530540474804583,-0.0395952598611318,-0.011958537871791,-0.00934848283619594,0.0497327803494221,-0.106411911476411,-0.0729894546569912,-0.0608217153014564,-0.0422965857167378,-0.0474363656271485,-0.107614763917744,-0.0976666965536563,-0.0449423341207931,-0.0413906926893133,-0.0878761482009437,0.0639424277332407,-0.155895000070466,-0.119839409096643,-0.073663357009392,-0.00367710898782253,-0.0895019575446319,-0.0166167745869201,0.151634371690543,-0.147240504705027,-0.101192139605245,-0.096215924268222,-0.124515773092103,0.00805132920962702,-0.102914809717597,-0.0204366614654902,-0.0936528296127822,-0.144816717228522,-0.00550065087729899,-0.00350584717960865,-0.0485183012714678,-0.0818159082705741,-0.109173237332136,-0.169411827034696,-0.0588161190990522,-0.104224596566553,0.180966450805214,-0.0258289329266467,-0.162199809186563,-0.0784779705663469,-0.00617146795157295,-0.102119593677242,-0.0744320631363593,0.0107428219249521,0.224064470392812,-0.0961862368108841,-0.0736117407586647,-0.138075235382084,0.141255444134003,-0.0934671409633256,-0.0856859286338536,0.0901712889228334,-0.251864354053329,-0.122409768005016,-0.0490117006275712,-0.121917670044303,-0.084907299229942,-0.129198187954567,-0.13115625429512,-0.0737545398434418,-0.0615360979999619,-0.112682632469184,-0.0959788767284675,-0.0396306930625649,0.147697835202884,-0.0971755269618336,-0.192621892541312,-0.0736686253588892,-0.0703819977306011,-0.0530420525939379,-0.0249572329408981,-0.170780278582212,0.128819495561073,-0.0453521928394639,-0.0244224644602396,-0.0645421230715469,-0.143969784906889,-0.06429212473969
"KY-2009-001-B20-e",0.0156624508190586,-0.0585525159748438,-0.167689222733796,-0.0639680982577435,-0.107265974004491,-0.0847662953377966,-0.0570305483378909,-0.0827908963396232,-0.189044273200774,-0.380588177417576,-0.0890264904782145,-0.0566694478652094,-0.134769676031503,-0.101404164183068,-0.159493368502588,-0.0305944524705306,-0.137968460861471,-0.0676494864827783,-0.114568439727437,-0.0227442633640435,-0.0870600805498623,-0.0885222967811976,-0.143021320194338,0.0279546427472746,-0.0776704571591581,-0.198349873648629,-0.0850087290112929,-0.281425962234396,-0.164400588903401,-0.108818724468702,-0.0591832821000252,-0.00465843366977817,-0.0520803379903962,-0.13987256925866,-0.211416660430355,-0.205830732409158,-0.0818174759422629,-0.139726871138952,-0.2162454354451,-0.213569401769373,-0.102975256130017,0.00587414246344479,-0.0244276314891609,-0.14325154997359,-0.182583392217961,-0.14982602660318,-0.0927675743867477,-0.230380154518572,-0.157040641018999,-0.18015427325646,-0.134431509326115,-0.0731589454376672,-0.0629189334815969,-0.0728100777097473,-0.142908198775212,-0.0424021606743536,-0.155330637428002,-0.0500982432287728,-0.0310181033106478,-0.100183615391142,0.0385249168038189,-0.0814886015918034,-0.0541387002020963,-0.142513974405842,0.0936602546620403,-0.132935632856381,-0.244928976340558,-0.108554311839696,-0.0619598612222389,-0.0719636564824943,-0.130971623815403,-0.0449498499226315,-0.0102920314477107,0.0705668351105292,-0.15192533944693,-0.0237019079410298,-0.0121141819757136,-0.17451645347031,-0.060345702746092,-0.0810059675339137,-0.158372529185781,-0.0369852455954831,-0.138389004415237,-0.15009201549832,-0.120409214156188,-0.0266830984719512,0.00726577643835389,-0.0165394891506489,-0.0453267140042585,-0.1488508959249,-0.150782528771768,-0.312064357273289,-0.159371673186234,-0.221088630045778,-0.0211772110872774,-0.179603727548722,-0.0773265923993304,0.0586015263309212,-0.294251117765802,-0.209056133167602
"KY-2009-001-C",0.0181190657762831,0.136647594391667,0.0134929002155922,0.0997363614616383,0.105409979918004,0.113924037345741,0.257974684117806,0.203780235729968,0.244925474085541,0.0671602277360794,0.00694197387196378,0.200949035251953,-0.0322052941456074,0.0987564348510231,0.104392839762855,0.109225316325914,-0.00556698687198691,0.234404555162786,0.34183241269506,-0.0177440921597105,0.0877669936142957,0.227229982344767,0.0871958779236087,0.0377444254181337,0.0127296775273361,0.0899260614647568,0.197386744989316,0.150162410906152,0.0348700554085055,0.118493685787442,0.0935005812055835,0.101744580232904,0.179387554074921,0.160400156848937,0.0257468576998667,0.123964913376742,0.0912538059586995,0.00337748331236485,-0.0229077091318899,0.106918937261708,0.224601007336168,0.0757325609572117,0.115125980741451,0.15137706800611,0.0884449309313465,0.186105961864118,0.121552367476846,0.110510051763767,0.379497865950759,0.0818412184168495,0.084655008517757,0.113302753965424,0.179715553160077,0.0630792198530742,0.187795426585087,-0.00902702432327153,0.194454427993097,0.146285973339999,-0.00136576206136224,0.0824360326576212,0.202631800004463,0.0309022547321967,0.102279475291523,0.255520148996633,0.155480499610174,0.0945534117024325,0.125146409293899,0.0939473242665826,0.212263325899055,0.224380192161937,0.173113334995461,0.0322723395560094,0.266839684745011,0.0950248823977328,0.262068253244411,0.117974153906939,0.334992413560784,-0.0203222047107618,0.00658255011471279,0.222433420085637,0.212747332564748,0.0781563211748032,0.143477448517388,0.0936186804021233,0.108066359934754,0.141458373360835,0.223071585157055,0.115603417278537,0.0766408855892874,0.0883280019659547,0.0461417787708325,0.197701960213782,0.125618880704873,0.222945014869883,-0.0880078534849742,0.148127637328096,0.0125393107364058,0.170809250152585,0.202108844498891,0.130733434848491
"KY-2009-001-D",0.232501976387356,-0.00426308140849345,0.120529011601771,0.171123531537587,0.122083284506233,0.24986963340394,0.121439236023074,0.0463386746086073,0.025288611034431,-0.0550518431921712,0.0928191245524404,0.131799227110708,0.0596300691345511,0.280267132891079,0.0646543995887738,0.152327979220341,0.174867274754744,0.148303836823786,0.128595220733713,0.113293617857348,0.115115662791732,0.151822890754594,0.212020759662453,0.0477237240157386,0.0844507246032686,-0.0130255995187287,0.0040669601836353,0.119345989206138,0.104887049740792,0.0963448503996178,0.245136930211123,0.078298290168031,0.0407193399412441,0.15357369893028,0.14046715855722,0.223747538928775,0.224569377614107,0.190841687807673,0.170467999946424,0.0368055719988168,0.060773532755082,-0.0146390646258741,0.216203510384681,0.182030309578414,0.205732492014742,0.0410570319279971,0.180769271764697,0.270827893622542,0.208194480712924,0.0504701101687243,0.155300035787239,0.155581438657036,0.069549233400751,0.125908860974321,0.10096652849078,0.0981838549815503,0.00512172400537661,0.0488104595089767,-0.0210107750684097,0.179173850526188,0.0607326651761143,0.227175990858378,0.109203749972179,0.0947027471184883,0.247488373892545,0.121612506331068,0.164289221677829,0.133062559543749,0.120031516417238,0.147642626041022,0.129317910401887,0.119614864125071,0.0286604968439136,0.0905442112608611,0.123290771669285,0.235298831992856,0.125070442612764,0.379455187362475,0.0362583569038295,0.18611480722728,0.181438478812916,0.166417903671473,0.233905730471108,0.158900485399777,0.146733488160093,0.0876235062057824,-0.000676941109232222,0.161999265658455,0.0813019102620271,0.191602726234614,0.173698489074415,0.0238523342808275,0.0902093407314201,0.0514333316003418,0.110112291455403,0.298100752217739,0.136801716822466,0.0455700149109773,0.074122333279829,0.0776674417873988
"NC-2010-001-009",-0.00639326769870449,-0.0380969322332857,0.114524863579256,0.0828974089038799,0.119628354930933,0.0625380230104738,0.164531384049245,0.0637762809634794,0.187543909918356,-0.0164187993280538,0.058820422504742,0.10204146259493,0.00781953808484024,0.0557182245066778,-0.0421270702962754,0.17116382519695,0.0235138476455078,0.0887119142885025,-0.0438620997719909,0.179930311756326,0.0626000642228307,0.0110843075305003,0.0854065965013014,-0.00358992233665726,0.138342158635813,-0.111603567600628,0.0764711559340951,-0.013961353029511,0.0572319752716441,0.10173066375916,0.149179768638603,0.0658279989829826,0.0926881927842693,0.0440898340982311,0.0942025985809661,0.0232971130358659,0.0334422905141267,0.068702302078923,0.0838582690465898,-0.0144297809010552,-0.231384384789906,0.00559764966401699,0.215473300084931,-0.0000992660478285924,0.0764220117837741,-0.0252167874052146,0.134036098133255,0.192533427268086,0.0635882976237778,0.121244178869104,0.0276074700267741,0.0716422019771386,0.0715931184651357,-0.152782086557415,0.132319453777361,0.0214045764981064,0.0215850602809708,0.0207122477990923,0.0101387000797706,-0.263410871244262,0.083933920028284,0.0592524663283683,-0.0386783715307004,-0.307287029787537,0.120519891766533,0.119342789334959,0.00536485433043293,-0.186221764984152,0.0585446480176263,-0.00291377409268792,-0.0505086740039598,0.0380401873109054,0.0575310849422586,0.0427735960377476,-0.271594027154594,0.000052687665455485,0.0308656496364896,0.0141150811492561,0.0968095857354776,-0.00783388749518194,0.0688290553587789,0.0157496063881532,0.0880946222755845,0.0493891739063648,-0.00631978968321675,-0.0248996555140182,0.0410054039897342,0.14463999196907,-0.101105290709625,0.120880152967491,0.0815161949833497,0.210488242512768,0.0477396844470931,0.0116615682239097,0.0230720828552597,0.0304655723625507,0.012944168584895,0.0295762464446689,0.0640309607330648,0.031187288691317
"NC-2010-001-010",-0.0945720622012077,-0.0987941261190933,-0.0354696169266635,-0.169110168627634,-0.0722499884997733,-0.172269863304071,-0.200083100181803,-0.201277517448507,-0.110536652820141,-0.192310738219121,-0.160579046710065,-0.25360418319253,-0.0765514249498787,-0.137419085724026,-0.212197545981637,-0.161191200843711,-0.0860638489482062,-0.193129126033711,-0.0405872633514172,-0.249032009425098,-0.0972139394390346,-0.183057803312322,-0.217641535512399,-0.101482941282075,-0.160389474334571,-0.134556687490064,-0.0162828712846266,-0.0634147483937318,-0.0743213608742085,-0.0764615217676156,-0.111274835647997,-0.182153149218011,-0.14756657205974,0.0058559895551124,-0.148146683971099,-0.0798204281258905,-0.1442707132664,-0.118761612478875,-0.261477020886501,-0.188303191705986,-0.131559918772497,-0.0901297578031325,-0.0226599540579414,-0.162253554754437,-0.160860837268127,-0.202059692991247,-0.171470009352494,-0.162697351820118,-0.131993880300019,-0.111175548602756,-0.0732076773974737,-0.0854160588760226,-0.203362341111967,-0.0794911948408577,-0.0642013071373882,-0.0261815681317656,-0.176230818843484,-0.0234857442585668,-0.081096949694134,-0.198058145850638,-0.20794695679957,-0.166069176313051,-0.047428287813196,-0.228176095019785,-0.0980480382043256,-0.070682397842957,-0.165439797649444,-0.0409570333056657,-0.156447018177619,-0.216507530476262,0.0129010650896774,-0.133201878994725,-0.145375970059299,-0.0735987239896555,-0.184857114976457,-0.179662454073965,-0.103174358174452,-0.240960178470223,-0.155164291788775,-0.120122544907006,-0.124260473121794,-0.166879701945989,-0.111604467382984,-0.198265807890256,-0.142149821857305,-0.0203860524487867,-0.248239895231388,-0.12209225586612,-0.0339607019635447,-0.256617438035306,-0.366028681556051,-0.0678599616072762,-0.112176328452809,-0.119026089589824,-0.0671162930222475,-0.176659746925877,-0.16995358740791,-0.104697981497404,-0.303304044570187,-0.128999096856974
"NC-2010-001-5-B18-a",0.0391143346575332,0.157236048807218,-0.005741307903408,-0.1257916904404,0.099830141197203,-0.00370926879280414,0.0925086084278457,-0.0251591301301994,0.112706688950556,0.0258750366510675,0.0352517393396635,-0.0606919199312375,0.0405263950146399,-0.0434818104029114,-0.0262698863646747,0.0471288305557324,-0.00545331099554304,-0.0035489285041067,0.0296170090945567,0.0573334588100927,-0.0704282613021096,-0.0295266199288614,-0.0105645073236349,0.00215513756662674,-0.0814093852437596,-0.0099134931376187,-0.112392869932295,-0.0782993313208845,0.0808647190396175,0.070632199730126,0.199565084547026,-0.115546135301024,0.0320660276673047,-0.026268351469354,0.0200713169050636,-0.0562930646332351,-0.0341364791853394,-0.0644901196855583,-0.0373562027958113,-0.0189011313211719,0.126045103603835,-0.0209018878813932,0.0206306975864704,-0.0348671923534687,-0.0783764279026878,-0.0221865817688067,-0.0561136218637681,0.150668104700437,-0.022020171327383,-0.0393771209197181,-0.0809456419200889,0.0376430497151608,-0.086713415869109,0.0335993138979018,0.0402576176164693,0.0152786445895518,-0.167165671935911,0.00405427436614121,0.0668923980806673,0.0855657033574002,-0.0130244356533555,-0.0292496253496242,0.02629670457656,0.0256156779675538,-0.107671260849066,-0.0352529286783645,0.119977790620042,-0.119215124779659,0.00477402763625873,0.104533548043795,-0.0349592534427956,-0.0199837886062083,0.0718333914796315,-0.105528509841975,0.121632424177388,-0.00923534765203364,0.0105745573394024,-0.0624026019862184,0.11289216994831,-0.067911506130433,-0.00369359328645666,-0.00598966352436511,0.00629730369171953,0.0520067762012119,-0.0329400891735597,-0.0585596321541413,0.010727461591776,-0.00710160380919413,-0.0692990899657779,-0.174662839852782,0.0115703303510305,-0.0950607036773872,-0.0988387000270084,0.0933085530186461,-0.141796138792002,-0.10120954236362,-0.0725892617394336,-0.00117854762287182,-0.0266141091662955,0.132553413538116
"NC-2010-001-5-C",0.0700860251107434,0.0612363415984173,0.251752520164904,0.371158349446744,0.417334060638868,0.2838927131605,0.229035485925345,0.22801985343492,0.089834097259102,0.198237812904631,0.282882087474598,0.128672122464227,0.208942514734607,0.236335339719098,0.308977506012285,0.281947005004576,0.185918728308057,0.56541368618793,0.39953493094117,0.0119105393620592,0.222539068830067,0.231447316303248,0.20380381290533,0.336075565274789,0.376843621769124,0.213956767023909,0.202158406236647,0.26693036118529,0.300240874473353,0.0267689090854561,0.165048904767235,0.203443921198637,0.423313784812281,0.298210102801322,0.103387914454756,0.208079077271871,0.277661289231701,0.161680241272792,0.227887248339571,0.170776680155779,0.0850561075059546,0.250910186974779,0.227971337932986,0.297401535487953,0.327328265827743,0.243485391473754,0.236828780728453,0.215207189818567,0.364824771475819,0.299386393673239,0.38656883567073,0.201554123533241,0.230844936218015,0.252046797424502,0.18876434571325,0.188729722049577,0.203352137306972,0.420722396504212,0.375065126400085,0.211098007976982,0.312573618670209,0.231465833218421,0.161877010227883,0.354284120623997,0.225304775072521,0.353487542446018,0.11297488857162,0.203402510968216,0.291760925333145,0.0599423016061701,0.254194766459073,0.125725317978159,0.169178828239469,0.264257471371873,0.0769373728813394,0.370913746981645,0.201062135709557,0.204022949076436,0.0724714163088356,0.101906652103939,0.253558200143009,0.207186227920465,0.239384747027539,0.321242755207568,0.270936550272958,0.298963020335317,0.189422864921922,0.225163837736919,0.198006900099719,0.301474758609075,0.216104395363951,0.139837492609075,0.328271496936419,0.311728473655639,0.166080930276766,0.385831163734869,0.0844085404359771,0.414399010203092,0.296079005077778,0.110669898942307
"NC-2010-001-B",0.165219692115865,0.0831736497660054,0.0434571176715344,0.133519033337305,0.252499856286703,0.179395099101254,-0.0974893480892494,0.0849910485795103,0.104457576860057,0.0845200505765582,0.0468579448894703,0.139099964587789,0.140326757017452,0.191182632136074,0.094470427826483,0.0652206683737286,0.183342283526758,0.0153590573588109,0.0268837132924224,0.212747639128348,0.154972056799104,-0.0143811638867011,0.122048002883368,0.0875487228372364,0.120038354779964,0.0386266712246191,0.207798473090877,0.187450260348855,0.0832726261067856,0.035353721370504,0.0280636766315966,0.0802709785207404,0.0797975452065033,0.0927639306284254,-0.0264345849720239,0.148481574531643,0.0968009730812409,0.209813308320883,-0.131032897114361,0.119187973221471,-0.060329824986824,-0.0594061731951273,0.0807670937363622,-0.0190737751942074,0.199297708806606,0.187892063865469,0.271938115413248,0.0283898310601661,0.145621043263453,0.0422557533463544,-0.0515954877723722,0.0627263597388472,0.038407293118284,0.194730505977472,0.0922431805162234,0.1077355455583,0.182675978986372,0.231237248213586,0.204564136908703,0.196383217332325,0.0916060548642576,0.124830223153761,0.097698179568543,0.06339416445405,0.0295001383338779,0.11011381782137,0.071422156773386,0.171556093725282,0.0754872057394558,0.13691205206992,0.0416381312333622,0.0646426618930124,0.171255725956608,0.113922449372376,0.0278498293695479,0.134368282722904,0.154889995353847,0.0871490761952561,0.171519413906969,0.102581242855265,0.115656573028529,0.228138968516944,0.117886104577278,0.161841225907793,0.0872803186558935,0.0328257677505154,-0.00564176990866428,0.114004422349624,0.189270258595363,-0.155407621757417,0.106179593380479,0.245159745653849,0.25550236360883,0.0574040358198747,0.21263264786621,0.154511815581457,0.0544754768405496,0.0844275965933899,0.216681561114382,0.100385943874834
"NC-2010-001-B44-e",-0.000904065311444447,-0.021223056616529,0.00657015451964613,0.110546426353892,0.113475884692718,-0.14861508746816,0.00243267499969712,0.00624067169743486,0.00372617753171411,0.130180321059243,0.0706899123818435,0.116079916451268,0.024259824360514,-0.0426667683854798,-0.0387121737572473,-0.0550275459561521,-0.0628753731855469,0.035641856698163,-0.0556817199520453,0.07558374987807,-0.0996008348283329,-0.0111144609361205,0.0671182428626153,0.0103955259067119,0.119008186699842,-0.0604011668812166,0.0158244799933631,0.0839574461990633,0.0420274761446832,-0.00388126832269787,0.135817298298265,0.0724602591901405,-0.044525031024074,0.0140042168969762,0.0549148221365428,0.0276160786385363,0.00695031587365456,-0.0145090316629244,-0.17758431548835,0.0088756889337942,-0.0441421642358229,-0.0115450429312281,0.0888487495347689,0.0449515841802146,-0.0968978871492857,-0.14970524544226,0.033293974139821,0.153940981259021,0.00642274512300012,0.0921393738165407,0.0194271170800475,0.0231352719111875,0.0678350741110692,0.00522992751717569,0.0331386714316673,0.0301360178120728,0.097977191066603,0.0280924016896525,0.00775740501156728,0.0402791012470892,0.165067224904222,-0.149318523903563,-0.00210630117751967,-0.0229571509020896,0.118883432091329,0.052226663328001,-0.00264967528914481,0.00748037011730635,0.139890858670259,-0.15883963852309,-0.0724641236839322,-0.0758812569260855,-0.124561577628168,0.0101764448501223,0.0409077012398233,0.0746422789338102,0.0984595680500095,-0.0538359149893821,0.07753443963489,0.0331784719779911,0.0740538867399521,-0.0530166817452217,0.0662860619052047,-0.0257052644354715,0.067373791414643,0.103405126844669,0.0903034773963371,0.101699921813878,0.0738108660158474,-0.188039544172572,0.0127616824357346,-0.0181797524192287,-0.0739154226072519,0.0702959992355775,0.0801524211631593,-0.0179327883594049,0.0126923469933893,-0.0409989313378331,0.0643401735985668,-0.0147780589109836
"NC-2010-002-001",0.069785017937618,0.0306407281915517,0.125555805514789,0.208885295667423,0.00323901672103999,0.098408114680329,0.0207131402310475,0.0997655822452832,0.0821565459170442,0.132893977170823,0.000877641399589579,0.120003348516281,0.0548095468610282,-0.0732028434751069,0.0971197687833605,0.0898779075137837,0.0121726115889314,0.192015049404628,-0.0115985198267102,0.0839608957723837,0.127740915113088,0.0820934355072931,0.041955142854643,0.0908654637327495,0.092233397580347,0.0837499361501549,0.0000960374975336568,0.0486706733315504,0.0265758789610874,0.0724979037778156,0.121624711155498,0.0305352139923901,-0.041415525204176,0.00950014156748857,0.0559036747913844,0.201141550112365,0.143920099923157,0.140571707910927,-0.00268922641321605,0.135831398223389,0.0714459960475612,-0.0354205167601103,0.00287561849180375,0.0341576936280549,0.0807482981944951,0.221511379224771,0.0358619542479175,0.138841794917257,0.0799239434926767,0.0605168707705294,-0.0570956445875833,0.0325963618065823,0.0796829970620311,-0.0616365978511684,0.0458497535830097,0.0324958860220608,0.143333580315513,0.243983927121566,0.0375197919464263,0.0889610913086887,0.113211981005091,0.0901703188818335,-0.0493185595126066,0.171550666762434,0.0998090355777037,0.048456559458699,0.0862967699045937,0.0441996595802553,0.132842566229709,0.108235786736711,-0.0342997573949364,0.061340473675488,-0.00761618381921495,-0.0156036887403261,0.0660797259126574,0.0215713174042796,-0.0313874190726202,0.029104788068316,0.0726609243623408,0.027425673758892,0.0681163387875876,0.0963427192507782,0.0834627433917576,0.0836552867740932,-0.0211358822409421,0.0373711948958047,0.0613032454222323,-0.00769036294755139,-0.0601738259334058,0.144021333087246,0.0638836573825542,0.0353411568770574,0.111357933680506,0.0519793807670572,0.150522935595696,0.149695670258647,0.107986829979868,0.184771067773383,0.0428063329636092,0.0848414218244997
"NC-2010-003-D",0.0380045695094486,0.0271616436701347,0.0244239149390997,0.0644726445882685,0.0764487196018727,-0.0509900767998208,0.14353136137295,-0.0414089572014557,-0.102057369920745,0.0518064359592093,-0.0169169149538572,-0.0676716321548398,0.0434929352845178,0.0721774358955826,0.0688783756113183,0.0469136948904901,-0.028611554432785,-0.0221040641436343,0.0304636619271118,0.0606875284511024,0.0106079310022965,0.0773376121851524,-0.108604409249599,0.0725740056472228,0.0811248369304843,0.0893430483322802,0.0271821617426293,0.0834585604014292,-0.0119700105492384,0.0160872136337396,-0.100391858664966,0.0575065609714776,-0.0324155201854002,0.0314213440604167,-0.0178438182103819,-0.0812510429628108,0.0699985044133592,-0.0950963754959066,0.181135494526301,0.0757770580042533,-0.0330616038955999,-0.00084725067611402,0.00672304839223741,-0.120544976033963,-0.124490066077285,0.0633338317433719,-0.00275953217784291,-0.00800136300671066,-0.0731117248721128,-0.119395910830103,0.0477551695471528,0.071242662657409,-0.134526253121534,-0.00659225325557945,-0.0279986587585089,-0.034010698246616,0.0370869792613367,0.022807990847055,-0.0191235455690971,0.0772714150878249,-0.0333153023505116,-0.0137193303345085,0.00889724955346923,-0.0407164822200249,0.0559328856257342,-0.00821186373370255,-0.0173466006465472,-0.0519258560649844,-0.0128741060898276,0.0711933107100705,0.0392502301743562,0.0180661152250828,0.0452273368277332,0.0644052785311337,0.0328517780302601,-0.0767092684242149,0.0839323980142998,-0.028965883626092,-0.0970122585769198,0.0243727013753666,-0.0346531942274519,-0.159907644933519,-0.268635785785974,-0.0701470356606572,0.0735424113008666,0.00781100083696326,-0.0352297937719756,-0.020961185846415,-0.0509389708352219,0.0464222701756282,-0.177353555401727,-0.0757592997649886,0.00228895179354134,-0.0807811314642239,0.0571274542667721,0.0633811609933339,-0.0582908590511229,-0.136949485250222,-0.0580193015365306,0.108366660335865
"NC-2010-003-E",0.0858829624192917,0.0433891566723163,0.0535808774428087,-0.0807954646137587,-0.0220636131585841,0.052025835281765,0.0699953747485232,0.0993169952592313,0.0156589762913978,0.0809088030542163,0.11049461926746,0.14109376829694,0.0831410692099197,0.0830720820224341,-0.027780956458886,0.0375196433344458,0.00745176134895751,0.0533645731433868,-0.0181627014561276,-0.0622863182290025,0.111082862838368,0.0554560510184242,-0.077272881990752,0.0342733448464662,0.0773412427614711,0.0294688472028769,-0.083845383567051,0.04643262008039,0.0169116941880951,0.0313555829737075,0.128944112866977,0.0977070272311999,0.00676162237730866,0.00930591405364519,0.0864343009324012,-0.0608831596132284,0.0179017776376286,-0.0185313470529528,-0.00884288732171313,0.0785614953850257,0.0192219803594644,-0.00785420999967545,0.116342746540859,0.175350426350256,0.003895187143557,0.0480863138864305,-0.0364645989876337,0.0394624646304593,0.12421319565033,0.00514571984981416,0.172775132893953,0.0323879225484416,0.0571424133047326,-0.0391960135725171,0.176465335935163,-0.0123624396224249,0.0540884426288532,0.169541212612023,0.0897815283230125,0.0893420879260113,-0.0101926590051099,0.031010770069451,0.091472027409709,0.0644565424639374,-0.0297716621431652,0.0718264067790957,-0.0550903578567595,0.0481886872686883,-0.0815388576114403,0.0186387990281786,0.040586570096052,0.0951360493338996,-0.0198828725248822,-0.091597561473985,-0.0306162307907145,0.101704229422202,0.126710607365568,0.0823982263649771,-0.00000625496622884934,0.0384558954550469,0.00740549661102958,-0.125786755579119,0.0899551502641883,0.0406902597386985,-0.0262403926857612,0.0921673522214883,0.0238769952728074,0.0150525820762694,0.0583353723398787,0.131494960013673,0.117657828033447,0.129737859060627,-0.0972405422707436,0.0945159766360059,0.0383724504806992,0.0568083524067274,0.129009618361948,0.138000086183218,0.0190130998573114,-0.0811127917102457
"NC-2010-004-E",-0.0302856939389192,-0.0386476252606846,-0.0450305864126946,-0.00143849857201297,-0.00544534298511409,-0.0357064594985237,0.0282255303994273,-0.0184017955098181,0.0238268786733668,0.042505324323077,-0.000263984275702168,0.0212069859244696,-0.0338588400240988,0.0001347452416368,0.00557378746042721,-0.0462555960193446,-0.0332342163130531,-0.0561045666919312,0.0177671806243945,-0.0133979894926286,-0.0020143940354456,-0.100594153286205,-0.115967967262182,-0.101910906501438,0.018307969265113,-0.0310766111511741,0.0900879104463112,-0.0134356317913615,-0.031675293375639,-0.072775841691643,0.0454241492302126,-0.0634340622329788,0.078348134770487,0.044636665538057,-0.0492717197249862,-0.00179003897531178,-0.0068232804680203,-0.0604093905952214,0.00582817378940054,-0.0238450963342841,-0.000727219395617014,-0.0175068816176863,0.0288168946378704,0.0365229838009466,-0.0184797858272372,-0.102444519152481,0.00997668837772514,0.0825139728043983,-0.0832191735724778,0.0103048879170708,-0.0121388140617699,-0.0522562047979798,-0.0214865427644943,0.00870137154890205,-0.0617459242612318,-0.0347977909511648,-0.020451011582322,0.00420299074005356,0.0604426204244018,0.0458414905005437,0.0528658759722782,-0.0433313168342209,-0.0210727401521343,-0.0215224360770148,-0.0525094219903124,0.0656840770557674,0.0305926703481584,-0.0287208620856162,-0.000300821419648023,-0.113198976533521,-0.0611744330177459,-0.0281653851745397,-0.0192042157840369,-0.0778494396048211,0.0527140156464802,0.0163724313997449,-0.0477594638767463,-0.148577557349958,-0.0052183607946411,-0.00761753139993983,-0.0618855251668712,0.00877852013891678,0.026445236006169,-0.03133761033262,-0.0681452203908072,-0.0736490908560659,-0.0163936208519664,0.00245859508714395,-0.0459633453434276,-0.065169291786078,-0.00652919971494776,0.0472243051551447,-0.00303845533930713,0.0415421537800106,0.0232649393594192,-0.0486864523792007,-0.0518054580602242,-0.0145346320079944,-0.19249779059229,-0.0741187995042991
"PA-2010-001-005",0.118496229998573,-0.0900470893070956,0.00754114942323032,0.109757800999515,0.0942726179470323,0.122703081721037,0.183381317898942,0.0163465033677449,0.0314031286766213,0.0835959297027194,-0.0106837407723045,0.0299110028832863,0.011919570299147,0.258421873529192,0.0817499560790962,0.0339394598233346,0.0740636710448222,0.0713230926401794,0.0582530578030843,0.103365354821273,0.0290527276501181,0.0461215912542516,0.0145350127653175,0.0694176030050856,0.125129130447598,0.114834630508872,0.0209972138322906,-0.0121671582048537,0.0203359042014691,0.0386450535685349,0.0473323663354298,0.0645877632911654,0.205201224077557,0.0417895156550287,0.00495195596087433,0.100575806388815,0.111181045662495,0.11131093839846,0.0106486304756778,0.0140174540300833,0.0338946721848512,0.0686910974361624,0.0446265664969367,0.0490441714166973,0.0319281879185881,0.176898330006446,0.0390154030480439,0.0820439882664606,0.0175264360721766,0.0671484601086767,-0.0178819810774035,0.0726457366703062,0.0321721312802156,0.143553506023983,0.0811565490307708,0.0523657564889254,0.125714365065853,0.05955866427749,0.119736249643894,0.227107343950282,0.0637673372079884,0.310726750786468,0.0879228486300409,-0.00266865849337246,0.0577323614001011,0.0899818687460475,0.0664577846481434,0.0054449974479087,-0.0855365237038752,0.0273988930969177,0.0465087979990854,-0.0262922398126805,0.123059722756923,0.0402374869473616,0.0556869275172171,0.175839922167086,0.0220219332467137,0.0481153624173014,0.0121893955666704,0.0535297244311764,0.0575844645374517,0.0448876073246088,0.0766755767063574,0.0103699676247146,-0.0132195265545149,0.13442750909506,0.0915943106956064,0.166390275699426,0.12873343092437,0.0228094144455091,0.101066256296861,0.150565692795179,0.0622089634604,-0.00184422656773021,0.11563041168826,0.00831358866040935,0.0314425755878366,0.125595480771177,-0.00384914468431313,-0.0329504650823035
"PA-2010-002-004",0.0102331961780732,0.0324966349088449,-0.0405712273055338,-0.234323334662517,-0.0844827706509975,-0.0211155239438738,-0.305529236766628,0.0299953712168993,0.102624502104822,-0.00660581975960776,-0.0165200163217071,-0.0723609184073462,-0.0392517797118943,0.0964898407915737,-0.0393712880872683,-0.0347858779861606,-0.348992126381813,-0.0211028932930023,0.0660281359248515,0.0286755015175364,0.014582510496817,-0.0327438308114086,-0.0278033042184518,-0.0936418832416655,-0.10800782525082,-0.0699811470279431,0.0519316617671961,-0.0631227531201575,-0.24104317389401,0.0403304979490683,-0.0602251052376351,-0.0860667837649837,-0.0306901017358292,0.00347156764239017,-0.0659846070971171,-0.124758749778673,0.0392945567886246,-0.0184450975074078,-0.00679010805668651,-0.143268393787968,-0.0711662199091717,-0.0192406903496425,-0.000141466764939799,-0.090974912142968,-0.0568515359106487,0.0225360650859273,-0.226226647130501,-0.318924308467346,0.103607898190935,-0.206600797053404,0.00788046119617709,-0.0619937676656957,-0.0505769755056718,0.089016353395717,0.0342797841598679,-0.198605430074292,0.00686713606935255,-0.174481529397167,0.0505542132051952,-0.118829357392766,-0.0305992062825772,-0.0612609574597997,-0.000681691843386529,-0.00388219665741038,-0.231404778881707,-0.084717915808658,0.118478367631415,-0.117371672325393,-0.122425334356724,-0.0625284838169044,0.067794684276045,-0.0134803124747115,-0.0264435137509335,0.0300421102726357,-0.0722594728462355,0.0426002734129927,0.267433053228863,0.0362821290547761,-0.263751229325153,-0.0175083048060581,-0.0518481244212998,-0.113193762637286,-0.0803210276403927,-0.16867589441414,-0.0178519122298504,-0.0875983491759931,-0.0152126358343156,-0.172147158690154,-0.106982128069791,-0.123260281456734,-0.0766774977421818,-0.168422951342349,0.0663811141368156,-0.0366691663578458,-0.0400380387506642,0.0268900484148147,-0.0667844746558906,-0.0518752316247194,-0.0434623369141166,-0.075912000783889
"PA-2010-002-013",0.0757253370072777,0.243337335191383,0.262723095424203,0.0139104561637842,-0.0492161097030733,0.0757051234531341,0.00326285396119431,0.11705749645001,0.183794135727382,0.145902228689589,0.0755200388549412,0.120641620926252,0.0328379363384445,0.122198637495295,-0.0345994145931684,0.103894698965479,-0.134992264880423,0.12722120285017,0.164114772308142,0.0962465623761293,-0.104694095121564,0.236276235055053,-0.0440194908507807,0.117304197514086,0.036307524578951,-0.0108207691987959,0.158942878711661,0.241091687733405,0.120259831612553,-0.0500510292266333,0.119626711386692,0.0532943040175288,0.0679237259105161,0.0854054798706818,-0.0572979444871129,-0.0325830586733676,-0.0885724309209439,0.0698261694905411,0.185036647742951,0.101987141935167,0.162985459092588,0.15723728475877,0.0923939601180618,-0.00695439093295207,0.135565555819621,0.169556848726779,0.128233355642337,-0.00612459776834354,0.0700561449783175,0.0383610024811553,0.0820345356813717,0.0772687551353683,0.0552818131946045,-0.012058101924324,0.153477001914923,-0.0540500981876994,0.0445796551187845,0.201411379994265,0.0657475051755159,0.151234674596369,0.00113650838822445,0.163283700116196,0.145530531015081,0.215065259313542,0.157195936957023,0.0731442214989509,-0.0210956444406714,0.137021398033516,0.20593800646109,0.0775206290108308,-0.010871567947998,0.101935562974996,0.127018649182532,0.0852508156812317,0.115450202356401,0.214253891594419,0.118847912775062,0.0285534000066018,0.259309046998122,0.0862952106741388,0.268416293395077,-0.026773923056793,0.0342480860512979,0.0860977553485839,0.197634091404533,0.0159121890351196,0.0798539541743628,0.141977611205342,0.0826737747341072,0.0419671276446745,0.0994230672584622,0.0742719136071442,0.181452142110278,0.0482344597570512,0.0987223570881826,0.105394869103615,0.0756650988555327,0.145528752610865,0.112347211772957,0.226960281868524
"PA-2010-002-015",-0.370383707683686,-0.290808442747358,-0.191292528988261,-0.331233729843929,-0.418904284982722,-0.198769959264165,-0.257445825206786,-0.29025009860558,-0.383735456480118,-0.371742930290948,-0.384488626764695,-0.278572886560693,-0.257571242430524,-0.317359032900535,-0.461486611886018,-0.141837247267963,-0.352789850768598,-0.289973361478125,-0.319300853473373,-0.287177480000664,-0.445119157826427,-0.254150824245725,-0.243366645398027,-0.29733306952773,-0.472578609816951,-0.399742991419416,-0.214188758062316,-0.369620773055969,-0.409010887804577,-0.261307540996408,-0.367186547815841,-0.447251764172,-0.347198511452497,-0.420974519414615,-0.195716237062292,-0.297050393281443,-0.418532671247211,-0.359945567900098,-0.247415271651781,-0.399762081550524,-0.370803082033037,-0.282971762574315,-0.648234948830716,-0.311877783184989,-0.164728649537365,-0.227502840856689,-0.356792245217666,-0.229873993629567,-0.296954126570582,-0.351649885427701,-0.372909421709429,-0.259587394036302,-0.263719045352908,-0.397257115578669,-0.358829021115351,-0.26054948506866,-0.31166452884229,-0.278317207207366,-0.183267688587541,-0.416645053037825,-0.15547204215104,-0.289759394765974,-0.238520125591571,-0.225992660728003,-0.211914002414224,-0.271247590959091,-0.293230946548642,-0.357728796133902,-0.334810438754591,-0.406093490409679,-0.276386697223571,-0.282522562376395,-0.284477686204991,-0.268970670311879,-0.285139571563959,-0.335238308426375,-0.30073737854102,-0.37109245682783,-0.418534659190897,-0.352462110945928,-0.263284405209425,-0.37735626080839,-0.354358100289982,-0.326626517875015,-0.277601443122912,-0.377782732300305,-0.318341731721248,-0.338512276337798,-0.313645017203101,-0.316519608204926,-0.257219225521201,-0.335266487817027,-0.380919272542085,-0.330617955625313,-0.329722733815362,-0.28863345560756,-0.262425443992633,-0.25222968770563,-0.285372671908067,-0.261546749976059
"PA-2010-002-B3-b",0.550666837959216,0.546564602462496,0.307229610856959,0.396863398294912,0.289805896457069,0.389457855476798,0.51387999186772,0.482623721087372,0.370384683079465,0.411194616577428,0.354338103536666,0.374092610061688,0.289541724610901,0.45277132759106,0.337797851232,0.513398269192986,0.452007560361347,0.453546362739684,0.35246275285879,0.419374846672229,0.466189327679357,0.456937238282817,0.271989900696394,0.28324981164884,0.424497488023259,0.374132749765301,0.324910133020321,0.40375910511925,0.538264383184556,0.491888180176701,0.416904060500003,0.427210184807943,0.158970290847905,0.414409089250014,0.436928459515894,0.316948028653636,0.365117903927333,0.360917660667066,0.521425552814995,0.252903779298287,0.257886944372551,0.466929226887372,0.38188684294742,0.359861588327,0.38299229259007,0.489635473536461,0.493128228497214,0.449001698442675,0.396492300132619,0.438862295956034,0.373680038598592,0.228546142109763,0.459267781159637,0.459244703086291,0.470784144276167,0.406338947201655,0.481391210184082,0.428158307861944,0.600032299955947,0.366956096573786,0.376339733487031,0.467957003945098,0.356015736792101,0.333864210880208,0.573647176019261,0.379185402805678,0.388767113453016,0.690164419524159,0.354122356245381,0.336560468312597,0.459580146643398,0.686673450172325,0.415506117179346,0.425455202142399,0.426414749610423,0.299548629074647,0.290471409123442,0.350420679053917,0.395750403011925,0.342153886151027,0.334710500480436,0.161278606445334,0.498180340433495,0.601701602945594,0.466060424437437,0.435309705948149,0.605650385083189,0.51478948937356,0.4108698815713,0.439317541682843,0.275130216741699,0.531407760464144,0.274101498364814,0.50450547975791,0.45267609647174,0.4225193325596,0.407483244868324,0.400346665957071,0.372776475652763,0.507553327058066
"PA-2010-002-E",-0.0444394299492452,0.0155147749309862,-0.150241915255347,0.131603168500065,-0.0669133152257377,0.0215700810771275,0.12514605326012,0.0566797059193585,0.109690801969011,0.100234054204148,0.120861977450801,0.199768065580416,0.0913642092961854,0.166697922039547,-0.00612815330674724,0.0712333526454295,0.01407984863248,-0.00350576273385834,-0.138813460182393,0.0117963087574232,0.09122481422245,-0.0191841214540121,0.0919690156870862,0.179486342505703,0.0336750924330524,-0.111677505609478,-0.0397714302025369,0.0787062926137535,-0.0419735962580799,0.00615202184184657,-0.0284043286143636,-0.0289486776142609,0.0827992383568631,0.0489405381150206,0.111079328314962,0.0620745379851081,0.0654461844047373,0.0233172450492162,-0.0558838418412454,0.270589055370129,0.189424285982454,0.0682902335011715,0.0141039643017072,-0.0642884708255357,0.0316513734265862,0.0167089323573095,0.146401734955818,0.0207670975224413,0.00265026046703266,0.0766688157670229,-0.0788751323909156,-0.0921228377960398,0.00570076167098344,0.160786625642068,0.0301930677961834,0.0613250544028046,0.11752151211315,-0.00370768016831659,0.0137584214761853,0.0367343469596282,0.0421073102021198,0.123698293860246,0.061750557779541,0.101123752211586,0.0560875316626311,0.0962207569800885,0.0459403363669362,0.127200400489762,0.11250024657472,0.150687823885217,0.0220805995009501,0.110627421068127,0.0673907296096826,-0.0325315956535125,-0.0969888038281851,0.20077164857885,0.310268495737948,0.0238399347804654,0.2231591162041,0.103567885549332,0.00306554347864435,0.0913993699919835,0.0298361134186163,-0.0777759955565622,0.144988174103203,-0.00563089752305326,0.0378783457435648,0.0292147048704674,0.117364370787996,0.0992350275323264,0.0371100856352055,0.0368388944261593,0.095434005101317,0.0528692744758593,0.0994103574728616,0.0841768141554547,0.0949196761945004,0.0667951356260192,0.0618531300211455,0.0459872886896562
"PI230189-US56-0022-03",1.69654339270349,1.40706351981618,1.50886679813237,1.39660170981006,1.31957582279586,1.44616627979091,1.34705092806362,1.36217256583218,1.61900297305747,1.4825841348945,1.53853480746189,1.44148158473571,1.3497702392273,1.39149500553332,0.948397578992466,1.76490148370556,1.3077554658731,1.14758666476865,1.48480045485952,1.44028757061913,1.49794655798591,1.45957032148193,0.925560684355728,1.0269105786538,1.37126952129632,1.39324213696007,1.44178789187107,1.47139715950412,1.25241135442553,1.54247863872646,1.4949053373619,1.56310691223631,1.78819346803077,1.76677393624996,1.42545740150947,1.48144497667528,1.30303457892442,1.61292860256927,1.35692906460619,1.2090523933112,1.57789988246594,1.67721153517254,1.55026563553277,1.50607788827896,1.39934384152128,1.60542593543491,1.51802813367541,1.63881656170125,1.55995503355957,1.14023516969659,1.67821187352558,1.15845601408218,1.13553718827588,1.18165786786713,1.43224075392863,1.43750666449347,1.4817397799119,1.39665658032154,1.58756656406929,1.36894408565489,1.28254315713263,1.51441594294543,1.67543590947375,1.48416252257986,1.20452289369395,1.67548593345917,1.49411236540648,1.43161560126653,1.45614031843277,1.51323569604581,1.48264640217139,1.33480260286508,1.30802799522424,1.55661949029236,1.51474245470114,1.45845911235914,1.47541299501029,1.40843556254901,1.45201071822434,1.39938728532441,1.40379108914044,1.40409503246879,1.57723213142056,1.46716230553525,1.65419807919014,1.50804231865055,1.59057650406393,1.45890025322234,1.35422572571523,1.49424003220983,1.51095748375464,1.22818018380405,1.44626883297539,1.43505519532671,1.59211545233395,1.42061646277644,1.2908021348988,1.3348935511066,1.31941355860867,1.64575766425755
"PI294602-US64-0004-02",1.5653034198243,1.26251455007706,1.33875808674849,1.26149420685352,1.33844716868058,1.37333996917069,1.33914114704613,1.46737046270477,1.25582350190592,1.37903639308261,1.43964292728695,1.24959072728333,1.66364550361704,1.45380111915408,1.46086225283793,1.41875392821677,1.20479105362392,1.13315508843258,1.3431611205419,1.43369721163645,1.28514472361454,1.35224983461678,1.22289828557456,1.33812911926579,1.18921244021349,1.31306259361281,1.56753865617807,1.39729848281975,1.23590334756303,1.54140922721083,1.07892472189385,1.24835117790233,1.44906054659665,1.20654496509874,1.68253128097583,1.43112458774427,1.39802961922575,1.38834573426359,1.18214613403242,1.35707054497827,1.30493664488556,1.32085669048599,1.33732698032753,1.4224362115424,1.26460821916378,1.3949443806152,1.51013322366118,1.50628455676127,1.20732598543518,1.20692992111137,1.4644124850872,1.2027189972729,1.10829635223963,1.51703699585404,1.01870100741243,1.54444594980581,1.41978229925934,1.37958754292354,1.52093525220427,1.39369432840332,1.21890479315727,1.51861710201901,1.38086886793809,1.47715043761079,1.46930786922203,1.24043797681579,1.51231138730442,1.41359799440849,1.68054828783712,0.87700107510229,1.54384681142375,1.21927978552903,1.29660839273565,1.25624134692184,1.45290611331168,1.3234258084339,0.913898171269152,1.43964832333867,1.31231199752358,1.41394173051635,1.29103208918695,1.35875345879193,1.38700074834793,1.46333220431015,1.32362373693495,1.23762431496375,1.39502564691348,1.30193272476533,1.3168770226627,1.44158903498284,1.09367685948736,1.48599423592747,1.2248010497453,1.37195582900521,1.44773522780581,1.39697286430814,1.42671306829916,1.27639654108449,0.899992884099856,1.43001063330481
"PI294605-US64-0007-01",0.622569384593698,0.531044968892236,0.427729973162117,0.469501583886828,0.479765141792425,0.649014302568969,0.526575393987644,0.499590462870206,0.549203008385908,0.583927106908029,0.595670779526931,0.598257340555557,0.50290884496288,0.53931158304276,0.652930722210614,0.549160246495963,0.627559983916533,0.500922644859013,0.599868790559748,0.54697976265867,0.564639727040368,0.715917293218833,0.312087675712515,0.486562953720545,0.713983475620786,0.509865296211607,0.56782842521771,0.496740880751257,0.456063706874609,0.539046595285713,0.489924910482128,0.411147220968049,0.56349781445365,0.598372605607292,0.517695106134884,0.634457098058456,0.633834946144448,0.637302311519923,0.56359552756248,0.609732966506839,0.597561673544046,0.572460031660871,0.530655031037539,0.511622056616286,0.582884637558284,0.61179480648503,0.593705522706362,0.618026349841936,0.599461119002259,0.649508784956998,0.461428057501812,0.568770178143132,0.463976717941552,0.572635458875488,0.587772490899317,0.53266134347482,0.510474735681457,0.589206811169463,0.617376146773381,0.578389883170502,0.680330374929219,0.602853391425694,0.484485273711342,0.579802869975815,0.514885266335217,0.545291108381854,0.559965281249652,0.588271838689003,0.602655092409785,0.591164565710973,0.596237935024064,0.446328156982553,0.575950867267937,0.560977712333861,0.513762833970339,0.41296398159038,0.59497036815917,0.584375700432763,0.612804241789101,0.523147569205587,0.546962190363435,0.628900525721399,0.567488861969037,0.57094278771832,0.603076126832655,0.651652712465418,0.653736619092197,0.484289226942146,0.622309851683335,0.591306053757343,0.479410262271846,0.591406867445123,0.566806933518593,0.479520618779943,0.561383336357801,0.548992236404413,0.537188608942899,0.615671319803525,0.544946087500581,0.557202015168047
"PI295762",0.976333315683706,0.854625283193988,0.977226162735872,1.02824104497773,0.958759233523967,0.986637142279551,1.06889005948259,0.971050516610805,0.876168777331152,0.888645099770642,0.728578682731761,0.835834757954033,0.990149702369023,0.914632594884963,0.687412800973402,0.713211765573019,0.922489987863421,0.845642300320886,1.01995777471041,0.96159549925925,0.904929970005099,0.991680249202189,0.905219072502097,0.727268611550794,0.885033151519124,0.706966064968007,0.78116617242761,1.02109165745882,0.91475751928524,1.12184811314957,0.785235217062066,0.926579797444211,1.08066696277912,0.867906749118706,0.991479563345854,0.885164170364399,0.926309286299338,0.926447189897558,0.966804235793418,0.93143546732964,1.0253015448565,0.939681684079997,0.893293090071158,1.08630333757593,1.11620754797272,0.882628910633342,0.895882397263801,0.957245945104532,0.97721748058421,0.810910475538768,1.05142795268847,0.885191308738267,0.965552538641735,0.850313036546343,0.756363215051018,0.956355614210367,1.04886150653395,0.926348792214754,0.745772812363778,1.02795454473773,0.905554758687235,0.834045355184297,0.901334796565564,1.04293825205294,1.04516076899732,0.975129022673869,1.04918190564641,0.956090091391926,1.00554344998245,0.929634151543885,0.733346438153102,0.928085413494143,0.990621933616354,1.01055881666641,0.754784549130495,0.900857241172631,0.660320321406543,0.809581543624873,0.595824449713288,0.860982929962395,0.968470132404125,0.793336526209727,0.793790782414196,0.717317267529596,0.879978889293117,0.987387300363484,0.939969074415385,1.06134281869411,0.978790512947558,1.0747576894983,0.966680913980376,0.9328044540389,1.04719834573695,0.937055582752281,0.846008965300824,1.04002834467833,1.04455284067441,1.058829913708,0.684617730496146,1.13259880700667
"PI295764-Gracillimus",1.38915070221246,1.24785718029172,1.430951567509,1.40807867549419,1.22275386501999,1.35622969620496,1.39735811124482,1.29423838650676,1.28997105825141,1.33191055922631,0.983125792306631,1.40696730455172,1.34465857969349,1.40863065147008,0.943377468134038,1.34950514686186,1.32668869219078,1.36573638531913,1.26535593688673,1.53526195964635,1.41130093590076,1.28720322922828,0.977335311776835,1.37337482982037,1.34830494159088,1.32057873353181,1.46413882385375,1.43439199426646,1.41481728072508,1.41461738421826,1.38414619512575,1.44265621261672,1.10905755173964,1.30711008551501,1.44616479269206,1.48393258342055,1.29320191373998,1.22780353159096,1.34035475403012,1.53420324789048,1.60290290269927,1.38817805677903,1.45085594807712,1.45035785859089,1.31884463091896,1.22805162225012,1.41015238921707,1.41173246879983,1.35163803680717,1.23441562556242,1.34522615928277,1.18301330443343,1.5477708743245,1.61449315750251,1.43454808004701,1.52168644261339,1.35993334515729,1.18787792820891,1.33138559796845,1.43510582808943,1.25465803031278,1.3956295668836,1.5312063674559,1.44827545401112,1.21666636807532,1.45497362101803,1.27747267328995,1.41339616120409,1.45032871927849,1.61620084380317,1.00666224912256,1.36970045370731,1.29583981966731,1.2338206763146,1.40277039836105,1.44193902272203,1.52324280046375,1.55346004053873,1.49032254240418,1.15991622768382,1.4291760616219,1.33713244619797,1.29704760542756,1.34646781550093,1.31455322857561,1.61531873388977,1.45632758008416,1.30064811217983,1.34258519507701,1.29897816509234,1.48078361150572,1.56054885382917,1.37849248045764,1.46186273277031,1.17797948120789,1.38887618450761,1.31348902204638,1.34294753285027,1.45421820345946,1.40213457354689
"PI302423-US64-0016-03",1.31348742858867,1.03420582281418,1.10964856932577,1.21943167413025,1.20209986600034,1.48503277008872,1.20963128631774,1.30153902144133,0.985843373516611,1.3275064519625,1.30325138646431,1.04421929983466,1.11033025657756,1.14687748930056,0.776013593508759,1.41675376655808,1.17446803578272,1.02679568871598,1.39259743949722,1.27185489484726,1.20551693548969,1.28300899832799,0.841752162190342,0.803126255443801,1.1238391371172,1.13763032476258,1.19380359307044,1.09317004649645,1.10148595986887,1.24312424705799,1.22450384352439,1.20442181498221,1.21698539329806,1.28156101503538,1.21639282966268,1.25036687743123,1.04886016564557,1.1217159116721,1.13263576191471,1.05054119745831,1.19093775918949,1.38603461290464,1.23689118212379,1.11104172819005,1.11806164035661,1.27932794150458,1.1160506491649,1.20182411708206,1.42746586144767,0.884619936311966,1.37532375865706,0.913497342332125,0.929017929638135,0.936139075873534,0.805813244551755,1.09078909869837,1.20897733440947,0.968005707615217,0.842364779207912,1.33325994651154,1.26945133061997,0.95173828719912,1.18569358920095,1.35498804073479,1.04332899355727,1.02820121980997,1.07455877229836,1.15976158210064,1.22180775750126,0.736389778557241,1.21175794794136,1.16644188010746,1.05107831685471,1.08823601326797,1.0623226669364,1.10515442048069,1.23070748967727,1.31689569025459,1.26758601226533,1.25854661398441,1.09952482783599,1.37788307995943,1.15802509915695,1.4133921420557,1.15210448154891,1.09836007174997,1.24962514626444,1.19409086691223,1.2754163601462,1.21849185209066,1.22608082106161,1.16101411020928,1.03679109493365,1.0858788505298,0.928274000350923,1.23149798494772,1.20151353247313,1.07722252226857,0.718560887513163,1.15997597240001
"PI423566-M75-062",1.08306202269302,0.869763407088257,1.09667874730115,1.21761284435265,1.16816841010773,1.11969743438531,1.06034482198567,0.967909492673822,1.26427670091721,1.25016373840775,1.12873972472634,1.09518409967306,1.10512482802885,1.26994621788734,1.20316657334488,1.27100845881518,1.32172183270588,1.14003537788013,1.28641846234565,1.10783916973816,1.04668005734397,1.11969586460393,1.31112366483795,1.08690511610311,0.905759191387955,1.05031745189597,1.31083949813168,1.18885294804077,1.08104870234133,0.915611242825343,1.2071065765146,1.12430127656592,0.801930085219483,1.11496261643676,1.08590082769815,0.917261197097715,1.12990970653083,0.97662804577104,1.03897905148019,0.976255866503917,1.22393505224438,0.990700291395453,1.04058349720392,1.07102547514633,1.03754946039621,0.882790249689843,0.938009477130209,0.995708659859832,1.11962860513048,1.21685461628368,1.2782729317961,1.20090944267875,1.18377068994179,1.13224665495822,1.09476090666716,1.15667222916222,1.12047585244053,1.10535944494893,1.12170221666255,1.1077785661842,1.21297469636861,1.08174934920209,0.910178601991768,1.00673526609042,1.13677581448025,0.900795138745498,0.98561797073624,1.20070582465362,1.10521780351101,1.08691070915338,1.15178771115978,1.31271189574901,1.23545333335363,1.03443210535704,1.29550067168793,1.1309243642884,1.03605772697081,0.821607284623556,0.612055362710077,1.05808857926279,1.16139313680144,1.13011077912128,1.01687941383583,1.20175113163801,1.05501296695542,1.17234817514595,1.14179833023738,1.0444046875118,1.19160331521562,1.14863702505602,1.14594886334765,1.1114770569292,1.2017584529877,1.1852278594581,1.13440351505515,1.03014552458449,1.10889800225052,1.26130868291902,1.13649220410732,1.23676028216129
"PMS-009",0.654479060118459,0.667641219769214,0.65567203724138,0.789819485442707,0.827193405735218,0.703247771339229,0.652367265382381,0.676873502727143,0.695558430337792,0.816401612726449,0.782791208000705,0.785156855851095,0.540691505302291,0.694513298702013,0.730427649566008,0.581554140787773,0.69064757753267,0.686282895467748,0.635605616749337,0.685410287616375,0.704204421028074,0.579467650910752,0.595665079347324,0.86520045913321,0.67801433725777,0.821980782603798,0.734091779770719,0.67310021428603,0.644798221143592,0.547049049279597,0.896091217577816,0.862165245409864,0.557122158322282,0.554846188765462,0.780670404195949,0.717348378538533,0.536517974849174,0.685315942585877,0.803914411451951,0.779537711899756,0.790076639906327,0.699636168453131,0.555213199979761,0.689815033539106,0.613126577934222,0.707571219485403,0.604810435740026,0.643953130242393,0.644090938942471,0.741202686920143,0.631703813728302,0.800546637810424,0.7123327326075,0.632849307180587,0.760911402594412,0.704642640989381,0.744557785189257,0.669120337564055,0.766052526418003,0.691507926923749,0.771073102817803,0.525859509192288,0.630424491297874,0.58770564314186,0.707484824648376,0.859173748759679,0.72698541481395,0.681767794327657,0.563046202383544,0.556172842112901,0.709090280076702,0.472119797652617,0.628922759774003,0.620965497768944,0.511622100857499,0.667197391345163,0.657531812834409,0.63438170167426,0.722773650272522,0.668435849857969,0.863843749701817,0.59108166199881,0.598879268699184,0.706058611055204,0.670146085381343,0.41350736153439,0.646129952550821,0.593730623518209,0.65288547984149,0.620282007449202,0.722723488782361,0.72126368280192,0.647872841487517,0.598813988353401,0.685130595489086,0.69716003938493,0.6863123437985,0.715795476420265,0.711449463031969,0.533884844607405
"PMS-014",0.76895410493849,0.926168437959299,0.781605541108318,0.820170620756155,0.742218088688021,1.07574833640643,0.804737627654675,0.909089335540364,0.941170466110931,0.822122429013771,0.881398546388353,0.901170101951983,0.725238710592447,0.742288707993645,0.645648256979534,0.766380891664626,0.738138775114531,0.640281152682924,0.752442251856661,0.744803415603987,0.709263838251397,0.817931914258433,0.875999521686809,0.71308775348329,0.608622901751272,0.632271305743258,0.819473521458307,0.893754728867113,0.872416840332175,0.769021305311006,0.56821943190716,0.817256968317641,0.722718017914193,0.933862299870037,0.837824413919315,0.819741641547395,0.714935021404713,0.844976615257847,0.774388733307927,0.784915146238804,0.820488886528541,0.738236238407364,0.741829168503684,0.768527849489156,0.759028637103264,0.74863443009908,0.777221825794499,0.692627716203915,0.881362678904663,0.737807407592554,0.719217482395541,0.818039868480315,0.842487125934264,1.01567120964608,0.996593547289708,0.887091381255826,0.882592002651473,0.812072700383415,0.764050131368032,0.79155847198438,0.705822774191708,0.820762776831233,0.735041978515357,0.78853468752479,0.837838053634073,0.81603687555361,0.673224553740129,0.918523040025454,0.659639861278027,0.936515005231933,0.575230161846321,0.668449879336692,0.660649842865298,0.845356222737863,0.757252113948303,0.81492667513945,0.718813097150701,0.785210838150477,0.718435286367817,0.725786823142335,0.792900491640048,0.816531328073191,0.888678929717736,0.964165034336162,0.829959869692941,0.566823796363533,0.721291175543815,0.910544224860588,0.706705325639205,0.835635129713513,0.509546170360256,0.615425102499396,0.850308438139175,0.854143240652491,0.748545861203729,0.83485599464684,0.867008074626917,0.759537664557017,0.756705758895493,0.753500795228054
"PMS-038",0.632197836653845,0.572070126094401,0.688641224972037,0.750224181563169,0.598683499319557,0.719427279380646,0.737248348340856,0.668180660347196,0.797892433718023,0.568297974157918,0.761079847344854,0.679209408022267,0.562934533687907,0.694700889740429,0.503693640952915,0.721573308318538,0.564451256168797,0.508736607375256,0.752860171362001,0.698658118897197,0.872097496523418,0.701008301190878,0.670453030107129,0.551521217152776,0.469451428201067,0.459306665276359,0.825043754663783,0.726431760502665,0.807102202369773,0.760156660615788,0.676306549470477,0.698745677223314,0.546677787385199,0.619159559921095,0.690769037657663,0.662644045073677,0.650676589461409,0.778721720462764,0.648082014873365,0.672768613119157,0.643527804891253,0.891125777261359,0.551465925632898,0.588158007581495,0.744218672781473,0.679228450217382,0.777704364536354,0.719970898382086,0.704354927101968,0.607664084890355,0.685327466074098,0.738781613418197,0.816247296788303,0.694641723726841,0.827933691559358,0.77230369639192,0.651380684970929,0.808629376047679,0.850070741534388,0.658704374117079,0.873700918490491,0.581935212922417,0.633501567752703,0.738206419172526,0.685697011081614,0.680863379265368,0.907327680049255,0.842953605139394,0.729451031690797,0.746108266028326,0.783757537954153,0.694148156374668,0.857913006821861,0.660494139260037,0.742891666510618,0.77535286073246,0.785258461618406,0.726120098732756,0.756052334162084,0.656910958926572,0.582173447201077,0.865907301555497,0.655193473201491,0.931623010949034,0.865992493519518,0.780616424845267,0.733478406130746,0.674956945801201,0.649477055374434,0.786792066745211,0.409299367473009,0.820141410103513,0.663922500505297,0.638765117689528,0.766197924424372,0.747760976341758,0.714871559853519,0.811637346797811,0.78913406539246,0.673050442073454
"PMS-087",-0.510732771865841,-0.417453510448126,-0.440732126704267,-0.561504069118281,-0.301146841807774,-0.464257177804197,-0.43616973985477,-0.432383604523584,-0.424633477394606,-0.573090683450119,-0.296156624973611,-0.425682050065094,-0.532356961025431,-0.564197750183323,-0.45156166062621,-0.381721818703074,-0.516882422832024,-0.602006109202246,-0.526083761510147,-0.655740511282616,-0.525719018080119,-0.461864111104526,-0.469917778176472,-0.461253740133005,-0.53467231951552,-0.527792382997492,-0.438477828765502,-0.536487702456026,-0.389687144253248,-0.51585612010569,-0.555104781733102,-0.414744193768214,-0.475022338132923,-0.542931424079575,-0.508510282789621,-0.462681915072809,-0.368764373323497,-0.473276965231702,-0.340340971099405,-0.388303377073272,-0.359166329293134,-0.534080421441106,-0.549375242508803,-0.476708440169872,-0.508771837489304,-0.542999421959204,-0.551613843683831,-0.588064186028761,-0.431010451113794,-0.504802938385875,-0.532069751209871,-0.47431600464535,-0.516022558331273,-0.527968566998736,-0.432397468199554,-0.461287588037369,-0.446144463729838,-0.562838113647919,-0.546661525751826,-0.439488390022236,-0.470654527785178,-0.59377413817813,-0.59667869922791,-0.45822058317616,-0.432995447332339,-0.370000196539274,-0.44296845717711,-0.413656974307274,-0.438311590380789,-0.142465869726523,-0.390144649887592,-0.420064842514413,-0.557756179172358,-0.585492124276887,-0.516657864743039,-0.479866621292841,-0.339533978917556,-0.569288010099902,-0.477693005649353,-0.443601192892057,-0.482843068534359,-0.322190637761813,-0.510501432077981,-0.474345964449687,-0.344871424735908,-0.601401070179648,-0.589563469371541,-0.367365913101147,-0.459049090787477,-0.516294874436931,-0.496338875647591,-0.509052490857527,-0.484513379573457,-0.491157621612098,-0.557002553378403,-0.527041277321275,-0.488385755095483,-0.515786430670972,-0.40186967581788,-0.410494143708091
"PMS-130",-0.870414810511686,-0.795965897300351,-0.839226700070256,-0.735599031488462,-0.777295731002164,-0.907044784853035,-0.907277651314483,-0.854062125923111,-0.871892935694392,-0.832221959164549,-0.675434583974428,-0.606048651126665,-0.886365418925177,-0.865823055895474,-0.857036456699708,-0.793829758316654,-1.11952529035119,-0.80675431882404,-0.51574521172408,-0.843019833628516,-0.930006597680956,-0.723968864330454,-0.786503118014716,-0.694827514709288,-0.741464355243015,-0.83042408041545,-0.615622095709672,-0.429092058273883,-0.741742648833918,-0.625884627014641,-0.728159542282127,-0.681366768509092,-0.648868670498342,-0.781407862229499,-0.802043880535107,-0.833248047276497,-0.783327778305024,-0.770958664656876,-0.853096848363089,-0.792616293241077,-0.781074284095797,-0.762219906069817,-0.76073228976321,-0.88232990527944,-0.823062947459053,-0.846848877228062,-0.832955146556046,-0.555743612065652,-0.807781463029621,-0.906718300633636,-0.770978760686279,-0.919074504330634,-0.650115005007872,-0.847420464783595,-0.899032467222235,-0.742506429538323,-0.836841678544587,-0.687699304125976,-0.930015007728844,-0.868256473598251,-0.857585731747491,-0.923256521940304,-0.844347287822334,-0.848962862254851,-0.759364947213462,-0.674305580762078,-0.862216274631122,-0.624414087095127,-0.665941044188412,-0.422444316259614,-0.993289320040011,-0.758386422840401,-0.741962682178247,-0.786257869385949,-0.676380358161729,-0.810621803904833,-0.977018552212823,-0.633417761426957,-0.396834110946099,-0.779774984564913,-0.909297168001943,-0.848875707355906,-0.713567505440948,-0.862317731851626,-0.851223985613073,-0.652113843565753,-0.794110838159865,-0.82968275092802,-0.950020052039699,-0.660397354719668,-0.887151053310632,-0.989243175663153,-0.785231335158334,-0.864149577336354,-0.760657245910398,-0.602777127163896,-0.802876773188465,-0.886482102597621,-0.807161874498914,-0.848362769495537
"PMS-131",-0.853213756674057,-1.18204582366998,-1.00666601881494,-0.809331520716222,-1.10257971073277,-1.19449243713411,-1.07623923272243,-0.808949663070329,-1.06146826748241,-0.902172803430826,-0.959136997409581,-0.598708731072659,-0.930229862973611,-0.85428211568616,-0.773820131655849,-1.07024130455871,-0.83734469527879,-0.896136626820527,-0.505204068798379,-1.00294794223597,-0.944236883090312,-1.0063435015044,-0.821615739971773,-1.2115752635078,-0.664813498147271,-1.05073824914855,-0.93229252998761,-1.21128666626473,-0.726843642794782,-1.06721233834689,-0.813121339532045,-0.698834026464144,-0.672454086677311,-0.864690553164046,-1.0124660401187,-0.909777218005755,-0.832955998761201,-1.17072401013013,-0.707266600317317,-1.03668929971593,-1.17857736535596,-0.941697371326355,-0.775635463362365,-0.896313380226471,-0.985361397073011,-1.14679967097064,-0.957139917371069,-1.00376300247019,-0.723555592437855,-0.934847584100482,-0.940716467802071,-0.78032991726547,-0.647553537163504,-0.899648753440959,-0.879974268003287,-1.07908435028559,-0.947489638403991,-1.05423713279593,-0.988026901522418,-0.919070248571308,-1.10570721965306,-0.826641174348267,-0.908605263461627,-0.891543081159517,-0.956530198579917,-0.888821673595812,-0.719624151058766,-0.638507950563018,-0.778920793373751,-0.418894926610545,-0.889860341037761,-1.02033676492253,-1.04553453537766,-0.967860103718986,-1.03429637626813,-0.993795043641671,-1.07145726016976,-0.991841551470458,-0.881031082980879,-1.14294030735394,-1.08196753036285,-0.720496420533621,-0.942534464859016,-0.828896135545242,-0.96742634546788,-0.906714534139008,-0.926447759149268,-1.02146251851198,-0.967296713989453,-0.641315675028893,-1.07646770766507,-0.974191891556128,-1.01469726752725,-0.875385034681301,-1.01053874516423,-0.939314773343646,-0.966621178433289,-1.07584143567012,-0.978123574201719,-1.01943263531508
"PMS-134",-1.01527187986048,-1.10894166658347,-1.12887435645165,-0.775193765272754,-0.969279338608509,-0.900128705602487,-0.843325393585161,-0.769448587414741,-1.11197340198241,-0.88161938780285,-1.08509861618284,-1.01708124962505,-1.11278084343373,-1.01959328046825,-0.95999873680013,-0.883292616289627,-1.02989361479814,-0.860535068278361,-0.94025137116163,-1.04101501354865,-0.994871956997347,-0.950986185424596,-0.943160617250034,-0.950636437405177,-0.980684255067142,-1.079701257316,-0.977769321256758,-1.00201128027393,-0.980550036116572,-1.0998164061509,-0.7066909910517,-1.06790168947081,-1.03428960080796,-0.827394860127493,-1.08038255324722,-0.978639267534631,-0.802162699547567,-0.979312273006386,-1.07415598545207,-0.971324379988358,-0.815546794095696,-0.900129761733631,-0.772298266765841,-0.976878897039549,-0.976125640963698,-0.814284403241825,-0.9329594343994,-0.543126660191798,-0.962893030343927,-1.00854696546811,-0.912285391099528,-0.746654192797844,-1.01542529294418,-0.892243472176857,-0.868123357360245,-0.922263324635971,-0.978929036936826,-1.0720823327981,-0.912008402382597,-0.91781301456584,-0.947234403395005,-0.952692247983775,-0.89198136292778,-0.929757077009675,-1.03577562198861,-1.0873350590564,-0.719940137034702,-1.03395462381867,-0.950953769662201,-0.843354794428933,-0.883778308226485,-0.800371511086574,-0.696199186515741,-0.858882602724647,-1.02259780995273,-1.13011716386466,-0.982870284550356,-0.622796175402677,-0.390935626795926,-1.01671307933208,-0.942447807705877,-0.959813168463663,-0.944385225352683,-0.816062034194252,-0.937254810386202,-1.10172263814868,-0.701951281011826,-1.03657233279723,-0.970715816305269,-0.935622430074832,-0.661269692669913,-0.9851427888075,-0.884257215662933,-1.11128655207075,-0.988686947589998,-0.585465081886667,-0.989482568335039,-1.08106728955794,-0.883902946732825,-0.775953024687594
"PMS-144",-1.02047708167235,-1.03926923373656,-1.08382568162155,-1.03177953593479,-0.887733631230541,-0.982049235673378,-0.932284459225642,-0.909703751653941,-1.01502238674263,-0.962404392813735,-1.04089118760569,-1.0666154489983,-0.892325222786741,-0.791624163799196,-1.00735189939402,-1.030615177432,-1.03122285863658,-1.19676318700316,-1.09164386618485,-0.828326045508614,-0.864270828379705,-1.1829529690843,-0.771112506440807,-0.98467587785732,-0.885838116770918,-0.799132766307235,-1.14054933627232,-0.40730643847132,-1.02497754675465,-0.874838738292169,-1.10504692981371,-0.995160616196707,-0.967005772369889,-0.831042420057917,-1.04785721117098,-0.952326695069267,-1.08487973939781,-0.986003719720956,-0.984612954574324,-1.1115298065049,-0.954603012159685,-1.11584979485396,-1.04273275575515,-1.00535299507195,-1.02749527832445,-0.792618363681618,-0.97406250673367,-1.00475109848263,-1.12301726849366,-0.698657461497665,-1.0736239500268,-1.13391621694825,-0.977019222765377,-1.25001139405568,-0.867140482202675,-0.841440794536045,-0.960986602100299,-1.0188441826503,-1.10783081440716,-1.07584496197109,-0.87738944195201,-1.04884039812104,-1.00687739972375,-1.05796729216435,-1.03668991415341,-0.651962762333866,-0.9785058807301,-0.922411246386546,-0.600341153962435,-0.423577117975905,-0.970831347629335,-1.00260433543217,-0.708817886427004,-0.935683428142179,-1.0727897134499,-1.08012018303267,-0.692448081998323,-0.603020378900406,-1.06848128798689,-1.06049065282276,-0.898217260987223,-0.980275044445416,-1.04883709878409,-1.08625336239503,-1.00241443774438,-0.879648725507307,-1.08092048723616,-0.983143397443075,-0.856344622155911,-1.04166941399347,-0.96231334968714,-1.04169720824722,-0.993984581973327,-1.10408202242494,-1.00101366878798,-0.893602783081309,-0.963509769708494,-0.969030833770021,-1.06667399131159,-1.07676170752145
"PMS-159",-0.85442525480372,-0.848368861290012,-0.802145010898974,-0.818338006330622,-0.872937945392657,-0.850199469676874,-0.794612724217988,-0.798183793274139,-0.867912722272988,-0.865511266669017,-0.734054677540514,-1.03344984878337,-0.907969131671381,-0.767285253441368,-0.625691951858516,-0.781230089119503,-0.770814307705283,-0.757379445751275,-0.446279745281092,-0.805941652756316,-0.894504526280334,-0.61445644670444,-0.666795141098112,-0.880270358600587,-0.575097902431478,-0.868038714233862,-0.841257137049512,-0.375535681934741,-0.800881043933553,-0.903669787538587,-0.728421873691783,-0.815545166568411,-0.764512530581379,-0.727129546732227,-0.74411046712482,-0.809199798174068,-0.670826872682379,-0.815330627273044,-0.596686291336744,-0.863206178682285,-0.680757879759694,-0.819138143211725,-0.812733748830123,-0.786434788657882,-0.87949678350358,-0.802500619086107,-0.715061158253491,-0.836318559218768,-0.626317023619833,-0.903974450301831,-0.753423641968233,-0.611697619175709,-0.951178696142877,-0.940535035219692,-0.72623807294176,-0.826087817451525,-0.842741284025058,-0.603010642437894,-0.799385887112299,-0.773629145040304,-0.884157475414281,-0.704958250236068,-0.745224839458703,-0.831883431036293,-0.738126210657048,-0.568931021535512,-0.800387084054669,-0.702926128032522,-0.536967471051887,-0.398321152333114,-0.771368242612009,-0.803269869007758,-0.57454535791082,-0.625735975801311,-0.896768631517912,-0.807239686337666,-0.832849925604883,-0.822787799251473,-0.852086616799445,-0.801370746315762,-0.86382031600538,-0.63411020192918,-0.822577239066114,-0.854035956247796,-0.733529223553782,-0.806887512037733,-0.628846594329975,-0.65966181152835,-0.741825974797996,-0.804803204613267,-0.575634705089855,-0.670277127031377,-0.648757858315669,-0.803131889292485,-0.842313408878867,-0.785591658103261,-0.878646472581704,-0.868649828400597,-0.814681277489344,-0.85869382498956
"PMS-161",-0.877890008917669,-1.02920328132461,-1.03660788038701,-0.965856230383475,-1.0491180968125,-0.96474405354017,-0.941508797679159,-0.972156308756318,-1.08927767288637,-1.11463180781378,-1.11501721779447,-0.979417445278381,-0.841412042244252,-0.945194283957482,-1.11433024561731,-1.06643936317638,-0.950934709861189,-1.0255619040425,-1.02495111927841,-1.07582392903012,-1.017985933605,-1.123040110815,-1.04145653218351,-0.899085758232077,-0.91659480104251,-0.930896446059827,-1.02995832717752,-1.1004555595828,-0.953011505225175,-1.0764838925789,-1.03881618820305,-0.975980852850727,-1.16604486885851,-1.10744725859663,-1.04278388411257,-0.782255811959273,-1.13061903778872,-0.924813534097981,-0.987017114973832,-1.03730285503349,-1.04803418832845,-1.03934953442413,-1.04648996912642,-0.830603069992219,-0.791536152741795,-1.04160092216803,-1.25064573976486,-1.04021510298393,-1.0775870146248,-1.0509471222957,-0.720558520768955,-0.914752907264216,-0.932702506198618,-0.968024137805078,-0.833864683920622,-1.08818838293038,-0.88165294909433,-0.968165175405154,-0.891048404536293,-1.14832536556267,-0.960345673122314,-1.01405534022557,-0.945437913120681,-1.00136445307604,-1.07292933851609,-1.02583727734519,-0.69965242762204,-0.856864582240126,-1.03949975398659,-1.11377876402762,-0.994239970917566,-1.08592146371387,-0.929313897698881,-0.981344409956581,-0.937934612144024,-1.05538806080973,-0.987094165700137,-1.09460682457533,-1.00174061019108,-1.06428918242322,-0.942045407823095,-0.655525472174114,-1.06771120738723,-0.821510030869162,-0.93675093555656,-0.967152173643594,-0.658694415744449,-1.05344137849994,-0.920999328256231,-0.974977228669578,-0.877813170865137,-0.947308211432599,-0.881915508186094,-1.04127080409908,-0.937884655016009,-0.946658613048767,-0.753472390476592,-0.891991815090668,-1.01812590730304,-1.05454372249663
"PMS-164",-0.840476172241406,-0.694075960266602,-0.770498647318058,-0.859714942263664,-0.859270553549314,-0.750277595433974,-0.916094522766015,-0.882920188046665,-0.885695552543721,-0.61012862830632,-0.595324667621608,-0.874094024378363,-0.743587465509418,-0.649482970149867,-0.673652083270441,-0.701192078080407,-0.853620439649624,-0.915482677126155,-0.879291479630084,-0.873210548554295,-0.81024134802233,-0.787623208526386,-0.820301045538057,-1.00109265378683,-0.591917452307358,-0.89786529431048,-0.926007258379089,-0.689659035503176,-0.67712615652568,-0.960555036981925,-0.866507845271823,-0.92206735719205,-0.978281759568858,-0.977122527384919,-0.867193990496686,-0.721525172776765,-0.846764686739264,-0.69002659243981,-0.839690026083522,-0.764570533389744,-0.827347996766181,-0.6603502948958,-0.66670152797706,-0.888192372175171,-0.761936432118727,-0.802067598841359,-0.736267899579928,-0.784491579463066,-0.897850692603441,-0.88988354000491,-0.7192645419585,-0.804604305296187,-0.758325137232751,-0.702350519943121,-0.785771134434825,-0.885080170864447,-0.829244559886102,-0.845988195470983,-0.913717722692088,-0.768498023769332,-0.822923010135732,-0.710372530026338,-0.730128429895074,-0.812559152678862,-0.692469475181156,-0.846158082039837,-0.857820466090683,-0.825987721595438,-0.540450842087934,-0.909337824706667,-0.717491644750229,-0.583967418618264,-0.963696107897651,-0.838702843901848,-0.743098797374777,-0.692151925029191,-0.83630802817032,-0.442996712113761,-0.889822501229076,-0.838078494910898,-0.692135581308105,-0.863984248617798,-0.782599300699315,-0.783147584797466,-0.465666561537644,-0.94418186054107,-0.826083314840058,-0.759870851984328,-0.883426404024327,-0.796401840610239,-0.854892498654762,-0.865424462499202,-0.848221496932551,-0.862337147569832,-0.713634094343306,-0.833551179660018,-0.671568061080084,-0.874131271357921,-0.974560536703908,-0.824177856987314
"PMS-178",-0.919778624090447,-0.882198424523301,-0.827495683112714,-0.679540838438187,-0.700252478374721,-0.742437052754681,-0.852316950804127,-0.966548003109781,-0.77009034918656,-0.889739767263546,-0.923838046975954,-0.833833005108626,-0.989566478998577,-0.744345580896968,-0.639684251707364,-1.05917386263279,-0.828398238890909,-1.02209426829515,-1.02121348269227,-0.919762700554757,-0.86957419300606,-0.982010931793178,-0.992026468828514,-0.788403460644295,-0.646837490325979,-0.923878571949091,-1.0076840470676,-0.956707084930223,-0.970438174767015,-0.840699517453236,-0.829517748636155,-0.833163763096706,-1.13291682578611,-1.09376303743029,-0.715570043591969,-0.930201835521089,-0.752167921357903,-0.885006616576992,-0.953612862222263,-0.848559604319848,-1.03291468065601,-0.872279502916883,-0.8362186698811,-0.956854097043494,-1.00162393239594,-0.8361284920689,-0.759757577884365,-0.817428307564336,-1.03487908498277,-0.655150987833842,-0.696377442380011,-0.907040517838861,-0.89643693629924,-0.919681622047714,-0.883723450576186,-0.910646620651292,-0.744046568696638,-0.970581805898288,-0.948734626075857,-0.681209779195358,-0.885546589477429,-1.01440605069138,-1.02378275776817,-0.788776472451896,-0.883063974916524,-0.817329146122013,-0.815565037211122,-0.852306314227383,-1.02004817197383,-0.8969410410581,-0.99965938785193,-0.817838886079813,-0.796325561105277,-0.953086270319918,-0.962039931305613,-0.935998568389769,-0.860321506356598,-0.832301006491572,-0.90462762350461,-0.880773474869534,-0.848413841940723,-0.931311385957076,-0.819024648581714,-0.842201581649082,-0.790497588448558,-0.897445371059441,-0.690246654369407,-0.678889294843011,-0.954476327173288,-0.965427082937776,-0.87709469177525,-0.91281948039447,-0.912604078168207,-0.97747073653385,-0.651284262135232,-0.798858845162453,-0.835596021906919,-0.794060199793415,-0.894680202761478,-0.691793300124796
"PMS-183",-0.392297244750044,-0.48749864169602,-0.38954374346696,-0.163146750726942,-0.397145736915531,-0.352228852501242,-0.353995143887514,-0.423753710896512,-0.361974019406442,-0.469123027654171,-0.411595484679007,-0.369855571509569,-0.462837540157333,-0.330899601075819,-0.514131557861552,-0.250145219185356,-0.4968582724965,-0.538553158046816,-0.370013627044724,-0.339100991005653,-0.446798073655273,-0.407098221184817,-0.444824296354003,-0.461780732976427,-0.231543199379361,-0.533493259004689,-0.376947764007276,-0.389550987556757,-0.431910147538681,-0.52186492805604,-0.430627831915955,-0.453327940403452,-0.405380143666126,-0.496179595964882,-0.193003861483679,-0.408497007784828,-0.534443673347351,-0.435614550386256,-0.524761587372515,-0.612476673467583,-0.472454055036747,-0.389283574174213,-0.447950880992336,-0.394089096506439,-0.289161025594661,-0.357521905497572,-0.428417953271448,-0.224145933526844,-0.441128547631055,-0.483096361745446,-0.389351201212707,-0.403051585832448,-0.35719896346037,-0.47871649291207,-0.486652450514935,-0.351715754952474,-0.490440601169712,-0.271408861916365,-0.320825714589033,-0.584586798321877,-0.337512166548499,-0.362959578137423,-0.640017972827423,-0.282152540648664,-0.405776584581668,-0.437768915406861,-0.460532502338474,-0.453738813615419,-0.398452404965791,-0.474183503815782,-0.578620047556945,-0.378856976844036,-0.187667692722715,-0.403098226463018,-0.476549928575582,-0.600062434316826,-0.400730169904341,-0.49217829252302,-0.323798948644291,-0.480605861218989,-0.394689612845751,-0.420569956561766,-0.484996996676925,-0.540476809259925,-0.371076595232407,-0.405703222697198,-0.507103621008583,-0.413376963042857,-0.420344262885062,-0.438251247751172,-0.364941475646852,-0.399666250064111,-0.436703020076693,-0.492382604368931,-0.418844827354395,-0.380637140078997,-0.35736451945888,-0.36199325846766,-0.338707174881748,-0.425711214550678
"PMS-204",-0.34641076291421,-0.398232877028773,-0.576503916223006,-0.439788580880359,-0.488674861094259,-0.428978754722088,-0.347328760657658,-0.445667173088854,-0.385941243692831,-0.484510523394269,-0.485545750466508,-0.437961483874056,-0.478030844763471,-0.461642935799124,-0.501336455892584,-0.384644708108432,-0.428558834560925,-0.482776920566255,-0.42610477093889,-0.481497251947531,-0.433855207546223,-0.483678183359529,-0.452037281540989,-0.367930279995914,-0.636691593159654,-0.310860140975265,-0.461480933606486,-0.481493860891309,-0.383898562516601,-0.531949874950992,-0.368040718393928,-0.490132815967991,-0.530639071675464,-0.371869608256245,-0.449782811817595,-0.437001678990132,-0.527595940498999,-0.374069866017877,-0.498596866174274,-0.363922406090763,-0.498315689254572,-0.442602174156816,-0.501813640929277,-0.279976842494032,-0.505290905007372,-0.446304922936294,-0.457253155059525,-0.452199202170541,-0.308796554170875,-0.414875532529014,-0.44061290156358,-0.58847255420384,-0.310446141292733,-0.394048175638812,-0.34140021222496,-0.439616889431655,-0.375817328699075,-0.437078419559046,-0.379718095134364,-0.526288614412659,-0.452893107088829,-0.359478701289364,-0.536198946473245,-0.562551664769647,-0.378195921148773,-0.419711847680953,-0.321864660335863,-0.466006715404994,-0.4511886636712,-0.422851772540802,-0.385784778706689,-0.367081555384918,-0.55349300797718,-0.414254723857987,-0.459552058007169,-0.341443693245126,-0.358968967702993,-0.45556738577827,-0.405380420039455,-0.421627643473065,-0.368202720831216,-0.377120998471631,-0.468825456581003,-0.398097393977834,-0.678237843918752,-0.492425862569843,-0.465491651122621,-0.51006800229107,-0.478253164690777,-0.428967446381558,-0.444124312748879,-0.37883061035772,-0.492019875901628,-0.351659086959269,-0.544418686539926,-0.406223191918473,-0.428109266865476,-0.43484531862006,-0.42063962227068,-0.515462521315896
"PMS-272",-0.0226195410348378,0.00793636452669205,-0.0253419070768025,-0.177803078939333,-0.00568988060864509,-0.0661430466196485,-0.0792661457395301,-0.0355091429232623,-0.207642876728312,-0.0178360465661828,0.0181436012677417,-0.21283073710971,-0.0153183750340416,-0.0684042411762338,-0.0727880050365565,0.00175760045233788,-0.0401954816961048,-0.0428329139753859,-0.108283712351962,0.0467382642355399,-0.0235914306407736,-0.116644580907374,-0.0414963306405988,-0.104157598777173,0.0168433666208527,0.083492390553226,-0.173337665626434,0.0199915214119608,0.00583000692762004,-0.0101065527024516,-0.111318103670243,-0.182304331010485,0.00170602996659359,-0.100683308751765,-0.108605338765647,-0.0273614595843447,-0.0570043578380526,-0.10213352482414,-0.163117618516487,-0.0382601551502914,-0.0452797285638893,0.0944742374841677,0.016067092420213,-0.0305059561246234,-0.0288436109298306,-0.0941024377561385,-0.135383080265468,0.0239252396448655,-0.0685088617890015,-0.0328687278871423,0.039695689876108,0.00217018294532987,-0.0882728677325335,0.00192282528184662,-0.044587516162874,-0.0451291850060238,0.0555329908952424,-0.0385606644065804,-0.0255960960575143,0.169509985944477,-0.0989905223617948,-0.0497672252653916,0.00809432148381892,-0.0650715182509508,-0.0759826856819696,0.00950596664072552,-0.0922903824843786,-0.047923107905867,-0.0245475315857861,0.0133647370570791,0.0184833733491735,-0.0128136621805364,0.060880277517433,-0.0502571429249727,0.00926196189119816,0.00430357967698894,-0.125378554782918,0.00398822190607682,-0.0935102930806503,0.0300733625184228,-0.0248064321559444,-0.0695836174275712,-0.0158182458541862,-0.0858271406406256,-0.0534390488240598,-0.0745497300019228,-0.00241256059342482,-0.042238272681128,0.0102088754348426,-0.0527792074950043,-0.0285703069549064,-0.167594336389066,-0.00859437991972255,-0.0695856797956742,0.0216645634823936,-0.0238332790791504,-0.110694996019382,-0.0152226264189308,-0.0554921074937924,-0.0606388863130189
"PMS-285",0.161649120075448,0.020785898376336,0.119256085479437,0.0210058561340953,-0.111412521760384,0.0310692654144986,-0.180048736092732,0.0705694611526241,0.0698765371582348,0.0736634669984532,0.0587370981950601,0.138330090080327,0.106414115867644,-0.0300150589372818,0.0796279569654143,0.0110068459511586,0.0655914646991898,-0.0580176468448016,0.0668398046579731,0.168748915995505,0.123032335124517,0.0934092175405156,-0.000449936237925551,0.00694994661067089,0.0791056150612099,0.0247233844166605,0.0326737454694634,0.152813265882135,0.00522748493492468,-0.0016199775803888,-0.0413116727846274,-0.0240277280644146,-0.110638942692716,0.0635072948802946,0.0528915265663085,0.114771262504328,0.11120539167821,0.00434149074361389,0.0239600415361674,-0.00664466842568347,0.0561271449174185,-0.0306248420119311,-0.0306090445960234,-0.0708911320442269,-0.0203174792735091,-0.102330654215872,0.0349222537061406,0.00406336782784488,0.0583782011467907,0.0800788525763405,-0.0142176016003578,0.0555478933237049,-0.0606115101170546,-0.0511642852675334,-0.0612565844421774,-0.00624550949150117,-0.111978959380771,-0.0966984859212829,-0.153776698311884,0.411960641533056,0.0457092047279923,-0.127403182348784,0.0243424456847842,-0.0648875267051281,0.0485081679153302,-0.109967223162051,-0.0300539712196833,0.0173961694367027,-0.0875413178354554,-0.0561373104766773,0.169407954589875,0.020785438196036,0.0624746699579406,0.0325750631464622,-0.190400437760018,-0.153851322257919,0.0109923726330603,-0.0180124587606965,-0.221521285511061,-0.0606162329888114,0.0657949487827498,-0.0712938339828602,-0.0773794551065387,0.00241255683957448,0.0234953163889215,0.146692973328657,0.0448839933923401,0.109632278036779,0.0884839791848852,0.0924645325208926,-0.0436488377038307,0.072957409074934,0.181175082444632,0.0501334312900942,0.0990749848597268,0.0614462975909767,0.0476809798112291,-0.0446667180924644,0.0712970282457255,-0.0255930001362812
"PMS-293",0.371802897862143,0.156669052274962,0.117124627521521,0.184235570783159,0.187989007484863,0.222321549303573,0.241979732188379,0.184108067502815,0.179806822186241,0.245545512050819,0.208240376862894,0.166965867584655,0.149879996582625,0.152177744159044,0.231227588279768,0.139299890141423,0.333952957179983,0.202715199933869,0.226250083469818,0.218772799815089,0.155971384875406,0.16036162902072,0.310308941345273,0.18896498415535,0.275937037993521,0.323344585223823,0.213452042033256,0.258874690370265,0.155014884611386,0.11936438011365,0.1752271596473,0.242570556012753,0.192686299329103,0.30302572574242,0.40629539781718,0.192026601796266,0.211314910634503,0.246721546684088,0.214037447298127,0.140094921344845,0.183092150835996,0.224777103308618,0.11925641351008,0.222121002025149,0.173256840106169,0.158474633071614,0.188330549026673,0.332964135424142,0.155395466792675,0.223249545795636,0.203374480920166,0.0911221931449624,0.170293750235945,0.206669104085167,0.210987268861346,0.284405703089336,0.124364529569457,0.228742328742175,0.152964828691749,0.222592092177434,0.20858446524215,0.1970150585721,0.177967919316305,0.294948924194691,0.19307040895015,0.222354562586416,0.143195032860707,0.210942905338767,0.211613426524109,0.0789569353427969,0.21533338166071,0.223542076555139,0.196151373441524,0.211815776745591,0.291112407972524,0.403678225708416,0.131774252580737,0.220406495397942,0.241804364795387,0.142441890120035,0.135766446710623,0.213244130434339,0.275323751032264,0.195768537597733,0.218810539589557,0.205487418193081,0.432169250218529,0.169429068857803,0.182962658253494,0.261533013029546,0.185756037848667,0.363680014098297,0.222303069374944,0.273519429873671,0.242025479747257,0.192567020562102,0.180870713059531,0.270960911890847,0.270396707567088,0.328759705179544
"PMS-303",-0.130267428420609,-0.253997972168633,-0.112027651871917,-0.195159926677956,-0.250993250557299,-0.207967094987371,-0.117264570847125,-0.16150625441475,-0.226435297682684,-0.156995206729298,-0.354701348402154,-0.0802884942940284,0.0156467653895495,-0.122253835692938,-0.205187602915427,-0.179550165019723,-0.204750018565826,-0.250573163804091,-0.091043338497568,-0.348732633919971,-0.160893912693257,-0.19725276411638,-0.131859989730221,-0.294588464469224,-0.431369071799155,-0.174123079346729,-0.131335195677263,-0.408050416807684,-0.237600644813325,-0.274234813453233,-0.20133396011314,-0.147421372742348,-0.203823342999521,-0.1611683216983,-0.213569197735129,-0.270459964845359,-0.290570652554856,-0.213180503473686,-0.0918900280680914,-0.182852403154234,-0.204036072293795,-0.211713262739676,-0.161884445603694,-0.223763294204067,-0.286763032232742,-0.0213072052709985,-0.192186452791992,-0.189410556891243,-0.142809624899228,-0.238561174764254,-0.200273027582684,-0.377537074047852,-0.186277001047115,-0.221812182833731,-0.208536954282731,-0.152305601414365,-0.17084802125406,-0.209420996580606,-0.246576691708114,-0.399790852171992,-0.0688780412687299,-0.124139174158097,-0.295072474271086,-0.177880889766145,-0.19978752875704,-0.295350349047703,-0.19769601409116,-0.152417245262212,-0.230420234620069,-0.367140675387124,-0.320546948253291,-0.157607119163052,-0.185886887277038,-0.206166287973427,-0.356809492031505,-0.126812490680337,-0.0812837804896124,-0.195750338133999,-0.400923826642929,-0.156249700700737,-0.186299778649067,-0.229545697569072,-0.236278494644159,-0.234892741221302,-0.103741401120482,-0.3752297643034,-0.14438111685591,-0.219213760985887,-0.173948201506032,-0.198510124334165,-0.167315974147171,-0.170564633521713,-0.0853068967774057,-0.0420641902829318,-0.142755670203775,-0.28325808540547,-0.101990400951072,-0.152562508169272,-0.0114550310205414,-0.154603721997979
"PMS-306",-0.289303956807325,-0.225070657686588,-0.382710203606236,-0.302380597315417,-0.374406865764128,-0.221843612276139,-0.354454414028702,-0.271562496254801,-0.255566817549874,-0.325604784394396,-0.394689453607304,-0.275569097930384,-0.284438298791797,-0.302421669432476,-0.218271517870501,-0.206578771769903,-0.263820074668778,-0.238422348324375,-0.280535829295157,-0.240028887770933,-0.239545298506678,-0.207463224320157,-0.312914216446702,-0.382647774154448,-0.474107320384809,-0.333670820020099,-0.257868402572726,-0.319696339177283,-0.365325127476363,-0.386842953900429,-0.291624957752763,-0.199742493581971,-0.371970413415293,-0.159387285224557,-0.217795196994912,-0.0548684820926485,-0.358972211231877,-0.153375833561414,-0.207697996107062,-0.0942664893622857,-0.192607611155619,-0.253761251872622,-0.184928647265563,-0.125607074315853,-0.163007580799273,-0.267213915279228,-0.316280948246644,-0.102612819661837,-0.309603962891787,-0.271376005210819,-0.215896240650869,-0.162459472258513,-0.224255066599886,-0.0229865568506205,-0.101076598818057,-0.292265918820544,-0.265547377457048,-0.398592751866808,-0.289443211964874,-0.426189383093275,-0.208208595365649,-0.311266665467763,-0.423170952212478,-0.20697809757663,-0.130566616998698,-0.248617383676233,-0.272681664502375,-0.181491615205117,-0.353599399634171,-0.262974547190363,-0.261196662734344,-0.326253772632448,-0.383241632721334,-0.247012196901149,-0.400072370991454,-0.403580591653828,-0.361664874661426,-0.235881874846279,-0.432652882229168,-0.272773630455189,-0.0348538756376526,-0.222235351194928,-0.317371650285788,-0.339897970024922,-0.492675275851278,-0.410893744240432,-0.368293158276965,-0.342249124890226,-0.303435688317278,-0.279868126077971,-0.252047288699751,-0.176676684826608,-0.231004841427996,-0.296322426177426,-0.356297839081679,-0.328599406843416,-0.187749396991364,-0.243640649899501,-0.229347621017682,-0.23373276034953
"PMS-314",-0.274578411769983,-0.226395371143244,-0.321587591169286,-0.326730160684361,-0.423373947891851,-0.224092088993453,-0.407296324888969,-0.258665620346638,-0.285420699226757,-0.348903039042188,-0.23968753427071,-0.339811497005607,-0.32053424200859,-0.30662933792968,-0.22634480325269,-0.261368143632411,-0.214304464387215,-0.121992031326219,-0.268843789232466,-0.498902314149931,-0.158483157139835,-0.269897545160302,-0.289718399286038,-0.242647318869138,-0.383137321063756,-0.33978024624356,-0.262542046844458,-0.542533664282363,-0.431499815658533,-0.2858924821276,-0.289989603940786,-0.369476356888734,-0.166384671536718,-0.356147298896688,-0.301632290188113,-0.253403606559525,-0.312984560731367,-0.351794184151174,-0.299742432739328,-0.436145381799539,-0.365029169787048,-0.333120996888638,-0.304126264912093,-0.317797318703007,-0.335714131439171,-0.255108777638997,-0.333123343713454,-0.347208417834543,-0.338092241764517,-0.286541467004426,-0.237766073210534,-0.246310893446835,-0.2537070996005,-0.31847656096773,-0.110098344444128,-0.203528495253763,-0.398599078651796,-0.449849875694402,-0.279622730598575,-0.300861558628566,-0.333168144970688,-0.209847672606006,-0.493756908567208,-0.431628959936772,-0.305063793568358,-0.431040817834332,-0.238530708998213,-0.258590293672281,-0.27490665651018,-0.432770513978916,-0.452231806887593,-0.391478544658744,-0.0584186306596582,-0.165466385595843,-0.262462490506773,-0.469155121497468,-0.399599447904065,-0.356448380673157,-0.264500070174267,-0.300560468262532,-0.285297026930545,-0.221115252531921,-0.299057961915447,-0.242639705340717,-0.571671116760005,-0.330707901250062,-0.457617060790573,-0.223800007018289,-0.345263236290042,-0.216554167545594,-0.0824661055182902,-0.256966776819624,-0.381074464188947,-0.321825131291106,-0.335409177647963,-0.259211300409642,-0.299531042629465,-0.31403475603783,-0.373368994777828,-0.405852936019671
"PMS-347",0.646440934843432,0.613288733527007,0.792574695937719,0.610563019661448,0.607276862248012,0.499258002821104,0.603518738246138,0.603260734509151,0.781681420939076,0.559680307893201,0.602250715654107,0.916214240888032,0.586784980795372,0.793921308156382,0.684994267555281,0.686360495532414,0.5122611063321,0.589624126264869,0.672704158724587,0.530595163693534,0.583328278647916,0.592609526145146,0.677572894983799,0.564813012581731,0.592566116142263,0.522604599643189,0.580030180170954,0.601802576970165,0.627173452070472,0.631097244915415,0.56995562304117,0.551199578179824,0.446916093478511,0.678621648632561,0.594333964881793,0.574544133149118,0.496197083492967,0.586857300830709,0.676856351735072,0.482777331315097,0.659542814653882,0.634476552785096,0.414753396790528,0.520901989369859,0.501543663231717,0.56441766748535,0.635381644749012,0.579166579458364,0.638442794983408,0.62357361038088,0.583585171909899,0.596926424380627,0.646573891640156,0.560898368955515,0.5770271992675,0.663288633416408,0.525371544518664,0.619920994937964,0.498078850770144,0.613413915755811,0.535871704434576,0.472224119534328,0.547750599786736,0.748340715620368,0.701786629434633,0.481088045586674,0.785695178945538,0.582767252076178,0.518413049185648,0.615619728000945,0.577759992119847,0.538065721869982,0.581846439086749,0.643029937908414,0.652259678058784,0.557554449923653,0.345368836373737,0.586761856523201,0.635701987432725,0.438899789952542,0.931979543305871,0.603777653736976,0.609635117090225,0.559040313650174,0.493442708752637,0.515354166090058,0.51208838358679,0.476046934646448,0.655399394077737,0.566198796049651,0.580379348875417,0.429366409514292,0.613440481515179,0.651661237862229,0.531005454407241,0.665378702371867,0.584530883949061,0.607464089255917,0.588296503706021,0.626964268780101
"PMS-359",0.786116837319787,0.92218366025463,0.858336886030599,0.829572321179264,0.941952709267787,0.77679072747073,0.661063957743596,0.817740138555519,0.80970631323282,0.783498493603956,0.808151288282616,0.984008222189352,0.805568078511531,0.75836587146227,0.838807653797687,0.741076808205053,0.851861220593945,0.998514615213161,0.763124038484779,0.669061024823645,0.839668916078264,0.765511600899676,0.841865517867786,0.989557305760239,0.796040584435475,0.805846172152498,0.957819845856786,0.7353718966029,0.72163197475213,0.94525216488012,0.84348263443186,0.776609935616533,1.06244898226278,0.678113702198911,0.776935152642974,0.86572102997347,1.0566656458877,0.643949459175143,0.72366842730212,0.900452244817753,0.938099639352163,0.995512096218009,0.81785371021192,0.879747242754252,0.834736832617366,0.810915368130957,0.811044363067554,0.819004619671831,0.747646571973729,0.81067887627762,0.944590905924551,0.740390129359319,0.887317687119665,0.934098479335701,0.787098965989697,0.84337453874819,0.779197249420711,0.778272988051728,0.854026376052175,0.795838683633193,0.86213630228696,0.941474752657879,0.994939782945335,0.751722038503428,0.730049166843815,0.780947917224951,0.803389136445769,0.885648774471527,0.997707821700761,0.885793325001073,0.804428754095732,0.778186835519897,0.834197005430446,0.867851440295314,0.831964194167334,0.771613490032383,0.826704839127415,0.923965891754177,0.863622106008613,0.878647649648511,1.01043819498543,0.891946125569735,0.932938110818819,0.986250722669855,0.87124110188277,0.89700300615989,0.818391907830289,0.810535896632435,0.786121858499992,0.789477169165855,0.834857520216057,0.777436454264798,0.848883387801173,0.8788425604225,0.921390813925419,0.786383575890601,0.879936821880819,0.736740892030777,0.791804198636242,0.730597437640959
"PMS-375",1.03697088843198,1.03687316116536,1.00917264150133,0.996539171558471,0.878679224992219,1.17862457048963,0.98430073905006,0.838516275760027,0.995634188039077,1.06482394038644,0.950824904182211,0.762975676498417,1.11430671501825,1.00412019820855,0.966090996552727,1.07361207672084,1.10891578770134,1.04164679460583,1.09172309156837,0.970460360235388,1.03826653988384,1.0168141328779,1.04200522748149,1.1061762376069,1.06271314052825,1.09879602187836,1.08324225732403,0.914319687784203,0.999901328546284,1.04036260495277,1.16581882991235,1.07356308499198,1.26705949429914,0.944173091164715,0.948263832748608,1.07564911911601,1.08165706641568,1.10666165467913,1.06299034565034,0.886510275947622,1.0386713539619,0.974009363030903,1.01719168009347,1.05810651350332,0.988480624593429,1.0640118203589,0.955224735676177,1.0777490259499,0.933198631932283,0.970152635584808,1.13224683641874,0.879906332094561,0.97388021318952,0.814610388844861,0.962468108931282,1.00037384120268,1.16926222853898,0.90637479548228,1.02756032473535,0.969650029633389,0.974232558863758,1.11104302453953,1.19246953537646,1.02052894806463,1.02368621411659,1.09225917874785,0.737833022739658,0.989361289427617,1.17432784828071,1.0920774959514,0.890027701170777,0.98071139672492,1.02948991681255,0.945332371673075,0.981028781301963,1.13686879663057,0.992818813867516,0.948739032576312,1.10492203844434,0.791207272194085,0.851771313841954,0.922845168892091,1.07645763640907,0.987930506074918,1.05849781127819,0.820542769434552,1.19658352070785,0.92296897950506,1.01016235445066,0.9085757459854,0.80915763844218,1.00774801888318,1.12597747922328,1.08522338580963,0.881375210075789,0.957976076262757,0.937781142433549,1.03603179107255,0.946115171396786,0.907282407294359
"PMS-381",0.830247297511176,0.813351162818521,0.760002835917471,0.840875126699292,0.637745800621748,0.701995682308385,1.00424806571797,0.725947957155969,1.04938990870592,0.770050640731411,0.808243132070375,0.801158219751381,0.701715245657102,0.748502524836092,0.864066178248821,0.670849609438774,0.786477512022882,0.994693382536613,0.798689889834393,0.990801982495824,0.858967682904814,0.783347151103632,0.661632002808783,0.701907168288972,0.693292077118839,0.697623183659727,0.556894281693571,0.832335968527135,0.642701226534073,0.664513786707362,0.542039144528861,0.734941956006784,0.793415516990224,0.856988670129284,0.79670918723031,0.776726881361391,0.703244925615847,0.753390272115531,0.829896694491695,0.682832400079401,0.68359934966579,0.875993269556438,0.785887717338569,0.739055154114677,0.647887089976196,0.766080128419522,0.814891548734805,0.858178813819017,0.802973411121166,0.687357780707288,0.82316137944904,0.787228311275455,0.932087330456861,0.74412102665596,0.774705035345498,0.694848936058985,0.713712211669445,0.904992790871818,0.77934363454821,0.729072340705394,1.00083219421339,1.14712485861899,0.756305904169569,0.71349077800793,0.869812706215226,0.839958249933376,0.71857959983175,0.859530655057309,1.2145486042744,0.823835805294573,0.918320639931453,0.798171677827781,0.759028223357627,0.725226592073126,0.758165914172503,0.798448291302285,0.809958759277306,0.756404831327373,0.470383236512402,0.810590855069804,0.70472462205915,0.886966391501391,0.776610671520514,0.576720423392364,0.818708449947649,0.762591773560541,0.930289658363071,0.76228248272321,0.775273441043921,0.72536840315679,0.818843346262357,0.820570739040422,0.758028300104823,0.736407593265442,0.907063137090393,0.815790827392425,0.768707011632503,0.745822425524344,0.89018018457433,0.946420217483453
"PMS-397",0.652399835918578,0.962003168580743,0.660920109251688,0.74081079374715,0.603272098986997,0.590127845505657,0.737199600616066,0.67788111592895,0.618127264664768,0.541943427167193,0.646562422689465,0.67110435681345,0.619889194020556,0.819097392983529,0.496298621458898,0.484666079247456,0.602857760445155,0.613158498101578,0.718787422174311,0.80375700591619,0.612645643071431,0.611949765002566,0.652804181679954,0.687291941849466,0.687340073950471,0.545271149527115,0.502991933609993,0.653726015198371,0.544417430100791,0.750998877392643,0.650891725301134,0.62724685035535,0.553054698945824,0.616924187408079,0.778502014955721,0.727014742526136,0.584939956815508,0.612764149356642,0.664415424408971,0.826978644937779,0.673371121081081,0.635920096928962,0.850511907257291,0.639037365907515,0.579170206119433,0.669188540809717,0.848971826985372,0.730835328612014,0.728884852541728,0.858984089535449,0.636182087707855,0.631075516211676,0.775303452243323,0.768195939924227,0.678037438813024,0.887278378404371,0.663514567134188,0.636002493247459,0.537438474619309,0.850834342991998,0.612430471849195,0.697742963036372,0.692019766183026,0.82120616568409,0.731950154750645,0.609150118969278,0.639848344852643,0.685216909032023,0.578797476094782,0.588478175075143,0.771291618944211,0.794529718918381,0.554621878383251,0.654782721910733,0.546961370385237,0.567506220075403,0.762728946807703,0.773996878434852,0.766908397198061,0.712468383236955,0.687191455409824,0.643191399408142,0.668880484547613,0.756013261162714,0.698476416475572,0.495308526407098,0.724678433825873,0.679916751832602,0.67616333477033,0.638627149320603,0.481375240527074,0.525451635079704,0.713898182494515,0.629465744210135,0.601405862093679,0.776468215942936,0.684465795542074,0.805517689106573,0.704048008223931,0.646356585074566
"PMS-425",-0.129497844960081,0.043413156968913,-0.329955434401517,-0.0187893785591287,-0.141366791892303,-0.165281037690446,-0.307376986658516,-0.283787032346469,-0.254306560036891,-0.223660692998492,-0.133987303793446,-0.216062920150068,-0.260278721113009,-0.255970646081933,-0.175519768208151,-0.226727292915124,-0.140550523894016,-0.210821383879495,-0.267951972212956,-0.216093819425307,-0.144433320320342,-0.107870991949987,-0.237560486799268,-0.236005733466523,-0.262330677498774,-0.259272797247256,-0.116476982548116,-0.390319874057213,-0.192767386274589,-0.23354893639945,-0.144377371439803,-0.273190417443164,-0.169506178825086,-0.100668148273401,-0.115462773781409,-0.302260265040891,-0.0473677989434709,-0.162031031316384,-0.149907586107203,-0.110663392513155,-0.0738895690670871,-0.231958321047512,-0.285812872486902,-0.175168364026603,-0.261294381059638,-0.246659220210257,-0.295829403881769,-0.218519645655748,-0.0943490956768891,-0.146693873957201,-0.149714878196546,-0.412323202400776,-0.183911610349011,-0.199741716395348,-0.251654264732408,-0.18903929449715,-0.177539489631901,-0.163306381800768,-0.173019936222469,-0.156731394019481,-0.307873727477776,-0.172974594906175,-0.249587186848351,-0.166273802268149,-0.169107497193843,-0.305751055834407,-0.252082999044623,-0.0343825300300805,-0.272707449000839,-0.230930086992722,-0.143349045588816,-0.0933382117002767,-0.214542441879239,-0.250924603798939,-0.197977261854689,-0.192791522501527,-0.161463161573958,-0.156811422188658,-0.140589284554768,-0.252031537367169,-0.279765252893626,-0.238817860375014,-0.0788778027349874,-0.0915225797339878,-0.175813428354359,-0.0852881587770217,-0.359768119303359,-0.156334215967667,-0.198133158722548,-0.204557627170626,-0.21154502018623,-0.177801607186583,-0.203593268869843,-0.245402314147625,-0.206840169032605,-0.208744041862876,-0.139231738747764,-0.16871620299969,-0.169509900112636,-0.19701291538071
"PMS-436",-1.04423158032529,-1.32664899363437,-1.15598088023737,-0.0303066721561342,-1.09918405055405,-1.25968786161107,-1.35894540161114,-1.11270802669411,-1.06033963189204,-1.16782895998022,-1.08853882808611,-1.00598567004823,-1.16255871321679,-1.38860411516994,-1.03484947258103,-1.03077647902285,-1.00746801105431,-1.02574620255457,-0.0383246538799731,-1.13389019194241,-1.30054783128134,-1.05782951379804,-0.0986573954765061,-1.17151953690722,-0.884243512766128,-0.981295235126129,-1.00615117876964,-1.19324488232913,-1.25156542007839,-1.09782364238924,-1.00645259039695,-1.30158004834283,-1.40415017946782,-1.09875402353336,-0.0514318975012869,-1.23428752488552,-1.00070349183702,-1.38756859258162,-1.16639603459467,-1.07678872178763,-1.81809749049193,-1.65664993735127,-1.13737589317167,-1.21253445116903,-1.14695478333109,-1.42053287473071,-1.94753932843015,-0.895389722990571,-0.969859313867578,-1.25325367374239,-1.21471953582702,-1.08292270459794,-0.107398451424785,-0.0852221198447394,-1.22361149323974,-1.05796990645631,-1.18257396507963,-1.23617366915981,-1.07665087234704,-1.31658948978851,-1.05798481610763,-1.16411756420537,-1.42704610173901,-1.21600652475136,-1.21604869169048,-1.28873722040987,-1.0795182169936,-1.12758717847288,-1.09579568214104,-1.14346504880333,-0.970830865422907,-0.970455689166444,-0.107490933790606,-1.4828766427095,-1.03362136947745,-1.2004349413914,-1.12765623380746,-0.0878154506486901,-1.10813608244582,-1.17126008003022,-1.16335693608365,-0.898681550359192,-1.23345052289678,-1.08210564992304,-0.0702516944206194,-0.870890941284726,-0.947621146905828,-1.29036862924365,-1.19731386559422,-1.27197594716617,-1.0346065545843,-0.94754073385509,-1.10090014845765,-1.03808569759728,-1.22892753740104,-1.22788916994934,-1.17833109913139,-1.08073152907516,-1.18479561133399,-1.18450641670748
"PMS-438",-1.35922887964889,-1.25790957667876,-1.13954259660263,-0.0537088866642845,-1.00432003603011,-1.0679069210136,-1.25521895670923,-1.20682508291457,-1.32793885676475,-1.73087675917288,-0.961869634713509,-1.15621883600382,-1.1509043862098,-1.19498487100895,-1.42880310423095,-1.32741489587692,-1.24703434284211,-1.11553214605376,-0.034654986423846,-1.10715820272215,-1.13189797656045,-1.20874983116816,-0.100287473286456,-1.12922940097379,-1.19463087384549,-1.16024400207405,-0.911352052302398,-0.767844590308409,-1.11491097601756,-0.892526925175824,-1.18302129183782,-1.33650872763194,-1.36276748152933,-1.22983763420538,-0.0566060317916818,-1.22169990131108,-1.99502945055028,-1.2631570800206,-0.961248263458479,-1.16934667063245,-1.25754771417733,-1.15295313367576,-1.47204117638484,-1.19394083586064,-1.10720024744725,-1.34806592323982,-1.3076888862725,-1.14261693030233,-1.26045389042336,-0.911746638601749,-1.33542637092178,-1.26965251079265,-0.107436645210702,-0.0905752302816735,-1.64944369499571,-0.95284731321899,-1.34433208546448,-1.26465515644579,-1.45550341968722,-1.19266467665023,-1.21500828595243,-1.45824952401984,-1.2276928435898,-1.20596701959169,-1.34198540758023,-1.11054100435494,-0.996371148125408,-1.04195669876738,-1.02249903278882,-0.879791814749177,-1.35274827366152,-1.18041547245818,-0.119820466040435,-1.13595031069573,-1.42578594625009,-1.55875151821626,-0.836204044786854,-0.0991454874237961,-0.640394861793472,-1.16801408414638,-1.17317070522808,-1.29166866477364,-1.27343825064768,-1.21794241164092,-0.0789909043932404,-1.27946867857743,-1.20937261658613,-0.987247700867582,-1.16910038904528,-1.39301639272564,-0.909235866659828,-1.54725369460911,-1.2928833589098,-1.2580129239691,-1.48384766927844,-1.20361326549226,-1.38477540537282,-1.79961940076862,-1.04650930713334,-1.05760488280952
"UI10-00012-Cabaret",0.240786990664613,0.28981409691537,0.264296411552733,0.394311315918934,0.207993027800013,0.312073766457332,0.246402118758871,0.323313973881184,0.221859037183069,0.193189746834975,0.298323294718592,0.146081026108168,0.299398256497511,0.221941743402122,0.350390120009786,0.266315178349308,0.292034362915993,0.246342095273228,0.301685433820483,0.319453268501141,0.217209313458349,0.235090584697624,0.28699357205367,0.0762087103208147,0.272056173454326,0.373087413048021,0.293679979912257,0.309729450316435,0.194554184676882,0.306812685063292,0.215003303578737,0.322850628439142,0.405987151211486,0.23616477784945,0.226902307953807,-0.00546846330299313,0.274544695286206,0.347211224568634,0.359380237877069,0.241495369061782,0.231559297270641,0.267268123705678,-0.00506683116247494,0.251950169688543,0.234031605480784,0.24874221118596,0.293953284754496,0.292458747430037,0.278565642516131,0.248328934747541,0.310864291754897,0.26253557738198,0.288531718835457,0.247561814419101,0.297234767103649,0.32485265073433,0.258907620619263,0.313052428429936,0.208213652664245,0.198513078661485,0.249161679722828,0.232880627396619,0.330454378113127,0.446719391088569,0.149021308374359,0.313613739131443,0.248644278818254,-0.0588426192486022,0.184984534700497,0.327812736497023,0.022483553002635,0.293586349660178,0.216791311534785,0.267589791711258,0.268876823658394,0.379370957899976,0.180619716696199,0.252031591794022,-0.00406261964152428,0.271109917114379,0.481492244439981,0.25033445520422,0.374895831159692,0.317345260947274,0.257385377679056,0.203947610533722,0.255484184033221,0.293166470199447,0.244490564233271,0.325642862392586,0.313804378321531,0.0885639592597001,0.34260112141951,0.232522751463482,0.284288500753125,0.317539987902203,0.325460029927864,0.304509203168232,0.373495160908188,0.319389769479259
"UI10-00015-Cosmopolitan",0.00570134525922964,0.0332877498794683,-0.0192504690846337,0.0524102417959162,0.0229819444160217,0.00466978153933244,-0.221167285343803,0.0511626726943312,0.0638470749744293,0.11717867129622,0.0355332120387141,-0.336343349975907,-0.0715331278753778,-0.205111966025535,-0.0151182473975013,0.196600835500901,-0.00129691794946259,0.0387070985678964,-0.014863252594484,0.155506816722672,0.0481031299457007,0.0477101243496185,0.0218746676442994,0.046984888110743,0.0604247813679923,0.0500202168986207,0.0147564052415998,0.0242728975450926,-0.00745176362077747,-0.0129551134949235,-0.302126396445556,-0.0257668947498216,0.0290129533552286,0.0989313752174542,-0.020827329667721,-0.0156030001618008,-0.027151958588894,0.0717975070248963,0.351635807648362,0.00394766060817386,-0.031716414491734,-0.0092251876453217,-0.475287338124647,-0.218541761854898,-0.0838884334925617,0.0606079607047412,-0.00790388424598175,-0.377150074942385,-0.0400853300943091,-0.267431812755541,0.020050751074386,-0.227735044209535,0.0057077728838286,-0.0195350733766474,-0.0571698568221159,0.0231034622111167,0.0571233219241565,0.0192883097888624,0.0354948248353425,0.248948471985121,0.0414187112588003,-0.0751287174043132,0.0402556784054293,0.0120057921058003,0.0189510418444502,0.0464965101674666,-0.0276498284844045,0.0459838107173776,-0.260235722609783,0.0459514710506306,-0.00654269941845488,-0.0586490029156602,0.00380409463528296,0.0484525801299848,-0.0674215923370346,0.00206960193219336,0.009929673828367,-0.0179870426049867,-0.0210264055413826,0.0521602231817958,-0.0359054032417357,-0.414964601664606,0.0291448090870761,0.00690229202408155,0.0350027396422407,0.0372445216589874,-0.00795171019442941,0.00407929919849658,-0.228968160791014,-0.00279648218348996,0.0423836406451261,0.0561073597401963,0.0898840702589012,-0.00764578584898235,0.00811577150387876,0.0167779865319466,0.0259703839586902,-0.0255982978518927,0.0173902163477743,-0.0187439739257363
"UI10-00017-condensatus",-0.447722935559033,-0.384511745679408,-0.575959486405506,-0.446302785543463,-0.121358132635482,-0.460485426508435,-0.462355480770035,-0.136561852961058,-0.394576271743406,-0.369693027226848,-0.390716617556683,-0.411080104801049,-0.385971469505942,-0.434174260199391,-0.564805942487182,-0.476486282628889,-0.335695277848973,-0.363806223672596,-0.45333292862374,-0.108318662080315,-0.472182186192435,-0.53895438875672,-0.481886054724353,-0.527864856359123,-0.505974659525279,-0.372665156107987,-0.528054641509642,-0.43921097219398,-0.478930740656306,-0.519976911664071,-0.575460104054826,-0.128594023896946,-0.39059537090111,-0.449737960136173,-0.437356687038291,-0.618020670122687,-0.397943274678534,-0.486369135961115,-0.544450834902317,-0.152538400627684,-0.410657122828754,-0.39247190114287,-0.658018038469456,-0.249630602037393,-0.57416741228137,-0.415073432986215,-0.476347104087925,-0.513017727320456,-0.528993418180096,-0.411501684933338,-0.630874786400137,-0.475235821090618,-0.542451194672883,-0.454256161165547,-0.479905852217583,-0.482655349598354,-0.471042486641424,-0.494280103429688,-0.463673889148216,-0.405956152662716,-0.426560533366777,-0.509742147016732,-0.574759976341445,-0.397331641111724,-0.586605142302785,-0.13394605404003,-0.345848457222004,-0.393814078835913,-0.312205738172863,-0.331160800527814,-0.321446809032146,-0.300627458183046,-0.324138588573167,-0.587870273898167,-0.428809263645026,-0.464780411572327,-0.532420870865118,-0.359636748879909,-0.545464401573873,-0.400854302776732,-0.135542380959387,-0.512997892934995,-0.39781818060642,-0.399932458468942,-0.518906460552602,-0.369869026686879,-0.339345437002932,-0.447405785688109,-0.432735399593497,-0.571977242164137,-0.560831887211326,-0.486407663295099,-0.50263147137287,-0.428444104128296,-0.365653094472959,-0.361445620336808,-0.496463167951453,-0.412100251683584,-0.524506688648809,-0.592149647617633
"UI10-00020-Adagio",0.054108371358777,-0.32242757162607,-0.408513283480342,-0.420558927726895,-0.500660857050564,-0.175871577376972,-0.55578430730745,-0.408340323925441,-0.398720597582762,-0.409168056167876,-0.289928615483421,-0.0633665800077252,-0.392863142024153,-0.389361646878108,-0.344543814084633,-0.642939475941728,-0.612770787144968,-0.419847317069083,-0.437071033426501,-0.390922045783198,-0.418647725428484,-0.42021707756451,-0.418285431332954,-0.321368652157346,-0.40344199674341,-0.385216739743164,-0.198415158700348,-0.313707531439859,-0.506834809776183,-0.533845575403427,-0.289736843174594,-0.397508708901894,-0.265419229670498,-0.402191842336643,-0.43921280587274,-0.458438987301836,-0.423779510419827,-0.310240378589104,-0.0800338140776706,-0.35607054457837,-0.413538138825558,-0.398638234945049,-0.348170867183817,-0.380698206820911,-0.4047093866416,-0.549970836550866,-0.35115926009012,-0.331462313988235,-0.352164037973251,-0.385801389829851,-0.436317748965169,-0.681451541141956,-0.39036532650506,-0.364817446122297,-0.303327223165374,-0.262468717788279,-0.320317659327349,-0.398447610640635,-0.38210406626189,-0.416405412401998,-0.541695801092124,-0.301059996369809,-0.533782798584711,-0.366055407463456,-0.429892199008716,-0.408300361993905,-0.346101962271336,-0.326503783161187,-0.389860194042056,-0.259436083574268,-0.427036874834537,-0.418996569040512,-0.443213698110033,-0.367481845775568,-0.289782112187107,-0.517322447917574,-0.623884868845611,-0.421792000824024,-0.0396018068383316,-0.358879542598473,-0.394286225606452,-0.424198538257662,-0.354198948356718,-0.383029863916849,-0.468751370857311,-0.430992446110898,-0.450967447931165,-0.444814246256308,-0.59004842942621,-0.335467680139222,-0.111916037340634,-0.411521323969642,-0.42494644835694,-0.403786128599946,-0.50827836540336,-0.110452489439174,-0.0596159128278687,-0.446938669735235,-0.376834555388951,-0.340551781991163
"UI10-00021-Allegro",-0.491829105745068,-0.457509189063358,-0.294841339388772,-0.525917621656502,-0.488333959445712,-0.306060866080964,-0.458341719608484,-0.279567115615343,-0.273168656811176,-0.572213240785203,-0.330050303594796,-0.462356521283345,-0.435142211752517,-0.447135090714873,-0.59028527640445,-0.513627979594359,-0.400802419378345,-0.607934807836404,-0.307220222589499,-0.496176026663796,-0.505084675784945,-0.511312985742699,-0.320716013177266,-0.643006715984328,-0.217919819416678,-0.505687056526835,-0.537823994961002,-0.494594978903187,-0.22866977791277,-0.537477174625169,-0.486635342316379,-0.434118045175583,-0.424946016304891,-0.475874156599511,-0.427321407059324,-0.513876700866164,-0.31790392518266,-0.442693534880526,-0.500550213289434,-0.509714643919603,-0.483830062219135,-0.535462177226845,-0.453159795443594,-0.546955506799878,-0.463405954349762,-0.561735078285619,-0.433453617578741,-0.424120729650509,-0.485869060033929,-0.507472783761629,-0.452646371855011,-0.40767548868066,-0.549160018833319,-0.570495388944793,-0.444199352884238,-0.517215619093397,-0.490779360819466,-0.518948878129186,-0.555457421284868,-0.250317218029001,-0.534089234021377,-0.594002098265923,-0.455747008429488,-0.498558774535549,-0.500008504532882,-0.56610284459434,-0.560137327086787,-0.484604413106616,-0.524118299823044,-0.486208475071278,-0.45862228780194,-0.47688552236154,-0.497800462139449,-0.297497172905011,-0.494466237027425,-0.466214647156398,-0.597702229182123,-0.500760716068992,-0.475023906467249,-0.482274704465809,-0.262050523172526,-0.533102997330819,-0.256006873902113,-0.225308500016898,-0.508065279503396,-0.531911137030819,-0.477271303254993,-0.49554043961993,-0.53113968204056,-0.470277940991791,-0.695562045725245,-0.521703406407132,-0.429847724137177,-0.49449046962031,-0.518265032868993,-0.575745732448524,-0.500385629040621,-0.473271618947967,-0.43763319841872,-0.520648798140784
"UI10-00022-Altweibersommer",-0.200616647514712,-0.282646928240745,-0.179250714631723,-0.174922782012286,-0.188022742525466,-0.0979551491976949,-0.27318447717073,-0.189082276086594,-0.14685286445353,-0.131520128905374,-0.226323482910221,-0.321914831456072,-0.209886230410295,-0.150402852763479,-0.122971074238984,-0.0953261957832715,-0.0961318856008045,-0.251144713589819,-0.113568776751521,-0.167010587047289,-0.0884241030276094,-0.156650032594516,-0.106064365140377,-0.174331665452216,-0.252635196416181,-0.188976580731999,-0.100552753925034,-0.162582244381616,-0.160279672024034,-0.200229620208188,-0.1151109108354,-0.126126076016692,-0.165256787047794,-0.0880573488908605,-0.136616766318753,-0.153677149426858,-0.221110550455033,-0.131338445513243,-0.243204017598744,-0.148876166180465,-0.185304653290333,-0.156467320053474,-0.299463923783273,-0.152374670310259,-0.184816486196548,-0.195368690589311,-0.152023176708344,-0.281749977183977,-0.122096923251223,-0.172948474982727,-0.167739130067858,-0.213807924722608,-0.212365669816168,-0.232285808744115,-0.167979341959422,-0.11733233059864,-0.132840284444625,-0.180997994355052,-0.250751057286195,-0.203169324520269,-0.117682261165299,-0.151114809669657,-0.231094085292885,-0.188111038713325,-0.221320180382556,-0.187141662336799,-0.121973034264306,-0.196846523019203,-0.177772900679526,-0.174747612533377,-0.157933936617552,-0.156410838395054,-0.181561367274303,-0.162388783305682,-0.166121510792743,-0.136227076555248,-0.113225500731339,-0.168993857323023,-0.178559543125377,-0.152293922166541,-0.199033379237361,-0.17985981167303,-0.155301522557058,-0.104376337009856,-0.251903865774462,-0.144414822484403,-0.196727209969747,-0.212418981615266,-0.146802352170767,-0.145205688804646,-0.275178121047266,-0.19550564354769,-0.12296406889593,-0.209228334466385,-0.124394031767132,-0.267737292292063,-0.171686773929686,-0.222586179661529,-0.127025513814384,-0.200541767935115
"UI10-00023-Andante",0.607995376209235,0.492043853317074,0.710414507773554,0.638541905230785,0.598573306260859,0.668959586816308,0.644690397990106,0.469623428156576,0.518095231939565,0.700210363656055,0.671432894591295,0.700110966562815,0.377667007219095,0.528446572277486,0.56144517033213,0.64708575759057,0.573380670601607,0.51471831823481,0.570826496004534,0.696764323802825,0.525526548586849,0.62179826438706,0.681835671122079,0.710244750748929,0.661017838769165,0.552168415492791,0.573268539874336,0.516772077992028,0.59176550072159,0.556662090839814,0.717550809729868,0.54194807353499,0.492940659432282,0.457970478858888,0.732382421328232,0.5816576780499,0.619935601513707,0.544741509912091,0.616511889065089,0.624298107069082,0.424757422426431,0.550606471928693,0.683617904092989,0.632341951464421,0.380245575916826,0.636539437694678,0.805710149720138,0.552109475203173,0.647169943079962,0.583829277596015,0.549809626222061,0.722689948714782,0.586047318718938,0.818721325416144,0.569765598198332,0.559333440022054,0.559783279697304,0.542027524913809,0.606508785990392,0.6729261820712,0.528179513795795,0.539532788856391,0.496140271856284,0.555390532012271,0.488157810552961,0.498161020772058,0.696178124157167,0.669190479099536,0.592978041301048,0.564511752626873,0.714937616173194,0.814851288843431,0.412711923528477,0.540361547264311,0.44807707409943,0.52193583815407,0.501746524320093,0.589858645896447,0.546983463495948,0.502320292479587,0.616910799852075,0.521544326901225,0.505165422422806,0.595183825697986,0.602329066528117,0.59818548782911,0.498043584322555,0.55587012031134,0.485385999465365,0.532543147667145,0.867395770006571,0.555996790182708,0.627535275417756,0.682439607518417,0.435203090880291,0.646437866933725,0.395402553699451,0.644118212328266,0.793183480604572,0.523970218692513
"UI10-00024-Arabesque",-0.270064748878514,-0.374647437968036,-0.418697867961121,-0.389981950251323,-0.464341902521647,-0.327764601114995,-0.465408225874039,-0.457057405659784,-0.269209181410821,-0.65504102317888,-0.734840277601298,-0.400525272738233,-0.443555352658519,-0.506189181962524,-0.381326248666745,-0.429010767996634,-0.413482724857285,-0.401662239562375,-0.478362216653052,-0.462104304116808,-0.465800224645043,-0.49059909645837,-0.354996902274011,-0.517248005245199,-0.505318386307163,-0.339141088748888,-0.40407800568504,-0.313143553111796,-0.328088676056596,-0.344479915627304,-0.798551708876455,-0.372678397737281,-0.311115149116253,-0.368702305433547,-0.375040602511713,-0.483703375259021,-0.675183380397936,-0.551081783773333,-0.593951177262046,-0.476627519009043,-0.452384958815245,-0.444586213815902,-0.35268554073158,-0.361952022359197,-0.388151367872682,-0.598351052785601,-0.415147470613745,-0.717318786956327,-0.484319340018546,-0.347386301920359,-0.447025772578283,-0.465133576228052,-0.404621592475231,-0.390672944397942,-0.436393297429887,-0.324567353693338,-0.706194393691108,-0.436598988381567,-0.404433854529377,-0.426655377764351,-0.463879132468883,-0.413716823273934,-0.33622908119566,-0.398436797868404,-0.39247687993536,-0.646811165142765,-0.430074989430821,-0.591128707906415,-0.361452428328076,-0.41986579420368,-0.443328003875379,-0.312442755888837,-0.431027338375514,-0.427774914908438,-0.313492311510226,-0.385015594054325,-0.388579988330906,-0.424173529449606,-0.366934355540341,-0.470941178790653,-0.361829717723144,-0.359826484202314,-0.419970818641979,-0.651997745140646,-0.393029065425581,-0.408212703996995,-0.388135077313536,-0.681990201199332,-0.401930964911106,-0.343955581569752,-0.375542731264294,-0.650232941615011,-0.386163509265497,-0.482517393310872,-0.532141690690071,-0.408369216680902,-0.453643827759493,-0.38492006911189,-0.348232794920843,-0.356187148844712
"UI10-00025-Autumn-Light",0.511346527268377,0.487524452217748,0.405217053223096,0.474865250726117,0.863372801964499,0.526781377086211,0.270154332568964,0.714377781835865,0.816642493655795,0.558649025176758,0.515275743958518,0.544349000010266,0.492529404163943,0.801754537318256,0.70949720199439,0.471787771459168,0.67365685354738,0.402767847673771,0.169508782944938,0.611946653981117,0.52601512957484,0.169504118652323,0.798257189452843,0.477229291922839,0.0720894444356086,0.490458140218232,0.614496782862801,0.623742385774525,0.568145779747692,0.600282996152165,0.665385616967596,0.683498595462955,0.679797297031984,1.10027605461539,0.785031689601442,-0.323601700828158,0.471101329106439,0.624388599974782,0.390131399202655,0.815781190385365,0.567775485864803,0.602234585987664,0.619493472291743,0.559014177036579,0.648475194046113,0.522681419168384,0.393392758720673,0.555906474519303,0.755763219482537,0.452986414740193,0.463400913547306,0.529451140731929,0.574496297729872,0.503600363566204,0.357487360322497,0.484004086432833,0.609577698957295,0.732401771027686,0.574618292810536,0.656439540158303,0.607933495546126,0.546117579477873,0.51567002150383,0.739547680775342,0.620480272265722,0.607812869624429,0.529742116296368,0.804376567435501,0.463333768263777,0.689783231877257,0.819930978230787,0.404560417555871,0.599007604356864,0.152491931897645,0.651345428634652,0.472235446799613,0.493485758775846,0.493047139758077,0.119040567992894,0.683401729897338,0.934777353107543,0.707709440324941,-0.283627556673105,0.447719220162403,0.523439246482505,0.820752790688103,0.815503617862254,0.148333099338515,0.59445427058337,0.0975338680020859,0.493903928754209,0.837836311722288,0.632837197224011,0.585000755907617,0.605836487347759,0.475563422524329,0.761491821090878,0.550617717863519,0.707466757431262,0.9124322961086
"UI10-00026-Ben-Graz",0.344052795213156,0.379186169218859,0.410013696610591,0.284820987386077,0.204632061806003,-0.00487007440660821,0.28852821900254,0.261206130316362,0.264328868516763,0.311596558629324,0.00880887793455437,0.231618784518331,-0.0386084549944747,0.304743496552527,0.321794531424211,0.346850937846558,0.275782531948783,0.25246233455874,0.374394655351837,0.361319021576708,0.0331719233683669,0.182310288930205,0.260133728892267,0.310767688009182,0.279945165033776,0.374399169448075,-0.0454247885079618,0.247364751313385,0.194379902297118,0.415519170224753,0.327574590835135,0.326051333004589,0.342082641498397,0.362378476482191,0.200951065893404,0.645148198403837,0.243492973088473,0.331366185997441,0.399746283771922,0.204917329773721,0.0403857059144382,0.152316592968423,0.637838986861573,0.277791721036431,0.288053056490895,0.521959574008625,0.330229971218217,0.278394249584229,0.408340432738224,0.505044010679576,0.462194693512017,0.719915357179526,-0.145966695968248,0.216476985966948,0.398802190147178,0.344878039146398,0.320308874426945,0.287019866874447,0.199714148565459,0.659208626240458,0.258499627287226,0.27388582836664,0.626046784297381,0.308778334040546,0.2743922957104,0.769093725120372,0.237395128395262,0.212914957805978,0.359826387080819,0.263722842524716,0.297863963438923,0.144310227340972,0.328544866503067,0.543958508540281,0.20734990413306,0.280284331318068,0.0796005163464248,-0.0278662841852452,-0.0270487075549956,0.327798877078726,0.251942449720161,0.478044621840707,0.255432256218035,0.0781198797879886,0.284168990773656,0.275999890943101,0.362781752812931,0.361646060123005,0.104745669082794,0.334813439456781,0.0310600229895278,0.206067248088613,0.257986796216317,-0.117882892989077,0.270406742771405,0.239522178446131,0.0461717025466549,0.682787008273668,0.436154351092879,0.296051050841538
"UI10-00027-Ben-Rotkopf",-1.27002324162028,-1.47424213621335,-1.50585509998707,-1.25251575917882,-1.42436767135556,-1.26550742329812,-1.23054338274408,-1.23568494656993,-1.38563542071478,-1.34335383354686,-1.23222774682715,-1.50520411737721,-1.27779263814257,-1.23076288641693,-1.22558341619007,-1.70043370759016,-1.4150120706453,-1.60373035622227,-0.727896744653728,-1.45699470994423,-1.41626253908807,-1.3848860464578,-1.22140633037431,-1.48547158862478,-1.27065152037918,-1.40744657845131,-1.28221858523097,-1.47183852813003,-0.980672060794663,-1.38130796977187,-1.32530172880496,-0.713989928326993,-1.37775128178364,-1.30931162882472,-1.45632258453056,-1.26033034104001,-1.77684387536313,-1.37087155014977,-0.765859224821846,-1.3720944839415,-1.45452717838584,-1.28873920369587,-1.63974676693384,-1.26247926289475,-1.47927617845132,-1.22914417071411,-1.41718984803854,-0.702367087841552,-1.43906840881547,-1.55266814474186,-1.39709461230963,-1.69234058556461,-1.16728297361953,-0.781243466758067,-1.28158801603819,-1.31437662008267,-0.562342810215536,-1.26761251188631,-1.13429097300675,-1.52180892186472,-1.48196433360056,-1.48309321098855,-1.24002099633324,-1.46934022060911,-1.48305642423515,-1.07388043888148,-0.841177724096953,-1.29826070366359,-0.604518641091555,-1.33788401838054,-1.46100337725777,-1.58147629655287,-0.513222670920523,-1.26514174488658,-1.31224483464212,-1.44246109216758,-1.57671536489763,-1.36538489744796,-1.28576718841141,-1.31364369274771,-1.52240009768329,-1.44282761683925,-1.46842648718629,-1.32845039397305,-1.36723511936477,-1.4289730076834,-1.53568156954899,-0.945612302671788,-1.23336082598522,-0.441911441300477,-1.4584644998142,-1.24514461454784,-1.41234479878468,-1.10248250949608,-1.22523057541672,-1.31284239479053,-0.538158485939418,-1.42664250205028,-1.22242202540781,-1.34182690656821
"UI10-00028-Berlin",0.301236917290595,0.269874816168483,0.194232156925961,0.341469834749929,0.355713902966994,0.246604279466291,0.275156807172927,0.363200211086141,0.230292371008157,0.217788880249287,0.471023146306848,0.478484798849008,-0.0599802480378758,0.252261580230731,0.296579210176811,-0.133695277409758,0.250482730299956,0.169393820011121,0.490464054771885,0.305476820456387,0.416305376638562,0.264838156688348,0.337499804727384,0.250471610924837,0.26328284089891,0.418586951474629,0.326687147475276,0.25806764885911,0.247712275278096,0.300237507695397,0.240272332305411,0.301734660341458,0.263494339312038,0.252096288860318,0.237188182145873,0.350288721792873,-0.126588754541618,0.333324007123053,0.437929571439738,0.318170608316008,0.426760150030259,0.312968559325015,0.546349910567118,0.260439258022476,0.542179654739129,0.342967895101694,0.244922551863432,0.388517497438926,0.537386819016899,0.270314274974261,0.306746514918543,0.213270680658196,-0.07141964850078,0.483084371277495,0.189536167281739,-0.144637779254902,0.239336139284297,0.192919025609975,0.264772329233973,0.289510049350192,0.428597317066619,0.262808143522843,-0.168964434140559,0.260064907697229,0.20037479672547,0.26027679144354,0.278006883486317,0.207735062422426,0.234625138752186,0.214028399852737,0.431511128162944,-0.0965465117090143,0.309149409962254,-0.134523369459659,0.272249836960242,0.24615866445673,0.321036135003996,0.296888233018238,-0.129340213750036,0.437795336960398,0.245068442396804,0.243003719820937,0.438417683788582,0.420838510713193,0.247700553008119,0.414791859159386,0.351943427836751,0.241081374076087,0.312781200610205,0.264216216764517,-0.133211153815436,0.314568899438403,0.367164226391891,0.315780593082177,0.24096515001277,0.22747224356082,0.319080225206153,0.398343177322924,-0.0802995952958376,0.232037167736374
"UI10-00029-Bitsy-Ben",-0.192466120678892,-0.315128383292605,-0.207767296049503,-0.101799833434147,-0.158657508858289,-0.203949671685068,-0.195651619803611,-0.214632086512938,-0.275566043578721,-0.0924783626680917,0.0941415888122329,-0.245775941146938,-0.0776891590962211,-0.273258244658514,-0.255025275429906,-0.105032291174538,-0.135380640536225,-0.413494272225581,-0.235306475512485,-0.395410292901882,-0.37717486021276,-0.21469766290823,-0.253915872264785,-0.296172627919023,-0.238025765106336,-0.353617245679962,-0.253120463317593,-0.0183849447908089,-0.197023931923927,-0.347868777272524,-0.204720845545383,-0.306632756945756,-0.195366273884799,-0.217918655976062,-0.272003018507043,-0.169148819408735,-0.190348454451016,-0.247424714473561,-0.153403298008045,-0.151946330075095,-0.161984911769376,-0.200548478976362,-0.15763687557417,-0.414877884409812,-0.257980695394963,-0.304486376967774,0.134065245909577,-0.182739728856791,-0.15519961986209,-0.334414909822879,-0.152096921004798,-0.525874294404477,-0.174925376738541,-0.0940809360887619,-0.398066044714835,-0.234569629878157,-0.190992198183586,-0.336385847230816,-0.197689855891984,-0.361375802786927,-0.265243390215266,-0.186552006440848,0.270023783334768,-0.238408679963271,-0.319614046975073,-0.173645459758912,-0.448792176192432,-0.29071475689572,-0.175438783113763,0.0853657343606691,-0.199701806002173,-0.182396421300533,-0.253072331594541,-0.167137390307701,-0.156866365866574,-0.232045665641812,-0.166939205988197,-0.215479289830503,-0.102524492582326,-0.279137780742707,-0.163108335061181,-0.224217929914054,-0.196407039501411,-0.153842102576884,-0.25869795164734,-0.274620265655608,-0.265705205568541,-0.118483897934999,-0.118013390516643,-0.172408606630643,-0.231259970468693,-0.153398354060864,-0.276728602194668,-0.179196957319556,-0.246053671759051,-0.311575495479191,-0.353037201443411,-0.197847165767352,-0.393600229696245,-0.159097994457886
"UI10-00030-Blondo",-0.0226562172325485,-0.134995158171546,-0.00441862251130882,-0.0784296119382193,-0.150548730168723,-0.0242371495387021,-0.219314549061743,-0.134139982890224,-0.0115873415745559,-0.121605898669639,-0.15474617965702,-0.0750088731892995,-0.202094578134809,-0.176877765774572,-0.0576522847590278,-0.00121175097491238,-0.153223109900622,-0.0755693704005452,-0.0994912837762959,-0.108627131013274,-0.0841980142929694,0.0632136024682542,-0.133731359135337,-0.00830732620507468,-0.245461456200937,-0.0819076391903011,-0.0259414251735961,-0.0841958251954474,-0.110812122961251,-0.0514636679894534,-0.133391326738307,-0.101536136404416,-0.0659850526605578,-0.0555748238601106,-0.095819353101471,-0.111970513619669,-0.101069077887663,-0.220528718740971,-0.0385976422331464,-0.197515004669212,-0.0924222396878654,-0.0685398452717597,-0.120000017630309,-0.116800575236887,-0.154999381252691,0.0191844623964028,-0.0653174796692737,-0.0925937745709143,-0.0974934236350513,-0.0909628036898937,-0.10355473745901,-0.119476379024481,0.0347159764707962,-0.126459193476585,-0.062566993927921,-0.0961359053112202,-0.0900929906591382,-0.0875686523735593,-0.0243399866809752,-0.177374704757585,-0.136149068987406,-0.0601312761530217,-0.0345282331388001,-0.0479859472576046,-0.095848922858563,-0.0789957148831273,-0.101650470256602,0.0231050362050885,0.0521482165113411,-0.0780390757289546,-0.102165674120951,-0.195010008777389,-0.0517586188366232,-0.0155525752235584,-0.0789665491207747,-0.120101574365611,-0.0742056385872427,-0.0509258302637117,-0.149593062208454,-0.141899590435922,-0.103796629160992,-0.0737715036684811,0.0945172279858806,0.00434396399141291,-0.0921559714188311,-0.112321062190276,-0.062367298651033,-0.0693036233299828,-0.101671004087652,-0.0810682881940579,-0.0320436739400009,-0.113044568067286,-0.136707303320097,-0.0617984422843167,-0.106884944306763,-0.200799309659809,-0.128610749329554,-0.0545309366224084,-0.0420988717556886,-0.0710385347430247
"UI10-00031-Bluetenwunder",0.231954062260297,0.318311186463872,0.411833928749771,0.339348640619339,0.242321580646068,0.274166375120301,0.328672640257975,0.452236875472281,0.277361887535716,-0.009615437267545,0.490991634521273,0.321043491207202,0.117692720281277,0.301123656002495,0.244366167565843,0.124065607046781,0.285346571486479,0.289335340488768,0.261673577772879,0.347982160935621,0.269181560540081,0.435997291888681,0.323774981587364,0.376975937515975,0.414218090917709,0.198286229580487,0.428521666979305,0.512857478576341,0.171533157116527,0.171649553946985,0.379195585699295,0.314775704722253,0.394227098371626,0.257582442727493,0.277839874530405,0.249597781694595,0.123074376191382,0.340509002102809,0.329439149080496,0.281268446335992,0.425127798933013,0.311096042560635,0.190265541086677,0.356706912368661,0.397268178763859,0.384362451791827,0.467267178765793,0.325187555473433,0.229522728148252,0.382796206586393,0.370553864094269,0.322894065801171,0.259017898544194,0.249120580167567,0.301666774248037,0.249579166870362,0.447238198951082,0.434281827399683,0.237750211012626,0.188424568499623,0.153581525859467,0.365325862493911,0.311127257432267,0.202656023871049,0.180228953571943,0.341195238218334,0.287725977557522,0.10318348060671,0.361747987018161,0.32202164891369,0.344542692943265,0.279502279085799,0.0467526193202059,0.392406485480225,0.242662194017562,0.260367078772728,0.305332531283216,0.353225947913515,0.001622451535976,0.292826297876217,0.325571371658935,0.380233533011775,0.43454024099758,0.275048943217313,0.276100527054833,0.418582954024413,0.466235911831989,0.283499068247943,0.368609049782034,0.27012564192795,0.131614605190296,0.197305240436818,0.379167444389714,0.326939374992845,0.368990337532081,0.303537757704747,0.300755139144514,0.238114181855235,0.325601427105824,0.272557588649701
"UI10-00032-Bodacious-Ben",0.184387837935999,0.234481964679527,-0.0241431835986568,0.19454398694759,0.266527201130352,0.0415597270702382,0.399606773193301,0.203661959740031,0.0964173237283491,0.079164652664551,0.150672421580827,0.226855641170431,0.145780146717133,0.0484431397320555,0.246732452425894,0.145160566616256,0.0146105606447265,0.16862145651753,0.161027888019973,0.127209711363301,0.167530467521094,0.0473719553232066,0.127701476053594,0.0726284698979372,0.167474616658554,0.117040033622489,0.293607787545454,0.265947479259021,0.175192782549821,0.251139840634125,0.35769555328764,0.226707358652918,-0.0728688443598382,0.204935837233849,0.282553519803486,0.150871247365619,0.0998577379489203,0.0856000756018205,0.137915521445373,0.279963224820346,0.211567292518493,0.137109848205214,0.173692172063302,0.350130960417439,0.401768455379644,0.131839355608939,0.128088617701341,-0.0910924908558839,0.134297255054654,0.0190268196539038,0.202406610608472,0.0505218432407666,0.484519434402522,0.112879785577405,0.323589956529175,0.229862507615364,0.0990604863266345,0.226619706470175,0.0365088849106058,0.166253918005716,0.0324068752235802,0.158303532989724,0.21727986890311,0.316580267667923,0.139097930586421,0.195485526342958,0.0132280638566833,0.299025293867744,0.0827613521584825,0.146894905277838,0.129197767164116,-0.0112752950024756,0.0486559993363196,0.144392239030029,0.0904360687693737,0.076189576805221,0.261476115600169,0.169346066771794,0.21363810943918,0.467560141110671,0.184579955932135,0.0450015652993904,0.0415347062484579,0.104977187468363,0.155947617940399,0.0259618717297069,0.115645341258898,0.113095320352059,0.0608245269992479,0.102185813677765,0.242476462926409,0.0899768710586339,-0.018697268534644,0.516862075482286,0.0184834629554936,0.0113970174308903,0.263821355215996,0.144422448109268,0.201248632338126,0.0432205461268019
"UI10-00033-Border-Bandit",-0.139213896677801,-0.0871576144399408,-0.188391141187027,-0.146636723641763,0.00161197076645941,-0.0581171459522858,-0.0323341991499349,-0.135305647993558,-0.058367183685574,-0.07629817361615,-0.0861625349417945,-0.195720297136749,-0.170107833876042,-0.132514935417509,-0.13258002762118,-0.11030375774165,-0.0668621528810801,-0.0979351989532573,-0.0149240777294911,-0.10977270866424,-0.0500682102399135,-0.108319946784257,-0.0656441872490308,-0.144220712217033,-0.0492222101746754,-0.149548776715896,-0.349436287734796,-0.0479597222143876,-0.0839115027277279,-0.117357122447074,-0.136563861049345,-0.0405659503561175,-0.0569643245076637,-0.148758511894753,-0.112346126178318,-0.155846120869221,0.0037596593953074,-0.0734748103386899,-0.108717947418055,0.0353885326839048,-0.238640623856038,-0.12893565466588,-0.329924049813152,-0.0960872964380739,-0.103614253048248,-0.124162296226325,0.21817262074481,-0.131646067810729,-0.226946597417578,-0.28909133954346,-0.129536968614573,-0.0854472472805811,-0.194407383983921,0.0992849862307897,-0.0540377061029158,-0.0951668212074816,-0.124116009868415,-0.231894917887772,-0.134316501484861,-0.109654978687878,-0.129590729929354,-0.0826562555982176,-0.0533827512740988,-0.156319489951162,-0.118567699952016,-0.0992625369097184,-0.113450676250801,-0.254194406606133,-0.0737542967861883,-0.117272857821238,0.0110125711500379,-0.128589759599084,-0.0869353643620719,-0.269985880630192,-0.0930007657380775,-0.0929422473424286,-0.0538571480093922,0.0738163423321958,-0.130114832702386,-0.0582856363571304,-0.0631114097103968,-0.0635902470387029,-0.193708148080498,-0.0884292272165708,-0.0664347076216662,-0.259588519398973,-0.00843994303817562,-0.100029272481709,-0.133690957953508,-0.220611467392474,-0.161918943681428,-0.033508494214773,-0.0474113118279901,-0.146380848020486,-0.140098775191323,-0.0629388398261193,-0.119062104090711,-0.133846509372267,-0.198098465543724,-0.130733653577189
"UI10-00036-Dixieland",0.0370420956950495,0.0571132896651979,-0.0916753233220725,0.00458188755720856,0.0429916395050818,0.342634224734466,0.0280660979099276,-0.0320565598494724,-0.070546112159097,-0.226103600183882,0.0676724781816991,-0.233803764346693,0.0540133257902034,0.138011046223795,-0.1469626560524,-0.01489658942069,0.00606624411965769,0.00398977184889598,0.0808793078932668,0.132880288135552,0.0389617484627681,-0.000908441610265535,-0.246446803452068,0.0926189956499397,0.234570938393366,-0.0110024910727776,0.108035208559639,0.109938283766164,0.00166913352566292,0.0191582516746206,-0.0237928062606374,0.0353720699612745,0.073636171078792,0.0124777186486072,0.0651530417808868,0.12697869048424,0.0809875635573985,-0.270830641869686,0.155812488215577,0.0805806111228996,-0.0898464410730334,-0.120296833177082,-0.219430988607876,-0.0747043223355798,0.325114164511362,0.0443770360353537,0.0649178257054207,0.0495987233915871,0.0470708394813864,0.0606837485699925,0.0752241274902976,0.194030485846183,-0.135713341245969,-0.188075637084977,0.0598648697324737,0.00997647812451693,0.157243837005347,0.13829241200577,-0.214062448995065,-0.0391472850803348,-0.13241715673994,0.355572086933826,0.127636732276598,0.109402624320892,0.205626168660662,-0.203495899115435,0.0464479768155717,0.122330247602751,0.385628835999333,0.060620994799563,-0.216467206148773,0.132451084347582,-0.0148132658727521,0.178428505287473,0.0935299679623304,-0.000549700583507806,-0.0302944569905514,0.0372502726057904,0.0905078550664029,-0.236505042133207,0.0741468388710393,0.0659359457801499,0.0323743263200178,0.0232121018091936,0.0328609997882613,0.0618405199404571,-0.0054046739647808,0.114412379645856,-0.00562694309632417,-0.196862572451861,0.0803496406817873,0.0856980913105119,0.0663473829973941,0.0582780236029415,-0.0202459446058857,0.0334220868258306,-0.216747447858688,0.075104132721437,0.275783509705569,0.0538389391769074
"UI10-00038-Emerald-Shadow",0.0551715794074626,0.0155318327889751,0.0336677082723892,-0.0145596917864172,-0.0139790079183105,0.0512385061432636,-0.00134974468433016,0.0171061464248879,0.0125826177521798,-0.0340404862404553,0.0151153126884113,-0.0368580416016987,0.0428632563840871,0.0646954696326144,0.0506550485037115,0.0476407181834321,0.0210861798790022,-0.027852280840472,0.0634452004091337,0.0367210635857175,-0.0118690553576805,0.0203359710552215,0.00552987968316826,0.0709706334185357,0.0839460358303996,0.00366032183753188,0.0184553941764707,-0.0373965599114583,0.0251846893612423,0.00894735568615793,-0.00144497821348298,0.053151596229817,0.0350826949084677,0.0903337677423933,0.0405592455027735,-0.00830664211192247,-0.00333337798410961,-0.0384621089786975,0.0261773418141,-0.0249431057581955,-0.00216468692520502,-0.0242681843872,-0.00793375934629121,0.0264820790594834,-0.039756021208567,0.0164731531121511,0.00858279457902741,0.0131214302294823,0.0944368777366313,0.0647976193324943,0.103063694448787,-0.0302416517708628,0.0411105620501864,-0.00327317610172013,0.140232315604081,0.0389385859175023,0.0518337547655723,0.00126056817680388,0.0372583979831822,0.0661536040647749,0.0102379164400003,-0.012042827733341,-0.0206629115352887,0.0474823103428053,0.133968868834744,-0.00821328986245072,0.0441961865660722,-0.0657627158511304,0.0309347059605637,0.0276971995903139,0.0193099581691325,0.0146631677192504,0.00937458551442427,-0.0216073122184107,-0.0130679527524447,-0.047548756016519,-0.0208766193462008,0.0421760331643136,-0.000745023242577242,0.0218530380452223,-0.00639240263519369,-0.0031351982803429,0.000737944774695064,0.0440373961395493,-0.0120106128381391,0.000919018617312884,0.037986055922641,0.0231683238927342,0.0520728218616718,0.0554843489678816,0.00858615196796278,0.0776208006021501,-0.0141326995727749,-0.00931101316314334,0.0065842742394985,0.0490719139164044,-0.0138653007525549,0.0524317239783438,0.0282590458951766,0.0237279433533303
"UI10-00039-Emmanuel-LePage",0.275223462947246,0.333312808868687,0.323840146283299,0.259040885154671,0.361730146269687,0.286905686228675,0.315456272594452,0.33915782532703,0.318908033961301,0.43166250360933,0.325348703572502,0.279301993820389,0.269967788860602,0.310452079164769,0.196755865529085,0.347496640640789,0.251461739896673,0.288593374158009,0.153768783930281,0.309697688260463,0.269954087681082,0.536514406663275,0.451825554236644,0.218447508307511,0.312744137997739,0.304430217171716,0.130374007447302,0.222001605133225,0.229485203815699,0.36036367789506,0.28186704436036,0.334928372651941,0.341089718921476,0.20443527266431,0.340723224215379,0.238888655462622,0.309449982211853,0.317408063416273,0.388709606874982,0.270443199440856,0.27160054092007,0.392512651102378,0.438320227511904,0.266147356371711,0.326631191703297,0.242866526309493,0.302366629788784,0.347141944256827,0.46989351269071,0.172602304302372,0.390635631686094,0.456829986592597,0.253724037585071,0.316949261954152,0.398706893319636,0.307096997221061,0.116781217576161,0.570197748288559,0.266454241847066,0.282006634768217,0.399749053731577,0.208467894016944,0.362897517721869,0.272438246952551,0.480307703826137,0.285954670755445,0.452604664094111,0.185758915695779,0.472022900555695,0.204114481865043,0.186931300082598,0.328756167601887,0.191898438827802,0.144568951120135,0.537154913848947,0.316848033956038,0.281018407821247,0.402381670068588,0.464326858584658,0.190620147454114,0.327232112930511,0.523672946611912,0.177709861933166,0.225889908477426,0.294456837855512,0.307882254335538,0.230081897237411,0.216377438899468,0.292886181260415,0.375641317672868,0.316634483903761,0.271958275028348,0.264232966004119,0.318729236362725,0.327189533023347,0.305341629301164,0.134148064471904,0.260574743921566,0.251880396493558,0.207074950967956
"UI10-00042-Giraffe",-0.026190293824724,0.0399464142624459,-0.164937680125994,-0.0181398311452898,-0.0855134023986661,-0.165996663109711,-0.116799979476419,-0.128542077937451,-0.162730087643725,-0.201115138502786,-0.133680705551301,-0.131222765713147,-0.0156758919403374,-0.113791617130737,-0.61641219598538,-0.180371342820819,-0.214166398800792,-0.121860573881627,0.0760925207968852,-0.12298598181953,-0.124829310096754,-0.160491955304354,-0.19097989313485,-0.69203125645321,-0.238260050539851,-0.180619460879578,0.520327490330481,-0.181470343104942,-0.0505197572930189,-0.118254115296974,-0.154080945422615,-0.199877112054376,-0.158757421245051,0.159248954299424,-0.064617442830186,-0.17633698234262,-0.0428508144141833,-0.18461564318566,-0.103412926341913,-0.0973133021635415,-0.0961066508737417,-0.142162477661307,-0.19081220947148,-0.0838269379588091,-0.148203275043901,-0.0635775913488989,-0.180854931103712,-0.164436779052336,-0.14763517391013,-0.123322738372387,-0.201216341736562,-0.126791613433181,-0.121415040786605,-0.136898049777742,-0.101312678921049,-0.149981797205144,-0.139165417043767,-0.0900084802913677,-0.0646751916329562,-0.147607899937728,-0.590067582765331,-0.115017246550723,-0.0495949240665835,0.436012331893287,-0.0334286501608621,-0.124130253979873,-0.146404525879829,-0.103399499070473,-0.117455897140074,-0.154766407905993,-0.00975983841149485,-0.194401729297479,-0.530839540182618,-0.118803808131362,-0.174929123646508,-0.13982284928099,-0.157249179797169,-0.12136296195764,-0.15937881489095,-0.120853664469785,-0.137177641761014,-0.564394862500605,-0.139593406192918,-0.237763253558294,0.0448233132893501,-0.0711270986027327,-0.171334704426455,0.117979542046448,-0.55567731536533,-0.136657913301509,-0.742403253252148,-0.16862447949623,-0.147454954453982,-0.538882291021786,-0.0654934587390526,-0.211495315225593,-0.522940528054144,-0.154816095578462,-0.14762919295025,-0.0570527639851355
"UI10-00043-Gold-and-Silver",-0.457375396695764,-0.350580627673721,-0.432689458749967,-0.389240301136128,-0.424623295811175,-0.451128954954232,-0.491597500138732,-0.512272372201301,-0.380428616987569,-0.432326300489253,-0.680918790169213,-0.689017737197953,-0.425425435872218,-0.630481387654035,-0.31794827499138,-0.288599929571279,-0.538335391561857,-0.768638927764187,-0.454446569574729,-0.475790516671679,-0.374877904669358,-0.334477627191254,-0.364147633223017,-0.38564638882876,-0.380467413779933,-0.237376489417619,-0.292126927668591,-0.37744758451531,-0.39851794530163,-0.404949956764579,-0.32957508942546,-0.297537352988963,-0.502699802511938,-0.391600573005899,-0.28314244031933,-0.46583546590749,-0.309228661424206,-0.381256016337873,-0.31011612116768,-0.434481909466707,-0.385448520917469,-0.355877929044354,-0.706628509283442,-0.362337031927161,-0.311272610659825,-0.450620708223447,-0.395437664890869,0.11129984043526,-0.804586716479051,-0.283341209040909,-0.416636705666339,-0.441957625515329,-0.28756915291996,-0.365270663207342,-0.34340394605082,-0.447279411267899,-0.441839357429539,-0.397789678095014,-0.370963147312125,-0.382473216496067,-0.409750476472436,-0.231577897248966,-0.59424263192021,-0.594586776575408,-0.415975358011722,-0.616983546824791,-0.311670339638416,-0.107541029198245,-0.38478480740318,-0.423622508840698,-0.399600051583124,-0.326900223431893,-0.459702173081031,-0.333772803777494,0.104003947928106,-0.550629274116593,-0.332314164679684,-0.45077069339433,-0.344261632487591,-0.254308295428774,-0.321432762937737,-0.543155283345246,-0.370953007194743,-0.288399829648003,-0.436738308249419,-0.381102261731212,-0.34472494550397,-0.0607967888055989,-0.239660976419619,-0.397590229139595,-0.440680127446955,-0.462430734921503,-0.392805685630145,-0.234531045051508,-0.417435525919732,-0.453721626384,-0.408433297899397,-0.349977428650541,-0.529720471238323,-0.252907878109443
"UI10-00047-Goliath",-0.148726327225486,-0.127683899200188,-0.189660749538415,-0.300419403600321,-0.106777031805921,-0.196567172227164,-0.16143741119075,-0.0151143620402791,-0.0713592880509447,-0.226576399559446,-0.1086386605201,-0.15749936989252,-0.0774832310802912,-0.105315539808229,-0.142800849813761,-0.241078116896992,-0.104022299628783,-0.0050530924942526,-0.178176244922637,-0.0832906606813738,-0.229407626025041,-0.113956887939404,-0.171295783780308,-0.246644187626828,-0.228620198162608,-0.195416423574248,-0.0950644364107141,-0.115409851277389,-0.0718797594568974,-0.0987373042810346,-0.12278546987673,-0.151483411123731,-0.0977246927515079,-0.202768070146599,-0.177321734363569,-0.0985442553778877,-0.15789712001374,-0.230723574612233,-0.207713401782103,-0.156271915181054,-0.152916198610297,-0.281896561853679,-0.16479646946498,-0.167087859788722,-0.135400222385319,-0.251445232987045,-0.205535289133844,-0.141745815498107,-0.150787522733039,-0.160880324938403,-0.179793655775417,-0.342005252437407,-0.11040559651123,-0.100491184644949,-0.225911181927058,-0.153813923205772,-0.240484177936616,-0.194056680343974,-0.0652768631457925,-0.149898444656756,-0.151720988879116,-0.268992056656647,-0.0484710556753818,-0.0516260769828134,-0.0858748756034892,-0.0613084094995421,-0.0944441798336343,-0.115966234464112,-0.133214872234607,-0.0303377831226244,-0.16750185454715,-0.102730112378782,-0.165387350769021,-0.0966483149129835,-0.164206897229399,-0.10486459856464,-0.138712636539554,-0.187971994746104,-0.233509347900491,-0.110254769562263,-0.149082796564182,-0.18287630571418,-0.235178307812231,-0.198267908582039,-0.111499203394577,-0.0682608636054801,-0.216333009892368,-0.0597929483971103,-0.0225520052817956,-0.135887829020111,-0.135767107198104,-0.0928549851686118,-0.211354306735829,-0.0587979333957294,-0.0410412740571901,-0.199986353482239,-0.172557434883699,-0.118969514109978,-0.215885701756045,-0.0983601836713234
"UI10-00048-Gracillimus",0.468140091024118,0.473461160271764,0.36079139226016,-0.122801316052632,0.261667298101184,0.474703861875797,0.236819352143562,0.494543650075848,0.336781970639714,0.491920432242149,0.47445431836018,0.483988712828312,0.492269941222397,0.387175682238604,0.243347709543088,0.263840692194002,0.33908687489568,0.632863415359092,0.466534421790236,0.605918874645163,0.344671143303549,0.532809892166914,0.474173291651034,0.472354527702476,0.251424906389469,0.577181777446191,0.274368135448057,0.773101096470066,0.403199981092043,0.749728566234473,0.616153395069067,0.346060003938373,0.273711162589727,0.670505502867453,-0.0135966828287208,-0.35372909136874,0.28476494540991,0.653546449734648,0.350738159526473,0.433212941708177,0.418222000501131,0.350332431029012,0.376096426544388,0.43699107781869,0.576499373756524,0.45059679196304,0.354636988535621,0.730979400392514,-0.133850285081127,0.439497437314287,0.332339646277898,0.382751949778476,0.572319031857423,0.398266779875966,0.311404707506505,0.548745201760936,-0.129138830342662,0.592508663746308,0.420653100636474,0.405161356189691,0.423277429141132,0.397879049106843,0.495309050441521,0.378219071175779,0.570483910708943,0.498872276834485,0.552147717340428,0.342579108868428,-0.165595558598372,0.408315103187068,0.424617927220143,0.367235163624139,0.404603398367213,0.363298696461732,0.4492863264491,0.0376591392700421,0.585079288362325,0.531883337322832,0.5125681769291,0.564302427807492,0.471785379942528,0.281309174636747,-0.313781370328107,0.638380254450453,0.37090833803601,0.379087250246627,0.298985970055153,0.120142117585406,0.50506714053066,0.418836775136065,0.0979159097885546,0.457747674330125,0.431538580471475,0.510955557105688,0.537295738841158,0.035356774401002,0.341898541536852,0.71529387730454,-0.11514197267117,0.440840018401121
"UI10-00051-Gracillimus-Nana",0.120913754574846,-0.122943983533349,-0.15360785953632,-0.0262866536340502,-0.0942185353868876,-0.102371924734245,-0.0552487961777282,-0.161288683560654,0.133733448830792,-0.225767729811643,-0.0460727195904593,0.0378861471691929,-0.0512862312141585,-0.0329056623507104,-0.0271202021922473,0.0633182865179446,0.355268284650372,-0.0453559196430722,-0.0513905924129307,0.0643854960042719,-0.0105435240046408,-0.076059629439766,-0.314709181792091,-0.125882078677954,0.0372517046143441,0.029556340016541,-0.0437167465418718,-0.0226816916068167,-0.365796435965113,0.0409683091671007,-0.0144053256385708,-0.302014746792661,-0.0863208113743377,-0.0915825314734348,0.0549446897393124,-0.179691957483642,-0.0278768444448574,-0.150876910537692,0.0424168342661686,-0.0615523419791757,-0.0117161087816751,-0.0593037802154715,0.158775041198651,-0.209125789066057,-0.0128688087031432,-0.0930554555083763,-0.0221753416853031,-0.0529128694051764,-0.0277740220970258,-0.0736717880175552,-0.218726825645929,-0.0858142277530624,0.00178528253934133,-0.0513809376485554,0.0222495943587082,-0.106523876200336,-0.0048600967257299,-0.0813592405874887,-0.251267513025958,-0.205849580104073,-0.0792936001522985,0.0246074036997268,-0.0484429858475747,-0.0286275333219922,-0.0846411816559277,0.077611499086933,-0.0125611178203124,0.0169779326519838,-0.334401878694964,-0.059344511237112,-0.12939213333089,-0.243615157533807,-0.513576786896218,-0.330312106567101,0.176824967922901,-0.273266052936139,-0.10322460743612,-0.0919538088759861,0.100651111190466,0.0257335365816187,-0.0497666703890548,0.0947669015567489,-0.0763352464842787,-0.0399927265007074,-0.0602729397185375,0.0618638980187152,-0.0928112989643735,-0.0800898353275781,-0.114071186974613,0.013106447016637,-0.0238455973293845,0.0672320015245516,-0.0544535311656674,0.224893565899282,-0.0933203487961329,-0.0492442396367599,0.119708590475786,-0.0901644578240127,-0.0767068003743363,0.00364689660758092
"UI10-00052-Graziella",0.0921359537951266,0.0579031373798321,-0.0739020331620693,0.0240064258883575,0.0763172247592215,0.0313287009404274,-0.0560432902741295,0.0417939852537723,-0.00549820868618076,0.0755319376112319,0.148335523088395,-0.012662421430167,0.030344743613866,0.0658511454721117,-0.0864956633848503,0.0890047548479994,0.0104491442268784,0.0264693460492937,0.0659615645845579,0.0484108050590126,-0.0030517818381287,0.105788479245487,0.104382435984564,0.0486786142971304,0.0709583898334811,0.0717126434279775,-0.0209359684097552,0.00529694468547887,0.0705325585708102,0.126504617185497,0.0312362590083625,0.0557528557618351,-0.00382887850213199,0.0438424335602273,0.0692154943574677,-0.013997588360455,0.211632059607978,0.0136903934839487,0.0441672773418928,0.0612801385204508,-0.100036582576731,0.20117169452003,-0.00266468908374611,0.0440316110239036,0.0398213174896276,0.0376925434252923,0.168468886949439,-0.0417017722731724,0.0615886455287057,0.00185599958742859,-0.0184969769454688,0.17964763701667,0.0144934635897136,-0.00773176364720192,-0.00306909953399869,0.0140439916886027,0.0191307133485726,0.12143568334212,0.0509119191979747,0.118996994407292,0.0634648557386388,-0.00940228112256807,0.326343279422232,0.00881177387102684,0.112023126801023,-0.0857698906950411,0.00530308547981191,0.0431168113093702,0.012805580569185,0.136215839595611,-0.00318785064585517,0.0237005900046369,-0.033964500052227,0.00750069153384123,0.0660315446200497,0.0370842118686244,0.0494161039877433,0.0179984767472333,0.0899361447504925,0.00896915898158305,0.00488036630233624,0.0785859020343138,0.131814644090808,0.0645298185246262,0.0670657641811767,0.0453605903252583,0.0844874440583008,0.0321959544471241,0.0198052734445575,-0.105837575360583,0.0591812712095632,0.0514374586471089,0.0598970189593276,-0.0180407195929096,0.0147414963083595,0.0568793473937094,0.135786500138146,0.0237642014824027,0.155256244529166,-0.114177963149972
"UI10-00053-Grosse-Fontaine",0.471423819571679,0.550766531590674,0.62972006038235,0.545182103224713,0.522774322693242,0.809762919072432,0.336880800755836,0.587271842452836,0.535147721470477,0.644791504580968,0.662959106229423,0.56060107621679,0.440509211228146,0.686110922571633,0.510948919698063,0.493366243368361,0.531379160522079,0.489549097560184,0.687945442557085,0.590931179296777,0.631104575183768,0.476054351857466,0.635029566088417,0.341406723561494,0.417333344413867,0.677813356299154,0.450156240556737,0.814000728955758,0.661700920623926,0.717180919403702,0.483706194557891,0.529761815561228,0.460735508515342,0.561888305196672,0.615964092182936,0.525948256337182,0.636233979172587,0.567003657970248,0.593556516508845,0.583631292781345,0.676643757770743,0.615709862742616,0.289366783067557,0.376923430325466,0.558273110604684,0.113590881738388,0.57854359735105,0.0261432429028238,0.406298964327512,0.605865308278505,0.517186786395376,0.512886011094087,0.652877977717569,0.621959044610985,0.602337913992229,0.387060668317295,0.647751713190157,0.617037901314281,0.620456493158626,0.719108054938238,0.752645986563845,0.633088174973918,0.599229254622472,0.59313472668085,0.334044061041494,0.561877763812957,0.520260281700686,0.522949662008018,0.743206867153649,0.618060679538189,0.541691053927795,0.609554485214106,0.300715376783741,0.550493491046644,0.276289876500876,0.440331277889416,0.458312024570544,0.476820423381086,0.493222292311234,0.505362736784578,0.47724436546226,0.534264733580819,0.488711419324248,0.557843329978729,0.542018915539952,0.836797262669754,0.73533247150764,0.582835965149987,0.4674416275533,0.521389654361369,0.622488051938883,0.421036240363956,0.672645131870546,0.697541513581232,0.336639889540539,0.801486309064478,0.542386013274823,0.392230466281601,0.618536472392447,0.597198004783006
"UI10-00056-Huron-Blush",0.242672487196502,0.204433858838945,0.180589793272467,0.162667003308595,0.0839838703001236,0.169385657700933,0.039442494475579,0.126261193485523,0.105411166876073,0.199799763808607,0.0946720738593542,0.208261810419979,0.0335030050482329,0.021697056530727,0.109601358069734,0.0873006931780563,0.257727899108423,0.0849105341897421,0.109358454171064,0.0421229907174429,0.10280567917999,0.126231697429192,0.226916165222822,0.225932891628266,0.223357250363625,0.173756305980023,0.101055363829469,0.138049523799748,0.0483068059334862,0.0050624664256801,0.23233511301622,0.0110927366110903,0.204561605961767,0.034234238376538,0.274670166453409,0.169507029871881,-0.0688431494586499,0.120465883010964,0.116249367924311,0.197628009273127,0.11428804343818,0.206647051413559,0.0257536217176168,0.250555589514277,0.113818606754906,0.0920127350903438,0.226123622780002,0.107084128010281,0.0639142838317462,0.102837259890802,0.0287522176853589,0.0945951385342848,0.149011352024337,0.176814844450843,0.140930171451337,0.121987279872195,0.187761544451855,0.166861400983263,0.111604875429688,0.0106054368593212,0.0109883930207179,0.12892407599304,0.119106825681689,0.0154591040381695,0.038399422025728,0.103070822691753,0.182399396867066,0.135425476393684,0.21601014947298,0.284289958068217,0.127229617903937,0.189390693263769,0.227859407859783,0.0943001991662777,0.213706682350347,0.13263589158699,0.0158674328899404,0.143407654577816,0.146141392306775,0.0857302481986875,0.181424983072112,0.140006361130763,0.211676136005834,0.305899284286988,0.168937243730618,0.0744074939295586,0.205709708100792,0.129929219510539,0.138066085280318,0.199786613539708,0.28199575495469,-0.0659019893535988,0.0275916929874296,0.0499765961459756,-0.0487293648704151,0.0147483742908025,0.211949559209827,0.176364923000355,0.259345350317016,0.0761717786797718
"UI10-00057-Huron-Sentinel",-0.362959559736727,-0.334743805945522,-0.236383285493388,-0.233377322038669,-0.174690586178434,-0.247389119313259,-0.252662026244326,-0.349622508134795,-0.380367726255077,-0.0919628188381573,-0.485998883364284,-0.172771475394755,-0.189169191427575,-0.257218907461042,-0.371438859742983,-0.0600319396243738,-0.379979476531057,-0.538523880683466,-0.276693486078559,-0.323475709614133,-0.270030639375894,-0.158728006848568,-0.288924756364771,-0.24547723088423,-0.170233118478412,-0.18168949238812,-0.299281717430484,-0.334484151643702,-0.352940504636735,-0.131309717187875,-0.298981116671513,-0.299517944896602,-0.215665026564185,-0.242827696749493,-0.309556857487506,-0.225557988413738,-0.0506672214830562,-0.347997656596345,-0.218946841086351,-0.358695381033639,-0.301612906425886,-0.0360901953339415,-0.343439696680693,-0.271910861378661,-0.301010479650382,-0.100127531262287,-0.253844559873702,-0.333240776444798,-0.123283515801648,-0.324775269548129,-0.370247197227248,-0.4506419808909,-0.217137336349472,-0.257648177515738,-0.281197364249299,-0.306478328682846,-0.198415286061381,-0.251656323965161,-0.284004680645998,-0.219860890331147,-0.313486339359854,-0.363410780474349,-0.0609518144650973,-0.267929437931056,-0.317275261489407,-0.337970748345241,-0.202868910571745,-0.257500528294388,-0.327980959030862,-0.311242514569323,-0.26853188804903,-0.328502845522777,-0.252576532379429,-0.186313200651605,-0.198141819776672,-0.356872448787735,-0.308612460344269,-0.230962849276468,-0.273530635602561,-0.310820180880398,-0.223640766787544,-0.241258359004739,-0.379644358797518,-0.368871779359793,-0.300327819663882,-0.230780769571537,-0.292285277268758,-0.18908291957251,-0.450966323506234,-0.374862987092565,-0.150804286278181,-0.402804428748055,-0.211052293093918,-0.290307205510496,-0.180919057744492,-0.295868999961927,-0.130534236958871,-0.394637275186314,-0.254996407267214,-0.270771262673186
"UI10-00060-July",0.481483909194959,0.703651364960809,0.377387339962285,0.746326637634205,0.44395020759678,0.517076403774085,0.567576380829773,0.509800535526416,0.497152853072552,0.431939949562471,0.648178637652149,0.501060663060425,0.604420348538959,0.532922187879916,0.437406749700584,0.748342755806633,0.669860125944215,0.545683574625619,0.379012626148865,0.99844484087534,0.481260391312957,0.587935450610039,0.759153259518769,0.6748779924263,0.686366863113356,0.53146742307431,0.544560761893005,0.598908844690634,0.574481626034579,0.603326612351104,0.722034176914285,0.586307781287658,0.607829728855039,0.547740756899632,0.69894641302132,0.811863378126679,0.573817913288102,0.676503080884976,0.618652861113471,0.666049113712531,0.850140469021779,0.430249250467426,0.627962219325447,0.593540380563842,0.430004465710042,0.603458880031651,0.616179698904526,0.715934861685537,0.592696667120907,0.911406160321218,0.595758113658833,0.505737833477419,0.739432048285078,0.408990600113238,0.631819599305169,0.496347985721809,0.588557777127053,0.771988240125171,0.623087209457323,0.45553637477556,0.675313878852699,0.548371619971393,0.513951872026801,0.770886610636329,0.673181426253414,0.755472961657571,0.436783634959516,0.743313905102843,0.615006572234008,0.459719191134945,0.691248323101878,0.42440341936559,0.564181053611809,0.488767223724033,0.632727234936847,0.415344168304687,0.620752484088322,0.680591003866351,0.716889952683383,0.780758102254744,0.579469467983802,0.591055460956177,0.538649060442172,0.54512179899239,0.550092847086435,0.857622133253772,0.567931017924978,0.665173100478301,0.542090926396512,0.674246961406327,0.611974561846445,0.818335639649059,0.600742120286016,0.535002357306013,0.744184191225713,0.69703704937445,0.517047282789153,0.554713800481824,0.653732558218137,0.631381301187595
"UI10-00061-Kaskade",0.67830368587198,0.622172882435411,0.570351946775276,0.549919544052031,0.720953774382486,0.585800063856799,0.367233811105005,0.615072054168714,0.577994571609721,0.525426305504701,0.51637829401449,0.614786470401277,0.462249524417482,0.678835608399804,0.63239858253287,0.591693709750228,0.677671658312225,0.740706901528578,0.856870468010574,0.54692318773987,0.558332431900926,0.69235623716823,0.852303674234172,0.365238489701514,0.721872779883771,0.787913323110462,0.453392748828138,0.667649556536637,0.638010148157733,0.618707246636386,0.537077682466048,0.62419422693839,0.531010047270522,0.622409388290867,0.592052751132667,0.62064292442907,0.536644995420841,0.766361168440553,0.570997691381555,0.54245403449654,0.53066443293455,0.614668397712512,0.305270146422396,0.398693401077714,0.468832671505966,0.148174298125255,0.54870557004633,0.0430721503715212,0.902162284982514,0.293444475164281,0.67411035859444,0.472474142526805,0.606552776763371,0.773943530432556,0.777499436885945,0.669854778332693,0.62704351269376,0.733360091516695,0.437667886621917,0.568052838902929,0.478638734649114,0.44529936876544,0.589934912398217,0.621123914620021,0.354964875098993,0.745305514346789,1.02766218152481,0.556119878398171,0.372313142645824,0.672990700349042,0.721568281603246,0.733138309581162,0.325699763323459,0.713000789188956,0.312779301314445,0.526957172704106,0.515714086330188,0.568110896391808,0.340632833234832,0.807502009423491,0.511917650309659,0.48992647867414,0.510906190849365,0.844494831001113,0.608781684118884,0.62368116395067,0.661108081532254,0.655595475591511,0.699930216870032,0.695962064085575,0.934384176172236,0.626544952121366,0.659064217100979,0.671389361995476,0.368568119580964,0.492174705222753,0.598384485508608,0.412162525220808,0.617518174669286,0.825394507366622
"UI10-00062-Kirk-Alexander",-0.102415444301277,-0.0318759195116041,-0.146383942227507,-0.29400272849181,-0.237428537730294,-0.148934665930106,-0.165743362208152,-0.177740942545842,-0.0345706948894866,0.0138026309957145,-0.217184566639889,-0.0933160777676496,-0.156620911757053,-0.106950000052969,-0.167559042828006,-0.28917196029564,-0.0949309746138998,-0.0561604680374629,-0.153331834641512,-0.320360724780271,-0.0856460289799546,-0.0852500071938327,-0.243275395521631,-0.135529968960514,-0.305843210485855,-0.204973094420205,-0.108630625220951,-0.186203627161835,-0.0868355928735255,-0.161857337626491,-0.157863355314811,-0.179526083881517,-0.0919776349719258,0.0142332142892329,-0.0699708542609446,-0.203314802327205,-0.325950104933623,-0.243788712504527,-0.152710587521929,-0.268445310628882,-0.234533952268269,-0.183158211954095,-0.184204954690889,-0.117343357996089,-0.14304052062274,-0.226047638668397,-0.0839224436996358,-0.117639486166394,-0.12422900252747,-0.142233817152964,-0.265092623345329,-0.059558358242053,-0.0813017493851403,-0.192271870465963,-0.173211196423266,-0.13218828398067,-0.111574280191445,0.0457543780011006,-0.0401165722343043,-0.0465995879447673,-0.0582366807538401,-0.129320279775258,-0.191523943389363,-0.0516399031130798,-0.0534231186415374,-0.15105731192581,-0.168089980121321,-0.127213381919354,-0.0294826804260216,-0.142852704009334,-0.1427070718515,-0.126336216929771,-0.190672852916684,-0.129455922680173,-0.0668220719058515,-0.249239686984828,-0.0662585292978227,-0.381888563309401,-0.110850729491369,-0.0562107666161737,-0.181283854636432,-0.0736425290112419,-0.157672874886501,-0.117309644456605,-0.112770708687885,-0.077370144130671,-0.0851361760938477,-0.145168969914949,-0.164310119972287,-0.0701863416221604,-0.182332548373589,-0.146027106705309,-0.251012841401845,-0.128346594486794,-0.305250193457971,-0.12072567515218,-0.185610448715117,-0.0871487696913501,-0.105435098811865,-0.116320411854359
"UI10-00063-Kleine-Fontaine",0.00330231245971475,0.176110053882744,0.314424671675304,0.306300687093922,0.223696863641911,0.335478199201349,0.270882167649405,0.171321164912418,0.2293856118095,0.355952197750039,0.23299671494886,0.214877510211315,0.275936611945129,0.241196378916671,-0.0372304883633692,0.296783173375806,0.262016113234294,-0.0244435208366434,0.134552220786698,0.369488225702037,0.105380520627625,0.255012016567928,0.280677283007568,0.331312303388617,0.174920377746615,0.272137050198567,0.169685605232493,0.281042523505266,0.253128860158747,0.0148053563628365,0.215296088008853,0.26515424539256,0.321840825632837,0.275475343869813,0.307156237130123,0.0128335589656017,0.464021063952944,0.304576044224715,0.202299037941438,0.182229978211281,0.213588751017265,0.540137677043493,0.303888656021674,0.24836007121322,0.437474519195998,0.177241164844931,0.20377143032008,0.203112838904626,0.123548783160121,-0.0185507246535805,0.263662469186211,0.311023813680114,0.258935455585473,0.384588041388025,0.241655593677599,0.305193061310739,0.264908144541875,0.307112668861664,0.179428237615161,0.199891122888898,0.235009379375512,0.210737089712615,0.263326078842337,0.32764174107898,0.167759257143473,0.271291637244079,-0.0905742456748298,0.248544404379518,0.333316182120334,0.305495298166886,0.284706896256184,0.277973591977663,0.297788840134983,0.20239803070079,0.301272953067866,0.353349939731766,0.249182557786178,0.267134400512509,0.287722623692033,0.408717845705921,0.215013101367677,-0.0204466627660573,0.329963782477266,0.291030730484937,0.239621857005225,0.0347899703681398,0.140802955774236,0.183867063303216,0.188999081730178,0.220388435148013,0.165236855562217,0.241563928868859,0.241752961776919,0.230253575781223,0.136499040845553,0.224189142005223,0.269872719120175,0.16004750968416,0.353297034917645,0.272507797596508
"UI10-00064-Kleine-Silberspinne",0.178141281905824,-0.309148272649773,-0.371602793656642,-0.274102386125914,-0.313958629124472,0.0599064017506077,-0.368955509503559,-0.380608523702705,-0.321376878508104,-0.337580015436792,-0.247043706433019,0.0796216695741502,-0.338140426529972,-0.446839644220616,-0.258575255078351,-0.308725918948988,-0.344564104774304,-0.5005178243255,-0.412593924769844,-0.333593740929994,-0.455455415963546,-0.555653868752802,-0.481065659312148,-0.410536622600207,-0.444266380585487,-0.322380004084072,-0.433886419854989,-0.417372262614461,-0.528944469014342,-0.355731304983816,-0.36152198434656,-0.434445954126893,-0.395169906071028,-0.338912390589277,-0.373756373001586,-0.328531461099459,-0.34378749483102,-0.373547622634109,0.0622051239553076,-0.435790158167497,-0.683917325273211,-0.280440465890345,-0.442019996850179,-0.414715371740879,-0.371482108877266,-0.348767221262456,-0.462819028166942,-0.327532337386901,-0.671185826820648,-0.424844190812568,-0.420079580005169,-0.315447790218727,-0.376946429902408,-0.386694497005069,-0.441101287788065,-0.285730823197086,-0.573469902775099,-0.387976172161827,-0.386213988983927,-0.45399277154753,-0.425389897819385,-0.323907913060905,-0.549049030901287,-0.404612678650127,-0.344713207625603,-0.449119583453928,-0.361017431502351,-0.424507683016787,-0.47541924896535,-0.381341537419974,-0.403409958763365,-0.374341665329033,-0.44564717049235,-0.363728133042477,-0.478623451461474,-0.303553456744341,-0.853825937495375,-0.589533751319053,0.00189970543281708,-0.308054587320108,-0.470796906093201,-0.265847616870349,-0.366616639522895,-0.327282858750726,-0.425870241074971,-0.300991720674099,-0.531301976359288,-0.374317004981804,-0.32727908739968,-0.325690311715957,0.0390402935873753,-0.363970018267886,-0.359289098071805,-0.421331536952801,-0.473823570279488,-0.0149199959600048,0.137379053177041,-0.50229495501985,-0.530322130985504,-0.287138538475477
"UI10-00066-Little-Nickey",0.156679670436611,0.130632119935652,0.0676639529219973,0.125655872542186,0.0768495982665427,0.241578571857472,0.110648541099432,0.294967445888533,0.0605825375772583,0.0973859043443346,0.137492336995387,0.094861770010421,0.113665966258103,0.18302155224797,0.100939139434221,0.0632434555962998,0.0577456399402503,0.0556622320392905,0.131431619371682,0.000155131215862102,0.0732092711340581,0.0287377488839988,0.0845192813691694,0.127757286684391,0.0497510476557971,0.0589249189119882,0.065857826471374,0.128615591608093,0.182983334678284,0.111086121184669,0.159681296113752,0.203182661191656,0.372690091878872,0.142738119874976,0.143338640687489,0.102826611046068,0.0671883995363186,0.108748196127786,0.100124463345165,0.267194984751104,0.203837532450058,-0.0282850280289877,0.104316773673725,0.511671321149516,0.0583369475743006,0.194585090447199,0.20101750758668,0.106913527448469,0.151927053793625,0.188415762533579,0.157060147560341,0.169362183437562,0.218668275048175,0.164069078323102,0.138463489791205,0.139245072476573,0.111223615336845,0.281748417611848,-0.00534202773123165,0.177759009284413,0.104083197804266,0.065069412488233,0.240328382910675,0.118221127345464,0.0483527163991001,0.0601528463016366,0.135364149847812,0.0928754218662093,0.191431885120133,0.0537832189588296,0.162899133340549,-0.021729729083604,0.235341815194026,0.126325915729427,0.298725399460694,0.138676740976033,0.130019901721993,0.142757882209898,0.144621936338703,0.435033989075536,0.154517271424251,0.159276049654061,0.0872750893286458,0.136964382574807,0.183798551871213,0.0925034209244468,0.155876347486428,0.168768956641359,0.269974989639405,0.171355186698137,0.0993930817152222,-0.0313692571744199,0.149585643311129,0.304876078597662,0.173971728066897,0.0706507593744684,0.154849561168096,0.0542344425751386,-0.000849090856716569,0.228816545540597
"UI10-00070-Minuette",-0.00623973543138736,-0.046936762184452,0.0803844178209227,-0.0954829551492244,-0.0637215892467706,-0.137208687964365,-0.127948451924084,-0.045986045439993,-0.0544695844587586,-0.0250092021165256,0.0454077699609099,-0.143567510973095,-0.187866228240689,-0.127884834755201,0.0401090457589945,-0.0606814930496063,-0.14269897422055,-0.00878895485429647,-0.0383968933945597,-0.0852998981059766,-0.00263964039511939,0.0639561391959207,-0.0750782077851019,-0.0640938847846647,-0.00291622243484051,0.0872905027093677,-0.0974317184616241,-0.0350873225117824,-0.0085255391004541,-0.194211518009083,-0.00697763920772657,-0.0267462041015561,-0.0121668853718623,-0.0511862098027366,0.301292952868743,-0.0347876893292316,-0.0638741814322583,-0.0498515834351579,-0.037371242814169,-0.0459317038717634,0.170871680683334,-0.0068136012360533,-0.0693643967036647,-0.0471097036732985,0.0368220206406178,-0.0751797210903589,-0.0099913830341767,0.0291430655777837,-0.0351204395812567,-0.114129768517214,-0.0423017468983982,-0.0656182311908867,-0.0841915142312843,-0.155398237660383,0.0306049556758664,-0.0469130737469884,-0.051392637192673,-0.128001570844673,-0.0256217803874499,-0.0616956655663102,-0.12205460721826,-0.061823546046272,-0.0458032319556409,-0.0117864139512623,0.0309682206590977,-0.0782574065685568,-0.0176582553244819,-0.0044329808827427,-0.0946533927553975,0.00831107710362716,0.00726032234634474,-0.0930254126302708,-0.0667197452966761,-0.0342621297116586,-0.0776012241389788,-0.121190627317488,0.0475879531103427,-0.0536237284595681,-0.0114220581871125,-0.00907250959152228,-0.0432128926393764,0.124571437788857,0.0000604035538139432,-0.0351863620937694,-0.103038960865283,-0.065924815364283,0.0191654613209844,0.0487569183378504,-0.0283323652902611,-0.069400429279058,0.0485825649140733,-0.012548111638418,-0.0424439110055659,-0.0473911182948828,-0.0507493705654788,-0.0880709407623101,0.0814377746290077,-0.100569946059225,0.0260278695130365,-0.0431912698587896
"UI10-00071-Morning-Light",0.397755374367024,0.12690860834607,0.175679682620863,-0.0987623923644602,0.198329680560645,0.0676814612366272,0.214322315624052,0.302845847738343,0.189624017989243,0.0739341987924935,0.305804285251232,0.264507957151297,0.172706446123044,0.137667788101956,0.420536242162548,0.12121692653982,0.314719906000734,0.0846212561711973,0.158661297768018,0.0987963832256568,0.280322719804897,0.150551295395362,0.310693298584266,0.218295366967102,0.0456731257756069,0.493949261004861,0.18971701805888,0.385968625019006,0.165701593701192,0.172616933461523,0.114678490779996,0.126728759552851,0.217905153840614,0.110549570782847,0.0148095406398903,-0.329119047483521,0.480537568352445,0.242787122543206,0.0991151696236069,0.258507441727874,0.100650041996274,0.287375610294458,0.365106539257349,0.327890566411527,0.403739092646434,0.0358042726118222,0.300999349381967,0.023425627391349,-0.104627411620437,0.120313128017504,0.255504010269993,0.230135726717021,0.204513446066756,0.37354513401559,0.322738697514016,0.266921373525384,-0.104583491804896,0.13486395239229,0.166019604264321,0.161905778923535,0.176514669837125,0.179450399169406,0.284497234760648,0.060860747001699,0.262898083680604,0.359519049188216,0.520769973692119,0.104514151256837,-0.141875066242959,0.402967682709677,0.157502880528135,0.191489128278343,0.262280993716719,0.131474176187209,0.105454688052823,0.0557987560879855,0.36803777187965,0.0384516492529232,0.108911402212461,0.225213843337597,0.32897679267663,0.163692994588163,-0.289440980188368,0.246687862673477,0.226853850357356,0.158231168614671,0.182569241271955,0.125444457568343,0.113396803742445,0.0840477313669053,0.10291020892541,0.210668337285665,0.15748942888234,0.0788683991218791,0.0600862591873726,0.0701646531006342,0.0935527222693763,0.171440060442856,-0.0981774653819315,0.16726377373647
"UI10-00072-Mt-Washington",-0.107402674432769,-0.266302996441336,-0.307999133250276,-0.302312232929779,-0.743629948500653,-0.329565089200509,-0.306251641869197,-0.489779334438501,-0.327316026857739,-0.34698873455283,-0.330920901589783,-0.484599198862684,-0.459321219369687,-0.369151375150927,-0.272463111390558,-0.317624189567297,-0.2868679644057,-0.462751419161073,-0.308514105375496,-0.256813769903667,-0.661704412814134,-0.377497934077313,-0.325570254381184,-0.802569758309614,-0.121446366846918,-0.296768623745368,-0.1364004627193,-0.230067986993917,-0.377237976091726,-0.397829858571577,-0.33795727437039,-0.31174958711654,-0.23034468825677,-0.483934415867062,-0.356529013181413,-0.390562492450063,-0.303638779075404,-0.29825004825466,-1.00252784924603,-0.336470932582412,-0.359206154027673,-0.378671971982451,-0.275563393721743,-0.380789669297636,-0.680264661032287,-0.207407859345215,-0.449749942543108,-0.252505807589822,-0.359100068491403,-0.902797666033269,-0.405063486867834,-0.315701272911283,-0.264737163054352,-0.32499480947539,-0.270370798124149,-0.241124137235539,-0.287867366858849,-0.751807404441829,-0.367671784808666,-0.404083997511384,-0.324449880556885,-0.223397357744998,-0.5043459331003,-0.399255509605177,-0.425891563993905,-0.471519337847167,-0.401010684708503,-0.152605401591311,-0.423874458510683,-0.542587955688732,-0.855999425736282,-0.371435365276196,-0.333501645606874,-0.394175107162207,-0.237381735756876,-0.32914658345564,-0.320507843230252,-0.210818951707374,-0.32314494975225,-0.982946658277036,-0.303401033310672,-0.221083603027331,-0.350675890916994,-0.406688212754678,-0.313294874298093,-0.306808974819773,-0.201903316221486,-0.226131118202738,-0.315073861177501,-0.282444920485775,-0.458129869815076,-0.409553430823122,-0.621457858127521,-0.443480186652853,-0.29565051282441,-0.398238058845311,-0.636630527402253,-0.434682964712571,-0.380490869604925,-0.208927525483591
"UI10-00073-Mysterious-Maiden",0.0392555274536932,0.134454621239435,-0.248905516271067,0.0903943424878663,-0.296050372350883,0.0445049476011492,-0.0667002197215277,-0.0329326562306772,0.0649420350450791,0.0915856137345051,-0.187834039607447,0.0797694158244827,0.0391130954238313,-0.158896575761685,0.0252450065531752,0.0836426719161124,0.076015239816049,0.0789525110973136,0.161653649858575,-0.0755625400456238,-0.0866053127831232,0.103615949077307,-0.181255580806208,0.0023261517109877,0.0887259857233531,0.0490241720040175,0.12102232194508,0.0424918048929202,0.0428650690618296,0.210540913268472,0.0633919957103736,0.0726895531448059,0.194176837150864,-0.372790105121161,0.00222208854535764,0.0287144830446602,-0.58902700502396,0.507717570894315,0.0205589376728641,-0.218387532447667,-0.293374422335826,0.0963644020473316,0.024470063908289,-0.0408453522817394,-0.00898711757547989,0.0447450402959512,-0.00487309723007838,0.173386546855825,0.145822867707866,0.0849970049683028,0.0260505987228812,0.222059042066429,0.0444686399614663,-0.0202946593502174,0.098161222895067,-0.407308972089766,0.0217594183785634,-0.131977703246291,-0.0798724959393817,0.110612422949665,0.18610914538899,0.595911959237077,-0.0459466074469182,0.0248999518684643,0.0773347830857135,0.586604838360139,0.0695629746402565,0.15716156043992,0.251093998172172,-0.000139360305253142,0.117092758968376,0.0528306675370875,0.0954517087526587,0.21100652276618,0.043670595632638,0.415431961856218,-0.019054323942379,-0.335467091145629,-0.0528024913992866,0.0740504126341707,0.0097408372577135,0.121692639782243,0.0510280053596475,0.206277793317848,0.119003454338177,0.0910298309322477,0.0610463178111342,0.0356641161772289,-0.120109219995786,-0.143290288088755,0.073384880196469,0.337001479945277,0.0707541156594917,0.0477422057305378,0.0347022153265818,-0.0446829758661129,0.053937075206158,0.0363157080484803,0.0481532959249132,-0.235240582871186
"UI10-00074-Nippon",-0.0891977554172345,0.0969484476639105,-0.0792402452835398,-0.0115928341945841,-0.0456018184946138,-0.079491354053536,0.0274232303047771,-0.0241311254711981,-0.0687940575467012,-0.0688222996248882,-0.0288666217714751,-0.0869833510835619,-0.112951978634546,-0.0124266963017278,-0.159274753326102,0.0412652647906696,-0.0402669274902209,0.0658290880273373,-0.0801104247077411,-0.0566889722503225,-0.151265678095399,0.0410296130767643,0.0481256548026672,-0.0199502772172275,-0.0820174338459015,0.212078277255744,-0.0537773129469778,0.00206088296041404,0.0457155808853749,0.0826508372524674,-0.0822194892535157,-0.0220639417374324,-0.0127170526927775,-0.0352122979578728,-0.0187663133673769,-0.0059870039048595,0.0481718505593752,-0.0775153234051666,-0.110377783394008,-0.0829966031390761,-0.0251005994258105,-0.0768665639849208,0.0613654238674778,-0.0142841993873267,0.03551609210952,-0.0176435611167654,-0.0399975841979588,-0.0909746315387606,-0.00720198866077473,0.103019408412047,-0.0668964879438973,-0.0571364949794511,-0.031886507535045,-0.108612943041129,-0.0314332315317426,-0.0116742912486387,0.0160918803344182,-0.0305274613518169,0.0133409040630543,-0.0474276711822364,0.0185856233355856,-0.0761553829621016,0.0972826859781127,0.00707084043807699,0.00627906799662541,-0.0189403470230794,-0.00344099335631776,-0.0764608837905508,0.0126617179879873,0.0313887257660186,0.235823025070694,0.0318056408197834,-0.141922706423703,-0.00245989391736244,-0.116290856128239,-0.0826621535099414,-0.00543650287128582,0.188710209900884,0.058874375852098,-0.0225761092722144,0.0442060837061243,-0.039399746663632,0.00731192052335806,0.11620318837964,-0.0328775406617795,-0.0509797565405261,-0.0354405764213213,0.00695703901271094,-0.034497733452083,0.0478664924538639,0.0567992454491131,-0.030103418219757,-0.202851425743532,-0.0446712343276315,0.0000964230390534983,0.171938306086965,0.0290747429842537,-0.00674426220501855,0.0318191563570728,0.0203375892575795
"UI10-00075-November-Sunset",-0.0738176676383567,-0.166903573803611,-0.273957704227217,-0.146579365980361,-0.0113148184319361,-0.0655816723392642,-0.196609342990044,-0.125446925500463,-0.111995007371583,-0.136357734140465,-0.0176683217325017,-0.0547923636371006,-0.0640187919312613,-0.077844744689552,-0.117597721117972,-0.144666567718721,-0.00646767274466204,-0.0283721112050909,0.197226635238901,-0.140011893720797,-0.0573384053731093,-0.0770238468148587,0.0555135079097378,-0.0345817263144422,-0.187403595843252,-0.107162458027318,-0.154264279441616,-0.0912079818329206,-0.00158319821119924,-0.114654760420772,-0.147527095199884,-0.0413525790651106,-0.200550500941942,0.0150773274358462,-0.0247293710633239,-0.099491300370666,-0.073786543595146,-0.0868285268454558,-0.024942380908948,-0.20754549056435,0.00849204609735755,0.00944008859205106,-0.0120064217881727,-0.0373440241225328,-0.0337681961000586,-0.151678654550926,-0.189793901416834,0.204362018050069,-0.0371619175695264,-0.0610429368945625,-0.0583614352026355,-0.0418958592480356,-0.0939361880872545,-0.0247822659443356,-0.059470665858552,-0.11426466262637,-0.0964698780442042,-0.00347635645511477,-0.0657497721757199,-0.155574270671389,-0.103628554042045,-0.0512674887506533,-0.0622302463949228,-0.161238629183753,-0.0129647769870559,0.00785988139943188,-0.0677803021693918,-0.0933688605768977,-0.0270052611915899,-0.0985478646090618,-0.0774743821208708,-0.0848266730746155,-0.0722453211786231,-0.0999706182199424,-0.120439793929883,-0.0749175595366664,-0.0532146480259623,-0.0634571851175294,-0.0552983164462075,-0.0615319708745795,-0.0676429338596773,-0.0497368202795391,-0.00385623709579857,0.0240261927879302,-0.00294017264352182,-0.155470284209822,-0.0554459663498745,-0.0581275594313878,-0.112825421062192,-0.0923428081852717,-0.119304208826156,-0.0481249229724299,-0.130610129931091,-0.0563760025039655,-0.0931504509521925,-0.0753792208349831,-0.079674271581349,-0.0769587479239597,-0.0550204894958047,-0.103187053850108
"UI10-00078-Puenktchen",0.0813911814002295,0.125948506892616,0.18377059183973,0.189692022737318,0.183003264411464,0.164001340381264,0.0815803868531779,0.095022122181412,0.159067593905694,0.371064321410781,0.207662962552019,0.249216951750654,0.396761701385341,0.281125156327954,0.196458751198748,0.265661706284258,0.365982180481734,0.171049080398563,-0.666472033089963,0.30685852206623,0.295675212334604,0.18635484775936,0.19521619136703,0.379434300658392,0.174845902081934,0.158534665770571,0.0791835436262683,0.389178541174714,-0.9387663433133,0.19553357685787,0.150637642268403,-0.677479525742996,0.225595249344252,0.423771065032429,0.136553033087592,0.345493726620116,0.172353234119208,0.293640045285831,-0.70677660248726,0.241262736072987,0.166458192150921,0.243889980055423,0.253377000899653,0.2197193861554,0.213280005995026,0.250036900083973,0.523115967561154,-0.663182715886756,0.10529345722579,0.278009810917528,0.228245148230967,0.466413429263048,0.214382694596167,-0.72311970543738,0.417066327843965,0.152388474557477,-0.522918089064596,0.308438858337158,0.160080864611994,0.418179345038061,0.275028062571045,0.565208193184607,0.379006182214076,0.195675882934869,0.137506062302047,0.498956116574097,-0.788180145327266,0.165418721640613,-0.561998885937185,0.0248334945351006,0.242795202257553,0.122897909774178,-0.474910695736965,0.287505066692687,0.131910269234386,0.283943016833437,0.108242062682887,0.226276715576159,0.205908060017623,0.237408884487471,0.29153702201866,0.242569137634927,0.180521853975266,0.142482001807419,0.224784935990211,0.102201247062452,0.209890907623964,-0.902498052302077,0.279295119719893,-0.420648740645711,0.0968493575439652,0.205197971129749,0.154940875910983,0.127200605258053,0.236554291416235,0.26256890624646,-0.514799587155639,0.361514123519123,0.178357810997087,0.307550676875347
"UI10-00079-Rigoletto",0.117359155715448,0.184289485937727,0.193543687976143,-0.0729976351137303,0.0308864158154807,0.333677071765241,0.277923725485352,-0.0791433848993754,0.197712641316747,0.258498866245992,0.199551526337191,0.198003787548791,0.253412000813977,0.226929367084631,0.100893407578555,0.180222145416304,0.174280572068209,0.103148734878076,-0.420250071888472,0.124876923567727,0.244431981120961,0.226779774264772,0.123523307279264,0.153418140993166,0.21761556919061,-0.0682900113012662,0.219784477257384,0.179557286291119,0.119745898382033,0.20495793159641,0.149650250044385,0.228550237118496,0.17274553105713,0.201188997923324,0.158353251540751,-0.0888595628386899,0.145228366565279,-0.272445257441542,0.184927149740075,0.21810344092329,0.263257640709506,0.253896756598144,0.427521528255003,0.150904661315015,0.32696220880317,0.012058321082248,0.159597164433627,0.297719846580539,-0.0280928411857159,-0.145376558955211,0.121893798102907,-0.0826309762888161,0.099336296208546,0.224991394696147,0.130170730340885,0.340824637934737,0.174972257999262,0.236173088691272,0.233988317153259,0.166248065713898,0.240099480814044,0.371593303561703,0.150610530036819,0.182713463803276,0.20770269508793,0.14590988023061,0.189625208508043,0.153083836197546,0.380922423485365,0.249557807681232,0.264367882871493,0.479569579920757,0.28433017590351,0.113903865103685,0.120531290240231,0.191944774273832,0.183837379243974,0.176435606087845,0.18369137232769,0.168355853736876,0.134318902868843,0.206680133438538,0.172127276950066,0.274870934543287,-0.125654855168022,0.246472793281122,0.289496139773127,0.292287915806624,0.00961571047215281,0.224791920710352,-0.0524685734289546,0.153928640524169,0.137315626792537,-0.349474488576135,0.202348460387282,0.356256908248082,0.2037617042051,0.199618537755828,0.274036560243881,0.232521051634483
"UI10-00080-Roland",-0.241694290608882,-0.0864071240620849,-0.0883004442976871,0.0400533310740483,-0.0961561457936843,0.0776710006736776,-0.0253816084980612,-0.0409031213226709,0.0653255705173242,-0.162744216300908,0.200533296171504,-0.18924001531046,-0.0673948606913274,-0.0576788565900153,-0.00648370456339596,-0.251992808182596,-0.286797479119232,-0.0587995421025392,-0.038935948723101,-0.216497216482368,-0.0567662408052505,-0.29284362582652,-0.140944501819447,-0.0306062876590217,-0.0690634507516249,0.0859277747898038,-0.192497217184277,-0.275736116541104,-0.0568258867970447,-0.00759772728848292,0.0832247367666663,-0.0776036964995604,0.0865663167921635,-0.0192572349075386,0.0546094547389175,-0.0806733178432137,-0.100307007811942,-0.148385752320986,-0.103204407534109,0.040814067010453,-0.0293661483738127,-0.0884459553279171,-0.021106553402322,-0.0161794312193152,-0.0553747555928361,-0.0839662685213352,0.0340359421240473,-0.00546331084408037,0.00909461510761483,0.0787487463109794,0.0909028811634359,-0.0031249055965652,-0.183482164208866,-0.0468043754600755,-0.156789947862973,0.0295602946499008,-0.0957494994401468,-0.0323761985485441,-0.097524793885984,-0.211092894858595,-0.181350129572504,-0.0699169209736172,0.133786244293782,0.041173462271267,-0.0360465967484694,-0.268378354148406,0.0898311062606938,-0.0387439580070011,-0.0850586460057868,-0.206608935408731,-0.0953532119524839,-0.39088846067538,-0.27509761238466,-0.152118068076609,-0.19065368139879,-0.0613064535766996,0.000631511902195653,-0.0406100173726251,-0.0791638269765872,0.0588201358689142,-0.174444353711765,-0.34254999380109,-0.107519303272687,-0.0875990002112043,-0.0538966009111421,-0.0641327389776288,-0.166170822710544,-0.173171962831286,-0.0583132688926619,0.019211343764921,-0.209534661040395,0.0938565747307519,0.0864594023496212,-0.0466729553313604,-0.181114864389708,-0.0335523741941315,0.109556139355534,-0.0836698222023804,-0.0766619007906125,0.0019945211345884
"UI10-00081-Roter-Pfeil",0.211165365088383,0.287999767197743,0.271657182930003,0.337415273670477,0.304917623408032,0.230845935503115,0.291347597659684,0.171821098007872,0.119660861149434,0.256751985469217,0.336914111817692,0.195852653367144,0.242525693728424,-0.00348096181401378,0.158961278388057,0.265111709747702,0.316270703421655,0.232336072022425,0.269521165998192,0.317419907771919,0.220779932938304,0.269865338562504,0.253041797136101,0.182014089500845,0.207512227814062,0.181064095154743,0.351952692496189,0.246759439126705,0.228058701104113,0.286503449511566,0.275206515605108,0.20589468238434,0.257582454418202,0.342744965799904,0.300560472415612,0.160503790616182,0.148099583287504,0.225544489074631,0.219556400696291,0.249613209706405,0.218434884447953,0.459667421977214,0.345745253500237,0.245373400918168,0.180624957546229,0.271234691103577,0.205264030020798,0.205641121370455,0.419869175262819,0.268432137740623,0.394135070842396,0.334174453488061,0.332691535599129,0.218363315000589,0.33030246214124,0.177437183157351,0.220230021337576,0.250122684827513,0.218961750222964,0.290112687745595,0.146550936822216,0.354180717267265,0.24206139043355,0.139444755466548,0.20872159896092,0.262148283679193,0.354005318960519,0.132101445298466,0.152723811553681,0.194052563796284,0.194367849725485,0.201582999446185,0.161229273856627,0.316720394244676,0.182224960297207,0.258408995479013,0.19263736605475,0.264942582479436,0.349041649241102,0.197448129688959,0.293312231277063,0.259371818501268,0.289501813819698,0.277529774976172,0.221771014030249,0.33817917005717,0.316012525275832,0.278907867374291,0.263455313630398,0.371173870029938,0.166740345479378,0.236603751278339,0.26585419363626,0.29211530303245,0.266465120041462,0.258507876001047,0.115013589536701,0.160404179384744,0.226273854336616,0.217140104439259
"UI10-00082-Rotsilber",0.0120768823072411,-0.0355641062919469,-0.00564373996757606,-0.0575578337557739,-0.06825502928171,-0.122152608210438,-0.0524594989870972,0.00633092830005505,-0.0582011146220572,0.0284380179557834,-0.120694705174441,-0.150900782909509,-0.0439530232611208,-0.0825026031714811,-0.031460029900495,-0.0515705948304116,-0.0731557482930485,-0.0168421701901732,-0.033896954694633,-0.0486656665789221,-0.0708628436494691,-0.0893793021166975,-0.165022453160505,-0.0637550567692242,-0.0566834958354027,-0.0207290488223337,-0.0841844290988922,0.0326616217144806,-0.0204772374578684,0.0153814238212911,-0.0839406636468231,-0.0425698143859532,-0.03705972344001,-0.156853307425947,-0.123790027789458,0.0215641398041531,0.0458403428086739,-0.0175233703678083,-0.0633681550577116,-0.0249703616979546,-0.0832668468381693,-0.0418197223498485,0.0154389873749103,-0.0851659387761524,-0.00296831590369212,-0.105591580648804,-0.0250913134149012,0.0314254099034661,-0.0681518862894953,-0.00907243276327784,-0.0862687674862709,-0.0190671810873221,-0.048605586718133,-0.0741118253252442,-0.047054358062207,-0.0629947106584338,-0.0360042618060862,-0.0649049647194263,0.0351496210930717,-0.0751073827986733,-0.108719527372849,-0.0384664516188473,-0.0150959516763774,-0.0374121345002561,-0.0599001265194577,-0.0578209497080664,-0.0656078535869795,-0.080889142308752,-0.038453160961795,-0.0207554597664874,-0.0248749705710537,0.0300538362833628,0.0168700504553383,-0.0401432141925626,-0.0238351320318457,-0.108526815262344,-0.0988123740457512,-0.0323331475538752,-0.081379381231199,-0.0624758246608447,-0.0560817972183325,-0.0210504303769456,-0.135527868032443,-0.0837359615506065,-0.0619427856537763,0.0309440994433465,0.11572519800809,0.0132057856808344,-0.05684626287277,-0.116078341108792,-0.0543020797571138,-0.00585245090842098,-0.123219384302837,-0.0124138071088581,-0.041762352243439,-0.0789265674071564,-0.0232065222781585,-0.0915071275457331,-0.0552098851896823,-0.0581462679603992
"UI10-00083-Sarabande",-0.79142581964516,-0.511117683219719,-0.572781436394724,-0.385740862016868,-0.277662139994283,-0.385075211208711,-0.431725452589272,-0.371960628088734,-0.39143638651731,-0.375596937851422,-0.305780773289229,-0.387366067654738,-0.369003328633972,-0.306701257694157,-0.355517169141835,-0.244879063957386,-0.317286361285303,-0.517365789316944,-0.352544734134675,-0.559156369245069,-0.502380918521972,-0.330167169533515,-0.434804488829508,-0.651887660115033,-0.367281897707382,-0.295984250512761,-0.317913508532095,-0.350202607451514,-0.360820476969522,-0.360785595152244,-0.351885961438239,-0.238263556100321,-0.236936505600331,-0.353050604886031,-0.358243508982996,-0.413840236812598,-0.365880983579889,-0.31822243410167,-0.219991544490148,-0.428325790156267,-0.346747735454013,-0.384145610239875,-0.674667669696267,-0.332807504762894,-0.368043456931998,-0.281831260078024,-0.252640601121294,0.13197277082258,-0.269490718604253,-0.344488960250362,-0.378245820031532,-0.337415445288572,-0.370794448058733,-0.329931999116272,-0.392337571979927,-0.332101460788188,-0.285758974579151,-0.317674579219864,-0.287955678161038,-0.392130626940052,-0.52382252957373,-0.366116243940491,-0.337544684932479,-0.408633247853387,-0.38342669587594,-0.351842706683661,-0.378570002486762,-0.0912285036366449,-0.428809177356724,-0.344467404068072,-0.431708663344836,-0.393300895548909,-0.397978018883134,-0.627450212400536,0.123232590435207,-0.268523995714471,-0.304242919284872,-0.345445192395144,-0.650566272794239,-0.256941481969016,-0.363285139694414,-0.378279933817601,-0.331358546394198,-0.357681488184302,-0.401413931808024,-0.29708390008936,-0.359232925165726,-0.0411482700704759,-0.345032198297029,-0.351479281098085,-0.346086981667274,-0.436663288455797,-0.429284008996805,-0.695824755203058,-0.541706685468398,-0.418046836732535,-0.492717528277596,-0.692004980630093,-0.279754926496162,-0.405341596473099
"UI10-00084-Silberfeder",-0.272934866876238,-0.322927839457458,-0.225499871987929,-0.0958595064188889,0.0240283473935881,-0.308156767341143,-0.491079007008193,-0.0987624866747419,-0.321516021886056,-0.249035769482001,-0.305971861738442,-0.24013480309517,-0.399215294571151,-0.308163344790056,-0.324258965165051,-0.143215208454493,-0.212878717358235,-0.318152775459065,-0.445656641341049,-0.365060444857861,-0.247027532921561,-0.250131799758631,-0.276828224087205,-0.417046729798951,-0.332369848889903,-0.0998120252745712,-0.288082560172314,-0.275071663744743,-0.305697890281342,-0.281634159002522,-0.146682006176877,-0.338112874481125,-0.309794031704587,-0.432626495884442,-0.201166995943167,-0.115929039651934,-0.29592146028529,-0.282823093788137,-0.51257147176227,-0.361227538966785,-0.266429695988021,-0.333556622198487,-0.234322040748631,-0.231862289479513,-0.300281311361978,-0.0111530318574814,-0.318125040135601,-0.189863603506045,-0.0470171759002136,-0.165110662033898,-0.276615454903558,-0.0964141119738759,-0.146974706226499,-0.252913545469513,-0.272108728871928,-0.261091219640456,-0.391020664014911,-0.290074756696247,-0.232757990113584,-0.232605439272691,-0.349894831996097,-0.392275921045034,-0.229284724840056,-0.61656545712665,-0.22811648099262,-0.220694074644724,-0.201249131473523,-0.285052274904113,-0.658701948795216,-0.344064299204739,-0.232690570366877,-0.303593980816507,-0.37551223065763,-0.528066205846525,-0.258289068004318,-0.3461552705521,-0.218550857092912,-0.224444002956868,-0.278902946786577,-0.248991412675279,-0.372842780193808,-0.416713458362024,-0.191272784137937,-0.278070309391947,-0.146275170994944,-0.315459852121614,-0.295317540111619,-0.279515953715342,-0.0105081649663966,-0.222950061841673,-0.075574171874137,-0.334491518517999,-0.239550338514571,-0.375092601560124,-0.247268613023693,-0.323431702555795,-0.244927058164732,-0.219387065724716,-0.221645314800824,-0.197009641851318
"UI10-00085-Silberfeder",-0.120189196760336,0.0744082235945082,0.0252100466315823,-0.113981316221806,-0.0302132867774588,0.133658609857144,-0.0701512994809592,0.0215091542553086,0.147557260954522,0.113239321276791,0.110396141388266,-0.0830462907643688,0.12912036145315,0.153547291284417,0.0854149665452348,-0.172344955372517,0.337622696481836,0.0102284827135408,-0.198838674500144,0.199436704717247,0.107088257559072,0.0651078042986878,0.312462528595335,0.175401558551101,0.0136660981814035,0.264144779266719,0.265402498019734,-0.0642428087265839,0.0136212188253611,0.0802624832730624,-0.0875757311645825,0.0292172133111132,0.0691305442042595,-0.103869955905189,0.42997213789122,0.0724873995049293,0.0680790062861646,0.174352889518761,-0.12718065898308,0.0791052402880411,0.0979629132661573,0.0537840741513734,-0.274815807743819,0.288564767986067,0.0246638208962537,0.109095256255137,0.0137852973827679,0.079907117385037,-0.00131610483538988,0.0133201642216214,-0.0111321329700889,0.00975545999800993,0.0411008366677371,0.189466389300081,0.274871597544303,0.0961128257910616,0.122463415012568,0.124821901521559,0.114808289352191,0.238064692191709,0.0883682616719996,-0.0439801553216068,0.0196963129818738,0.102701245365105,0.288396390381096,0.139683759203123,0.0383659235776312,-0.0376847589488423,-0.115722520326345,0.135599371906841,0.206241207052543,0.131171552352211,0.321647680488176,-0.108218229277528,0.049151525574597,0.0251297130149636,-0.00268176893067831,0.033614763997417,-0.0218204924237736,0.0500099974786884,0.0321478311100845,0.142138747137712,0.0168815339834339,0.273472718610544,0.0555737300233898,0.0837227231046229,-0.11215712650731,-0.0432180935666855,0.0365572912258553,-0.0103507058600124,0.0161596075118289,0.0725817208459155,0.104060425904495,-0.00682183147434834,0.0564891767491682,0.0916589091868601,0.154951032224395,-0.136602205248293,0.305524834518344,0.0453480651198923
"UI10-00086-Silberfeil",-0.151132646686853,-0.132368521095981,-0.124349667339321,-0.192374775647704,-0.265778544896235,-0.281905500296024,-0.476423361231039,-0.200765301520295,-0.175368903577115,-0.177631820585789,-0.0824083174128085,-0.109206980454472,-0.092912444891329,-0.0874014782030717,-0.164544217014087,-0.213565670946597,-0.13815377638756,0.0783186426320538,-0.42941453021677,-0.140491908672865,-0.194117469876104,-0.204393445918877,-0.10856000264691,-0.394477256454253,-0.31316049642117,-0.0805650103909676,-0.242378400445733,-0.204961562389056,-0.20782117957365,-0.14000061431641,-0.225584893023967,-0.155293542244366,-0.109301547214281,-0.117630412564266,-0.21172931752349,-0.202977866514024,-0.223963668379256,-0.265900124792086,-0.495874078217757,-0.121312684576074,-0.0953351289877511,-0.133493092693913,-0.127604352882829,-0.0918015193370883,-0.153136493967407,-0.222601088473091,-0.138234376583733,-0.251328269268065,-0.196898460231974,-0.167236525956292,-0.220319318342306,-0.320296753523096,-0.2211209347861,-0.191075526868331,-0.0244455149030751,-0.163457060982182,-0.203281224449945,-0.275018394502903,-0.230410532895642,-0.0600593870160179,-0.139517561055264,-0.167032675594344,-0.235137682799468,-0.58562695836573,0.170367140862353,-0.245387216763244,-0.185375029035355,-0.245906908389665,-0.635862213199651,-0.156651617270319,-0.217723769790874,-0.206380497187178,-0.138322078598808,-0.524221666946353,-0.155801050294542,-0.210994837986752,-0.209097938823503,-0.265718525143575,-0.112239605614075,-0.202750592000048,-0.237318320895632,-0.173259271284315,-0.0507736020803979,-0.17629848315425,-0.144897016898371,-0.19030465695341,-0.142964958968123,-0.202522850436169,-0.177574433968366,-0.164972724003576,-0.0695929976978698,-0.239783503599046,-0.113172543278761,-0.366392587861707,-0.241135940712153,-0.211970650954835,-0.168840487156588,-0.225698837515223,-0.162876454740075,-0.223780728935072
"UI10-00087-Silberspinne",-0.0111701664930116,-0.0556146854268813,-0.0273752144397707,0.0384494405679261,0.0680410446011447,-0.210019278644186,-0.0444512609758923,0.0693483557147682,0.149693294887748,-0.152854624913549,0.011767579061822,0.0327110660174532,-0.075299187164779,0.00395517625999058,-0.0291853578075087,-0.377405953508027,0.42544698512959,0.0155043998252357,-0.335522115603143,-0.272005794369713,-0.166380280395071,-0.0178226604652117,-0.128263756477665,0.0274702293623497,-0.104644066519207,-0.0197456379984753,0.0993674851243549,0.0144438449829156,0.122127667904273,0.132367849257779,0.103224711415401,0.056765427818199,0.047811887676535,0.0669859418019531,0.107555057965163,0.0362664901982308,-0.0337048697771705,-0.0247936298506589,0.0263524786401283,-0.0724093039954379,-0.0203795497964592,0.0847498733614401,-0.0561320423116841,0.0566789886826254,0.00253647123760866,0.0355359306485264,0.0346556049425112,0.0368308087644874,0.0187827174005261,-0.0279579258985571,-0.306445326658777,0.180833153535934,-0.318490295103089,-0.14055939126677,0.0848114919845452,-0.317324842913572,-0.0304683538687404,-0.0428325237316626,-0.10169841587294,-0.328918601929216,-0.0685935737028662,-0.104342119457937,-0.120015904464961,0.0630782640811789,-0.432770599004633,0.156347036425166,-0.0917295699461686,-0.0179708848134883,-0.06473816035319,0.0479242541515002,-0.227608133423286,0.0225419619224189,0.0150707017044972,0.0190599812217996,0.0660696857263825,-0.0458882662769449,-0.0481957111637556,0.0104179252170205,0.0128977673118807,0.0383682496531929,-0.0230399642726463,-0.00281691069344393,0.0519746296735839,-0.111961416847263,0.0504808912312968,0.11231257277467,-0.0923104426270917,0.0760027574166563,0.0446732230572973,-0.233964808557099,-0.0586240787358118,0.00406935087309477,-0.0814381911371219,0.282080043262616,-0.0386243681171355,-0.539866797685926,0.220823985415623,-0.385634030653087,-0.28123883181525,-0.296630757278116
"UI10-00088-Silberturm",-0.474614019756908,-0.629180886262757,-0.496049264657645,-0.552769257588116,-0.462054233011061,-0.527894543578066,-0.467396181883395,-0.559923397880152,-0.523289716896372,-0.437800380865348,-0.453877602423434,-0.684002144108809,-0.0709834542720266,-0.433432993583728,-0.66127312655641,-0.157175273530203,-0.546843413771648,-0.516060024040646,-0.440729113450097,-0.403895064742388,-0.4340348624219,-0.662003338337664,-0.545162132120043,-0.599322931539892,-0.549156075229069,-0.621050218845044,-0.34658738964874,-0.502401328254789,-0.442982762689786,-0.365907277105593,-0.611028311051306,-0.427631200547163,-0.555203450777927,-0.478871594847833,-0.560760212727336,-0.433851891346984,-0.132076337707131,-0.531365394029937,-0.552168104101225,-0.621337929594813,-0.479639959790133,-0.506729814083332,-0.704433795676434,-0.491990166149737,-0.450028344495891,-0.58210356023622,-0.712503985800809,-0.643921100367385,-0.497475012513035,-0.545654176818989,-0.525172216157092,-0.709936891096636,-0.0899698000647797,-0.562312640439674,-0.646452610434294,-0.175160009078129,-0.460711283406846,-0.40978460887775,-0.51185921456534,-0.525023253680027,-0.473001913202963,-0.4952168633959,-0.165114106311656,-0.436813265017908,-0.582872155842722,-0.454319494906097,-0.53748050247265,-0.452770198728995,-0.622525244004,-0.318860819509117,-0.480652708142456,-0.118994668209456,-0.502383391827782,-0.163164046672013,-0.519326484153694,-0.562305945191625,-0.610969640169676,-0.543230034643707,-0.139414285315104,-0.539590610558378,-0.513552168295692,-0.714274770432569,-0.455360829092993,-0.489329981277491,-0.491894063295975,-0.645397830735267,-0.469577017182364,-0.472525735628397,-0.478538240412493,-0.491578738409081,-0.149319462259774,-0.457199152838796,-0.516227537053816,-0.549586304733755,-0.465351175184219,-0.501937669368445,-0.550778621650695,-0.449478364556812,-0.107911136128866,-0.517775459466438
"UI10-00089-Sirene",-0.122196813628241,-0.0818617085279913,-0.26466699220526,-0.316832717000349,-0.222305663057181,-0.148280721271089,-0.189011453614052,-0.215888721008916,-0.147619681257022,-0.233892242366489,-0.0977265453094111,-0.281278812800948,-0.259102724949505,0.0112793089586775,-0.0380967439531972,-0.219393264612733,-0.136174053011471,-0.160662424735158,-0.0479912789925291,-0.174218673262696,-0.188726537673336,-0.0783791264731562,-0.202549400010884,-0.0906764022889694,-0.0966803564547413,-0.172060808017175,-0.0606087290959172,-0.140746482392536,-0.112428371405203,-0.128502666938854,-0.0815413867908794,0.21764093210971,-0.139110678507475,-0.244868121911969,-0.161320961296962,-0.127266721469063,-0.109830268237176,-0.156662618922517,-0.15428492853891,-0.0594742873670982,-0.222005164051487,-0.258600465891796,-0.128273830409658,-0.0545620267122439,-0.143051916425794,-0.225694322692559,-0.189314742706468,0.227899858250901,-0.232080956817437,-0.0568736144736837,-0.0795789561442905,-0.191636872334802,-0.13324864832695,0.241713796864556,-0.0226228426309917,-0.121347010990615,-0.126100796180311,-0.145994108623316,-0.230413579432148,-0.0213791931595169,0.171805596626166,-0.11320414388287,-0.11707075312917,-0.0340451391010388,-0.166969641073651,-0.123161929697237,-0.151355988638141,-0.0780647036447093,-0.127791430022854,-0.111452269762059,-0.100755375928514,-0.0927079971197284,-0.133808699924322,-0.199688094583283,-0.208594273165591,-0.267279634297338,-0.031147678230484,-0.0748151087404206,-0.286485882729901,-0.0756720049556916,-0.0506918835757665,-0.156594210926912,-0.107512328748162,-0.0439177803940475,-0.227235739375516,-0.141662278139686,-0.11262491972345,-0.128485668940672,-0.150836264625627,-0.126947483984864,-0.130705129212887,-0.201574196496376,-0.111628191019786,-0.15682771113551,-0.138218469110815,-0.0983958108539126,-0.115987788238716,-0.0965856357931295,-0.148469007358117,-0.0579814837291942
"UI10-00090-Stardust",-0.405846935916163,-0.571443462739263,-0.908772925112341,-0.407808144352626,-0.46495000768651,-0.398343877802785,0.0409459965422872,-0.420320270161719,-0.481682347691007,-0.473519770756744,-0.430329494432764,-0.466557277683502,-0.505068955784452,-0.497548308931225,-0.477242506757155,-1.01474708465901,-0.340708551892262,-0.47289209255005,-0.472404454230724,-0.433524289432864,-0.432838707200019,-0.453498069930653,-0.495375875273205,-0.447651332148364,-0.216575850141181,-0.397322775705816,-0.195555868767595,-0.403356895049868,-0.709352725712829,-0.451275364037161,-0.607424157212001,-0.479156042762367,-0.270227341000957,-0.225477697126186,-0.882676635384564,-0.316430660476492,-1.19850394381962,-0.442774303326609,-0.458153770164061,-0.534403011215425,-0.120222103462571,-0.437914802492808,-0.448995457028514,-0.461489988061285,-0.479282582370618,-0.438940399080189,-0.974857818452875,-0.484475326525025,-0.456704162034236,-0.954776429418816,-0.459586818332254,-0.87166256584191,-0.601783819015318,-0.43151768588498,-0.423970931716643,-0.477113723801981,-0.392823793595033,-0.455932369570555,-0.521538905808958,-0.491903670351241,-0.811830118108127,-0.515182493966928,-0.436476122744525,-0.995484695646191,-0.967215657008916,-0.427323497702758,-0.455792815660699,-0.45696506561404,-0.546155983191689,-0.564446276466338,-0.432407321890131,-0.321261957770982,-0.394489842579573,-0.385422460565828,-0.413687778860029,-0.585810223163705,-0.515803470194141,-0.520601900667346,-0.471918298647268,-0.479035783419347,-0.548819964095373,-0.344656859379858,-0.393704128117517,-0.443877374852798,-0.362303275467041,-0.33649494342276,-0.516343451150328,-0.661637852670307,-0.51197211004686,-0.48209472699695,-0.421559693889059,-0.486368879016305,-0.458117663238772,-0.444881237318288,-0.230733439015756,-0.435142255645206,-0.452028446654084,-0.454575071486479,-0.502893411788686,-0.534555642039795
"UI10-00092-Strictus",-0.277792621908691,-0.154275391328891,-0.461863011713661,-0.262289741448497,-0.251684307135655,-0.10163954152053,-0.0624014062470631,-0.14997282796967,-0.408304005647576,0.00236771231715918,-0.362042686935623,-0.135128485374484,-0.231447636683346,-0.230583715360577,-0.456891348708302,-0.142620316255933,-0.214258662540719,-0.126456147099657,-0.277927433722786,0.00666906755174831,-0.343740677029937,-0.293255308353556,-0.263748308431247,-0.379916612430737,-0.173259607111378,-0.202328270402471,-0.17716251566741,-0.376574425363246,-0.231417965195642,-0.110436629936046,-0.257857093874003,-0.251800914628097,-0.199929236514225,-0.200502072936063,-0.412023129247438,-0.300542301628542,-0.268514171255749,-0.266608512423463,-0.173565725309758,-0.231345755684029,-0.286011572942546,-0.372554251111668,-0.193155150888368,-0.208488861166089,-0.122052636395334,-0.472324835289707,0.29345781218816,-0.151117901281248,-0.363380139185606,-0.310925654194413,-0.23614642281775,-0.233650535498208,-0.199650906162704,0.117844638100589,-0.0799339744667168,-0.452762114154697,-0.226705223739524,-0.07188805640594,-0.377466149570845,-0.0293505558770429,-0.278625949459049,-0.409159450435803,-0.429536429919109,-0.241939052460546,-0.297556460552217,-0.276860728035291,-0.199068390565096,-0.29281736555291,-0.222770322886473,-0.208787963331413,-0.266326633418867,-0.0582584534923433,-0.09094207892984,-0.29896488810808,-0.384209897796869,-0.154386876731762,-0.43257596429995,0.0168948615120757,-0.398946982189514,-0.19132851320875,-0.0167283810254274,-0.219740417024334,-0.16819781543644,-0.0904468574216768,-0.174382788203818,-0.194109302996128,-0.1833341061855,-0.46874867518999,-0.0861703924300354,-0.31239767840539,-0.145466269457415,-0.398585585970728,-0.295256127038954,-0.314126336398856,-0.267145618829812,-0.413258427370221,-0.252908047568296,-0.124839885475227,-0.216877013708916,-0.276325123538175
"UI10-00094-Super-Stripe",-0.157116808804967,-0.0580641894009233,-0.22496570379811,-0.0105192790021777,-0.352878660177405,-0.153308137127113,-0.131766845454377,-0.026353436639357,-0.264351152002888,-0.186752447264519,-0.144217967751254,-0.462510640232861,-0.216238041924627,-0.25834155137444,-0.165315333510635,-0.174955805807507,-0.0965835287838678,-0.192118482723847,-0.210962859370057,-0.0478773154246161,-0.213405047406159,-0.236061552275132,-0.172882609966291,-0.294450499406662,-0.192570903251514,-0.166453881993576,-0.181452509193276,-0.071301100108213,-0.250623713952086,-0.217874490460724,-0.1636092804819,-0.226069988412405,-0.0655826834839732,-0.220446522554933,-0.16984798844512,-0.189941794162841,-0.137975137107706,-0.144231250019813,-0.328867677978548,-0.12961423232622,-0.0637249555752593,-0.18665982962798,-0.101835838119156,-0.162516245128135,-0.570062040306287,-0.181863662490847,-0.173204958483618,-0.208934528410396,-0.421785467472651,-0.265934522261051,-0.115738933069096,-0.279168565810246,-0.211167712654068,-0.0990283710848025,-0.327552376810482,-0.216891911958114,-0.279970051762712,-0.200371077814973,-0.161260921328429,-0.245212282936969,-0.242188603262191,-0.198928919176726,-0.191721474674587,-0.213095684009425,-0.281644004599408,-0.202031814353013,-0.129454449463387,-0.229306819302873,-0.0883295765699526,-0.0696087502716703,-0.127699128025838,-0.165228248653261,-0.0331022360453782,-0.145993064361396,-0.157922242882521,-0.094579327851333,-0.301200190301764,-0.0449387241797231,-0.229821977196505,-0.219765496615222,-0.100021910767952,-0.0451554073751586,-0.085517197573882,-0.154835415259283,-0.269055593942726,-0.200715319443291,-0.031889134500542,-0.208531285783758,-0.169366967745994,-0.271442562692601,-0.456369330908359,-0.0840179773811397,-0.190529654424477,-0.310231893782847,-0.187195030425158,-0.204602069900636,-0.18895936513347,-0.249760117931575,-0.238607544929558,-0.463155115357939
"UI10-00096-Undine",0.0359717883767062,0.268454670980078,0.162805999267855,-0.0972283031583831,0.140596546872857,0.189269390552879,0.0281929851570434,0.04396179533564,0.126236837795491,0.0606342545011952,0.0570862673900635,-0.0224369082916585,0.160612459881673,0.196546778460687,0.0966369826270962,0.0748677078878066,0.16137036400128,0.119494050812371,0.0651229818137236,0.125366713018353,0.175162067780599,0.0949893928350823,0.124749685036671,0.0331369844281479,0.026254960430858,0.183807114664793,0.115728352380347,0.179441636019424,0.124493989413691,-0.0165295511987034,0.21462189935695,0.0667472720386995,0.152317203263927,0.0370013653054229,0.195423985165253,0.191740893822029,-0.0254363914931397,0.160128293189925,0.204305055949215,0.401552649744084,0.208102082348866,0.14432063182323,0.121510847939894,0.164243678560254,0.190172686909518,0.180544200387313,0.356994938695867,0.202932039385609,0.215405018691635,-0.0461217828327164,0.272222994239675,0.377639115074746,0.274540658367653,0.213515767000557,0.132778933760073,0.137601725981008,0.219505960939315,-0.115973039030821,0.200720731097032,0.219445699683084,0.234494125239345,0.146735769280292,0.0717210743353617,0.14727972964888,0.105221514518736,0.0114001488859572,0.176517339891919,0.0353108446706282,-0.146467667692682,0.0673306276838828,0.252728840970363,-0.109430521915889,0.152497658655737,0.105835874401678,0.0306367016887378,0.0949881620870882,0.19208605400628,-0.00161325368091155,0.129692941504436,0.19213484337169,0.201002643154066,0.0729072929816831,0.0281912541009587,0.0429594546114978,-0.0245761831374279,0.153174738722586,0.293168018504345,0.210504781196548,0.160252263235723,0.171134096183749,0.109348230287221,0.268873704581778,0.13821321827148,0.127691898379039,0.100305995471029,0.187051429263071,0.178393537838033,0.112521704617942,0.122372840279699,0.143947474744107
"UI10-00097-Variegatus",-0.119648135453849,0.120429741773228,0.115576699372296,-0.0465806358091215,0.0675121299069761,0.044923099654482,0.0145780402032139,-0.0377354487954906,0.0993368083071041,0.0716755102380047,0.0579578074155218,0.0538871591608687,0.280844552989745,0.0365496599326462,0.21230811841153,-0.150473439400326,-0.166893816752349,0.15584662436812,-0.383711172001109,0.104398349701989,0.0857565406651909,0.0471702725068439,-0.0728690605629177,-0.380680340056495,0.0961770168156821,0.0651332894713886,0.0489506040528183,0.0309472689508494,0.0173944784902897,0.00388475561321694,-0.18146910071058,0.0318475519185761,-0.054783674037251,0.0573656597916118,0.0497372135192111,0.17228616246294,-0.242496230043962,0.0343505478762501,0.168009046300855,0.0803488224675535,0.0147341261183864,0.0423362207741145,0.0152343246460779,0.0438574763177912,-0.0401088814373057,-0.146403238843923,0.187693927589365,0.348134272577023,0.182674045365108,0.109456941389475,0.0490897052631312,-0.0181343002842415,0.0959537657683536,0.105018383783441,0.107793779718105,0.0374898620877299,0.0232740181764825,0.0922223542622852,0.0229271684743514,0.061437741845492,0.0922320728097264,0.0231419685097595,0.175648372785936,0.102095837400526,0.190682402845084,0.0182075991668929,0.0430624643462915,0.172359730118171,0.177841565858888,0.0454156213222162,-0.0548620881346301,0.52259183666193,0.158905614467426,0.136796893512795,0.0393481040974538,0.0153358899190076,0.185855383587987,-0.212062480180449,-0.105093247122958,0.0939344179659876,0.169432100587384,0.059875885750897,0.0227851623234312,0.0620060634497729,-0.01648773776802,0.100485285573425,0.341890079860024,0.331697399816174,0.204746235898916,0.0522706290070591,0.0327450184706031,0.154815146714815,0.147384162077345,0.109661642573491,0.126516938691925,-0.262514999578884,0.107765850759592,-0.17248681124311,-0.128899456378818,0.0239821703244913
"UI10-00099-Wetterfahne",0.47690979209212,0.256634909366194,0.342627537978661,0.363771861079564,0.386136912897383,0.488568947553984,0.297939732307699,0.399512597652291,0.270795163604264,0.32330080220579,0.396157706799535,0.344357307468647,0.583927910733849,0.32410880151246,0.428958586081856,0.550804637971156,0.385727231003544,0.465574876582521,0.316416289469591,0.408899445536292,0.473757983149716,0.375363122978346,0.237447062653392,0.169529674382109,0.457346727186421,0.317823478143559,0.426437812084551,0.365380999072884,0.388643629742011,0.275521459619054,0.315164703771664,0.316017142046035,0.393660388891994,0.437422892915634,0.317334828911133,0.310488677408398,0.346259445194402,0.44489582451423,0.249861060521158,0.35612148609374,0.44431806016981,0.504123758886186,0.416855898878742,0.469577979203271,0.228105034630905,0.372966389025992,0.37180537509783,0.371168156521643,0.436632192034642,0.38809488569377,0.41709680318548,0.264855127744004,0.432676848416128,0.442863265936191,0.475089395570674,0.412533886811383,0.250064681911384,0.508890751643065,0.368488138421679,0.425986243850848,0.454766555834797,0.3197032716824,0.475287463606203,0.320277024659418,0.35967251313802,0.208254627799455,0.455586123306258,0.413886686961018,0.437059798025229,0.385931706002525,0.43184940641529,0.779364549783565,0.359829541891876,0.515805950345563,0.400979308981367,0.475604785939534,0.336014400713756,0.337138925767636,0.465678819347287,0.381079196672167,0.511886006728491,0.437831988321418,0.250244463316021,0.467207261333116,0.433076142014057,0.293471479588067,0.324603762795344,0.415390496869453,0.411031503600879,0.462460802869134,0.504098380084089,0.379977943580713,0.293968911161982,0.333351141717427,0.323410546449805,0.474696635151396,0.417107818084282,0.541504104039244,0.426057706370278,0.295930822284192
"UI10-00101-Yaku-Jima-Dwarf",-1.47999692478482,-1.75164441222993,-1.57963991064592,-1.62742437655095,-1.15347182892487,-1.53478091629167,-1.7099465470656,-1.56529977455511,-1.5922664531048,-1.32861868916631,-1.66536101738042,-1.64471232055255,-1.93674562127907,-1.34305915391805,-1.61906418210813,-1.69705041289532,-1.1992045461879,-1.55660055456937,-1.78256306742091,-1.24616398890632,-1.27722992212406,-1.20067418072795,-1.41450234021764,-1.38200774903696,-1.61226880600395,-1.6226785217614,-1.58290946604131,-1.86104186635857,-1.07424973227005,-1.35224405009454,-1.60791683367308,-1.39913894777281,-1.56671727421083,-2.10033371175687,-1.38834044612877,-1.3812688171537,-1.78127769931132,-1.33658146247223,-1.31782100400493,-1.54602227871313,-1.83934748783602,-1.62875175547826,-1.69077296091078,-1.27014221637382,-1.06549721229409,-1.42059583468174,-1.9446996268456,-1.59306067813229,-1.82682419101454,-1.23204725122773,-1.54345539057825,-1.52651127595475,-1.31470131002768,-1.58624629672447,-1.64687109702954,-1.45160907089451,-1.68202217936469,-1.20817134127049,-1.6500971661189,-1.68210500575666,-1.74833255624122,-1.93684671549144,-1.14083086731205,-1.4620148151159,-1.21440575399548,-1.52464568169761,-1.87436209398602,-1.58067796417885,-1.60382758704248,-1.60416105349726,-1.23231976538726,-2.00305287894772,-1.14011889939931,-1.36995021100937,-1.61650573858039,-1.551765613456,-1.2434825452262,-1.61296019914133,-1.62643522305804,-1.37277843492473,-1.74763977068873,-1.7670013262295,-1.48321282102455,-1.64233555008026,-1.35687253053844,-1.65601331065692,-1.50203138842691,-1.49828245750494,-1.30452589311983,-1.46246644244037,-1.72152467532342,-1.59522813967129,-1.49991671164651,-1.60798086413341,-1.31024827830411,-1.34270698588614,-1.04271847113758,-1.57117822457514,-1.62802448454242,-1.53720563875281
"UI10-00102-Zebrinus",-0.389255524366181,-0.592002834133862,-0.401540296613493,-0.330354561664959,-0.237367387340615,-0.476274161214731,-0.336863962423748,-0.523051596548126,-0.498879087463982,-0.558959233777862,-0.341222974810985,-0.427913768286396,-0.412138592793013,-0.386840975667567,-0.473347399634584,-0.402120071417097,-0.462934979186998,-0.405998333694855,-0.450150527287636,-0.403164345661977,-0.364916784429187,-0.538190153606424,-0.374122512155516,-0.177105449885484,-0.455886300685918,-0.266511127161271,-0.520480617136811,-0.468921959932557,-0.371529242567614,-0.230856757591041,-0.415638961363843,-0.296837045584133,-0.425334127906693,-0.548326210703777,-0.418978772272497,-0.398878667558254,-0.360084862676062,-0.469103976611736,-0.552227441655249,-0.384822897992939,-0.472319964487043,-0.611978219621986,-0.803272571339276,-0.35568664104743,-0.630021361144918,-0.485153058046528,-0.512270141145899,-0.472724078730329,-0.477884821018715,-0.287404697598243,-0.316428804736174,-0.561604365453606,-0.427569725912816,-0.522422024680769,-0.235402293580851,-0.53013288670537,-0.485143270644002,-0.369724487036207,-0.586790187776333,-0.337639500638367,-0.388508704821966,-0.452902951268916,-0.413925988960657,-0.48383651478958,-0.267142258807441,-0.50971771873385,-0.334875155262333,-0.5890632191233,-0.795828085348746,-0.435376888182299,-0.378232882150329,-0.681473632077207,-0.556226878485902,-0.505292376341933,-0.34385164168996,-0.472637933430839,-0.320929233593195,-0.486196918145201,-0.396552450105855,-0.473482660490306,-0.372961306405013,-0.242886666914066,-0.356213731096231,-0.282329284295828,-0.395504750411835,-0.397253149861693,-0.390666959263417,-0.407584722691716,-0.410355024478551,-0.50331907488678,-0.580688625793494,-0.523898002868314,-0.260522287282513,-0.397595038585298,-0.432995529307119,-0.415560891579262,-0.232991036079584,-0.424236315619048,-0.493467644020962,-0.605997435133233
"UI10-00104-Zwergzebra",-0.00118029638857779,0.0633204306770972,0.0100780751902341,0.0219372256822389,-0.0812160851316082,-0.0558416973733723,-0.0250630532853112,-0.00235498480221553,-0.0495878254023463,-0.0119834649662176,-0.00858389582825581,-0.456618067093667,0.00684708082453178,-0.0769073694161017,-0.00325245426076453,-0.523280730046706,-0.399395376714195,-0.0678461828192852,0.0965008160140907,0.000177587850031396,-0.0251548402845721,-0.0363094106509667,0.027201892585915,-0.0731932058882307,-0.0454910064175445,-0.0868789244452153,0.554835815822911,-0.0354159652088539,-0.0237478896134232,-0.0517921119156941,-0.0180839087544487,-0.0241964909853877,-0.0163798957988322,-0.454273447065125,-0.0400621499629637,-0.0185908222342666,-0.0238689385679504,0.267300340622497,-0.0707854679543279,-0.0815350424766996,-0.0896372511320454,-0.0457749508264009,-0.0184731198260113,-0.0336802183138178,-0.465783005329066,-0.0665563000693533,-0.0992847113193157,-0.423010461705237,-0.0891407251666657,-0.0700483963931237,0.386371600121871,-0.393566132509714,-0.0536062070401805,-0.0772630560880046,-0.0254503623334734,-0.0400894170576185,-0.0103191025533378,-0.0180615884717343,-0.0329636883239102,-0.0109116322294079,-0.0344341103017363,-0.091000749885421,-0.025639990661948,0.467729710384327,-0.00662587903134302,-0.553523738881039,-0.00812558374297701,-0.0641026310804424,-0.0724769516739839,-0.00541905457965331,0.0192884742433939,-0.0445562900095548,-0.49601426566535,-0.0536371752350989,-0.00474097381490157,-0.0525990079033467,0.00177879238261082,-0.0710350055844122,-0.0298182779016774,-0.0240087363059308,-0.0205882525796517,-0.0522051210813964,-0.0590479408435262,0.0061025197276349,0.0565996928443516,-0.0317104825062305,-0.0802524725299336,-0.00474900443805694,-0.0211533859441894,-0.0686872177759626,-0.017954081007735,-0.0569660785769557,-0.406168941298012,-0.0377408743904857,-0.0288389935273496,-0.0392768566629947,-0.063426162358861,-0.0235829180735557,-0.425719197454597,-0.0952523059939715
"UI10-00106-transmorrisonensis",0.318189993746047,0.474852987957366,0.354082341993336,0.509480206621244,0.512299829645655,0.477578354610783,0.414104869838123,0.532958442717837,0.34308103704143,0.435490260050109,0.458661015618298,0.368908006871847,0.421503381470219,0.457601248986393,0.464913148450634,0.532652487695374,0.515556151867791,0.402619611299995,0.32764601918966,0.409548374034314,0.481667356008422,0.432747556493548,0.505771081879606,0.437739032726617,0.518159364897241,0.336835243534388,0.404630285588559,0.416465235848669,0.399564219254647,0.495116514910916,0.460899055696411,0.504229234439091,0.496853686629196,0.550414478894916,0.384595516379767,0.449933901603417,0.329548959473864,0.56293048958375,0.452120044326789,0.413561596332555,0.464667562374761,0.395048544157078,0.354265401689482,0.406327010004371,0.397485053179377,0.406706133219786,0.484283371836859,0.458140539079509,0.367639169956787,0.407411320908381,0.432596437127343,0.438065286096442,0.508361248685228,0.451571052623319,0.450562219557734,0.309344403273559,0.544668927066722,0.475251235514203,0.229756322004556,0.358643580615054,0.408483770474702,0.634618251620715,0.372460363296064,0.349642269821507,0.487907703807752,0.505151672385955,0.395920320645032,0.444339539857662,0.429368197754359,0.48680876990346,0.488123748748622,0.579197268500028,0.415594082046959,0.473625058588988,0.471043720741175,0.401574471478649,0.415091614695206,0.47847930682081,0.408517908911242,0.469930423722223,0.44584066948421,0.537231392908331,0.501433032249834,0.491258363184301,0.38856571211892,0.350405675352757,0.340229098525299,0.435003712088169,0.467308148962875,0.459595755623682,0.561079578185116,0.45622634732273,0.381739721268746,0.449587914785395,0.446243461221181,0.37251470698503,0.478422814859421,0.523056524628458,0.436791461975495,0.416389266871946
"UI11-00009-Positano",0.121014416784617,0.17314198426033,0.155934122888465,0.17580262157601,-0.0608969987736099,0.0966434033369199,0.0924571692282488,0.200991892371456,0.130549022362396,0.285063713368985,0.110708354782001,-0.0232309127929513,0.211037825288351,0.115169513019467,0.103740328292786,-0.0405368576187537,0.145181602406944,0.0605807064643724,0.226250888528497,0.229669224843716,0.156707764794453,0.0205101010346018,0.095871745778607,0.139844615406632,-0.249832826809334,0.185651743159665,0.152376666425282,0.180448172394448,0.0766653786742412,0.168125623973317,0.181945890634968,0.159180113599356,0.13365259491031,0.276882313887278,-0.00157634307570923,0.14437127815243,0.182380631958904,0.152729186481144,0.148203110490733,0.217008257186517,0.072519208162159,0.176163926261378,0.210911600507261,-0.196840406407483,0.26112730711863,0.0507197930580434,0.108637638633576,0.193684583159494,0.138198347611217,0.103595037259205,0.243718475067473,0.281616359935688,0.400156072163713,0.209921690281684,0.109516863163287,0.192387963706909,0.23371105964162,0.109040941997083,0.234229114265178,0.185357284955904,0.198504215903413,0.0756673643137125,0.105138410188137,0.11879590734369,0.25761472852536,0.164607958330115,0.100052540032209,0.2263406632714,-0.0756790221833716,0.0907726063841113,0.060157577879003,0.179512412093357,0.238663164686897,0.273765499761838,0.253051660507058,-0.106600823416436,0.19224124145007,0.0524451564152885,0.212971797572577,0.130907062861296,0.224352667882913,0.270234462847353,0.423707879993469,-0.253194192879319,-0.012237689289209,0.207911228263313,0.179684377918405,0.26705807367489,0.0326977900495324,0.209142923785463,0.217691397107459,0.0282702941140348,0.195053545374699,0.109480690543149,0.135385740019026,0.20259725499197,0.168378140166701,0.0910593306861619,0.370382924815815,0.168666740666945
"UI11-00024-Flamingo",-0.259719396213333,-0.203598682340335,-0.240212382012616,-0.200808045641061,-0.206290602929794,-0.325826029885316,-0.234041927157001,-0.249141906621194,-0.278222765018154,-0.302173643142072,-0.265779933430139,-0.181259510654481,-0.210913880501881,-0.270924720553118,-0.230362358317391,-0.267280036025997,-0.236434542689535,-0.282731989953297,-0.303516843159133,-0.248503443877288,-0.307786995455764,-0.270320805379546,-0.275310735493522,-0.316970834776931,-0.21686384145569,-0.279575961407825,-0.224450200484074,-0.316127327297245,-0.343338228965391,-0.28952006040118,-0.346963012068854,-0.302290353062755,-0.246785060628124,-0.268104505918389,-0.196539098046877,-0.227505343901321,-0.245689633010635,-0.323628958751186,-0.336247928428808,-0.241064509038239,-0.210304010884475,-0.235320807848554,-0.22851579329648,-0.198474578242101,-0.0869997658740989,-0.197789624502591,-0.174037153708203,-0.274001982076749,-0.253695092817748,-0.397759052243938,-0.27000124918969,-0.23951772997408,-0.240524061765492,-0.27405476615617,-0.246297074458631,-0.270762651510601,-0.221191402943718,-0.298490506060657,-0.248441945300606,-0.272497739847898,-0.265009728365903,-0.231157909862456,-0.321592524011369,-0.245464590115592,-0.285210450044133,-0.425881170669855,-0.222668366479415,-0.245199318492239,-0.258832143478229,-0.208173538132958,-0.225342658833157,-0.289746799297558,-0.189043730341622,-0.263323748199718,-0.291201009211691,-0.22636456398402,-0.237720836605223,-0.272449015730782,-0.304352511848564,-0.202884061686783,-0.232937821721648,-0.361767873615713,-0.229513567449818,-0.229473249480019,-0.270574712745519,-0.210405654586634,-0.341909902340489,-0.315897416838536,-0.296195343781082,-0.294101486365397,-0.277211130288312,-0.33108993974258,-0.315161887987874,-0.26098120022762,-0.318708403818737,-0.205385525446415,-0.357755693892937,-0.266629691601962,-0.310426899343944,-0.288921789594461
"UI12-00001-Zwergelefant",0.0811302774382569,0.092320741469655,-0.279107084799942,0.150227631270339,0.121188918113591,-0.282073746492965,0.133777115057901,-0.240649846423696,-0.263289293884054,0.111555793997663,-0.299272158951404,0.0799812061171495,0.185550689408344,0.109608682885396,0.0990729983672529,0.0653823116918896,0.131000931544618,0.0802974709122992,-0.277686558365288,0.0639543353425331,0.0955726514276446,0.138596689568502,-0.298716550184289,0.0864060577265096,-0.186877447979588,0.131238364243793,0.569361050031283,0.197647651959209,-0.203976921708518,0.0978352748261851,0.12498197919761,0.127724691237965,0.0409446056698745,0.192899093772228,0.0936883257900648,0.124723223238291,-0.282006774500259,0.289265320878527,0.151414557230094,0.158522592890715,0.0966852449546976,0.0151928568367686,0.111867882128042,0.152071615520618,0.0918495412756504,0.08811551678207,0.118997476653715,0.0926486928307177,0.110871462098686,0.121132226848952,0.387672414591204,0.0785155085436828,0.128275317276169,0.128446066709293,-0.000653360483419062,0.137686649264529,0.0786285997324489,0.0623894470212533,0.114288370800217,-0.216742445259676,0.110469464200559,0.110654136120663,0.145404289682353,0.478459528234684,0.10941164745396,0.0251526322446609,0.165646358047926,0.117490324504224,0.0763939328369699,0.119613300206814,0.0460404956624698,0.102726137506994,0.116035277632669,-0.267570578299017,0.123102747833198,0.151913293654709,0.0958179951470931,0.123616164563949,0.10173501171486,0.1368484770881,-0.236706106586018,0.139758558756712,-0.243275694180013,-0.209219818383679,0.0675424613944113,0.144230552487971,0.25161206333087,0.141213547898052,0.0657655447598325,0.119543564331358,0.0637601452793129,0.0996232334736085,0.065117127970741,0.107913731133586,0.0704260502950765,0.104265823980741,0.0872210647183342,0.116829613023011,0.0869876623274336,0.15173825613229
"UI12-00002-Malepartus",-0.255565442165771,-0.400144858488304,-0.405374032180264,-0.361909198594912,-0.319485536718782,-0.171535418865977,-0.281339531970044,-0.324769512352138,-0.116198550545467,-0.354367162622048,-0.429525520204526,-0.354269759900577,-0.197172579854118,-0.572141887181979,-0.250179288854628,-0.593384983685279,-0.408190046884545,-0.279262805044168,-0.365687372867825,-0.252272565903141,-0.389186973618043,-0.387917564978191,-0.411737014380785,-0.246950609607379,-0.251072824222305,-0.46871139143711,-0.367159796761479,-0.30424781704742,-0.288308090857866,-0.248540380286188,-0.312203367658296,-0.264497143540012,-0.467644552939684,-0.259640910276204,-0.40073446478302,-0.283381317361488,-0.382582225320492,-0.367645882123796,-0.256286710888284,-0.299822988870203,-0.341635969111812,-0.290608113383911,-0.396953202901316,-0.352148105857727,-0.333191302195277,-0.220550025391875,-0.36178869372307,-0.383170643963879,-0.232164721925034,-0.370419840073625,-0.430086012562717,-0.338829817714787,-0.177952235032175,-0.294038932319896,-0.326895690708753,-0.309063223224368,-0.358668462656941,-0.390823179523482,-0.137284364598782,-0.532656406910374,-0.323327367488272,-0.327258926801887,-0.155536807451031,-0.337371781224847,-0.206913053113336,-0.304633677362793,-0.499160781462031,-0.230388144712362,-0.287233481405228,-0.290082698486476,-0.290780740219401,-0.450323794221783,-0.397607085109165,-0.34776969386935,-0.453607362388725,-0.439054307864575,-0.351667041342,-0.34765191868874,-0.361182901885558,-0.337359599302862,-0.237657221275395,-0.316604995453815,-0.594087349401264,-0.230674009062591,-0.353390989312762,-0.469015535935789,-0.522107435285658,-0.339530172504844,-0.446456620644713,-0.397362164268099,-0.347843564224446,-0.266173912881843,-0.485403370374471,-0.235699656484157,-0.154030784196336,-0.230551763337757,-0.246749547176292,-0.313907071074592,-0.265867317249256,-0.374471774641653
