"","predValues","predValues","predValues","predValues","predValues","predValues","predValues","predValues","predValues","predValues","predValues","predValues","predValues","predValues","predValues","predValues","predValues","predValues","predValues","predValues","predValues","predValues","predValues","predValues","predValues","predValues","predValues","predValues","predValues","predValues","predValues","predValues","predValues","predValues","predValues","predValues","predValues","predValues","predValues","predValues","predValues","predValues","predValues","predValues","predValues","predValues","predValues","predValues","predValues","predValues","predValues","predValues","predValues","predValues","predValues","predValues","predValues","predValues","predValues","predValues","predValues","predValues","predValues","predValues","predValues","predValues","predValues","predValues","predValues","predValues","predValues","predValues","predValues","predValues","predValues","predValues","predValues","predValues","predValues","predValues","predValues","predValues","predValues","predValues","predValues","predValues","predValues","predValues","predValues","predValues","predValues","predValues","predValues","predValues","predValues","predValues","predValues","predValues","predValues","predValues"
"CANE9233-US47-0011",-0.4405278709424,-0.688664553918344,-0.411321380301109,0.000000000640636692315592,-0.0776633577265286,-0.482347118266226,0.0884385341105304,-0.176820646354298,0.121558927233994,0.0804811753303401,-0.768734826766207,0.212322101849956,-0.184559227299085,-0.00000000250925232889721,-0.155598227768738,-0.159472823086535,0.11597900514092,0.0657105474896505,-0.0883897702915614,-0.1179725656188,-0.00000000106126469964355,-0.509299842341732,-0.823718437296072,-0.373596272193249,0.207239806377939,-0.0391636522769986,-0.0585179655159395,0.161089413571532,-0.0422011602501266,-0.186486263219931,-0.00000000133671082911522,-0.00000000353504039485068,-0.299344692653106,-0.021445827958795,0.000000000770962947462345,-0.187785075076968,-0.575365587765523,-0.278216152874696,-0.78285326779902,-0.16293663142207,0.00000000122193561013769,-0.000000000688804103937421,-0.340459581407946,-0.199904826606672,-0.000000000435526621393508,-0.0182622916652202,-0.279783676485877,-0.337323615133487,0.0000000024917146073437,-0.152930817710704,-0.0408563470504152,-0.631757610927274,-0.0844634915624068,0.127297880792758,0.142301341118576,-0.182409504065498,0.00000000121065382014696,0.20999219052301,0.0887892249369522,-0.000000000729864734553819,-0.00000000157848074894656,-0.00000000208690042957227,0.000000000588153234405405,-0.000000000958975558335068,-0.568029513742152,-0.00000000176395707506031,-0.485808090342526,-0.132717341572793,0.00000000132100348706212,-0.000000000279252469668923,-0.143934267822968,-0.222864218699635,-0.720612302846635,-0.338274175710822,-0.0000000028116186820702,-0.0043900745642098,-0.272807229151979,0.251946085294699,0.151742183424575,-0.217985049576975,-0.00000000104162600069458,-0.355074454518998,-0.123087086236733,-0.000000000426676582511698,-0.00000000188212169953242,-0.0693145589635877,0.000000000105914147621679,-0.202370332530978,0.000000000871214290349665,-0.438437604044515,0.0566752720189287,0.0839926221395406,0.00000000242292988051895,0.0762234050285606,0.000000000218646068056761,-0.32671326557529,-0.174016876824944,-0.00000000128812929094986,-0.266341092630474,-0.00000000164463018959346
"DC-2010-001-A",-0.0700941470279087,-0.0411105685880017,-0.139316768764028,-0.402141294908244,-0.0168859258643108,-0.0496030605670702,-0.198450690343996,0.000000000559913830688794,-0.060144773304412,-0.0524500470155591,0.215805753738561,-0.000000000978419534670004,-0.2999825359703,-0.048593062115933,-0.751309092842822,-0.327518163157735,-0.328650564766584,0.000000000328203368556739,-0.00000000117159209837609,-0.000000000378389253099097,-0.00000000149150284351232,-0.066295171341682,-0.153208687069425,-0.10930780208326,-0.122504674939517,-0.06781026799526,-0.0849027937228189,-0.199132081520931,-0.192029010804635,-0.02877743630514,-0.000000000316341947245388,-0.0233272512099477,-0.000000000229072362455118,-0.199763317740876,-0.314588029029067,-0.93033089415414,0.000000000494754556552709,-0.502277793429777,0.0547887475908097,0.0642401720806484,0.212193311542422,0.0000000000241810684430967,-0.668193075863225,-0.580610424766226,-0.0937393848535606,-0.0115097159529917,-0.000000000693208520785547,0.0830483231438423,-0.00376065530154674,-0.381669617228448,-0.593820766200867,-0.528901452129026,-0.00751814260621365,-0.0600740319501936,-0.224309234304982,-0.189209665595291,-0.00000000187545626074972,-0.0769785229749516,-0.69012192022519,-0.121178318808559,-0.466604523977951,-0.461668397992877,-0.0794998049293416,-0.0372948316702771,-0.00000000047585328694552,0.000000000942588708634772,0.119746731852696,0.000000000877486321319808,-0.000000000351805686385442,-0.0387953530830398,-0.0134160787554407,-0.14520760796241,-0.207977602727361,-0.50562833464123,-0.0995918560201078,-0.248634618858319,-0.300289770134867,-0.145177049959547,-0.162868306673193,-0.00000000151082731488454,-0.104978497801118,-0.0634034025017594,-0.0548020478487726,-0.143926857234504,-0.232945300846517,-0.245939886465308,-1.01132366826515,-0.157379646917805,-0.0697394679522771,-0.269599239493774,-0.000000000607209463269364,-0.000000000772804676902471,0.0654099786989929,-1.06497134926961,-0.00000000180041474941267,0.0292047873293593,-0.10636122002783,-0.0556243580409937,-1.01756594488126,0.0000000000150609918345808
"DC-2010-001-E",-0.606006209365804,-0.00000000231832718833261,-0.0866970096234,-0.127648752824976,-0.273071932211087,-0.415625067664936,-0.40874263928112,-0.525910518866192,-0.0963965102118561,-0.283576501155178,-0.418516581706432,-0.491682191934257,-0.00000000150666085198837,-0.481981470759887,-0.000000000735584389360592,-0.00000000139065261878054,-0.282698024595565,-0.313656857353225,-0.484628958227811,-0.00000000103861147139019,-0.00000000117545039773735,-0.00000000195368636263403,-0.0744923407914148,-0.733356253657903,-0.00000000113245033072937,-0.148942090040951,-0.521126995194364,-0.364442254358438,-0.103229708633818,-0.57083425101303,-0.479967900800656,-0.636846070663098,-0.00000000166954543136156,-0.213636802461278,-0.124789037618334,-0.233296450442323,-0.0450153160402188,-0.00000000153685514533959,-0.564829955956061,-0.277764860828046,-0.406192365701127,-0.00000000144708309823543,-0.662782702812715,-0.294119363242425,-0.00000000113749052154191,-0.536775227011291,-0.859485686452937,-0.00000000223748615386867,-0.000000000841031673744258,-0.474745156841087,-0.561272713423459,-0.282752470193206,-0.554085739704672,-0.00000000184798472851563,-0.0000000017402842190342,-0.000000000803045062149945,-0.173997819949717,-0.427072516627195,-0.423804402714061,-0.00000000204095001417121,-0.187747690690822,-0.335662443744022,-0.204726158502757,-0.252049619516256,-0.336751879573979,-0.464232337494978,-0.528498720433095,-0.282651321333418,-0.444857632634695,-0.457870782471232,-0.191891936969143,-0.00000000189517471721997,-0.290710095963697,-0.000000000713564731268098,-0.184629999750776,-0.256320972666979,-0.00000000194484631726756,-0.322601693349649,-0.254249440946515,-0.0000000015254218856644,-0.125986944182024,-0.463174992103518,-0.00000000099184435292235,-0.535464530358584,-0.436788607169815,-0.00000000152374608127681,-0.299767065250739,-0.00000000181179786964135,-0.0744745855968128,-0.0189832036538037,-0.0852998701567392,-0.00000000271687204252384,-0.297139106725095,-0.863291160848116,-0.00000000045375452917926,-0.453498590140151,-0.40565678578592,-0.00000000129376628282897,-0.326264462030735,-0.26730450897744
"KY-2009-001-B20-e",0.000000000264731702636259,-0.0000000000520135298877281,0.000000000323950496995454,0.33726238853114,0.123882751266776,0.000000000192335355958507,-0.000000000971238861348349,0.367130262895962,0.313871622023249,0.0597811986407478,0.144071469876938,-0.00834080802002729,-0.000000000527767168345063,0.159977931645125,0.00000000117871610525034,0.172986447007949,0.123642842665809,0.178829219619598,0.179151290092244,0.304766879076669,0.165398864061524,0.451871449275754,0.347548272127839,0.0602433544029188,0.00000000200751767794266,0.407853359860802,0.184703701222232,0.121594366997702,0.126066609445044,0.000000000809191902821581,-0.000000000494933114046716,0.276251857083544,-0.0437135402800462,0.331059789105593,0.0668941233994424,0.0825992477799502,0.24989707955818,0.179071876033278,0.37928424986376,-0.0557575008855993,0.192861793818465,0.457069980673375,0.0788397671340758,0.0000000022718259651102,0.000000000278009758654962,0.310648191114567,0.000000000304650224234477,0.18230958712107,-0.000000000643238512137388,0.198847035754571,-0.000000000507774226141523,0.235242652439992,0.000000000886574046415184,-0.000000000123935354966617,0.111691383064985,0.20896452628939,0.22521489003775,0.307136525376363,-0.0757703705784048,-0.000000000673945885761005,0.00000000016143842469947,0.264336518863254,0.00000000120794611027844,0.000000000247537758393761,0.268503298740373,0.236817850924109,0.231310451566676,0.000000000277205285326342,0.155202373527615,-0.00591243965721501,0.207137153320692,0.157497630379443,-0.000000000419102611951753,0.161554727098028,-0.0462163031804869,-0.04688896003431,0.112456832019301,0.113839279403085,0.285766950376338,-0.0452352170200705,0.323768785821787,0.432367344490397,0.118275524450034,0.242976903886946,0.000000000739290796811192,0.28153673197438,0.000000000925244531262228,-0.0373378572435567,0.226924910474058,0.166156891270508,0.388904046303085,0.00000000101911470773609,0.313474713848157,0.0436800847786091,0.328904442706156,0.00497780643987403,0.283463109713997,0.000000000200287794488323,-0.060108439555736,0.34101007397827
"KY-2009-001-C",2.0000530006422,2.41480129192786,1.66466978782234,0.00000000380408506700548,2.7474893696111,2.50968419862882,2.04531301111554,1.71548769582374,0.948070860560706,0.00000000372883768399306,2.04145569040374,2.82186503956414,0.00000000441511501405027,0.00000000653850231808079,2.4366035034678,2.10765519893087,2.74741909965054,0.00000000261308330373758,0.0000000037755161114332,2.45959687166318,0.00000000536135062267301,2.76358394668778,0.327891467600879,1.61229221341204,0.00000000191818286013709,1.84880595480976,2.10040481897427,1.5970147149815,0.00000000388261584199146,0.30807723958286,3.58788331659021,1.43257082715297,0.00000000514766211376632,2.46249973483562,0.00000000518551586610011,1.17881095835042,3.5362989232047,0.00000000508047470500274,1.35182494312724,2.06008165194176,0.00000000125922330091657,0.00000000548688712342671,3.46533703652309,3.46765461615567,2.03538149628047,1.64829801338583,3.35077213662534,2.96941332095185,2.45903354639724,0.00000000498359232150968,2.75073834915777,0.00000000424507526607456,3.12670740928752,0.00000000459299520143996,2.12168591877457,2.17420595694099,2.861986942254,2.03988695450974,2.7592110101346,2.05972599100088,0.00000000507778258795474,0.00000000468580980275237,0.00000000510344605203241,0.0000000054378407725776,0.00000000206782709355949,0.88805927003564,0.00000000416543604516188,2.36728948795895,0.00000000557649269125,2.99297997805274,2.14961760067436,2.44656329708726,0.00000000414863882193831,2.76999045494765,0.00000000284651325724384,1.15902581342609,3.84231215020125,0.0134689198790884,0.00000000383786974461012,2.45119913343741,1.47505422229524,2.40047064512455,1.58412213653377,1.5490965060558,0.367358494210565,1.95096469528809,0.000000000930950726067672,1.47073765819279,0.530930624606598,0.00000000433581486253125,3.43474758458486,1.98595743007356,0.00000000350605120950518,2.24387602337345,0.00000000577590039398379,2.83858478640372,2.40683380287783,2.12196171922031,1.47402845528203,1.13384322375388
"KY-2009-001-D",-0.401651709316667,-0.225476702191909,-0.000000000275358084107359,-0.129230786576491,-0.236881714687372,-0.00000000196646626069401,-0.00000000184056095508878,-0.348314085146627,-0.370241622156188,-0.244584424785829,-0.569735685358812,-0.000000000963854450507944,-0.23344291108001,-0.00000000151844550865488,-0.168844070837546,-0.359787718988931,-0.000000000895358358545277,-0.219042720822877,-0.000000000613124108721198,-0.134461456388731,-0.6486537746736,-0.00000000100980816950615,-0.353250021729467,-0.225246700541088,-0.000000000356661299600372,-0.406068150837657,-0.274936342511865,-0.270511144916947,-0.425270998463546,-0.124036395046873,-0.00000000160877079475756,-0.259925355982188,0.000000000634770883202026,-0.16159199293416,-0.319828054881552,0.000000000618519013006051,-0.0000000000641610972782359,-1.00676115280418,-0.000000000432482199580892,-0.295158807137746,-0.00000000081270385378072,-0.263380594268411,-0.320513182533905,-0.297159426258437,-0.194583571998237,-0.0955037115620081,-0.000000000578571587627174,-0.000000000887161683687702,-0.182376312071422,-0.320023605963674,-0.225583875110275,-0.00000000136796724054195,-0.267066413930798,-0.000000000919142313755028,-0.208012339126709,-0.00000000114551006903365,0.000000000220566274554737,-0.164121860762313,-0.0816629331787123,-0.370162325710944,-0.262498854524126,-0.486866256197948,-0.34974692187244,-0.0835988578267773,0.000000000241017741776083,-0.420625340058339,-0.0338349559091669,-0.184648512553215,-0.413739344244671,-0.117071800437911,-0.304397268531278,-0.214250770347122,0.0000000000529289494485244,-0.239009696482292,0.00000000165602284862745,0.000000000330358796966981,-0.000000000425745522165534,-0.247418545834915,-0.340851771377622,-0.421057996488305,-0.158684074928493,-0.285802832918509,-0.273554357390371,-0.367488618247569,-0.327289310769852,-0.0369026941108887,-0.000000000799899297334408,-0.304113111420528,-0.545149648383539,-0.0232766852382864,0.0000000000679139914782646,-0.00000000080599088233829,-0.00000000167561821885524,-0.0666296735074283,-0.00000000135076979152747,-0.362564697673343,-0.00000000224207854545056,-0.000000000145964897990922,-0.0532258826736039,-0.255837461943608
"NC-2010-001-009",1.00813548249527,0.196675636206769,-0.0000000000927917765717082,0.342998127607638,0.842453884848744,-0.000000000870201619629699,1.65971667776203,0.940444559170115,1.24487169161885,1.17880531506264,-0.000000000564659299983274,1.00002690807517,1.81923991665626,0.668839198884568,-0.000000000448409379804059,-0.0708870453552107,0.000000000439910311291931,1.27102208730914,-0.000000000129118518799284,1.16781466708557,1.05305437938245,0.96940263994423,0.478703440544989,1.43866680573293,1.61627670635557,-0.000000000229484811166125,1.17301506936231,0.71301298030409,1.46013520553658,0.954175366354378,0.997000925764385,-0.00000000244848104114936,1.17559431160248,0.000000000409450423707605,-0.000000000144569010642531,0.000000000279399706410448,1.98941220718962,0.0000000000565282686664893,1.9240980917924,0.607188428119437,0.000000000232211792844684,0.817219615861951,0.597909857732966,0.0000000000681103632999068,1.03785002731632,0.565240803651865,1.3326398401076,0.554286887309092,1.12126219219928,1.01511091778615,1.83318369003373,-0.000000000641292748332104,0.707833539527016,0.771722323487248,1.12560343551051,1.92612728126605,1.98794084865479,1.32518494885364,1.00281069296402,-0.00000000116817158753885,-0.115727938528848,0.987629815738519,1.10259611975177,-0.000000000645564093036596,1.24820635274805,0.78426356738978,1.68883769306233,1.96717098316441,0.670546073149342,0.000000000678313748568745,0.762147670462193,1.27917524560217,-0.406203078546092,0.811184364007748,1.97587121387139,1.13799013115894,-0.000000000302351525118365,1.24801607740119,-0.00000000295475925654685,-0.00000000130264853644964,1.5877061766102,1.31275588117281,0.00000000152897935661792,1.02549121975834,-0.00000000036010152899083,-0.0363445249342732,0.548744934945606,1.91650334775357,0.458801233904944,0.0993361412350119,0.805731778340019,2.09591953966184,0.000000000403069667583084,1.05143552544505,-0.00000000130318628395323,1.26439410475084,1.26249737921042,0.00000000113207676264689,-0.0664614239343819,1.41793011798722
"NC-2010-001-010",-0.520288510788162,-0.7609443219891,-0.879577934872968,-0.00000000452411267461283,-1.39272502772805,-0.00000000415294540575152,-1.28270824704643,-1.47921071245271,-1.09978438565636,-0.996802300106579,-1.07193825952189,-0.384580090317442,-0.788697836061001,-1.15704091318559,-1.08326282845061,-0.57312423817136,-1.08953686204843,-1.22203360798606,-0.981478879800313,-1.51185270948975,-1.51466528632331,-1.19135145736976,-1.24615937410435,-1.19379536040043,-1.11136524772132,-1.31882540917069,-0.999622885673461,-0.939176713331271,-1.14191493103333,-1.21374383566418,-1.16387390260784,-0.00000000427174112124093,-0.730657054079624,-0.960710285107458,-1.28846801351575,-0.255999022136175,-0.916298420438657,-1.34958324901219,-1.35769212785551,-1.09372869584609,-1.27191314346469,-1.36217550590834,-0.693150322935791,-1.5425502381039,-0.956766255706339,-1.22345610708459,-1.59111382185481,-0.00000000413550683054425,-1.42875598144653,-1.38774915447072,-1.22192787996571,-1.04977088462748,-1.32183309132983,-1.09800458000672,-1.03670611844492,-0.892550500688805,-1.25261162370551,-1.10301551529152,-1.26375862778786,-0.00000000321093903920051,-1.16199565067835,-1.39980851419907,-0.920922995574795,-0.950672532164857,-1.23426437198113,-0.863490784027358,-0.781820456118222,-0.914469254278124,-0.451131044996477,-1.24025830738836,-1.1111363973771,-1.27379002744959,-0.689734472075658,-1.3559225734611,-0.977099832016147,-1.11308555795377,-1.32031157519615,-0.992918610730079,-0.00000000323276180004065,-0.00000000255352182967782,-0.915446726376546,-1.34556891055376,-1.19227782532423,-1.20614311745057,-1.06579597683287,-1.17895651898026,-1.41021861860689,-1.22353466264387,-1.10114501688413,-1.01455429328241,-0.931903452809266,-1.05743427159757,-1.017267706128,-0.712893853634499,-1.29562561300221,-0.656758947805778,-1.50019875239689,-1.37112648444383,-0.931150957098722,-1.57027064580872
"NC-2010-001-5-B18-a",3.73777168924357,1.52081189394602,1.3306312796297,0.00000000167395629273263,1.07401308485238,3.7746838658351,3.69147784246279,1.59266578440168,2.08798356594133,0.00000000190366196310304,2.39840336121513,1.87146309137597,2.20163487220267,4.37589357535262,2.88286359275511,1.0970776406095,2.29042979711813,0.0000000031424289797875,2.49899237281352,1.88523651699657,1.20284317485848,-0.483772339103201,0.0000000020480349451184,2.43299108638301,0.426822885327262,0.00000000223305928757917,1.65334229002634,1.08561632771786,2.4794036213514,0.0000000018114990101237,0.000000000722412593442255,2.08341185186813,0.0000000013931354123816,2.67856081290635,-0.453600049551339,2.43638867986489,2.36455177618619,0.00000000220775543968812,-0.489290266129798,3.46191112495162,-0.44927586196412,1.8963563866266,2.36921080458839,2.28604653525025,1.78431768965248,2.62558393256741,0.00000000193380498008077,0.00000000172945350881401,2.03197049129121,1.38281426063502,0.261994484963823,-0.138441691324755,2.07347648103995,0.00000000149838762046867,3.76483548492605,3.31329453349034,0.00000000203651829837005,3.44558907457076,0.88241828129058,1.66972730361545,1.36723533588552,0.00000000334534444520587,3.75947557502208,1.48893609323389,4.42758281298404,0.526831184163905,2.47824735941573,0.000000000776392417834018,2.76690864633521,1.89404997198872,1.46757746167167,0.0000000011606854047408,0.00000000126563642186136,2.39869991040149,1.66394353529709,1.95604154414627,1.25334215816605,4.43937099741322,0.00000000150275860959281,2.21294824002265,2.84810610111423,2.28191073681925,1.61670692140846,1.66162537567505,0.00000000285227581615756,0.00000000164769052263326,4.28957376319525,-0.41371139583027,0.00000000142932267001368,0.00000000225367001588815,-0.430712336506846,0.654285755165814,2.8314140846086,4.03411263757838,0.340661527711119,1.75909825440004,-0.811461362912877,1.28195998177673,0.00000000346309489735443,0.00000000292217532803302
"NC-2010-001-5-C",-0.000000003698903921154,-0.570589227803607,-0.649113333936116,-0.297198083823149,-0.00000000494474409468989,-0.00000000426484402701372,-0.648229046985641,-1.44610471683368,-0.00000000512476489323344,-0.00000000398704111750563,-0.467313371509488,-0.00000000492932100021028,-0.00000000394655691125056,-0.729323845459649,-0.433109115408903,-0.00000000504993459403478,-0.50064937182502,-0.342214159453403,-0.664324188115247,-0.00000000384537892530416,-0.648252886625224,-0.00000000508211100205785,-0.810733847110715,-0.77349007056653,-0.0000000039101117790573,-0.651524100422049,-0.439805536174497,-0.524105995433642,-0.559685048740725,-0.496180163906616,-0.0000000044663216655276,-1.16790778596929,-0.00000000409041746594165,-0.594733396635814,-0.60967251382138,0.011404309729082,-0.00000000164737989344146,-0.61216436748123,-0.382254714753171,-0.610992674069924,-0.368998811582065,-0.00000000283555928330451,-1.56233775698003,-0.259918464308796,-0.00000000378292862240512,-0.00000000314997745765185,-0.349665006316545,-0.508894793160829,-0.508015714401196,-0.481218226226148,-0.441279322473044,-0.18861523431033,-0.00000000451385196983903,-0.00000000494410814269889,-0.462092350415797,-0.604169015510962,-0.709003037186004,-0.321472114508134,-0.703187445681196,-0.00000000309947426430021,-0.514927802197575,-0.00000000447834788029895,-0.00000000318339264567226,-0.0000000043216082686679,-0.713311638713377,-0.655869086083882,-0.693733716652345,-0.45351401162893,-0.106499558398085,-0.100310464380243,-0.669575807726015,-0.685565551523789,-0.236773485639431,-0.306765022519451,-0.525867084627694,-0.00000000388275982343954,-0.580410492879478,-0.00000000512581585635187,-0.00000000441249511705992,-0.434284972688588,-1.85073357326338,-0.539500582752571,-0.00000000253434011681344,-0.00000000436127251176656,-0.0000000033608258100805,-0.632519171759098,-0.241200115211789,-0.245661140486273,-0.403366674860723,-0.545336649857577,-0.00000000375183948653956,-0.682915540314524,-0.548414300925665,-0.650666603796702,-0.00000000256867361865107,-0.662237268205915,-0.581021805440919,-0.774010703743937,-0.719428666722049,-0.65727464622671
"NC-2010-001-B",-0.0000000029859272957894,-0.559969826462765,-0.00000000347431412445213,-0.353132267096251,-0.337238680229832,-0.533550945907763,-0.00000000413612889009796,-0.705503594151916,-0.47165780369466,-1.22063304220253,-0.72488236821049,-0.00000000250870713729923,-0.662101035094209,-0.560196023283887,-0.509400022100986,-0.550088181715441,-0.609348386560416,-0.331086191633981,-0.502685979135214,-0.00000000146803292323611,-0.583277824590226,-0.655576459227561,-0.530796087685508,-0.827237931045584,-0.583612566201006,-0.646474130518782,-0.00000000438446140110289,-0.419483623769631,-0.276500352578402,-0.494074638493986,-0.984118407008307,-0.636210914967839,-0.65867947331805,-0.431678804954586,-0.645927885095705,-0.00000000295718477932274,-0.688490985965902,-0.670650239405102,-0.677245086151804,-0.747009966538436,-0.238395544948167,-0.667543204140111,-0.442398262332287,-0.369399217858064,-0.710419707877529,-0.575080849929502,-0.59229721819578,-0.272520492478375,-0.0000000026927289674173,-0.593910414334785,-0.57307861581569,-0.589914176687465,-0.654943545487543,-0.324294513753326,-0.389097951450734,-0.65381743537333,-0.582852269053632,-0.00000000465644694399308,-0.591112021040091,-0.663387826578307,-0.607270310896812,-0.437395268544493,-0.00000000364567624865593,-0.639798053516208,-0.660017722803166,-0.00000000124565175143207,-0.466857815084345,-0.00000000429005429908436,-0.425664180718708,-0.594785579901801,-0.657881771216294,-0.565800445809976,-0.589223074843369,-0.603323010975686,-0.441517288331905,-0.637613542073105,-0.429937393489954,-0.159147031453561,-0.00000000455166916562727,-0.404468710380223,-0.821491498592644,-0.586716390243249,-0.575130114726225,-0.343373046240236,-0.65747940943073,-0.155618265534457,-0.00000000455887485680419,-0.526800776219178,-0.383380634723703,-0.556579013901095,-0.559749820493081,-0.497550367307123,-0.673152260539788,-0.485890310386348,-0.240093680591874,-0.00000000122006509528812,-0.00000000380293101769918,-0.00000000347221051762823,-0.653001521981368,-0.84841922363744
"NC-2010-001-B44-e",-0.00000000430250602092367,-0.604639113618578,-0.00000000408443505471126,-0.00000000335117850482463,-0.655544640141949,-0.00000000320023987941767,-0.717963270966911,-0.838068616745517,-0.777386326335796,-0.826047715527331,-0.755989683295737,-0.675267676422603,-0.00000000342306448226897,-0.00000000411487027888086,-0.00000000301935519447219,-0.743312190042564,-0.00000000316897509102123,-0.636712033909814,-0.851382978341927,-0.00000000248915013314724,-0.69829400552553,-0.00000000355110376212809,-0.710617974680401,-0.743407136992662,-0.385091476275243,-0.00000000340685128863549,-0.841841684436274,-0.7617279351184,-0.00000000390019586437056,-0.714184414468512,-0.766902410584435,-0.756199367785032,-0.66082067813885,-0.00000000431978612705745,-0.898767686288605,-0.540079089256985,-0.610518370219987,-0.668946890810456,-0.886104381788371,-0.740038260896512,-1.07520164277482,-0.00000000283581136344848,-0.873938656939198,-0.00000000197340294708909,-0.00000000271521323120067,-0.00000000341460090094705,-0.00000000365954991607275,-0.505016714062854,-0.75878971085393,-0.678554882527687,-0.376677064175563,-0.719212313102166,-0.808073101289387,-0.00000000331561164275672,-0.00000000431155109763686,-0.961563711307189,-0.59757889677386,-0.00000000312620785048857,-0.637864060420545,-0.53408048158894,-0.783972324221299,-0.704870570042147,-0.724490091850298,-0.00000000315689014465294,-0.817594065113399,-0.598446071697578,-0.00000000314618745272044,-0.736383530793551,-0.00000000343926663633416,-0.70064923782116,-0.524594350786909,-0.728948856938595,-0.722783033624737,-0.819690760132845,-0.727891060317725,-0.630704254168364,-0.00000000309484271721628,-0.745702276534812,-0.00000000375450079863807,-0.745126113244459,-0.70608440332518,-0.00000000317270176660796,-0.776250649189192,-0.854108893068119,-0.00000000358505389892098,-0.781964149085776,-0.700874383393059,-0.768346043547214,-0.315697796074392,-0.00000000499234469437495,-0.00000000478638504879337,-0.00000000286395845318103,-0.574197700489886,-0.7490764115036,-0.591414395865895,-0.708466325086031,-0.777768336169369,-0.798891931128764,-0.827309725329389,-0.659361171565078
"NC-2010-002-001",-0.00000000163633145953209,-0.109432517379473,0.0776371290329747,-0.0968227683456348,0.0372163915011335,-0.00000000291502848356652,-0.00000000263376018714788,-0.00000000135193826241003,-0.0547606887128186,0.159412697558707,-0.130774897984248,-0.372617954988977,0.0123889800765102,-0.00000000181711658812957,0.0000000000382999834629642,-0.260701123161938,-0.367297459504549,-0.00000000118650427573435,-0.204344199067322,-0.000000000326588041395755,-0.000000000750786259891297,-0.033826498156956,-0.221554832571033,0.118283845878463,-0.159765150147957,0.0484473891671247,-0.0390712495139472,0.0699915552775081,-0.127508803635357,-0.227835565779788,-0.205283876738142,-0.117760494959118,-0.00000000150247923315807,-0.249738963763391,-0.000000000598233757861196,-0.0998624368672999,-0.000000000502638665778415,-0.188713092091996,-0.00000000143020958284728,-0.18428010452383,-0.263210561553651,-0.00000000107114777553969,-0.000000000872567230896074,-0.000000000976681120324107,-0.00000000138372427958803,-0.00000000136092572105323,-0.00000000140665900019645,-0.287644569993144,-0.0910310052543616,-0.00000000112632138869733,-0.000000000704757270833272,-0.41849722963222,-0.00000000120396155002221,-0.0823597049381022,-0.166795039042843,-0.655498259018452,-0.00000000088083386586572,0.156668746360218,0.159557931446718,-0.0729351387435996,0.0000000000301136808907933,0.000000000294268891825808,-0.00000000109387836947114,-0.226623677002778,-0.00000000123908209414072,-0.000000000212211429502868,-0.603397528136779,-0.299298756060478,-0.349784479307523,-0.120385382324743,-0.181635313645342,0.0113789314160278,-0.105968289821363,-0.00000000103169926421761,0.56835080958854,0.290903658126546,-0.0915187085370897,-0.0201579268335964,-0.0430347138461063,-0.00000000140943951521799,-0.111772733846908,0.26751608951115,-0.000000000429397954908016,-0.364500401625524,-0.208806286793053,-0.0605583017809752,-0.00000000111320071752606,-0.166941850543552,-0.0629613786585525,-0.35287652264808,-0.00000000124699379857093,-0.249585394647304,-0.197337302760338,-0.38799935923648,0.156941009942581,-0.248321291047247,-0.0193480321833212,-0.00000000105758710290228,-0.137794855125953,-0.00000000107714774875975
"NC-2010-003-D",-0.749126117077384,-0.00000000411084892162941,-0.622198750748956,-0.00000000285560778064966,-0.68429082167041,-0.00000000363337795384462,-0.594280452862461,-0.893888104505113,-0.866139017700446,-0.00000000390270578243534,-0.00000000263192660443542,-0.680945248947583,-1.55801818499779,-0.00000000185190889291838,-1.08546728654522,-0.00000000316674914858619,-1.14426418306303,-1.08058841919424,-1.15509592784766,-0.647774675937791,-0.00000000310849508710727,-0.848568429640802,-1.71417264188122,-0.186819266912598,-0.00000000209195406653534,-0.973152082616863,-0.350246357748363,-1.22113690209402,-0.207331742400105,-1.10216972333269,-0.976251502629369,-0.00000000174818095257807,-0.32993338168969,-1.66438989809415,-1.27183855876725,-1.45036816926971,-0.00000000124407247435036,-0.948252302656881,-0.945512486840504,-0.958358966085267,-1.0019200630453,-1.17953202268499,-1.37566969010376,-0.00000000309220268532278,-0.000000002990047612326,-0.00000000180009732738099,-0.00000000335540688549797,-0.41294079751094,-1.23071363458153,-0.960060711686716,-1.23819545631629,-1.11769328220876,-1.2589734911225,-0.00000000354293302350324,-0.809167794606711,-1.07535446908177,-0.00000000319557203975564,-1.37882626125229,-0.96425387552972,-0.00000000433720103869625,-0.781639050568881,-0.000000000876498228726496,-0.908416469511698,-0.730298709248117,-0.941507204067649,-0.659328011338607,-0.00000000279180428954433,-0.00000000336532514330291,-1.5054330653189,-1.13444149732928,-0.000000000745404914409718,-0.60244180800792,-0.00000000408994075788229,-0.913887686095609,-1.08013779880658,-0.00000000296234723879985,-0.263671440158561,-0.80660250912949,-1.04635006108485,-0.474082114986704,-0.00000000392196655202343,-0.00000000292090205175792,-0.00000000255347971559373,-1.19235015156039,-1.04070810136734,-0.00000000303644979023075,-0.757789465599324,-1.13079106771365,-1.02697582277947,-0.963663328403286,-0.00000000285110869601072,-1.51005812101445,-0.00000000250657574864713,-1.59216639420099,-0.00000000289738416189881,-1.0322749073778,-0.713269948218323,-0.00000000312416152521948,-0.864048556391326,-1.15363129734394
"NC-2010-003-E",-0.00000000087275569654899,0.74391911188038,0.622387035276237,0.382123389266638,0.145673074541532,0.81656637229141,0.0194886214172718,0.22318600724699,-0.00221334796010658,1.28788308414809,0.0451528566538877,0.0819899314701322,0.0569832663356742,-0.0000000015028225222503,-0.00000000133091250147349,0.175720869393508,-0.00000000218854713904298,0.416274542152012,0.141663432050671,-0.245755062947475,-0.00000000227394543703513,0.456094156825407,0.0331727379240066,0.295737770259599,-0.000000000220664038130875,1.48576563176588,-0.00000000223121782247502,0.168757730599844,0.014057097361587,0.15512758003405,-0.00000000209837617450205,0.0791534193099111,0.335311849338945,0.15629312489671,0.244897074530424,0.0000000000339601886071782,-0.00000000101930978921434,-0.0339199393388753,0.209962504869206,0.151290801255171,0.189978662098448,0.167010671930355,-0.00000000106292491269102,0.219786878058596,0.0349989283958262,0.00431711859137974,0.568557448574805,-0.0456338556755402,-0.0621552991275322,0.104338497023338,0.713867194290143,-0.0000000015346689281101,0.147578412860992,0.201016845843597,0.0156619888015128,0.233660649053771,0.179017477541595,0.194111454179497,0.124805117685807,-0.00000000203209591793379,-0.00000000169923145793698,-0.15118689689223,-0.00000000063117234517517,-0.000000000900106992783798,-0.00000000107621752674567,0.116567255651468,-0.00000000163643444592199,-0.00000000161141020660033,-0.000000000866734642424247,-0.10391724927315,0.0302207406867622,-0.00000000243674974343259,-0.077176924878883,0.054312671951113,0.0476972072077426,-0.153527267144739,-0.0455541783653055,-0.00000000193872344191554,-0.00000000179401232088773,-0.00000000203795884789133,-0.00000000021024349026265,-0.00000000148628859437502,0.0583045099059551,-0.0139641360456339,0.261988820273144,0.0996968290507448,0.0371587502469618,-0.00000000176003220106122,-0.0000000019506229710725,-0.0000000025192003952398,0.183861902727316,0.559855878855992,0.560340029865624,0.370164808746329,-0.00000000210258972027414,0.374711459654289,-0.0819126279794967,-0.380814593538638,0.000000000482136091438312,-0.157240540272003
"NC-2010-004-E",-0.372551325918961,-0.365586479141644,-0.237200865158231,-0.314531942974052,-0.170704970765992,-0.193354602604345,-0.0481090795190393,-0.156949804885876,-0.166667945896334,-0.268016374049073,-0.647161909987114,-0.0000000011353945769643,-0.00645688466263687,-0.342219831333331,0.000000000289026218697658,-0.338619735367416,-0.0000000018265318709792,-0.00000000308741405220185,-0.564580869001559,-0.000000000482486414324377,-0.35210690119777,-0.16169944183467,0.0443589748726497,-0.000000000681870075276631,-0.00000000122271419471592,-0.000000000226544636059546,-0.197235063693511,-0.311227098530548,-0.0935925792413472,-0.56505998740364,-0.000000000397857594958121,-0.193617070862581,-0.389730271498932,-0.00000000114287450001024,-0.00000000121337245741145,-0.114523504821191,-0.377191605852911,-0.211538212558612,-0.344781616281589,-0.079199068153534,-0.116014840690578,-0.463111221379262,-0.00000000146457199512806,-0.000000000261858900913459,-0.236327783886878,-0.00000000089491855298481,-0.0882774987431389,-0.0607496747582842,-0.00000000112316515375416,-0.204254588498667,-0.136112259638433,-0.000000000865038453539687,-0.290736795808583,-0.527980306771609,-0.00000000109692120846013,-0.00000000131016399581398,-0.529773273595605,0.0743587278596549,-0.0618091097037637,-0.30545761302889,0.000000000442861863956436,0.000000000448903597675939,-0.477160837600794,-0.00000000124420393217355,-0.00000000225032970308404,0.000000000102358288645772,-0.410665968451906,-0.465483864234753,-0.289360397341495,-0.000000000581161014474531,-0.000000000464196317331929,0.082656643927126,-0.914230494381753,-0.196432944155392,-0.000000000865247306009408,-0.0273089741520779,-0.329451241514429,-0.558949403495757,-0.143002046141927,-0.304576079291641,-0.00000000059229594410441,-0.00000000135281810181436,-0.105862138389913,-0.366561053713755,-0.443266954081188,-0.381422331888305,-0.000000001831095156072,-0.00000000153106907860286,-0.00000000200104793596827,-0.000000000871807088231363,-0.304147682552973,-0.441319791429349,-0.427928438166295,-0.184183566842426,-0.167702446067101,0.0000000000339365765318512,-0.0000000021157583726225,-0.00000000201807550573747,-0.000000000268252697965052,-0.000000000475642086921452
"PA-2010-001-005",-0.297489255026548,-1.07740302519525,-0.585400139790666,-0.349280909504588,-0.00000000173642821461203,-0.0000000000407762379722536,-0.449635318336727,-0.509601559840523,-0.00000000124790632526683,-0.274576097777551,-0.294861111456873,-0.00000000127482878768686,-0.397010811206414,-1.25288569675477,-0.57709779700348,-0.263270449402609,-0.00000000114262613657347,-1.16294433348148,-0.490819887627445,-0.000000000669714605412815,-0.609850167245545,-0.620471516995008,-0.394482816600311,-0.548926854249177,-0.609680114032145,-0.000000000429931772495021,-0.422558107023592,-0.904412740021406,-0.00000000154719457153257,-0.0585098983284752,-0.297007697161781,-0.662789658674749,-0.595195261490962,-0.544126559738369,-0.485354254882912,-0.477049001103928,-0.547719285530196,-0.785224328909186,-0.568001220505261,-0.348660472798575,-0.000000000832879872275925,-0.254782525656483,-0.695656632777838,-0.870005398941143,-0.0576221232530538,-0.000000000848838492949482,-0.286320630023549,-0.463027373082359,-0.0000000010516215253047,-0.391514445510817,-0.280537030216746,-0.000000000221887963071006,-0.96944547303757,-0.670697871400832,-0.566056451599336,-0.477020043588121,-1.0137476419677,-0.166728068740142,-0.212028102472727,-0.583276836024593,0.000000000126434691001619,-0.51372305266409,-0.426779883931218,-0.547509867121307,-0.617838675045806,-0.584138357023197,-0.435423072892871,-1.22075525152871,-0.260051167509306,-0.408276442633201,-0.995469055162064,-0.718627186403402,-0.581901643434159,-0.718472926842567,-0.00000000063990068417871,-0.0000000009132359800986,-0.348335171016338,-0.24441529501024,-0.509111380912538,-0.00000000156268999802855,-0.000000000418747104523775,-0.000000000886004846763052,-0.640504601313023,-0.503612135302902,-0.000000000490273480390855,-0.386061373026648,-0.457722717355787,-0.506919898230055,-0.76410388029771,-1.44145079172604,-0.448170148242174,-0.249506951691469,-0.451254179045829,-0.353074524709481,-1.00161005072275,-0.527053212012717,-0.613300368596587,-0.000000000996310391673566,-0.710864614849803,-0.826865570022273
"PA-2010-002-004",-0.0976929898899427,-0.22489224554216,-1.5143910680071,-0.424873014467687,0.697986013435485,-0.000000000677115066996811,-0.465160855996978,-0.000000000223840098546789,-0.810176166698055,0.000000000440720458363039,-1.63199945509907,0.000000000463222472083816,-0.122660108622616,0.000000000521191526195304,-1.17180738091045,-0.253767868856377,-1.74676215843121,-0.00000000225699357276495,-0.000000000701710448591232,-0.943322810638963,-1.41776865444803,-0.00000000012855574550749,-0.00000000127440200420844,-0.585294003513725,1.25034890457652,-0.591446324342797,-0.655627684175537,-0.572689885880257,-0.540972380875204,-0.603712864621383,0.00000000063862260225083,-1.39100925039981,-0.918232726806149,-1.55269461144251,-0.326074944328615,0.819882879331331,-0.0133047083335194,-0.292287562011441,-0.817141771617391,-0.554631010274793,-0.700950976160184,0.000000000538044722143014,-0.000000000240704458260844,0.807711776759857,0.0000000008900744713139,0.333915042336748,0.0000000000492769469898978,0.000000000215306714058691,-0.551202722561819,-0.578536764639543,0.593381396644651,0.000000000260804205097208,0.000000000999215749024955,0.552876243936589,0.000000000206645725806148,-0.68586225198511,-0.0548763635666352,-1.72038815881294,-1.7201033889436,-0.000000000492770189269638,-0.970781662184677,0.546382319903846,-0.954480905232668,-1.11037639254017,0.613374525883916,-0.570467623890121,-0.960562570105937,-0.966296147350855,-1.94899844627501,-0.0346838932025871,-0.541352931067952,0.000000000415921035035392,-0.00000000055009191531765,-0.00000000120653334962437,-0.802809310643864,-0.641140430568963,-0.745217321563138,-0.474638418387816,-0.651219474007574,-0.000000000699218992901373,0.00000000126049272325580,-0.873698736570325,0.00000000105540973923103,-0.000000000303416307904943,-0.179249460816418,0.0380853516202636,0.00000000077101485837447,-0.0000000000277070741732344,0.00451912246910025,0.00000000167412798508284,-1.7213515100098,-0.179995541405109,-0.00000000106588703585637,-1.65755684811367,-0.000000000371355408110477,-0.0891271529432469,-1.42786581758736,-0.0000000000137374601270168,0.813892266072063,0.00000000149073147272653
"PA-2010-002-013",1.05499354963679,1.10350580797339,0.865749601916993,0.832527829292595,1.1955928105794,1.13606313533742,0.509711583352246,1.42265275143356,0.333440399879842,0.00000000471426501229925,1.35528783435587,0.00000000314975944912656,0.687706565951045,1.25127233213475,0.671696606271407,1.21608500180761,0.00000000446545053795096,0.00000000469135279769649,1.22051843032287,1.48831383376672,1.09708038955892,1.35071914625213,1.01788491974555,0.192935565075987,1.44714828877685,0.809466943267162,1.08138255385503,0.909851757970003,0.40433241696134,0.815278355179964,0.7605012166479,1.19155313387063,1.15504973799322,0.00000000369284445377583,0.99320022604202,1.25655164064424,0.85822103204262,0.663958053819098,1.17680652237403,1.00908526216325,1.19654506188152,1.48240226982928,0.00000000496948023484223,1.2764999323787,0.00000000513598979666764,0.00000000396095198489467,0.00000000230410393071197,1.24691195506492,0.873911898687452,0.966585959277376,1.10921420722252,0.00000000554334530440952,0.987296083531982,0.955272600619929,0.831440144830754,1.56471742631982,1.30598606859236,1.278657185027,1.05390343628311,0.00000000475409064122392,1.11291507716964,0.00000000356571632339391,0.904947136690127,1.06986182416507,1.00875014757236,0.00000000427978507139441,0.00000000466940064667584,0.00000000483569866257857,1.09000590755244,0.00000000434063341386952,1.364437951579,0.00000000314017610965436,0.00000000432275337226189,1.12539218562139,1.3622505175949,0.784387574447007,1.53950607677372,1.53737987299564,0.553492594258289,1.1897208642713,0.804082645856878,0.00000000445511638456594,0.00000000298851306557592,0.936548790454499,1.39721316843567,1.28173653091153,1.35518442474957,0.00000000249697033777625,1.51761699974811,0.00000000346413056208138,1.18128178799619,0.486249653309988,0.00000000274873251043779,1.20139337198861,0.00000000386402811168842,1.34005972977877,1.24303235805225,1.06350854583438,1.21471029873433,1.15436812694932
"PA-2010-002-015",-1.18798564977389,0.000000000232456630029815,-1.50686465593753,-1.75603916804958,-0.000000000855596619909151,-0.807623596094163,-0.413248458560907,-0.117288542762922,-0.115611550603361,-0.368487807268572,-0.702918526855944,-0.766875703558872,0.00000000147538037564815,-1.1600402570865,-1.09524444137198,0.129170980226351,-0.691603453561047,-0.579609197641219,-0.000000000222163651856498,-0.71438471042501,0.000000000938062892673043,-0.968159921258489,-0.587249278713943,-1.54763149048485,0.00000000159444352914575,-0.141517514079658,0.174535639905373,0.235806684502353,0.252336077510197,-0.730345861740156,0.00000000205535557237399,-1.44094523205029,0.00000000141922126053414,-0.816616895463836,0.000000000278784050105791,-1.09671206549761,0.00000000100661109973046,-1.18483305888517,-0.329644276899961,-0.820978245203719,-0.80247557119172,-0.96511363328711,0.00000000287324446677965,-1.08121454843916,-0.691593316575876,-0.313766998584805,-0.345482138848855,0.00000000000911515541333369,0.00000000162058626544798,0.394405068432924,-0.935247391162911,-0.000000000192963168098607,0.000000000186256279084509,0.000000000615258088458594,-0.0426851771232357,0.000000000895164867013717,0.0637435404189726,-1.63947226424768,-0.395373574423086,0.000000000735679083514861,0.472021391122309,-0.801374179016983,0.0000000000144647688493584,-0.573614106584849,-0.899750921360181,-0.31163862226794,0.000000000672221101648402,-1.00008890902573,0.0000000012289659756542,-1.4258444317037,-1.58364128008907,-0.242794891548236,-0.874117123034422,-1.13204547242136,-0.989721170685531,0.000000000913761915534219,0.000000000762033986863692,-0.335062322009448,-0.569511826727713,0.000000000487551803865768,-0.663134537161022,-1.03686862221619,0.000000000757903025569451,-0.454607425540326,-0.407805409166271,0.000000000809708051490976,-0.131578513949888,-1.6137483445582,-0.173318716320471,-0.755236156025957,-0.000000000340720647293414,-0.325931319000557,-1.10271951843764,-0.732942208606146,-0.0967301936431195,-0.87630596503088,-0.361629160745054,-1.52523404866297,-0.146504511661768,0.000000001638429841355
"PA-2010-002-B3-b",-1.83460064954491,-0.479245502483479,-1.26961846066117,-0.800656836207049,-1.49178548712408,-0.521884991496011,-1.52863477105801,-1.05337373816928,-1.16424332721997,-1.78216601682411,-0.00000000136124950446858,-1.87063987255597,-2.03827143016382,-0.549738357638133,-0.637977369949437,-1.24302466440609,-1.79927348691649,-1.64859433357858,-1.9446830280745,-1.14244261883352,-1.60031799358876,-0.00904214451280901,-1.14501003995327,-1.79462399837941,-0.00000000204820542855292,-0.00000000184998535257902,-1.75750176700733,-1.05774099576958,-1.2689095922269,-1.11700627213194,-1.73276242390993,-1.24880393258419,-0.914636146573074,-1.42066681416859,-1.75183949503849,-1.71357742060663,-1.28317631651099,-0.629900258990741,-0.00000000201293152342248,-0.783353443672745,-1.14250800807677,-1.2176498669024,-1.67207852846376,-0.200178315197098,-0.919261981227808,-0.908007463688222,-1.36260664894157,-1.49585630388468,-1.37421785089953,-0.841879566328889,-1.30223396605397,-1.32078456122773,-1.048900514217,-1.20563560320465,-1.3246615226288,-1.47931831383852,-1.23555149496655,-1.33392268069753,-1.20022757171127,-1.07144858963733,-1.1692708624628,-1.16610410566816,-1.27818587714141,-1.25861211577706,-1.35979180823214,-1.05233240449886,-1.34854562727099,-0.103721755406403,-1.83144277320131,-0.934555812437971,-1.62250854713169,-1.21928303843668,-1.05748741705633,-0.46694115600654,-0.452773269915911,-1.49789576965275,-0.000000000114814138384088,-1.07353750311923,-1.87319146803162,-0.00000000189655090485765,-1.81483088646179,-0.954460507766754,-1.08032640349083,-1.34429753390121,-1.19787339079039,-1.23399137476813,-1.39494114465225,-0.952100279955946,-1.19053822494409,-1.0468964616762,-1.45853026384447,-1.09071380103956,-0.9491317761495,-1.15313832414779,-0.917226410960502,-1.27150527003362,-1.17400751692624,-0.946216001931572,-1.39886333950745,-1.03346748629358
"PA-2010-002-E",-2.08538712772804,-1.66241613784554,-0.00000000234981331935974,-0.781688566820034,-3.65601554797845,-2.19158035872089,-0.940181293034452,-1.22809413940972,-2.03789484968628,-0.00000000409975538968345,-4.6849171446329,-1.82729097283136,2.10794513599196,-2.45432727299838,-0.849845045606883,-0.00000000257370699117822,-1.35503774264056,-4.07234710302982,-1.51141261138633,-4.4536585751912,-1.23533380446154,1.68087306857038,-1.74888154869307,-1.05484766524664,-3.85079828901549,-0.000000000996618870236688,-5.02937760736002,-2.18611427872233,-0.00000000314389298611644,1.45938584040632,-1.17336762442937,-3.6137167556928,-0.000000000986846462489073,-1.88376824576297,-1.78698829460112,-2.10422032393857,-0.00000000267056735427155,-1.09501375291963,-0.95691765744264,-1.61975846517452,-1.72824269193781,1.49633480033909,-3.94982315559262,1.44630605992616,1.00689210572796,-0.885370456267952,-4.28790759524427,-1.01706481100398,-2.52127105444734,-1.9999437561704,-1.99868177470081,-0.00000000135570576364862,1.16399078053677,1.40351012175329,-4.03401582532906,-1.70491814764312,1.61616085693409,-3.51131197636723,-3.74370753687484,-4.4986035509551,-4.02885154404558,-1.61961158234503,-1.19895691047226,-1.71279858120683,-2.12632480076171,-0.00000000107628188880936,-2.09238587396624,-0.944301781134894,-0.791579701793436,-0.00000000190878375563465,-2.49298140365588,-4.28812581331366,-0.00000000127110784148674,-0.000000000991992541409457,-0.000000000163653892471882,-0.00000000102652472311204,-0.00000000214333353525426,-1.11045137087335,-1.71241313673933,-1.15874168110238,-0.00000000106823353517421,1.55389392891844,-0.159943069632963,-0.855827389081409,1.49357332991134,-0.956076914085662,-0.441047480127667,-4.51315448945391,-0.806210127582998,-0.0000000021769009591607,-0.00000000267081514838414,1.19722732880164,-0.000000000698104945541323,-0.322989115737912,-1.14578750802863,-1.3328835968502,-1.29127776616353,-3.90145375377358,-3.370707219462,1.26080548514557
"PI230189-US56-0022-03",1.36860494303369,1.04888661493316,1.28810916127839,0.254385135812613,0.881073024622311,0.00000000412208408117281,0.759472493136367,1.10749890473804,0.500468546254149,1.34521326369723,0.000000000708773457584494,0.00000000187393981630042,1.19281494381745,0.00000000409581764240519,1.11998624936725,0.6480112545938,-0.214041688083593,1.59418570139375,1.58620254783022,1.01006276984225,1.56674415244422,0.677722369672291,1.60653857602947,0.281548285479806,0.408033726459218,1.14407231865428,0.390758658549933,1.03307431229441,0.464455357341874,0.00000000303346293272548,0.833121600011802,-0.00000000173223266564987,0.00000000410141112764365,1.0816920008218,0.954822674124856,1.26087560587769,1.5093510608161,1.29956077867931,0.00000000429210246369764,1.15102025462704,1.39522251199302,0.790475645947745,0.467322597446583,0.000000000463090794230871,0.897059752682496,1.05564620124839,0.399040155357976,0.112665035373767,0.00000000198722551817199,1.07594019155422,1.07499162841066,0.972127457714258,0.516370726835069,1.12645227062636,1.20652204476188,0.936729508023113,1.29214871192736,0.820485634789418,0.617981258933623,0.770346440742608,1.15088388496102,0.00000000253457397854998,0.000000000865817257894148,0.821938880207347,0.896496116465467,0.72439054477808,0.995870696247934,1.11186901173337,1.07725492473459,1.44191418015465,0.778145936666237,1.02966543079725,1.39946379533092,0.931141719611367,1.19160910871444,0.00000000301901519064619,0.959216640106897,1.031238759349,0.00000000252248353061689,0.0000000039652482723389,0.000000000496853769251791,0.00000000194463693577053,1.00607248355347,0.801156195853853,0.00000000215089597427138,0.837343287776155,0.982914693110744,0.00000000243926720075285,-0.0352589930839269,1.05426873677819,0.714833893606027,0.872643659143554,0.885551547280112,1.25696240427934,1.52214986298393,0.88603478195125,1.31805397925447,1.73099482746089,1.00619221749741,1.06227669708764
"PI294602-US64-0004-02",-0.141457081078339,0.142015711308587,0.000000000515606904155511,0.000000000168507794052699,-0.0613398997711636,0.149447281441349,0.341122387249023,-0.000000000470927538419987,0.215616420658318,-0.00000000111136860905082,0.000000000307621387690696,0.00000000262963003650892,-0.00000000222644083098569,0.162383107970769,-0.000000000371305054188956,-0.000000000863850814145694,-0.310542217685431,0.139496400411955,0.535366017903999,0.0270562557939686,0.253818713477046,-0.393536717813988,0.237910377359288,0.184583577521994,-0.13036792173236,0.0918599042446384,0.202724834563304,0.172174761648952,0.494477147795141,0.306474012152066,0.147992045843869,0.141097991584933,-0.087101167330711,0.000000000390003802450434,-0.097144765304097,0.115124832257246,0.0461868686942142,0.119493904841067,0.0000000013344274229565,0.304743405615893,0.00000000101216343141931,0.289700792397251,0.359784461934779,0.055160576823481,-0.00000000045142844426067,0.0000000015313461035282,-0.000000000203084162567328,-0.0768164338311425,0.0211277912097109,0.0243290803018679,0.369236072659778,-0.220548602558555,0.34557847468651,0.00000000167742323727252,0.0000000003713863947983,0.00000000262558814191176,0.000000000174867384773968,0.27752686775399,-0.300214750799749,-0.000000000148437967186628,0.0279602061299896,-0.0000000016542549426611,0.312722792424172,-0.000000000878257153026354,-0.000000000727956937291996,-0.0887006144487383,0.0609137151937967,0.162849873595874,-0.000000000605885047987166,0.323182204703529,-0.187638449447551,0.0122640935320097,0.195089286675594,0.0875651712263902,-0.193599482283561,0.000000000741688887273624,-0.0433999051262529,-0.292836897776046,0.226133698796224,0.391672068139829,0.0000000000316771557556248,0.00000000122705295317306,0.109792921745913,0.000000000978890775327989,0.108845369854709,0.45748140490099,-0.0555608771741299,0.000000000741905282327885,0.381337032428967,0.86256184119685,0.327630430026423,0.00000000201321240694563,-0.121516574037414,-0.0725215234324315,0.0901264249165793,0.246042359809049,0.00000000367324388784065,0.237168560035355,0.217797904486071,0.119705511640616
"PI294605-US64-0007-01",-0.161641803934327,-0.148726812254445,-0.201559515351505,0.00000000128806007743618,0.00000000118269053612744,0.000000000979846328534606,-0.0224470991786286,-0.608405817090467,-0.284738974229558,0.00000000184999526547244,0.145584391817159,0.000000000000456925491482594,-0.0792780112927161,-0.420090809190573,-0.0000000013844552310268,0.00000000134334499087217,0.000000000236517782634896,0.00000000172401603103799,-0.684234020783853,0.000000000212607799352289,-0.0802963318011099,-0.294618953069087,0.00000000180381454495843,0.0755987174820707,-0.0489403550250779,0.00764183500145882,-0.000000000422644492218786,-0.653322880698874,-0.33465757736869,-0.273981629123317,-0.165568257856983,0.00000000125558660391209,-0.0187037375212203,0.00000000024786457022543,-0.000000000619226693054701,0.0155649697957001,0.00934878578066847,-0.566907978972094,0.000000000649240496962646,-0.0721955192151001,0.000000000153037137164621,0.000000000518017118670043,-1.33482141691923,-0.0000000017803511852872,-0.233667160055447,0.00673342303359574,-0.175855181103147,-0.645329545908345,0.000000000746939291496395,-0.292875175925886,0.00649162126172125,-0.00000000187248266502431,-0.0865280516463073,-0.310206323515005,0.178167356576897,-0.000000000350274048834229,-0.166134468746245,-0.00000000114317323113138,0.00000000244535538064446,-0.985879197317467,-1.11345634077601,-0.00000000197649658987588,-0.000000000441889100646327,0.000000000379288420468771,-0.380750284431667,0.00940346814331955,0.000000000659126419562338,0.00000000107372980525039,-0.135071877167913,0.00478705996275225,0.0882523532406271,-0.283933768657665,-0.0881569195340738,-0.00128394420470583,-0.487602154899646,-0.190740090233098,0.0133281191861036,0.114743391055082,0.0142170994464576,0.000000000342535691044957,-0.00000000171733688104149,0.00000000162008569396086,-0.0115696404197271,-0.000000000206432899346255,-0.260391235073375,-0.524336671578622,-0.239906446413292,-0.696073963503013,-0.28051090629309,0.00000000095531528478825,-0.121976195409685,0.0269281894145009,0.000000000822507422465886,0.00000000318508466447577,-0.631926819787243,-0.0111233849014059,0.00000000122338461624918,-0.84981515987626,0.0000000004847904912016,0.181461952623222
"PI295762",0.138725430731537,-0.210748207639582,0.0000000012345828168735,0.102722964445355,0.201592091059639,-0.269284645383391,0.0114034788554242,-0.162738125830511,0.0244872384159849,-0.149325638687893,-0.32390035096623,0.00000000113088762896948,-0.00000000219390812210767,0.30574978838921,0.000000000645156158889753,0.448539413337432,-0.236583265891565,0.024938787416062,0.206165325924121,-0.000000000592395753619341,-0.00000000137670600981511,0.0153059267171862,-0.519031693824603,-0.042057040829697,0.307465168917958,0.468088708379353,0.0425861015584839,0.0523113155157209,-0.0645951500482689,0.114082127454703,0.096131850535778,-0.00000000229201849437443,-0.00000000126309819061575,0.119620219689077,-0.0659655672572326,-0.000000000970812099813098,-0.244341435015174,-0.00000000056375358936325,-0.313690572769611,0.0898714594964298,0.0919697876526546,-0.00000000211487518042128,-0.0418376308719128,-0.000000000375268556564216,-0.00000000177176872908003,0.174708099753194,0.589445029379151,-0.049587970532593,0.0506984910782082,0.0599026229686477,0.189566561305268,-0.000000000000422778567140126,-0.000856450801388388,0.169364637542632,-0.138936571043429,0.687819789990877,0.131968080687002,0.00000000053138536193663,0.0856709076050638,-0.000000000612726506292831,0.318569057678863,-0.00000000101610148852514,0.000000000209677846590954,0.0780395795280203,-0.0816418062848572,-0.102729845491,-0.329240703567989,-0.00000000310353608723873,-0.0768184923241664,0.323569665108991,0.145110512366144,-0.271404362547713,-0.374081291500695,0.187371346203267,0.512386377046992,0.75549916832914,-0.0970723218443152,-0.250720086209063,-0.00000000049098948975573,0.442964577267968,-0.000000000328533111824912,-0.0000000000605317516662732,-0.00000000137880185626648,0.0401659839580039,-0.000000000929415696783402,0.037873401685874,-0.212630779549361,0.589757493146781,-0.0875815007717932,0.197946720962357,-0.10220359370344,0.224994798281339,0.0262249531271306,-0.00136362297830921,-0.0142938413342267,-0.226045840684433,0.000000000242666839965629,0.382454887357062,0.000000000382319687190217,0.00627804076986172
"PI295764-Gracillimus",0.00000000125670081864073,0.20598446554178,0.00000000112857992772129,0.417449513177254,0.890031469765531,-0.218190732825693,0.00000000126176765879306,0.50904217083141,0.491258293515494,0.353292139347801,0.435624685897088,0.0000000000770632499257678,0.538652288980594,-0.00000000142718763701914,0.000000000708681694576724,-0.000000000609120955407724,-0.315752722849763,0.121321707393623,0.00000000156022473301215,-0.0976118625099908,0.322792545854815,-0.275119734900733,-0.34849123370054,0.595573598163589,0.439826539826093,0.00000000252277893272682,0.612468348044907,-0.0255364873148824,0.29979245692271,0.492610002952335,0.407890334199506,0.322059893817764,0.255868323194931,0.571738130598842,0.370225591969636,-0.0395495035833369,0.592139476209962,0.46455207680247,0.483991612065943,0.377020412523733,0.00000000220434980968841,0.558390438290458,-0.000000000900563969655033,-0.000000000301783960582322,0.764763392663428,0.440916914032829,0.290249374914836,0.0296911430357237,-0.0278368281432666,0.00000000261917909139981,0.134113785333356,0.000000000495315544231229,0.455342715187989,0.0412030511924069,-0.159715755795927,0.000000001771292061113,-0.000000000106636640692095,0.000000000872155761775499,-0.69983416832724,0.514498875431856,0.396252921024458,0.292485403778844,0.372460691300558,-0.000000000776464129955982,1.02712949600344,-0.000000000364334674694393,0.00000000308676160269174,-0.00000000343535432212303,-0.000000000494366057163395,-0.0000000000191844667924054,-0.115067477648654,-0.218107504063248,0.487564831323774,0.250367446405758,-0.709678964275836,0.00000000129890184746406,0.193763564410688,0.501256435769611,0.436825291146295,0.30012487041931,0.336065375129889,0.156544542688621,0.00000000131075810712024,0.103183987186404,0.33357970020388,0.0000000009409924296964,-0.00727914801455738,0.019098363469839,-0.0862956122603635,0.248453263448576,-0.109995007167919,0.85903656152946,0.0109247966670388,0.469846876253141,0.000000000957535057135105,-0.00000000198429512847794,0.00000000125925412497052,0.293183622647204,0.00000000230474320167157,0.231011315711733
"PI423566-M75-062",0.000000000244310338066897,-0.000000000753627506549875,-0.309836148054938,0.000000000324209991010964,0.432653089863228,0.908080137802576,-0.103885053190653,0.103632973165731,0.00000000148600630862882,0.0000000020048035365933,0.27416217922143,0.0000000012957395008761,0.378097472891236,0.682080407099723,-0.0000000000391103949326383,0.107390577738587,0.00000000100410798341453,0.0938560081268812,0.00000000104052005299114,-0.0560894869820914,0.000000000615972689604731,0.371147653785613,0.068033656070992,0.251234786547129,0.169173675425397,-0.000000000293119026493644,0.151449116086172,-0.0628805776011315,0.300129149276049,0.000000000576003473464469,0.00000000118782513831888,0.199455348096741,-0.000186208820036829,-0.000000000149816567266152,-0.155698323135495,1.05672577163457,0.0456521705380918,-0.00828594982795034,-0.44067115226557,0.214739981971735,0.000000000566147767815934,0.300187298504183,-0.00000000186809594948208,0.260721835436045,-0.00000000090066090894887,0.228006821561881,0.000000000813874642940375,0.459893485029145,0.107857042810252,-0.0814628238523023,0.0221340446304051,0.35764307479147,-0.0910717961462318,-0.163119285501613,0.285307523946022,-0.0678375022985242,0.0167100183436584,-0.000000000275575579726138,0.00000000301323750003075,0.0673755924507493,0.158802052245309,0.118573596652615,-0.000000000108932272669677,0.212300987549779,0.23653915634541,0.541954495413048,-0.0000000000883097762721909,-0.00000000354451852927212,0.404176895348198,-0.000000000528077477786922,0.00369163396326666,-0.352736554029644,0.0194348103386176,0.0366531748241716,-0.77528765285105,-0.000000000345955329098552,-0.0307373404698953,0.225648675704362,0.173358307396808,-0.138360938955215,-0.0827762609472424,0.000000000587286195018646,0.6873639189682,0.170483435944261,-0.00000000144107273150653,0.708734995854832,0.000000000931694215628566,0.205554794021994,-0.135753570470434,0.134025777854569,0.123498560497181,0.0287891562822892,0.344762770620703,0.268288192213041,0.000000000365503546082369,-0.17160136023271,0.354501425616791,0.116074304603473,0.00000000156622002486401,0.188380162402625
"PMS-009",0.117189748686055,0.000000000323683408033714,0.398728292488086,-0.232246893054284,-0.261826744886817,0.0000000000167444086843159,0.00000000177640538823461,-0.290681426597426,0.0408675562000452,-0.0230200049011081,-0.406220841898218,-0.0000000000558506115718649,-0.252998648547913,0.000000000565564712426433,-0.000000000540288668643097,0.000000000424094084041075,0.000000000698924398588717,0.0000000026393970291379,-0.235504328480751,-0.000000000665283277550758,0.00000000000469408182182131,0.000000000769581432337182,0.0214732230583724,0.108855156281118,0.150933185788261,0.0648612000539744,-0.236361766309697,-0.077821811490298,-0.0345345729314528,-0.0735277095129761,-0.151371881814511,-0.501778517477474,-0.00000000104733952144909,0.0700565956199945,-0.000000000459336065347312,-0.19077141851383,-0.00000000048389998288692,-0.515378356905634,0.0957004594227222,-0.279627463557268,-0.000000000267752446455914,-0.000000000978455225151919,-0.00000000113733309380218,-0.000000000737147467875179,-0.00000000145710718737646,-0.00000000118239016300407,-0.000000000139943225999448,-0.153757845527559,0.000000000740308992133205,0.135699453819091,0.141327999999471,-0.162892940109799,-0.0107431207749468,-0.00000000016568198257118,-0.148503076289739,-0.0000000000759132630548556,0.226722797770319,-0.000000000539518868781534,0.29229934467902,-0.0123558204363886,0.0763606814085191,-0.156972434657166,-0.057808779693608,-0.283823822645125,-0.0481715014366591,-0.382248246599434,-0.543656823345947,0.243524771666141,-0.11623660064397,0.0463317117082466,0.180757003098104,0.0000000000895197964079685,-0.000000000732558504449812,0.000000000626693679841815,-0.00185556967855367,0.119869264943071,0.0114233698882238,0.000000000965322650341041,-0.0309716249574394,-0.000000000136125305377207,-0.515757798841599,-0.000000000379811203720255,-0.0677047093664086,0.0438800838863441,-0.000000000966377511948947,-0.000000000769820844725306,0.260102774580726,-0.585302877642345,0.0000000014023310350113,-0.0378126833407438,-0.153293788073194,-0.000000000959510128414894,-0.000000000669088041591263,0.000000000320125315728145,-0.42480413428416,0.148989121227037,-0.156437182939048,-0.18479186363107,0.678032986020587,-0.118179963841973
"PMS-014",-0.881987904218146,-0.304598564253227,-0.649866369973498,-0.356031122242314,0.0491081953736097,-0.784843679774441,-0.268818631575523,-0.170303891823064,-0.0361890516170237,-0.412231932028235,-0.126730784965957,0.0662152814855778,0.000000000556804967551191,-0.00000000162208135507825,0.133823574689863,0.0409036339512005,-0.20637386324429,-0.000000000186084645155953,-0.0119893804808222,-0.255930715752287,-0.00000000148081235174501,0.152385755987176,-0.402334388072394,-0.265202980046853,-0.105024371020109,0.129669967814736,0.0333051117269035,-0.566579297052905,-0.333503017105251,-0.0488602890338434,0.00000000171508775154136,-0.114526075575706,-0.00000000127784065210712,-0.0686778231295727,-0.075012368647782,-0.00000000143427628906431,0.00000000097648204599257,-0.128849066248911,-0.123054385526195,-0.0589467419040535,-1.0960626308092,-0.102054204220063,-0.088663311852235,0.000000000549740515578593,-0.0677647630344761,-0.082449165440268,0.000000000742455005879784,0.000000000645927938316592,-0.332731423053678,-0.0793342475211325,-0.00000000124688352117814,0.00000000039649830983812,0.00000000223804994454263,0.000000000556032811045143,0.00000000107320008203191,-0.112941453826231,0.0447393301638815,-0.0000000000812779542866138,-0.812127191712865,-0.000000000524036474456957,-0.272047680611268,-0.00000000253505423811018,-0.05837047078669,-0.000000000744251414979162,-0.00000000162270680268289,-0.000000000968137927181315,0.000000000011227625801383,0.431475718157997,0.0889607292403491,-0.000000000335567991918075,-0.151827434975091,-0.660333965629506,-0.392817046321669,-0.0579378069194393,-0.669415107288723,-0.219615693774729,0.0947401816946864,0.00000000121552554741271,0.0630714197750372,0.0661058868340036,0.0127657061831198,0.000000000734839043857849,-0.0276747282187693,0.000000000398785723804516,-0.469634577455954,-0.193240211284785,0.000000000520686108056348,-0.535953799751432,-0.139936694991657,-0.000000000717942226671282,0.00000000161970002182433,0.00000000103270365725872,-0.558524789534925,-0.421144500292283,-0.67671980753419,0.14022910876774,0.0516918848362248,-0.0705018616047902,-0.266209029614891,-0.0626512153276488
"PMS-038",0.036765433817372,0.0253785435655404,0.0672406975401103,0.0000000000397405029870414,-0.0225363284796739,0.00000000185310714788558,0.0818300379718521,0.155660125712817,0.171530453138967,0.0605929902085644,-0.00291662946090271,0.423583930857649,-0.127678818324985,0.000000000621251691880344,0.522410774602925,-0.063243711526861,0.000000000628188390066726,-0.00000000109395472210451,0.0797008572706313,0.124529515756712,0.000000000339838417512128,0.116475150601248,0.347007010999124,0.284065486713241,-0.0481129915855458,-0.000000000493180803947732,0.000000000613604847345815,0.119801165890134,-0.0134809654735062,0.352907477359265,0.17422045348628,0.108911608685729,-0.126199657560113,0.17986759933338,0.0947350393706104,-0.00000000152510574881707,0.0419663758984577,0.286036850255484,0.0000000000109291227180138,-0.044377011148128,-0.157177128350879,-0.0489463583020908,0.192850751944633,0.000000000811614353615862,-0.00000000148006115448691,-0.0000000000466011351179953,-0.000000000323457149913528,-0.0618418788767236,-0.080817702533535,0.050485663574026,0.000301337592166297,-0.000000000635928108969782,0.103069162827693,0.194391034435604,0.0528854083933789,0.00000000111374440054348,0.000000000787733120896015,0.0698283017549303,0.0134727307092055,-0.0642687189699534,-0.0765272952713144,0.00364963115619421,0.134347052197263,-0.000000000530578366118248,0.0813653363704359,-0.000000000809521008903585,0.000000000327900427518104,0.0374327092805946,0.202551995599149,0.0951057625625012,0.152102752839808,0.140914254621847,0.145533429351295,0.19026498294806,0.0525125317003448,0.0860064297239892,0.000000000403263297667183,0.0680644121251256,0.342773687745896,0.0000000011376986398476,0.120792074174679,0.00000000201634643902113,-0.000000000351356863017226,0.0546109793771395,-0.000000000415150671511966,-0.174790212296748,-0.287976780508833,-0.00580027639525717,-0.0808401682879566,0.00000000111397634303547,0.615424985832864,-0.121485660182875,-0.000000000151533575549797,0.123283198121294,-0.125561984881659,-0.00000000271821735674866,0.0000000000903055141767098,0.0195681702215555,0.131053279564244,0.0973591203421462
"PMS-087",0.000000000841444936512644,0.0456735700833655,1.44707591358123,0.217695577189604,0.124097030157024,0.758138413147864,-0.0167755703555769,1.23507520787051,0.000000000748363221943964,0.238522908219349,0.260388190536886,-0.000000000454915602706969,0.0925867130827367,0.52376923320915,0.287332958259236,0.612309429956677,0.480479877431428,-0.000000000882275454582346,0.00000000064762742190974,0.766751780759917,-0.000000000579552673128591,0.241165086484344,1.50853720904343,1.20123809652271,-0.00000000128946466834043,0.286846587678346,0.66301965486469,0.459990005586585,0.516365864297224,0.0916169892220909,-0.000000000834813754792623,0.576495427397109,1.22596023448741,0.481471631819438,-0.00000000145567923598442,0.504535703105244,-0.000000000469056799138851,0.909930711322987,0.222360657455925,0.0824078207261468,0.497644501811889,-0.00000000118009964504044,-0.00000000135988340826725,0.0251860861823161,-0.000000000656042544398916,0.935675507042373,0.000000000721851443298566,0.278643855590177,1.66117778548333,0.000000000104134396285684,0.339944691413102,0.436014601442848,0.155841816749424,-0.000000000395738043976222,0.742295899364075,-0.000000000100243447747564,0.00000000052678676157694,0.0018662307712256,0.314114585973973,0.927259163928621,0.53557508142163,-0.00000000126587203694599,0.315596524397967,0.000000000746425792985314,0.000000000429840939831988,0.199501416782462,0.000000000277107012986346,-0.000000000374085916427671,0.258887569605457,0.872697168860097,0.279234672271123,1.33632980418186,0.00000000179466298976889,0.340624376931629,-0.000000000210680070380974,0.219518394819607,0.913340026892727,1.69650889492234,0.374957127877969,0.857840669315757,0.441421058947894,-0.000000000535368473994208,0.457664794474555,0.000000000400224540714041,-0.00000000094528146108616,0.000000000295361401000166,1.88060851595336,0.609978634069912,0.110587474010849,1.39141776322933,0.749758005709588,0.521438179520073,0.300025319560685,0.455869969407857,0.364754022641391,0.0295214050147206,0.427413854517674,0.974412637147275,1.59329448730623,0.438427275865821
"PMS-130",-0.00000000191956246800036,-1.05617084105482,0.0941432690078258,-0.471942961202968,-0.411253110993618,0.000000000225258367339628,-0.697761097145778,-0.00000000309600326828124,-1.07952986421482,-1.75726294521783,-0.0000000022593230549862,-0.00000000134901709094974,-0.329387975348464,0.00000000130790737017042,-1.66010210830166,-0.00000000113667201736526,-0.00000000157965368490328,-0.685792904503699,-1.29219613578212,-0.00000000233322672177547,-0.320039128748107,-1.12544473156278,-0.881141142887026,-1.66876674716804,0.0142339381016339,-0.00000000225119764833667,-1.01720309922526,-0.603886153340685,0.000000000046632445894401,-1.09619039281899,-0.00000000366428743544334,-0.731390277732203,-0.898603337006765,-0.00000000159539724853757,-1.3515537430359,-0.435849585915369,0.000169488904908939,-0.501916823766102,-0.00000000141964213729933,-0.938953606044115,-0.00000000151659382093053,0.118277802557469,-0.999477464775249,-0.457291134238218,-0.00000000269016143279635,-1.14347514804508,-0.433675776099242,-0.00000000213076300776928,-2.01989837878528,-0.0000000021789271275269,-1.13899297848304,-0.653173053172231,0.116269486620101,-0.000000000623738711414307,-0.344141763275251,-0.00000000116209906632425,-0.00000000233218799242505,-1.60612795785629,-0.486501120979704,-0.198480530341361,0.0896786461551227,-0.212051724838667,-0.896122522712406,-0.783985967335937,-0.00000000101356162785754,-1.20639126552572,-1.03826902426212,0.219907735519186,-0.141341820879366,-0.000000000534615719194271,-1.31569904240171,-0.0000000000722578967720768,-0.20638779637175,0.000000000655107554442281,-0.956945477009173,-0.971339961696024,0.36009783521954,-0.0874928976887091,-0.00000000130010264319053,-0.717999911391904,-0.597073170153442,-1.18049555016307,-0.544514006636448,-0.568746155441875,-0.439843450183043,-0.176009320271523,-0.000000000609148344239291,-0.796511081537829,0.0000000018093759292195,-0.0000000000246833988132897,0.00000000124597700036058,-2.07026819553718,-1.09678947596541,0.178000628909872,-0.755938683175285,-0.878005105143416,-0.842612274492553,-0.857386342483144,-0.520108147072635,-0.0000000011248207205567
"PMS-131",-0.000000000346682710716626,0.00000000187691174120393,0.24171666110609,-0.296284506240006,-0.509203761216989,-0.352151022921579,-0.62444182989595,-0.29936185073503,-1.43511283936819,0.0166130527711688,0.0636360927424978,-0.208837251555228,-0.509759813759503,-0.401943474330987,-0.277384242723732,-0.259524668223994,-0.00000918483139800662,0.00000000156850684346688,0.00000000110150823367967,-0.0845439384097621,-0.825167847702077,0.000000000935236257515459,-0.473172850701244,-0.00977441211157013,0.132337439640794,-0.380886926341286,-0.277360413266737,-0.292657695204865,-0.0786316878248122,-0.29608707605678,-0.320429500130365,0.00000000146958339191839,0.0623809875920198,-0.814700607279966,0.0489240488305845,-0.0487854597964483,-0.813817792564796,-0.367514566148981,-0.239963518261007,-0.424843551274653,-1.05702066041705,0.304227889641247,-0.255685308486924,-0.292206806558508,-0.403695040694068,-0.141105078874073,0.000000000428118572407655,-0.075862343561983,-0.673969532615847,-0.438265430483455,-0.0602230572566416,-0.596076715331988,0.139063141810872,-0.217092610526612,-0.622545161988239,-1.30318721495283,-0.154809027567971,-0.559928369043365,-0.482812533243536,-0.202364723169825,0.161846956524473,-0.0560325389895803,0.0000000017241959493122,-0.370458090301175,-0.00000000156866378443,-0.124454774027034,-1.63142377630255,0.12200290387911,-0.0123803524247781,-0.474314953815084,-0.993941972073689,-0.14694589754431,-0.241434819374917,0.0142064164273236,0.0389242281251296,-0.156693004104017,0.42832027649933,0.00000000139167867860455,-0.250562293277164,-0.000000000972383956005441,-0.179056172452781,-0.749488976958896,-0.0529431400214095,0.000000000381061346923227,-0.338193957843863,-0.559723916068209,-0.23445680530458,0.0329607685333506,0.00000000188588414717837,-0.464482216009148,-0.327461446727714,0.00000000258493291502791,-0.037772223813261,0.169758530214577,-0.0256712360036797,-0.18552054375178,-0.14105739495221,-0.274829688095605,0.133959253043367,-0.663265122801935
"PMS-134",-0.00000000185191202175864,-0.451743132181989,-0.149938022702697,-0.000000000911219949436628,-0.418689113189998,-0.133879257375689,-0.29180641569496,0.132998152867486,-0.626494798721815,-0.392045351388573,-0.301386391085708,-0.147537015950851,-0.317429558746885,-0.00000000289470916973139,-0.00000000158983968590233,0.086943142451768,-0.000000000370444893012467,-0.556444815303021,-0.333914131933836,-0.00000000158992636381154,-0.260455255782192,-0.616852552231065,-0.324802720041277,0.190343458343063,0.476224189752942,-0.0790234882639242,-0.381628679085205,-0.811088306078483,-0.486984459620624,-0.00000000226066408535813,-0.283797444469539,-0.30590030429499,-0.00000000236213181173449,-0.250288809809817,-0.560022737923515,-0.671641031267781,-0.413677540319264,-0.522802845172259,-0.267660797463795,-0.438678290745712,-0.396590347025491,-0.340104002748692,-0.105878332979231,-0.23763707959011,-0.0000000025570894770899,0.127110680147848,-0.479026992190458,0.229781210864202,-0.188812092635355,-0.708899409031086,-0.515169893447066,-0.526234857993972,-0.390417232011685,-0.361773428182045,0.00977853401252814,-0.00000000149896199796129,-0.276136476280858,-0.00000000140179143731263,-0.423139792705816,-0.417889015190039,-0.477862961895247,-0.353613715922138,-0.29757478695102,-0.00000000368165971276872,-0.727960309333596,-0.546738288401483,-0.370025191540398,-0.327634378571568,-0.347391288829439,-0.0664646800275598,-0.236861480581282,-0.260450895232622,-0.411692554809789,-0.441579538614301,-0.47390330990397,0.0723384918644717,-0.00000000368920124640685,-0.130963118451353,-0.371392570603118,-0.247789463802741,0.133374903632997,-0.56636492096718,-0.371975779670247,-0.513580994459546,-0.00000000272692923880754,-0.19153166984814,0.0386687403466829,-0.214667865351013,0.00000000312287918347253,-0.399949148879166,0.0994246799123354,0.00000000360637985692255,-0.680188529711133,-0.0000000000798927198903616,0.137773319982735,-0.330760019587615,-0.247089155436314,-0.317691428654184,-0.259941130618831,-0.466376299510123
"PMS-144",-0.107916321537135,-0.668351845837384,-0.523388454252679,-0.188464880756348,0.0725353741434643,-0.34375593824082,-0.421429215207974,-0.20349007663554,-0.364944385473968,-0.486114326656274,-0.667256519305195,-0.240169943480913,-0.448165174435601,-0.479129160221348,-0.364479677854688,-0.000000000283525862641376,-0.551785303553247,-0.00000000191972919287662,-0.260051746727619,-0.00000000067280416568564,-0.497752123813425,-0.768737435245893,0.192491217172551,-0.313412557010794,-0.428121641997076,-0.347623079739826,-0.390992472202625,-0.632934256276178,-0.527664250918911,-0.00000000159295976970264,-0.00000000277738355851982,0.0000000021124480170933,-0.253428622682665,-0.274522359225807,-0.554439371042367,-0.0623090779218857,-0.00000000285422649368857,-0.409034586227169,-0.543449673704793,-0.463890333572847,-0.000000001250162322451,-0.00000000362846098703356,-0.00000000109250073880091,0.146719975744611,-0.00000000162565064428578,-0.320709551560863,-0.00000000106180502904704,-0.568585677196594,-0.408552364655259,-0.176515326619093,-0.210345195005017,-0.542988498553378,-0.428328011680955,-0.362720803299255,-0.0799678546602097,-0.244817625849139,-0.63631038290663,-0.203998671988069,-0.276941188650912,-0.00000000200405606482964,-0.387046348831587,-0.495258201457175,-0.00000000189564698419837,-0.143244617890227,-0.176299260492986,-0.484491004615677,-0.00000000179119439383518,-0.707818691820523,0.0822862468230835,-0.406361915123316,-0.389047962770981,-0.301162512565515,-0.506627945127142,-0.511015934178784,-0.273936360460139,-0.0000000013828918590684,-0.528692169941715,-0.361857834295636,-0.0579956894076982,-0.0933920492155385,-0.190239357518272,-0.592195493532569,-0.263362578627896,-0.42549453256856,-0.191421120664947,-0.00000000207403709918762,0.0383904555086213,-0.20958029060197,-0.584906069121079,-0.325571865625478,-0.00000000165222878353321,-0.00000000193186136467603,-0.463551669677804,-0.451516084103587,-0.00000000175170718101662,-0.0767520636729992,0.154936350268393,-0.00000000181672055356403,-0.0000000023124115909215,-0.00000000323839018255689
"PMS-159",-0.165387686114114,-0.248197037646875,-0.314707026713615,0.000000000283770461490373,-0.305327259878586,-0.00000000028880015671635,-0.341053659586894,-0.000000000146105008268905,-0.000000000927221680559572,-0.000000000185136210641268,-0.272094699324723,-0.375984587031106,-0.491333774993031,-0.392159256756449,-0.614194557952112,-0.0784946137480095,0.000000000165029091522647,-0.171120653051593,0.00000000246718576420680,-0.00000000131083581200118,-0.326682624936521,-0.409438424609658,-0.339562317881232,-0.00000000219640197532746,-0.0000000012908554129482,-0.000000000819270136051689,-0.415037334944983,-0.000000000918082676780094,-0.183156576223121,-0.000000000990533100911218,-0.359031872148219,0.0265845838692587,-0.179717081855191,-0.000000000286082837400428,-0.357232155486485,-0.041271696712889,0.0378306427156909,-0.193873325121994,-0.298291854418753,-0.102818401386858,0.730585596424307,0.741792691241522,-0.665121305995079,-0.488727880211915,0.102969523078869,-0.31198400496147,-0.000000000679814802920943,0.243186582343671,0.172519413721875,-0.0727310108983537,-0.326890899680559,0.258841263228846,-0.332901217499155,0.0000000011789706135812,0.00621926986030434,-0.00000000105238397097555,-0.239433833866849,-0.126466441539804,-0.343995214978767,-0.000000000793758113484836,-0.29571765661336,-0.00000000217896073916139,-0.387239834434697,-0.00771398057475764,-0.371399668629926,-0.0566691210942257,-0.142339363770533,-0.348948871613175,-0.436260489491567,-0.263881204991131,-0.00000000302067493465144,-0.0000000009821650303249,0.000000000193262193630376,-0.12478385160552,-0.511872321064912,-0.000000000879067722544335,-0.00000000102924554381487,-0.252577263710617,-0.000000000341650101815619,-0.201800430045323,0.336393817136836,-0.248850358128559,-0.0571397884012898,-0.0000000013345601596233,-0.00000000280002454402893,-0.330690861094382,-0.271481984571306,-0.00000000161713475332379,-0.237945556140103,-0.0141323575164424,0.00000000278792471771769,0.00000000373668412904438,-0.0000000021483069937209,-0.0925538920568128,-0.00000000039691308135788,-0.356266047460095,-0.544830256186324,-0.159528595742623,-0.3568766636133,0.0000000000721631849254791
"PMS-161",0.00000000120764786324917,-1.36140565398893,-0.726093700091137,-0.252792301606364,-0.00000000146169132819527,-0.340261742996235,-0.215117290086755,-0.000000000903871379560988,-0.17495803927804,-0.30186203689804,-0.000000000148523327003633,0.000000000902675114796653,-0.515458494804995,-0.244461101246023,-0.0965605096817982,-0.178438169477892,-0.00000000199060993332293,-0.907421636218509,-0.429462447436756,-0.428121322426203,-1.3499958553694,-0.323620554540877,-0.000000000262057957528103,-0.0279713641825063,-0.00000000134039470172435,-0.270281707662457,-1.2965043061264,0.146558654009048,0.07598859377245,-0.00000000176300860623794,-0.00000000193230776438128,-0.493594860474686,-0.672281396559387,0.267638356948248,-0.154561001188689,-0.0000000019313693084,-0.753967706488139,-0.368095124755493,-0.00000000247461734292808,-0.339583433503655,-0.555643010291924,-0.00000000281212698592967,-0.194310560480418,0.2049889044196,-0.000000000930989445051984,-0.534327121323086,-0.696139597075805,-0.383675493434977,-0.349916762996405,-0.00000000127382377330315,-0.125563488754279,-0.570494237308196,-0.461738063203309,-0.0000000000907017528658085,-0.129552930735391,-0.000000000362459009512126,-1.2538518721786,-0.452087001939041,-1.01825408651693,0.00000000030264461883989,-0.00000000197221013044371,-0.00000000151676758142095,-0.12477609326192,-0.771759954946172,-0.962080503270164,-0.187143353998908,-0.000000000709191619591222,-0.267731256264713,-0.414645784926557,-0.0722711825086628,0.0183472372396784,-0.525057760303506,-0.372706195099569,-0.37918845171508,-0.000000000980395087203284,0.193882774153872,-0.248378774107307,0.00000000310695847627923,-0.0383285121795891,-0.0000000000678905960494336,-0.294727559335466,-0.223914891210077,-0.255811395217319,-0.182345534400659,-0.3426555235602,-0.00000000188798185553729,-0.164140753845176,-0.134969001125112,-0.626486901345505,-1.12389601236328,-0.887441515679073,-0.863741154996952,-0.368028622684854,-0.260063013465687,0.199836740826447,-0.220414732818573,-0.334869683159377,0.195049363705066,-0.320266251977658,-0.00000000248820014742233
"PMS-164",0.351583061922728,0.0000000000846337064144771,0.000576682383882597,1.37832063304856,0.387890022858431,0.00000000229355468056433,-0.0506832260968736,-0.0353922934793294,0.00000000169559663203853,1.38145085484828,1.14717971924019,0.795288017517473,0.0824091768511599,0.122996111928833,0.318345509413909,-0.000000000211365450101959,0.665098791103022,0.256914266393728,0.00000000221386116723431,0.511323579137093,-0.00000000037615621711857,-0.000000000477355732669586,0.522527832154146,0.45849081149888,-0.00000000033078798052845,-0.000000000632330600542755,0.0481428357350602,1.23208359076986,0.0399802113662934,0.337856415652217,0.000000000399633853443583,0.350628169348368,1.17768327993852,-0.00000000134171718331976,0.207894036846843,0.0749906853402301,0.932587135477373,0.0475790777659869,-0.00000000155795657900607,0.885206366013383,0.198948982510906,0.199579899011987,0.000000000251297529617170,-0.000000000616784486139079,0.157234814697739,-0.000000000275784558580402,0.252301514720636,0.318092501297812,0.0598319122854548,0.428847414510713,0.658679413392424,0.536268937456635,0.165334131777376,0.391603008864169,0.884346223637169,0.656585912254834,0.462852467387917,0.484951160725869,0.278955449199018,0.130267289457689,-0.00000000137789095874666,0.155553188540041,0.418403464672361,0.545523258546836,0.568930010983645,0.229209537278974,0.161188712492904,0.263420572725682,-0.00802404771437481,-0.00000000107534143048435,0.408641742575772,0.508084695726729,0.45401042510982,0.00000000239265939274092,0.667527280588585,-0.000000000494839155331668,0.560736878970376,0.404616590215267,0.00000000108108174158827,0.0231415569471759,0.338409944916153,0.529266139648482,-0.000000000982494815616425,0.00974014458225917,0.654592537224992,0.790950342325252,0.346772642670924,1.23594849016278,0.323934088437994,0.45824647165244,0.00000000284666171123659,-0.000000000500795860883733,-0.0450827132926287,0.255384531299736,0.000000000991713148122243,0.634809368484233,0.36718535539676,0.432165916417073,0.224888212860475,0.607751004495557
"PMS-178",-0.0000000000745204069610192,-0.660569189761309,-0.678199595234118,-0.000000000364038577369439,-0.327299254002741,-0.585379471887483,-0.474937735279355,-0.482482825068351,-0.610557872623257,-0.633453188527595,-0.420782476690011,-0.373597614851976,-0.699532285409627,-1.57611453509964,-0.778599875067133,-0.569997106848749,-0.472487228408165,-0.337528665483733,-0.662151421000532,-0.00000000164892331362629,-0.544654611897633,-0.825480392710359,-1.22406720068228,-0.367852264964037,-1.17397789267516,-0.00000000107925282688349,-1.87729996819268,-0.834350371866899,-0.549440162562998,-0.00000000311334484968272,-0.581257066782353,-0.417275452579755,-0.00000000294584365987164,-0.123702356010284,-0.683000150026793,-0.00000000334032605266344,-0.634017223750616,-0.0412540072067156,-1.3308501965968,-0.67868770071828,-0.00000000165034300546537,-0.00000000194195305394229,-0.398932389654351,-0.278299132294676,0.00357688875320983,-0.890886924448845,0.000000000923618287520079,-0.00000000103887995764567,-0.736184417004511,-0.584213208036427,-0.797636995314555,-0.00000000296895216605067,-0.00000000157810870438144,-0.00000000274360559673044,-0.354298386697747,-0.605734136523775,-0.714827190464246,-0.00000000253516950952586,-0.632035985245794,-1.63616275156221,-1.3405083828155,-0.559741823463765,-0.0000000030731175567131,-0.00000000372743273714642,-0.689262107625088,-0.544335730629981,-0.952654053213088,-0.590800097367864,-0.640769805177122,-0.352843351581994,-0.577711676323052,-0.913338370605366,-0.680644662530819,-0.183441030932421,-1.16513913902002,-0.00000000223131963377159,-0.0000000012072800295116,-0.716261114994445,-0.530487376664108,-0.629351610014785,-0.00000000191807573965584,-0.00000000116941059041211,-0.59890524385008,0.000000000511679374844927,-0.0300649484620981,-0.0988731361693074,-0.00000000175534076564386,-0.401242368464598,-1.15496281530505,-0.550295032175832,-0.795690001030773,-0.384362026025621,-0.536823040397542,-0.964428716790311,-0.00000000177817597168773,-0.657135731373075,-0.00000000128409963979846,-1.18357302680821,-0.69101581187372,-0.719282613151072
"PMS-183",-0.0000000015153698307451,-0.39291973101846,-0.454820853469528,-0.000000000687007648451219,-0.251872180574359,-0.150434927779807,-0.557420027969196,-0.00000000165462985257206,-0.000000000611212801034966,-0.00000000286889524356502,-0.00000000186266511968965,-0.0000000000887008234635522,-0.526736421391178,-0.239124988168797,-0.0677697707991045,-0.271801883155171,-0.0000000013295560820029,0.00000000181765956147207,-0.00000000051830038760248,-0.243567511212635,-0.00000000134552317314549,-0.311820323068925,-0.16760023787453,-0.773356186662084,-0.83438284141551,-0.259577611754342,-0.451667879346943,-0.537768874924847,-0.35004009308112,-0.17828991426515,-0.514579949715119,0.053223774013666,0.0424413303043422,-0.0000000018624018769096,-0.267585642389808,-0.17585966102204,-0.000000000515312853497515,-0.52406082163172,-0.00000000137892685045501,-0.250984061604718,-0.430620079286689,-0.00000000110462626985667,-0.00000000252270295085706,-0.218517301770626,0.0908545394280734,-0.338872589349633,-0.000000000744379950039403,-0.000000000769099297091163,-0.451009103354268,-0.000516831209080321,-0.00000000149709894193282,-0.70582967468053,-0.376254391110924,-0.29003618463365,-0.737236436237673,-0.00000000113609636151253,-0.434219034430845,-0.00000000144174044690936,-0.36855091125279,-0.936938643611119,-0.00000000139990173844956,-0.241121070956795,0.00000000163053789370426,-0.60147454432771,-0.103379663281986,0.00600066350032834,-0.813644730882022,-0.000000000459889262070693,0.0504494360660133,-0.129925772215119,-0.262158578283768,-0.568593623640863,-0.00000000115726235347009,-0.538435531444212,-0.669194594870882,-0.000000000967495703874111,-0.401071110793136,0.0501925626622735,-0.368741510652145,-0.278382693159965,-0.666347450599304,-0.0000000000892185720118557,-0.0896355310097742,-0.228689028937799,-0.431109405288336,-0.229791418568571,-0.00000000139233470705931,-0.905658158187531,-0.403203169226298,0.00000000118848335201183,-0.000000000988684213031518,-0.00000000213991531100769,-0.432795178822595,-0.859732769887093,-0.000000000000489489914252732,-0.455040995163644,-0.202127246001867,-0.000000000222205805873426,-0.0000000015033209421408,-0.341749937628743
"PMS-204",-0.00000000113943085397338,0.104156359591734,-0.000000000985762274298129,-0.0425597782857676,-0.078869130750989,-0.00000000070473152924074,-0.0927100145015664,0.000000000591883493455751,-0.00302659128563145,-0.0926315818256236,-0.00000000191977989701366,-0.155609207331677,0.12650029232343,0.189329680630725,-0.289526565270212,0.000000000231264479611846,0.0498628915483959,0.176110987443042,0.00763643678184368,0.0717180542841178,-0.220413511735283,-0.0697165595626246,-0.0138081659851623,0.0178961676554804,0.188013446329986,-0.000000000223427885790171,0.371775253932989,-0.0741711772242648,-0.25122891497428,-0.0620250642683042,0.19890593301636,-0.131933929463233,0.000000000499261752023126,0.000000000218116147892465,0.107634860660413,-0.00452863236984518,0.121130899529571,-0.180180852840927,-0.00000000222718353901483,-0.25713357175547,-0.712742615559682,0.0735672865600676,-0.0391569520248816,-0.113333660606153,-0.0000000000783141846140869,-0.166081668064458,0.114693643925882,-0.0995987938333251,-0.00000000194910386968937,-0.000000000430024436486184,0.302237135966698,0.00000000158018607734388,-0.00000000145782298643541,0.05825064026378,-0.0353258563265779,0.0826663904065898,-0.0763315435228397,0.120070835016698,0.125534144236789,0.267775030724173,0.00377820660659614,-0.229589434531345,-0.16830469403189,0.15125313259052,-0.0282253602011471,-0.00000000252822923355459,-0.259239952513967,-0.000000000196883401597559,-0.0627460097477933,0.0748242565244395,-0.168090239704224,0.207415256958996,-0.262026708580715,0.0209419993289373,-0.122233175000682,0.110859359429025,0.129741484126445,0.0631920584241731,-0.000000000183434552704168,-0.0600470729623133,0.204300756555384,-0.261021112101913,0.000000000337268570941569,-0.0996520603738681,-0.00816120054918815,-0.0342104715047428,0.255156897286228,0.0893720341035117,0.00000000196632983008147,0.00000000146299154705842,0.185587350558702,0.178881538921555,0.000000000530040261228121,-0.090357619061108,0.0330560088320323,-0.15258788346567,0.167441352533214,0.0000000000348363097950817,-0.184518585437468,-0.274851209926415
"PMS-272",0.219110020678552,-0.119036058794727,0.0672831913703315,0.00000000098961326227928,0.0482537272977231,-0.0430172926287438,0.154033760704826,0.0957320107178253,0.00000000163039609870235,0.255510128727085,-0.00000000129584550843502,0.00685655809656303,0.157519719904402,0.00000000267848799294075,0.0000000010907012804571,0.139551345120918,-0.00231170904142922,0.10699438067032,0.000859282758409272,0.0331214521764623,0.0719425601518136,-0.176834857579046,0.22094382267679,0.00692859141403102,0.0900687161820859,0.0708202768582781,0.0990719501559233,-0.246069096919671,-0.0414095880590343,-0.301797005539113,0.00000000169026467082701,0.317805590809909,0.0868764321767224,0.107363778201704,0.146036971429916,0.325447509988755,-0.0939453184099784,0.0257809854682715,0.246323740477166,-0.0614286123067146,0.201316282929661,0.156669255549354,0.132304268613602,0.00000000144518165320033,0.237101965323908,-0.113333670317791,0.268273082741088,-0.153366797609922,0.132935811314713,0.145234959405054,0.234919353342236,0.00000000134478863403091,0.0698664379175261,0.163001886071212,0.101840342959306,0.249855709419279,0.00000000117498704311348,-0.0793878834220738,0.107702667882289,0.0607828967681849,0.159453739457456,0.143987831058262,0.106861106464393,0.000000000667592631487389,0.187149575526921,0.000000000817452489957857,0.197996989147132,-0.197897963002274,0.0296446229152171,0.278914787041766,0.122593359586331,0.0866255644360142,0.203229072808314,0.0899782337053347,0.000000000469096806199349,0.160365700555097,0.415726927538569,-0.0357845455327225,0.0976244097562633,0.00000000138694547972647,0.105387719481446,0.177619541494535,0.000000000891931564149355,0.0808651257262943,0.197917592250763,0.168517247486058,0.0849175684362235,0.146244186726781,0.0684501210532309,0.00000000149815867758304,0.000000000922428284975494,0.0939333474047955,0.1519693921743,0.00000000230139585392229,0.0908714543528766,-0.306036776120471,0.0881894975496525,0.00000000062961926991177,0.20063663437242,0.564558663962075
"PMS-285",0.989474933171954,0.0000000019999788080701,0.00000000139994799040683,1.92432022168256,0.00000000103402271987138,0.975819499732814,1.15728506888974,1.00338771570841,0.379612678488036,0.787860593754326,0.000000000744274395578404,0.00000000169597748137483,0.835803510290943,0.00000000141297238919582,0.451658232153685,0.886936243527032,1.33403825899023,1.17144083942756,1.05405717140895,0.362955990844072,1.49812298948769,0.00000000234993429132133,0.000000000784742861514142,0.891938146938306,1.0162943960213,1.48323600223873,0.450382942169082,0.534235898786627,0.569179766151754,1.33062089817244,0.000000000803390547839258,0.670111339859414,0.880150671392219,0.834704000283482,0.208218009349901,1.76698497458096,0.569574144712203,0.798607515809756,1.15785090361906,0.725933260266004,0.874252645411853,1.08312967590597,0.999407541683031,0.000000000263962100083652,0.833857488015416,0.773716504508072,0.952145963274818,0.848284826927286,0.0000000020104321468483,0.00000000141443014057161,0.00000000125847462287999,1.02930751576755,0.139835399003312,0.928558858932041,1.33804480740207,1.51011386381482,0.00000000132303225360043,0.00000000127727129042305,1.1124811080195,0.00000000181174743436031,1.62420318529663,0.000000000887634166727955,0.690239119778089,0.936319263517479,1.01307837339546,0.945313386675286,0.00000000149483829831344,0.721182484987852,0.00000000164846914945021,0.615494786211074,-0.000000000039021816003004,0.482026883060691,0.000000000553705466439462,1.0107536100622,0.641663291736373,0.000000000229241396041765,0.147036349801011,0.803425427691359,0.850452319094544,0.67333159550017,1.46070402822134,1.05282535404978,0.00000000121457431634773,0.960511786312837,0.000000000716219190821697,0.0842274822548272,1.26776735656986,0.546445459948337,0.533159802448522,0.0000000014072599520846,0.00000000245267074009583,0.938080603094111,1.31367779128031,0.839058238204784,0.384324164647106,0.560794792877829,0.791973812263901,0.00000000100494482226118,0.895981065058532,0.00000000177546095300455
"PMS-293",-0.0069769664106019,0.349473854955873,-0.10766041225459,0.0167612690510364,-0.044037700083528,0.000000000982701187162931,0.00000000224453710438339,-0.000000000204917297570787,0.117405581676254,0.188765134444456,0.0000000000612033559387959,0.124367945753632,0.332016302242768,0.323246404630637,0.301097612919656,0.000000000375684146636493,0.231571713770257,0.0572345768670825,0.00000000141234400973197,0.0236443089769539,0.34292045385843,0.000000000959534506666034,0.179512518013901,0.439404250516952,0.0000000010540610166165,0.635974077514013,0.00000000127529222528354,0.000000000795238716630178,0.157056769989634,-0.0298637899258465,0.213362047133142,0.174610471923845,0.141684559094394,0.289083154806291,0.00000000027464671959015,-0.152231894560473,0.000000000300714561286851,0.000000000580714727697054,0.315580287579752,0.155177372211528,0.421527867336629,-0.00000000102113793256315,0.179925265519273,0.00000000172588436466874,0.16513714752975,0.0933741067811572,0.00000000146442092842799,0.000000000351074924780396,0.247182203747404,0.0279820174835349,-0.00000000065236755401299,0.330091350557418,0.119990329011885,0.000000000804987264636022,0.00000000182025567047012,0.236160387066806,-0.00671708860197013,-0.00669063722303091,0.00000000150687294474866,0.204125995693787,0.000000000430819158613517,0.000000000873498333767801,0.134638297589024,0.415168998098794,0.000000000222216645787358,0.000000000811216200736161,0.13330927896533,0.000000000489647686827531,0.054431582186074,0.227619211987224,-0.000000000719304339308073,0.14187436210747,0.472977701079602,0.316055986266888,0.0843929267033956,-0.000000000491181986072339,0.327329681056043,0.430044323826347,0.0000000010271819500204,0.478382307103646,0.255238771828789,0.420490283583004,0.0900792083586102,0.00000000120554360322377,0.0660774012416302,0.0000000000527707172814499,0.157408794908859,0.000000000892738583559778,0.213685486655334,0.00000000171138269092882,-0.0300741097140786,0.203270825872715,-0.0264579502361626,0.00000000107148999582253,0.000000000283169774939155,0.168801494370494,0.0792369889692626,0.217120783280832,0.000000000621876537408637,0.252655646038407
"PMS-300",0.00000000150365398368412,-0.00000000190814115854772,0.0360930935654782,0.0646993627906261,0.055772907817087,-0.000000000695533217113743,0.122422946650691,-0.0411263352935021,0.104778797558987,0.121072367007122,0.000000000508830763176706,-0.0552802430660289,-0.197231302862365,-0.0995481742234066,0.0208003012262413,0.0177271441975567,-0.0823895251611841,-0.0803445149825919,0.255306017239952,0.831319101937019,-0.00000000151552536385087,0.00000000098920078110059,-0.000000000739505002843029,0.120762748832323,-0.00000000158540715659256,0.195416753968391,-0.144434430465478,-0.0886049515536325,0.029515621509895,-0.0275700633940719,-0.054899652292898,0.00000000263927141096985,0.000000000187295560351826,0.366923785007061,0.0794141742297611,-0.000000000258752275774277,-0.028003721278631,0.765273461749696,0.356591289192895,0.190843229779946,-0.00752293679190658,-0.00000000124535293371901,-0.126146763145199,-0.0819516327258948,-0.000000000961938364886077,0.0989524555225982,-0.103259333159857,-0.141885523659488,0.000000000340713504163863,0.241267093500635,-0.00000000142041106021299,-0.000000000605262894289529,-0.118259756368479,-0.0676739101078691,0.0776475047055367,0.115410093747976,-0.0968661020773437,-0.000000000348868620575327,-0.0969307293872323,-0.12232818532798,-0.0000000000182774711946132,0.73753183322214,0.258655076481582,-0.145593061051329,0.554803770179563,0.0936199330722999,0.183468092784922,0.217557121195243,-0.189204743066148,0.671032854397728,0.236595062145649,-0.357237093924642,-0.163288867707097,0.00435525686310722,-0.0000000019799462714983,-0.0451688414962976,0.0459300673120942,0.863077032109761,0.0202742798816661,0.000000000665592316234982,-0.0868196371341545,0.179382411346082,0.00796476237449996,-0.234461968870143,-0.0526233281401066,0.48882707588256,0.707427034507614,0.0486798855665331,-0.025552567535331,-0.0750892049768203,0.000000000376832670499583,-0.000000000826104214456405,-0.0243443072168128,-0.0981300003595458,-0.000000000382977331796886,-0.0659841169727363,-0.00600904740085942,-0.0505097076479655,0.219390051840798,0.138343071133586
"PMS-303",0.734292205663875,0.71495773180877,0.0000000015544860339333,0.548864162073952,0.685384113700188,0.659082220586669,1.36509855977774,-0.0000000000748399721158924,0.695647204170229,-0.000000000820073936804014,1.66717748844537,0.746092269289839,0.733835092118652,1.34135801224901,0.759941489596558,0.957554525894574,0.00000000139141623493541,0.00000000066039186675587,0.670217573900953,0.00000000116589262729891,0.675848952671864,0.663164901099308,0.0000000000842794613951937,0.0777167266955778,0.936937806342604,0.395180501770448,0.85453340846197,0.534527241758464,0.703973998249588,0.812312343580201,0.654364283220622,1.13618835887333,0.226534344379902,0.00000000162436642175495,-0.000000000322752587382743,1.4593225564669,1.44960072753694,0.336010699817623,-0.000000000129558080610833,0.28951516465256,0.550687578766492,0.000000000310472289132515,1.00982242037332,-0.000000000762439223658529,1.58330103300063,0.492179512891147,1.15919904298799,1.0442260624844,0.944500410087078,0.940898281216864,0.153252438393335,0.000000000564396096869115,1.07217658409028,0.000000000428913399530447,0.000000000938423693672012,0.00000000171818702608414,0.00000000178474756807604,1.15250676645792,0.43288818761298,0.000000000643425629038369,1.34905735901258,0.000000000556430162991588,0.826896528343078,0.510947266135173,0.871756909796601,0.79702134669989,0.830940554322274,0.730977143512681,0.309791587377023,0.731040643108308,1.50071459317027,0.365568937970529,-0.00000000058251463983932,1.72041757389941,0.828031581284035,0.723833294087979,1.23185856014055,1.73511041387108,0.620061680448522,0.548978412796012,0.985656175240904,0.833229664957153,0.741192921171,0.837737451783873,1.13370983545751,0.0471613221481664,0.000000002143500647518,0.769585116468928,0.00000000270921136492621,0.000000000646424318517299,0.947302440172066,0.430083405739409,0.490772828390524,0.373864745523648,0.615224164887559,0.294595213433192,0.00000000110669929938262,1.54751220832517,0.000000000523855058912952,0.932421855214044
"PMS-306",0.0121678808159055,-0.00000000186939391233919,0.132206564165008,-0.0341595623048584,-0.00000000103077491027972,-0.000000000512792669403153,-0.229403826241889,0.115281248667041,0.00151874801324558,0.171584324948074,-0.0000000013707297680374,-0.000000000880289859005534,0.00722476263621092,-0.00985007306783555,0.00000000117398988854613,-0.0261670035899177,-0.000000000620827287929648,-0.000000000451835414597925,-0.0811270603629858,-0.210208950213226,0.0647796210715528,-0.035827794624778,0.28196457272996,0.127046189069582,-0.255064128619926,-0.149214675075613,-0.176851467320433,-0.0000000000660752211992186,0.15643300020851,-0.128857833777875,0.000000000895482444424027,0.439767674582216,-0.0411277202720225,-0.0188212205407387,-0.00917431433184131,-0.0552035516104515,-0.00000000115151856666707,0.255001405506068,-0.00000000124720354888236,-0.334552577738906,-0.30755049137818,0.0872151116049308,-0.0248398618631985,-0.125950409063887,-0.0289039358023957,-0.0136099954566067,0.169153095592036,-0.118087174864081,0.0656771602079668,-0.000000000512706832701164,0.220849556023298,0.27219105922514,-0.000000000358430449054713,0.122233176934606,-0.0800595710508844,-0.0000000000713585583262233,-0.000000000827357746776996,-0.269163907285409,-0.000000000260685247213143,-0.406887719386013,-0.00000000127382239105586,0.252423033467882,-0.00000000129692205862446,0.0380814532318857,-0.000000000524202257008780,-0.0882637695404762,-0.00137592042667076,0.0152236193612378,0.0462999659204544,-0.225485483613616,-0.189541379654271,0.0685234839079487,-0.00000000169704408406907,-0.0175413341494132,0.165068316175921,-0.000000000174560547259787,-0.00000000187226750325397,0.123011979220815,0.0222545745203728,0.0445202035280794,-0.0209255353129907,-0.0952759709973527,-0.0839644103510732,0.0819321803091471,-0.28939645177515,-0.0415196090217537,-0.000000000486908860372570,-0.0330344308001468,-0.0528124218417389,0.20988839043895,0.104888879082034,0.08901116995169,0.0914554557225833,-0.0932599728028392,0.118176836511613,0.315149041024842,0.0277044854933709,-0.181351779203208,0.16589765593692,-0.211152641272171
"PMS-314",0.653420644415786,0.590939166087222,0.448285568154846,0.36231335669777,0.452767644952639,0.0862097255368111,0.444835937235506,0.000892716650884318,-0.000855359161330659,0.213612650700293,0.488329741161781,0.459712681786981,0.65413955978687,-0.000000000915291299848749,0.81367769033341,0.18918773222163,0.000000000842299299087893,0.622439831577948,0.00000000235459754638617,0.214044285062569,0.771149812890051,0.519336130688829,0.813779524377567,0.492790068639461,0.651765880529467,0.421955330077188,0.261665668711795,0.583540445016879,0.1523821396664,0.000000000878559180031733,0.262113898487043,0.00000000272112858021514,-0.000000000879879997438759,-0.000000000421174834743012,0.275936378764578,0.569792687042972,0.859552840815233,0.159180378050363,0.393122173738335,0.0253968900227299,0.00000000126048358543282,-0.00000000129451836686927,-0.000000000991967139136416,-0.000000000999232620763712,-0.000000000571842315868954,0.22901251229493,-0.0132254780829045,0.00000000176249990307539,0.679223769621412,0.168179710577815,0.0750878791350532,0.890586379736237,0.118771049128674,0.000000000561693770565163,0.0528311490980931,0.00000000125557537223931,0.36025905614695,0.496835707681319,0.437388308643565,0.143140258820137,0.444331546052155,0.187953190699579,0.791257599861676,-0.00000000124768400365677,0.993653153986037,0.319668212760763,0.403590629451498,0.348944652937816,0.196380491612933,0.505472155320009,0.314018319721684,0.283611309810306,0.406132445809867,0.307655779703278,0.632824779899696,0.000000000411228804918992,0.294518321597944,0.000000000944776228677298,0.290402981136632,0.373983577160273,-0.00000000052994741574293,0.371135697131387,0.494496773674336,0.00000000154017228734034,-0.000000000125032654456731,0.55144746451466,0.455590292283469,0.203458596434429,0.00000000276203864789647,0.0000000005199088827663,0.516523777789807,0.935272981101393,0.168440873057322,0.289113619074749,-0.000000000204275519386087,-0.00000000183475787551979,0.283395407188282,0.150890841031317,-0.0000000000340152046778828,0.319078927698716
"PMS-347",0.375831446598838,-0.0544058066189301,-0.275799444400018,0.00920627437664575,-0.0377442558802655,-0.0000000000100615882078152,0.00000000202418102054877,0.00375887118796541,0.493764240088825,0.0519634975597969,0.000000000590058514237107,0.139290683533609,-0.17117327612368,0.60875151133762,0.214829684471108,0.0000000022258078258766,-0.0544367251439425,-0.000000000249472597793283,0.00276833599576149,0.238560176436589,0.0271726647866151,0.00000000109196304366612,0.0745785794136787,0.118280647419313,0.093515382451968,-0.193627753431991,-0.303094324624754,-0.306472516020846,-0.0376930515353535,-0.0272245159761469,0.0434441141667116,-0.00000000155265002911505,-0.000000000337664412372149,0.208034900519443,-0.0387261607231523,0.416718821294364,0.000000000990168353672559,-0.00741786019669608,0.224943571964388,0.047758299851538,-0.328876475255467,0.0353870874814063,-0.00000000114099926957764,-0.141800130383101,-0.218637552900252,0.000000000195525338076051,0.0599155971839705,-0.0111083729330494,0.355876060238239,0.0342459588361908,0.079941947535098,-0.0000000000194424258239371,0.000000000209060467905677,0.000000000302983497538297,0.00000000107011879099773,0.196485116553563,-0.170721450460751,0.000000000649610859876584,0.0216723880814368,-0.085274348495466,-0.000000000959033220976094,-0.000000000745102788087961,-0.427833328163252,-0.0738129097837522,-0.0000000014135850662847,0.142042241904804,0.151665449465801,0.545591686097767,-0.0647188659674668,-0.065867940117193,-0.00274466158555047,-0.0155795248241407,-0.500995894279743,0.033862230653737,0.169652728698987,0.0299763712058358,-0.0645012691033345,-0.0903466729042545,-0.113552457519622,0.11460157508388,0.0411348515211015,0.000000000120982734839292,0.133387363362619,-0.0216857772796313,-0.000000000433442112026311,0.000000000564606877479998,0.0000000001596206771675,0.257116604663809,-0.0210273352845871,-0.0864960430255425,0.430638427673225,-0.000000000406621966035051,0.0289590030689018,-0.0592685545102623,0.00496425773880781,-0.0165034103739611,0.000000000425184576723026,0.000545318884214938,0.0723998955798079,-0.110050359751497
"PMS-359",0.000000000809683689317594,0.394425906865479,0.00000000114639648708297,0.112667281621341,0.000000000932432290505725,0.625777928514589,0.57368858910002,1.05427412752077,0.134836947813315,1.16149688378826,-0.0000000000951449598109617,0.00000000038750188064836,-0.000000000663016251447987,0.000000000742285187675363,0.394828549286144,-0.000000000220668378720578,0.00000000157604350682212,0.0000000000208504085453924,0.676159682765889,0.00000000193499981339841,-0.000000000432215693797185,0.757218377812678,0.461309209010796,0.147648936702373,0.00000000000836711953505735,0.00000000118613883024408,0.0000000014058457139132,0.724270853966365,0.270564992297666,0.621957627804388,0.44342682056494,0.00000000298004737712376,0.906288119712785,-0.0000000000549714384955424,0.76778094012584,0.174860025115434,0.42446671297231,0.655190884771224,0.000000000976804485209394,0.525023128954254,0.0000000015348774426686,-0.0000000013839162965463,0.914661953707425,0.674516998772751,0.463759233950044,0.62239485209933,0.00000000146408321439616,0.00000000226706174253174,0.0000000000694496132457787,0.00000000146085670657463,-0.000000000495435731111863,0.602063212001486,0.0130433502396817,0.391200459057622,0.747671036494241,0.00000000178730981828839,0.749164769802056,0.760778376089145,0.870357409593864,0.287185543086349,0.671695406193942,0.98286650755966,0.00000000189485918740496,0.376372723183336,0.000000000166898295282367,0.66524483252163,0.00000000102996059118072,-0.0000000012770744111559,0.434443047328575,0.668160468777391,0.263400149664599,0.0496955941402093,0.675457798169234,0.38304919041343,0.608475038439382,0.0000000010731488047651,0.19719360519129,0.583137296987248,0.36196626956925,0.540956857413498,0.859542459346212,0.867010387213701,0.679003637855552,0.471565208754492,0.000000000731432106585244,0.000000000573130216565396,0.00000000122503027258012,0.00000000115237025761297,0.301092974379215,0.31302787950965,0.164945484596685,0.00000000230660920044595,0.618197973928293,0.366995750181047,0.692719075613778,0.518808480573253,0.69483618279454,0.351207523515239,0.536329529521578,0.710417411769792
"PMS-375",-0.476722981249854,-0.433433782601884,0.0000000000946060718048881,-0.26409178069569,-0.30791912618381,-0.038163455346321,0.00000000196661243523811,-0.0160666178787207,-0.112120976284588,0.00000000202241479321763,0.2482873673932,-0.000000000556640863671508,-0.4571232018502,-0.0443412841678869,0.0959846346348252,-0.355427886419412,-0.0479602372267472,-0.414499629847223,-0.468146581759283,0.073698572515206,-0.017244214164985,-0.47307890086419,-0.0783047448686211,-0.267617417965796,0.0000000010538093347723,-0.0682933723660026,-0.0415336284514692,-0.0582005588468952,-0.106195057650074,-0.0805996611540277,0.00000000023060271303879,0.0808168152341953,-0.367481894826038,-0.0806334586115496,-0.000000000257858582119234,0.0231861535825407,-0.249052769655675,0.0754003175546762,-0.0782045965207623,0.109264230222425,-0.100291831639738,-0.144602636401631,0.0302548424622684,0.146274921922444,-0.0847058269195619,0.326799462143789,-0.0631704938830543,-0.257045505334824,-0.0199614783423697,0.000000000513741462570492,0.0394996906383423,0.0629066927311157,0.00000000183127505742185,0.000000000679432045253832,0.308346767568028,-0.412584715749145,-0.0183156516984121,-0.114655775951398,0.00000000242812787989828,-0.0378452031404024,0.0812385912111274,-0.033800122664868,-0.0122863591875262,-0.148777580625703,0.00769391354810262,0.0292797950354365,-0.00799436442062954,0.36225345785857,0.0755762904714402,0.108868968096271,-0.402432762316465,0.199866411353023,0.00000000140536364426825,0.014955480863392,0.246416016340095,-0.00712194536108292,-0.112572024152726,0.181024684831611,-0.0737768916617784,-0.146030096705285,-0.0082699396284127,0.00000000171307311518212,0.0677503845082037,0.000000000341083125261666,0.128798868650794,-0.0380430641176559,0.00853105166342731,-0.170182280489027,-0.00142070889955283,0.158581224433751,0.442363042107636,-0.0624756621211614,0.00000000138840183749666,0.00000000395706844258783,0.000000000920372931821112,0.0910956548701264,-0.00000000119776905480653,-0.30421905641819,-0.00000000128719753059032,0.259030750095889
"PMS-381",-0.206887031348343,-0.000000000112468807180042,-0.5035361020599,0.0507498528020019,-0.319659813938289,-0.471308777080666,-0.324609604757008,-0.284545297954717,-0.183832491133755,0.0000000031637409700085,-0.252078895469177,-0.412919906273439,0.0972676184979981,0.000000000548773355843503,-0.447082520414049,0.144997010114377,-0.262330375647776,-0.0000000000876639144790824,-0.00171728445068619,-0.00000000108127853960404,0.103122456997035,-0.0739637433395405,-0.234557386804694,-0.236653045328926,-0.530960041580984,-0.301882267196335,0.00000000086335947137462,-0.00749785994163122,-0.062673142338382,0.000000000152490849572134,0.00000000141009232225462,-0.38424828206287,-0.251886594163185,-0.152565471773508,-0.211761229747842,-0.00000000133750516194314,0.131381276465644,-0.287653043173414,0.251865374990077,-0.433242340565256,-0.391459715389724,-0.211304017731651,-0.00000000165696247576583,-0.000000000963141251449123,0.0503216364691002,-0.00000000092329099351548,-0.0323585064697475,-0.147568087298142,-0.000000000954362017832194,-0.3393576188671,-0.376493006893364,0.000000000359499352104392,-0.0296123279126822,-0.457266963927765,-0.228667576017755,0.0623885110434052,-0.000000000586120071102953,-0.104890845334982,0.00000000311285183059409,0.131890945006369,-0.38071431882436,-0.0000000022778371775636,-0.375249251615574,-0.314092660425334,-0.00000000165192737409068,-0.128425245021446,-0.615025120762888,-0.341741755721698,-0.0349289422789042,-0.652096816830135,-0.258133553342528,-0.433097359377226,-0.000000000422321791287499,0.0495341501543463,-0.00000000235030821607578,-0.472241535607769,-0.317133956890582,-0.505426856289138,-0.389753847966604,-0.197143089390202,-0.266730644768478,-0.392025095906281,-0.284199346731471,-0.224758708097592,-0.297153506917027,-0.472954670028712,-0.386481998803294,-0.50158401589209,-0.925105164873836,-0.19603140966628,-0.330130102555196,-0.16545505530592,-0.408200615997262,-0.342037926896656,-0.237449934815328,-0.00000000296890248451709,-0.44183149639207,0.0212503032320074,-0.200034590020056,-0.368981439526914
"PMS-397",0.00000000185304004954049,0.205398456267106,0.00000000170629178462737,0.152046030126387,-0.11100001598605,0.32145174535439,0.211017703498287,0.271816757566446,-0.0595253377337797,0.40564944523339,0.00803679800644278,0.300415963877811,0.454738974518327,0.357077701432207,0.236680920846774,0.358843510965656,0.171189621278438,0.000000000133749695963235,0.451311542421567,-0.000000000840411635969134,0.000000000646247874323744,0.385200086137504,0.268045971007594,0.0719949015994021,0.203518619973195,0.146934029319222,0.142050733068087,0.177909745099518,0.33872742354805,0.166075633854087,0.00000000233688733337729,-0.00000000154224500027819,-0.202215357403023,0.241926025918046,0.418383933387834,-0.00000000112234143558485,0.318214796856675,0.605253896201482,0.000000000281172540793044,0.168823433142235,0.0000000004558600878974,0.30238355991771,0.445439324994418,-0.0000000000415615297171692,0.00000000126739264878347,0.000000000255271506502839,0.0495430673420895,-0.108423096916233,0.0906466890177126,0.36852301331192,-0.000000000845277313256449,0.183509716759537,0.210150218532059,0.0000000010797779495168,0.399895538254269,0.108523342610389,-0.000000000214435445264669,0.513044942643142,0.00000000306566493619966,-0.0000000000981660553297057,0.151117918540786,-0.121525565239438,0.480908851626032,0.0197547691778289,0.0000000011922540161699,0.136535251940894,0.650531679123813,0.822152569696204,0.010759793230174,-0.000000000542601925439977,0.296746683677583,0.223236821723513,0.000000000103461209342436,0.000000000609224263562777,0.638724136135204,0.41268906514242,0.119902715795559,0.251110053461641,0.541028159472846,0.352808576483897,-0.0000000000740947931135019,0.00000000111115648591888,-0.0636738712531525,-0.130807771460086,-0.00000000106623066223679,0.282246261057025,0.985371696960056,1.04258860592198,0.000000000707983390726633,0.028091044206644,0.449683517436117,0.00000000135171763103889,0.339613149462223,-0.204447270588808,0.103573405731018,0.233010475424084,0.118511551336421,0.219032154316221,0.314014476870904,0.333600166931214
"PMS-425",1.20461910882832,1.10424981736656,1.12014499791043,0.940547860706593,0.631644056711093,1.73079228961124,0.00000000154538579033845,0.928162525537848,0.817287109359355,1.14436209080505,0.757492680149486,0.509098364043826,0.000000000514117340438347,0.449244879156711,0.743459356023564,0.656740333735614,0.000000000937964010499452,-0.000000000251588886380953,0.801009471285424,0.38991525038793,0.000000000315896920469568,0.00000000226362694114344,0.972950081248141,0.000000000114130396670927,0.795065016730537,0.464864050459863,0.00000000120246514253764,0.00000000103520320825578,0.562376336515681,0.971199393412812,1.17694478144471,0.627120912099678,0.0000000018582382671209,0.00000000121459387165001,-0.00000000107382868657378,-0.0000000000825893563887828,0.620060876750756,1.06804994379722,0.856539056285101,0.785223914865411,0.00000000261243210234903,0.825828487954078,1.52368299954865,0.71303751448058,0.00000000117110697620193,0.000000000785916257796578,0.00000000124106122753562,0.00000000136777285302256,0.483186103961858,0.41618875774616,0.647956467776053,0.810726844378933,0.79761597405304,0.250347384167619,0.000000000988442431755081,0.000000000975088937205272,0.00000000140260635822558,1.08602257902343,0.450378743708525,0.000000000715034324723433,1.221627225692,0.653937824210476,0.000000000879975538815168,0.707594905776631,0.97380706057708,0.73339200561994,0.481085855685822,1.13463712378844,0.809615612784194,0.251904752856132,0.80389014088395,1.33218425367827,0.000000000536779469451321,0.000000000778407563417,0.00000000158028701063942,0.958371548814356,0.986465325259176,0.659089614427938,1.40902633547786,0.716691809756319,0.517079150811516,0.00000000201999903237202,0.512657963943112,0.488761220532083,0.891404854750493,0.000000000207568512664279,1.27240215053658,0.000000000755762615073538,0.528956175885519,0.000000000264849449094877,0.519172099290956,0.00000000346108919753773,1.02910598503331,0.855784443454366,0.723726740796187,0.949817485688594,0.93607935486012,0.470125906548143,1.12163979273698,0.405160304169285
"PMS-436",-0.748953935951429,-0.263896843853513,-0.000000000467648437507528,0.307623877747792,0.0180879907016084,-0.215956516562285,-0.85346328776867,-0.68075227706995,-0.466678662067967,0.00000000167334346477798,-0.136035021654366,-0.522550134077781,-0.0128186000681699,-1.20524286819481,-0.626375009504827,0.000000000418694728537161,-0.589700351632878,-1.11601463168835,0.000000000739704121068701,-0.517329890198706,-0.222901244077197,-0.343179594753559,-0.0000000000950651073829741,-0.178516030838105,-0.323070984669991,-0.397098294273214,-0.147954643376289,-0.720391421129937,-0.0327987219000088,-0.0473384163838853,0.000000000183920920888967,0.282662669268449,0.0556200123791648,-0.00000000162954447074035,-0.345878107409727,-0.489931638951713,-0.23897725007606,-0.224022415108446,-0.334616136424909,-0.240040255570469,-0.359818414465085,-0.00000000166966929218169,0.000000000894499702283186,-0.21249966770859,-0.286520485660299,-0.424746531905942,-0.22157185060863,-0.309736377836013,-0.255185720571407,-0.303133041327541,0.202236365283528,-0.354568689618057,-0.000000000839008805126975,-0.258024226824403,-0.721923185864936,-0.392582192099703,-0.0423994252163197,-0.815319065287048,-0.560929245595704,-0.0000000000829397401851344,-1.21255399268462,-0.403495297812558,0.000000000643261757935021,-0.654064909578017,-1.3412080204971,-0.611301865793516,-0.000000000515245426662773,-0.573785187109025,-0.221813322668941,-0.193165607347002,-0.251578541580862,-0.43406722234231,0.00000000062682069665895,0.432659692842596,-0.394950543747145,-0.283197793531592,-0.144557086041744,-0.263736288265595,-0.351203479207458,-0.332924098793551,-0.42181141678271,0.000000000413840582731604,-0.401153004397287,0.495586535027987,-0.77293529499387,-0.520588214301819,-0.0426914639954699,-0.283642826784713,0.0000000014035065258507,-0.000000000215133224258196,-0.0414239381659589,-0.527360054165649,0.131092607892879,0.00000000026613720000234,0.0725071211456225,-0.281942783757195,0.0108022112926103,-1.2184158456436,0.301502017806293,-0.0893819190860103
"PMS-438",-0.316874243398835,0.000000000278579982393908,-0.25669801984426,0.532271122132144,-0.401025751573533,-0.00000000112498148857375,0.0233813497059972,-0.227690090438966,0.0701783052301331,-0.0193436356154145,0.0715553968688065,-0.000000000419783748541029,-0.0842221448671773,0.0000000000250150089438221,0.0985019300944812,-0.0698053803113708,-0.267183418080942,-0.310994621110019,-0.08742282681968,-0.205955185652722,0.0204154132783033,-0.144761077301286,0.0852713805456923,-0.0276041290824328,-0.246165145358801,0.000000000143813866829817,0.000000000862953102245442,0.0716166206822764,0.00986177578107636,-0.381017053941989,0.0312071661910633,0.606831925404977,-0.000000000489785429045923,-0.0328391235439355,-0.214742108275234,0.115694975743832,0.0225069989143905,0.00000000059910463356417,0.0624135670803259,-0.132411547102155,-0.0417942411854511,0.0759570897446364,0.00000000149206362741592,-0.287816618824046,-0.221877812314487,-0.000000000190231403325583,0.000000000116189638453201,0.0000000003347407791379,-0.000000000637335729921504,-0.0000000002869558221089,0.688661381812162,0.036342626800971,-0.0451192357689256,-0.165233942565376,0.125993889013525,-0.0871631608757583,0.000000000727799050598758,-0.32425626243746,-0.0673052580638282,0.0902511161924057,-0.349879892358954,-0.278932729942106,-0.000000000121384702206492,-0.0177064749691352,-0.0247774524622053,0.000000000836279216093954,-0.0000000000663671516678575,-0.0892861026149654,0.00000000189187432917983,0.00000000109592249535676,0.147434128037673,-0.175607019949981,-0.116791888586871,0.87882819332267,-0.0790669809952592,0.151571199066748,0.41617041811802,0.00000000243634326326914,-0.0392777020626945,-0.000000000152112864149636,0.140025497968253,-0.000000000687928433878038,0.0225983529965186,0.772963324245582,-0.199489677587602,0.0279003256576178,-0.0290636539410022,-0.000000000269895688324528,0.0461435276332631,0.000000000243666587024291,0.00000000239421642772677,-0.0780456995084822,-0.196417524780679,0.00000000172890480318932,0.000000000631329329168919,-0.416213650855367,0.255593700413917,-0.000000000271084387667306,0.585716078308044,-0.535916992284275
"UI10-00012-Cabaret",0.0358512333227747,0.000000000249848915932092,0.661459861451053,-0.171907065983523,0.201421050105171,0.000000000353025767297256,0.00000000116095222025379,0.000000000428730177406308,0.000000000147524850938159,0.000000000167377344936045,0.00000000052991089188296,0.000000000910850258330167,0.238855810874335,0.336604503321693,0.0238948950220331,0.0711713458337649,0.819920225076325,0.000000000830666384405054,0.461990860990828,0.0239535194406918,0.120268409730978,0.000000000718573774546644,0.0544276489190478,0.0495172206285593,-0.0422981441391467,0.105913800817994,0.0477688592160308,0.147879716905929,0.215242156421485,0.000000000485011524329076,0.00000000037872006447634,0.142136495005976,0.073829196451277,0.000000000227533916191249,-0.000000000551428665142875,-0.00653119912972123,-0.18478902615327,0.240485641602564,0.000000000559388273604897,0.630971520435691,0.191306091035519,0.0438820739431282,0.0671039305444512,0.0800649935552847,0.000000000692323516343901,-0.10674932667022,0.184541213148917,0.108776563948496,0.000000000540516227242224,0.167296129509291,-0.104975733779651,0.192324982978853,0.0607572158420237,0.000000000323362767581254,0.0642746064974314,0.00000000102170789072854,0.0531830468602768,-0.0308235079030072,0.171119442513094,0.100010612929648,0.994895353726191,0.000000000431986821897489,-0.0285118327186493,0.196280379001641,-0.0284252265433232,-0.0415898898603119,0.00000000059693818332987,-0.381398597235563,0.0252481520377969,-0.137794995057703,0.000000000430460436540382,0.0892549729662585,0.0156315140082756,-0.0632535609781309,0.185037454164807,0.000000000352741120605601,0.0627055894105901,0.196112722776904,0.0285484850238946,0.546937941730633,0.000000000538400289259682,0.000000000795689186535792,0.0726820913804769,0.129263934804466,0.439152066955908,0.00000000100297574257624,0.102060113599628,0.000000000785612479106643,0.12086785904711,0.0779559321826286,0.000000000972297809717802,0.191422828061908,0.000000000985837549817982,-0.0111533888159043,0.0539151515969369,0.164186016884404,-0.403594960767341,-0.206252500495642,-0.265490956605197,-0.105727702365203
"UI10-00015-Cosmopolitan",-0.0482082487548527,-0.559858992312343,-0.00000000116071694554288,-0.49471214648507,-0.557830973292906,-0.532519111779488,-0.000000000885222002042379,-0.511260794130556,-0.000000000824190457893159,0.589725384375117,-0.106408816544319,-0.782133900212152,-0.363834977265744,-0.000000000620126532616533,-0.0000000000650505279419935,-0.385380020340216,-0.445258291760239,-0.563046821005622,0.000000000124514910487497,-0.000000000262884825614342,-0.477873340758352,-0.583289823430083,-0.600905471251177,-0.279181166561149,-1.85544285450987,-0.270888736266222,-0.574663357741522,-2.03949997389231,-0.190257263078526,-0.748507469174467,-0.456869463979713,0.851656534741104,-0.0690253643868823,-0.455398537683931,-2.62147411089356,-0.0369193923908415,-0.934897011009058,-2.00977982928819,-0.000000000614542513588002,-2.16299681516997,-2.500769797753,-1.04157794482755,-0.000000000468746962117184,-0.581820064138047,0.811473649803641,-0.000000000611373632630638,-0.827675143850057,-0.000000000377554010207087,-0.693451151735229,-0.32696690937199,-0.745511595292334,-0.000000000533375273371984,-0.000000000801235372429125,-1.90637106704381,-0.000000000589083877346545,-0.520464736299509,-0.54838773281341,-0.629412592852177,-1.9682366188195,-0.652340001964124,-0.000000000280689002290868,0.556658430749761,-0.554007680298528,0.804587386846567,-0.471358442743851,-0.589595771200896,-0.894828851202949,-0.385394925431475,-0.000000000564615073949271,-0.807587350090516,-0.389545791247142,-0.299987241186414,-0.0682800523206013,0.760710593486408,-0.900461936805469,-0.636275030324636,-0.26560714262917,-0.350930242319745,-0.550815292464863,-0.407717000533059,-0.621182642063889,-0.00000000066630082616879,-0.509207653101775,-0.613243303550848,-0.367711509833771,-0.409429593969486,-0.000000000839140786007674,-2.48836248223792,-0.000000000585065754782022,-0.406415163866735,-0.769128181093631,-0.701007345256657,-0.543309201025425,-0.504518358695545,-0.903057625225965,-0.000000000959979767023334,-0.644417556857717,-2.11907232220874,-0.551204007217764,0.719166892414923
"UI10-00017-condensatus",-1.00024673817601,-0.662769686728967,-1.33478340995778,-0.719547595181991,-0.000000000991676234727402,-0.548437877278805,-0.972977750809061,-0.602616663132576,-0.00000000182565332052218,-0.65997086583299,-0.490691229342374,-1.82707149502522,-0.00000000178074396884051,-1.05411735003024,-0.940464905864047,-0.376595708043706,-0.00000000149971874586187,-0.476849921692424,0.0934796063811357,-0.565245105076631,-0.000000000228948241253097,-0.00000000180316589217221,-0.641594701498888,-0.815004984013176,-0.613934203401779,-1.26556438487866,-0.00000000167365764332407,-0.818978904312663,-0.298055293335315,-0.469529069514594,-0.00000000156174170077789,-0.00000000198983855340304,-0.00000000141366769123857,-0.00000000181556846596558,-0.603131352484835,-0.441653100858836,-0.00000000125114915596738,-0.4301333540627,-0.36544965301665,-0.580479433074326,-0.0483598401074974,-0.396594027418136,-0.398989494007851,-0.26704975082843,-0.382480070854825,-0.000000000851590286995737,-0.602074204725527,-0.983974129108028,-1.15568989142471,-1.09867773982746,-0.577332375910883,-0.527555935450156,-0.00000000192170619466064,-0.00000000186062925622385,-0.00000000159198395722051,-0.92249466333035,-0.716745875276411,0.0226134626263658,-0.0399601569705983,-0.00000000120387182459663,-0.000000000344712016454352,-0.00000000169982103433654,-0.00000000221756265103271,-0.686157895374384,-0.682117595726704,-1.18161954228389,-0.00000000062047456494263,-1.07696223094004,-1.74643470052601,-1.50425803179213,-0.659997284555042,-0.358862770624341,-0.518677152813999,-0.370740883387889,-0.65764245536889,-0.510959779272671,-0.796932600788757,-0.351034548692779,-1.47697807020507,-0.00000000136463601715658,-0.968498243640593,-0.00000000120120685316369,-0.000000000369029070318126,-0.446712092090975,-0.0840375014530926,-0.444987636479949,-0.510032258557681,-0.00000000132202479136694,-1.5167556488506,-0.901504659190909,-1.0888323173286,-0.372675968512654,-0.700893671974725,-0.00000000122303967934541,-0.000000000848735074950872,0.000000000204065947897372,-0.000000000721112330690798,-0.113555006834352,-0.695197795657582,-0.557150931805168
"UI10-00020-Adagio",-0.303003000878144,-0.137304885962632,-0.210783230803085,-0.266819415607916,-0.0109837469490034,-0.0403585674776216,-0.000000000891548631647817,-0.0529902104750157,-0.376424883222181,0.538627412445597,-0.343677877626411,-0.000000000865266320018065,-0.0578013836338986,0.0000000000334295186291687,-0.00000000113062454629139,-0.330544895370448,-0.138861684007587,0.000000000295557741845407,0.487052046827456,-0.021400477703888,-0.00000000214193997069958,0.13940953059226,-0.262372182448303,0.0000000000549794695372589,-0.363522458011574,-0.110972542153157,-0.000000000792038285924115,0.697219735852743,-0.726631518518544,-0.00235841678646141,-1.17595778229411,-0.131981908489791,-0.0331934927893753,-0.218476883672761,-0.156409217343361,-0.000000001381040772567,-0.000000000770342491217074,-0.321746083977312,-0.000000000590446901306362,0.113604804259518,-0.597955819868043,-0.323382322774838,-0.000000000942804787814663,-0.000000000720372749556823,-0.00000000125271656833699,0.0866242448407351,-0.03078391516067,-0.000000000753005280484806,-0.177697370718971,-0.0075658081829649,-0.516464969655205,-0.749092597311408,-0.000000000349096711637035,-0.000000000690737979476635,-0.332596200488533,-0.700423346760506,-0.087803069528171,-0.130429784344196,0.89992159844778,-0.0000000011147075594487,-0.000000000885074920070996,-0.000000000581191804543481,-0.0336381251741096,-0.980034817608942,-0.045495820130043,0.0889308888976936,-0.00000000116371047919749,0.0802518750999064,-0.000000000478776078237217,0.0224491263330493,-0.317999603051181,-0.000000000489172017377246,-0.422098236148036,-0.00000000189466297949145,0.154776553876288,0.167076669274309,0.000000000715217639683766,-0.00000000149980586836152,-0.000000000536916973853064,-0.318571968505429,-0.249070070020733,-0.463609845535071,-0.054712221764423,-0.150085889319312,-0.690038490481401,-0.00000000107861218420104,-0.0960476463664724,-0.000000000137682205598493,-0.000000000937472573382039,-0.000000000740741162956047,-0.000000000227957864927249,-0.080527503180343,-0.00000000055601633521438,0.0000000013832110878633,-0.000000000931118287523553,-0.359120577924184,0.00000000109547704671783,-0.097701959753251,-0.13735864709354,-0.208514923378911
"UI10-00021-Allegro",0.693855294775571,0.852755874598822,0.00000000214280416728617,0.00000000150025473088393,0.00000000233675786704001,0.00000000181287177723285,0.00000000223167865736783,0.655879588052169,0.000000000366178323869417,0.774843884770617,1.20577445013209,0.956977587793673,0.00000000412140068904692,0.742725461050851,0.34548121503123,0.46206112184036,0.784786346029608,0.798119452567076,0.000000000311214007506423,0.43431674826995,1.19766088291589,0.560726842678257,0.764301063098274,0.128757990618382,0.743268108772283,0.00000000201234460066803,0.67615496919797,1.29038044734748,0.39073797979793,0.00000000399682320880186,0.00000000255880062036818,1.21773332666961,0.00000000252419049154574,0.817330013700019,0.815713099940494,0.624827345608048,0.0121830279494811,0.601310199433833,0.432864525984137,0.715770426458112,1.38886827903423,0.818914415714578,0.00000000177332085979498,0.815477514172047,0.00000000386730449010826,1.12295281403693,0.00000000175273543316232,0.897281935044738,0.371040208630265,0.890196293149669,0.00000000401520377725778,0.0000000029763207432991,0.682317692486909,0.797402647141737,0.00000000256101412175303,0.00000000232884357406039,0.547179980417715,0.00000000235811210720077,0.804980182635793,0.542065782131785,0.000000000610724218130353,1.05136399486149,0.00000000266623206281373,0.649613374822432,0.943976373481504,0.73887050815882,0.976779459771673,0.895184853145484,0.78572017416226,0.16563724118483,0.809810381630672,0.65902566943821,0.761402775423267,0.81207245543802,0.392542208662759,0.933124579075842,0.704340466154736,-0.000000000829796476202092,1.05500294528899,0.00000000205767630972303,0.00000000252312986690018,0.00000000270301107684621,0.00000000286829443864232,0.775459275383637,0.647281514432056,0.67854337825335,0.456156999208088,0.730675451015151,0.681547981750772,0.00000000162905109392921,0.00000000154078810328962,0.927980769035375,0.00000000272457449682681,0.922085800769693,0.281135602175038,0.881414442512464,1.03307279790414,0.00000000257919971386993,0.0000000027810277527275,1.13317826769897
"UI10-00022-Altweibersommer",-0.576620434011421,-0.00000000146187300663258,-0.00000000174847911846158,-0.748224240041252,-0.000000000997518953231808,-0.920830472531198,-0.624237712146532,-0.600924990741288,-0.00000000140050477648958,-0.788383610127563,-0.846571089863018,-0.772455192515366,-0.85572492659427,-0.919795807161598,-0.887260710861531,-0.560273153279602,-0.649433020599245,-0.676054952763874,-1.11120438164591,-0.000000000780888794260541,-1.19989331001743,-0.00000000209145326934857,-0.717234863942715,-0.636618003268502,-0.635213663365064,-0.0000000013177100025369,-0.00000000158897416135104,-0.558713113482867,-0.598386629344142,-1.13065119845027,-0.59710604353866,-0.836621677758436,-0.00000000138433793944936,-0.510640872430839,-0.00000000156740466894971,-0.895835899020707,-0.968222537395092,-0.472183481330686,-0.671068492789355,-0.458790434962349,-0.97378086664285,-0.716152253511808,-0.753200630244639,-0.00000000150143869840169,-0.795436215607934,-0.00000000129835345562456,-0.43825607510435,-1.03915999227682,-0.894454661981322,-0.67675895477219,-0.908517139237318,-0.0000000018336663312334,-0.000000000922477188107817,-0.67252708304569,-0.628664443632985,-0.933584046186833,-0.64293894450922,-0.701982243729322,-0.772401014398159,-0.828486004473859,-0.436001423827237,-0.00000000163052437198004,-0.753144610983204,-0.688552744473616,-0.536327294757352,-0.658783917546762,-0.000000000916898186271751,-0.837092575560334,-0.892814005780505,-0.700366025505052,-0.883865613384317,-0.44885004063299,-0.615986035023573,-0.00000000120535745908632,-1.03893647166991,-0.693752697329314,-1.34371287503253,-1.18177969177054,-0.516127638546453,-0.455114146851875,-0.000000000831424844115452,-1.26316841903181,-0.0000000014634666794184,-0.778799222312251,-0.407437394629007,-0.708881380915849,-0.33724116468475,-0.964203023310206,-0.555014779165448,-0.819435539532206,-0.524505789063721,-0.850482464771886,-0.808631985513196,-0.867383663567174,-0.398931663019854,-0.804252554832197,-1.01969773285226,-0.743999337225546,-0.911814494096236,-0.854774525901879
"UI10-00023-Andante",0.00000000168834216988789,0.00000000108068902686774,0.802920554599855,0.00000000134486164455478,0.550052224325614,0.648206813388979,0.00000000107777859734961,0.522046077996922,0.464368451748717,0.424131269614638,0.0110673513569391,0.725202154271676,0.653419137153405,0.707528241210679,0.00000000146300637603039,0.611629275727251,0.922692881996435,0.663224110086216,0.000000000537915901038944,0.15835862123519,0.00000000121073139983560,0.503737208145717,0.694521699951101,0.00074248817749449,0.544718327087285,0.497609905013495,0.539704453263592,0.720817360940578,0.89141185873973,0.333620835946887,0.758456996615959,0.688600737009467,0.0000000000597872787857876,0.708812999215066,0.000000000717241758927765,0.00000000224123883691871,0.937743741405254,0.00000000209053060700892,0.89042232466622,0.359782254637417,0.499654396812581,0.249719461527518,0.388482124429925,0.00000000116580053396232,0.000000001861673881057,0.722236330898425,0.975241136569481,0.503929617810863,0.00000000175571697334761,0.710007951614718,0.655890942205737,0.967281245583946,0.578679103392992,0.00000000144062550483298,1.02571279895598,0.819715128237856,0.600554015484443,0.00000000155800884339075,0.915716227532982,0.46526853632563,0.662603390323384,0.859492163328884,0.672294590224947,0.00000000181658651336866,0.0000000015308708472838,0.548648299344251,0.00000000094203100082746,0.0000000000126904131655658,0.69578767376359,0.0743510780398083,0.687677969070107,0.660750820863845,0.000000000972773404356865,0.000000000473979092456902,0.472879221531824,0.320061107957859,0.0368527077003809,0.824533078047581,0.150561632182189,0.000000000954069678264992,0.929806396421569,0.792517708501882,0.531125985337927,1.03828884469543,0.909440825013584,0.00000000152238352410295,0.532639207711056,0.293219188974128,0.479833049334606,0.00000000140797022509339,0.000000000627348420366473,0.00000000202121295436916,0.958348393491681,0.662743843423174,0.000000000833513524602116,0.331556788060632,0.94033464064466,0.755846398047816,0.857006527357812,0.706497623488741
"UI10-00024-Arabesque",-0.393419891053729,-0.218952208617138,-0.441399708169718,-0.00000000237615443569952,-0.00000000159203082892069,-0.430325355010483,-0.781753095577172,-0.388601972050212,-0.693142152950411,-0.00000000189357958168866,-0.770751839083602,-0.594530808160916,-0.585453949548735,-0.629111099176438,-0.583236159974014,-0.440461457614477,-0.402624272453576,-0.425134035427135,-0.00000000169138240601465,-0.00644995599111007,0.152022071625905,-0.670613668390448,-0.645624683819236,-0.101553035376489,-0.00000000214036952544847,-0.349786822053396,-0.463597638856148,-0.603007183043036,-0.617339930485794,-0.00000000311289274922559,-0.479117811505887,-0.813528268122947,-0.328100363562197,-0.521396027042232,-0.636582055130687,-0.718330549184239,-0.00000000226144299814524,-0.746138900565393,-0.70460327246497,-0.771644986844076,-0.226859195616576,-0.298976738598312,-0.750995425861929,-0.671962358849142,-0.00000000126050221390612,-0.00000000265282928554775,-0.00000000253380582205161,-0.419814437557334,-0.00000000196005964597155,-0.00000000128573953771969,-1.17610146187061,-0.92116190908575,-0.00000000178697442421232,-0.408741285611744,-1.55552583449156,-0.626392602193271,-0.0000000028959044045302,-1.45968286774352,-0.480350310492495,-0.78266773097264,-0.834179912717755,-0.0000000020888950385229,-1.26164753613232,-0.773397675111247,-0.1409069098698,-0.444287336357243,-0.00000000242017779507001,-0.590261765951142,-0.298210860429909,-0.935088822260489,-0.509821344479828,-0.537063174257456,-0.00000000148141783976104,-0.473907195970239,-0.473781277270285,-0.788637829049378,-1.16346866392602,-0.00000000134682619126629,-1.13981370292297,-0.696919199784829,-0.407239959444129,-1.00758069554701,-0.496498423181818,-0.417283028256244,-0.625710191603744,-0.155243496223887,-0.00000000285599969951457,-0.537966718188156,-1.02063109904002,-0.712911724885613,-0.00000000158482687118533,-0.797010722090413,-0.461967106991337,-0.630297844919533,-0.392121877722543,-0.745618892366547,-0.887997216187043,-0.482816183642194,-0.707037930359237,-0.385316469841706
"UI10-00025-Autumn-Light",-0.00000000373854636610533,-0.387013871214942,-0.226000666265725,-0.592899664922048,-0.0000000056044868692443,-0.150535306607997,0.000718641824062359,-0.316344433868834,-0.249510133065297,-0.332290167325418,-0.00000000338692457936666,-0.689734239217448,-0.200403289929152,-0.00000000542847181882645,-0.00000000389503752208674,-0.00000000608154266378256,-0.00000000453623736710156,-0.64626507883043,-0.600334881341964,-0.270419445325879,-0.409556404825596,-0.423024229616683,-0.466298854120603,-0.305544999130564,-0.287346723487725,-0.446198766416239,-0.155214167128421,-0.738288927073771,-0.370844609279796,-0.395164091057283,-0.467038469697585,-0.192784013776477,-0.00000000288781154051963,-0.00000000524150330327961,-0.413056655669826,-0.580008206454045,-0.346149268726467,-0.488344023810955,-0.481054401544308,-0.5311301345239,-0.00000000378392292680281,-0.00000000129196066107251,-0.252178769276719,-0.517048300168262,-0.00000000296252681326007,-0.00000000523127622431138,-0.474786296219338,-0.520872072763007,-0.572749154907234,-0.183978421295556,-0.556374240690575,-0.499528301691087,-0.424577282113445,-0.00000000405919080653648,-0.00000000679010837670099,-0.00000000333321831040894,-0.00000000418347654585783,-0.00000000508536856308083,-0.50833057235784,-0.00000000350049118589242,-0.00000000412229081378619,-0.519753960549912,-0.00000000377518049965349,-0.481798702016203,-0.00000000389627438831152,-0.567007028965131,-0.00000000479760697075386,-0.00000000418253495263229,-0.43138047587037,-0.319498766761828,-0.516239467889509,-0.00000000613540987399322,-0.380071662524122,-0.450493409647552,-0.261269215063885,-0.12702858432513,-0.181094079166761,-0.310745087167819,-0.376991836983171,-0.800180804815643,-0.00000000257666177783381,-0.364748306430047,-0.372443138496173,-0.438616361709726,-0.408247057504162,-0.00000000437710350843,-0.108726671882755,-0.605672791261726,-0.00000000521862667903771,-0.365410259790709,-0.0915388410838577,-0.0000000027774390264374,-0.468224226400685,-0.352929614030203,-0.00000000527093835871913,-0.489929044898962,-0.360072940768777,-0.00000000468266172083083,-0.693998709302501,-0.475823072943677
"UI10-00026-Ben-Graz",1.22489480064177,1.14691165920519,1.33795815367481,1.11783373240319,0.785394734623225,1.75676045928546,1.59088251723517,0.00000000254107964581614,1.09590601732179,0.729828427195858,1.09505169138018,0.904408068180613,1.35023231136473,1.91286617439777,0.00000000245871572679017,0.977746612889983,1.43067527429727,1.28653256037202,0.967464991074226,1.05033759902759,1.34407814706036,0.00000000322070573080065,0.00000000347792100574907,0.427083484430216,1.06823211151407,0.878207466932965,1.86418730483015,1.08708275275357,1.53171509745551,1.73590437111196,1.24054679497183,0.407817602579095,0.00000000352372187796972,0.00000000253024172702496,1.0181275158358,0.997029450807462,0.912520649752801,1.13728737590938,0.912519057453599,0.966508994645447,1.3109845863448,0.00000000412021158123075,0.796438285681061,0.718077364257867,1.12300459465268,1.18867498902945,1.8179454954858,1.16792657961239,0.977083622038693,0.00000000353700759249854,1.14755939219711,0.00000000293320628886377,0.914641158937543,0.90365004175338,1.20102730204691,0.917897766215045,0.702101089328404,0.00000000338026963850434,1.04568791624684,1.61317770301821,1.35036698512479,0.800715194193777,0.738268910314607,0.00000000185943185309484,0.865335604918721,0.997775921969771,0.694457320320526,1.30997716919129,1.28316290152585,0.223071208030316,0.866116024301852,1.50856348383201,1.26821483347881,0.849873762623205,1.57558243721219,1.09903682466881,1.58741967591396,1.06378129524161,0.00000000202665912163518,0.00000000253805232901713,1.11357063705142,0.00000000266251351844968,0.990113987821275,1.29715030313909,0.00000000414577191970979,0.00000000341175092242356,0.00000000304634651816677,0.00000000316284365489292,1.1506933388542,0.531028635477211,0.782853483297807,1.04890313754615,1.13835281674518,0.985187494785493,1.05449337788992,0.993643580506355,0.554498909263103,1.15830692360665,1.04640520011093,1.51177786570336
"UI10-00027-Ben-Rotkopf",-0.503556392671011,-0.58173136950288,-1.97599672682338,0.00000000053456777051294,-1.1833423265296,-1.05765067597281,-0.256225139974489,-0.0608429193866727,-0.0143949090836355,-0.00000000140149668191415,-0.614916185758203,-0.534277346431096,-0.811747158062485,0.0000000000892873930142718,-0.00000000117259654998984,-0.0517345989081144,-0.434091943505172,-0.000000000699379894777589,-0.000000004352399462918,-1.01152201526838,-0.00000000105706659285812,-1.48673732912711,-1.38905291060412,-1.35145136229189,-1.39245874205112,-0.774747245389421,-0.258454143883325,-0.272863067560943,-0.134622789602595,0.000000000593906070111919,-1.31840693968495,-1.10621493317713,-0.919420549579936,-1.66724467250185,-0.589070569355288,-1.16534057624654,-0.143282077444306,-0.413862453979912,-0.05449725667091,-0.657062064242164,-0.911581853954602,-0.375696846441541,-0.71120029710254,-1.38128951578928,0.000000000417237641020402,-0.000000000746967293148844,-0.222309876048109,0.000000000228937660106862,-0.193904773821145,0.000000000201272602373364,0.000000000686857524572162,0.000000000107595716611394,-0.000000000647101188990527,-0.00000000031606659113079,-0.123018205138353,-1.44814445769629,-0.000000000210477153477378,-0.185721815259984,-0.717074326082397,-0.415281943228428,-1.37363500965844,-0.000000000596901123672915,-0.339627298925537,-0.726029573082659,-0.988549764995158,-0.485099883583048,-0.00000000294274010543427,-1.35740531742151,-0.476183076692261,-1.54413301758125,-1.09444288182287,-0.0537206114817504,-0.324627755272931,-0.619152943355151,-0.21244851038977,0.000000000895734233133289,-0.534488897232636,-0.829144459245812,-0.673277069555135,-0.843747258085904,-0.188269604987851,-0.94946577832014,-0.446262959802747,-0.475270451908747,0.000000000187107473538058,-0.000000000309790044218802,0.000000000350676699430147,-1.55422631547349,-0.761679482816971,-0.00000000156444177886663,-0.861078773454762,-0.000000000763994633708262,0.0000000000903833203432361,-0.340905454896099,-0.841729193598163,0.000000000462274743117838,-1.63386037184939,-0.000000000397416393932645,-0.611923726641573,-0.66111861361607
"UI10-00028-Berlin",2.06075865339595,2.07426889494118,2.27617241717399,1.92544573213571,2.04722446978774,1.96203729580181,2.13788271080988,1.95036450466148,1.80778994911985,1.99801407970972,2.20027542196569,2.49786800019782,2.23988337119389,1.38020267060561,1.98086526745458,0.00000000489596247378481,1.33650138038343,2.06802784233435,1.86223620207623,2.21771324639749,2.28782322726146,1.51951963929422,2.35207096980347,2.0578831638519,2.10525710330823,2.55321913916405,1.88858504494708,2.04167522387636,1.43776563365001,1.71172460578876,2.03597308815161,1.90863225865959,2.21910433850796,1.79220733871447,2.16721673195883,2.11288272926885,1.71142666290886,1.63429464763365,2.09208666357895,1.30573798524129,1.93058177648012,1.49742486256343,2.07700255146872,2.2020090723712,1.91475972312687,2.09829016214468,2.00029061086823,1.60485259095897,2.03215709314805,0.00000000505407919882379,0.00000000468291702830939,2.16805989981919,0.00000000408088622450566,1.20983085012226,2.10664878193001,2.20464422528141,1.94782012327075,2.08593239729128,2.2648220476781,1.81143785230238,2.06496140077513,1.08283870666448,1.9809696984654,1.95587787948581,2.31720444821097,0.853280774110115,2.18395537586642,1.74220638204194,2.07089129127411,2.27083457719071,1.91735423562714,2.08212482107953,2.0283595648043,1.98977417910263,2.09978182871934,1.82213893317014,2.02858686878172,2.04191678944091,2.38893169962233,0.00000000483447759609952,1.89654172395832,1.83217934824493,0.00000000507268043556885,0.0000000053787171863382,1.91752195762062,2.35158278460733,1.94663014111547,2.07655618869062,2.21801573864687,2.28168268045393,2.06842561342998,1.96317944217203,1.99920738737624,2.15660542967125,2.10198422863201,2.14085531005619,2.07436808331076,2.03940059461913,2.36094980481049,1.83216435291688
"UI10-00029-Bitsy-Ben",-0.00000000212046798149188,-0.00000000117330106390384,-0.000000000813092544726423,-0.766808658263508,-0.642032735981047,-0.00000000272034753255665,-0.355396372692101,-0.00000000351548217559161,-0.00000000385763441779546,0.00000000115503464318006,-0.769750476432003,-0.000000000766322013440055,-2.1706265012611,-0.000000001347287700488,-0.0985395987586905,-0.556341942566066,-0.94130412651989,-1.47564818029087,-0.00000000303506102088991,-0.680438332703386,-0.000000000939079309549987,-0.00000000164715491196244,-1.14518185597218,-0.752704326859859,-1.28686564751994,-0.00000000185720493422672,-1.1717445368273,-1.56938325841983,-0.825667766324308,-0.0000000015340690749717,0.0519582329448607,-1.6339705069429,-2.49736736270633,-1.16443598157081,-1.09337059402607,-0.00000000123679141588174,-0.585082195201737,-2.24447555879077,-0.684790206472552,-0.755632565020129,-0.00000000160646793826748,-1.3113823894154,-0.00000000202286534450738,-1.16600817136225,-0.000000000952684004187125,-0.00000000142173466821824,-1.17315194206501,-0.00000000372671684048194,-1.47899636732088,-1.32202286464288,-0.000000001389689001372,-0.00000000171139365017034,-0.779584441786357,-0.00000000175601307524412,-1.88254140501705,-1.33423581239685,-0.372143848425857,-0.121487389463154,-1.47002233499334,-0.00000000346095769450889,-2.59818523007665,-0.00000000044760000972736,-0.717786782112893,-1.27132185972036,0.00000000121282121848758,-0.607150588604952,-1.81782191896883,-0.00000000136690750635338,-0.162330987831527,-0.00000000202126066505854,-1.27551116661232,-1.05642909638402,-1.30669599772613,-0.00000000233968133871905,-0.728912699188626,-0.000000000694798602857053,-0.690564075358639,-1.04117959729414,-0.00000000181064430593328,-0.00000000237120554714863,-0.613732259666959,-0.00000000281205019388212,-1.04736445753331,-0.00000000176255603178758,-0.00000000176770259312318,-0.00000000241592217936176,-0.424925633361175,-1.96403666967023,-0.00000000173898045477703,-2.47190520575863,-1.96452395746094,-2.00099599451102,-0.00000000220098676348371,-0.00000000406465141237623,-1.86709145627983,-0.88550644373309,-1.23711244313296,-0.00000000129396339076358,-0.00000000200935048160393,-0.317607527149318
"UI10-00030-Blondo",0.533650887720521,0.138073131087418,0.289739126924537,0.244165267892114,0.901414028035727,0.302194985783322,0.00000000140102543597385,0.426246990946955,0.680810952630597,0.39547452395559,0.186063308245042,0.198403345235127,0.00000000113316150588568,0.387501290159619,0.00000000132395697872598,0.252619560883773,0.00000000134544740840632,0.00000000144498966248734,0.561208356156379,0.523696964835444,0.0000000015419207948937,0.00000000111343238759596,0.00000000171562525844971,0.35609359332144,0.336416843762459,0.402608039863696,1.07000267652004,0.319851351955391,0.31861140012956,0.358386860143514,0.362905991791937,0.517863123466203,0.498654865387162,0.18830325437797,0.71951667891372,0.229494983348667,0.276234887805299,0.323950209660687,0.396976886539391,0.445720442423122,0.56940559269267,0.00000000147274412270405,0.742197119666387,0.402299787555195,0.0000000010865266016177,0.375123549885808,0.0000000014642589213825,0.00000000121274477018434,0.177987560368768,0.178946394845246,0.164611844816062,0.30810789967504,0.324370386628389,0.311746223368534,0.266072559803088,0.21115324865264,0.319039463077498,0.00000000150693542775232,0.417964740689329,0.00000000144526378447915,0.00000000187250324579101,0.000000000776363412447194,0.358410749764016,0.395167845875435,0.652587330754324,0.169544533250763,0.00000000118725555458821,0.398744833930524,0.309772996434469,0.336023717625164,0.251917659271591,0.445758570204307,0.00000000108777749486825,0.391743075492206,0.206049335189086,0.00000000105552786360987,0.462039644091086,0.331702989609011,0.00000000103370072822121,0.418425465821649,0.237435562513217,0.143810196586337,0.000000000682095724233464,-0.024636037033184,0.434522527446918,0.995012751880404,0.620594267832389,0.00000000139394556469356,0.52783516940038,0.275608628365729,0.714399501095085,0.88623606202504,0.415330374278594,0.454154129758801,0.22386912075274,0.160322142991001,0.00000000117484725036573,0.00000000123238606443896,-0.0324246743936433,0.543292575733232
"UI10-00031-Bluetenwunder",0.451377502518142,0.390160200745116,-0.000000000130557707542201,0.0000000000872795407294741,0.0866397731584432,0.00000000174849351920492,0.000000000406998959199548,0.511364569306089,0.140986415853897,0.355076716336152,0.515862174732266,0.000000000150814358671115,0.20761874168879,0.404844603359311,0.000000000610636618681749,0.0000000000339339754720266,0.000000000274984530867039,0.211495011325419,0.000000000108133882939877,0.180712115857037,0.105382942945867,0.00000000142398367774887,0.168241071544938,0.624196480649648,0.000000000504934093760248,0.459927248508505,0.000000000664703978401979,0.292602805392557,0.258166811782855,0.00000000165312663285402,0.000000000470933368883309,0.00000000285770194749793,0.00000000184763549439271,-0.000000000813583646659529,0.593814975660746,0.00000000148789891405036,0.000000000414315790691327,0.294121332672205,0.00000000180228398932249,-0.483101371070904,-0.0917134266534334,0.613539047807698,0.568067948797993,0.530851002288361,0.00000000162256699739566,0.00000000138193310977143,0.000000000972578515441482,0.00000000108205413748977,0.406526776602619,0.17504245743198,0.00000000162885374739463,1.14456641129142,0.000000000175298515437793,0.414336536153901,0.000000000459626299368597,0.606038298453884,0.259619237297269,0.000000000661061456185951,0.80677759307973,0.00000000211120669671255,0.475605312556944,0.290834726375945,0.000000000224805625027963,0.186697821565794,0.36864669177687,0.119375723643143,0.117841312352558,0.859403373932339,0.363872304404715,0.039340818533606,0.00340367053404188,0.000000000398713549404657,0.792665596269297,1.00239339484602,0.603779074668504,0.00000000160828880096406,-0.390716745478278,0.737048049863343,0.000000000911447587668028,0.278494524258072,0.151014555588871,0.571041879823794,-0.486094845599449,0.00000000144490395448543,0.197403306686951,0.314435119274474,0.00000000098437588569422,0.601365219068861,0.689829246190308,-0.40555199351563,-0.228130530798222,0.297852802288016,-0.347940142391092,0.522407711356395,0.00000000194527664192148,0.474461702709041,0.103999096778987,0.384843394861566,0.421788124789624,0.43128151103819
"UI10-00032-Bodacious-Ben",1.91312828472805,1.4388115511696,0.00000000258935428254445,0.00000000128735712046193,0.0000000032626644906668,0.00000000301997767050743,0.341676500899639,1.37342274069667,0.228550900200168,0.00000000158280207440358,0.260437480137764,0.0000000023511619870859,0.343788197442935,1.13909209704948,0.00000000345160286211561,0.00000000153636065749139,0.00000000267525512124,0.901939037457268,1.02886498253839,0.458158542696126,0.463719180175658,0.00000000271037315990443,0.915788434193393,0.876360727736553,1.08953839981855,0.00000000185756080182528,0.00000000288354970290487,1.18216059758276,0.00000000223495295541097,0.00000000243683174935655,0.00000000244673181763346,0.00000000161926713156784,0.00000000188805114562136,0.00000000282786198337614,0.00000000271011545905796,0.164984462118317,0.947700134224255,0.808586077874141,0.43224540792361,0.582242745728959,1.25588190670579,0.949769263604299,1.44968734063074,0.0000000025685438993283,0.00000000319980129853175,0.00000000249572496156556,0.458449852126634,0.00000000192623894338531,1.07577566169389,0.893502577734228,0.346922402440209,0.0000000022305120224611,0.0757282449642545,1.37278880807789,0.00000000157463768816229,0.00000000173640272716133,0.00000000334514929944029,0.293397638127751,0.76111579523916,0.424216941859888,1.5100868690027,0.00000000133367045060655,0.526379405304666,1.6937275860575,0.958435758573614,0.00000000325390050845171,0.00000000320520805564607,1.24375259969942,0.280308609885266,0.00000000248655753408859,1.92543267673139,0.615731206105388,0.00000000216091713065513,1.16531860577052,0.00000000221356394638194,1.29991013986174,1.38181160557458,0.00000000288957722050086,0.00000000257109994752824,0.868492951346811,0.749137166902739,0.00000000184750266373635,0.158962644849144,0.938594334167106,0.560999167309085,0.692722860404973,0.00000000266672745586544,0.728780151609553,0.00000000158334677209119,0.00000000276122717025009,0.00000000135988273605088,0.960256766877737,0.00000000217308221058801,0.00000000317283543427609,0.00000000142682802438095,0.979796176722512,1.14662560389681,1.32390004670611,0.0000000026967239151859,1.19746550402211
"UI10-00033-Border-Bandit",0.00000000165537133317472,-0.366449229126491,-0.290501973400261,0.000000000460626347382138,-0.290923621556966,-0.000000000229567409468442,0.000000000853220651298236,-0.0192883573228236,-0.871172059025315,-0.0488015005570388,-0.0433551179372164,0.0000000015602117894684,-0.586333271460139,-0.0490187412358982,0.00000000276963118614642,-0.0000000000753218989801532,0.114562340100023,0.00000000253870940076671,0.309642253107245,0.377213017462054,-0.0327599347932855,0.436202102969244,0.00000000197560764124392,-0.0189136215647896,0.0161692654442845,0.0261835814477054,0.150316019248947,0.00000000115296457781215,-0.335933538745731,-0.280082165479966,0.00000000117544471432402,0.000000000179748641331404,0.00000000131802680907614,0.00000000112062346038013,-0.888790059191969,0.104847161481051,0.0701419791126544,0.023230321554366,0.00000000185510547336899,-0.163761135308994,0.0109083496901419,-0.180991496821633,-0.491892288728267,-0.0281581307098902,0.00000000248602425864829,0.00000000220697773250087,0.00773408603585352,0.332259188124786,0.00000000240546629575852,0.267675457316623,0.00000000289562324551693,0.000000000651615556499044,-0.173301222237876,0.023647038083612,-0.0554933647403626,0.0249047396441446,0.00000000273885403387816,0.0618111723137724,-0.777150136789477,0.000000000606882499805911,-0.104949938099128,-0.423810228759754,0.00000000135302866448507,0.00000000137447128328327,0.000000000983862271477617,0.00000000204920058211812,0.101565832028191,0.00000000260047367684481,-0.0973841107570845,-0.334588566110759,0.350996341732182,-0.204182783280193,0.00000000239166703744731,0.0000000018376382544519,-0.731121495319639,0.000000000872726891932211,-0.10398945714236,0.000000000225500024757848,0.00000000121949696629547,0.00000000117079035008678,-0.00000000034520180835494,0.00000000189392081867801,-0.341403175994858,0.000000000592625753598006,0.0000000017575857691433,0.105271698568369,0.0000000012382609699292,-0.583436346645238,0.0000000010196156199847,-0.341108523586626,0.00000000171961656128222,0.0270753747494301,0.000000000715922271978993,-0.00565605582687415,-0.552285357130166,0.00000000367749823830748,0.00000000217406805854978,0.00000000178189813309627,0.00000000324193789551622,-0.119663948647109
"UI10-00036-Dixieland",0.00000000391199768320337,0.722610750275964,0.00000000238292685529719,0.00000000410317782370418,0.00000000389794667922661,0.815747778375868,0.443239290670681,0.660287201994751,0.584072229177579,0.000000000771522609241712,0.630088043830071,0.00000000318827894238725,0.923740498650833,0.598258041508704,0.183705586734325,0.638789019714404,0.677079146216307,0.800621645865658,0.00000000242676905563445,0.00000000268686580124045,0.28880617831194,0.804775844422365,0.567241081310989,-0.255577478340348,0.00000000522669406543925,0.473548415905558,0.573088236661228,0.315042574811862,0.542518434896727,0.572988472677895,0.356279465615477,0.00000000412192754545763,0.751021135892165,0.00000000188700622889796,0.260880255356175,0.517390992447411,0.721285207703463,0.00000000147144221571457,0.608455302379901,0.890821285733536,0.680739278614035,0.00000000412396049453268,0.00000000484637979110906,0.687742906490254,0.00000000371804321056157,0.00000000343220048258342,0.572744710250877,0.638864750309074,0.00000000455495515299159,0.00000000406167661223309,0.71231768985529,0.380461536315524,0.662360774462011,0.00000000339130898699128,0.436989376082261,0.00000000246322108048205,0.560724774037105,0.516914411432241,0.571467293568879,0.466643441043928,0.599756305653259,0.0000000049388275111772,0.00000000369869973222303,0.944462290364827,0.793445996012208,0.433272674407998,0.826820587822095,0.400580061372655,0.675984318765267,0.582457786673425,0.191120043660845,1.01645366921046,0.00000000295222476700474,0.0729840937792634,0.436531635253141,0.782427071684185,0.192639520774522,0.304043942292299,0.00000000416291479120659,0.00000000223996909828386,0.61065608116591,0.00000000285564092339024,0.478284797968544,0.614491185027473,0.00000000338714323677924,0.617887137210983,0.00000000462850509704458,0.00000000247926947172858,0.634358858203065,0.00000000260100313922154,0.561058719203565,0.645297964723607,0.678088732253825,0.00000000366390316982599,0.00000000224791964869659,0.492372148630247,0.0000000015654826299588,1.01196565977917,0.707392599436646,1.26083493045513
"UI10-00038-Emerald-Shadow",0.691695297935673,0.00000000147729681585364,0.986974345832775,0.437164979050185,0.654045749099634,0.621900487844866,0.524567367151702,0.777719066693349,0.811491333636132,0.63034425056664,0.00000000140059374492701,0.00000000113998951344238,0.420513163547562,0.00000000108560264549242,0.00000000169763507237692,0.619745340408332,1.13842365175914,0.527587285572328,0.695791629638508,0.00000000127202135415054,0.318595435569186,0.000000000917748130822264,0.999833757339537,0.54211751447504,0.000000000961963505782632,0.421005064119438,0.713818272476822,0.49563180122507,0.314547677793779,0.65069450121345,0.586719961555569,0.839806677629767,0.100532069391876,0.000000000605474494713484,0.461623169591384,0.833355110008469,0.00000000143821110724111,0.434285347009131,0.828649313914847,0.890952650421675,0.592979253952566,0.00000000160739751223162,0.753940381778618,0.00000000125979434319744,0.00000000154577198328089,0.83502006728464,0.635745269614743,0.000000000942764026423005,0.617261173627085,0.46039542571902,0.901944492252473,0.000000000443594182908982,0.529925685382044,0.825805825235283,0.00000000136990424174273,0.591832188252964,0.560819006000853,0.00000000177433206149828,0.579696295789168,0.00000000140243824556745,1.28091674059159,0.000000000933415885949493,0.00000000114412686842688,0.540216140085644,0.00000000167481295137245,0.779847745414847,0.666205721714529,0.713762171484405,0.667189621469194,0.669007217953723,0.474169688630134,0.0000000015790962241661,0.00000000161623945712997,0.00000000101853846899329,0.00000000182818567869267,0.545347302226201,0.00000000179396686994746,0.55090514108285,0.60966168284391,0.875413368925889,0.350052041440656,0.00000000119642232171019,0.000000000852486157972469,0.611934748023354,0.595134740343351,0.82205035751628,0.637197209283161,0.564819364309439,0.796105235844806,0.00000000208838912925935,0.00000000126058206253133,0.296998676056771,0.80669020899705,0.00000000138860672364289,0.368064504295917,0.631255324687192,0.69693301683988,0.41735166536595,0.704858424202392,0.00000000154250051028677
"UI10-00039-Emmanuel-LePage",-0.000000000108448225995368,0.000000000207470839240278,-0.286665684634594,-0.287257538358993,-0.185088912565636,-0.405748043541382,-0.340090858856335,-0.16112310820315,0.00000000113355405374778,-0.378527386024044,-0.173177010512307,0.00000000023898963359921,-0.000000000735556431102043,-0.000000000968547125442193,-0.371052499964655,-0.403964133911497,-0.0000000000533635345880508,0.0894706412658388,-0.230554551824891,-0.000000000308477807624181,-0.0223412287892554,0.000000000339417555302185,0.00000000108507537531275,-0.485516096573881,-0.10477406613558,-0.000000000680258977500041,-0.17241273869542,-0.167293651413225,-0.338491944770445,0.000000000648861417372228,-0.000000000655623144930351,-0.220924775855924,-0.00000000135717785404662,0.155345139006304,-0.254774378898798,-0.504795622382802,-0.000000000672444946708426,-0.249705204357615,-0.468896030450161,-0.233472889583234,-0.334830989109869,-0.00000000086540316101296,-0.170099935400308,-0.00000000145432315118576,-0.00270467463130118,-0.0953560477910229,-0.648901216517226,-0.572110194432751,-0.0881007625276412,-0.505559072812914,-0.437280151829296,0.0415775052649539,0.309367820631133,-0.000000000428898440014302,-0.773600299543852,-0.558800230083242,-0.000000000328518001157239,-0.260780857681279,-0.275832682951727,-0.000000000021887047581405,-1.00568885237194,-0.00000000083916001109099,-0.297886735929553,-0.193590230859267,-0.167267835704644,-0.00000000124722500548487,0.0000000000968194936110878,-0.00000000192842891317688,0.0458991496985772,-0.280807584928308,-0.319465148253189,-0.0445518622322211,-0.514419686995641,-0.00000000124936987892352,-0.3054129043044,0.000000000124721458335377,-0.432826782670014,-0.878150256873829,0.000000000207543348079148,0.000000000345959981062358,0.00000000120641300759943,-0.834311754051345,0.000000000147969271758373,-0.170640424393445,-0.0713425848400876,-0.000000000691402105718512,-0.0000000000152609839516448,-0.000000000313856703178501,-0.163816723474135,-0.0000000000739916278118563,0.256512737235863,0.0373879887730091,0.0000000010227100097684,-0.34273003624743,0.000000000452594187016099,-0.0414518055420625,-0.575927162796621,-0.370184762863466,-0.0000000000377413651964619,-0.378921813874767
"UI10-00042-Giraffe",0.00000000383003844748343,0.746847678155155,1.3871046836276,1.06460225286497,0.592367328711467,1.08934794544239,0.565567687146654,0.753071905174543,0.949291668768274,1.15578887567074,1.00083685498706,1.242523499738,0.632170032831675,1.33642527839748,0.388745473259617,0.519106968085931,1.06302705289651,1.04754743473607,0.0000000022618485084762,0.996940272774202,0.00000000271123166904493,1.17219024953751,1.0241745901985,0.802263717389515,1.19565443918352,0.858922456660085,0.794353000737132,1.25576789590981,1.13414938364188,0.00000000366045095808863,0.00000000283652993742349,1.15180188204714,0.00000000393152636652774,0.00000000264271062856791,0.197609971105716,1.53665623496164,0.875503453556673,0.622140458497446,0.731338608721441,1.24600934485892,1.03076906008422,0.941822678643882,0.873964453680065,1.07711383890351,0.926088825569186,0.812919778461525,1.02401481347098,0.0000000040008589559617,0.973351944542478,0.00000000252980404351601,0.921737875111793,1.52429393346297,0.946720911764916,0.901131788716859,0.00000000408549682776881,0.000000000994325106216779,0.689505916002895,0.368001102041056,1.51854867820783,0.0000000023933472544223,1.25627798166859,1.51623836233442,1.49262497667881,1.02647447089677,0.00000000287282757751068,0.594871776325237,0.00000000379577397694631,0.0000000011101739367049,0.797770077434189,1.0760971581613,1.40399954259222,0.00000000266953708645369,0.905290094194562,1.39059364296895,0.00000000188393878452609,0.693931593916889,0.218252277539918,0.915485593331998,0.248007388959813,0.905244203256039,1.3483900643029,1.15510676150142,0.580149588459109,1.02105760264813,0.943778313198149,0.818359919648199,0.483269014015245,1.03692569194756,0.626706798576861,0.00000000185430706912815,0.00000000310580712702993,0.869423531100176,1.14605929971077,0.00000000255845751916743,0.935950733245034,0.322477991096046,0.00000000398065822993165,1.45224666887588,0.434255945287991,0.00000000213723198598985
"UI10-00043-Gold-and-Silver",-1.22864697165002,-1.08953883596355,-1.49184388559707,-0.00000000640936954952467,-0.00000000563717154897995,-0.00000000522913635532744,-1.07016360887142,-0.477328985697063,-1.51249977325829,-2.0321439788411,-0.00000000548024257440329,-0.00000000573697190841699,-1.34154242153171,-0.00000000671134574701545,-1.60236593018867,-0.00000000600591727057881,-0.00000000650657805050872,-0.00000000556691608271425,-1.49295629220429,-0.0000000061921604823299,-0.00000000618407823841462,-0.00000000637348786845582,-1.46970672433897,-1.81634545204404,-0.0000000057208339278764,-0.00000000543152116305767,-1.41007663221683,-0.00000000526499194949241,-1.65609201437477,-0.00000000662466319289677,-0.00000000584884581837341,-1.32886249077714,-0.00000000602141836370893,-0.00000000438764963038575,-2.22677453117188,-1.66046525290188,-0.00000000564095109340744,-1.42777861500962,-0.00000000475923632590408,-1.42738222839247,-1.25480332438208,-1.39295856119698,-0.00000000583895080564565,-1.16628087646768,-0.00000000459639781631411,-1.41843915127312,-0.711141769239392,-1.31354144357959,-0.00000000669267085709423,-0.00000000580030934625848,-0.00000000548910263978957,-1.49348262652175,-0.00000000589051714106199,-0.00000000619591456947905,-1.19045736947878,-0.00000000372008046534926,-0.00000000507359052461111,-1.42123125691249,-2.1209732238993,-0.00000000564522162304035,-1.1702311036684,-0.00000000569466027242294,-0.00000000619391158939243,-2.23698166312361,-0.00000000564119945023398,-0.00000000592544178840418,-0.00000000535881826901496,-0.00000000439388445312076,-1.7799120810749,-0.00000000717039662059655,-1.41779574113748,-2.0623079792523,-0.00000000579859310579863,-0.00000000494505869475958,-0.0000000064992413413231,-0.00000000619082169896448,-1.97362450382927,-1.25139921617947,-1.2358900428166,-0.00000000547228542375182,-0.00000000458787779476151,-1.63941764025401,-0.000000005124003802066,-0.0000000058367455360453,-1.15692520667574,-0.00000000508227348947619,-1.24954227760268,-1.39104509267157,-1.91446066163769,-1.50372856156156,-1.02766108197333,-0.00000000628529419669092,-1.41479130792472,-1.31099497008545,-0.00000000464026898589007,-0.00000000383234335430367,-0.0000000056816843285111,-0.00000000472783869067118,-1.45430895818063,-0.00000000450677173430324
"UI10-00047-Goliath",-0.678699437614,-1.51538295770182,-1.35375816398633,-1.45250680374247,-0.895083447211933,-0.815988485954263,-0.585692652980466,-0.00000000132873369287888,-0.0000000014202245047962,-0.00000000326416291539976,-1.3976622805637,-0.54694373256454,-0.779272380505793,-0.72317416530433,-0.883609453280855,-0.573380153892584,-1.06045542812338,-0.877136798673392,-0.000000000768143211070094,-1.22532044029305,-1.51815882887574,-1.08951216223761,-0.749490238091308,-1.32297618373331,-0.387285373080523,-0.474667473532321,-0.671144501925194,-0.47764026928091,-0.721216902577694,-1.01106989012906,-1.00125558986218,-1.15008515468714,-0.477900387642463,-0.00000000099689973169136,-1.24860747885716,-1.28827444463597,-1.53489519819443,-0.890774223061504,-0.335697162824936,-0.701164008327584,-0.513918877135023,-0.470628255663187,-0.797887419013665,-0.502238044565325,-0.762077177090408,-1.07297108437643,-0.245147114704935,-0.000000000756482968014769,-0.52889787549408,-0.472263426625914,-0.937063429931222,-0.802843738619674,-0.31379605657406,-0.394565272377884,-0.462230985345427,-0.00000000218169043514852,-0.490433342211121,-0.66051548643144,-0.504716448416585,-0.000000000248627833184939,-0.38006010029827,-0.691772854965939,-0.806401017035297,-0.51434614146957,-0.654155015743384,-1.39030163974229,-0.917381336035321,-0.00000000181902393920848,-1.06145126881802,0.000000000162166338405873,-0.712531482751127,-0.562135479672552,-0.660896838301215,-0.00000000152848379882312,-0.904272987136749,-0.396780974270129,-0.68512867143855,-0.00000000250843502864864,-0.462745945299189,-0.818172833233056,-0.999831932920482,-1.06723407529698,-0.832421484708089,-1.19709462564191,-0.845920033216108,0.0000000000574026501110072,-0.862640474903709,-1.15396232371268,-0.711535606718558,-0.686645474736213,-0.780681042948114,-0.491599917540995,-0.746345835207737,-1.45021084876975,-0.597165258612662,-0.660134202462386,-1.00304303031264,-0.472599387651781,-0.00000000129731005964324,-0.139146039364366
"UI10-00048-Gracillimus",-0.00000000574509182987037,-0.710557736649712,-0.65019835041256,-0.00000000458636020394419,-0.756432045112604,-0.614110008173606,-0.504390687873174,-0.641167605782601,-0.00000000605030667354241,-0.570902230597984,-0.420831536891644,-0.00000000323088717148983,-0.693248754345434,-0.00000000489903291859339,-0.414027978880116,-0.293876480656497,0.0273686106202032,-0.468190978636633,-0.00000000415370498076139,-0.439461730132483,-0.00000000546400300795365,-0.720515148701881,-0.548732827821132,-0.53996722656319,-0.558553211927422,-0.00000000250458435786021,-0.47531578397265,-0.684706566046242,-0.511228389910903,-0.00000000411552601488327,-0.565580389104949,-0.542218097818488,-0.00000000294000090859156,-0.52880049231406,-0.835887297114816,-0.00000000328524901852576,-0.422844835496038,-0.425297702459026,-0.585872943380571,-0.496119711029971,-0.49803299996105,-0.00000000421518002806722,-0.440179274744591,-0.54938254971604,-0.219886065853667,-0.766125933169883,-0.610213950918506,-0.00000000438777609325206,-0.5116882468808,-0.484962976220201,-0.513716726237603,-0.378890055851315,-0.369983645243837,-0.969004329256173,-0.372893275736016,-0.241871696999175,-0.00000000418527881957825,-0.176491098668904,-0.969879630715673,-0.712075110831597,-0.526353836075058,-0.410168476806194,-0.447690896661402,-0.00000000504480535302482,-0.00000000340277569957579,-0.781105228568718,-0.00000000460320020392493,-0.516750033074663,-0.330163335799912,-0.00000000528279509760878,-0.334110047800687,-0.168773013693724,-0.083004514457588,-0.00000000591486667621549,-0.411460757238692,-0.606108987236259,-0.00000000505285682850867,-0.66210054906416,-0.471411701845906,-0.450624032478243,-0.612935965547138,-0.291630590454089,-0.443177431522602,-0.511134087056048,-0.749016290763381,-0.00000000435259746134016,-0.00000000514743157190901,-0.00000000459412883056467,-0.474573333749503,-0.701647616962721,-0.193944939723157,-0.160648993506989,-0.00000000450972095490454,-0.387064652128005,-0.00000000559489333215781,-0.500630708071485,-0.00000000494233170907334,-0.510111665514642,-0.402427398815509,-0.690022582434034
"UI10-00051-Gracillimus-Nana",-1.13268093065423,-0.00000000352595916224582,-0.00000000566236450698241,-0.00000000541691535127125,-0.829434785126776,-0.00000000557638664643265,-1.01160462654676,-0.00000000505206576050045,-0.0000000054071525015469,-0.00000000545011268959433,-1.01525528893234,-0.0000000052296603968542,-0.00000000518410389408177,-0.00000000455811760508334,-1.2474358380303,-1.00650614510402,-0.00000000595069047782266,-0.00000000446852710371948,-1.2535638874906,-0.00000000446110454726393,-0.00000000445036673162861,-0.969776587654363,-0.00000000460067362582204,-0.00000000455211113879996,-0.00000000517225918034907,-0.00000000476929248825422,-0.903282993783751,-0.82535131518615,-1.04905385644411,-1.01565739038982,-0.0000000052273745819789,-0.0000000035591044914197,-0.00000000502050971065634,-0.00000000523964386064667,-0.0000000039537651692169,-0.00000000389836326989847,-0.00000000374394885385743,-0.728709011751088,-0.00000000406443703700014,-1.10938286264353,-0.0000000054727649211583,-0.00000000343125286573949,-0.557840662776862,-0.00000000484874970740819,-0.00000000404536015645225,-1.21002095902615,-0.00000000552670304890884,-0.00000000449166723258386,-1.45059851314876,-0.809114125269517,-0.802651529534283,-0.00000000529853476589676,-0.00000000515541198407267,-1.17718667347293,-1.27581278694588,-0.00000000462413702579222,-0.930212612946373,-0.00000000461317326249531,-1.0182247788831,-1.1875981828229,-0.00000000510325231403906,-0.00000000438499809878332,-0.00000000481662301253213,-1.11584058970333,-0.00000000478273986217886,-1.17423158149005,-0.00000000487972281408961,-0.00000000383452367216307,-1.08355761471387,-0.885380822892494,-0.00000000449793524592961,-0.667313751146111,-1.32981558111393,-0.00000000419012667449459,-0.869701048215318,-0.961027546160465,-0.986656078841622,-0.00000000445578527390798,-0.00000000522627454311123,-0.00000000618341687985658,-0.00000000420532841251138,-0.00000000526458672575843,-0.00000000504806186186424,-0.00000000456856172361413,-0.00000000446963288817958,-0.87644715101376,-0.00000000499030445348583,-0.00000000421114977946716,-1.44518230928472,-0.00000000479036407853004,-0.702784234691685,-0.00000000437505852634124,-0.00000000475638633153542,-0.00000000312525497124385,-1.51301231450107,-0.00000000319941145322471,-1.00149621115448,-0.00000000549519705300032,-0.0000000051820805040663,-1.93178872632828
"UI10-00052-Graziella",-0.225629116504502,-0.598620493074394,-1.26056320250159,-2.25553805672294,-0.572363367149883,-0.00000000133685733009206,-1.34607415941581,-0.205527232435317,-0.115077904616911,0.00000000133250406723492,-0.74427389064965,-0.0000000015183957900596,-0.579265558593729,-0.628812915554575,0.0073262055187791,-0.0000000026572599553846,-0.68862996586032,-1.9153283354857,-0.95614514885431,-1.0484584439405,-0.00000000227878064926129,-0.964123753533375,-0.579797491050281,-0.0000000021437842667402,-1.17090663053326,-0.625127029910338,-1.73909148734224,-0.87548448495518,-0.770112521548776,-0.57556307973182,0.124011053765719,-1.79067658521587,-0.00000000153674443588158,-0.000000000900773585036139,-0.00000000148932173255264,-1.85369227123448,-1.17465816600485,-0.416336400235171,-0.0000000013555191384639,-1.04696836526078,-1.22030847304377,-0.00000000229457430860906,-0.475447003872426,-0.284141914671256,-0.995793409856359,-1.12691007607316,-0.00000000266620304187354,-1.30077009053818,-1.14414258389972,-0.00000000190899372245666,-1.5646344642627,-0.000000000474337351641137,-0.00000000240892582517341,-0.873167755323664,-1.96247113425759,-0.825590767042167,-0.88221818068873,-0.64467542910267,-0.810515897352537,-0.00000000168454507950602,-0.00000000320293046536615,-1.96175508053354,-0.730639134645468,-0.00000000173103166734561,0.00000000144486589566133,-0.570821449243662,-0.00000000274060691236573,-1.26751472911346,-0.569129973914781,-0.00000000312581547376834,-0.00000000103031544541621,-0.965757201316549,-1.43879048392777,-0.0992425729071598,-1.00806210272158,-1.60559928770282,-0.556264850535855,-0.00000000317331365906455,-2.19687406357517,-0.00000000258637069903687,-1.9544199156577,-1.46530825580993,-0.751534880350205,-0.632732419982999,-0.00000000050829415439111,-0.784234665340952,-2.07012141879152,-0.4798550251864,-0.641556113768629,-0.00000000176246207075244,-0.851042425357379,-0.00000000267291869325606,-0.00000000190670185383435,-2.27542828390332,-0.00000000260111477814059,-1.00088584468378,-2.13839094450284,-0.659318914772281,-0.434728974837876,-0.56881325677788
"UI10-00053-Grosse-Fontaine",0.806812836844672,0.111251725815638,1.20516234866643,-0.00000000131111051719278,0.344534289790702,-0.000000000528731153072218,-0.0999584275193122,0.639379812912187,0.4380007244852,-0.00000000146437916041134,0.977023785994962,0.949747840418142,0.505968675863804,-0.000000000337324942655209,0.516837364186369,0.000000000800322790076673,0.413193393917689,0.000000000954865372664954,1.03985272569653,0.258090281635285,0.00000000180842673542072,-0.335150959649498,0.878672814602582,-0.024145689002111,1.32533344997652,0.00000000058994848392589,1.88690591971951,-0.00822879823991904,0.0324051646069233,0.509854845634813,0.870898939244774,0.76650120050134,0.874787961962166,0.919327099095922,0.935955511269195,0.331797814114747,0.000000000124989781307393,0.134028878632095,0.499383649902704,0.439790978528556,0.00000000085928022105549,0.665148543565634,0.836965502241195,-0.000000000225080926942354,0.629769140261477,0.000000000386740880817367,0.237490924198229,0.883766213083345,0.320579752543016,-0.000000000772146192583435,1.41146557693353,1.50668342854489,-0.000000000293317697362338,0.302298742634512,-0.000000000120132763380568,-0.000000000493533689948663,-0.172496964961778,1.44031082012805,-0.000000000231380684137619,0.468412806824209,0.00000000122151071165393,-0.000000000713984951510314,0.541453551776309,0.0000000000576292164824387,1.95314124507473,0.220686903329512,0.000000000745589198511091,0.963052538038454,-0.00000000134223738427395,1.82529815546099,0.690331755444043,1.3067850012537,1.2725754616605,1.36165843540274,0.742301026913535,1.28364730003184,0.0436970592256779,0.637842235836899,0.0000000000599212731754071,0.00000000133922238487516,0.0245613034628136,-0.000000000142769397911747,0.969381838043436,0.831789958093619,0.625992395722496,0.000000000737039393793226,0.396801088946982,0.430737959569413,1.25337810024723,0.731684889444087,0.000000000727927407790898,0.400202833875784,0.446715030284412,1.02360798325353,-0.000000000702293032456155,0.573638456417513,1.47989511175115,0.000000000384935564258116,0.555382404224696,1.26648756073487
"UI10-00056-Huron-Blush",0.00000000166234289859223,0.00000000139990100883063,0.00000000185364135668556,0.782977498401301,0.411370711787343,0.474360545606159,0.270288130415111,0.238367277451259,0.000000000936203267381375,0.00000000254682879513973,0.537395752796404,0.000000000924280252001084,0.430185237769922,-0.000321189015866113,0.519537193849792,0.248842712663252,0.426812869500358,0.756773062418902,0.541709159213093,0.141920199922638,0.00000000187712829728285,0.595135598370507,0.412198460743091,0.427565497133723,0.648260389303507,0.169693104687042,0.570354268069051,0.00000000153568839141553,0.574638185634804,0.390853051506417,0.400241916913267,0.550355938801112,0.844363063561127,0.00000000130887996519934,0.877417493078523,0.332672068614741,0.0163839046043944,0.447137555621053,0.00000000228584691686227,0.659015584796544,0.817311577241583,0.303486609167304,0.5722474227945,0.330885437074763,0.00000000135884369008956,0.00000000174465965469683,0.241526346144272,0.619595209630035,0.00000000133861336021149,0.00000000192358098559806,0.733363526371902,0.389531284641365,0.00000000148744917889588,0.00000000118413740611914,0.00000000134266799141678,0.686267977087999,0.00000000179562931080622,0.550376054811254,0.563508929700138,0.507506684567359,1.11255442290695,0.399445777026169,0.00000000128278519950538,0.0000000010464713867069,0.505790092187017,0.503652856079174,0.000000000868450406595805,0.518136046263099,0.144613595783049,0.842628438291469,0.00000000240565244848303,0.000000000590886195958301,0.303282917042667,0.720055666298377,0.0000000015623784993415,0.00000000174083066954594,0.302212931948336,1.11953263774491,0.6355558746836,0.476472068199891,0.00000000151233114599039,0.338702628640771,-0.0419209571088905,0.335378761082748,0.0000000023221350819743,0.34240105804221,1.44025690192187,-0.212527605740778,0.612077597860064,0.000000000468528339233496,0.515651095864993,0.00000000174051759663309,0.496266514840248,0.00000000128570564395258,0.000000000971997945502034,0.261215822219008,0.826307392000728,0.637176709060931,0.521249632056406,1.09025430299451
"UI10-00057-Huron-Sentinel",-1.94092595878006,-1.90688894667545,-2.65516290404994,-0.916627330138792,-2.73771103049622,-2.12492541668733,-1.80215402882489,-0.00000000402620878830725,-2.55731441022467,-2.14997457495265,-3.23558903930727,-2.52158631472849,-1.34575272525733,-2.24331368465606,-2.44282456129495,-1.8648395743226,-2.1443582264192,-1.64068296525656,-1.83792553623688,-0.816632897885745,-0.00000000483365892287167,-2.11835534482715,-2.61239809207616,-2.09933976121903,-0.00000000421181099539867,-2.08244399492366,-1.49712902186549,-1.79935067111558,-1.36231893956755,-0.0000000029936843100245,-1.70009597498166,-2.10438249983313,-0.00000000247420634141716,-2.31766144776344,-2.73938242893295,-1.32330072148707,-0.00000000365757879374076,-2.33629570776039,-2.33686322788383,-1.88665254416266,-2.01056948882018,-1.7651017785414,-2.95674134261768,-2.13247768087442,-0.00000000450117056606638,-2.41854466134778,-2.32240176697681,-1.92767929741279,-1.79784532084941,-1.88562184924,-2.2547201487039,-1.82032041931703,-2.00663505816821,-0.00000000464628840105304,-1.94496606795484,-1.68289361861955,-2.65374283633634,-0.00000000429226673351806,-2.0813037415984,-0.00000000279422655633622,-2.82397367139686,-1.9052105243476,-0.00000000451912664650516,-1.86825350854572,-1.6597336410533,-0.813137150746324,-0.00000000305959890489583,-2.66715640203056,-0.00000000435176844611578,-0.00000000380875886175783,-1.66102732825968,-0.00000000411374987499584,-2.03077765570415,-0.00000000225808669469709,-0.00000000476180842238442,-2.05401804292836,-2.21759493185407,-2.65752158181925,-1.61382017799576,-0.00000000337993430522284,-2.48432840133353,-2.09998266548552,-1.97418890232037,-2.66443520178393,-1.61268025248601,-2.18246643738035,-2.58411677485221,-1.57344502668303,-1.54411927718262,-2.63021969233917,-2.22283707769024,-0.00000000401174377704098,-0.00000000510342699132636,-0.00000000420355203381205,-2.55537914124124,-2.70425924928224,-2.2800479918018,-0.00000000234479484109085,-2.55415978324023,-2.19931083111485
"UI10-00060-July",1.80228993188188,0.000000000725616512676524,0.756552826987675,0.884055206682295,1.00814806323606,0.966370494243854,0.000000000271078349990005,0.00000000191781830183938,0.00000000128047652976124,0.000000000183975447991162,1.13376502290992,0.00000000199596564390284,0.920420807745773,0.00000000100328239722624,1.19164737813628,0.878409182887757,0.692337195042827,1.14014547636606,2.01431936801923,1.34295156906867,1.60462581166387,0.00000000200942582429979,0.800890713230022,0.0505361926444736,0.971585562851134,0.873828994781152,1.08738193565889,0.00000000152061676211862,0.76734958610663,1.16847830483741,1.06958202103696,0.522008560652678,0.925441443584611,0.52620459737595,0.179557648199382,0.40005895256264,1.42192521700893,0.745841863634418,0.00000000195371923745278,1.11948655806046,1.07043574297223,0.00000000277769056528914,1.88356150607874,0.00000000058840545108839,0.00000000191383239931772,1.81743833105429,1.54927863524134,0.00000000112384255461853,0.0000000025148412347573,0.568970901713963,1.2213397998735,0.00000000231250793338621,0.00000000253343896065514,0.00000000316948966341408,0.00000000258328454436133,1.26781389600466,0.0248534388542135,0.00000000314744215097446,1.38157603510594,1.06267840928257,1.12073090285005,0.00000000228273975146122,0.922538232089367,0.865222601612589,0.764412747352324,1.10037522483589,0.79911885713825,0.742581632748181,-0.000000000213922776435071,1.73655334228077,0.483093442450458,1.26693235472399,0.970286920701882,0.458284276118995,0.880693963910783,1.30277372162827,0.957323601006374,0.207023258421926,1.9122113530905,1.13633797702869,0.756621367956249,1.42083641304472,0.00000000284520386528051,0.879445187203046,0.00000000411600999884974,0.00000000234240335410625,0.0000000018335865807284,0.00000000243242559853882,0.00000000175476133603642,0.751833708511557,1.03212368765451,0.00000000261983775278643,1.39825680894663,1.01866306258337,0.33879503961152,0.00000000366721023871579,1.24713363646373,0.600384354310387,0.423476937747181,0.624649229051383
"UI10-00061-Kaskade",0.00000000185612845029911,0.111233555299034,0.000000000900656896956969,1.94290876763998,0.714461157432906,1.34910557881133,-0.0414528546496929,1.06197498440556,1.16043041241073,0.0000000031186248864123,2.12339911322569,1.47307590818073,0.363734190936367,0.00000000169462591866892,1.46260909817406,0.572652708795874,0.000000000930603741647883,0.711740193048637,0.000000000790344636767808,0.00000000166366953683877,0.00000000283112391722284,-0.320593017216299,0.00000000186385199394125,1.33688244102726,0.18056964466496,2.57863786005746,2.08271928029205,0.0432333196177941,0.0390928812754331,0.00000000075912859765037,0.880645825657814,0.481605516426573,-0.0000000000067229132439469,0.614933896044011,1.02253518752867,0.567396365154294,2.15536767091281,0.196075568919282,1.49334829618257,1.26563124227902,0.000000000646072932763401,0.801818163163317,2.34521145607955,0.000000000995442762058582,0.00000000210595562589983,1.65666859933904,0.000000000772667555314851,0.70289628527539,1.38666097945228,0.877223003677616,1.50010118456828,0.000000000986491756972855,-0.0190146286408336,1.12466760315016,-0.0000000011120128842842,0.00000000000672573372356622,-0.147346844989523,0.87950673655536,2.14428378135156,0.232369119916413,0.00000000167648794556198,0.979816279458966,1.78958966826292,1.26662426432665,1.88391168356831,0.246814133958518,1.32383877058125,0.678623181424431,0.136292208979915,0.103070404807721,0.928900558586027,1.2171502565386,0.00000000158974341481437,1.00504632279809,1.527805280069,0.000000000988335160340284,1.16001515255209,1.12686816563486,0.000000000156035336237764,0.00000000153195855905245,0.0283993970689554,1.55910895187178,1.51708076310077,0.723761195981603,1.22539117599898,0.126445161783437,0.000000000362034464447124,1.27450482071677,0.342915024350459,0.835721762854231,0.000000000238001293339603,0.449363933982251,1.78973938667122,0.084471177411996,1.7071605277696,0.135746863780309,0.68306335419334,0.923840809408623,0.00000000154059090091967,0.745836844197259
"UI10-00062-Kirk-Alexander",0.00000000294555265408969,1.02573521852227,0.991888378610471,1.16567259241067,0.455633805246494,0.00000000300457957235978,1.24363681737373,0.631316382194154,1.04859857292035,1.10985794447743,2.18176903144975,0.824413904241879,1.42468712709825,0.839095834781442,1.00071881427555,0.000000002387928822631,0.630058646590341,0.638541295634101,0.989094331830082,0.00000000298806394431695,1.70971967162705,1.3895471250669,1.12678381640321,0.688575996362542,0.633405308860953,1.10421359075044,0.697177604311627,1.16350387508588,0.609630322161926,0.786682898416485,0.00000000274590858503309,1.14811105136044,0.929254111820532,1.2700485084673,0.739566646168788,0.734945796718183,0.00000000280483396606026,0.747844536634153,0.00000000244605925603606,0.901068598070621,0.662834830880935,0.826466638186288,0.5601351987889,0.465712268824936,1.37209574445881,1.13979486586236,0.00000000223556433088342,1.07454790998062,1.25332834855017,0.852102559578317,0.586773067635141,1.06352451468089,0.800678342353343,0.00000000219928687539134,1.14776498481575,0.99723689605384,1.06824227834315,0.958223965620443,0.460265827461448,0.916864394688999,0.00000000366301362422621,1.67980599145339,0.00000000343707217507264,0.581926360799557,1.07277756412186,1.43477550762601,1.2653545359911,0.775016511237805,1.55047755395635,1.50065157723554,0.703372151435344,0.716553462791019,1.38792021260688,0.956066676166498,1.59847163242815,0.627179516804331,1.24089305515167,1.10549877347768,0.00000000351922831762162,0.00000000340769026056315,0.574496540590481,1.2281338279028,0.246744048573935,1.48829623580263,0.00000000288945660093005,0.00000000390778455146997,0.00000000328884211455417,0.883904429388516,0.881664079210528,0.00000000351946949941973,0.00000000325153341245863,0.833363427724465,0.766741580975022,0.91294860766605,1.60322776298101,0.00000000329758999506372,0.00000000301031797159697,0.6631830794444,0.636792614333324,0.000000003571645556066
"UI10-00063-Kleine-Fontaine",1.05757866745788,0.505313538056237,1.32849193306204,1.23655079920188,1.30691852635627,1.15719495821855,0.458142974230925,1.0767456475501,1.31190588668834,1.63338997122124,1.12412347293662,1.07608072684283,1.3525540509625,1.7123400027,1.34912390202603,1.1866315794913,0.96358449270803,1.16948433554031,1.47240389590266,0.00000000294233196188896,1.4883936334867,1.07875237245129,1.01237445944971,0.00000000138831761255726,0.00000000237592641348566,1.43311220132202,1.5666131874641,1.38870407083633,0.362326041028733,1.469862561387,0.66869833400682,1.19923609498506,1.37460588171207,1.09489766210452,1.3326435397386,1.34929493011632,1.17472459069172,1.10221221246464,0.00000000200228796220479,1.10476497777789,0.00000000202024494288669,1.04856104830094,1.05499640691673,0.638600074312759,0.00000000286352126336971,0.961715982571455,0.529710307293372,0.95845156980921,1.0418525193768,0.00000000265291519740666,0.702090287057342,1.16708141569502,0.00000000228234098988354,1.31750679033739,0.464979557598136,1.629639880629,1.1010325192098,0.00000000291741109042373,1.01492821458464,0.956820873768283,2.68811648813783,1.18065167973668,0.861433008076824,1.0025478814731,1.36078903242539,0.00000000286016927967562,0.00000000231466884648362,0.00000000227476237963771,1.37681461028359,1.52160363024371,1.3786528874014,1.13098084528926,0.000000002337520582978,0.00000000225063391772931,1.65336255588738,0.00000000233702051924317,1.80050514941201,1.89186995368684,1.55057301770226,0.996402499084363,0.00000000299588106503414,1.21399046446149,0.00000000316183532728233,0.00000000163834398290218,1.00932389600429,1.65393348543022,1.66036548021851,1.34257208212943,1.28343127689547,1.73603639706658,1.27233778345491,1.68303196486393,1.31380935091748,1.19783032241498,0.899595903198754,1.79329142679464,1.0186174379951,1.26953581375069,1.75722628637903,0.0000000025580596110939
"UI10-00064-Kleine-Silberspinne",-0.00000000210667247301028,-0.00000000157442712781993,-0.0000000023564740656085,-0.00000000134996742741817,-0.348282083152526,-0.553788027534507,-0.191676888460058,-0.238066594966601,-0.00000000262915156814788,-0.435078964467244,-1.26799433353211,-0.00000000179006036903737,-0.41686965765651,-1.38812308426164,-0.694068009777625,-0.869646956405097,-0.612066128993606,-0.00000000156700642864038,-0.217272480293767,-0.00000000243654862261046,-0.700942597054175,-0.331640955501141,-0.827902566202738,-0.00000000162481978794457,-0.909836424753784,-0.15359005660063,-2.10543459124017,-0.0884935682119932,-0.474439678890417,-0.836217293661121,-0.00000000208743880786975,-0.00000000161373967173769,-0.00000000129246026638409,-0.00000000227443919230771,-0.858164483129813,-0.444970747514672,-0.603086831037282,-1.0154052095237,-0.00000000112845253804157,-0.31769106162538,-0.809157676975796,-0.00000000165689182153537,-0.00000000216522626622783,-0.755827896794716,-0.00000000232091937622693,-0.00000000260060494934055,-0.00000000272525485002433,-0.231362689452842,-0.00000000158118927422595,-0.00000000200675737329929,-0.00000000160936625506299,-0.0000000023966548556286,-0.00000000122171640102191,-0.82903539141131,-0.307033737397731,-1.48124750097808,-0.962047642421771,-0.00000000180977769074371,-0.0480069806603925,-0.00000000261322255913804,-1.09123691515806,-0.00000000171136461687148,-0.00000000208398349662581,-0.637235102997831,-0.00000000126479195494764,-0.161961590535211,-0.649726384279219,-0.000000000841685939792878,-0.196834458615033,-0.704027166323135,-0.0000000020198825903983,-0.984572338600934,-0.439203404323466,-0.883747327104506,-0.876245531885747,-0.00000000196590683475026,-0.000000000959102554574844,-0.671295787468159,-0.516994018415674,-0.00000000263166968930778,-0.00000000127602841953988,-0.00000000198649563287536,-0.521501804087619,-0.536821040918138,-1.0452748702464,-0.620139157193053,-0.00000000210278758261843,-0.475643697679139,-0.442090662812327,-0.00000000162317931842665,-0.00000000241257628473723,-0.140393467112671,-0.00000000277960518640367,-0.00000000224944683563439,-0.646923307188577,-0.222660245775248,-0.000000000615844531231125,-0.58200258693832,-0.728812867080278,-0.00000000283974545923131
"UI10-00066-Little-Nickey",0.688982696022066,0.703205682507062,0.00000000171806723184870,1.40003822038761,0.00000000122365471698746,0.00000000239449464646199,0.00000000214229610392498,0.000000000840118658084666,0.00000000110933707266498,0.433175222142131,1.85964816868801,1.86286136617649,0.465710293856231,1.44222031887538,0.25078828772631,0.00000000144928721752704,0.559498657994527,0.608022400038207,0.00000000161419330230292,1.05517769333108,0.594066698459294,0.577319915438356,0.616281965306138,0.559923275879066,1.0513533869715,0.0000000023558924144403,0.519642482898013,1.58918626811021,0.184733518384566,0.706696290800217,0.764381959799907,0.00000000213310646863307,0.745731333486667,0.591584837188295,0.724321174258091,0.806453070925248,1.00656955364989,0.85807038200985,0.00000000183273671748812,0.677035937899708,0.00000000120745710083774,0.635822569221077,0.719304618321337,0.669639203900136,0.760872778831973,1.43257236881932,0.00000000160674361451695,1.19178358770583,1.20844586145666,0.00000000172553121883304,0.892510976786129,0.00000000145538310378679,0.00000000255838729244871,1.03457425327361,0.00000000270683780397284,0.998169695828078,1.31992424415707,0.00000000215090610907105,1.35529742244828,0.0000000021764832693526,1.06998350860833,0.77267739939693,0.00000000157883330954285,1.58529599784093,0.735806397206173,0.419641378403472,1.0068266694944,1.62990501207858,0.00000000138687685519897,0.924495164664484,0.660450335040267,0.451957642835993,1.1640383878489,1.46052162920785,1.0889912440802,0.652153678584326,0.539098130266492,0.842600456075576,0.00000000217689095090238,0.726787795798664,0.00000000196630779774037,0.88930816521892,0.603472969397245,0.691450580877356,0.573728671227298,1.19594713152292,0.43828849971846,0.4843874517492,1.41359837854705,0.00000000240754744584201,1.42350413783428,0.000000000653099186444296,0.416561204112,0.980436164743285,0.214733598816688,0.64139609234637,0.838856274470913,0.641862616394288,0.435012436749484,1.51136005931223
"UI10-00070-Minuette",0.1747369715397,0.000000000761594050808109,0.21677642771824,0.16344991317535,0.121516860323085,0.509376909963795,0.217672190653173,-0.119090481774787,0.131101789295985,0.0624508006288393,-0.0155277112403811,0.00000000136961302774633,0.201866753964227,-0.000000000404224242133452,0.0859949908432582,0.0240765261266332,-0.0000000000639482415495631,-0.00000000102334674421646,0.0828133756686467,0.000000000291049818988791,-0.38644969675842,0.000000000304287966126718,0.0189775589387622,0.252580627368501,0.148586388154948,-0.196247950011284,0.0980797260917449,0.000000000701123644922351,0.0327752923868126,0.256853806238065,0.249985176820157,0.0338497348468372,-0.199026771375467,-0.0262493009740555,0.0380823743747657,-0.000145886911431304,0.000000000838593450325963,0.326306744796557,0.00000000115517248203711,0.108282000926215,0.0233974459974501,-0.0444175673714294,0.00000000056840581647834,0.260868711698848,0.3559231557207,0.0331862545095533,0.43347875412805,0.290686340024493,0.149457575082518,0.000000000185296473873321,0.0445296992901797,-0.0525923671277798,0.000000000779290279961573,0.000000000534619179293795,0.0000000000895047005264124,0.0000000000828046087285845,0.252795705143525,0.26436036821069,0.198308355432098,0.034114756853877,0.134084391673501,0.0346423012277759,0.2237107097692,-0.0934931582994581,-0.332639986810922,0.101594983784588,0.00000000055770363396821,-0.000000000040264688470995,0.348523957926416,0.288031085003933,0.055550841604137,0.00000000025624860851267,-0.585795294967438,-0.337089691632456,0.22110429916311,0.00000000115069068714366,0.000000000431144197726679,0.178528795915494,0.267155877084711,0.0753150996415251,0.000000000343059315871559,0.000000000997022304817204,0.000000000558571360493408,0.020097415219513,0.505726599543504,0.495583649418339,0.000000000754451870298377,0.0962039710939899,-0.0127074846095826,0.0152928605275734,0.0690372229415699,-0.283529379467254,-0.0481741260620284,-0.0380706710181914,0.00000000104155042042819,-0.00589680067305124,0.0611837661193604,0.0000000000083207648764024,-0.0208594708473795,0.000000000594388058039121
"UI10-00071-Morning-Light",-0.522049879385462,-0.582620226905861,-0.235065391304226,-0.624669149748777,-0.737913786011769,-0.00000000477222515501267,-0.710059081384679,-0.280927428011459,-0.719977356451474,-0.488890658367634,-0.00000000359023385096808,-0.474944606470235,-0.615136636447541,-0.00000000569327014019806,-0.723424826302891,-0.486466832477081,-0.685444271251382,-0.5223856290367,-0.00000000507903998966896,-0.666068279851414,-0.00000000576029544943564,-0.602920937199305,-0.51786260746175,-0.679208338267782,-0.765435313688699,-0.697731749966736,-0.521447855742404,-0.686733887607592,-0.339342579785221,-0.368861368986896,-0.00000000357147631447348,-0.762057884670683,-0.472257082057911,-0.526177190060271,-0.217432860208448,-0.28728339334755,-0.408719909811078,-0.00000000274002406031295,-0.450732197580807,-0.419035049842864,-0.00000000508202238939158,-0.761063802962191,-0.143203042997799,-0.673938380572291,-0.544513037590415,-0.605352085974612,-0.00000000505436594790562,-0.575277694174352,-0.632826428353383,-0.571743342787542,-0.562170114664191,-0.00000000309731199114861,-0.00000000532510752800975,-0.510486072080651,-0.00000000695499394578834,-0.00000000491228945347766,-0.556339374078261,-0.311903508602942,-1.02830689871402,-0.745436522352763,-0.00000000529949358180009,-0.00000000322234415637644,-0.577441980560845,-0.572323989987484,-0.658931934747145,-0.263911507921999,-0.00000000590024939450526,-0.534742231561684,-0.71348437807227,-0.415851888073886,-0.620837028637448,-0.551032446575084,-0.549986359758135,-0.680314604529659,-0.00000000477745308461331,-0.539086353696664,-0.00000000398128387372636,-0.445740534001966,-0.00000000678160359082017,-0.873443475298936,-0.706173823919066,-0.00000000571544849185851,-0.592772476654329,-0.580707603375516,-0.964240864044605,-0.586678429345183,-0.578749359869871,-0.00000000430883789141438,-0.00000000543470758966529,-0.00000000361999252710844,-0.485150444253822,-0.494433527298529,-0.31034564426519,-0.00000000545413356770036,-0.593152316588612,-0.387604995171288,-0.527340244221128,-0.315910575781379,-0.726495016207637,-0.782802253021561
"UI10-00072-Mt-Washington",-0.00000000369434531383842,-0.00000000338090436442159,-0.00000000305012851975468,-0.00000000077316976774955,-0.00000000261757583334786,-0.00000000185823493859047,-0.00000000184544502843037,-1.38207272466879,-0.00000000252490970072191,-0.00000000186154050223298,-0.00000000446086643095868,-1.04819736320439,-0.00000000430608567648633,-0.00000000345698339340275,-1.55539732793017,-0.0000000016949838691727,-0.00000000324210227044935,-0.00000000212929202584801,-0.00000000341599177739348,-1.99964347497199,-0.00000000233342503764862,-0.00000000244789092452268,-0.00000000137173968622847,-0.121535029457103,-0.00000000306472936884826,-1.54469444033835,-0.0000000024329824260862,-0.00000000236432265034771,-1.72750184800035,-0.00000000315426537302335,-1.54352795351791,-0.00000000258784929751633,-0.00000000381085356289005,-0.00000000379637765474228,-0.00000000385534591777414,-0.00000000362725558253308,-0.00000000259729987051652,-1.47647177134474,-0.00000000237814150911868,-1.07098482358742,-1.69045375552491,-0.00000000462719354040942,-0.00000000338945781638054,-1.04388350669612,-0.00000000287581127115491,-0.00000000342062909842582,-0.00000000255219204303433,-0.00000000223882035277429,-0.00000000348794267355491,-0.00000000234558679344238,-0.00000000306690372703808,-0.000000002647197083305,-0.00000000334579245523332,-1.00791803813189,-0.00000000246113434484511,-0.00000000339886568439258,-0.00000000298509036675898,-0.00000000310971046197042,-0.00000000194317824338309,-1.29639920991947,-0.00000000335652719620119,-2.49704514189643,-0.00000000341441573381836,-0.00000000404793724389846,-0.00000000294885888763748,-0.656838686939468,-0.00000000225840973562722,-0.00000000401025014496544,-0.00000000279679626876117,-0.00000000511929766828675,-0.567718521855807,-0.00000000323800772269285,-0.00000000317099212236068,-0.00000000239731272201796,-1.37038426182216,-0.0000000030803873119077,-0.00000000380347149048956,-1.25386415509642,-0.0000000035720956114904,-0.00000000434816894209087,-0.00000000257919085994004,-0.00000000378760235753528,-0.00000000261321718169262,-1.16468104117019,-1.49249081234498,-0.00000000418641310912689,-0.00000000353516419694242,-0.0000000028898198604308,-0.00000000239980155605025,-0.00000000300505760761195,-0.00000000296796917402193,-0.00000000258870271139476,-0.00000000205436945693691,0.00000000029050801034099,-0.00000000297825384173411,-2.0472658446273,-0.00000000362396380507184,-0.00000000247845117119974,-1.62510722666813,-0.333098708805595
"UI10-00073-Mysterious-Maiden",-0.137591302260104,-0.000000000787201905913141,-0.357359917672902,-0.00000000151217676636012,-0.12523659644693,-0.340786827091265,-0.555106596466928,-0.193569490345937,-0.603226249304289,-0.119801715848472,-0.191700442733151,-0.000000000882679130593317,-0.000000000800476915436098,-0.00000000142330123926839,-0.00000000123530039541051,-0.340786134071932,-0.0311518176232361,-0.000000000240720703233606,-0.00000000171189942132853,0.0453783509772401,-0.780950052978616,-0.00000000209259983825549,-0.000000000266359246003232,-0.173053887138015,-0.000000000887631596182362,-0.000000000777985988668049,-0.197929084142838,-0.0607696024297768,-0.00000000156542048156736,-0.419791035042776,-0.000000000636925564414239,-0.26362333001728,-0.00000000117532359884302,-0.328420699516773,-0.18861600517437,-0.00000000159645040774556,-0.520163779083469,-0.523628110810119,-0.590198021616643,-0.286552172644257,-0.285051561470803,0.000000000179550740669802,-0.374888147905257,-0.00000000000718180533350072,-0.000000000962890355713212,-0.373763870594208,-0.00000000144571967901027,-0.244878639429485,-0.000000002669509801898,-0.0411983498762059,-0.217183028107552,-0.000000000725699627095192,-0.0842512176348597,0.0482231912313368,-0.00000000154798077953627,-0.00000000138252494687738,-0.000000000903519991343986,-0.000000000836865970639695,-0.127656804799215,-0.159907184834112,-0.000000000719291102234184,-0.000000000958299552852611,-0.000000000640604505105624,-0.000000000592380083488012,-0.498488685491291,-0.000000000636734559656638,-0.00000000301075012531774,-0.376934306908707,-0.372543539936665,-0.163954105697388,-0.465835917662268,-0.133657559820471,-0.0879644147309066,-0.60927149339226,-0.189841302534893,-0.384683094312933,0.472875170814408,-0.172437879300346,-0.192907107220933,-0.0289057924644858,-0.000000000510956651115972,-0.313755052606048,-0.145994969655266,-0.101984805864806,-0.141725347107848,-0.00000000103736165489215,0.00329843688187157,-0.221947413745083,-0.085992389643493,0.0665821331363858,-0.173002827757192,-0.295895149948439,-0.00000000124512987821938,-0.29187029366251,-0.00000000139987569648314,-0.0371116437788158,-0.000000000661349447597029,-0.312333785753125,-0.187976391785832,0.0763440767445576
"UI10-00074-Nippon",-0.288799170242322,0.0265315307804866,0.102120089092449,-0.140695379351969,-0.0773130583629012,-0.042079389533227,-0.0119546298640886,0.0331812760442775,-0.194830835443004,-0.0115610958661445,0.221920432842422,-0.271447085433338,-0.000000000246032256727984,0.000000000137699653634357,-0.505145651076626,-0.000000000727953590927066,-0.1120518223433,-0.549140022566862,-0.181192902745313,-0.386711848687886,-0.118484973584872,-0.506270087513504,-0.122988843462418,0.119947187047698,0.0178139539716778,-0.0352386126369497,-0.161114895989429,-0.285023890093741,0.000000000149728614053863,-0.639990822048297,-0.0000000014118707151179,-0.735897967145442,-0.0535071956244109,-0.378437967373491,0.0497092085197949,-0.489724975327771,-0.178708959032956,-0.163936857948379,-0.0650389779748408,-0.42784107482366,-0.575133723277115,-0.0790907405291767,-0.473524478187469,-0.120155712589407,-0.15834192179969,-0.556345335352459,-0.157161943261972,0.000000000805334966366011,-0.416823386323026,0.0154988298961071,-0.0625883451032502,-0.00000000098688032207635,-0.233281322280727,-0.000000000863185325072819,-0.000000000391355942641263,-0.738682813447859,-0.202422359705959,-0.238230247667314,-0.103312469471429,-0.00000000262975603737338,-0.137632059950345,-0.22398784943846,-0.269318532849153,-0.593551130157134,-0.321150494644353,-0.108806246984534,0.207215925855065,-0.17068192292235,-0.000000000326349848668181,-0.0650184020668751,-0.0467419746916985,-0.000000000329197126718417,-0.0451950706382497,-0.261041522781257,-0.276913346967389,-0.200216450083271,-0.00309166191378388,-0.00000000240433382393087,-0.0425715834453149,-0.00000000150568237188933,-0.153472202063404,-0.000000000796913128958519,-0.000000000399441765748237,-0.632320230876662,-0.227816744974164,-0.000000000958862236478865,-0.808571599533206,-0.000000000140202077864806,-0.00000000140491375742724,-0.289565441587311,-0.0787029908611835,-0.0936839631144974,-0.137414309763485,0.0564757186290007,-0.000000000428784299605536,-0.139943577321148,-0.509358373330519,-0.000000000781732055268344,-0.0984879390919223,-0.0581659787304273
"UI10-00075-November-Sunset",0.0138118777725309,0.0332614439721779,0.00000000124009713052159,0.0854712403499255,0.829536897528937,-0.0186547610565383,0.000000000451037857821304,0.216421645121317,0.245262166229249,0.242625122629444,-0.16067881120544,-0.00000000000546379682527238,0.0058559760116574,-0.000000000105117548227441,0.0192976291226019,0.000000000560252004448849,0.499589933054335,-0.00000000174994182897163,-0.0000000000586092543009267,0.00000000121847248962849,0.00000000159561491597826,0.000000000155924228278168,-0.00000000132981171452966,0.156151399761637,0.689623396255026,0.269066341474954,-0.0559248357366119,0.535254246071185,0.191225313915198,0.106763557342386,0.144474762607986,0.200936226833214,0.00000000124828185707245,0.160824207428019,0.00000000031827340959865,0.00000000132787475275729,0.182909118696812,0.615777473255817,0.159639539472083,0.181341856351549,0.207910380680809,0.000000000515330136088286,0.446356040960991,0.0560615453264885,0.393508956807777,0.492328530279437,-0.0000000000956146313847182,0.414508388787753,0.000000000322874949752195,0.000000000644509696215194,0.214935988374946,0.0291039326477079,0.168389802098611,0.577976287175334,0.218586406348729,0.719188067854223,0.0688897570073843,0.224094040735712,-0.0411873673574077,0.000000001573826023025,0.133175277693558,0.000000000478616763896296,0.632959195389058,0.420940081367184,0.664164872096231,-0.0561127785857426,0.358439516946748,0.0900602868403846,0.652891045774874,-0.138147279059506,0.00000000158893337588875,0.239298928772838,-0.119440153593722,-0.0200666143261019,-0.241329573762837,0.0245002159546733,0.0191652105481671,-0.0681707592286664,0.276021072541813,0.134881257474261,-0.000000000574675449711079,0.524785689267064,0.28652433128869,0.1208597717465,0.276510777372442,0.552511071625337,0.170320408609617,0.0280550356925579,0.000000000300562852314289,0.121741031749625,-0.00000000074814688575715,-0.0000000010784053818855,-0.00000000110292369638515,0.0286640102856095,0.0432279166633441,0.412168971160455,-0.000000000641999656683254,-0.0000000000441918375508224,0.132983957840514,0.288316525776895
"UI10-00078-Puenktchen",-0.509495545535287,-0.00000000276402080076081,-2.00401341945392,-0.386250900655745,0.000000000616220936012234,0.000000000297044913932204,-0.883995910751822,-1.02289021803326,-0.00000000127685912956492,-0.0000000000618044500546987,-0.975979110025985,0.0000000000442360004040498,-0.436510842466319,-0.999724023779822,-0.652361898701521,-0.0822353067080486,-0.00000000303377469767918,-0.441205034068471,-0.475856703317361,-0.105855781449281,-0.00000000128546657808188,-0.499097409869809,-0.488750390505227,-0.425952700426478,-0.679635299966562,-0.675000213725756,-1.13277221310014,-0.2986469790028,-0.514873876661644,-0.273728197865638,-0.550208805794144,-1.01019054616104,-0.800320895738448,0.000000000803629251539368,-0.710746443273038,-0.913477357691553,-0.0455250256339969,-0.790969617420171,-0.111116053606352,-0.237134188144634,-0.707063506530706,-0.678921060511451,-0.000000000487920934727108,0.000000000847252215662171,-0.000000000301534762641307,-0.760025827275086,-0.997647733420146,-0.435295727003801,-0.444404442973965,0.000000000412029405326946,0.000000000531445153012693,0.00000000169208567900773,-0.0227266481355018,-0.5374626469066,-0.539284538421237,-0.634398426242899,0.00641339902634957,-0.263420502100551,-0.324955674354499,-0.127166340976404,-0.264653031680082,-1.00744697967347,-0.000000000748350065911379,-0.567883134624458,-0.55938226869764,-1.61070875595939,-0.337163600236388,-0.586538723098637,-0.167761189358651,-0.0285844443336768,-0.360230484532303,-0.098174605535684,0.00000000115678041346223,-0.0444426133146925,-0.911725973657664,-1.35773557440156,-0.000000000216317907891397,-0.267662774692451,-0.455806999659178,-0.000000000379183891802611,-0.923360234089745,-0.966236044072814,-0.430916564234673,-0.956285408442719,-0.161395731524592,-0.0351012095099231,-0.084863734296336,-0.655425246496773,-0.376547235661948,-0.830257049352027,-1.09592358113144,-0.000000000430397296781318,-1.03102601307028,-1.25342760736519,-0.49506025690754,-0.645693318036086,-0.763488471539823,-0.000000000416753056842146,-0.621685053856472,-0.404883464417982
"UI10-00079-Rigoletto",0.87702342013113,0.870500349125272,0.0000000042188478323992,0.855302179224456,0.00000000366948940844185,0.00000000534574428769505,0.900062163521267,0.992580971242573,1.27695105175447,0.00000000625703449300859,0.923961949201629,1.13188587260634,0.834130737280275,1.13289713128705,0.939119526502851,0.938668664464007,0.846016964174703,0.769385338348979,0.836897419177141,1.30777590657911,1.56480355238185,0.817635873223585,0.82988659528607,1.0677559341231,0.827423653125589,0.886600762926316,0.908137254450838,1.12786079341934,1.14359830211624,0.851461675807749,1.19944641212635,0.923558972985632,0.851493153043683,0.988956992910136,0.00000000463933674579379,1.02017279599165,0.779656628763782,0.841385073492246,0.941950770301123,0.853986278839235,0.649203789850444,0.874270242649604,1.17459680956828,0.94459661421813,0.74603087009362,0.988457969955311,0.600819260115905,0.00000000442946628044882,0.716586951885215,0.0000000027578717183162,0.890649545887177,1.12210851472469,0.640027397576738,0.596380958837069,0.00000000572496174086194,0.493294420329039,0.445461432070152,0.00000000315135739859238,0.89762152257946,0.00000000500349157663867,1.09878345567902,0.778634039328006,0.553728126234953,1.03972160691285,0.00000000303190996457013,0.926891273718335,0.833128256904581,1.12315436382602,0.871243420698973,0.00000000555389773255598,0.926439760823014,0.886209899522316,1.04429583058782,0.840798495225882,0.793556985769449,0.733932097120001,0.861583814649796,1.0604409987392,0.00000000559302283026767,0.880517360723223,0.00000000429655772968164,1.09883415232633,0.320303243367106,0.907865375973685,0.72221803624449,0.343513124671606,0.00000000461540607195118,1.16118174284834,0.583942586025528,0.00000000414890791727776,1.03272690445518,0.751995589344184,1.15407061650873,1.02152640119854,0.862082140162303,0.00000000611239034301522,0.904249898345832,1.04067303912513,0.00000000579848894211697,1.27230060489634
"UI10-00080-Roland",-0.57791380890614,0.000000000575679337921098,0.0560082958862112,-0.373857962085559,-0.0426336231106049,0.00000000094905299036598,-0.146351569429842,0.00000000160245713243754,0.384213618695742,0.0000000010329485402585,0.039986844260064,0.00000000120727898617691,-0.0182713538675445,0.000000000833095988007656,-0.655641501100621,-0.0236454034955417,-0.0662518764214934,0.33266299941884,-0.116154126022269,-0.664358613017397,-0.266791186424336,-0.133209109185131,0.117739557837569,0.000000000448818483612424,0.000000000983867997755285,0.000000000808640728746239,0.000000000621760038326848,-0.194361778270295,0.0925142681205982,0.000000000687233480238308,0.00000000059436403352342,0.000000000507675176836333,0.0482144133036666,0.00000000120459622924399,-0.107569386257015,-1.28825144756093,0.00000000145681275851934,-0.433350595500633,0.139034717846844,0.484856420321489,0.00000000229932986964984,-0.0440456271206681,0.0585441859084102,0.0613041482904987,0.136256325297079,-0.0337869375663477,-0.115614358719397,-0.0509256995141434,0.0460725082405378,-0.0247040746898437,0.00000000119429605045522,0.000000000439515597207202,-0.00568347833936518,0.000000000684847493048125,0.00000000149314139849095,0.00000000241458834786179,0.566543832125951,0.00000000185884094566631,0.0748261269218911,0.00000000171602467122111,0.00000000121860475890028,0.00000000207516789732981,-0.0891706518922691,0.00000000209202347201194,0.718909153376674,0.176537481830195,0.00000000159482718000818,-0.025028129507527,0.0000000012790756187952,0.00000000146267785843391,0.194522048843014,-0.36152466227443,0.196606916340646,0.00000000120465841912856,0.137788405831969,0.00000000168844467194805,0.167525595097771,0.00000000187127495215747,0.128589758501567,-0.14420640480206,-0.117094253501262,0.00000000136695219098829,0.172565789953675,-0.580253241980238,0.000273439014272889,-0.698914718076035,0.00000000137314447250321,0.523514204142447,0.135851946036214,0.000000000181858649564397,-0.00567366565490797,-2.00631301350801,-0.348783069088139,0.0697053413494526,0.0178520350646342,0.254307481414261,0.00000000179805444527843,-0.722498648340251,0.00000000126457114841204,0.00325315644624349
"UI10-00081-Roter-Pfeil",0.0791194722180726,-0.0420436928202907,-0.448496837461495,-0.195141530577258,0.313870117263188,0.0391110964344238,-0.349141334156003,0.000000000858689143365007,-0.286472514312511,-0.324708020248207,-0.122616929455478,-0.155704852885223,-0.306000528603302,-0.121788181519332,-0.271902608634819,-0.16486726820386,-0.155838459793986,-0.250023072901844,-0.21561046559667,-0.0386400514263369,-0.0000000000299143449213349,-0.213862570386225,0.00000000021316798661429,-0.169683597310602,0.000000000698587221127891,-0.104991374753672,-0.178921878312165,-0.298998136279956,-0.426502187841778,0.000000000827791050268988,-0.289768808528369,-0.185799604093484,-0.204059158738122,0.00119022859513441,-0.0715816216742161,0.00000000237739770253992,-0.0000000000718689420262389,-0.169301781644485,-0.696149578413567,-0.188821941059152,0.00000000112600072774376,-0.163660790628483,-0.525950130651482,0.0000000000484359643767295,-0.319585060015296,0.0648446296149299,-0.386701769433993,-0.433920979232527,-0.170357732221655,-0.0648034693536558,0.00000000165074025634634,0.000000000428260194851237,-0.000000000195380406594854,-0.207898700887911,0.000000000126181134015499,-0.369094716005633,-0.242409514276272,0.0000000015310212519935,-0.371865104444019,-0.00000000112692309886722,0.0663186164683579,-0.438627258785224,-0.000000000148223443546456,-0.479106727276679,-0.435340872839186,-0.160223355695282,-0.402422733742492,-0.374236760143897,0.00000000067983982558786,0.000000000989572365004417,-0.287365188294763,-0.0773805457338525,-0.239312878962376,-0.295935161067224,-0.224012272904428,0.00000000162442138443518,-0.0971022323490941,-0.247307566609944,-0.533425023218845,-0.36109621990547,-0.273048822526586,-0.514473021006731,-0.201054420685577,-0.0783870406588287,-0.461639609063908,-0.000000000350922558057038,0.000000000564730878768677,-0.25799094576868,-0.103072470521472,0.114193545963404,-0.401707413023067,-0.295282268946781,-0.324975742436171,-0.141757747795543,-0.445835706870993,-0.00726375852719674,0.0000000007655378262711,-0.299944083787937,-0.0000000013191900905362,-0.000000000437929739054396
"UI10-00082-Rotsilber",0.00000000042542406471105,0.00669916388440137,-0.13206292200449,0.129793996389674,0.0817915244032933,-0.0861409771993209,-0.06871434008211,0.0591234199936966,0.0151972667013758,0.0354564723067406,-0.0190685705242764,-1.28418204763856,0.040071596904242,-0.234513599186417,0.15795659658223,-0.0000000000203279598166211,0.0675905089595197,0.0094940024538216,-0.109567849301017,0.0520763137783536,0.000000000332451596267143,-0.0460062682801602,-0.196010162282871,0.00000000148122189540304,-0.0127714270360745,-1.25746642111271,0.000000000887555280304668,-1.05744945127551,0.0134888623393976,-0.0503510714631304,0.000000000289748670635426,0.153526165730014,0.0338970389568947,-0.0000000000756911847318675,0.0440359195871337,-0.823280853775717,0.0737947737443599,-0.129271583364349,0.00000000068415319342616,-0.00598783695894399,0.124106731552425,-0.444434682731569,0.00000000042057358167098,0.713038957076755,-1.27904695129869,0.000000000324092375544932,0.568519291679745,0.142994311007022,0.0898291089905301,-0.00134162913569657,0.716248436452535,0.000000000133720961240482,0.0785560574657933,0.000000000408163994539301,0.00000000025544228421617,0.000000000204139791672844,-0.0311032471463078,-0.0955965606467932,1.06422576638458,0.000000000091438676554823,2.28024257581636,-0.117118103308554,-0.000000000295296956387197,0.136885179872089,-1.05281759510502,0.000000000239786823109663,-0.187597625475077,-0.00621993203431284,-1.26412666788758,-1.2572652698045,0.0659812593590116,0.0540243843016411,-0.0494976996656116,-0.0359446684636785,0.000000000714295847379991,0.000000000447573630702162,0.0517867274671863,-0.0833590107658764,-0.072583504139011,-0.194161971671362,-0.104752791915823,-0.0691152018904114,0.0993663328568788,0.00000000174488949610273,0.00000000116031332451797,0.000000000316198146591403,0.00000000105487585292223,0.000000000842010393301692,0.0163922344421418,-0.0000000000974609693004272,-0.323952873807438,-0.255160134440653,0.0964535074356287,0.115066575130363,-0.0482112355600217,-0.0609970575152454,-0.128360029236401,-1.05759347194182,0.000000000265444340586628,-0.0201015930380683
"UI10-00083-Sarabande",-1.16000359714439,-0.00000000378279433083831,-0.0000000057642647939136,-0.00000000582018695929634,-1.19147019177631,-0.00000000585974512947514,-0.0000000056091044227501,-0.23141475706562,-1.29245618734364,-0.00000000587947095398332,-1.732055654759,-1.27079747796492,-0.930041425877377,-1.10227695275873,-0.873517056453043,-0.00000000518381510866919,-1.02330371998233,-0.873077065231277,-0.00000000610936039002299,-0.0000000047216553478639,-0.00000000580623415866912,-0.00000000373745778654033,-0.886209031540521,-0.922769661924452,-1.15832409661984,-0.000000005853817041284,-1.32480883534555,-1.30815086491135,-1.06529502466306,-1.36113428473445,-1.04167087475093,-0.00000000371011225425592,-0.00000000614767395559959,-0.00000000429114889794919,-0.00000000445056789843764,-0.00000000391678589966438,-0.00000000400469234356845,-0.996134830959058,-1.27688104159535,-0.989758290623933,-1.1768699270468,-0.00000000358638985662157,-0.952113392705529,-0.00000000500359025505021,-0.00000000526893238426658,-1.01195321648704,-0.00000000469079303257557,-0.00000000596632133102649,-0.00000000388766677314377,-0.00000000552940849571859,-1.08177520822242,-1.17174300916101,-0.00000000524165844958494,-1.06906171505343,-1.12364864609231,-0.00000000356110313109954,-1.00761887755929,-0.964204684848698,-1.14204660690209,-0.00000000589173135216886,-1.0181890151357,-0.00000000568202915567178,-1.21336145759087,-0.00000000653148127340395,-1.10016548928614,-0.00000000574237166879337,-0.00000000610043991419287,-1.0945345762816,-0.748631440661195,-1.14428580598923,-1.28495672670474,-0.00000000612726343663861,-0.999022992387126,-1.23784086453885,-0.00000000410024395196143,-0.00000000512301003699834,-0.00000000603459170651699,-1.3149474476772,-0.00000000453292617605051,-0.000000005291200838273,-1.54864812901419,-0.00000000655276214072641,-0.00000000518430088002583,-1.03578982412294,-1.35231377043217,-0.00000000487913035673562,-1.36679401584775,-1.35326209255309,-0.573287173291717,-0.00000000566019936327543,-0.00000000593658139365313,-0.00000000525598338143034,-0.00000000611249316998778,-0.00000000331231478985714,-0.00000000696205284724337,-1.15878443836678,-1.07501471087296,-0.00000000496036374531089,-1.38970998772511,-0.00000000433714721461855
"UI10-00084-Silberfeder",0.0000000019457472765417,0.357506023339021,0.00000000253948448689308,0.422016289266265,0.00000000397466384214653,0.000000000929049432231236,0.542596467441076,0.403184205641449,0.202401280222848,0.000000000951096120325351,0.173156346480069,0.498962623170657,0.424214918183899,0.281781778383324,0.209141913697225,0.00000000325661215308456,0.30995540746912,0.00000000423725804930586,0.222828163152452,0.449686865328312,0.00000000403818040224593,0.383564395432569,0.00000000341193149335495,-0.0997048726976242,0.00000000155857873257448,0.365488462531265,0.0000000027271702434432,0.376072065604733,0.00000000167949336443639,0.270367352719428,0.502570720653924,0.725672174055334,0.437425512440949,0.641270101607348,0.521933213258041,0.384850502035007,0.45985043065455,0.00000000162888651564793,0.00000000312922779828567,0.417892329725951,0.00000000284155859641739,0.00000000343922879011317,0.00000000277715026152388,0.00000000232827470750838,0.362886052951429,0.668077817060653,0.00000000314932138986212,0.517057074629499,0.556123513808151,0.439341211434172,0.00000000237214402649801,0.00000000189665045947886,0.000000000906666762907419,0.00000000260781838317032,0.298329416651454,0.00000000259118078665347,0.00000000378872273098289,0.00000000335009239319846,0.346816283331867,0.0000000010004633709836,0.00000000278520593401647,0.344292259076073,0.618138899053472,0.438198645583188,0.483804559583357,0.28664414059241,0.577756018094845,0.416625544366325,0.00000000396034627118229,0.498868979751572,0.298701915872833,0.236525409776787,0.262387976010488,0.227804312829336,0.150368814703375,0.00000000114820592758396,0.207362403049492,0.00000000205591030502079,0.166059172098587,0.498351660136074,0.00000000310426522655296,1.19355919456521,0.574439113055505,0.408390098981631,0.00000000356449143048451,0.00000000331394805657158,0.185755119281243,0.34956556388603,0.45101289719949,0.350873845259663,0.419952954381377,0.754327638654879,0.337026700354038,0.514517367265298,0.393057044741205,0.431735375100099,0.688525080501218,0.00000000278385045708953,0.00000000238432750985921,0.425210593073619
"UI10-00085-Silberfeder",0.00000000125579152636708,0.000000000516947660726253,0.491495214094673,0.360260542615817,0.383687964433661,0.619085760316576,0.00000000231506633297839,0.317841210871398,0.490534588352349,0.352112412622461,0.470453375559381,0.00000000203145339189495,0.00000000168976756880332,0.00000000161422022186936,0.700698452790979,0.741489046828984,0.330203725066118,0.437575448710767,0.632424232767569,0.5599445059665,0.18715728617384,0.859397909862701,0.637342061450197,0.00000000121827963812014,0.707420689027588,0.237918539538737,0.348021946884033,0.317180827222882,0.000000000987008577420352,0.00000000241992258494777,0.00000000142478906168493,0.482750505704292,0.120717397567007,0.00000000185989149766796,1.0854273652383,0.447238078250053,0.00000000156177707068801,0.00000000218164410256418,0.462690536902599,0.692699525062459,0.00000000259921744627731,0.790543660811014,0.00000000124705398937416,0.000000000836268337210684,0.00000000156724910192446,0.148622223628094,0.270388025965021,0.470967972149963,0.000000001834895416966,0.00000000227119562466285,0.485640181292145,0.000000000970149975318457,0.526454036728167,0.751167004465512,0.341709404389947,0.00000000264241761280881,0.398595899406992,0.00000000207299537495245,0.650529795592198,0.00000000241223740878127,0.168352411420191,0.00000000188808853365874,0.29302996924272,0.00000000167583740515719,0.000000000543938301485462,0.448251209681612,0.00000000153417848748428,0.289546022789088,0.888933739270947,0.382473392171007,0.32240189180542,0.00000000103335773127615,0.484976153806182,0.00000000158476302088062,0.00000000329875715542859,0.794570757473372,0.00000000235518936593541,0.212435212805227,0.548086223511068,0.00000000152394555681088,0.6073345025816,0.0856427011470305,0.320543553594931,0.507206851053431,0.218616863158812,0.40963016641204,0.00000000197418641541797,0.598366271411807,0.428531966333292,0.0000000017956539425833,0.31682390177074,0.30536368025818,0.00000000222951875720792,0.49155212294745,0.00000000121696013298504,0.477556371122114,0.514028185256089,0.00000000196284223177858,0.462159671179899,0.00000000219554326465275
"UI10-00086-Silberfeil",0.768412092768689,0.00000000274956276609696,0.787801281477555,0.00000000188590924420263,1.07571801141785,0.00000000355439947343465,0.755721612706649,0.00000000261401151578993,0.450556417746641,0.680830381954879,0.00000000466106079284249,0.0000000043613256636979,0.00000000227524736238559,0.448911176561121,0.00000000282644621982611,0.00000000288593112262409,0.654432957628704,0.978132315887894,0.00000000239515939361648,0.875182321623337,0.670150504839617,0.00000000305342686236826,0.000000000798264544180282,0.479133432055892,0.00000000191326047918259,0.00000000421542518984113,0.00000000265742435508439,0.913708277203839,0.317952201261881,0.00000000405814183113295,0.00000000310159078799378,0.640454191982451,0.00000000313715020707951,0.00000000227287520279789,0.698753325471935,0.163400365817778,1.10110218597964,0.00000000199789776717388,0.00000000253540327826984,0.592422053327278,0.00000000258689230292522,0.601396182165055,0.388955582406615,0.00000000424467695494159,0.00000000374527397077168,0.362967184075396,0.00000000308055058048367,0.00000000269773101225938,1.22405121034427,0.00000000319026287049901,0.460045720443797,0.464208849567363,0.844352251524891,0.886676084374177,0.00000000306434932621886,0.00000000224789458135745,0.00000000197087215168139,0.00000000362490272786236,0.597366070756041,0.00000000130042623094237,0.837742153141585,0.00000000293304217958175,0.00000000342611124110271,0.00000000347743725733735,0.00000000345284018545652,0.548513584128281,0.604917340740727,0.00000000218093654128958,0.68409621768372,0.60116962953297,0.565096934940892,0.646639668077914,0.510174318563637,0.774325714553715,0.186142824085809,0.00000000146983493274876,0.899768574437807,0.622690837853002,0.667393590839927,0.0000000028212971481745,0.00000000450341214001733,0.00000000239727940276714,0.00000000416040770116122,0.00000000255267641815123,0.00000000340400569147247,0.697904435743567,0.00000000252663382902261,0.00000000295079158160444,0.691527971816951,0.765338602911515,0.460810757874075,0.00000000371325830141046,0.00000000150889412277171,1.22129395992366,0.00000000245048572833215,0.277637179073796,0.00000000335684323946922,1.21382689244559,0.364266147777379,0.878071520396417
"UI10-00087-Silberspinne",-0.00000000444726651611579,-0.00000000355575136170503,-0.320211555138318,-0.0510707313546308,-0.256180260686582,0.403381778276551,0.110222418659723,-0.824131496605698,0.815340187218569,-0.403710671350283,-0.00000000353053797137575,-0.00000000380669192092106,0.299445386440425,-0.00437212433783434,-0.00000000391014833380447,-0.00000000417987864460434,0.211386714902691,-0.513303203097838,-0.00000000310062012764828,-0.00000000351771710810989,0.527738662976913,-0.00000000211588932549523,-0.487891892877426,-0.44118879248519,-0.498074355933695,-0.00000000341133817871002,-0.00000000317701969639017,-0.329228554275007,-0.00000000462745695397574,-0.47948567925899,-0.488222230954909,-0.249682775549014,-0.526406139392444,-0.237153566476432,-0.370705733177962,-0.00000000255061344258154,-0.330677855068939,-0.00000000327935217359402,-0.398691767643006,-0.148337526549555,-0.467493548427299,-0.00000000338141094805807,-0.150952997912646,-0.312927437789113,0.688093789360403,-0.408521994036092,-0.00000000369617505270208,-0.258210770944313,-0.00000000376761177948956,-0.419070890480297,-0.225326041015521,-0.00000000320120740670644,-0.00000000346755842257476,-0.00000000370534732870631,-0.000000003973634401395,-0.00000000204091261526791,-0.00000000384197341933602,-0.466455977666361,-0.00000000330787270534908,-0.0000000039678915346655,-0.487325802241332,-0.43436136396115,-0.000000004030761719947,-0.182436073119593,-0.00000000281518307230755,-0.0000000039374156707875,-0.116353569793433,-0.387251005090654,-0.445392070237681,0.725354011035307,-0.383144781443229,0.16440228642432,-0.00000000353083954867783,-0.274104095936639,-0.00000000244992042211125,-0.385098960029664,-0.221259929767815,-0.34549438722787,-0.00000000325610513759633,-0.00000000301264356902558,-0.381208882332574,-0.161331492216084,-0.00000000295674839098163,-0.199376269831507,-0.00000000408285286836314,-0.25781184591966,-0.0000000045642041769669,-0.0553850531679746,-0.0000000030377582119418,-0.00000000419458617978125,0.445204113172866,-0.00000000245986973824651,0.233354328483749,-0.00000000170528460000959,-0.00000000243926558454108,-0.00000000199053187688204,-0.00000000392957310758521,-0.0000000032488848859959,-0.00000000340957227541558,-0.0292927640737153
"UI10-00088-Silberturm",-1.72653030455577,1.97585274920572,-2.15651097217361,-1.66230077294194,-1.82202062057519,0.000000000426783585132837,-1.75187458652254,-1.18171889647353,1.5210614286007,-3.26904756980973,-2.31825221098075,-0.656589033559816,-0.377447108408955,-3.14201569708272,-0.766404824477759,-0.000000000306630244252223,1.03956753913013,-1.89420750120517,-1.79361064629805,-1.37252916847039,0.000000000628275198644714,-0.000000000994929003324804,-0.571351252298108,-2.02961748662796,-2.20064960098428,-0.0000000000239021100755062,-3.28119623978279,-3.53068517602502,1.24361057749178,-0.000000000292325975920006,-0.667373639412795,-1.99726774333726,-0.943707003236097,1.58408616629352,-3.21459158532964,-3.37082444346137,-2.19598002623037,-2.63480576145141,-0.0000000000358031818079716,-2.28741232318303,-2.83559112298294,0.000000000400834655924209,-2.17914394278971,1.9174286253126,0.000000000373592915487185,-1.27560571823889,0.000000000451371527096613,-0.000000000568121110575058,-1.23197957274714,-1.38866145699901,-1.8121723713223,0.0000000006060952418125,-1.32229616390795,-2.41202357864755,-2.25426598055484,-1.78312173505193,0.000000000426309596462954,-1.80507372423687,-2.59336961241079,1.29595399050692,-3.31321140087841,1.03726727856471,1.76612199630059,-1.32750929558148,-0.646951445692255,-2.28021425731015,0.000000000171930079328995,-2.13512305925777,1.30784383517109,-2.05240888185766,-1.26063205513197,-0.000000000298487086902996,0.000000000284183268086186,-0.993950175444381,-3.23899668460195,0.000000000236612850812721,-3.17083902857068,-3.15519138895559,-0.000000000705309480690669,-1.24902789432019,0.000000000238982867042988,-2.1201505610924,-0.326532009769657,-0.577698455362041,0.000000000319495445333623,-0.350450450963774,-3.25594229695523,-2.83682644888185,1.83871694421813,-0.000000000352871104545047,-1.77766003913994,-3.42429256104014,-0.449462795837433,-2.43869559743787,0.000000000687432179866836,0.00282674410036194,0.000000000409040000676231,-3.48296391542779,-1.78523203502511,-1.23963005163005
"UI10-00089-Sirene",0.0609590132429275,-0.0376603635312309,-0.39043023071278,-0.134397750320381,0.204208034029827,0.00000000112646055426777,-0.103178143553667,0.146722134863252,-0.00000000113819497730255,0.00000000220847417159886,0.00000000118828277694083,-0.016861610170726,0.00000000222286057853542,-0.102100793332797,-0.419415208865565,0.100290513876869,0.0159730127354844,0.0646126219486247,0.21589374616471,-0.0430541908110081,-0.0498467023103216,-0.4304484018039,0.0696953158780981,-0.19268901429194,-0.0440851392554557,-0.0262475429369365,0.00000000136997313182766,-0.140297929494891,-0.137978566272795,-0.127735762317261,-0.0000000000242553464570869,0.0241275799553457,-0.0460554583870436,0.000000000209678694449053,0.230193334358273,0.0374458754718073,0.000000000920303609828701,-0.141264256639866,-0.677100298440973,-0.325260839563922,0.00532551170884701,0.000000000543453358352527,-0.000000000237337237359997,-0.0989406109673403,0.00000000142372611160309,0.00000000212312767421898,0.104564902169068,-0.0429245805246355,-0.00000000026311231960287,0.0365378290040225,0.0000000017184608947971,-0.0829785857089108,0.300226797877845,-0.0465873431827004,-0.044837703628764,-0.000000000890375321120176,0.160306933456267,0.0124798201046052,-0.0942940408358428,-0.149168111038327,0.000000000170918816788621,0.105757044255133,-0.1035603461592,-0.0369812691401938,-0.000000000337741544996568,-0.218178179701559,0.010443883569156,-0.169634569283902,0.128671700987475,0.00000000108190330373765,0.125517318315164,-0.00157398538330327,0.000000000224796106665625,0.0412265065271354,-0.00000000068063128201752,-0.0638695374615996,-0.0598235461859797,0.0356547904248308,-0.0992220073203263,0.221958602813007,-0.187417169019245,-0.0117667277527389,0.00000000142742956624313,0.126003058472277,0.0000000015729415415714,0.0337919516926705,-0.018337256175238,-0.241359618145157,-0.079629867671407,-0.22950566219067,0.0582177326544104,0.00357383235100849,-0.0770994358031858,0.189379540329312,-0.436542379016848,-0.0485943744135165,-0.171104061285696,0.0840415490758019,-0.0117924131825365,-0.0000000000416258004508401
"UI10-00090-Stardust",-0.214754109254018,-0.00000000110051912186842,-0.940744196752497,-0.580302831944568,-0.618106601019651,-0.408925345473397,-0.286201578128166,-0.526700667098658,-0.614581817174409,-0.232287869329814,-0.611427621072165,-0.466055689282689,-0.537748967753299,-0.710500235745356,-0.385017511650999,-0.473107124957243,-0.000000000840323336180043,-0.542782003228711,-0.00000000212358307042142,-0.54224367072524,-0.000000000497798294735075,-0.731557148199316,-0.442962116446364,-0.111049917726092,-0.502429602882458,-0.00000000163073509914583,-0.621750634847912,-0.527897224790341,-0.496205189099879,-0.576403140174272,-0.195403310730665,-0.449867499274556,-0.462972976450849,-0.77411655710145,-0.379132075271792,-0.000000000920595380211374,-0.00000000253810775469636,-0.553184527524568,-0.606607457273193,-0.636976171079375,-0.506067552941362,-0.903736068075044,-0.579549549754192,-0.619117492086929,-0.202853095273178,-0.662560753572327,-0.00000000217245822931311,-0.642780783793277,-0.00000000191917024648739,-0.596305119145366,-0.694680841689675,-0.450951598743353,-0.818951043081044,-0.660087534553953,-0.360663319609787,0.0647593346399128,-0.00000000217283373421353,-0.686448138064313,-0.600446580924952,-0.00000000196741829232538,-0.551844203322465,-0.368897055920128,-0.649504522518041,-0.590297634396016,-0.467862287969195,-0.51159905478573,-0.00000000175848470799861,-0.858431597060401,-0.568461171204682,-0.694283126648992,-0.38874890089469,-0.696706046384964,-0.455943361034942,-0.00000000243862234893125,-0.632837198138373,-0.705217887302872,-0.554512065162559,-0.653654744066579,-0.454517453062169,-0.586523195449279,-0.560866510846632,-0.759582056220812,-0.779321673966292,-0.38475381789568,-0.464697182874464,-0.680797969796736,-0.664580493675135,-0.664861844522525,-0.456121146269379,-0.385301730791417,-0.444518513762185,-0.559796979288997,-0.783438041960254,-0.520586273016419,-0.00000000178004447690793,-0.67709969626541,-0.785052945478171,-0.759848643297252,-0.470524953619905,-0.212879267855348
"UI10-00092-Strictus",0.690811075884542,0.925660575773239,0.82696797742142,1.35630592849994,0.974118418418633,0.764990782921562,0.751990607733264,0.794823754069143,0.703713204082847,0.4696213572322,1.09024891647191,0.955689488546709,1.08354834163177,1.21824059130585,0.929502025550852,0.553113111991299,0.00000000427850410144225,1.01389722932082,0.837249591158667,0.86391840796776,0.786272366153217,0.749042475146554,0.0000000018467404420639,1.011621145855,0.793116848846266,0.819597383293878,0.740190682881978,0.694776180585145,0.866373379999325,0.8015232243045,0.707969246471988,0.800156416767527,0.261002791053724,1.05181945271876,0.383486046703995,0.222078528155859,1.04545637402697,0.876576994862592,0.986920631604595,0.991124872545048,1.49728462020814,0.95312412143269,1.13700677709426,0.00000000526065992991309,1.42350804885153,1.23943965733774,0.755033995069704,0.667889879937169,0.940232167451705,0.373768164460629,0.932074625699377,0.705061394381675,0.00000000421275502574605,0.637288292472902,-0.050701987744544,0.479732548226747,0.000000004266251455594,1.08985347670581,1.10036511435593,0.809999136767454,1.0365002361634,1.31278822974483,0.680279998535631,0.84282132900961,0.922714226964298,1.17301588875572,0.674855110098399,1.22634415668179,1.14287812278477,1.59480600344053,0.887069667863571,0.00000000407613573250412,1.29834555591231,1.33723547332511,0.894074388054552,0.00000000446622984902295,0.288589297932908,0.912591616644277,0.00000000229417356873974,0.00000000288248732646236,0.83125175616955,1.06334453180861,0.894888447497547,0.747427938072421,0.745055514600911,0.895823801331544,1.16101931375034,1.12702821783179,0.856101443786397,1.07278123812368,1.50155205567966,0.932452535393593,1.24966222229912,0.81190445779204,1.22012082149763,0.991617687812206,0.00000000387583301436937,0.00000000318933506103508,0.813632226590603,0.926894367855833
"UI10-00094-Super-Stripe",-1.07443734049123,-1.02566915456409,-0.445359076855063,-0.754437438381715,-0.772058718262999,-0.478811851114141,-1.25321619281568,-0.868060493945085,0.00000000100127245675074,0.00000000220678686279179,0.00000000111651862948904,0.00000000113890387526327,-0.286237806145617,-0.802316496561907,-0.163817878052014,-0.0387467624578789,-0.567970907683381,-0.261006693324039,-0.473310236267195,0.000000000732170677518495,0.000000000670542701962237,-0.744939152295485,-0.10187317596144,-0.117124327939792,-0.612534377301879,-0.373986664054778,-1.45218511649498,-0.467832725572015,0.0903094268959976,0.00000000148739105428592,-0.990987166773714,-0.901349479882146,-0.580210985081908,0.00000000162140646293999,-0.251681390083357,-0.262061274761053,-0.192020696689022,-0.862387420341345,-1.3252921431849,-0.308213443595373,-0.328819190714757,0.000000000941405628709473,-0.688616263621492,-0.526918514247639,0.000000000806465034333546,-0.243008905696704,-0.156723235788935,-0.789278423969399,-1.14787696772862,0.00000000124027784797343,0.00000000105585456836234,-0.526898021325669,0.0336659614937526,0.000000000925571301857882,-0.239133233571269,-1.41975012532052,-0.0815649993181882,-0.843413427046658,-0.266498361027565,-0.253434231123347,0.00000000143300923584533,0.00000000170202186766835,-1.00490150568594,0.00000000104336639997714,0.00000000053530132733651,0.0000000018531566377816,-0.510715397599146,0.000000000948553906775634,0.00280506117526017,-1.17234342659238,-0.221908512909995,-0.714616490882039,-0.487986998768213,-0.000000000525455147941309,-0.326616236565832,0.00000000183221417415571,-1.08006482448666,0.00000000116980092344899,-0.0827185927083754,0.0000000000528921283334543,-0.101391485493071,0.000000000110263862437306,-0.389413014251452,0.000000000250504388701881,0.0464319520828292,-0.837992070202767,0.000000000952764377761307,0.00000000102098072563827,-0.30930912559015,0.000000001059981667678,0.00530016776910555,-0.899883200719745,-0.786427207050895,-1.33697474186389,0.000000000742683425603571,-0.269280336520678,0.0000000000730520959625192,-0.458961513103845,-0.156864104436411,-0.121618065477084
"UI10-00096-Undine",0.000000000249473259091459,0.0230945651390317,-0.19045718013185,0.000000000349488270813847,-0.121517937111828,0.371097558779266,-0.0319061723646609,0.00000000192953067804042,0.122606961173205,0.0913420027984116,0.391034307386196,0.121851999853999,-0.132068054552107,0.00000000272999625142796,0.206160228349347,0.261607144062592,0.383461481599165,0.369512217514184,0.435537410830486,0.166128870148409,0.594452338339038,0.482559350790299,0.138796353681681,0.196944862125656,0.529088183568456,-0.0335712392856419,0.15312147428289,0.00000000116293620237979,0.363292536277557,0.00000000223403733352974,0.00000000191358106290738,0.00000000270124279108256,0.0348132399793946,0.000000000330300381367002,0.0655257954800819,0.00000000245217619171134,0.286141000336613,0.228444622207093,0.000000000966746947823695,-0.219713577092963,0.000000000265735243388376,0.00000000250152107596901,0.000882632225191398,0.461793727218898,0.0889604828927143,0.00000000201650084589591,-0.000000000121624945809138,0.413841322374536,0.216121553784748,0.143116979149236,0.0469471787966091,0.479337035409161,0.294984974862907,0.00000000137287471098315,0.0959150439925757,0.00000000145819484376824,0.226358662844859,0.231694215258106,0.0439497738880934,0.0894854366131882,0.154709131290116,0.00000000103313451286693,0.147486580675058,0.000000000914383304957777,0.215301958163958,0.0239732497533145,0.646415960224337,0.30383680593844,0.247909257853582,0.131855388267137,0.377052155251085,0.244174760622132,0.0847923031059941,0.449954798636623,0.00000000129739389550757,0.443729933466722,0.431988677674173,0.218513961603073,0.00000000157967807766705,0.464554786713151,0.295410801574788,0.000000000707411558590747,0.336450807714128,0.418183219107003,-0.260369402682723,0.0733683231502285,0.00000000211098983055439,0.0943108520251727,0.0831581433869956,0.00000000240877610099824,0.53225689891211,0.0819712196367362,0.381801317926255,0.464898049943828,0.0000000019318345672976,0.327741494312908,0.00000000113260569385651,0.27855980251517,0.000000000965435457958146,0.323065108227919
"UI10-00097-Variegatus",0.683286517468032,0.716431159205324,0.00000000405565571249162,0.00000000383253979607654,0.645739104865406,0.831999296016998,0.727653663872418,0.965730101652676,1.30048512456468,0.450787572838974,0.2074684534425,1.47305375454361,1.13473824425401,0.00000000308055654209193,0.00000000460023428216736,0.62537449978442,0.0000000033069563057449,0.684809420301976,1.15808411700837,1.22811769401723,1.53868106037681,0.753144295408587,0.00000000304104602412401,0.708160065449227,0.633612402456546,0.00000000443456321419381,0.527935930704289,0.581286746734835,0.743098079857242,0.00000000346569969149155,1.18061641001426,0.764725494374649,0.742737418603044,0.64376072555957,0.00000000453940802801353,0.560636627296668,0.604855195989789,0.614092536841657,0.00000000199720972209752,0.288686787512143,1.09686511509576,0.670758069930035,0.693926858529686,0.596865065085048,0.825692499907782,0.00000000508920915224681,0.593909696885771,0.652364075239029,0.624587834190601,0.35938298782452,0.647309787594025,0.69413684719087,0.701921333674219,0.862209579779161,0.0000000056631418164184,0.00000000369077377842938,0.549252845870366,0.42400966083098,0.794861124121549,0.74124761862871,0.5707216985786,0.143065760680749,0.0000000028575553064501,0.934369676382671,0.581448963694692,0.00000000576997486777137,0.563949601473196,0.61880772824927,0.251927914829162,0.189236467793466,0.339724066705439,0.00000000379936132857293,0.00000000442922599086631,0.719218518661758,0.850435044378779,0.754457941954072,0.00000000372860764955441,0.00000000164914197891852,0.484113194616765,0.658151694713091,0.600043725428911,1.19719968813382,0.320383459338034,0.54963318367238,0.00000000452837660053528,0.00000000298669487686111,0.564809967581653,1.33342089032759,0.507410548624342,0.750143909741245,0.746304566639413,0.455933737277457,0.682040937347792,0.392453550186567,0.00000000336500828547962,0.183083574833592,0.923319017210232,0.549095666080768,0.798981903616902,0.556895307422798
"UI10-00099-Wetterfahne",-0.0000000000738179122552682,0.906460266601525,0.559815220179216,0.619181718046187,0.506317249258224,0.000000000694767692252343,-0.0553565043099623,0.297744209551624,0.13705185012572,0.000000000733794192686896,0.273622411988316,0.730644193235128,0.815604724471811,-0.000000000197338684981596,0.383583931137342,0.315058910196074,0.667204814318083,0.656041500653614,1.0839054471136,0.0335886028466668,0.312219397227778,0.000000000816008890058703,1.25520463486442,0.635856945108685,0.669330826698724,0.210985301917668,0.662066306420127,0.351244881071049,0.000000000473977724334987,1.61464518148316,0.596291092122359,0.00000000155288208371795,0.34479477887205,0.320786336141371,1.25498207751429,0.000000000942376592857629,-0.0000000000226637556955629,0.268332311629238,0.509708311623112,0.73566379881607,0.70504457465344,0.537830486059223,0.777418379595845,1.60584638883925,0.000000000785617692309529,0.964737157757966,0.0532316532467631,0.00000000109469607876393,0.00000000105091040248246,1.27515095527379,0.647231804437336,0.59661629915482,0.446248232005398,0.000000000603346692179812,1.59364601557467,0.710025106419052,0.605214250092459,0.323713450598131,0.000000000561782504841702,0.568633304093197,0.427186040153814,0.544698135729465,0.00000000075517509410029,0.00000000124820024142257,0.454874905836365,0.000000000486155426664583,1.59333338417764,0.607203241709486,1.1397642453736,0.72830735269142,0.701266612283872,0.706954515634796,0.703260819591269,1.13963459593193,1.42739288894721,0.000000000226574783390463,0.696305062240011,0.721825396980248,0.517388541814466,-0.000000000152838803455251,0.00000000128454592778865,1.45904244959067,0.00000000067739914626003,0.3466530732523,0.000000000955543962023406,0.728020325035664,0.000000000697353507518428,0.495019867421335,0.740422870010279,0.420477769626924,0.732774174775933,0.358929963829049,0.696495003833201,1.51371530969196,1.89221164848688,0.511600128884305,0.000000000768227382121795,0.000000000506075852072005,1.08946632432644,0.244602660345382
"UI10-00101-Yaku-Jima-Dwarf",-1.73913788642547,-2.52510169761334,-2.64093341676004,-0.00000000305242380670587,-1.89512179152453,-2.48072119404713,-1.89796901500241,-2.23434000596067,-2.01576742284836,-0.00000000692283990049741,-3.11963096556398,-2.36274585204801,-1.70129920122364,-0.00000000613524512029157,-0.00000000692158369964923,-0.00000000646480189723037,-3.60096260091188,-0.00000000341986013649577,-2.08981267082958,-0.00000000619096917468945,-3.53200782129698,-2.24573399754195,-2.558909069011,-2.12585791467354,-1.83791627815707,-0.00000000664114340205701,-2.14577690412033,-2.00074184095216,-1.74434041657179,-2.18727842752356,-0.00000000604052619387238,-1.52169378922919,-3.4262080263037,-0.00000000493147174751048,-2.87154520536175,-2.62514758328362,-0.00000000457165925171873,-0.00000000614929170099072,-0.00000000474000751540646,-1.0291751121395,-0.00000000670933492917837,-0.00000000584816469623998,-0.00000000628142037088932,-3.11612644488116,-0.00000000675879724881079,-0.00000000751603953827295,-0.860311836548488,-3.17433204053237,-1.10398482350504,-0.00000000585352996873477,-3.02407770982392,-2.59770001033281,-1.70987279305085,-2.13486919429816,-3.70699659317217,-0.00000000526790318572934,-2.29000660603756,-3.59508509725853,-2.35814373692853,-0.00000000667790619271423,-2.49770356558826,-0.00000000685977956760117,-3.20363107761442,-3.15854030382345,-2.44857735772098,-2.71406697842837,-0.00000000594706501064705,-0.00000000690630146300007,-3.45284176349613,-2.86299438450715,-1.81638328291219,-2.54017727006109,-1.36849494675772,-2.51725808791609,-2.90017389664624,-2.10040295533272,-3.51250843459649,-0.0000000052692747599346,-2.647307356849,-2.47004779864597,-1.68113750564505,-2.6518230219053,-2.3841713417196,-1.72158538106207,-2.53773799073772,-2.58458171213687,-1.21640903907429,-2.18108080002273,-0.00000000750720794895104,-0.00000000780296799166684,-2.40298497141251,-0.0000000046110303370803,-2.76937088850283,-1.94609890550676,-0.0000000066545307051876,-2.35414908455352,-2.70700097517969,-0.00000000357827419123351,-2.28011943074687,-2.406057148747
"UI10-00102-Zebrinus",-0.356006902841161,0.278397063498699,-0.0517347326319438,-0.319317114044325,0.000000000440114339534946,0.000000000968208566214169,-0.206882972080123,-0.0414692105798654,0.000000000380950304424489,-0.264492328429559,-0.289492300892636,0.000000000536687591866821,-0.54946730764983,0.0781492595484256,0.000000000729749220527757,0.00000000235679216101105,-0.129213115025722,-0.143457904935903,0.168324377157556,-0.400884842086654,-0.122558030442935,-0.722886025096271,0.00000000117550665596886,-0.087810673088665,0.00000000168194728546005,-0.000000000188204111436069,-0.462744413717829,-0.283917842633493,0.0285578116501337,-0.000000000372583767431927,0.00000000106466271787627,-0.000000000855550180818659,-0.0388901909224991,0.000000000761597642857412,0.0129575151020832,-0.263655570790132,-0.0403329660736524,-0.30650705871753,-0.643284857260707,-0.229766947185661,-0.207825202919696,0.0538651021623492,0.00000000100873522476256,-0.315594068940488,0.000000000483367155076663,0.119204485646343,-0.413209126686449,-0.0416675721257722,-0.279747067480979,-0.251193583528232,-0.43554228596402,-0.000000000160698914587595,-0.0493223356581395,0.000000000315646123013024,-0.049471953419765,-0.308879798374144,0.00000000155426898172683,-0.320761340041468,-0.29089934212212,0.000000000792476618818843,0.000000000808058167871921,0.000000000961310264273127,0.144063341374999,-0.19829442746159,-0.466178090865282,0.00000000145040079221678,0.00000000126108064879866,-0.20149472650375,-0.095909880688835,-0.163313988636779,-0.450945933689955,-0.0695381085089807,-0.15111723991869,-0.00000000117880683723693,0.000000000173434711349793,0.0128667949952602,-0.14614158764207,0.000000000277833893355747,-0.113546999816744,-0.428127639758586,-0.120724933862107,0.000000000534847406289932,0.00000000036286764135036,-0.658447787736699,-0.131496973149888,0.0711389225358128,0.000000000670562693723812,-0.224034015592134,-0.360076920252343,-0.217681948055132,0.195285461634388,-0.000000000483392623436404,0.00000000186205967527087,-0.995539577696431,-0.349002152242022,0.0385166903935822,0.338173992537482,-0.282290088505494,-0.0758891630835111,0.0230642309062918
"UI10-00104-Zwergzebra",0.558414409405384,0.619293836727963,0.00000000409166489789876,0.00000000162155517300214,0.471015165388925,0.741035391747001,0.436379198336177,0.546903619123714,0.000000000441401399369857,0.627053993575054,0.694682599430999,0.498706734661965,0.420046452020987,0.00000000144169803271577,0.00000000146440276388384,0.00000000238346499960555,0.00000000214271321301899,0.00000000249886516884534,0.000000000143153853402986,0.00000000247478651703849,0.00000000149093727024194,0.00000000262916580182013,0.489868106535588,0.0000000020725136737591,0.977745648561515,0.00000000120285714409013,0.399339090776579,0.744331923528979,0.963321761762022,0.777356906234333,0.606557738067009,0.67396248888303,0.79865238550862,0.00000000290383729139866,0.541707241802933,0.384758356326605,0.000000000401330484834668,0.531332607707748,0.700632894401634,1.05080828953245,0.00000000190903581242697,0.00000000371640066996246,0.522591666901974,0.601256820373593,0.00000000243822051944581,0.663715929905875,0.00000000211639441145892,0.561572425888976,0.280619733868838,0.00000000271363580991034,0.680143233488488,0.701737506094669,0.00000000298758747822743,0.00000000209667882361885,0.734036481971583,0.00000000297007730183351,0.00000000181327886280118,0.456797168037728,0.00000000168045208142525,0.551205520503866,0.000000000567347884449894,0.00000000079780139079235,0.0000000023926154279495,0.734874802926224,0.688523390258814,0.923967210312849,0.00000000199849700412856,0.743600075850979,0.00000000325708676612598,0.41742937705758,0.584615465803256,0.611739613500553,0.831859697379205,0.914208979275883,0.00000000159084688426083,0.00000000151498373582,0.00000000320807074187373,-0.00000000086046159423143,0.00000000342830363974447,0.00000000198907194027767,0.708173387544026,0.00000000249736565341267,0.443231251439393,-0.000000000124035269463613,0.674477762050925,0.00000000256615513196684,0.00000000374225189842659,0.711774351852,0.608526258253043,0.00000000166946879756883,0.00000000222512282052698,0.00000000190191656796332,0.605512744691545,0.555724086189126,0.948462252191059,0.5163401951831,0.00000000207626799783112,0.675632663608243,0.776372031114578,0.00000000211856782486579
"UI10-00106-transmorrisonensis",0.00000000107826043168108,0.378119154818372,0.463440568508385,0.996094588178888,0.317867752792983,0.598473848954335,0.356055911486752,0.485702621155215,0.611380611536181,0.260232601701166,0.38371169933221,0.44887872598576,0.292947195129155,0.649956167278975,0.284705903183204,0.00000000115457610102151,0.272958625032931,0.564953514931606,0.444150762321215,0.506187728516131,0.132676895007477,0.493721214795764,0.211232397943544,0.6045525784792,0.689864184163465,0.00000000107227544398048,0.735491975967571,0.460977734624136,0.175128820772823,0.390642293182749,0.36131418624865,0.492629840614703,0.00000000100561444253645,0.966142259315734,0.449320671124258,0.774267407900809,0.449830009996876,0.621958091409348,0.321129674464106,0.517092619674246,-0.0933985192890835,0.726884192783092,0.495280660990154,0.218931337657098,0.491417744819459,0.000000000193792215096646,0.334525358682325,0.465193515096621,0.00000000094353392102761,0.289110211645816,0.573417839878702,0.656147835941664,0.00000000101131902824018,0.41484520693418,0.831567077614251,0.485584098485352,0.000000000386421714151172,0.0606548272689782,0.1626501934802,0.170664328005116,0.00000000119450464032203,0.724733388097177,0.386862214521955,0.618468360939017,0.210533553354929,0.55288940678343,0.471348181111989,0.589680408146076,0.34007506593796,0.412471972825449,0.279938325975992,0.70058736762895,0.444554733581071,0.183573443998506,0.648306637125809,0.515161143283362,0.275297550129454,0.535904696247557,0.0303458993451366,0.754682133274831,0.576033918119442,0.601025766307686,0.665344631729034,0.10054729684195,0.42740034971029,0.58515063572803,0.000000000812147350977325,0.569770176198029,0.000000000418255460178495,0.447337206752664,1.01620431461295,0.0000000012437319366234,0.00000000093678172546135,0.484665186569824,0.916964888711222,0.43101955397907,0.416729355410084,0.102026851090355,0.518477370976457,1.16873551889268
"UI11-00009-Positano",0.342545032336076,0.00000000159404436297472,0.195754899811906,0.229489170509907,0.0000000010724470095452,0.000000000654847938422554,0.258241559323357,0.343339169927337,0.406509731611643,0.36395028356808,0.605239816269193,0.140362264744129,0.00000000208748175879893,0.657564200275927,0.000000000341479899582516,0.186132245062946,0.00000000127071496897355,-0.511160478141055,0.130620860152427,0.391127206142538,0.21521251925165,-0.287360847327248,0.261091160602751,0.177475138771546,0.000000000711845837058115,-0.0380189885594601,0.0895832362015986,0.259056985267555,0.664517192171793,0.329448517270553,0.451179415787354,0.852246633325418,0.00000000186128874848531,-0.000000000388323133095755,0.227098624950178,0.0865645217725995,-0.0174358260655637,-0.382854408307632,0.00000000196368109217048,0.423503279545585,1.3326000088503,0.26024561620024,0.564844900081249,-0.0457660678152308,-0.348375494034517,0.00000000215269282324796,0.216699913261112,0.183296236537831,0.0795419951108555,0.369020462676995,0.153682780232511,0.000000000795339338779892,-0.000000000618436116841044,0.00000000184674586795442,0.0000000000541578802244628,0.59370939268582,0.280776239468885,0.573876024086643,0.323763424092271,-0.0548247079791047,0.00000000178974057605393,-0.000000000821860080848536,0.000000000234414837734366,0.00000000253771758489167,0.257096284365422,0.000000000333856597069243,0.337349575512157,0.00000000130291958696731,0.00000000116481295666758,0.382630764321284,0.24073755854531,0.600707630812575,-0.060959831218294,0.133318267480089,0.000000000330958067272794,-0.000000000285158880971612,0.70210048917833,-0.177983881858768,0.266985453499618,0.313486730103693,0.383980059944839,-0.36628430003854,-0.559893337399112,-0.0222043477084437,0.325594430986608,0.403481458542291,-0.307783663489505,0.2948598895799,0.329844693716891,0.000000000333454963281467,0.70085765089037,0.688940886398119,0.354106259765852,0.0108686754185152,0.739155040630416,0.296513067940447,0.271035062451738,0.268726818232242,0.157870725586926,0.200364751132086
"UI11-00024-Flamingo",0.181797053991734,0.497870584509402,0.442953485307886,0.214169466328375,0.172191750649356,0.398506177221552,0.152560752780478,0.000000000490223042135331,0.0024899853883334,0.207369725882352,0.000000000564176059935696,-0.000000000215384614134589,0.134212173491699,0.000000000528159380140052,-0.337307776290734,0.00000000117061360405176,0.00000000068579833023755,0.985506678832787,0.219024216305437,0.0000000000882534369809157,0.0542133561550576,-0.000000000345765119622655,0.17948312316355,0.312207503448419,0.127305203544928,0.175791259052329,0.000000000160990373260526,0.161673399295447,0.0964442928329178,0.000000000109754339116086,0.374586711690784,0.0816154162339343,0.000000000605697700614941,0.730365854208708,-0.0168047740605483,0.468993549335225,0.000000000165956857190164,0.00000000101272479795425,0.188760590660265,-0.00542370214225217,0.000000000585719257547244,0.000000000165478213194194,0.0000000000209039699374824,0.0000000000989475278852296,0.106583782298464,-0.000000000340712233660483,0.110771780705162,0.000000000575299426052406,1.26007278362532,0.0162537296250227,0.428374151166296,-0.0915050922284498,0.313450208290676,-0.0000000000933447725465159,0.384780224772883,0.000000000827618274185364,0.587567994727136,0.00357450076890274,0.885009355085465,0.0267053402585164,0.176857078580012,0.182321583553748,0.00000000109582540347085,0.446365546679433,0.491846800902068,0.301308930101148,0.0459704149084472,0.000000000701731095549964,0.000000000942809494974825,0.223436868638861,0.216686299388132,-0.0000000000814684282781591,0.669240030148155,0.306270317219033,0.321259225090879,0.378408248021189,0.193968383286815,0.16381461821221,-0.0000000004268886112128,0.000000000196463626265234,0.401376090746773,0.521952564036984,0.419740229774707,0.241188089952514,0.000000000535450298067074,-0.237313975683231,0.0597284678327372,0.404742511684541,0.570485851457312,-0.0566327833360762,1.132331087192,-0.154912374847489,1.06003084276762,0.309746632853338,0.270181838597753,0.27720699142627,0.200454921273375,0.285370571192408,0.837717061873873,0.0528564896387045
"UI12-00001-Zwergelefant",0.668490845347266,0.00000000286465185468467,0.00000000406150838840629,1.28645970486682,0.000000003648621404668,1.08513745422011,0.530368163093227,0.813386284099366,0.911219266477397,1.02995423776981,0.743193252232208,0.00000000274592955549009,0.727245985748738,0.600461944925127,0.727007862709698,0.836184498194663,0.00000000169838522167201,0.00000000303454687173964,0.000000000129050402148584,0.00000000252918465069035,0.00000000162130643208325,0.583002207819371,0.84208991740925,0.768611894606083,0.00000000227399735097536,1.04470581880332,0.00000000419647569931527,1.40922738655547,0.988329171826313,0.816090412318538,0.870299805597746,0.889695329640198,0.158332276403028,0.000000000646911567857844,1.05723991689167,0.703829224326664,0.0108131234712544,0.824911051943458,0.715206342191214,0.975596110461975,0.00000000347799641904784,0.00000000188722268715473,0.00000000174551607430442,0.466692278614695,0.930836754147014,0.00000000373718091221762,0.00000000182208086397691,0.849510499861393,0.584205759998502,0.716196593465059,0.898931668295356,0.876682923805683,0.890290696314107,0.00000000273355398318929,0.780851457313993,0.972229138687312,0.00000000315953517425813,0.639907962661499,1.27392728921996,0.547875983157622,0.939469081334221,0.00000000096194762419948,0.0000000014486250708198,1.08035526263537,0.00000000220000855523222,0.774598325435241,0.00000000264767830656573,0.000000000847912682122768,0.333921275147872,0.543267073371757,0.00000000336376988924994,0.744665236338138,0.873926895758575,0.51371490978825,1.3065155775794,0.00000000452797506970772,0.883690951765124,0.218940609842649,0.178932803587346,1.22526447645016,0.00000000251538909400345,0.00000000243044061436238,1.0196757161151,0.940915496556572,0.00000000338748956489427,0.978638697627513,0.671945224649558,0.85895542161199,0.0000000043098283020237,0.744208387381673,1.34563541899785,1.06804295550786,0.0000000021554277719365,0.00000000226091779234519,0.00000000237762117791666,0.847829365088024,0.00000000254450025704185,1.11728327094065,1.03857887911606,0.162239633934502
"UI12-00002-Malepartus",0.00000000318977603537257,0.00000000289131097957597,0.412917811486695,0.491585325874643,0.317972868313943,0.607799777123037,0.565927212255813,0.728906525274565,0.729904686026911,0.000000002748311300538,0.00000000307292382664363,0.770891745433807,0.00000000286725770361412,1.01384260453985,0.00000000329627395307466,0.837996372302,0.628001393488198,0.00000000390812057612559,0.0000000044222483445713,0.484304778497949,0.362332475380185,0.837324915815562,0.00000000460522964389684,0.920300432046063,0.00000000456416282184957,0.0000000036550343752753,0.00000000220352955235685,0.00000000277802766899708,0.732146193838365,0.00000000292109479895199,0.00000000330467980851986,0.961570656316504,0.00000000295632225439636,0.417468425512854,0.648443261178821,0.651100312043211,0.00000000394398103124981,1.35844978363207,0.408935824524948,0.791813948913638,0.00000000375089484653758,0.00000000331402619848944,0.873825501720272,0.819617731310625,0.00000000374797129094328,0.210643317913669,0.00000000357877104056686,0.98778198321236,0.00000000184686909077858,0.909375762661197,0.458411684951234,0.00000000354218570193068,0.887479531532111,0.00000000378697033639715,0.442260258196287,0.657778090255769,1.13634972066079,0.00000000445558201910974,1.31255368897892,0.742252323117664,1.58218983514913,0.618618492316338,0.806570211414619,0.00000000313142330661936,0.724699948418977,0.499161894978935,0.00000000379692052095093,0.00000000385469606930384,0.593538138103852,0.314756506256069,0.81836329709833,0.925933107301504,0.741905763250315,0.148470434713677,0.359098279673732,0.00000000369015324636327,0.978751809233232,0.927516473223687,0.0000000027549271546555,0.933101649916969,1.02787749013314,0.451388859092088,0.00000000262955904604641,0.381406665573149,0.781551842522698,0.350089801635056,0.00000000325566596935956,0.740207294315163,0.840438408607542,0.00000000283937532920344,0.00000000399052199052119,0.00000000213116811074093,0.674177721177756,0.697293690665623,0.00000000409168846985662,1.01015531552366,0.92998307358194,0.00000000265764859098052,-0.0570412792847416,0.700621732134649
