"","predValues","predValues","predValues","predValues","predValues","predValues","predValues","predValues","predValues","predValues","predValues","predValues","predValues","predValues","predValues","predValues","predValues","predValues","predValues","predValues","predValues","predValues","predValues","predValues","predValues","predValues","predValues","predValues","predValues","predValues","predValues","predValues","predValues","predValues","predValues","predValues","predValues","predValues","predValues","predValues","predValues","predValues","predValues","predValues","predValues","predValues","predValues","predValues","predValues","predValues","predValues","predValues","predValues","predValues","predValues","predValues","predValues","predValues","predValues","predValues","predValues","predValues","predValues","predValues","predValues","predValues","predValues","predValues","predValues","predValues","predValues","predValues","predValues","predValues","predValues","predValues","predValues","predValues","predValues","predValues","predValues","predValues","predValues","predValues","predValues","predValues","predValues","predValues","predValues","predValues","predValues","predValues","predValues","predValues","predValues","predValues","predValues","predValues","predValues","predValues"
"CANE9233-US47-0011",0.155710516431242,0.207030389431338,0.21167682424102,0.223076241567476,0.122814722560838,0.191151479440587,0.154233522064669,0.196781465443433,0.126687002043438,0.202241295955524,0.220735352130888,0.253788010929583,0.20616821055613,0.168615825118566,0.227198529103397,0.201836310805681,0.246836931726811,0.200931296005141,0.185647315839744,0.13378058291865,0.167135673483468,0.206072100110905,0.223796584767644,0.236503234391134,0.213954489530905,0.213197019469606,0.20310427084538,0.202135628860105,0.194632726280789,0.204893262512638,0.207737768032689,0.124435951257514,0.221382704071692,0.193000615133115,0.19341167758578,0.207590444807469,0.231605253914048,0.214034575730927,0.201127355996252,0.14956762271179,0.20304107180802,0.162410070576483,0.0969781346138115,0.235018589731756,0.191986538656603,0.216219149500217,0.211811203213643,0.184660057406512,0.198372438942506,0.192387422050102,0.204679364251462,0.2637737977167,0.179740964522265,0.202437339251151,0.20976399065495,0.162313495722298,0.188603695176304,0.248755656091504,0.164146064567341,0.195404828323588,0.162391364948554,0.163881086055881,0.197927312197117,0.192544700976173,0.233801822195919,0.269618148600071,0.255483516790506,0.205805483740059,0.212114320430045,0.226356180957645,0.219623696630563,0.193872919707757,0.189976566745547,0.195450417504145,0.195015015983916,0.156365900296187,0.143895841351025,0.185890022199157,0.125524830351849,0.15730289992866,0.144031234122616,0.206968759734778,0.175713922047607,0.139701505366499,0.185700489659158,0.212899519463886,0.136403911614243,0.225208895386482,0.194298484373242,0.14242925018358,0.255322310612672,0.135203908768883,0.21171488002739,0.185315827762814,0.0969541664915165,0.226965350348377,0.137106130861591,0.210105665908867,0.212176153553017,0.222052177906282
"DC-2010-001-A",-0.0364176723934301,-0.0817224603685776,-0.0908584906916081,-0.0928097679873621,-0.0589115877791546,-0.112057415009909,-0.0763786023972953,-0.0441857085031582,-0.0449144669837264,-0.0941863225420194,-0.0646466184865392,-0.0734242220134273,-0.0781627545901517,-0.0711679126575901,-0.0642722181927125,-0.0717600573270723,-0.0513621773340752,-0.0617997349306965,-0.0684596277501739,-0.0656084169024746,-0.0828443828306678,-0.0853884910984506,-0.0985165298535071,-0.0699810941634168,-0.0471299053747451,-0.0555598261413131,-0.0369730154840235,-0.0584069473978866,-0.0977656170615848,-0.105338433150853,-0.0234227547972184,-0.048283141039071,-0.0602960923602195,-0.0659316387032216,-0.0700568881605791,-0.0636319687320626,-0.0456702620200432,-0.038253921219559,-0.0618086749312437,-0.0773591844349878,-0.0674877442756242,-0.0818864421540918,-0.0962903729296949,-0.0659395943359293,-0.0919956517844617,-0.0905623829870488,-0.0734157237530911,-0.0726244150417298,-0.0579929619359261,-0.0886818910695852,-0.0519251396682983,-0.106821045971793,-0.0669367937818263,-0.0386939565348097,-0.0843309191512555,-0.0923539426421233,-0.0776109917729538,-0.0836986416319121,-0.0633651732370243,-0.0528243608320597,-0.0556441341887555,-0.0612529000857563,-0.0784208632183756,-0.116025763940516,-0.040354676985113,-0.0982862444392562,-0.0444739887072759,-0.0385055185936699,-0.0612622488589866,-0.0591754191503584,-0.0294765395368719,-0.0623057411780417,-0.0940161707644455,-0.0868203096508801,-0.0629155883856137,-0.0636161498371592,-0.0844449086010261,-0.103951580778765,-0.0661630978450151,-0.0758311052290859,-0.0724907105768271,-0.0483858279120675,-0.0372132001208341,-0.0602278671649102,-0.0718958839152615,-0.0794104948819519,-0.0791255107321841,-0.0885396146415463,-0.0447738643749976,-0.0855424545948371,-0.0589850547772988,-0.071240679670921,-0.0766109279804014,-0.0765526986769948,-0.0733852652334055,-0.0602965758446045,-0.0901307233297809,-0.0331348869505796,-0.0540879026170267,-0.0870469827234849
"DC-2010-001-E",-0.0371918577978465,-0.0819502204388985,-0.0430378194977842,0.00351981903221432,-0.0384074355977745,-0.0586411839897511,-0.0122419634872775,-0.015163072423086,-0.0423061759523376,-0.0236072081267358,-0.0401728016450015,-0.0546573077995165,-0.0564790203614777,-0.103178651688818,-0.0317759882184104,-0.0342084962181715,-0.0179386988041674,-0.0478238179783231,-0.0232257768754966,-0.0197374604662232,-0.0289875385122248,-0.0416202811779918,-0.046605630448632,-0.0534641621773382,-0.0585053128870164,-0.0317884215290843,-0.0447056079774701,-0.036947871884332,-0.0414473348070798,-0.0434962556001206,-0.0262033354066677,-0.035621319622343,-0.0481369291651879,-0.0262486766328072,-0.026305659085355,-0.045458136682209,-0.0414283273245208,-0.0318753936102811,0.0172779801360475,-0.0453439160965123,-0.0264161392094774,-0.0209741571504902,-0.0661810016959803,-0.0342305508801072,-0.0516951742199816,-0.0383249140627261,-0.0228557041830612,-0.0546164524092063,-0.0730363911467302,-0.072473382763857,-0.0413358918742392,-0.0294491224741602,-0.0298209725414244,-0.0393024175019196,-0.0464449770960518,-0.0656311969906417,-0.0347781332878228,0.00260268458447448,-0.0163069030792481,-0.0254277135380773,-0.0355031291725529,-0.0456750215157129,-0.0515550052550666,-0.0277306786286415,-0.0455238431227773,-0.0550455625109375,-0.0560133055526846,-0.0896313417768106,-0.0438500009451125,-0.0216567981987865,-0.0416950781748724,-0.0721133902549719,-0.0355034496624002,-0.0494804618930233,-0.0366126649642829,-0.047891933758078,-0.0464168964029196,-0.0518273465403438,-0.0200478251566112,-0.0641884282420373,-0.0357735998990171,-0.0402445380615908,-0.0244074089875362,-0.0588134303008534,-0.0262878036444313,-0.044570236188127,-0.0365582992112076,-0.0539625821081065,-0.030035122060902,-0.0578880314528446,-0.0550813558967896,-0.0159864240699808,-0.0517561169496187,-0.0449263710390768,-0.0535658630622439,-0.0361922664788294,-0.0561391099708009,-0.056713287646667,-0.0402952601286116,-0.0790369112897227
"KY-2009-001-B20-e",-0.0229157755129814,-0.0613447787672384,-0.0353870827760925,-0.0704952430993087,-0.0425903350859166,-0.0434845267410659,-0.0480180763899037,-0.045927058465647,-0.0464200928419732,-0.0270067551075473,-0.0289465966028134,-0.0310522859519522,-0.0813060940424866,-0.0501764931235217,-0.0406761823462311,-0.0355371555115372,-0.0459845069416222,-0.0409694353419257,-0.029291508473353,-0.0282458579338648,-0.0323066224450342,-0.0329980355606397,-0.0338196571309967,-0.0266615583492519,-0.0293742405231742,-0.0439650613437206,-0.046912018104983,-0.032143850326558,-0.0425799015671223,-0.0234180644793945,-0.0397073813961905,-0.0225386950154024,-0.0335834594561604,-0.0225070242791416,-0.0216871390761287,-0.0436304590943837,-0.0536099063284745,-0.0197640532123954,-0.0379253178067082,-0.0456367481520594,-0.0475819032518655,-0.0239414795740027,-0.0194395626590436,-0.031807474662197,-0.0325574139392887,-0.0327043394908352,-0.0303955977709379,-0.0389713569700853,-0.0344048080068404,-0.0296865687042171,-0.0648800282993305,-0.0258264829847507,-0.0279535708128844,-0.0369522958291502,-0.0397424455092231,-0.0253109813584825,-0.0450825058647291,-0.0347365678392708,-0.0414028545783751,-0.0389634523146599,-0.0307409178102483,-0.0497862728788936,-0.0370146638400357,-0.0312671341538576,-0.031977163729129,-0.0611743787214779,-0.048800611029751,-0.0294091155855551,-0.0563452606692324,-0.0344142942625405,-0.0595312170155353,-0.0347312147300978,-0.0353175563816267,-0.0330151637873779,-0.0411787619553275,-0.0446393143781443,-0.054684388042789,-0.0257194205995252,-0.0515547314192482,-0.0354559679141635,-0.0434899602451829,-0.0352411070907487,-0.084143131438099,-0.0284740099817708,-0.037850542346547,-0.0228842036499069,-0.0561361194671035,-0.085020519334904,-0.0473513504916338,-0.0478617587894814,-0.0245392978600177,-0.0407258358098764,-0.0324909481224764,-0.0554915572229174,-0.0318751667451833,-0.0346505620477818,-0.0464419560007829,-0.0367253748852257,-0.044512176136387,-0.0280974713299509
"KY-2009-001-C",0.0626551799029603,0.0373173112544299,0.0522421756659949,0.0315508538154443,0.0378136973227857,0.0741276780368535,0.0371066765834547,0.11350992090966,0.0565083211049481,0.0711843238337052,0.0416329365778997,0.0446640427816254,0.0225981364832365,0.0561838212621728,0.0508423949112312,0.0660381973117652,0.0517201693897032,0.0579499242930541,0.058614782664175,0.056765761824389,0.0459140392136899,0.0459975475332814,0.0668277623044993,0.0515239938508934,0.0698233371922245,0.0594750600351592,0.045607437961923,0.0355766902941688,0.0598352281952402,0.0372139907668959,0.047635691543487,0.0589367452486725,0.0494250978154765,0.064458636470101,0.0386307744522817,0.0628967093433524,0.0316946345657211,0.0586704628986303,0.061810744643752,0.0547288268880582,0.0642348919270172,0.0537052475579705,0.0444046239135173,0.0494903081494455,0.0511115889997376,0.0336182126746689,0.0519521243163559,0.0584669347282838,0.0422960370372746,0.0676693727979296,0.0578508490102499,0.0430908044854435,0.0512181608113079,0.0594655014757153,0.0557260221211675,0.0513534769862745,0.0318860519916115,0.0336140580357444,0.0500719909861297,0.0680159663353251,0.0558176666089931,0.0671193686747424,0.0541244649733762,0.06716926616099,0.0573403299111221,0.0175836687336973,0.0399476461339851,0.0568289271290094,0.0612776739491849,0.0696386364627663,0.0407959278332594,0.0676754334783155,0.0347997389997667,0.0511304080573203,0.0329639351607478,0.0542668788426709,0.0306450413666718,0.0691449464421448,0.0722979337652961,0.0511545639895926,0.0563781928770333,0.0489236165778967,0.0216359238092858,0.0577650785121413,0.029280511100874,0.0505439407332049,0.0531588865456109,-0.00331015336538233,0.064889860574887,0.0398585188713061,0.0343037613688748,0.0654318850810859,0.0309339895082603,0.0335641338126082,0.0534212851001481,0.064794946328997,0.044742440679064,0.040017244962523,0.0386234330243369,0.0539177135076162
"KY-2009-001-D",0.239777706905712,0.212367653961812,0.252102695544468,0.23657152815349,0.202454690435442,0.232617995683053,0.188055284024855,0.263634482339362,0.242839976947184,0.241294341865776,0.212861059101877,0.201940018536468,0.274080126277191,0.189326389608056,0.288055069169477,0.222257222477053,0.173768454822904,0.168290188741641,0.210191098882794,0.274382671317432,-0.00253813777019937,0.295827661848371,0.23810293849437,0.214447244751346,0.224112636331114,0.267173748343136,0.213869121807086,0.235860730377114,-0.00791216474636188,0.196780713959417,0.214978234688887,0.240582499734306,0.234684221463976,0.201163022971314,0.155072939400201,0.192217614608221,0.24768609426877,0.19759808081983,0.234178692569513,0.201361191785067,0.194712906396925,0.205127702008775,0.273200021813769,0.251193886024569,0.218488607576369,0.23608489446681,0.220464572396764,0.284751219342041,-0.0199874984635378,0.229675270945069,0.260674077326552,0.232929787924264,0.220130476507571,0.223977958710512,0.23875237311348,0.182616928498388,0.217119121365363,0.261260756435503,0.242031518827156,0.249295289616785,0.243217217701249,-0.0098131556116672,0.263818840058238,0.210228640354963,0.260032674664107,-0.0131726939919917,0.239085501195839,0.253141579857587,0.00595970617497231,0.267116202646588,0.223811037083782,0.208434798398501,0.204715125972473,0.214585555043757,0.214722079975735,0.220709529218305,0.221136185866768,0.237619730402931,0.204975450656287,0.254556071106677,0.289111182655394,0.2331868681712,0.237540954701599,0.160584989476089,-0.0102485124273147,0.208349036386331,-0.00943884792163532,-0.00826364979924608,0.233309317262379,0.208355469038845,0.249628052788422,0.218580331460538,0.174722098612362,0.232059345565392,0.0120019181224828,0.260430081778885,0.230101129028136,0.0127009711859177,0.193437001165911,0.229303082553418
"NC-2010-001-009",0.0252311776777079,0.0177644904754417,0.014698112687035,-0.01379312092363,0.00671323912875973,-0.0137041360631208,0.00273749726889959,0.00553712308595466,0.00929807507444765,-0.041066613199301,0.00426454630277496,-0.00902323478379463,-0.00392501561208696,0.00313718295227193,-0.0124979005237606,0.00410580322654596,0.0218147927014888,-0.00233534167771502,-0.015377374337776,0.0110323363585311,0.0166226262103679,-0.00140232836701953,0.000118750794290706,0.00588485783415861,0.0133867785591432,0.00654987375580332,0.00542814667762781,0.0137095360710344,0.0137404314542085,-0.0463604599678051,0.00389071010155607,-0.0120343312902941,0.0179657108592358,-0.011928323392879,0.0187902408764859,-0.00567443541177795,-0.0135149039867495,-0.0190260988703022,0.00202698435798846,0.00743853398172438,0.0341620298649815,-0.0159029246480534,0.0214189516433971,0.00122977480582692,0.0152810200801553,-0.0736880561330051,-0.0532075380326014,0.0247992027670318,0.00491985490051417,0.0171705806931742,0.0208329536084146,0.00213250764089186,0.0040603989721348,0.0263317272001565,0.0293248080225886,-0.00677323194007705,-0.0023162855080756,0.0146800038452922,0.0210253720893215,-0.0142416561770916,-0.0102332843849919,-0.0120388387412236,-0.0242991403425318,-0.0335209540337474,0.0116099664182015,0.00573680645980552,0.000407577596435002,0.0208029757423115,-0.0758429350923761,0.00969661680385047,0.000759555288515432,0.00281628636013789,-0.000315181523055108,0.00156250999753641,0.000323156033151408,0.000601461714450781,-0.00263156339318522,0.00124137271209541,-0.00673020751349338,0.0182778293812391,0.0128777958219199,0.00236189569462435,0.0370877739794667,0.0157760202463495,0.00074941740028429,0.0019836940481827,0.0250489956339598,0.0148843507483131,0.0174795514565245,0.00120285672627358,0.00408656656741939,-0.00915457400047208,-0.0742914530003466,0.0145092297572622,0.00248876596214963,0.00589908696108703,0.00492647574042295,0.00240368413337676,0.00597694252503317,0.00895455283811824
"NC-2010-001-010",-0.0892068996131404,-0.101231561783654,-0.0941272096859323,-0.0860908136603276,-0.0835034197201936,-0.0917096830426686,-0.0979034523224722,-0.0861921364034567,-0.0721815635684175,-0.0971088850138811,-0.0938595632848632,-0.102516900103351,-0.090671234199058,-0.07950800782645,-0.0900709160427279,-0.0720832057378385,-0.0848761047903137,-0.0763716613938615,-0.10972943660632,-0.085795356858697,-0.0877518928872129,-0.0880185086004376,-0.0725670049032072,-0.064354562645043,-0.0957259526499969,-0.0945159991747405,-0.0852655500056619,-0.0868208844269063,-0.0892055339499052,-0.0514569954193088,-0.0847463978674212,-0.0822945797527604,-0.095970791753785,-0.0894079356204641,-0.0912588644002235,-0.0756583650199206,-0.0729250694824777,-0.0647534997921096,-0.0873166661872467,-0.0861207498521626,-0.0954301502739306,-0.0849124282655642,-0.0863519996857711,-0.0912214159539137,-0.104047279367414,-0.0890752934214757,-0.0921790410294975,-0.0885883865448563,-0.0883557223879982,-0.089235177593404,-0.0997724670273711,-0.0772249722829639,-0.0828732670170087,-0.0810951566350118,-0.104042708553474,-0.0829112785752254,-0.0935361743436608,-0.0753508014827299,-0.0959273246866417,-0.0921647427475052,-0.0953122776121476,-0.100307695342518,-0.0877561250339963,-0.0806070862445954,-0.0909238375112112,-0.0797141307751896,-0.091600162301167,-0.089973921271972,-0.0935208461944652,-0.0759090015665337,-0.0960165882450189,-0.095199371504303,-0.0862467395369053,-0.0861576017404414,-0.0966375192428173,-0.0862004919948953,-0.102125629187213,-0.0793156026824618,-0.0664013215446254,-0.0956851596789664,-0.0782045820938874,-0.0878920781147586,-0.0841387619450851,-0.0882395612065367,-0.0824838486353928,-0.0881796222899638,-0.0958781772812682,-0.0801827629509009,-0.0788292239505455,-0.0857472719408998,-0.0914571777137298,-0.10013064049731,-0.080922273658253,-0.0851750486092515,-0.0784840138418385,-0.0812596152368338,-0.0691714327629499,-0.0863614687009107,-0.0856488834282227,-0.0771968956874974
"NC-2010-001-5-B18-a",0.0412481866827413,0.0560733371900511,-0.0884539908935618,0.0614377754043714,0.0319055364394519,0.0536743818059094,0.0325128579444264,0.0308907597345033,0.0375194625904742,0.0446430026413968,0.0309347474724917,0.0350970236709312,0.0432212444102185,0.0753362789324311,0.0383378177490804,0.050725433235243,0.0506592740164956,0.0550677690617609,0.0365982439030606,0.0562890030066165,0.0430629997663309,-0.070850905228672,0.0416347133575719,0.00437219437001511,0.0344851345860622,0.0397920995275332,0.0601742684201001,0.0507435456883695,0.0475240667734978,0.0461398265094135,0.0235419546158441,0.0146587431650994,0.0461534786794844,0.0365301652837099,0.0187308620756098,0.0497463288633534,0.070327337476894,0.0366940923108504,0.0513100647305046,0.0720849695774998,0.0339798607439925,0.0380083580307886,0.0733783829435039,0.0329835684133959,-0.091361785609926,0.00928471863982814,-0.072119142511361,0.0372769281588181,0.0411773787653488,0.0637821868023817,0.0300726104877898,0.0315283168211752,0.0317890720288536,0.0305867542469708,0.0578352979242162,0.0284339516836878,0.0247248204680078,0.0521855655479785,0.0525268359835262,0.0340853308319207,0.0447673447113907,0.0827663982015912,0.0381067212065095,0.0521533844395484,0.0258395298780504,0.107572847417489,0.0515565921752265,0.0520468832487955,0.0310481616238873,0.0531909531461192,0.0373451339197653,0.0823826752266577,0.0375199938876736,0.042122236445347,0.031900974437909,0.0457520249533929,-0.0523811543449283,0.0240192713331732,0.0567347252134203,0.0141232086187389,0.0747525878439141,0.0389406907839878,0.0427075537424205,0.0584417303357007,0.0482007985349804,0.0738722398122568,0.0845613364478096,0.0498156964797107,0.0553488141997985,0.0403740575900641,0.052016995958578,0.0423449303189368,0.0280861045998905,0.0377548229386449,0.0473738997399285,0.0222941602073473,0.0624839642582051,0.0263163205010606,0.0644341887406213,0.0404552792139168
"NC-2010-001-5-C",-0.00607544737915787,-0.0178177553451234,-0.0263745614604197,-0.0389973088820024,-0.00284938663794819,-0.0148590345003142,-0.00978895867794522,-0.00176889490589744,-0.129975213202711,0.0148349724119104,-0.164320038247197,0.00463074289461056,-0.00226532290685524,-0.00257072868460915,-0.0136340345324628,-0.144938869220658,-0.0193109040168507,-0.020650102264722,0.0106169426764006,-0.0126009220363844,-0.00421346268962508,0.011183543889589,-0.114899260435903,-0.0218589294203398,-0.0245055522411454,-0.0213135125770094,-0.0262653650796436,-0.0200120480097439,-0.0222291158050068,-0.135916160611701,0.000395168381025181,-0.00058586182707015,-0.0164247083034808,0.0123605825334144,0.00744893227845892,-0.0292494276560812,-0.00607120248508574,-0.000266247671892478,0.00155877989408722,-0.0159550920702993,-0.0178344750376615,-0.018491160867614,-0.0151422627128388,-0.0102372939715371,-0.00644049525082476,-0.00354501341683456,-0.0231039535225531,-0.000112575008201034,-0.00423360926335541,0.000057436767899444,-0.0345147846940399,-0.000758119085211948,-0.128991171455907,-0.0317664640706088,0.00939268428294322,-0.00315631037140088,-0.000101331952029535,0.000502910510982238,-0.00256623522977226,-0.000365841278931622,-0.0210084183756516,-0.0361870772242803,0.00939449500984418,-0.0100289341019715,0.00817112091393365,-0.00586770755434862,0.00582990875885107,-0.17880609119955,-0.0160381562131243,-0.200575276847913,-0.12745201908052,-0.0109146574171657,-0.0253661726110453,-0.0180613572565337,0.00348036021232025,0.00339832355455712,-0.0231383355394066,-0.144279596711515,-0.0256685491971905,-0.0121364235169991,-0.14103068629035,-0.0170951618907462,-0.0049443793690259,0.000168395139303677,-0.0285184454646743,-0.0144849846426596,-0.0338234990495625,-0.00710007451385391,-0.00694338694985287,-0.0227807836113714,0.00702120515794411,0.00505324767030994,0.00684998885549153,-0.0296765008378809,-0.00689603332785864,-0.0176454101070086,0.00722348812626124,-0.146536779188918,-0.00939555659241741,-0.150531910685661
"NC-2010-001-B",-0.0651670995367558,-0.0487049834071292,-0.0897676322906082,-0.0618875260129813,-0.0575195142527983,-0.0537763930448207,-0.0671467531716333,-0.0732161688942729,-0.0644289214528992,-0.053206328359174,-0.0806068297079361,-0.0576039486142901,-0.0770683289385539,-0.0691258005022986,-0.085305424680546,-0.0705935924964571,-0.0699489930555352,-0.0541759650879348,-0.0648858853259248,-0.0612322409416663,-0.0742040698614558,-0.0701397796786217,-0.0808504467588474,-0.0654432386501913,-0.0594642557175906,-0.0748918847199458,-0.0635047928024549,-0.0700177562360895,-0.0573378049898341,-0.0534930621981513,-0.0649313633397118,-0.0555752381594715,-0.0505924495494605,-0.0608404466470462,-0.0555993991108733,-0.0507370728862749,-0.0279306849583088,-0.0605143486946449,-0.0753846061799131,-0.0569212445027566,-0.0630317899970281,-0.030798538216575,-0.0512975295465307,-0.0621727021735521,-0.0650581411004253,-0.0594306000719722,-0.0553365261212969,-0.0583006519690121,-0.0477653463364636,-0.0652827134752702,-0.0716288494815814,-0.039913822182655,-0.0466085313773853,-0.0714450033366323,-0.081863682193688,-0.0807761493721615,-0.082154736247017,-0.0576084593546787,-0.0809294727351011,-0.0702726808862582,-0.0679787180728105,-0.0567040535772029,-0.0778893017823354,-0.00970414431662545,-0.0270152592320585,-0.0595704420097175,-0.0684852928258171,-0.0790400951597591,-0.062259686727979,-0.0680795259277241,-0.0639153957781616,-0.0571272548431774,-0.0652152042379944,-0.063199174548661,-0.0565697809263187,-0.0654458595567205,-0.0813016098484842,-0.0469374999204504,-0.054336921152813,-0.0810702116023266,-0.0659796830720717,-0.0734260272135715,-0.0710638583289323,-0.0620028067244633,-0.0761432906338141,-0.049900531535775,-0.0618943633305973,-0.0646110398691427,-0.0541638662379848,-0.0555837307863762,-0.0516885292149971,-0.0679808031769229,-0.0429346712088691,-0.0747411399233376,-0.0716376339320063,-0.0618619450609433,-0.0523861057070197,-0.0602179628085834,-0.0488479630708056,-0.0765501245775914
"NC-2010-001-B44-e",-0.0815511071634265,-0.115822678260776,-0.0882078559874304,-0.0903763727292319,-0.0641581136281804,-0.117405887056048,-0.0921292688395838,-0.0913820747863114,-0.0747498998133035,-0.0785375662004651,-0.135097039170166,-0.0961770820086185,-0.107355619098177,-0.0705532124780934,-0.089904848566319,-0.0721801783692475,-0.108842204650831,-0.099043191406581,-0.115506551429738,-0.0909918626053624,-0.0811481263131732,-0.0704428808231076,-0.0819252640391888,-0.109075421930681,-0.081604902707026,-0.0671210513567545,-0.0807134979211594,-0.103873443518443,-0.0760693028449651,-0.0710196424217932,-0.0935615515794885,-0.088817478583706,-0.0896802548109053,-0.0823284393039078,-0.0845192398882108,-0.107955792351905,-0.0584980640398813,-0.0895165185368915,-0.0845263885872354,-0.079957504280672,-0.0921453177359198,-0.0601224261393357,-0.058566312076333,-0.0749603225668496,-0.0981816195929796,-0.0961363076899678,-0.105662069130881,-0.0950796304815505,-0.0579014600627734,-0.0918194637653511,-0.0895481103268145,-0.075041145350688,-0.085716499149635,-0.106108610066589,-0.0165977818871687,-0.0960779060384255,-0.0687808128478155,-0.090271476796767,-0.1042930430383,-0.0935574794563779,-0.0593247564996101,-0.109582840050031,-0.0977395171346371,-0.0725977675316274,-0.0776259257760374,-0.0950497440294158,-0.0786091834831876,-0.0867091142426714,-0.0946930196708627,-0.0831227108822784,-0.0873706894965857,-0.0870603755945434,-0.10376466973246,-0.0937592577024918,-0.0805447295635155,-0.0793594624663604,-0.0890566820847174,-0.0779396439918125,-0.0428312354117186,-0.100640728478593,-0.0848759409153952,-0.0921472204585899,-0.0815809457617947,-0.0915481640840136,-0.0914354509540239,-0.0806431466985934,-0.0899494743100882,-0.0998939994429314,-0.0702776142124756,-0.0718175410805113,-0.0721218689761754,-0.0617070592001043,-0.0980127318300479,-0.0746889323613355,-0.112735184124493,-0.0765169777418765,-0.106891637502051,-0.0970035583539303,-0.0943924743582442,-0.0904985125005334
"NC-2010-002-001",-0.0636967307594322,-0.0785660230595117,-0.0557357725646975,-0.0549259088607311,-0.0696550158368931,-0.0829979609605285,-0.0675288023534781,-0.0624984874346446,-0.0516279049573632,-0.0817738063825977,-0.0612342332530079,-0.0767815320488256,-0.0769820394401603,-0.075946437955115,-0.0659387237786247,-0.0812922028955903,-0.10415307247898,-0.0358653067401206,-0.0683642236773912,-0.048062478797797,-0.0657921880039478,-0.07771656127153,-0.07863112549089,-0.0811009604591293,-0.0466533781928083,-0.0822737114803529,-0.0970290150112121,-0.0828626521418754,-0.0520006151634143,-0.0506894333339723,-0.0759961818772778,-0.0871932391263928,-0.0725483333339804,-0.0709367065363686,-0.0692121299583084,-0.0583437832393335,-0.0821076466278525,-0.0785645425632818,-0.0809615283834021,-0.0622686162327722,-0.0373038552701936,-0.0633728799511227,-0.109340181196596,-0.0826542245586835,-0.0424349504588217,-0.0651754982962581,-0.0655111127070312,-0.0568026629273762,-0.0694515277921462,-0.0670266286877621,-0.0671265618224876,-0.0666154324301088,-0.104610743902882,-0.0621413812301396,-0.071039310181972,-0.0586758287543619,-0.0908992567637001,-0.0719908690875581,-0.0560836190803585,-0.0509436766744874,-0.0710120921751926,-0.0674881366019918,-0.0745107304678604,-0.061505814535687,-0.106286102467458,-0.0723533938688183,-0.0613892330724791,-0.0892888437220561,-0.0521428997250018,-0.0652619068912896,-0.0639838107071304,-0.133590712926729,-0.0704676275358881,-0.107777375136231,-0.0601316136326088,-0.0599344580047586,-0.0549412970476352,-0.0668805425990343,-0.0732185430756143,-0.0726180665767221,-0.100807707257193,-0.0553240162709301,-0.085389984919753,-0.057086611927488,-0.0779501753638171,-0.0615422984299556,-0.0830709273795517,-0.0871681433090804,-0.0911221119350049,-0.062583072673399,-0.0757162319907998,-0.0698095627922646,-0.0636737289318169,-0.0782362120885248,-0.0600377746966661,-0.0918139072859791,-0.084376162226376,-0.0757512261522812,-0.0587857142226593,-0.0681983690778228
"NC-2010-003-D",-0.125855676642799,-0.158125276862536,-0.159524269244612,-0.122424408356553,-0.119349959932625,-0.133243299093621,-0.137063817667015,-0.14305735470234,-0.161145622151203,-0.129202073093412,-0.110693240678794,-0.13782489052017,-0.136837916785309,-0.121494250009911,-0.164532338915734,-0.131121449511557,-0.181909149489055,-0.11626916548676,-0.182850907657466,-0.137091803830522,-0.194834394476659,-0.122390626802946,-0.180840068378972,-0.199462684666217,-0.143811335382125,-0.130679177049116,-0.114950885244171,-0.14082955573587,-0.195339625410409,-0.16010316751883,-0.102113342730661,-0.148786583122289,-0.143339531358237,-0.167881685790794,-0.118262182103266,-0.131150113894738,-0.120444854680088,-0.136285612398441,-0.156767087504422,-0.13940188452997,-0.092190260957233,-0.103558057233931,-0.128728233778102,-0.133223006418779,-0.115152011736567,-0.131256943189495,-0.140473666917676,-0.201721839553615,-0.142427952869076,-0.108857234007575,-0.12772959057571,-0.151165196912529,-0.113889705897559,-0.113781848565905,-0.150876821814993,-0.140204484475702,-0.0991424641004187,-0.102705119868132,-0.136332219009019,-0.142509435560454,-0.133448589515826,-0.130378735485905,-0.153765258009336,-0.128924176527132,-0.128641234243435,-0.133968956666326,-0.138276373417606,-0.0995758449420449,-0.124020779486985,-0.113011419315346,-0.138005174316064,-0.116363812369186,-0.126545424792779,-0.130484750655012,-0.122362222035703,-0.0886295898331206,-0.157375341351427,-0.164091037616762,-0.109958362177493,-0.135698865947574,-0.118795184240457,-0.12983293260995,-0.129165147283298,-0.125194253623216,-0.131021682447206,-0.167133418316646,-0.162443374558588,-0.0993256307221132,-0.132197129615387,-0.14084631209986,-0.128726538885847,-0.115842644994735,-0.136123434175092,-0.159678674413602,-0.154193856109492,-0.131308334658592,-0.141088265106764,-0.153756439999526,-0.13840540629563,-0.135730612512625
"NC-2010-003-E",-0.0206718987354944,-0.0100002644237213,-0.0248468979736036,-0.0205123723822235,-0.0503662498996673,-0.0249322881041086,-0.0250251277295328,-0.0234129027202795,-0.0340404202469258,-0.00388424892710228,-0.0246971494777719,-0.0216961426872408,-0.0395228566035492,-0.0309393581088026,-0.0833546285842353,-0.0336982222851385,-0.0525754096467163,-0.0335443210234989,-0.0976838461401354,-0.0406924268937727,-0.0657258999833051,-0.0301416385465929,-0.0331259232188461,-0.02433894517179,-0.0342633301676802,-0.0193880812633495,-0.017664618039314,-0.023388279696123,-0.0114695276164602,-0.0247392172594953,-0.0466385505704474,-0.0267603026036135,-0.0185864104630596,-0.00956484434003443,-0.0411694491816277,0.001473451034258,-0.00291191248858816,-0.0374209714340608,-0.0607303927348061,-0.0630920312209074,-0.0250145315439334,-0.061344958084008,-0.0322946036414103,-0.0246157541964809,-0.0733164593611297,-0.00962215487273307,-0.0272364618194568,-0.0561168039664275,-0.0500643536664302,-0.036419742488213,-0.0215543699320846,-0.0831238306620373,-0.026147207526162,-0.0231522768791728,-0.00153983665550422,-0.0856406067774784,-0.0188685307533134,-0.03245622751372,-0.032370204117321,-0.00514169678592445,-0.00361986745901499,-0.0303807177657087,-0.0493929006171389,-0.0231345959443347,-0.0265004708084754,0.00811900587230828,-0.0185280155938793,-0.0227163835792559,-0.0512282443000055,-0.0265941081743636,-0.0068117095616065,-0.0279238538023736,-0.00413364088883592,-0.0256563265326354,-0.0259716692788303,-0.0294476053755556,-0.0237340181731123,-0.0217526301137322,0.0230680228119627,-0.0274166518666261,-0.0213054861332021,-0.0618714558092367,-0.0147648473758174,0.00835929347216119,-0.022885872992477,-0.0263380507936088,-0.00877409160265314,-0.0350392075397378,-0.0489775226634834,-0.0425919535853817,-0.0685524578333645,-0.0425819605514558,-0.09652416241028,-0.0379923318322511,-0.0335441264007905,-0.0455867001716031,-0.0571311531998985,-0.0226184178014157,-0.113737796969137,-0.00103231814098463
"NC-2010-004-E",-0.040835495727623,-0.0545560516043124,-0.00983877416197415,-0.0292478751962072,-0.0187656876377341,-0.0314946954738811,-0.0371002573041013,-0.0209398250320815,-0.0385499314099272,-0.0659481071768602,-0.0427059342644593,-0.0103822771250784,-0.0293418353951282,-0.0290397372696188,-0.0414838809318559,-0.0188979426680941,-0.0458090589516055,-0.0287181698506426,-0.0577368934794169,-0.0446689147862689,-0.039495443053942,-0.0345781271536862,-0.0239804905677068,-0.0285043971877089,-0.031699334642881,-0.0181102999247604,-0.0264231244880394,-0.0116375104906579,-0.0277626329030022,-0.0356725613426668,-0.030653043511809,-0.0282667024363439,-0.0336223249170972,-0.0248665142287175,-0.0294582105704208,-0.0362750873916152,-0.0320395558918753,-0.0322877051557009,-0.032940820847835,-0.032664592185009,-0.0258309884652352,-0.0479577691037351,-0.0176065773059425,-0.0310470800430086,-0.0349830101347318,-0.0414553693945596,-0.00286239335448556,-0.0241334660591451,0.00288999272516808,-0.0176706167520623,-0.0135775120922216,-0.048963027998305,-0.0259927780643085,-0.0254817928573301,-0.012944843225574,-0.0543775352216916,-0.0401954309065829,-0.0154382691285603,-0.0313534538913616,-0.0291176664707975,-0.028871004169647,-0.0402315766237363,-0.0441513827829453,-0.0215656955188522,-0.0291849255724322,-0.0390960107308309,-0.0164098135484812,-0.0265447599552439,-0.0245759095824139,-0.0347376073223063,-0.0614059545318979,-0.0140598006896978,-0.0210641366036311,-0.0283306597359965,-0.0337595354982897,-0.0322843939329496,-0.023949161899409,-0.0066346485591654,-0.0268047886325639,-0.0227370773389555,-0.0231913790983018,-0.0354675545387048,-0.0493931320458021,-0.0330476111373646,-0.00685219172588898,-0.0350576674966472,-0.0281604763893756,-0.0441301575890277,0.00314614064921605,-0.0298673275667028,-0.00505071927983946,-0.030935965683001,-0.0129006879631956,-0.0258826866258082,-0.0431048599838898,-0.0142704093841598,-0.0314683790989916,-0.0264877990508193,-0.0384514553093038,-0.0489842170579817
"PA-2010-001-005",0.00119790589256497,0.0160295463545711,-0.00924485673266646,0.020095893509196,-0.0111089027725128,0.0350838103431236,0.0177297640580249,0.0299288046840971,0.0289763197697278,0.0100394038815409,0.0157912040934251,0.0101239779375464,0.0124146530090716,0.00417663082684327,0.0283817806797057,-0.0199322310445178,0.0140996088500472,-0.00246085477185511,0.0209327041397453,0.0219882960030361,-0.00558615181165828,-0.00275490937274428,0.00646760514793969,0.0169881976719305,0.000463704138679207,-0.00217406444481441,0.00069976805733309,0.00573271886168642,0.0203072815094392,0.0103698315781151,0.0462398134177707,-0.00585835898584931,0.0136849603555862,0.0289037657331781,0.0153860560203397,-0.00106478556503031,-0.00226640794360949,0.00125085502671868,0.0116472169514462,-0.0324649403136833,-0.0094757158735401,0.0522132576234058,0.0177374999896566,-0.0219371258969987,-0.00156824365703446,0.00232207622184348,-0.000547885057389854,-0.0103482291665176,-0.00122436134280205,-0.00735918122857965,0.00631743406227489,-0.00600213245351822,-0.048075971055921,-0.00250211921327817,0.0669136166281649,0.0206583018380045,-0.00582123010994206,0.011589664002509,0.0299488169226738,-0.00505280791936409,-0.0160568891893882,0.00441142220093861,-0.000497076651787018,0.00455052802434853,0.00871023705750875,0.0283018127216671,0.0120378136645853,-0.0115282263407533,0.0381746067698698,-0.000660172305310905,-0.0197578593693768,-0.0125088572482287,0.0414934607614395,-0.0551575490959614,0.020133483137579,0.00559621931992002,0.000793298988270458,0.00590320793487485,0.0437617181986733,-0.00863758639750298,0.00635244627071126,-0.0201103272739894,0.0101010242914365,0.0341775786890648,0.0189753918132805,-0.075230738436016,0.00917264654049629,0.00966239145866304,0.0425726916339194,0.0445919871597915,0.0132478006191016,0.0359152058632312,-0.0000465093193273087,0.0382135287307515,0.0127170041927947,0.0323406308339641,0.0147984947896182,-0.0193779892433431,-0.0411628003737457,0.0325017744870209
"PA-2010-002-004",-0.0440201607078019,-0.0453050204572619,-0.0400722614041773,-0.0419394196194547,-0.0506508014016055,-0.0476559259881398,-0.0653036965954412,0.0931086641339175,-0.0370977585360722,-0.0346619939633353,-0.0509168095459494,-0.0219629754319154,-0.0642443653450655,-0.0614326911865839,-0.0421624486733956,-0.0453907996223804,-0.0554184691149862,-0.0426716408702613,-0.0363207283593931,-0.0371658105818736,-0.0476020304630654,-0.0543404306458952,-0.0134762485503939,-0.0339375544468989,-0.0433499560746384,-0.0545277440264651,-0.0488333032773091,-0.0345760833584046,-0.056096132832555,-0.0411697341206562,0.0351849061741524,-0.0388216010979783,-0.0346222365935143,-0.0473590832482109,-0.0284849729370782,-0.0142956687142601,-0.0293220638050926,-0.0540206957607342,-0.0482233417197294,-0.0451328805023336,-0.0433148221841489,-0.0251881163961153,-0.0275475673518902,0.059304639862869,-0.0510020549781136,-0.0436786079722382,-0.0527132489974173,-0.0223453239741715,-0.0430871890964134,-0.0387495220918464,-0.0255538356262606,-0.0542883771917267,-0.042055587312543,-0.0245259194606598,-0.0404654120384385,-0.0507158887880388,-0.0338650285824206,-0.0342411653239591,-0.0680859617256267,-0.0407004724634898,-0.0425203072981425,0.0634210629531388,-0.0320029002652031,0.108483398002984,-0.05733259131399,0.0548699639652742,-0.0503372808069155,-0.0413880951563763,-0.042320437435092,-0.0288091176288379,-0.0462474165562222,0.0790256105970244,-0.0570992916695421,-0.0600608770098817,-0.0317163504644205,-0.0838554123705922,-0.0444557083285256,-0.0485982263839154,-0.0343892082040426,-0.0543735118989019,-0.0360642547996008,-0.041604700400781,-0.0309954069181409,-0.0518792257969298,0.0738807453703854,-0.0491055105940458,-0.046252438571625,-0.048288914804859,-0.0388253460663643,-0.0268008203543372,-0.0502625792306251,-0.0303402096899366,-0.0602409738911812,-0.0437388049474111,-0.0341292954486668,-0.0385059501676301,-0.0564920223843373,0.042980046596932,-0.0454332386516371,-0.0167903934338106
"PA-2010-002-013",0.00937533649921725,0.0382436274291597,0.0223024114648114,0.0593175156996237,0.00972073242153709,0.0501913533950255,0.0388200155698511,0.0285117243927426,0.0359795702461295,0.0649913743672966,0.0220289482490563,0.0188970128221482,0.0144872313023117,0.0224359208544371,0.0203122566314324,0.0356768545538699,0.0211141466333801,0.000372303849037656,0.0122754752929837,0.0417952408123634,0.0249090974210771,0.0285495616020317,0.0233951257334361,-0.00130336997805387,0.0392248618481615,0.0316860208934874,0.0142404871942405,0.0133973195205863,0.0414290660357949,0.00993597110371948,0.0278183312974661,0.0350110441482317,0.0367272316476748,0.0440615673929092,0.0190483555037517,0.0344393269526453,0.0206998569346671,0.0169320755996826,0.027877216957742,0.0525546931172563,0.0246569957241018,0.0217941654139077,0.0302681206517954,0.0241888203345539,0.0211308363210478,0.0287804998230967,0.0467529365857409,0.0469656207936573,0.0279709176624293,0.0392359262162975,0.0266088512088204,0.0230063239681427,0.024952608844292,0.0314345649972813,0.0259272254408814,0.0259938992442282,0.0256905314832894,0.0496494324044047,0.0195310490995703,0.0513052488628637,0.0222743939794427,0.0385374216718469,0.017740798413918,0.0184877850157508,0.046029923718596,0.0378118679996818,0.00948703723193378,0.0218971027596455,0.0361125943670207,0.0202738376584179,0.0319192771417411,0.0163223465011682,0.0279508175299674,0.0309564447437132,0.0281476351408875,0.0437429881126917,0.0422879240450886,-0.00289069864336434,0.0364470334256659,0.0155447659936409,0.0106350626461698,0.0240647147365945,0.0219197372915432,0.0184899708073712,0.0201279499856708,0.0364571520545362,0.0315678503234329,0.0231745683129621,0.0183365455809161,0.0350346336806931,0.0182805678560435,0.0193254434730208,0.0308043703005003,0.0535449719170373,0.0457857943097402,0.0162109737894419,0.033779753212293,0.0230557362579882,0.0119322556919894,0.0298191002647647
"PA-2010-002-015",0.0301195266810131,0.0649694501702307,0.0418115550841529,0.033701759824919,0.0133748567096203,0.01117326825757,0.00121142504661632,0.0175551935130943,0.0248086345201434,0.0262740086110488,0.042025601519027,0.0993159705608669,0.0125675745816361,0.103323249592418,0.0242813075870197,0.0306920833227938,0.0387262641797378,0.0373625347123183,0.0217334406739618,0.0377398092523722,0.017189013370065,0.0361738764729307,0.0238613807010046,0.0387350050751427,0.0407934483758896,0.0509953256159814,0.0174848612763045,0.0423759916785853,0.022696637337296,0.0311043686143835,0.0499407639665104,0.0131869120544759,0.105790269527537,0.0334797989664562,0.02118056015421,0.0466471493195649,0.0483530586204323,0.0219786926164602,0.0275781275596286,0.0391212300200245,0.0272743231045496,0.0297429544850858,0.017750023644773,0.0216804854461849,0.0473060937203757,0.0418102706673347,0.0289852317654585,0.0360001302886692,0.0252695405315417,0.0250499922831121,0.118586593682737,0.032050288046745,0.0106389612548498,0.0338542422175638,0.0242158533447797,0.0314063956081578,0.054437770282053,0.0223475128489915,0.00839820883076344,-0.0015784281752588,0.0313193126385415,0.0186657202469398,0.02200138429833,0.0190319382827618,0.0182134537531708,0.00824046809416109,0.0128108583507125,0.0184062813160194,0.0246918152799221,0.0311788770446975,0.0185956953610728,0.0221369207954231,0.0134826638398076,0.0132087870179652,0.00568401719773512,0.00673047474321493,0.0212670906949891,0.0288318044730713,0.00912475638502863,0.0939840672664441,0.0569423724911327,0.0303989841800781,0.0132252969050309,0.0430469028222832,0.0189087486350217,0.0395737691044919,0.036991940494552,0.0346806339772699,0.0146664471958494,0.0413910031401501,0.040135516563173,0.030616913028626,0.030365845936583,0.0355727747879881,0.102523958970066,0.0353664408061837,0.0878241057227007,0.0449227451770164,0.0283947188146962,0.0374345751235818
"PA-2010-002-B3-b",-0.0368288813587982,-0.0587380535206532,-0.0603492887885511,-0.0637186597324161,-0.0559153479770862,-0.0513765561053958,-0.0472112533558104,-0.0497009360568868,-0.0615632971936486,-0.067331968280839,-0.0538750376142366,-0.0657761349239942,-0.073689646277856,-0.0516163251196462,-0.0637344022158656,-0.0624557064706335,-0.0552207338198357,-0.0708246796060311,-0.0656203576462477,-0.0569335441473568,-0.0718480129692588,-0.0573151868285643,-0.0593530749878837,-0.054039246939196,-0.0537652727442448,-0.0517927761250112,-0.0724935284024024,-0.0503233543184069,-0.0597971190400063,-0.0707913881982861,-0.0600547310045249,-0.0864174622325693,-0.0595259236987879,-0.05666502205358,-0.049969079529565,-0.0828839050884907,-0.0671169044345944,-0.0702129280866203,-0.0583564369840026,-0.0768004873201773,-0.0583439183236669,-0.073839571851435,-0.057742850162028,-0.0643730408461904,-0.0722054447161743,-0.0964426837399221,-0.0642986573418017,-0.0450555270336436,-0.0600146920028013,-0.0531464164835265,-0.0444428749006339,-0.0667550924202805,-0.0763908120689489,-0.0508820166244893,-0.0539356726566518,-0.0422495038814967,-0.00934402571018978,-0.0813346900249551,-0.0331022743690938,-0.0590760328215375,-0.0649183087638772,-0.0619615347249047,-0.0517679961473006,-0.0488641815835872,-0.0592101527335513,-0.0640913438716943,-0.0584954402122936,-0.0586342828191543,-0.0590142795158776,-0.0630324189169147,-0.045388817170426,-0.0625161997074071,-0.0636333768324723,-0.0465829313309177,-0.0733466490788715,-0.0183280821349221,-0.0536121136455869,-0.0473674513638714,-0.0604246961857292,-0.0730857519392469,-0.0396980883555843,-0.0464835593187125,-0.0519749047626384,-0.0532173753719097,-0.0578645227197743,-0.0576997972422123,-0.0636124465463449,-0.0562973022498884,-0.0742111788976456,-0.0620547006528159,-0.0647492090499289,-0.0503433142268309,-0.0564665858591461,-0.0579549104118746,-0.0622404067547693,-0.0644680907476832,-0.0679866759870622,-0.0634068338553955,-0.0710770797964326,-0.0619240234393355
"PA-2010-002-E",-0.215171774920254,-0.145795644286354,-0.14258152501712,-0.190994419283685,-0.130901891903735,-0.195362146403652,-0.182046716893813,-0.191360430846657,-0.195222825822141,-0.222036814936867,-0.220717706523596,-0.169526581580274,-0.169443998967065,0.00868740351205811,-0.147345400681874,-0.165526406445713,-0.175691002883502,-0.175568876475853,-0.186579899300311,-0.170682249916792,0.0388427884779121,-0.0390597201301892,-0.176814197200784,-0.184850535316015,0.00855022355189338,-0.205734090591786,-0.231231860526904,-0.190115022644558,-0.169657805621996,-0.211168857356029,-0.0245663948565017,-0.17990701570189,-0.158626329469563,-0.171324007193735,-0.260229550973369,-0.223803096854559,-0.140771760720961,-0.168914859057449,0.0221415024498065,-0.225125365320963,-0.164478688652254,-0.164551797091023,-0.173803826628811,-0.207110310271376,-0.139175554601598,-0.18835354211992,-0.155476256816319,-0.189274633225016,-0.192917726352052,-0.160593872245471,-0.221702551727522,-0.169617593842984,-0.166703525263864,-0.17407076635911,-0.181514064693064,-0.162507030577949,-0.000400528798395271,-0.185951853975776,-0.189246660509199,-0.169127379880685,-0.178964280463175,-0.163529001092624,-0.208412438178261,-0.187664547545763,-0.194640062456836,-0.184300871483304,-0.167801191502375,-0.184646931835068,-0.143980933340559,-0.204688841476479,-0.182282575955162,-0.171315350106103,-0.154424961528162,-0.215375926510588,-0.19341275364004,-0.200004135213179,-0.194328856792281,-0.179293643376008,-0.169641052778714,-0.180901393970643,-0.179835067501193,-0.183516585917368,-0.276482164985088,-0.192197620995518,-0.173391835732469,-0.18392613663068,-0.161111583925876,-0.0139183295042327,-0.231075166376637,-0.185627730142088,-0.240490099617342,-0.183856543358286,-0.18468857608356,-0.18859049883814,-0.189481363632911,-0.154835729898271,-0.166827630701146,-0.159073161348605,-0.16955974225679,-0.185776384676112
"PI230189-US56-0022-03",0.318584885894867,0.385534559774646,0.314390574010181,0.404855193959099,0.35335364168738,0.181878722429441,0.235042251925566,0.345216474678722,0.279131090068955,0.387118754297822,0.337720609334094,0.332858140399654,0.336559054948658,0.367536841021985,0.338171372587978,0.328354015031983,0.286441146319512,0.377202557907416,0.318682964773381,0.332495062753274,0.339763011095841,0.410340187018451,0.367437775405565,0.318807841517356,0.262824045852411,0.327983446854334,0.319518115086166,0.339112217730135,0.281999246690544,0.342290031984447,0.345922076433664,0.390709200659997,0.363849606338648,0.326851898126936,0.323055488692013,0.152596693591976,0.304948549549365,0.334533595118143,0.343347159594223,0.358181379526698,0.347881948452696,0.330168771330479,0.18238293427354,0.257993510441343,0.308133590137209,0.311831109797269,0.281913719862753,0.210121704700972,0.349668440611569,0.324587349341087,0.323604341833764,0.290284686202219,0.359453688230969,0.30130668591529,0.252574887356803,0.323939572817469,0.360446220025041,0.242070010765489,0.327532956935306,0.338428412575389,0.358059568898299,0.354273100785673,0.367815362252093,0.340697355392564,0.142948150012981,0.317746601000215,0.323748686095361,0.188846988455573,0.32693902647539,0.302098160274338,0.365117565948338,0.225574406068087,0.272303973279094,0.312873557283079,0.37203380356841,0.316916819474199,0.308283657693357,0.323801474832183,0.36759348033449,0.334073940983384,0.423290748697643,0.144688763152165,0.285546156136553,0.263547528288783,0.327740054543336,0.374762855526745,0.367122197048374,0.190629325753941,0.20125077136731,0.329360734931302,0.352275941011678,0.295155861938513,0.306935450744147,0.323025394071453,0.354349379518135,0.31515241411252,0.37062082159114,0.365758776525844,0.32786692045555,0.157863333289464
"PI294602-US64-0004-02",0.291233059524929,0.355120174536959,0.378318088803959,0.253719036195246,0.176356961267266,0.366030237770446,0.311958059975552,0.397678674891196,0.319183864671788,0.349092337753685,0.349629834898269,0.35295962121796,0.280403703145498,0.246034686213752,0.343459341034167,0.404208206362266,0.307095209093439,0.339466542726892,0.364161692707334,0.372837752372191,0.362880412958876,0.32720801231716,0.268346468195778,0.3570283289366,0.367691662674648,0.357045520686128,0.383993952602774,0.26700435116053,0.290469548929531,0.317336919311894,0.413939757248983,0.325114622366524,0.192164583684562,0.318511863469389,0.37647598361323,0.401312900465035,0.267256692117089,0.329474593854561,0.321822564027683,0.321675457026449,0.332745918222989,0.369998588639809,0.340513494939726,0.329378500135414,0.279798940669393,0.360093769363864,0.369163670494511,0.309483106250301,0.379353584433589,0.325543653564843,0.392626359268901,0.350589213403494,0.369656355953673,0.3580379656824,0.225557409336209,0.308361367534412,0.198306515777401,0.300617373888499,0.360534158390793,0.264838557804741,0.324381364575625,0.329790215741961,0.337673110489227,0.350874552706985,0.126202817498282,0.367064753257261,0.370655049086635,0.326939849842175,0.246654440584985,0.275181227116544,0.364532947870965,0.298589193513379,0.243837593120669,0.287204143782778,0.333793338569194,0.329986204735015,0.308598152868045,0.321572385801644,0.354431050557022,0.33487993139439,0.342876064892758,0.354024363142986,0.2671611291437,0.368063570786119,0.341746917455196,0.350070322890745,0.391996934926037,0.358422176350735,0.391358597432047,0.33877237427605,0.369412309925508,0.310992636682616,0.326856714502425,0.394443206719893,0.33994735375158,0.248593993917302,0.351177018535693,0.328351514128085,0.364360773041921,0.345044522753839
"PI294605-US64-0007-01",0.103561306893922,0.0612036565107474,0.125547200448251,0.0736516007449783,0.0882984910601687,0.0416410482387302,0.058836944805801,0.110957003450151,0.0635774451671448,0.0557416699669387,0.0468627435763355,0.0887581921150507,0.0759376775600487,0.0909432326146413,0.082860079527983,0.0841849134346935,0.0360335532221927,0.048419888681873,0.140861584227503,0.113846221033351,0.081536640697904,0.0861978901894699,0.0950116684420603,0.121967716826293,0.0873495632604155,0.112033976800434,0.122298567190687,0.081353014814542,0.126427566837979,0.11295312846716,0.0779637236397486,0.0828833214405377,0.0797392319397523,0.0494777639042048,0.102878700114058,0.0916135921936334,0.101689078270076,0.0781946964716369,0.0737520118404638,0.148350033417902,0.0547998956784919,0.0840554086088759,0.0749639418989137,0.0745456062840016,0.122638297949398,0.106109029957697,0.121268943591438,0.0841710424219077,0.0998409070000672,0.079865595747781,0.0531296248893463,0.0781281007540187,0.0466005595003169,0.0210498078457224,0.103466358420687,0.116598534715071,0.0852594588505729,0.0640466745072634,0.0967051492168722,0.0604955212179212,0.0784390378922365,0.0850372069107071,0.119345078481041,0.0783764695791097,0.127768701012387,0.114389869629923,0.0984247552585095,0.0919020060203137,0.0580483135034538,0.13598343526163,0.121635981018562,0.0646845473848699,0.141775896287106,0.113437200724297,0.0946212682057804,0.0994106969942499,0.0545907864475945,0.0818651093656671,0.137258804995345,0.0731396819601849,0.0993685690071816,0.0825473244374818,0.0495292701513605,0.0851923849989167,0.0962234053282682,0.104505469117908,0.0838126535206107,0.0701452868862523,0.102702066291899,0.101153453917197,0.0816189573796249,0.0902414080828186,0.116368464803029,0.084520592602715,0.101015566526415,0.104081927434626,0.0854008521935649,0.0495013841729115,0.0843062973144906,0.1431150135023
"PI295762",0.136556299758806,0.129276174520641,0.199614989725866,0.192413673803796,0.235162542446229,0.181303733920867,0.16558611139316,0.203879571470516,0.1551463645034,0.189061088928415,0.20042804315825,0.220349835829991,0.246967012722596,0.193096325832607,0.223144264536134,0.190198858150795,0.160595438432511,0.189659604944248,0.202609981065763,0.210985639084941,0.184940684944419,0.182436508214934,0.214062308461786,0.17628935027129,0.208824236455504,0.214667326063029,0.21745818596318,0.246576486661172,0.173405180775438,0.23591219310455,0.218074500587132,0.149058028370528,0.109332000091168,0.1856089964064,0.18453128818039,0.0802007980935179,0.228718605281222,0.212528964024995,0.210667886940747,0.178548279293096,0.189618787102678,0.193995669324527,0.167708352009898,0.139367777963885,0.149960909329626,0.235042428426716,0.236187247403069,0.190142528368465,0.189729275678201,0.192981881608087,0.211032691298879,0.195370622194702,0.191898784751306,0.164469026523961,0.20140707517358,0.174127559282812,0.106831041156281,0.203790617416492,0.167573478049095,0.211309462084631,0.174497218931868,0.209704003395029,0.253998413179244,0.226694132234919,0.186484744117664,0.192578271977061,0.156764630810082,0.223827412583726,0.161495569764829,0.220389021480235,0.172808136334074,0.198405045017812,0.14274712970737,0.186739980246292,0.173004721578193,0.193510427041044,0.201642200490901,0.2196352641079,0.147558035472897,0.212360892932164,0.161615838290963,0.167094273646789,0.212222986084685,0.226582669650859,0.174892339702587,0.194129399144242,0.157811235114453,0.229095395335064,0.194757146010117,0.202315502869202,0.184379436930442,0.217648206839602,0.191875524207543,0.196515030041791,0.116646141785662,0.182804345224723,0.193818101173549,0.210138862214603,0.157496757430936,0.110114880206763
"PI295764-Gracillimus",0.320277288944792,0.269475480713373,0.310779040648661,0.293020031386609,0.216012370935967,0.185137255913292,0.245136306515874,0.346760697288544,0.312346920495001,0.313229545745011,0.34511036107664,0.327343835504455,0.333261440697433,0.298992975053766,0.362179135099174,0.339686783818866,0.346071348238607,0.283791633789305,0.310707677635501,0.332305490364197,0.293963948183654,0.3762135335311,0.342534220538499,0.370725143786448,0.390633019298896,0.339513373851177,0.32847133829494,0.301931017913193,0.328831712244155,0.315155171435182,0.355557989431478,0.355853575972936,0.235172927645525,0.396539941950268,0.28502700605526,0.153757304189321,0.269093597504329,0.349695271153395,0.352796919171079,0.324376750650744,0.347111315932081,0.286579639613972,0.207579901215157,0.26995029929246,0.279030127224056,0.364317433255786,0.349516935337038,0.231133788476387,0.324257496619032,0.344298722713722,0.292963732749142,0.352589375030618,0.329575753756977,0.344572646863793,0.332286630477749,0.342582151032466,0.242363042899875,0.254809179701207,0.356640872376027,0.311338386918213,0.290216527929972,0.295458659924168,0.323491104730205,0.300716537166133,0.136524001333411,0.304542123749134,0.310346030959972,0.176596643930582,0.282921414765968,0.342568856687383,0.382807860250544,0.229752280432678,0.352967707018035,0.363327267974536,0.39161505219788,0.349399773694369,0.356349599123841,0.335243226047023,0.345656915773091,0.338054474569997,0.35270189200207,0.161197804892724,0.32741258444699,0.326110815800079,0.403130168308361,0.335868029380397,0.311858760670537,0.211288666129362,0.223041382988619,0.277270676563963,0.348948125271921,0.349202267225794,0.353394083675254,0.346372373261773,0.269681723033105,0.328318163451946,0.281871935720182,0.366731183679585,0.367056783957826,0.168574791804268
"PI423566-M75-062",0.275056385896032,0.252711863871308,0.265689567607444,0.243003933998278,0.234172704720354,0.266937270236932,0.154391599955067,0.258881611111861,0.282796114006359,0.233799384551464,0.243389956213985,0.262626778029582,0.268276644622031,0.169504318971154,0.232580783152766,0.319735878387912,0.184170124277803,0.300693517598927,0.260992483185159,0.255566559617169,0.245691778468033,0.274017002910116,0.277166304860168,0.272347752404939,0.203747091981603,0.179664362331642,0.249975476016398,0.249105408509192,0.289179672581245,0.235588993770238,0.282492709424801,0.26125058103603,0.298419716179325,0.242759614284651,0.251952811315808,0.284229985918972,0.259515870017517,0.272872448000822,0.214525300835894,0.224306897954016,0.256451226704238,0.345925521872735,0.119556259447126,0.267311200588528,0.255131214527483,0.24275217906305,0.251685060510342,0.280619849937536,0.250756471516411,0.237892442819382,0.250207876822872,0.245907012103871,0.232908364005166,0.233494261098709,0.277526165023207,0.28254224314594,0.273933386616845,0.258530877538248,0.288307087641141,0.270346809460726,0.288000900261205,0.249917761201535,0.225638993082433,0.179367719726363,0.283274910453227,0.249253305090369,0.241051851848113,0.268485322373803,0.284699706595827,0.261148276799982,0.314209798059052,0.279859011157552,0.249946210870199,0.272721540965747,0.256057471176699,0.19781276402056,0.25252586208593,0.21708955717663,0.205144236910504,0.271651429553846,0.290545068210252,0.302303418609916,0.277828047562491,0.254463276998325,0.223339406450663,0.238883114584895,0.245973077454232,0.252530506313417,0.289509140209757,0.289835317255052,0.243615850342058,0.279661106103366,0.225753102708045,0.239337473063343,0.294373286931902,0.249718547749899,0.312869610978695,0.251544785964086,0.237116294651964,0.238172973571696
"PMS-009",0.0827811323438955,0.0986835883813155,0.109975500447182,0.0998668199131099,0.116348837208713,0.0995950273890129,0.0980375674455439,0.107088549091674,0.141116397784406,0.126876426248153,0.119933756948278,0.117163454891638,0.124890520670084,0.0961673114270836,0.098270905466499,0.107438720407793,0.0857011583347022,0.0630347794488092,0.0909715798246131,0.0885231090948016,0.170043865031024,0.140288637824687,0.12017326241823,0.087911244782556,0.126665697520094,0.130417795578766,0.0970319416703281,0.092907491852133,0.114145860144502,0.129017451162238,0.131104985271245,0.100635036064195,0.0568236909225303,0.0923373658287243,0.138033778136994,0.138905810606071,0.0960949080099351,0.1544655323237,0.105325963090622,0.104704259085453,0.107611625340309,0.104220139525019,0.122666696375237,0.0805477316180306,0.0833598767707474,0.109213810352104,0.102479347441127,0.120852581056424,0.080099994745094,0.099193188244647,0.0877754570887039,0.125103215528765,0.109417240062988,0.0778724654241763,0.110074427897682,0.0851729450846742,0.115296179242259,0.100590298026574,0.131571738847633,0.0811429538678956,0.0846901388467168,0.156422494559315,0.111331718290263,0.0735110574709653,0.100061372537558,0.152370956188103,0.108355915810979,0.0990118803313392,0.108779133116674,0.082182427546648,0.129105116129669,0.0935625042193172,0.168818577408291,0.104479095691081,0.105890267106476,0.114515881928757,0.110082633041751,0.103096901273553,0.103787577037497,0.0826385596479406,0.106638653124442,0.096257825227535,0.135086911673842,0.129877849199223,0.110923716076168,0.113136812154422,0.133595281923638,0.0893689393121502,0.114667464040678,0.0905309493574485,0.0781551740096563,0.107992828964684,0.135994005005627,0.119213714975615,0.109794246715988,0.127624936286737,0.117102139504047,0.0888493574141674,0.121666023791329,0.10246060040614
"PMS-014",0.132927307430231,0.118671710783086,0.115009140648633,0.135437894491804,0.144233788662147,0.10027818366504,0.119363491857383,0.110328565316718,0.115757638638428,0.105618696044624,0.107323603081225,0.130684583893785,0.136873365440891,0.148873957282882,0.122245713466803,0.112376188270906,0.122769972948739,0.101398333349715,0.172860274213582,0.144773959994528,0.100485907933182,0.114864564383733,0.116750072582195,0.127200589522634,0.130203738651062,0.14932312115753,0.147043834515957,0.130581112915876,0.1098856840943,0.143758056196215,0.122510782930312,0.122442169859457,0.128533031213777,0.130997766624416,0.119726851248726,0.115244003627804,0.139809199684048,0.134807423454167,0.130770506020717,0.151295759102195,0.131400072601296,0.111004395737,0.12235910794891,0.130039940549287,0.157581513211177,0.12835379305049,0.14092996507968,0.0794943237968394,0.145054042212898,0.150310848217437,0.138850415970829,0.10260270167051,0.138165203315265,0.148848241007606,0.136679028740446,0.12973462578848,0.117097484040294,0.0778930092482144,0.143707056180719,0.131415152889999,0.115089486000948,0.137857908519287,0.129412274486384,0.139931707565507,0.119010378507662,0.139643667887353,0.117273084727579,0.186514757209918,0.0640385111083995,0.105564151766787,0.114400615427203,0.131396927365927,0.155821034772255,0.115962142504753,0.124955604384959,0.114508289979267,0.141256262450918,0.134962339681756,0.119395602381743,0.152424715961747,0.137833706656439,0.07876514208855,0.132031890816573,0.0911802087774396,0.131371028750879,0.123989967408383,0.133748410642098,0.112349996399963,0.162084709228604,0.0933079484692336,0.102257331238465,0.115309517651665,0.0892826670453902,0.112470433658696,0.145257971902067,0.109256027268349,0.104153150231706,0.152280509193374,0.104663773603801,0.134197245588686
"PMS-038",0.0869589817927819,0.09783038619068,0.0956319303508118,0.100606513961136,0.119686805422467,0.046155441948806,0.0929097477101632,0.100186642870379,0.112035085849697,0.129736487251189,0.0956748092755395,0.102478097159888,0.110840867392163,0.0919110751091475,0.0907865595839012,0.0504763135047607,0.06318378481847,0.103025961633889,0.0796946277277948,0.0972833656491468,0.107312506004387,0.0813128535851558,0.100651837179261,0.0811667324186538,0.0797161983532028,0.105018666030562,0.117951992239235,0.137927294010451,0.0753553705272696,0.130094207383264,0.109196944829646,0.104760920397577,0.0876231553523371,0.105130915703586,0.0919821859885777,0.1305248598947,0.135681673626961,0.0989016020791516,0.0941819851700103,0.0765144740516963,0.122023650456725,0.079966084971773,0.102198265741795,0.128268442793049,0.0930773480431904,0.135572882706079,0.111386274059259,0.081271696140994,0.105803881740975,0.0678778835659083,0.102429348991843,0.153673105111219,0.0995457588665462,0.136581100018888,0.0857371861080437,0.0917143701794421,0.054626034579602,0.0326374337380158,0.109823456592122,0.0887759930676954,0.101346256603602,0.107719402991677,0.0933826181017596,0.104940330101554,0.097241946759827,0.105649175119261,0.107135900809042,0.112954255548717,0.0316271334722957,0.102294482685222,0.0746704257391446,0.112738875745576,0.0808430692768783,0.0985841431866952,0.112705323564312,0.107837895917516,0.120006340091534,0.0907109165023184,0.094775788508876,0.148704778255309,0.124921973810933,0.0824869948783982,0.0785332376001528,0.134435182452003,0.106244901157696,0.0931875155387939,0.110209684690264,0.118712446100078,0.0936541688036741,0.151046934020031,0.0520942295651185,0.0470440679311288,0.114789761769704,0.135712074445114,0.116909705773264,0.0731683788228044,0.119700648849893,0.1116380799631,0.120234895060874,0.115163538053874
"PMS-087",-0.0437626395533832,-0.0568805601268803,-0.0834781998266038,-0.0903736665855039,-0.113959003865965,-0.0623866231767112,-0.072342206701797,-0.0765923905913269,-0.0531318615771128,-0.0769771799819232,-0.0874783903094547,-0.0612193582473322,-0.061461738831412,-0.0539052601203729,-0.0867372271678963,-0.0700688478035583,-0.0639352259329013,-0.0683727710365148,-0.0485512449997167,-0.0628769117945223,-0.0668644329522627,-0.0499603345826586,-0.0374844759795682,-0.0727843596523399,-0.0445045247739111,-0.0745543507873614,-0.085255723610017,-0.0730105427820047,-0.105170194535385,-0.0778572522414731,-0.0712458776023119,-0.0502242361779483,-0.0855343099958122,-0.0654065696871357,-0.061002346646079,-0.0781500028185776,-0.0843467493743218,-0.0637735786220453,-0.0337797717953556,-0.0739048052911759,-0.0539507538324862,-0.0638694826050833,-0.0765745123468543,-0.0538348219888594,-0.0683777356072862,-0.0588155413118169,-0.057841929202229,-0.0837048784947772,-0.0399953892073845,-0.0674818781810844,-0.0748880826963448,-0.0667273807362147,-0.0723711598247762,-0.0789236135612422,-0.0981190499127045,-0.0711405803259425,-0.08338940273695,-0.10985605561271,-0.0770776796967698,-0.039900370029641,-0.0706971569247422,-0.0521721786255987,-0.0592884429960825,-0.0761271694701845,-0.0578055907574148,-0.064985678126123,-0.0818846309047794,-0.113456607952908,-0.0711645809248102,-0.064639562665733,-0.0834373314270107,-0.0856046051059956,-0.0757286094606384,-0.0614296943820538,-0.0573615441790326,-0.0474530679653916,-0.0703682937816962,-0.0651531658963156,-0.0733540070544757,-0.0421594731618624,-0.0844349235684365,-0.0297878367834352,-0.016857468733794,-0.0581053309019119,-0.0199446495860459,-0.0518621156305282,-0.0726960591032166,-0.0671946226297287,-0.0617079058787317,-0.0779427113459714,-0.062097422348213,-0.103795926109548,-0.0578280587130598,-0.0941726849467329,-0.0612115191783915,-0.0796471416590886,-0.0396582821468697,-0.0740177876168629,-0.0449838452862992,-0.0919680860927106
"PMS-130",-0.197241582081414,-0.153340503357766,-0.133119795768966,-0.148989945909846,-0.155163006445773,-0.156995241907533,-0.166221853087304,-0.214077040553892,-0.215579068461395,-0.17372619294819,-0.195257022392074,-0.115955617131133,-0.158547333532696,-0.160663324106865,-0.17428505073184,-0.170383102341947,-0.15083319154781,-0.120725626912159,-0.14947859612833,-0.146433717608831,-0.195473928224187,-0.145494612868601,-0.164177312763333,-0.109639001714573,-0.165802564553298,-0.143617804438512,-0.198993293538314,-0.140775523299346,-0.145107710682649,-0.159656732265184,-0.167840776349189,-0.146285547732142,-0.135121240788036,-0.113746957652542,-0.14169155403216,-0.201939247337817,-0.161871322301608,-0.127568229900821,-0.0947032717931098,-0.104631271633541,-0.142220834786796,-0.15917649090811,-0.1508424803936,-0.096456315755716,-0.103441010245809,-0.138125495077699,-0.155799364563394,-0.155189138768195,-0.140188573846343,-0.170939415250654,-0.138906689832199,-0.152578096519724,-0.134803420505004,-0.125491518453164,-0.0994437618037837,-0.164832005991843,-0.173071386281446,-0.136017548608181,-0.159808603464147,-0.116645626071453,-0.169341916946316,-0.140302779317492,-0.16393544978726,-0.152289987657495,-0.194468378486316,-0.159719876127352,-0.149052610301875,-0.151715245456059,-0.133209587711462,-0.115890204048212,-0.15494500238464,-0.151007230526284,-0.161002754374394,-0.123753749625132,-0.14102204751937,-0.105752562167064,-0.152072929361958,-0.161660686283221,-0.132262320315145,-0.101841993618474,-0.168672292097906,-0.159254651658451,-0.215880056904429,-0.108814422229341,-0.141397783243161,-0.125028541370044,-0.135993243007103,-0.156813360510779,-0.142440969858193,-0.161666831419302,-0.169740823912225,-0.133333528757769,-0.140011020701109,-0.167278078590271,-0.158294274858049,-0.138985697508396,-0.136389282033408,-0.116945569246886,-0.153922752024958,-0.212379247876205
"PMS-131",-0.0950737155852265,-0.178249384238884,-0.126675924972095,-0.131192203922403,-0.121299450527929,-0.128070299028644,-0.102705324576687,-0.129924665369279,-0.165931029848872,-0.113961977030649,-0.158422063744236,-0.141922535802918,-0.1284313787666,-0.148789963785567,-0.159869148654636,-0.154818077029247,-0.11485593156776,-0.150488734639755,-0.149917489142878,-0.171579540851304,-0.123994731009213,-0.150770510197964,-0.101067391534785,-0.127135889889433,-0.158367415862714,-0.134140134810664,-0.143150975717777,-0.144334402897666,-0.158277979062307,-0.106554639276049,-0.16348754270984,-0.139332443581463,-0.141187394848721,-0.113745452521747,-0.15623075999094,-0.146787585039627,-0.167942076704063,-0.15333334041287,-0.170971216481083,-0.163354905286873,-0.109217854086244,-0.164834878066609,-0.144746224096353,-0.14093105700121,-0.15221940946824,-0.152535479837895,-0.175953329021005,-0.137259966000515,-0.175827807545712,-0.156188541238425,-0.105377305599106,-0.145973374792833,-0.156606771372506,-0.158373523457959,-0.0977547091948421,-0.155469185047073,-0.107780012689138,-0.140735810498526,-0.0918676763135989,-0.150547154543112,-0.198900540330072,-0.123071929630344,-0.052431412565516,-0.123433491964871,-0.11844437583124,-0.12918560973569,-0.158769616846964,-0.193314273302067,-0.141686266331757,-0.179058950868286,-0.168428569929862,-0.15415230724597,-0.160691774523053,-0.15587548801635,-0.138702456683613,-0.162503607898885,-0.175064453441345,-0.154551770262572,-0.118743170844416,-0.142250254817035,-0.135777524716366,-0.0750535142583394,-0.113424779267699,-0.176409847224372,-0.144678722236786,-0.11990307601487,-0.164025131410045,-0.171396437225061,-0.164513803439259,-0.180539998466776,-0.10637629706088,-0.139138541397546,-0.147394494371797,-0.121443727191314,-0.139816503118787,-0.159550952745039,-0.137631225383879,-0.143907738160909,-0.133915502485877,-0.146324868204319
"PMS-134",0.0139493000600927,-0.0487540480867899,-0.0234345044410113,-0.046035957312719,-0.0435650016172266,-0.0404517799376895,-0.0940644966864863,-0.0465907706552906,-0.0393092194947336,-0.0679981624521001,-0.050366640876528,-0.0271930645438016,-0.0586842597823279,-0.0844932457305213,-0.0466986732420396,-0.0517645844509358,-0.0659633130569295,-0.0793385702714774,-0.046304321778134,-0.0434624344748595,-0.0190113608964922,-0.0353397933273401,-0.00322393146911973,-0.0460738243168827,-0.078123859599887,-0.0497054558945074,-0.0417260389695424,-0.0841085108516634,-0.0153601120576583,-0.0633796573435614,-0.00783785336736035,-0.0163121642642824,-0.0535981741687395,-0.067475222288727,-0.0301387572599686,-0.0968038202187178,-0.0288999245750229,-0.0366744170618293,0.0050947208938809,-0.000911122072256646,-0.0227430627431693,-0.0324719607539493,-0.0870160202760081,-0.0178623036343866,-0.0287253992652286,-0.0319010703342868,-0.023335136272822,-0.077415417934115,-0.0454128744638479,-0.0462346182191512,-0.0463621687751655,-0.0403424148209258,-0.0468342030432597,-0.0632473110408938,-0.0449729787894566,-0.0539258716116515,-0.0184825173900948,-0.0432391824054373,-0.0440626453648069,-0.0225846298525672,-0.0521686128162373,-0.0235450283231033,0.02855282252175,-0.0364056735369281,-0.0368927508048021,-0.0215035299495818,-0.074269388726342,-0.0613230016615671,-0.107026552313805,-0.0249395230691521,-0.0525093403414127,-0.0390115852124415,-0.0475831174557154,-0.0434313215260829,-0.0537474936764512,-0.0428486259210303,-0.0603819150114564,-0.0581839432437158,-0.00782449640670076,-0.0171069736323636,-0.0726555052489388,0.00866929771269284,-0.0226587949067922,-0.0454489746356883,-0.0431199418579925,-0.0184218680298296,-0.0530347968619258,-0.0734783455992731,-0.0563762053210606,-0.0540288875023766,-0.0503087993257399,-0.0489076111746974,-0.0421618734573487,-0.0172051058847413,-0.0863762811311746,-0.0476205711535533,-0.029213429651437,-0.000469694634883871,-0.0133575676160091,-0.0412754936860777
"PMS-144",-0.0304525016931968,-0.0838691983102101,-0.0838848438358565,-0.0895911172263769,-0.0942473091008358,-0.123479056900329,-0.0575692211030978,-0.0887510742826467,-0.100107074072724,-0.0898255243444075,-0.0820803784942308,-0.123427738862107,-0.0854148863509717,-0.0851897736232281,-0.078454444004199,-0.0986364215813599,-0.107396433779733,-0.0894589481949692,-0.0930322994541678,-0.111796015578314,-0.0824770149619869,-0.0704133954986294,-0.062034762471652,-0.0826817221446571,-0.0936135666562549,-0.108886956030096,-0.0841631298310214,-0.0964676337207231,-0.0683407518945916,-0.0682902758701229,-0.0698925075632728,-0.066528241597088,-0.0754486501616614,-0.115421611966147,-0.0782845678992451,-0.0731791455775863,-0.0838090551201204,-0.0962551523133866,-0.110284771202194,-0.0889819297694695,-0.0864362971192856,-0.0909963628497115,-0.124910464627011,-0.0976652053241555,-0.08340530682036,-0.0837798995075265,-0.163201050737641,-0.0808736530338765,-0.070087536421262,-0.0965365091284482,-0.0256198990901235,-0.101063888625206,-0.0886415037060965,-0.0779637736421012,-0.0614661980521457,-0.0833373318957605,-0.0903325228105318,-0.101415033882876,-0.0524603423876722,-0.10002391209461,-0.116868004948151,-0.113672220753993,-0.0199709928827441,-0.0956041535587659,-0.0993163149208647,-0.130865103885988,-0.0778819500620019,-0.0753411544110775,-0.0994789356086525,-0.0909406043666581,-0.0878985765559974,-0.127970408851399,-0.102320687687267,-0.0898138361522181,-0.0708515931368765,-0.0606202045280943,-0.0912777662849373,-0.0826093876454261,-0.0654904865733116,-0.103666679491919,-0.110820559524268,-0.0809204169976955,-0.0831744059146507,-0.0935133060793164,-0.0727541967081496,-0.0983725908515136,-0.0839861477856109,-0.0876550966920711,-0.104030248763202,-0.0805706651108409,-0.0864738666019716,-0.0818643377394477,-0.110069619210401,-0.064508869814373,-0.0871630143161851,-0.115546395253431,-0.0897922630214493,-0.101047797704403,-0.106002735462327,-0.0790967649141866
"PMS-159",-0.0133327079273169,-0.0911961673370112,-0.0379370174362412,-0.0085697816583193,-0.0296837144850779,-0.0168364902034395,-0.037870879591888,-0.0254616504495666,-0.0281980806727122,-0.0327024761023938,-0.0149991415658715,-0.0293770272520721,-0.100248499423786,-0.0495814719655401,-0.0174646697445235,-0.0981680770777136,0.00191637284742276,-0.0408823919648022,-0.0218120032141359,-0.0480741748541176,-0.00587321171984981,-0.0330473573759449,0.020806259763574,-0.0322296776459754,-0.0447435291407203,-0.0373916432163609,-0.0321100579528228,-0.0468511823821957,-0.0263183617848986,-0.033818674313271,0.00689364066758218,-0.0163096458794967,-0.0134605336994486,-0.00725549220333309,-0.05974999065387,-0.0332807227452035,-0.0308996495899835,-0.0449100044074617,0.0360504192347546,-0.0917434097193931,-0.00800087052063659,-0.0766262751088107,-0.0284029412310142,-0.0307169029245135,-0.0157417830126241,-0.063805203025061,-0.0267521088765897,-0.0366951569878397,-0.100163469204058,-0.0623465157990382,0.0402838166063442,-0.0223037546327879,-0.0358069288407975,-0.0637753324204521,0.00304294737089388,-0.0217478627986374,-0.0302866063729285,-0.0429668432928685,-0.0795203977587723,-0.0259022497016079,-0.0118283401329481,-0.0325158707216352,-0.0332430459932717,-0.0441832581590667,-0.0136919517694245,-0.0385179205222355,-0.040998601374184,-0.0163068547190228,-0.0435858198716474,-0.0479272829553043,-0.0352765423871988,-0.0263400513706755,0.00882062364212789,-0.0305693045798293,-0.0420681590944855,-0.0416884772798122,-0.0382047772366674,-0.0193990658708283,-0.0318250219175109,-0.0111285589618641,-0.0061916781822093,-0.0362036471427274,-0.0521557677683882,0.000127457489679403,-0.0303631185725697,-0.0473543921800382,-0.0201018867329084,-0.0381860841986373,-0.0291288637760109,-0.103213366620499,-0.0255063881162251,-0.0136426889767679,-0.0224029797709123,-0.0472771245959789,0.00416033741626656,-0.0356819615778342,0.00661511742297498,-0.0334592867917307,0.0018206199854906,-0.0118481632578696
"PMS-161",-0.141595378659713,-0.13501671113706,-0.149090842894861,-0.15288447732527,-0.154656702349337,-0.126971675402867,-0.125909547027259,-0.139067617881445,-0.131133023237112,-0.127066022397224,-0.133627183685695,-0.12846705818088,-0.15212811246484,-0.135759525555726,-0.110532309411123,-0.161713027461607,-0.130835381326607,-0.144492904817883,-0.144874799389036,-0.0782082588711923,-0.127120983018326,-0.158687062218748,-0.134484932527893,-0.09543172565521,-0.160847317380697,-0.1432366036371,-0.148765957219014,-0.128116177696809,-0.159560925921176,-0.112228281679585,-0.13592291109051,-0.153556738362267,-0.153842088386781,-0.100395011818068,-0.13351665698265,-0.153665259994983,-0.10012341683842,-0.122532278237264,-0.117226149331738,-0.143203022377834,-0.11620016525163,-0.11394967043132,-0.12354023294439,-0.129741535751103,-0.147846294116578,-0.121835654957688,-0.164275384512899,-0.121403360276559,-0.103361198936014,-0.134115081620174,-0.133371695748864,-0.125292695803035,-0.14284522432773,-0.134937536658384,-0.160540414076787,-0.12974709159101,-0.148792977645164,-0.15064994160598,-0.127371280933078,-0.139721990260797,-0.144916626539737,-0.111590692317788,-0.172824325587706,-0.145931115842096,-0.10907536286713,-0.119886724023279,-0.128124429401532,-0.158584575682242,-0.154193907773777,-0.118304026934005,-0.14304239780238,-0.142855514204925,-0.155924838580291,-0.131914473658692,-0.153371985721511,-0.144734516323173,-0.123654682642071,-0.126582488128368,-0.132216128737128,-0.143330439226793,-0.139154472056657,-0.131545183976298,-0.154060092131657,-0.121146872180959,-0.136921350116932,-0.132283185713192,-0.147270102447657,-0.117505019793904,-0.135566560081847,-0.136887047308053,-0.165339772988332,-0.151092996091991,-0.10152631498037,-0.125300178424099,-0.151289285391115,-0.124242170383596,-0.142958087777291,-0.147174113189279,-0.147627320224993,-0.152564289859504
"PMS-164",-0.0914492860601509,-0.0791113884398535,-0.0666323630483482,-0.0575138468765927,-0.0990651094127497,-0.079665161369251,-0.11172462769422,-0.103114606259397,-0.0733634401355303,-0.0865447632001243,-0.0834276456384603,-0.080586582768068,-0.0747836705552813,-0.0913476765321021,-0.0765153334595152,-0.0601245471959799,-0.0783651297791001,-0.086859179343241,-0.0820242750006892,-0.0859300518383231,-0.0986181670026011,-0.0975674156868767,-0.0566710117625443,-0.061530567385699,-0.0616992600654596,-0.0664771461112926,-0.0592658025857564,-0.0482618682492656,-0.0913674033977929,-0.0535266875052418,-0.0903125872915461,-0.0770536990829103,-0.0802734714727433,-0.0796915965421618,-0.0935223494397706,-0.046340059082611,-0.0709453418607691,-0.0733470229488473,-0.0936815253823689,-0.117145475626224,-0.0850464528456633,-0.0772196831866821,-0.0744607828369486,-0.0835065626096172,-0.0780559098688346,-0.0859208534517829,-0.0619225736393268,-0.086465718866971,-0.0611052512849646,-0.0585051346584696,-0.0737599010100802,-0.0376990151178335,-0.083326129623242,-0.0645903723388366,-0.0517682516344191,-0.0673594974016676,-0.0682436127830357,-0.0562218997005302,-0.0826579313878476,-0.0817078405352323,-0.0484476817117828,-0.0861068152199296,-0.0782524116994118,-0.0831826353573537,-0.0720033007189148,-0.0845342564242076,-0.0386986747289593,-0.0523306017531358,-0.128708200812533,-0.0463225956968921,-0.0294164067999403,-0.0945255777255539,-0.0554002924511313,-0.0776677283940199,-0.0791337271588058,-0.0374008451699953,-0.0903846055480475,-0.0593721749824684,-0.0628989321294351,-0.0745504395469027,-0.0867956194919537,-0.0796258947899831,-0.0430784189046398,-0.0750196393656554,-0.061808937176893,-0.0141116258796193,-0.0971843499190021,-0.0535320132323011,-0.0788912610571941,-0.0995824735290734,-0.0946347240032116,-0.0516020075219705,-0.0868647685129186,-0.0916042422323125,-0.0421244039251029,-0.0644096441621437,-0.0547978727224115,-0.0647465357178658,-0.0735760833120822,-0.110177488576767
"PMS-178",-0.113100359529174,-0.100595139993476,-0.114461822538535,-0.0708155639916227,-0.105649396311637,-0.157203684562926,-0.110431093036073,-0.0992278969772505,-0.0933001572630383,-0.119743535284484,-0.113204891663625,-0.0984128899634513,-0.100978733668418,-0.0780742967274751,-0.103140465785383,-0.0829604936915192,-0.111227771318482,-0.11262901175119,-0.127044183049253,-0.123665904508314,-0.115011718811136,-0.174682365257393,-0.109125911071303,-0.116669677174411,-0.099908919458774,-0.12940148843164,-0.0936221427922441,-0.106875543340705,-0.116607417060853,-0.116361549711483,-0.100908792316208,-0.138297930012713,-0.111961414106988,-0.100158808761137,-0.123204532201052,-0.116136590166146,-0.129671090268625,-0.10795383695777,-0.132561597819801,-0.104845601103988,-0.101683288721172,-0.135316913458851,-0.143109823716689,-0.103012136128957,-0.102552004101499,-0.105899411740689,-0.109415924060913,-0.102468844090937,-0.145005291839019,-0.112631259682098,-0.106997734771283,-0.0963349330586567,-0.148520914585994,-0.0990377560098412,-0.106906454086269,-0.137811076328102,-0.112200986049752,-0.109538837924139,-0.135022220283035,-0.105249084917843,-0.10724726247002,-0.152190016287926,-0.1220304086531,-0.093472929061173,-0.142575331435155,-0.0901893472956531,-0.112450555258815,-0.0889473809408708,-0.188278911309393,-0.09078625733085,-0.0999726732522111,-0.119015397780564,-0.100060209559427,-0.107233689648571,-0.0710726021365472,-0.173737696837091,-0.132168130664827,-0.115566688724243,-0.123534766381554,-0.125139393287302,-0.112817167525277,-0.107241367266458,-0.124349353275315,-0.0805526449647338,-0.118064015931785,-0.127187417162662,-0.105200443739592,-0.127661217810605,-0.083371618521714,-0.110354647110942,-0.0756477976648073,-0.0780017001888649,-0.105691907776413,-0.0976195433296624,-0.131894719568384,-0.10943599032358,-0.101478766311482,-0.107318073902536,-0.106816052831814,-0.0593315868889437
"PMS-183",-0.157299910864066,-0.145357328225333,-0.153939316039014,-0.12004550439682,-0.143685576376659,-0.156864631680661,-0.118861118777695,-0.134074323195718,-0.13387267042844,-0.157627148913848,-0.152565108980927,-0.137864332928322,-0.164190076324582,-0.152652715102195,-0.113534730659496,-0.147063501619866,-0.140509658337885,-0.127479183747628,-0.128915944139911,-0.130940486888205,-0.155759560110612,-0.155854237774623,-0.118064688385896,-0.142865965818785,-0.142124101626151,-0.111340012737115,-0.121055356997291,-0.144098680183641,-0.147202352780815,-0.121368994447084,-0.133301668218302,-0.141193216808603,-0.134958840046081,-0.14910764870257,-0.132548537102333,-0.159635816072468,-0.128930165385483,-0.111210903300093,-0.157331195418148,-0.13662382032517,-0.143972148908315,-0.125455974396545,-0.132088702300284,-0.0837922158770322,-0.138073486419604,-0.143446042086702,-0.171570033620741,-0.102650260604077,-0.161849656027234,-0.140933733606085,-0.127346883917179,-0.118377654178583,-0.0995799482570831,-0.143095666859328,-0.148649761490201,-0.175725542179315,-0.14169337527,-0.145729900821494,-0.0726873252753019,-0.125381865559246,-0.153042699837879,-0.111936070544153,-0.143129154676028,-0.152742828751752,-0.136244157656656,-0.116591419821007,-0.151100193059443,-0.136808291447757,-0.160181672706972,-0.10119990031628,-0.143519864457823,-0.133542873412148,-0.125090167603755,-0.147752658696543,-0.159783474142571,-0.109247250624227,-0.15781730433271,-0.148446944439161,-0.144181755223814,-0.144701718737864,-0.157087464910488,-0.145995013426883,-0.133869834021672,-0.130360259579396,-0.11938605671646,-0.130835415774894,-0.149370361886046,-0.144612400209807,-0.152679608468904,-0.149363066763532,-0.13981804351674,-0.171303705404701,-0.132352342553197,-0.152869925319711,-0.108023615516697,-0.124668024857283,-0.132279123630668,-0.132692317496595,-0.119876778030004,-0.155945900092626
"PMS-204",-0.122566790261533,-0.15238247194391,-0.118356052467333,-0.166604798018433,-0.147872357072968,-0.165553539477501,-0.174069707410628,-0.171734416999658,-0.210573983204553,-0.135846315019453,-0.165177475031254,-0.193828158692,-0.136718174672193,-0.136574627836187,-0.135881111148992,-0.135174511301919,-0.150385844517635,-0.156499166599201,-0.077153142098768,-0.120431774340569,-0.159123306915331,-0.136080829019228,-0.151119433811143,-0.144714332500669,-0.108349026009828,-0.15175556830056,-0.140469035389684,-0.191042099083126,-0.161813509483862,-0.144050820024771,-0.140798700013397,-0.141753376704885,-0.158908189941439,-0.143288074413206,-0.163753614582023,-0.18595331978808,-0.13720496882723,-0.144137612484313,-0.139719357875453,-0.183871385713537,-0.156966423409462,-0.122710142632457,-0.168698906542372,-0.145039267884857,-0.137429045008791,-0.144166817540373,-0.197227255388215,-0.150689221539504,-0.144775462243423,-0.140662494849177,-0.129858379279556,-0.12376858207607,-0.140661953771329,-0.126519102701107,-0.163312596435873,-0.14989622142095,-0.138847375729759,-0.125455657338398,-0.141548022345488,-0.131365565667018,-0.156705993457739,-0.125333054354171,-0.120591912520806,-0.130317562929623,-0.159613744974574,-0.138758518830165,-0.119901166581592,-0.122767205540442,-0.157969821870043,-0.103366412136922,-0.120177874739153,-0.139846779062212,-0.148578747026038,-0.157746588094614,-0.135288161275648,-0.161282437294139,-0.131201175311548,-0.144302902812342,-0.116152670381633,-0.1770811666829,-0.136572295533532,-0.139272717121947,-0.142602677625429,-0.140788337748801,-0.129624400783404,-0.149936100597911,-0.129979549076982,-0.151124618422927,-0.1113862893858,-0.131516535129474,-0.156051498906568,-0.146740616231988,-0.167499921385333,-0.129836721884898,-0.15535692486182,-0.118691865633657,-0.167094899884441,-0.143884512010672,-0.165186802461366,-0.136445562723946
"PMS-272",-0.108597018247311,-0.119545228028299,-0.101376870018046,-0.120765547008469,-0.10921731747827,-0.13840163515219,-0.125708657848071,-0.111222113940504,-0.135876941166341,-0.110284185873642,-0.120051247985362,-0.111873589175646,-0.11176714996722,-0.0974512595213361,-0.11824714150561,-0.109382888783199,-0.105452457822466,-0.151272576260286,-0.127269488638153,-0.129139494114302,-0.100382021060571,-0.137038752488377,-0.112536710297358,-0.110227083185161,-0.133553418485646,-0.119440194162862,-0.100329236286347,-0.12063740357927,-0.12014781089633,-0.1311429642073,-0.119420936791517,-0.130883761446479,-0.144577532620955,-0.102474963937782,-0.118812439167634,-0.12419085914635,-0.0903742759618934,-0.131357498704454,-0.107061400607472,-0.105536696798711,-0.110565533626182,-0.167945807998754,-0.155383909313551,-0.0764866655178605,-0.155026520391215,-0.0881249563493735,-0.132412416787089,-0.0780941689507779,-0.112235788842164,-0.106306866518494,-0.119533718138689,-0.100963072540601,-0.121777463148817,-0.0871807917428386,-0.124779170798161,-0.118511023139166,-0.0853901107036291,-0.0799983627281483,-0.144397033022728,-0.090213664068758,-0.102878723184992,-0.103897852917327,-0.106013106036567,-0.142555396735187,-0.0770184489900348,-0.0988081020807282,-0.0905926972456854,-0.0981889366262406,-0.114502655930773,-0.112489458367747,-0.150549864803205,-0.115561553207411,-0.121869079861331,-0.11062244793931,-0.110626799448865,-0.145077737681565,-0.137939730482032,-0.121362708950163,-0.096830015917958,-0.129361946703369,-0.0871712921917289,-0.141976690458429,-0.134299719352888,-0.128321397534472,-0.0837233900889411,-0.11707309018718,-0.129057375062906,-0.131614585577961,-0.125422881673293,-0.101760972434063,-0.149275955752181,-0.107142076089173,-0.12066528895458,-0.115994248503115,-0.115958047391468,-0.0861276981056009,-0.152321224874722,-0.10729074972274,-0.0953389886091782,-0.132535144188249
"PMS-285",0.0509977436741344,0.0715944245662131,0.00881712750664585,0.0269882293732728,0.069290683806214,0.0395423367367893,0.0667925599777487,0.0233769969442611,0.0236989025533044,0.0283841960446803,0.0106516036336005,0.0456454453027449,0.0670212923782334,0.0669853651065002,0.0655225212091874,0.0659932630582321,0.0407496136449641,0.0307835952894866,0.0431029581487984,0.0534260149468913,0.0789103206498397,0.0630588058475413,0.0676230738693312,0.030352831003315,0.0861204071078259,0.0767024712877159,0.0568911066450016,0.0665132975039234,0.0286218716589596,0.0393578204349034,0.0314153200299483,0.0168747644819909,0.0249769426335406,0.0411914599450901,0.0349676901885881,0.0820570791508906,0.0467652335536511,0.0505989004898907,0.0299482824692319,0.0501928106685915,0.0520872336083964,0.0187009625748119,0.062693023505414,0.0548225145047639,0.047822841759878,0.0637217917988134,0.0182503457150953,0.00423741989907143,0.0654073783064137,0.0412447751869098,0.049331630475084,0.057258780556102,0.060036087901503,0.0538123846440711,0.0965446853563268,0.0491778199448125,0.0781400480418104,0.0382887612997077,0.0148527024813851,0.0347765099070073,0.0271398376617621,0.0597291977941479,0.0716896988109717,0.10122089268526,0.0229226333030115,0.0614103794906546,0.0540227926150913,0.0474904652058798,0.0460839277510683,0.030588848018759,0.0715552802631575,0.0468745784262356,0.037361802999257,0.0424890448341163,0.0580616065000994,0.0475345175512002,0.0583413444254723,0.0395208246588399,0.044352462984454,0.0549684289366083,0.0684387968725928,0.0566183756957938,0.0519220544072835,0.0215049599246993,0.0823520416636861,0.0514344844051865,0.0789470257889335,0.0596702306527387,0.0402735948139168,0.0480824688877019,0.0619989032658208,0.0519981908561987,0.0214104541597185,0.0473918226278852,0.0460411494210778,0.0400098120064534,0.0516282108419726,0.0434172152316794,0.0393745249072636,0.0551898239788668
"PMS-293",-0.0151121509818687,0.0186391544317449,0.0230364801322769,0.00594705090776382,-0.00234794879966413,0.0027919830802807,0.0213791945628578,0.0201684112084572,-0.0157578205475641,0.0467261298867236,0.0148300301662896,0.0414473825276009,0.00174295559050294,0.0109806201135127,0.00209175541658382,0.0225237102027367,-0.00790709973880223,0.00173947706518991,0.0121765554944442,0.0106947038656963,0.045893765737997,0.0351714193457882,0.0592617357920427,0.0103433561699894,0.019017839822323,0.0433671088817024,-0.00581248059156845,0.0269456228434173,0.00740051434640465,0.0432704058518711,0.052782629692957,0.0154451731832105,0.0545469600107557,0.0288002136149093,0.00697304928936127,0.0148909929307452,0.00904446600840722,0.0137221896502012,0.0482578121924564,0.00256908249922017,0.0182582352381852,0.00452742302437986,-0.00165130389128785,0.00578489007323691,-0.00555885036949888,0.0399471217525429,-0.00294656249024301,-0.00451150396045287,0.0550937664768815,0.0281385966124267,0.0198761052392783,0.00700476153314839,0.0107147265216544,0.0161508693758565,0.0251053228689485,0.0373174579970709,0.017126125130825,0.0504532014271932,0.00376738486797462,0.060073017942767,0.00933345067618851,0.00407572882974609,0.0191790213813452,0.00473237211049146,-0.028681009188009,0.0092583341192977,0.0401149716968852,0.0251352313048306,0.0252383891067136,0.0119633683032743,0.0220338343984694,0.0147699967102248,0.0119677624931849,-0.0109902995510335,0.019621564105409,0.015282532115513,0.0063179223603197,-0.00328197689919763,0.0213957772864003,0.00358266710649577,-0.0162610526544388,-0.00760279597442802,0.0161451609898792,-0.00942975830108203,0.0238442699486762,0.0161211035797167,-0.046268377665695,-0.0112737515427703,-0.0042228833053757,0.0311939741281879,0.0537152640625409,0.0241818430575944,0.00320583961453113,0.00215591272964747,0.013713347709375,0.0258580935362715,0.0127276140212453,-0.0114809265167542,0.0481199545229843,0.0150875332575487
"PMS-300",0.0139132561877911,0.0877647056796921,0.0311039472814361,0.00892891637849521,0.0433112750754003,0.0353662808553351,0.0418491539178895,0.0199731390795735,0.0262747733436162,0.0275290540830439,0.0170765440615609,0.0273746926045005,0.0207060978430866,0.0232675399829048,0.012588845912127,-0.00264214471387975,0.0195092063500655,0.0306160399005272,0.0433409717777835,0.0131129697020302,0.0262633540121406,0.00333832628835047,0.0124921290177908,-0.00345237544369373,0.017548348620804,0.0532730464438933,0.0194336753906652,0.0396768871588024,0.0224014752876196,0.0200861540359921,0.0139030973998463,0.0139464449657,0.02311108289588,0.0293546064159697,0.00185789147608139,0.0644325576741999,0.0573468090212843,0.0137438644225933,0.0127304706403718,0.0211180106917323,0.0192900661980597,0.0209435367059592,0.0106623151865329,0.0413541116118356,-0.0101233240472688,0.0244432079878923,0.039681401620955,0.0779817840863246,0.00833974346774146,0.0293179024461002,0.00277914539358788,0.0025801408821811,0.0117922808434864,0.0370755331708832,0.0885102247939923,0.0318519340014483,0.0671030626120831,0.0291188049953393,0.0176925677246481,0.00565125051310518,0.0808825139731439,0.00107215770497739,0.0298312368398504,0.0119713434570847,0.0418662666862132,-0.0206555101158304,0.0443910404848967,0.0707314101130639,0.0270574143404626,0.060476336383874,0.0361001356953156,0.0335307253005901,0.0250960777764222,0.0174876826969073,-0.0243492819910987,0.00879000013964693,0.0280160801191886,0.0356614427954293,0.00200222815921032,0.016007113665675,0.0138456015286127,0.0247107705312503,0.00363771447050079,0.023627788478028,0.0151484124939638,0.0624623294370842,0.00539583155708669,0.007644013012287,0.0294123098974275,0.00989678993553028,0.0255687087563752,0.0486710893624825,0.0175729116916109,0.0221595611138654,0.0254677094118117,0.0475133928756906,-0.00824419956617773,0.0221126607598177,0.00562450206305917,0.00306179749453397
"PMS-303",0.0371954741122437,0.0263026192158641,0.0334189038568582,0.0385590348963004,0.0433615725011349,0.0177002015999487,0.00965764201475853,0.0113369376991796,0.00623847770594248,0.00852319911118046,0.044041872988558,0.0283092200115853,0.019227295128312,0.0133425123113755,0.0292101777355371,0.0416401842820807,0.0438719189216592,0.0406436151576546,0.0643938950606949,0.0133300082014987,0.0205341105509302,0.0357810107959203,0.0409006263766054,0.042374934097141,0.00288664931501753,0.0180156108986268,0.005301278104005,0.0391455874947114,0.00183018201284707,0.0276512863959945,0.0041289110867983,0.0472381336148264,0.0286989610837768,0.0634428764650138,0.00220944180387385,0.0893468473044062,0.0320004052867457,0.011177081827709,0.0778315325313792,0.0300155932680715,0.0646829298232122,0.0612790468112153,0.0444144345750428,0.0195693336205062,0.0221860822959352,0.0212462555489137,0.0241362767042855,0.0411623503402628,0.0334711716946825,0.0283760567474431,0.0646951981496845,0.0262806808821284,0.0316229086695655,0.0461471630520836,0.0277240653073351,0.0157295808325592,0.0201276895462199,0.0422711583751255,0.0473292191524456,0.0444507805015188,0.0360031458221842,0.0219303461695686,0.0368292345843559,0.0216499453205645,0.0380117546209885,0.0359293059957638,0.0274639428944733,0.047602348897615,0.0335490980287627,0.0463514185731285,0.0356447961727995,0.0102435771380416,0.0397658288123341,0.0424495230896088,0.0273949117151677,0.0491274561501032,-0.00597858566097943,0.0167051863997586,0.0105597371487082,0.0205252340275994,0.0315150603729877,0.030877740530719,0.0123600846292684,0.0362310863465276,0.0293394207842053,0.000531503941276374,0.0331322513115337,0.0632175546612517,0.0329717091846913,0.0303689198494116,0.0197644898673635,0.0355920868078669,0.0351049115522607,0.0142221288878439,0.0494145265502184,0.0274844422424599,0.0112755041604049,0.0505692544178826,0.016538061573146,0.0189744483261775
"PMS-306",-0.0456547380269843,-0.109969669828056,-0.0738707641596265,-0.0844427686154846,-0.061478925338645,-0.0790179070438516,-0.095750291248443,-0.107643709884969,-0.0837469858889638,-0.0657367050444848,-0.075026430736928,-0.0762029300543663,-0.0879122106143965,-0.109146362499341,-0.104950138140801,-0.0918476175897351,-0.106064830833856,-0.0419534510992997,-0.112084233893477,-0.100681665228587,-0.073525699206747,-0.00750350195213424,-0.0670493458690094,-0.115716900938937,-0.0507035715337003,-0.120250156694122,-0.119167418460327,-0.107723160297575,-0.0840793705938873,-0.0864842858533599,-0.0989966489384814,-0.0893831988416836,-0.0867466164688547,-0.105655635796403,-0.0393101806103153,-0.0872136654663833,-0.110919055637783,-0.0885429881888258,-0.0846004679343568,-0.0771885306443653,-0.0832744187664578,-0.0947375889790057,-0.08095021462079,-0.0819932266488582,-0.104902741478393,-0.0646709311259719,-0.0888758015190593,-0.0815749287668083,-0.102265976113168,-0.0926625578380067,-0.0899356621458583,-0.0971965432460447,-0.0812007411219638,-0.0870151145014943,-0.124610945884598,-0.0764789680926884,-0.106433754079749,-0.0980240756344628,-0.103544283328988,-0.0939012932295801,-0.122459725625747,-0.0862614252340123,-0.112420246963723,-0.0591497921208077,-0.140438082223747,-0.062100106813466,-0.0819291286261362,-0.0711954405012945,-0.100624396975311,-0.0889205200479338,-0.0708664502951205,-0.0720894607705147,-0.111210768302654,-0.121121625980728,-0.0971417581347133,-0.0761776388208535,-0.0755616546079758,-0.112344368824165,-0.0883529304712901,-0.118174569524812,-0.103532974962723,-0.0978252637653937,-0.0640292387965172,-0.105905446513835,-0.0807218931727229,-0.104969140945542,-0.0825140724195059,-0.087300914444789,-0.0871125708239713,-0.0986881270779078,-0.0845791653843218,-0.112419649628001,-0.0569339703569297,-0.106407332902172,-0.0745371317442208,-0.118400557469671,-0.140001203402208,-0.0842739452496533,-0.0955901600813895,-0.114948900430871
"PMS-314",-0.0810169779295881,-0.036687002037414,-0.0532483910926809,-0.0402675554096026,-0.0236680628758181,-0.0324937712667551,-0.0560245214536495,-0.0429976030701218,-0.0443728196311817,-0.0453965540909035,-0.0525983345614673,-0.0692970855753698,-0.0431514862058605,-0.0647116644256365,-0.00603670206586821,-0.0317550517840594,-0.0847980083381756,-0.0515484621009997,-0.0640723672875174,-0.0544636004704206,-0.0536556137470919,-0.0476906148682544,-0.0428016189316327,-0.0410370390829903,-0.0644758972652308,-0.0448783533100032,-0.0272334306001008,-0.0448760822988744,-0.0364991434676755,-0.0554470783374162,-0.05386140651736,-0.0499162640579125,-0.0403086392020768,-0.0445566638180934,-0.0536716054524758,-0.0429238223230218,-0.0650754090477064,-0.0639175972843308,-0.0561794893852977,-0.103600986268761,-0.079004058428822,-0.051569096647855,-0.0125892205496581,-0.0338351819080765,-0.0707306265979118,-0.0641475517765202,-0.0658320232737302,-0.0511506891463225,-0.0286213685843563,-0.0490870446160571,-0.0536215267352163,-0.0455691466985537,-0.0441667246099458,-0.0469518841306688,-0.0866278643460177,-0.044773777099624,-0.070250317332984,-0.0656391270000352,-0.0753033835150473,-0.0602711966537729,-0.0255337092943555,-0.0500753437718704,-0.0653620827494182,-0.0528913640622153,-0.0873738085953663,-0.0569612283114101,-0.0460530879780867,-0.0482138587105089,-0.067308684799137,-0.0285330119954631,-0.0548156702273183,-0.0472139309278929,-0.0465774848138711,-0.0233820747041035,-0.04177551561512,-0.0603865409930422,-0.0495505381665038,-0.0335193554046995,-0.0577604812459273,-0.0428405819276533,-0.0824291932426614,-0.0590877426595011,-0.0614670391281514,-0.0349317486442808,-0.0653098936794334,-0.070124264027092,-0.0646462503660294,-0.0508870919715253,-0.0578803247929821,-0.0741482265728895,-0.0517114835712343,-0.0209423192690484,-0.0495242772573009,-0.0530317682855497,-0.0641721932213498,-0.0510665667292443,-0.103455630163506,-0.0679582403472171,-0.0414925819970958,-0.0436081310900087
"PMS-347",0.0268611417521294,0.111283187286076,0.101529749744087,0.0838745949587575,0.108137359873266,0.103941440105941,0.104185322698969,0.107381868051411,0.129736760287034,0.0949470285528622,0.105210029137984,0.0501537164940415,0.0984721908712057,0.0855044477869761,0.0929884376865538,0.091254990997441,0.082456539740427,0.139022466588075,0.0886352193307794,0.0771099892379896,0.0721617603225401,0.102647154608193,0.0792145209987084,0.118693633742629,0.0941958910055094,0.104792808451284,0.0697296772721983,0.103489944122495,0.0848092663766844,0.0697409486515425,0.0787671816413671,0.150178142684504,0.123640562679568,0.0853858620299233,0.0793738929564097,0.112585364310411,0.130707058817882,0.0771382087035827,0.0485770875189152,0.103516759651667,0.0915433173730223,0.122698675350714,0.0852285234226592,0.0970537582258251,0.122746529461207,0.104766035906415,0.0963173569668987,0.0926926771249347,0.0800875323158667,0.0983174343329449,0.131820862483245,0.111270738597456,0.105516959289632,0.113665637743638,0.100382791676153,0.0581477902604276,0.143560427554158,0.110334729904857,0.0854856962095422,0.0461777111446885,0.0912921230054517,0.104815174348702,0.097231465338366,0.143476230038362,0.0974718090963248,0.13090576706361,0.0924383648382227,0.120402928470986,0.108962788179289,0.101769277191922,0.128538222034534,0.109888359262804,0.127693176993024,0.0970840520027687,0.0811349377874761,0.105742606838698,0.098794339774808,0.102912369381209,0.0670025435319164,0.0880057568944345,0.0802405471323485,0.132180416301673,0.0674627524670048,0.0899241580179348,0.0754246833732623,0.081931923939194,0.113387640212023,0.0893212404829246,0.122212668834049,0.0961415959311698,0.100424852017822,0.0816766941731547,0.125838416516716,0.0846503757241218,0.112156826027663,0.128764284309455,0.115821997476219,0.103194423083506,0.123116421004094,0.0663088932989905
"PMS-359",0.107643498320616,0.109727467484282,0.105135903799344,0.128211659243356,0.125605371443109,0.150902024926723,0.106867609336417,0.104653818071908,0.15154788620748,0.086325652290547,0.148819480851494,0.11763625601569,0.111757866094021,0.125198607236952,0.112993941699403,0.140097159484828,0.112861875309516,0.154040259876742,0.116669401499296,0.116040235058369,0.0987749092558285,0.10447054722466,0.08278780640402,0.117171186422902,0.134688558618,0.135551589681976,0.107054009546173,0.155025208523876,0.111522086050906,0.0996842427943379,0.124969997596517,0.110648928582213,0.0995182770058947,0.121079460512142,0.138427380411246,0.117128373492677,0.128878988429162,0.120767926338159,0.117545851529882,0.122419288913081,0.0851356317591258,0.138617875791669,0.128907541881337,0.159528229622812,0.122677146823881,0.0851475102081149,0.121250305506372,0.151953062362048,0.102457774707063,0.124597263444949,0.154911663416999,0.128148050054039,0.107582175038918,0.121667918956777,0.129672507279977,0.105075130600866,0.151857010842341,0.105230093023406,0.132005613518485,0.132635938848836,0.146678887636612,0.105856199115337,0.091690696652869,0.0925802735788956,0.12527811651501,0.146372295672182,0.123974271785615,0.15505441738239,0.0957668632916038,0.0636491402422232,0.136270753105514,0.130773915214304,0.133398437751267,0.129610740497891,0.108161309543353,0.130680046661956,0.0877157309603331,0.105999866492393,0.139221688036693,0.101930744244877,0.137067800785666,0.141703015411529,0.11112416171413,0.103811574031405,0.143527040359296,0.108485366836261,0.0990083569320371,0.117973295238535,0.151990609345618,0.138809047623602,0.0841076954473652,0.108215748051522,0.167982575468307,0.122352115936998,0.116460564291706,0.120124545826646,0.114585958297083,0.119353104599478,0.0811721694129945,0.119706561132415
"PMS-375",0.175529255090376,0.147397181241017,0.138763821183395,0.117641891021721,0.136774581128537,0.166437367840087,0.165384516789009,0.138515602091297,0.173550041508319,0.150806798259781,0.118037266022526,0.168116864555252,0.101807442405287,0.140745032469375,0.119096765426008,0.133283429010854,0.138383470668586,0.144109763122913,0.164842167362698,0.163800420294459,0.157925825478363,0.108322479341276,0.133936751683453,0.158197782777892,0.146312377960431,0.1151305167775,0.174810617645403,0.164412075113528,0.175510870825745,0.112786955982246,0.150213937273703,0.186189076440663,0.145239319257055,0.149665519358629,0.159154869143503,0.166759814767422,0.150220831945068,0.149970201742196,0.123856535773374,0.151605520999904,0.138585005740656,0.153306431369528,0.132907450930496,0.149444300703595,0.17191523956214,0.153726735835585,0.148271093857423,0.169974807343776,0.139985266816263,0.162912817908981,0.107435457725839,0.148953147346768,0.159659432017723,0.140311471382951,0.113341502258406,0.108625312680236,0.172964879630025,0.155136893560435,0.137786003123041,0.17757762612461,0.111855474972032,0.141084512688503,0.15362651369978,0.153027357481137,0.108030085019317,0.0946235223553036,0.141592380809639,0.140523907646043,0.143840699174564,0.15663308682785,0.159390973791719,0.149257284229091,0.156816671010075,0.153865768238933,0.119933329640482,0.120719026283302,0.109118107791693,0.131019073603549,0.158072436711637,0.129014193069168,0.147532286551886,0.147735353330013,0.154020428116791,0.130759408160279,0.120738475499145,0.112159793939386,0.144280602094034,0.151731514402543,0.102739059908119,0.171137355858208,0.127197698724795,0.151941028744577,0.144685331054722,0.145034726106126,0.156898458821625,0.188612026101891,0.152603486022889,0.141661386150293,0.124765215001524,0.176050324778488
"PMS-381",0.0386381250198763,0.107792041596423,0.131162512703639,0.0984277377121112,0.0751892049609905,0.0709022074977101,0.0702432558968864,0.11802023981333,0.0605018140975825,0.0710562893379931,0.117657025443819,0.0683960245816101,0.0702259536571268,0.0684160803590832,0.0735752017171719,0.0213121255195862,0.0824569267986043,0.0756375831741787,0.044643812207964,0.0563377448962718,0.0684187734859791,0.0915527952815661,0.0539403370017255,0.00461444078780269,0.0780969638251462,0.0536934401004525,0.0469295386413912,0.0358306606129724,0.0641395280534475,0.119628478554961,0.0793596225478326,0.0498804722471079,0.031246870571703,0.0801635558023359,0.0432103650692991,0.0645842795458355,0.0441197763564142,0.0557092101715387,0.0878914572892049,0.0982432998000263,0.0639542344226309,0.061185582569593,0.0310167570054985,0.0601300050440327,0.0482143266743218,0.0600330172800346,0.072085629720375,0.0362252118891701,0.0669495585774364,0.0397390951571981,0.0764388533550548,0.0346731207054994,0.0808111018662851,0.0518539536988187,0.11036372949465,0.0869213234471789,0.078962748170821,0.043001008420591,0.0605662652549037,0.074079600690203,0.0752487872383958,0.0433413570596648,0.0558457981744583,0.0987577758697487,0.101714462801478,0.0838720437688628,0.118625023483884,0.0469784367511087,0.0872666002631703,0.062348958765384,0.0258380959851928,0.0694239783738136,0.0560750421450047,0.0585777355517256,0.0647771868149656,0.0516927292276426,0.0909921546700011,0.113261758715539,0.0399830874042826,0.0712236885677131,0.0648930690387835,0.081410961614506,0.0670892968224536,0.0293340310870731,0.0728781756024596,0.0907705378612296,0.0273270855585943,0.0719330540441206,0.0693458689290169,0.0337554117944549,0.0670248454267363,0.0616126874563191,0.0545822341416834,0.0932151783742532,0.0399815633017827,0.0621342194846731,0.0836633877203767,0.0767417506070873,0.0816831492080435,0.0983378442008663
"PMS-397",0.190194743258545,0.208383033955096,0.176873500491489,0.200693150153294,0.204232083317301,0.237444038945276,0.184912164649553,0.164245642823558,0.140621084227955,0.209855554500133,0.156793668923507,0.160230977337608,0.184509079356384,0.170274689068315,0.206260286860677,0.165034763345949,0.138312060819606,0.19673903440952,0.124957348696637,0.176851733294693,0.224552386376554,0.187461092766771,0.123416461892962,0.12679877806113,0.165624777946621,0.196562202690356,0.181646311026963,0.132904490727254,0.132400013628981,0.168941385523078,0.173485422164389,0.156301149692986,0.160868567296904,0.173956574981728,0.233806612443411,0.225027459135631,0.102852770592991,0.220450204956662,0.196800989189691,0.145667118663812,0.166065439352435,0.135253387722264,0.207230925932325,0.189331820045243,0.204097651972354,0.17511748813851,0.235157778129256,0.147051737040222,0.221496927078751,0.163533472532639,0.128283990403561,0.167855902986304,0.175802652715636,0.234715812457629,0.154389378405268,0.1914126134247,0.151812223564923,0.185974555405325,0.18730662295931,0.1743066800729,0.177711565089307,0.232953735475438,0.168344322379524,0.162096786970766,0.170277548950408,0.194723330798457,0.172883819542028,0.173621342660804,0.101744009827474,0.178050347494274,0.137943444574598,0.182598284651017,0.171729711004287,0.179774727349335,0.208233970233374,0.169390342071641,0.190164319917855,0.15734665786129,0.183078965712658,0.193766031998936,0.174454429715114,0.0913662678551094,0.197760519875665,0.20982820426443,0.201774265166379,0.1744566009255,0.141012378861096,0.194895024977143,0.136007621819506,0.176145099745433,0.176263526070122,0.187657129089262,0.173230474234445,0.142483307206764,0.13693417274236,0.147484012328074,0.233023593049684,0.190381406087681,0.161843944297203,0.157274101594247
"PMS-425",0.00128945002612649,-0.0236551184617935,0.0337011406700398,-0.0210284185813979,0.0134957190655517,0.0149791379058627,0.0000564733293959036,0.0282769866738453,0.0165532774921831,0.0168241526438794,-0.0226583818051933,0.0341288442752028,0.023877247243365,0.0469202447401981,-0.00801353899918097,0.00881618693113355,0.00205810338834147,-0.0106614746278893,0.0251951352584946,-0.00744098770449164,0.0385753547605039,-0.024234489785852,0.00995844185030039,0.00669118153403101,0.0154620410418614,0.00564803487529318,-0.010424426037324,0.022952559777477,0.0105827541378796,-0.00408039074557246,0.00885371617961176,0.0215507568532346,-0.0143089037269239,0.00611500854160815,0.0239365300567038,-0.0279166366802773,-0.0119865653958408,0.0084429900376507,0.00980461089742861,0.043512070469226,0.0178966699923951,0.000313330261374351,0.0395820492701028,0.0160920343136959,0.0476676229759942,0.00678434283913705,0.0227547335347011,0.010899647640743,-0.00106661901390811,0.0026855183749401,0.0218227008766554,0.0315388049644559,-0.022085412141415,0.0118486304795662,0.0311132295950315,0.00797837551403974,0.0318944943940306,0.0144471099574384,0.0264422541242798,-0.00189842695573051,0.0191188072572413,-0.00318944973713288,-0.0120543162032392,0.0192774793482826,0.0246767613670434,0.027515112603506,-0.0282148513874901,0.0281620637003795,0.00379018377554977,0.015139340996437,0.0152473654178433,0.0260474453242633,0.0284762149721121,-0.00624821161238719,0.00607493044218075,0.00708191973397614,0.0325424080522932,-0.0138172724546025,0.0228314387883454,0.0253414721721514,0.00680254867616369,-0.0122422966091367,-0.0148916683615029,0.0140179991404569,-0.0069525140814701,0.0259638231429997,0.0278321567184099,0.0196129094626747,-0.00593599219663402,0.00838754150422209,-0.0122851521638287,0.0251610469531918,0.000593183994986654,0.00644898859548873,0.0045914607916137,0.0403653684890485,0.0535724791898771,0.0292535488975553,0.00414637714016996,-0.00789619093948708
"PMS-436",-0.370395571037733,-0.367963020754606,-0.385805578291644,-0.373185384086187,-0.419654084124772,-0.341947195268038,-0.359311006762296,-0.355186812825543,-0.355102335537684,-0.340771984961276,-0.0728125944424232,-0.461887899567888,-0.350602773525912,-0.430477101898646,-0.339311762099649,-0.360324826031472,-0.387460910334875,-0.304638780927835,-0.0826781094449382,-0.399394327274543,-0.402453878648501,-0.0682257458105369,-0.289987960382866,-0.348058226675676,-0.257893335220019,-0.379713756725205,-0.407770113415671,-0.403033450577617,-0.31895502730754,-0.384822081567908,-0.450419757212058,-0.364811589752683,-0.448590044287822,-0.42533690066189,-0.315249114285171,-0.439058682028992,-0.394955467289385,-0.389292698206772,-0.365669694380322,-0.342731183420993,-0.362101668937582,-0.319449957057327,-0.401589879931647,-0.375161032586603,-0.389154995502596,-0.0471799583585822,-0.345298221420078,-0.392437591321814,-0.378502792579426,-0.340390033880787,-0.443874717844738,-0.376152258451097,-0.375558058041263,-0.368108835093921,-0.293207060724831,-0.34246908152356,-0.367344506116136,-0.399264771807836,-0.0700090426000438,-0.357275077438206,-0.300456007900958,-0.375126276871374,-0.384117038709235,-0.368262762121677,-0.385977162513425,-0.390316823153051,-0.433485603053649,-0.383559199158068,-0.0453540006747917,-0.357800641407613,-0.392195899001356,-0.411300236640817,-0.36996139393844,-0.417809728449108,-0.404893744831324,-0.356838761699076,-0.407877935740347,-0.371163259350279,-0.46458268120248,-0.324468295018618,-0.353730780448882,-0.43644446937935,-0.0657519776718241,-0.418458196138179,-0.426466645176069,-0.503737990515824,-0.389429096216114,-0.392815683186653,-0.311511624714025,-0.27915920722406,-0.0453630478833228,-0.407435086489312,-0.31215090505544,-0.389772684608104,-0.379106516798898,-0.38029513166272,-0.349382185885092,-0.378065327487783,-0.390897217803913,-0.376461196715107
"PMS-438",-0.263017319171953,-0.293029018885565,-0.28677343127973,-0.312069026398098,-0.337345441439637,-0.265401780535604,-0.415825864527722,-0.34040117965291,-0.291650277991711,-0.301263183849527,-0.0468412877207652,-0.365026060748127,-0.329059000372292,-0.324536833279359,-0.324318721548616,-0.317863648521162,-0.285360698648522,-0.345757657947297,-0.0493811716516026,-0.364135647522293,-0.278067804660943,-0.0355446994010822,-0.43323962186305,-0.32591921460101,-0.333224456048124,-0.272285294694114,-0.270216346945125,-0.342168120604807,-0.369734653595491,-0.304580035111307,-0.307698142376416,-0.33477199092033,-0.313448215208682,-0.298547098658065,-0.346023960951897,-0.321117631391583,-0.261636097379996,-0.281669746013976,-0.350890576904589,-0.334379190357188,-0.3767016703686,-0.302828907357732,-0.318691623122464,-0.249422586068273,-0.361399988298044,-0.0166143879339802,-0.277391468463595,-0.304460441591561,-0.353934196611818,-0.325660209825054,-0.35822263844116,-0.355751533230548,-0.307388007204489,-0.321756033313415,-0.377112362749286,-0.280095965694921,-0.299824881842374,-0.303177424926454,-0.046509299425247,-0.328981594217379,-0.330276257009267,-0.292095550189571,-0.330645851386705,-0.330576245833485,-0.300165767838142,-0.330781575984662,-0.307049613367396,-0.363755446451587,-0.0116812496191923,-0.318668792832855,-0.322355154345866,-0.373513035599662,-0.359685695016051,-0.350392368430381,-0.334684767844748,-0.310001552542294,-0.337317042449069,-0.315209784282638,-0.292817053908485,-0.346074754807886,-0.290497819854094,-0.245494392146985,-0.031561065266961,-0.263831708450288,-0.331923992292284,-0.323058718203038,-0.315416969200845,-0.373462737380864,-0.289459160764798,-0.345343359142814,-0.0222150262849938,-0.317807989000333,-0.283761266308142,-0.345191959504354,-0.365379150426373,-0.301432223055698,-0.288692563233175,-0.309465862942114,-0.327099100846032,-0.28846918358789
"UI10-00012-Cabaret",0.197881363864157,0.152426012228738,0.155021374191378,0.181632037446207,-0.0581592145977333,0.180080278816431,0.124522071409897,0.16774732677294,0.176104901693399,0.124377091613929,0.109843849829688,0.133242993221368,0.150263980715276,0.139882077546227,0.204163824037454,0.1164534832804,-0.0495146757525186,0.13605540040929,0.167418507262479,0.132900038375315,0.13651794994653,0.112109516220554,0.185240854625155,0.146674932693794,0.140785660324881,0.155040883550604,-0.0452292984513843,0.154570744962717,0.152213880782502,0.133106507893626,0.180095080824943,0.130847344753434,0.134097692306569,0.1417358279433,0.114107976140695,0.169948920589009,0.110403699664446,0.129190155990183,0.183392384544864,0.0922401883326171,0.13654501624527,0.191630793998383,0.100508548748657,0.149521310763432,0.172780369160502,0.154872146636169,0.0992084334017121,0.128558079146538,0.13512529068631,0.148699589229665,-0.0378087300802624,0.126826087794895,0.140267543321715,0.11730182403037,-0.050775924967075,0.187743147542351,0.106176787305341,0.183400581828444,0.186523873745898,0.148020040613193,0.131203146982457,0.107494715938079,0.134711893845979,0.118110340873181,0.138322492456151,0.273990116843048,0.10787017676025,0.127052284011139,0.155914571913154,0.115977313287099,0.176381096634345,0.112501397278498,0.105101794063359,0.149450585391102,0.120163517720549,0.142668882203999,0.115301421831049,0.123920136177772,0.100327322366981,0.0996763374562384,0.141270287366712,0.18375045312478,-0.0340937073768195,0.099266196084453,0.188306249313753,0.145700658698015,0.123093444853141,0.132723879234384,0.194584504770499,0.154278786080615,0.139736924298679,0.130192520719302,0.131141651511426,0.105519417693013,0.20167290473959,0.119233546091313,-0.0390094999577504,0.157927250588598,0.139018489520693,0.147077346155336
"UI10-00015-Cosmopolitan",-0.209536098186624,-0.12007628295233,-0.130700304927689,-0.129112258394512,-0.109063550655203,-0.167159007751446,-0.105816408481809,-0.126698447789087,-0.12327063772676,-0.134880179232301,-0.13464360733236,-0.117847723091107,-0.114911328895661,-0.0237917001198322,-0.16641257979998,-0.140991484068486,-0.140017743000135,-0.153522455735337,-0.143163398952561,-0.141247549683473,-0.156040144293886,-0.140005172949774,-0.183734246076791,-0.130766073344403,-0.0169931373942814,-0.041675559777462,-0.120685295014157,-0.160377634907436,-0.127717718612778,-0.126016815900538,-0.165563079237907,-0.120825407320681,-0.126736861359144,-0.105816483413058,-0.118215483996696,-0.104813997464808,-0.044165083357038,-0.128420173672017,-0.158353953869991,-0.121952897566518,-0.125168390222946,-0.128971815395465,-0.118751672575058,-0.211159062941316,-0.121292147823981,-0.196393056823236,-0.116079030463353,-0.198308279304147,-0.0588750915465859,-0.135946167879259,-0.1249836352101,-0.128414531382887,-0.114786690830342,-0.129724376599141,-0.123399991543756,-0.147044547207997,-0.126961381729342,-0.162293617873579,-0.173208300511854,-0.115689633511613,-0.150853429659765,-0.123950200123259,-0.112715011713784,-0.147533823318586,-0.123561497586047,-0.116627949889377,-0.130031566501033,-0.0868803161111284,-0.130868746433561,-0.117654020888075,-0.180831886374472,-0.114252251940609,-0.113636365379897,-0.156075650882283,-0.122103960815205,-0.140487538144365,-0.180488837816799,-0.142371285921681,-0.0300260614050912,-0.0327064131383893,-0.117696000158135,-0.153603228634379,-0.121016176883608,-0.150916059619114,-0.148524158277263,-0.0176037777208358,-0.132000462429419,-0.136192697552388,-0.159617417834895,-0.127447043695063,-0.0280436342520788,-0.199013230496949,-0.141551215215393,-0.130099804141115,-0.128122823198657,-0.127780779759494,-0.136449283398946,-0.190599987547421,-0.164118490739479,-0.125021643526291
"UI10-00017-condensatus",-0.114367022085035,-0.0768957024943962,-0.136640966579236,-0.133179061687965,-0.133785936483897,-0.139633163345672,-0.156191349298875,-0.128885817666155,-0.0946547848638701,-0.144967137653539,-0.149770331684191,-0.159229341724206,-0.130385417702679,-0.109131362433654,-0.11862393829717,-0.0941744001925742,-0.125287946255484,-0.109738570112116,-0.0816886433621087,-0.100072117450675,-0.114331749847754,-0.0833381465024268,-0.122210773068158,-0.130394834875392,-0.122371466228054,-0.130412884371058,-0.115634786637744,-0.15658396762737,-0.140896076005551,-0.14090839950501,-0.162643334316982,-0.14129880913287,-0.0998830426626423,-0.139399446643521,-0.117120156369105,-0.11199186425894,-0.159143253453183,-0.17269533871571,-0.0804973286682691,-0.130848917061356,-0.103526822612198,-0.143092217606451,-0.0886449715817729,-0.0964638986315668,-0.129604613196129,-0.124864304316586,-0.128813934718036,-0.125413623743373,-0.104329952736853,-0.13853295435343,-0.135054022268769,-0.104387260801458,-0.119621186725069,-0.140859429257484,-0.153574302281261,-0.0793963499071928,-0.134727293869539,-0.130702387721577,-0.106932267302715,-0.138374861517253,-0.119331811777501,-0.124704612550813,-0.118918424044066,-0.134931647917066,-0.185293646533462,-0.122741615741993,-0.0917299773628135,-0.134540181158685,-0.142137240836709,-0.128400138664872,-0.129467058244877,-0.0825040249317297,-0.127418354654187,-0.148120579999237,-0.153691810999099,-0.139612704955893,-0.168869068466259,-0.0966769431968585,-0.144650595623314,-0.145871221004517,-0.0635310871736478,-0.0793367169460679,-0.124375009415338,-0.112964626961609,-0.128121220169247,-0.11382156439503,-0.0802793780429518,-0.111329447359743,-0.117729242798026,-0.0816191501984508,-0.113665639693932,-0.187909986590674,-0.139791097404729,-0.160683198450922,-0.141318231612128,-0.133376004035322,-0.102901299771451,-0.0941154901769631,-0.0714275476944302,-0.0621729792478773
"UI10-00020-Adagio",-0.161756463191373,-0.219096566119911,-0.192133162521255,-0.201777787444272,-0.23600224294523,-0.186575410474837,-0.239295346111267,-0.266389099187524,-0.2405234676412,-0.233344039959694,-0.238773266612435,-0.221669007442559,-0.195651246337425,-0.230746389846453,-0.185977927043762,-0.225552652648596,-0.225878145736975,-0.221830090235907,-0.205106485088299,-0.216017315653776,-0.22596817268675,-0.197785692078384,-0.166985987822223,-0.0796667791598941,-0.152724875296577,-0.207579395383959,-0.0745696803614254,-0.191455492590486,-0.205228769973141,-0.190355296186624,-0.251282073604977,-0.0803582858224815,-0.211644731381499,-0.239029427310273,-0.179010048767715,-0.232919625906857,-0.228503629919248,-0.202619976989352,-0.256508385216895,-0.242524744477148,-0.21603200861614,-0.186391309675358,-0.239407274320485,-0.23285478110727,-0.228601710687287,-0.220357573201972,-0.164771674473276,-0.200318684163128,-0.183652054722324,-0.248570066286719,-0.0383966859139667,-0.231701110310653,-0.218502856667391,-0.215965501726747,-0.255177828399189,-0.202274903114213,-0.240435007852107,-0.2378354701718,-0.194017958962928,-0.224001535346237,-0.167675271015511,-0.233323703544504,-0.214818810112682,-0.240968036893849,-0.205079887976476,-0.18720066154602,-0.238164655882105,-0.106211985581068,-0.251581104281107,-0.198528977714799,-0.254559604226963,-0.217262099016806,-0.0601862043221933,-0.220831319211878,-0.207684007105872,-0.0728300089878804,-0.0915864309762118,-0.233976236863566,-0.056651939304312,-0.268107696893307,-0.207749138411906,-0.231745302799985,-0.213132309768236,-0.227309127489639,-0.218719109601808,-0.222679322927946,-0.200355248657998,-0.0748450129396064,-0.172566635201534,-0.218880723565881,-0.209694804388614,-0.241521576907307,-0.178023454575293,-0.197915280978132,-0.233069597745256,-0.218266542112234,-0.180218586810295,-0.18860234730783,-0.220537975387758,-0.23630580341379
"UI10-00021-Allegro",0.0913565984141375,0.061623545443088,0.0702374367761834,0.0599134370724306,0.0769895010855585,0.0753775552110556,0.0796648985245338,0.0750176431069846,0.0953109846412558,0.0660772809351437,0.0631656964438308,0.0655872198969238,0.0569690074496555,0.0582915739202917,0.0960727561570454,0.0872368489284007,0.0564015805521092,0.0785484172301331,0.0826232155937092,0.052564920444331,0.0707886991593312,0.0575299991829736,0.0412377602064602,0.0765943332006588,0.0924043756679923,0.0614284397570814,0.0821000058149538,0.0722867624017135,0.067769744776899,0.0735275455948694,0.0540630447088975,0.0773872845216244,0.0672565153799809,0.0706777062048347,0.0665456498791219,0.0480664055269301,0.087320738476051,0.0615841264681722,0.0735770093882158,0.0546409824406874,0.0799231570626739,0.0783584917740197,0.056632900087579,0.0482402701398275,0.080289556058941,0.065503032421134,0.0931991552468726,0.0531649523009943,0.0703900832817061,0.0489269777316839,0.0326516299710393,0.0796892556703251,0.0753015743180773,0.0796973582054284,0.0913324215340499,0.0725050984657807,0.0766725494813975,0.00401088541907959,0.0726817068022054,0.0835462768001604,0.0689093688415986,0.0896318289404535,0.0770593104727598,0.0858981360319864,0.0695985854381894,0.0836170532890052,0.0773171162577885,0.0852747903780129,0.0645248840493844,0.0567707604591153,0.0743966566267136,0.0631535356461344,0.0583632084522551,0.0537845300570698,0.0540153575607654,0.071908734661765,0.0811070216885246,0.062941432871304,0.0903498255760609,0.0699843262356503,0.0801025556240914,0.0723667601605775,0.073642625016762,0.0793865642951265,0.0629168019730945,0.0694839185110069,0.0676960761653563,0.0581892824374763,0.0707776956666313,0.0685031691112812,0.0541086067615329,0.0714596861385998,0.0805143947865111,0.0578475722621815,0.0798808795452213,0.0775621326531246,0.06851761791826,0.0753478538267064,0.0670662022208509,0.0855709905262567
"UI10-00022-Altweibersommer",-0.0418723883855628,-0.0761496310965728,-0.0464399497457607,-0.0441808090477475,-0.0865958013892761,-0.0440472561105392,-0.0355106071791292,-0.0702309601785985,-0.0424593252306783,-0.0410752454041306,-0.0408571660899444,-0.0505077387311129,-0.0376964645158762,-0.0395102065121875,-0.0223381862372895,-0.0355400839873193,-0.0368820306702521,-0.0333433842095172,-0.0486502046051808,-0.0713197986584527,-0.0237880543325066,-0.0510271767234093,-0.0499873963844447,-0.0439071026313467,-0.0586826814401061,-0.0533613895365801,-0.055988635320348,-0.0654427611513081,-0.0384756972823513,-0.0185867373266843,-0.0424060256177119,-0.0588009909824329,-0.0213588068283327,-0.0385741923706145,-0.060991978906251,-0.0336239130454072,-0.0554333458753402,-0.0339053493292993,-0.0402542336877344,-0.0734264936001284,-0.0743895649376031,-0.0381177018052768,-0.03059154921491,-0.0601689745249707,-0.0566648106823685,-0.043051066321377,-0.0602704156196545,-0.0506001720762895,-0.0550317749906946,-0.0558327889188935,-0.0520415773409306,-0.042667653598288,-0.00378476470522428,-0.0242540203978295,-0.0358137954161303,-0.0542878344687835,-0.0287835339221938,-0.111807024699497,-0.0235803343616937,-0.0530282272783008,-0.0659980366776751,-0.0281725523585662,-0.0772646629663383,-0.0499392200292234,-0.063318214353731,-0.00702975568437627,-0.0324993443687432,-0.0698808456068886,-0.0536119522007276,-0.0578311200586355,-0.0662700753005294,-0.0558750546180866,-0.0403850109274411,-0.0688865707511145,-0.0285799690002888,-0.0579376251223904,-0.0499859761562861,-0.0599409287564065,-0.0270604950970475,-0.0465195071282894,-0.0466575136550238,-0.0673162535407232,-0.0291917370379909,-0.0419160009614793,-0.0678339585434369,-0.0529754524867902,-0.0454900823792038,-0.0308554037929652,-0.0421432971058383,-0.0421536431885512,-0.0519206023088724,-0.037101963032434,-0.00692199209130853,-0.0817579068196638,-0.0336188571618387,-0.0575121765909221,-0.0496431831295878,-0.0676034903707814,-0.0408485410338688,-0.0454428755767855
"UI10-00023-Andante",0.0759646447196542,0.124286080307738,0.101487210297837,0.11963111493774,0.104705489491936,0.11375976578499,0.0997374996765069,0.11281351235938,0.119725343176992,0.0814936569141251,0.106831458736732,0.13023983738825,0.135776646157644,0.128977657198765,0.113811648548617,0.0742947029830176,0.117504354616662,0.114438217129734,0.117796443567834,0.105749653808041,0.136834955936775,0.117035702156352,0.130066253158356,0.106736488999517,0.0595195550269486,0.11209511940115,0.13322803946894,0.110465795135961,0.118272340850642,0.107741590010853,0.0855691352996249,0.111080898883667,0.0922158159502524,0.0972645399945921,0.1215732095167,0.107116950196805,0.116820152326541,0.0918338125382111,0.10421922867674,0.0999315390454951,0.12204276870416,0.0938368478560024,0.127905783965782,0.0802990183310238,0.0832114744325945,0.0929224668078008,0.0959385953955822,0.106688120897435,0.0858884784868368,0.132808896086027,0.119826795687456,0.119570500058625,0.123105188725046,0.103010237126382,0.113085831853869,0.0917147269049724,0.133318268950975,0.0996102551683083,0.113819095041081,0.106287831098747,0.113669374766731,0.119691791277787,0.088532759993502,0.122578760549136,0.0957036076366938,0.0981388913259116,0.141021371737483,0.0908160757891854,0.112107659389889,0.115096584851687,0.111967736224517,0.0959819475390959,0.12919127482301,0.129369057030836,0.119038950974808,0.0918758144010989,0.116543411623767,0.0978050288073653,0.0804816689413073,0.11217846970191,0.135076396061516,0.126466142663439,0.127068565154686,0.110026467764048,0.0911069226130469,0.103189364337101,0.0996904701884919,0.0719662110886165,0.126862492875924,0.122911906025609,0.124143570992622,0.151646844531214,0.112031860281576,0.103222245756925,0.112331571876929,0.132405173533577,0.114415713634824,0.106088447652305,0.0863797291354977,0.104067385189198
"UI10-00024-Arabesque",-0.111130261163526,-0.148060197348462,-0.122683020043183,-0.103353401901365,-0.0970896676495313,-0.111722817817426,-0.0814785485976695,-0.106837984521986,-0.089768955054135,-0.136058221615199,-0.124017654770007,-0.0782339168226433,-0.120876210693638,-0.117109388609379,-0.100948401829044,-0.147425290301533,-0.116329822481394,-0.149240776423099,-0.12838906093885,-0.108187230118697,-0.138475343523405,-0.17275983838318,-0.103297060183536,-0.107092011776143,-0.137352493010655,-0.0953085303276761,-0.140343734901197,-0.156543381914979,-0.173215691201529,-0.110861068718604,-0.102467904524638,-0.18107090718052,-0.0896192353273314,-0.160202208104768,-0.103794447707928,-0.128236477527198,-0.116491799892815,-0.134259684425902,-0.0972606191325918,-0.111114271930437,-0.100600982941706,-0.103118592509114,-0.131609381424433,-0.140336534741778,-0.13720629672705,-0.11773293360977,-0.0981961378766216,-0.135361508272514,-0.105802266826524,-0.146265316283116,-0.176932632664291,-0.129487508804906,-0.103639014764512,-0.0783769931525633,-0.127395055246937,-0.107502373919793,-0.154645308761879,-0.142264328771415,-0.111307308309994,-0.0823529845207555,-0.107680783914248,-0.174538681029906,-0.0874329356961446,-0.14404528597154,-0.111166233550303,-0.153671186151271,-0.125693360833668,-0.11810937123723,-0.153518076044769,-0.0945521814764521,-0.11073367518303,-0.114315387928268,-0.106373458220402,-0.140715260489698,-0.123101648890887,-0.124621034651999,-0.12728027764905,-0.115476004564607,-0.172014999253545,-0.13011097616259,-0.130524703310675,-0.123223972540335,-0.103538680656747,-0.0992186997051764,-0.104079410559149,-0.106480227799515,-0.109266582858076,-0.149337423526886,-0.110390595847875,-0.126564944005677,-0.113970857861405,-0.113516574703651,-0.115644079452909,-0.109602243642567,-0.135324240051536,-0.121176165531081,-0.0832462573135794,-0.130446802562891,-0.140091501323925,-0.139186099433402
"UI10-00025-Autumn-Light",0.128188531917106,0.108361733184427,0.136386144805607,0.146332857643467,0.103217650503828,0.112932154560335,0.128815906740837,0.142325673466329,0.102927600113896,0.0852681258471716,-0.0338891463732755,0.163141023192664,0.0839115570339085,0.111670773922425,0.148520513786872,-0.0226771434906086,0.109254009137495,0.126786573225421,0.0989005967543458,0.10291286281784,0.124040672219194,0.0844536926650573,0.111532346106758,0.0998359545565767,-0.029371313108087,0.105730721669642,0.112572389431258,0.111249286161151,0.133080337383666,0.108808094821955,0.123687728806506,0.113980222819913,-0.0418503439975414,0.123379727959526,0.126138683142899,0.107791136286622,0.119923220245933,-0.0269302640282353,0.109639270355194,0.148375733091305,0.124364356569184,0.129203619731969,0.12190918615581,0.116615857665472,0.124875079064216,0.138451812206138,0.128321386278856,0.148749423814119,0.123799735336306,0.131330795957492,0.119548892396145,0.122321860046055,0.109095128415519,0.110240911614397,0.166014744637009,0.0932998990067554,0.115281093601394,0.15639004681543,0.115004573249396,0.120254947563789,0.11643285213581,0.122421006211645,0.145955302193071,0.123964751356774,0.0836033997590693,0.125868637756185,0.138841492601299,0.136599741724221,0.0866280787069299,0.0963515679763496,0.117464918140663,-0.0319256761873284,0.117588243259638,0.124805223495453,0.149745000116586,0.226837228943135,0.114186283113122,0.110933412060968,0.113562817704703,0.0974335896219486,0.140065187373099,0.132887139738059,0.112492754081484,0.141393317599544,0.135955018974278,0.13864103806843,0.141055253582662,0.171421635319612,0.150936118735682,0.138443117470658,0.087687199277456,0.106208983942251,0.136782450846738,0.132216886398878,0.0974101010800652,0.159480457981177,0.0838984422618808,0.130868688638651,0.106188982458096,0.121503555389589
"UI10-00026-Ben-Graz",0.251456581880776,0.277932997769114,0.196144566391529,0.160793430072482,0.214893736542628,0.166018357920837,0.271287837356545,0.238687833814825,0.233036773539604,0.238866806370716,0.179304869610226,0.230326460466364,0.261615273847151,0.328348176555215,0.23819794766503,0.226307461435711,0.212589409841313,0.255063131058552,0.208837122666274,0.203887593584519,0.237381877716559,0.301514461438401,0.271167588966861,0.238197604641223,0.272234928285148,0.210699389416899,0.240771110170575,0.231967761016671,0.293600994365519,0.243408573980473,0.242234681898506,0.239611993869415,0.194444495102384,0.238537984246548,0.205974843815401,0.218878635351093,0.261977059400356,0.238748103034834,0.284069338947054,0.160986791222833,0.22363601454876,0.242369356695265,0.190092250594302,0.251539376912883,0.2165654359567,0.257714726826573,0.203151295425586,0.221088863909825,0.273399845677927,0.176574132077236,0.154882899109085,0.239097948373147,0.220868049002411,0.198594981123093,0.214040528252124,0.260369722386123,0.210135013110651,0.194790494179669,0.241190213991175,0.256674974468281,0.244032006819421,0.254937600787135,0.302622965233986,0.222875958399059,0.271187789152836,0.226782083391597,0.245586126784059,0.210296949180618,0.263084532319545,0.219060083618816,0.212004260182959,0.287442193674974,0.257227568770348,0.220194997343854,0.179677066913524,0.206452856152096,0.249049178883492,0.240520278145706,0.259305407021748,0.238766365596396,0.194646016954873,0.230924173689268,0.210631507068064,0.213002101893346,0.148887859605966,0.22419664318522,0.192253631812877,0.19904784264157,0.209966468642379,0.182029277567325,0.232273247870791,0.219995904002983,0.202717824185823,0.214652385328985,0.194577883013808,0.204029624387364,0.209708739800566,0.232490385229453,0.23172131669511,0.25655326892526
"UI10-00027-Ben-Rotkopf",0.0115693350827773,0.00162358737201571,0.0277095551737565,0.036864371037383,0.0161550520332425,0.0204181629998106,0.0197291756543734,0.0520741170920905,0.0182836236077788,0.0288973032744056,0.0273210469803898,0.0371853849854726,0.0344923272647498,0.0252582957887137,0.0215031721640746,0.0315302627689131,-0.00601975513902769,-0.00115569174841437,-0.0269836479715092,0.045290608357739,0.00627102683857844,0.0136917123997945,0.0138593198005338,0.0148187281687274,0.0141270860051258,-0.016339809890215,0.0048013236755707,0.0192301436466541,0.0154247280198194,0.0420916888463942,0.0152737017248194,0.0157259421577269,0.0407996677573121,0.00104317983711214,0.0527934651903156,0.000519945329532545,-0.00717544648923138,0.031056923330348,0.0410802739364874,-0.00143946094125792,0.0147823107685905,0.0134276551178466,0.0159733666946087,0.01264592182323,0.0398031402190818,0.0128441608533987,0.0156054820368712,0.0207234759875944,0.0353482191012583,0.0344984895817772,0.0332111036131367,-0.0149420748394852,0.016118505180419,0.0350849948768377,0.0378516741770366,0.0316136661157665,0.034279719731795,0.0273071233952697,0.0246994657178398,0.0111278560460608,-0.0000075739605621,0.0178063691427557,0.0091453372561911,0.00255731567556443,0.0173096451454151,0.0107558281020521,-0.00665440965988087,0.0293134230618067,0.0255311254952841,0.0335150739468361,0.0225467694880497,-0.00668998225714556,0.0420175991485726,0.0273048431418977,0.051724129145983,0.0143978086836597,0.013528683730569,0.0135791253195794,0.031616582302588,0.012056213833655,0.0449452073382894,0.0183978412546061,-0.0135588244844424,0.0358371612764139,0.0228139574757456,0.0094107921027806,0.0156804657734944,0.0434021638680916,0.00378803800966976,0.0303532372007105,0.0257972978129109,-0.0547484185383091,0.0157251063187566,0.0135488863165318,0.018423136871879,-0.0038074732321303,-0.0331529085804148,0.00672977102655139,-0.0233156159398745,0.017508547783421
"UI10-00028-Berlin",0.262677261126496,0.25183069874788,0.276010069015462,0.264914986693304,0.231429311179766,0.293301024416569,0.281769736999032,0.246346287153643,0.23700463147104,0.219267051639509,0.225794098023614,0.243565239233595,0.255597455496954,0.187321036187654,0.253211084984846,0.285398346214302,0.275916286428847,0.245538855024144,0.251694797442307,0.241058159025096,0.261239140664656,0.276864190685211,0.251890468281869,0.285443705167462,0.184510052206052,0.169365958466341,0.28995919007434,0.268848844241919,0.252291143753032,0.248448855003782,0.234266455554064,0.250248098310004,0.265550380281102,0.252188020122036,0.263819746894666,0.247511011078757,0.204619178387566,0.284203581930497,0.273228013605711,0.216170693643018,0.255438990512057,0.266542864871177,0.257822830145243,0.291265953220427,0.245219070436131,0.25100883974256,0.251691870811985,0.234448994019438,0.146256218582417,0.256560198993543,0.252555374035921,0.26573777862542,0.268354728522185,0.231938447269489,0.253197085897961,0.226959574349041,0.23614434765175,0.251736346733786,0.252014082866437,0.256712160195893,0.242072749875773,0.242852300541313,0.227638446508338,0.293740903454943,0.219847743657224,0.249689309134458,0.256674022689497,0.24988810021207,0.246820795544855,0.273344209249726,0.2491781691372,0.195424821059336,0.264292690204037,0.250392931532985,0.251623896845516,0.267167003027839,0.271474488419966,0.247109050019476,0.17988767763992,0.177581006140295,0.278701491911937,0.240164724793605,0.265510562418427,0.230911495432994,0.258923153873358,0.172435623711727,0.258461204928371,0.235729345910863,0.239457272637254,0.24782387585798,0.193015562454538,0.225109388465674,0.243493882538684,0.277134959633653,0.257567782849043,0.245765146454836,0.302213769180564,0.234409838217005,0.231241646797405,0.224825890983038
"UI10-00029-Bitsy-Ben",-0.16199175080031,-0.249500768292695,-0.256508053673985,-0.168415372405881,-0.200020394745485,-0.191872436824806,-0.167626102059458,0.00595423538374894,-0.233573006847279,-0.000220266930291153,-0.193710403362945,-0.173422216817428,-0.241845995991814,-0.176341932316981,-0.15319922203392,-0.191088820337406,-0.153678569760995,-0.24535932467969,-0.17057312232892,-0.222974943769631,-0.273824891536411,-0.277898921255722,-0.198402721004603,-0.233450609080213,0.0407445449221493,-0.204368878957293,-0.196150329834299,-0.214870985307439,-0.2139308567782,-0.228490590638934,-0.195356727238351,-0.196376510366203,-0.216269164541159,-0.160044500003806,-0.167645533050944,-0.183106642409178,-0.13822240832586,-0.169179154498793,-0.15843299835454,-0.229555681672712,-0.203473310254086,-0.124099159256887,-0.224911862913929,-0.219537621618293,-0.193316431396575,-0.197653849208386,-0.233983355866889,-0.176866183592303,-0.234562324800759,-0.143558484380176,-0.175078143839098,-0.02991563467597,-0.177291784823888,-0.205199039000857,-0.214261110295112,-0.208198759328224,-0.209354292391917,-0.162518423454158,-0.182400941917227,0.000893651317795239,-0.155993349690608,0.100680556638243,0.0252965000241174,-0.163320806614627,-0.17804033390068,-0.179045300510391,-0.196229750419279,-0.132085921221619,-0.162783453624307,-0.271033594360366,-0.188261991764185,-0.283235524324438,-0.201150270242211,-0.160640101868028,-0.240033057787993,-0.160938456307511,-0.157426810714126,-0.218527603914144,-0.199971115500232,-0.2159673707407,-0.163811488394081,-0.202586415593783,-0.240462364155917,-0.187890230172205,-0.184465484894682,-0.204506175234438,0.0254815506431064,-0.22671392758569,0.0349244198779003,-0.193297622937236,-0.184483779607237,-0.200972312122015,-0.213921150264139,-0.167877770594413,-0.210873389165241,-0.188854645026053,-0.194001857432732,-0.206493768816336,-0.173109744935481,-0.224497487050299
"UI10-00030-Blondo",0.0668692581565172,0.048422990629737,0.0480239571437124,0.0510603911042892,0.0664011466474894,0.0675294215984684,0.0725754547428897,0.0388810587160241,0.065370496390831,0.0535499564225382,0.0444754838071087,0.0623706104828554,0.0790223524446609,0.0871282966566306,0.0735870195343319,0.0584508306487972,0.055120747825909,0.0675929812183093,0.0319223224652536,0.0479098896515469,0.0674720703469242,0.0759933490367335,0.0710281635045793,0.0540774468521162,0.0472272186576065,0.0610301045417442,0.103277107519311,0.035310191602237,0.0559233192111971,0.0757100618265865,0.050997544239175,0.0728772544511375,0.0731723072110345,0.0395600613384955,0.0842650844295925,0.068774913211984,0.0742181974866681,0.0525778113719299,0.0518470300447251,0.0810932253370104,0.0544678642333869,0.0637104440112621,0.0566142501661566,0.0936801434607109,0.0661213067223885,0.0592446471246318,0.0446120757625004,0.0686821286765456,0.024632962200216,0.0761169654287648,0.0598466172939934,0.00431887401798238,0.0751274426893751,0.125576782241361,0.0555293702249598,0.0673348750234401,0.0552994918304576,0.075183147483317,0.06026706500774,0.0781337773076676,0.0691351358228901,0.0487277574882671,0.0757257094012329,0.064502120754791,0.0663553591872558,0.0591075798599702,0.067118761437407,0.068159461509995,0.0714148448707851,0.046372922294175,0.0399513101033985,0.0462974087357257,0.0633836770103211,0.0303786448524063,0.0635730408000182,0.0772065063173963,0.03869322025086,0.0678528838846356,0.0830658532691133,0.0885248014611421,0.019507131794311,0.0578063867023024,0.054461466555567,0.046947642534517,0.0740423693157862,0.0621677353064609,0.0473491180429549,0.0447834788278933,0.0630905264848843,0.0742346741274971,0.0747785625976511,0.0602453085816049,0.0879000782999919,0.0616871853481882,0.0351883896911847,0.104875444131054,0.0580959131836305,0.0532146050140666,0.0753561896624783,0.060828563359458
"UI10-00031-Bluetenwunder",0.155700045788009,0.135190488835431,0.139807176078808,0.162619275422582,0.161466198908537,0.152305721635935,0.155194936163124,0.176362604835654,0.166661494366055,0.159938538503158,0.133641919450612,0.16992050717437,0.166774382021665,0.161265121305793,0.133165214815439,0.05681513338716,0.183241831045113,0.148606806785509,0.182430906237883,0.160505278651804,0.161935690733048,0.177773093182538,0.195305220432028,0.228846339278164,0.185542385100582,0.148280907990704,0.181932653031874,0.17129750035834,0.159579426545555,0.154406120023678,0.179839663352606,0.156087978718404,0.202547799224813,0.147618694687052,0.0463152776133134,0.164251291657577,0.159473026302998,0.259040573972477,0.164404365360988,0.154085914822389,0.164450999475454,0.162813244865027,0.157497830798711,0.168812877456993,0.18023172678368,0.189187810658963,0.168283999912017,0.209832726885587,0.162255925475369,0.120793910672167,0.1611466678717,0.174854692772175,0.134490383948006,0.183055034314054,0.159889356677802,0.101414275889314,0.134006677633269,0.139773696804022,0.14694294033371,0.0587144391085586,0.177130215848179,0.139898746121797,0.143860111027797,0.143799621444733,0.147557782124924,0.199231030453814,0.153561097218182,0.164887338622322,0.221748773255645,0.107712160235992,0.159215266658172,0.149036971950639,0.185094811719371,0.128332452229413,0.200529072411617,0.173429448247526,0.165125060708198,0.112620217894517,0.171052893855579,0.168073741716774,0.143820134137216,0.150274569788617,0.128619377148927,0.184488168407995,0.194683653527009,0.167695387449752,0.20038534684181,0.164479753680027,0.19006782312136,0.159565900236908,0.163135717253416,0.167146211492917,0.074053356198117,0.100292387531125,0.172981289269464,0.153231822193033,0.0488522628608488,0.17066109916057,0.178709736003566,0.162494542844956
"UI10-00032-Bodacious-Ben",0.0512510573572332,0.0389983763011723,0.0238472163692147,0.0508401948729023,0.0454114224332419,0.0393346682740008,0.0868100007051088,0.0482214079092769,0.0918304385659198,0.0816778869681604,0.0600367697292347,0.0468170110561873,0.0494828781603546,0.0901000683480251,-0.0182654582625345,0.0717930311716377,0.0534804258261193,0.0607585896160286,0.0608380252237707,0.0369760146531803,0.0353093598463689,0.0372594393319949,0.054157492739677,0.0534715517938921,0.0294342791192265,0.0718486383617679,0.0358377334959291,0.0382662661531161,0.0308175697099495,0.0578193764285631,0.062517636731374,0.046423663723258,0.055355244821916,0.0378290051035532,0.0291914945336952,0.0197997116094814,0.0337983596008992,0.0204800330681141,0.0175177299487581,0.0401300553394182,0.0301139572097265,0.0168902446127468,0.0626348938276289,0.000751061492767706,0.048121586299615,0.0309323465235207,0.0362342998059719,0.0272218340931404,0.0638656672669846,0.0508423104036577,0.0755499539308997,0.0418431737670273,0.0513723893949307,0.0511525941983932,0.0553139956336215,0.0403551376317799,0.036719458775486,0.073083124565453,0.0168440205190608,0.0519164224310426,0.0438660103188755,0.0540749782525817,0.0716833446624816,0.0467863392761715,0.0407565492509831,0.0179579053269022,0.0681858681211657,0.0425491585232574,0.0503780086826383,0.0958124796292446,0.0495434970665038,0.0538297214803444,0.0444162619362274,0.0398593611624014,0.106084558862469,0.0531735040010486,0.0596688230860658,0.0302172171352251,0.00363501686967274,0.0176594357442418,0.00831246653780675,0.108573550589681,0.074734460534102,0.0564741378385781,-0.0105569798323166,0.12858370128904,0.0659070254889317,0.0528950868739447,0.0405560732196655,0.0273027039367736,0.0154271551083927,0.0440105984946412,0.078244960244809,0.0663573139435164,0.0716277204402141,0.0115458709072216,0.090965302626094,0.0458296950202517,0.0265622130762714,0.0300839172025939
"UI10-00033-Border-Bandit",-0.00689738041158686,-0.0299799677670266,-0.0570780404878711,-0.0174012659017103,-0.0469274498667124,-0.0423707181539878,-0.0235426640750873,0.00320620717164814,-0.0442383169537012,-0.0341530051155975,-0.0313657505841028,-0.0289574390315102,-0.0221326796777921,-0.018476199220352,-0.024860635989581,-0.0404270357586741,-0.0393870183340363,-0.0245735660741493,-0.0194752198697429,0.0029227034387055,0.0134816610721703,-0.053128111356345,-0.018788711235472,0.0366360598662984,0.00959423365964145,-0.041946006473144,-0.0136075521027754,-0.00827050563880406,-0.0581641956716601,-0.0132588448709526,-0.0327961074844319,-0.0446258503328988,-0.0268510486975196,-0.0605980983529773,-0.0615633238890133,-0.0118312195933006,-0.0563437073408542,-0.0320793479065357,-0.023969561508096,-0.028574991147556,-0.0311724009642937,-0.0426340837390694,0.0112133901583916,-0.0436549642323022,-0.00565427368074455,-0.0109726344902552,-0.0506171871111836,-0.0151652567257757,-0.0468505011210322,-0.0176034891546517,-0.0252527897912448,-0.0170087044626006,-0.0221503109168211,-0.0399262596884691,-0.0193715080706393,-0.0515136726935345,-0.0156082149611727,-0.0210321993042553,-0.0412060823451431,-0.00948427482875741,-0.0141035408304637,-0.0263573319829989,0.0108853372627089,-0.0259059432584866,-0.019858472326273,-0.0427724653721713,-0.0388164841687932,-0.0464917840927124,0.00281234315008368,-0.0188428144005126,-0.0288826064482192,-0.0285581204731838,-0.0023089347525032,-0.0367551079297137,-0.0445102538735718,-0.0386205419199466,0.00565119080342708,-0.021227360809505,-0.0141570065296352,-0.0461364829435741,-0.0146890492105723,-0.0331846368615761,-0.0775743371168561,-0.065207733071204,-0.00289532072248806,-0.0335843989305059,0.00529556263032525,-0.022631298673581,-0.0547735048004774,-0.034255581794739,-0.0260812629380306,-0.0336481898405169,-0.0121558741532931,-0.0410725648606491,-0.0260313983748107,-0.00756273044643243,-0.07693643074763,0.0119300848325803,0.0304298890580836,-0.059614940859218
"UI10-00036-Dixieland",-0.13888607540432,-0.114324443238036,-0.128417201834026,-0.124293384038967,-0.131840189478027,-0.128528923301548,-0.165660376851592,-0.135453438956694,-0.140187630832408,-0.131848859315472,-0.139378526443734,-0.138564826882135,-0.131434823525421,-0.130441104032876,-0.141609180572659,-0.0980038590973388,-0.137470957981938,-0.129408729420634,-0.133250506822919,-0.158264190510217,-0.144113828587236,-0.131835947374892,-0.129098235412479,-0.0549508636990082,-0.156115858371486,-0.137067159399154,-0.121954787821411,-0.155865609812721,-0.116818051166702,-0.173519603549605,-0.0706874250792337,-0.111606025176273,-0.119749456269852,-0.159180087520181,-0.124898754022936,-0.144040347332371,-0.111618048716521,-0.12787286844608,-0.138976361119949,-0.097296652010013,-0.1245522569947,-0.13179801027071,-0.138578397602786,-0.0872009351732977,-0.139911544442003,-0.142536879801423,-0.118749607061821,-0.120785812133662,-0.0902743299556584,-0.141087513723699,-0.116188737942248,-0.155472464301911,-0.143313842120778,-0.1310502875677,-0.115799326875142,-0.105969046864535,-0.125434129383132,-0.114121461752522,-0.171883350946249,-0.154241295787208,-0.126674585772081,-0.135378586974574,-0.132534314205859,-0.150996736911404,-0.146099387781759,-0.119696030566033,-0.134326365748694,-0.148176936155426,-0.155752869878839,-0.138353965018893,-0.118083492194111,-0.109449138937862,-0.147373077040014,-0.114949764987008,-0.149846303280283,-0.124988833943886,-0.125110899645161,-0.14559640644167,-0.113700275877912,-0.103286480483492,-0.145893419186301,-0.149538817806281,-0.129416536200643,-0.157284068150803,-0.128375520080992,-0.13358653810133,-0.136223997146425,-0.078422659812387,-0.123195922635242,-0.100905635436951,-0.143510656047431,-0.14176279469261,-0.122953008779062,-0.125451814616861,-0.12097758239362,-0.0951338161634125,-0.0954941594140567,-0.106199679909058,-0.131922411969322,-0.145258335949729
"UI10-00038-Emerald-Shadow",-0.0252519629254216,-0.0101628998537053,-0.0055070534529233,0.00161736104762856,-0.0593218323624678,0.00352965326771473,-0.00328794568640213,0.00151943419797168,0.0151795452956079,0.00572611344718498,0.00317275665759626,-0.00712726718542419,0.00992956846615571,-0.0051420304309059,0.00879082637100922,0.0130475110682871,-0.0491397732385558,-0.015646840451923,-0.00774813112906557,0.0111367575183396,0.0102094697033956,-0.00187237083801696,0.00631373387592385,-0.00168772652841567,0.00964255438253945,0.0140179866255891,-0.0438418569070599,-0.00103966070977131,-0.00751416636591833,-0.014691435259065,-0.00604241397186876,-0.00827433108097475,0.0195100973139171,0.0325356551328147,-0.0061521469446161,-0.000318221479418308,-0.0107385056015359,-0.00429762451304196,-0.0176204983068943,-0.018793424217876,-0.000472922790972235,0.0145560271727434,0.0020424766736646,-0.0227349727920912,0.0202498822732276,0.00524744498758041,0.00997201827226844,-0.00975804108600831,-0.00905171307041705,0.00605548594838201,-0.0372198315989718,-0.00115621404026794,0.0103907016899092,-0.00417924601770075,-0.0527036004536823,0.00524531049159037,-0.017457340187217,-0.026803799269176,0.000500335399030917,-0.00378868030205217,-0.00516480234395762,0.00442362418931565,-0.00420616994277538,-0.00405118612819448,-0.00396606572690977,0.0129882778754535,0.00240939407906678,-0.00808266784857988,0.00644160163463835,0.00426195964098554,0.00161515187250516,0.0158073321286468,0.00758475262021164,0.0197935513874334,-0.00752305197228867,0.0081963891708118,0.00572449884619029,0.0000918059472730891,0.00814059140177651,-0.0152234174077787,0.0126848716107853,0.00445671564282548,-0.0426238567082102,0.00939786519957843,-0.00335460508472651,-0.0188012364658815,0.0142182417127649,0.00227967798042356,-0.000788662847501847,0.0160461436991284,0.0171785075314678,0.0132713359384273,-0.0132539870971096,-0.000355653147543616,0.00163141845776539,0.00620646144044571,-0.033888881301253,-0.0097948622913643,-0.0105780167668453,-0.0378365446868617
"UI10-00039-Emmanuel-LePage",0.100964184540896,0.0820833891843725,0.0485512991798419,0.0482825445249109,0.0829711308382093,0.0550919060585146,0.0734615849018896,0.0665277081857699,0.0790371926172591,-0.000767138571886409,0.0507823573503967,0.0501736793146547,0.125193594684293,0.0541086076206034,0.0475445315029045,0.0918184920247459,0.104828308369302,0.0584668609707381,0.0751790062092737,0.07597723831148,0.0605712417036305,0.100805814636463,0.105300261659888,0.0548775182591469,0.0724950737770455,0.0901678798234654,0.0742065142864915,0.00274424649787551,0.0644108495468477,-0.00224180859623241,0.0716364370197086,0.063271985726721,0.0800876757599796,0.0428171871053983,0.0568424134240333,0.0695909019700168,0.0784217545114822,0.0571163890285048,0.0615427029472709,0.0296053871341049,0.0461625127027893,0.0689077306303838,0.0871524103573983,-0.0847940537679093,0.0404318177766388,0.0772282453427787,-0.0248860709717891,0.0390286665048884,0.0228350685485993,0.0646099200485063,0.0989766547135605,0.0782097899950365,0.0851472051933454,0.0615763557499343,0.0539358769828283,0.032411180033017,0.0567568609322799,0.067966032094444,-0.00599424542924073,0.0423183295250425,0.042369981509831,0.133903363779084,0.109434965004866,0.0539054291389614,0.0510932944735039,0.0202226052677899,0.04637495062279,0.108376369357613,0.0908599296119479,0.0641372280012539,0.0573630245122896,0.0304154774939016,0.0903269935374851,0.0508394311715332,0.042300822662559,0.0608389342436541,0.032854010203479,0.0734009880018265,0.0713737604783355,0.0881317318377893,0.0286870842992561,0.0886126072743596,0.0543642827500119,0.0811685109138706,0.0602910212215354,0.0589818963842811,0.0672018583538149,0.013077902385072,0.109502117777192,0.0562022878791135,0.0330077321139692,0.0512507395294432,0.0518962498192941,0.0970193080887298,0.0847131132239652,0.0576439009449694,0.0416923149698544,0.0461944231936252,0.0657997317318041,0.0532628540229785
"UI10-00042-Giraffe",0.0771948111901642,0.0854728010616034,0.0729818932056405,0.0887337511245974,0.0956577516202704,0.081847516533243,0.0924013644959988,0.0733781635698667,0.0752666141188272,0.0717360547199889,0.0983416984989605,0.0963378372933404,0.0729756175069426,0.0765092808701882,0.0798137091614617,0.0837715170652757,0.0836078549290837,0.0840626352414588,0.0776540289789017,0.0814270181177857,0.0755601697272825,0.0776017329407076,0.0231674403798165,0.0786446344288274,0.0978088384231558,0.0975061544412812,0.0854740873005151,0.0940459372651337,0.0685707320112341,0.0955870678221921,0.0868339443727233,0.0829473130431904,0.0784035245827759,0.0818971696728127,0.0965139227565167,0.0327733029641921,0.091808336317005,0.0811069401848453,0.0847999798782369,0.101099650159689,0.0853097683792175,0.0894572360178258,0.0806759033759664,0.0672955944189148,0.094990594629346,0.084204850866581,0.0835596887698772,0.088086324258994,0.0945913320545245,0.0835454350367092,0.0943338901577762,0.0871766922237369,0.0834043579846686,0.0717983009771743,0.0853807889737549,0.0890042307981687,0.0710167684679373,-0.00883142277693138,0.090974659019479,0.0892930283332567,0.0869249166667168,0.0879405048673854,0.0878244761617901,0.0924995306824463,0.0755837979597474,0.0693250962120747,0.085562518834463,0.106109646973872,0.0493009451412245,0.0817747477135213,0.0894037998828543,0.0791582255922369,0.0860095296556937,0.0942790691741874,0.0927865240502506,0.0928336686414653,0.0731459727911049,0.0797428268316552,0.0930533009067679,0.103930133899721,0.100543032683953,0.0899102667310561,0.0936581029768777,0.0780602249486607,0.0993572002461767,0.0910264257298235,0.0680047414572685,0.0710277097905148,0.0960929538238998,0.0800184630205976,0.0667754936443267,0.080173508537457,0.0738381243194098,0.08623303921333,0.0852998664153023,0.0963613095382793,0.0808649997050764,0.0782511491621462,0.0845721387569852,0.0964842598518381
"UI10-00043-Gold-and-Silver",-0.17330582425321,-0.200195210668605,-0.172094502427889,-0.170944177852903,-0.137856326987934,-0.171564538822669,-0.167056405435368,-0.177518082694995,-0.179670859143746,-0.193535914685174,-0.217263201043445,-0.186374227604535,-0.2014086254233,-0.168144129720839,-0.172641136187704,-0.177821021470792,-0.183063869094359,-0.156511940447726,-0.180630575304726,-0.188050164932308,-0.189084917721004,-0.168027367639143,-0.165674864200425,-0.198052810343705,-0.20932362414146,-0.195361401493766,-0.178761521721498,-0.173952783796506,-0.182641898843079,-0.123552372661231,-0.199052323569288,-0.177638988645101,-0.180585275906571,-0.182100455621194,-0.152472051473751,-0.153192880399846,-0.184737224502257,-0.178500414010542,-0.157794025287047,-0.222857457828817,-0.18777988172002,-0.14392514898565,-0.192798399873819,-0.232957318383382,-0.179456864188812,-0.173909547661602,-0.129301464874375,-0.0867049963796655,-0.18035732137181,-0.225311378222758,-0.137866551583289,-0.0914335786144081,-0.18444058635644,-0.202119792911212,-0.19379591967694,-0.187168478408954,-0.185126962479302,-0.164668569429343,-0.209905345859831,-0.177907053431463,-0.234292168788146,-0.182809527644039,-0.200546157190454,-0.183436613735328,-0.164188143472311,-0.121544885123435,-0.195113134322235,-0.171663307234566,-0.208253449790514,-0.188345174456755,-0.214047211730104,-0.182584132296031,-0.177053701797919,-0.207340445096013,-0.187166096944015,-0.159927071763956,-0.170948994029355,-0.159190521764209,-0.183928100076629,-0.179428918885469,-0.179981128764131,-0.179531826560099,-0.19047160433839,-0.196122289191298,-0.17012088938337,-0.186749377756061,-0.201668320661322,-0.243021008133694,-0.19040140218038,-0.15667064930145,-0.222770977086198,-0.182682540382401,-0.165256873344554,-0.172946518764339,-0.202030462538092,-0.216619715525464,-0.186738590450471,-0.213594538302598,-0.173934735078592,-0.171573546805367
"UI10-00047-Goliath",-0.104956583326833,-0.0768981941940557,-0.0978061287499136,-0.0855086868560342,-0.0595874795214374,-0.0921972528850369,-0.075077254401751,-0.0758248737173828,-0.065538611835069,-0.0603794243353848,-0.0902610360651871,-0.067086767433453,-0.0959699579857356,-0.100884065946643,-0.0828902420383033,-0.0650968404280028,-0.0614281154296112,-0.0651141603640628,-0.0877371990159726,-0.106542170535862,-0.128363610924439,-0.0818209580744457,-0.0869611815666699,-0.0806676784786094,-0.105235532385983,-0.063956555743482,-0.0962821775261899,-0.121836044443336,-0.0561757543987166,-0.0895256645974811,-0.0735061484519767,-0.0790902408601277,-0.0905783461001706,-0.0739635435802623,-0.0692948699290926,-0.0913546450013984,-0.0470108855717768,-0.0947387797658639,-0.131202314036285,-0.107580062502765,-0.0953369565470707,-0.129948190015085,-0.060538425560284,-0.124045889765498,-0.0635869856202465,-0.0862936966867997,-0.117851736240787,-0.0938898884941147,-0.0560968945556475,-0.0943943310423069,-0.0806794680003987,-0.0437533007493643,-0.0684282191900508,-0.0688941885805833,-0.111957483072756,-0.0146769542163432,-0.0670922451983865,-0.0691186871611345,-0.064182295504943,-0.0363966627276672,-0.0713056605409326,-0.122144083797202,-0.114761994833021,-0.0881473619492458,-0.109978194609598,-0.0940057316867564,-0.0896516622684315,-0.073728754897632,-0.0673420613852785,-0.0308176812090692,-0.0676739038775255,-0.100917676153526,-0.0785860897116419,-0.0934827246480539,-0.0854207015425484,-0.0778598266454349,-0.0610277432860976,-0.0693292507861454,-0.0968551394397638,-0.0537245664269531,-0.0852662505506419,-0.0574377721663487,-0.0726014120166711,-0.0744689325497862,-0.0669162215692402,-0.0359721618049196,-0.10077561474326,-0.0729587247939449,-0.0733389396862993,-0.08091461200333,-0.0890300964496123,-0.0672022165265393,-0.0932535118826059,-0.0669685063610167,-0.0925909697068988,-0.060109330833356,-0.0854312598264756,-0.0794118713931189,-0.13076277912315,-0.0850195726109435
"UI10-00048-Gracillimus",0.0587265364209106,0.0291334269006178,0.0507738778993957,-0.094765738246808,0.0621221121955724,0.0373553324967436,0.0677555996422819,0.133842321216448,0.0722163253790233,0.0471422987037833,0.0651805807121034,0.144969671339811,0.045433473841544,0.0385331670818189,0.0597414264350972,0.0229575033789633,0.0887381527475488,0.0568906573496057,0.068733427423996,0.066938064946316,0.0523994074738292,0.0465891877067585,0.029796411221462,0.0217024667774728,0.0515147350704699,-0.0695024366801646,0.0553506501584093,0.0331037394473265,0.0756276794346747,0.0348965668768641,0.0256752161545585,0.0727932841667449,0.0492718844644759,-0.0903095136483431,0.0587946383207091,0.0116617356067989,0.0301707257314259,0.047486225835577,0.0828068225209992,0.0147540366863452,0.058368763634716,0.124523533341809,-0.10850058637516,0.00832499203651891,0.0709056816091903,0.0599579467724778,0.057353388462171,0.142826931345431,0.0357172196179171,0.0656173090168373,0.0345400208597704,0.0812093842147073,0.10068048287219,0.0505252827853317,0.155581773323093,0.0448625051984666,0.0481147672163987,0.148042648127257,-0.0843944240868764,0.0512715224732925,0.0502156671975543,0.0407405670721159,0.0565240575881089,0.0580761863106922,0.069087172006751,0.0409467218605731,0.129202497028167,0.0755137785059407,0.0621857715283676,0.052510071712808,0.0604192026779899,0.0505202207594164,0.101543435424908,0.0474232425886791,-0.107310571436962,0.214558795353213,0.0456024170230581,0.0563946575302251,0.0700696806087897,0.0594647250433123,-0.112937944309222,0.0780443097188,0.0418689224590144,0.138039551648798,0.0427332542952977,0.0471774526268977,0.0371270287486479,0.164155610695881,0.0546194764254162,0.0123556109931995,0.068771499199478,0.038998944512515,0.0576579234956135,0.0495332948805769,0.0583542757873506,0.151165854761202,0.0797651728570446,0.0314562064681512,0.0297410050761741,0.0504832883796024
"UI10-00051-Gracillimus-Nana",-0.122023682352806,-0.138310646450751,-0.133862540147835,-0.131684684551626,-0.17875957086159,-0.144374637762939,-0.14980829350803,-0.153367994805257,-0.153946586475399,-0.121674391780801,-0.155198137931076,-0.175434343166392,-0.170016237123946,-0.180355305661927,-0.160690966805828,-0.258603359851265,-0.175381937104161,-0.152045288682009,-0.228469215223285,-0.146291089725769,-0.159590421157959,-0.126886237015614,-0.151408529933219,-0.272439760067452,-0.135101631731422,-0.170592916473047,-0.15885391943088,-0.15267392935426,-0.164128335845971,-0.212264636793016,-0.184853477680508,-0.180785401474988,-0.163895361963446,-0.166485982948554,-0.149626240477936,-0.173657086795684,-0.143060446583449,-0.156058673497063,-0.170214497009169,-0.149884585697019,-0.210764699088319,-0.122700072186051,-0.188576710194755,-0.187457315702883,-0.150135394498457,-0.161582567619463,-0.134518656225451,-0.164861551889255,-0.161865014211905,-0.158078185013927,-0.167356483631735,-0.122091886856958,-0.187684801031689,-0.173304482682416,-0.182554930480002,-0.149949150776215,-0.239858078527372,-0.174299464084298,-0.159049889301576,-0.140971305710032,-0.158992759742545,-0.163837192588613,-0.137286572790517,-0.172753598678275,-0.255637566388203,-0.140838269625206,-0.165211472559309,-0.164162951121615,-0.266343298112069,-0.160045237598749,-0.167700124749341,-0.15185235551535,-0.138953383726549,-0.147209756786403,-0.145074531048496,-0.162920648932475,-0.163560525642626,-0.154698387348631,-0.155790519020786,-0.186491128066455,-0.166660394846255,-0.178326625064263,-0.15678940945032,-0.167938116261837,-0.169617119843663,-0.147539952004049,-0.173081277878748,-0.131982012643176,-0.109770037167443,-0.210537736787673,-0.160517614151868,-0.190879822243249,-0.177488451024618,-0.140523130291453,-0.147874892876031,-0.172665352687481,-0.170191116213126,-0.168646623943154,-0.162731258548256,-0.139140342351615
"UI10-00052-Graziella",-0.0336539762933816,-0.039615664771069,-0.0462564367423112,-0.03314975359178,-0.0470345881136166,-0.0624715786397684,-0.0469079356938801,0.0352105216400945,-0.0886422232287151,0.0190827148686588,-0.0620743348281755,-0.0592666046795,-0.0656647527862994,-0.0544251953282586,-0.0571556543364911,-0.0751870638045346,-0.0633187202850561,-0.0468180908473012,-0.0841712921503534,-0.0450097049506901,-0.0753342851240051,-0.0595657717843725,-0.103327373261912,-0.0167911879038455,0.0755751716120838,-0.0382932106612124,-0.0172607684077877,-0.0725702952732261,-0.0822773045503891,-0.0600397639257023,-0.130028273021977,-0.0505762502635167,-0.0673192091259354,-0.0784907208016661,-0.0734728601764491,-0.0417144191000407,-0.0979967243638026,-0.0479162803749273,-0.0676404097014859,-0.0853599776372682,-0.0446592631670004,-0.0619621645641707,-0.0199219259762676,-0.0783038230997378,-0.0827427503414962,-0.0537596322055241,-0.0768669541307036,-0.0460840183754089,-0.10157793125336,-0.0640948905936237,-0.0521488511100613,-0.00245982885210901,-0.112230538440678,-0.0531619905953385,-0.0992926500197873,-0.0491431063370427,-0.0479167221351889,-0.0660696512710284,-0.0542459527049355,0.0295304545598985,-0.054306782453496,0.12495923563563,0.0485810165070362,-0.0346850904803218,-0.0925964201284267,-0.097248086484311,-0.0524567276989306,-0.060832703969899,-0.0907087364963853,-0.062801305986795,-0.0774260801073875,-0.0568895993792453,-0.0491945929118777,-0.0825812334554251,-0.0567236138565711,-0.0976938574037202,-0.0644382201353074,-0.0453247343782726,-0.0557901337241439,-0.0471936331131634,-0.0565083208445491,-0.0664878965021016,-0.037019458884827,-0.0827668085426567,-0.0638868263769183,-0.0516503908122174,0.0558868785025614,-0.0949662180910456,0.0669313787748059,-0.0565443605643708,-0.0611940228928904,-0.0500054412384172,-0.0972197519525389,-0.0740496198007291,-0.0697284753509981,-0.106943977653299,-0.0092707833937926,-0.0383161830670621,-0.0584666881449786,-0.0868898648623882
"UI10-00053-Grosse-Fontaine",0.110737848932023,0.101121795215603,0.0942705763191046,0.0786812592044362,0.102103451953004,0.098734577782408,0.0945363217579658,0.0968927611994306,-0.0185166478312693,0.137242451771129,0.0950982267788641,0.100512562683656,0.0812926564761309,0.0779422863497419,0.110166452303798,0.090645688016263,0.0849594480631981,0.0935395383660524,0.112822207415812,0.113031383185026,0.0105083601404747,0.0949240092248704,0.116442453088342,0.0941714693606822,0.114046100818125,0.0669564900390676,0.0682102780782723,0.115034429135866,0.105034065234672,0.101265241586736,0.0787746639917725,0.110725219811423,-0.0158477235245201,0.0714060423814646,0.0859430998476658,0.0841286130412533,0.118896007133692,0.0861607612177772,0.114943477534262,0.0883013719254123,0.121501655308028,0.128058919422723,0.0965477347146005,0.0668810132468945,0.0775659509707909,0.115126667423784,0.0974673349877771,0.0587021650785146,0.0939910774008901,0.126898321147418,0.0885995456024466,-0.0388120822556558,0.104549781452126,0.129902114328842,-0.0191466939744401,0.0951161287179319,0.0805533578136434,0.0802748677215119,0.100330203445144,0.087379573617125,0.0657914891547375,0.0291486568144933,0.11352184601961,0.0953375772458256,0.0900056155755465,-0.00597928392176298,0.0473580740994221,0.1028609673993,0.148164482502736,0.126827164669967,0.0842256389444661,0.0931663575404471,0.111896516505859,0.100948550487695,0.0911165178994198,0.114389792712318,0.0778609443932426,0.0699952807531964,0.0903183453484108,0.0516208102748785,0.0306382466548576,0.107846595402674,0.0970425085697168,0.0958691685230648,0.093200481290896,0.0856712793379182,0.062893146475532,0.0588972567262364,0.111465378852852,0.094774886281916,0.087542850929243,0.102295561981782,0.080935731790074,0.0993876944007999,0.066384775189198,0.0855714152758684,0.0250355424798584,0.0846813509361157,0.102654101135709,0.0944868402556485
"UI10-00056-Huron-Blush",0.0187992216924228,0.0131843390248408,-0.0106509693804999,0.0171638144587666,0.0678528441974236,0.0430702670071988,0.0587913320571645,-0.0514135642852187,-0.0140478072344134,0.0197876143491634,0.0148768715723696,0.0124982532518356,-0.00348247762994078,0.0109962335895646,-0.00207336985865436,0.0323808935572725,0.0226339638340369,0.0337088670453861,0.0214556942608854,-0.027087445997826,0.0350958354085219,0.0105928153148884,-0.0338018492247377,0.0228633662339375,0.0591318261530734,0.0177373279580764,0.000197076106938098,-0.0114792881158593,-0.00312949180432992,0.0131606775015876,0.00579103185285258,0.0259022213636753,0.00800690921355473,-0.000552485580649464,-0.00240779795554743,0.0207157001177505,0.00680854649034998,0.0124061535242072,0.00296189325750837,0.027096171727287,-0.0295611657766295,0.0110529313390889,-0.0122335509768466,-0.00532501705291924,0.00890335027513895,0.0225554689617403,0.0122169010698983,0.00491482323399005,0.0129208581974039,0.0321919933088928,-0.0416495313495683,0.0285297984247422,-0.00112101340001607,-0.00132380860305603,0.00941524299435603,0.008249807093855,0.0203165447287231,0.0388238106144644,0.00298530842557733,-0.0301459595210469,0.048042453321819,0.00853222942415222,-0.000416647247772309,0.0361019514530005,0.00538152556247485,-0.0304432765383661,0.000707940933540908,-0.016920100291141,0.0303835168665339,0.0196437127893603,-0.00469788667451274,0.0448685431163754,0.0238289493850745,-0.0362696478300877,-0.00464235503207864,0.017693495232312,-0.0218939110253742,0.0218254571626676,0.0189314531289582,0.000999288379332497,-0.0282335716576927,-0.000000897736861314724,0.0321594096174848,-0.0165614629914236,0.0113573969598365,0.0256710415718173,0.00875009841586022,-0.0062034190666531,0.0429354897368734,0.00598749609272449,-0.00167932715100151,-0.00354401116739038,0.0262322161262457,-0.0125571911526022,0.00774975367699043,-0.00926627953513196,-0.0135781309701259,-0.00283466850439925,0.00930149571964341,0.00980379685320395
"UI10-00057-Huron-Sentinel",-0.095191373096771,-0.111769197414516,-0.157832148102263,-0.0241973475384303,-0.111826078415173,-0.0686045040793157,-0.106020038166791,-0.128556279035893,-0.0743217959165486,-0.0967983169965562,-0.0866532195498093,-0.115391463603393,-0.110783942394469,-0.105520421053921,-0.0245482061965329,-0.191877155553637,-0.0921516923899476,-0.116037704534079,-0.0832772835139294,-0.117347583774262,-0.0836973372648,-0.201658718429014,-0.128864943580685,0.0130426334923351,-0.056327689426438,-0.0245981352509916,-0.00639273466754275,-0.146986680415119,-0.0977048219871124,-0.117962986042323,-0.0930050784745251,-0.0680046181033055,-0.115052992547037,-0.132450630323956,-0.0552414222619513,-0.124616515752782,-0.0656807067014975,-0.153595558335678,-0.0888685564744764,-0.116257541908439,-0.195161296627704,-0.0626114722858865,-0.0162181966060241,-0.0777571695581999,-0.0851996177830841,-0.100552655960509,-0.0964858391325954,-0.0664399724539819,-0.0867425910811383,-0.104184812971435,-0.134967351583607,-0.100383051829108,-0.0954912668935146,-0.135708498424171,-0.10434529356005,-0.116711671954843,-0.0952913187011726,-0.0655313408558922,-0.0764273162798179,-0.105579602932803,-0.104363493238363,0.0705591696329874,-0.052742455732385,-0.0713287992288713,-0.114729014454641,-0.0583444099962884,0.0170403231606731,-0.118715015613558,-0.119253031401494,-0.072684529771147,-0.0956931810131001,-0.105496566263735,-0.100836192763369,-0.0893015067750368,-0.12512082579629,-0.0745209776683064,-0.105719840702636,-0.0715140694678671,-0.0949961389429021,-0.077630986898072,-0.114290899352636,-0.108754048714629,-0.112687562158157,-0.120186411651663,-0.105343595886993,-0.0271075031776524,-0.0836073207883742,-0.144813813475859,-0.0847959170422656,-0.129204333671123,-0.0830389099140733,-0.104528807487685,-0.0936598220059818,-0.117593587594268,-0.0860285367296041,-0.0975710865150626,0.00342911535973039,-0.0243922716646235,-0.0943719639408925,-0.0806424791736548
"UI10-00060-July",0.208405551123117,0.148772785860244,0.215887499171077,0.195017699821688,0.226498831025525,0.211368790124556,0.137393329128466,0.128864816443009,0.213955039561506,0.170658930954128,0.180068675582349,0.163540580151429,0.249427587563258,0.193345638525495,0.187208206564662,0.114914760425963,0.19125389579977,0.110595463809753,0.145351632171545,0.188097320033138,0.190429818127389,0.143140596857281,0.202901689060278,0.198574009006711,0.207844290553752,0.187099743518907,0.0923501424948353,0.130450723297961,0.189921394701031,0.214946893000681,0.157469309577561,0.204728662136513,0.193517596295203,0.247513414166859,0.211193902259859,0.173487648886453,0.140514505813499,0.16866898055529,0.119619295187569,0.186838933149306,0.181586099342271,0.151865458982772,0.157599020340558,0.0999058881038995,0.208051791259244,0.152220287573003,0.17973420982931,0.210216311638656,0.212406863066879,0.180696799461094,0.205643531606481,0.181734672686713,0.183417438527261,0.177924578782169,0.208974535545546,0.206362662063051,0.104526449311606,0.195642057416141,0.209179877742138,0.220335985136307,0.187959637669634,0.172683474025567,0.189218312593108,0.175398317338529,0.144842076419134,0.185922191124541,0.100346890179,0.199943139296002,0.216283334422268,0.206627210927449,0.18653321210967,0.196835780082486,0.203634213988842,0.166683857994835,0.124632662581866,0.17944762028501,0.209529768726572,0.185722743095166,0.186141273987086,0.180545138142844,0.224709735734584,0.180684630446641,0.179594861722296,0.195033956251836,0.180405960222163,0.194377708000582,0.0977475484143172,0.104290149043686,0.177188143920338,0.154112471961753,0.148082926375874,0.164951036440739,0.232759833184215,0.190556639648516,0.0974865830948682,0.141289008307659,0.183527513924228,0.194157859550485,0.155271610879927,0.187106561337791
"UI10-00061-Kaskade",0.150565178778724,0.109027923169911,0.159396937239728,0.12729068080126,0.125408532359631,0.192939157626137,0.127425798992223,0.0920539998077658,-0.0166586097388372,0.103081842299238,0.123268089429851,0.142204889235943,0.132369325421057,0.131529053412967,0.126030392863378,0.0843099259432133,0.120289590454576,0.139196102833094,0.120429405519512,0.059708095983375,0.00309040819781394,0.128022615497855,0.138182685240814,0.0902342782571747,0.06358687931062,0.135534888592406,0.152073612723695,0.099631967769978,0.100157340373583,0.10255797969749,0.17354226035418,0.156437823290513,-0.0247813293144253,0.156806541872623,0.123509804543718,0.132893816920208,0.14397545827484,0.099265679391333,0.128860752574964,0.124245750368851,0.162810708635729,0.0830017176322026,0.136652463174494,0.180256583592676,0.117465417893899,0.161438975546121,0.156780102451391,0.13772596558207,0.129439619719262,0.163454174607242,0.165474991128376,-0.0361450399620738,0.132247627647553,0.111390462477007,-0.0117759078042362,0.10528908617061,0.111707305828046,0.114457125921698,0.132850512590308,0.205672852133529,0.13680451487678,0.0250995820886001,0.140375420974995,0.104227500304784,0.156640812897539,-0.0107292726136987,0.123861669047641,0.137908291829188,0.0975388369344451,0.117182468885174,0.165511672344122,0.134399089627021,0.138446991209286,0.130062403154782,0.0939925106172746,0.152894269415262,0.156427853967714,0.212681807646353,0.142581163322874,0.19476427190782,0.137119615029035,0.12862397066877,0.131563098624385,0.124403142402898,0.146335234149277,0.137216647501298,0.111432945570203,0.114102741584309,0.116029340854348,0.0819440437369442,0.165042922436846,0.117542356200581,0.126733625252083,0.104525730213858,0.143505545958469,0.146118027871937,0.0265237786211176,0.138175257181755,0.144037487876007,0.151859457171241
"UI10-00062-Kirk-Alexander",0.178582047439035,0.100694028940883,0.107901612149995,0.0878383491246846,0.177229589939089,0.13670441531973,0.182467816134683,0.151818170886252,0.172722329656496,0.163210705163054,0.147292178502519,0.176253406765431,0.139922824478637,0.179158289581835,0.172595093091666,0.146525300820983,0.145185177605744,0.159981666936865,0.126167712666243,0.159608658049003,0.161591185974939,0.198042715274241,0.19352793792755,0.175020113987786,0.171978899440617,0.158067939283251,0.160675490057687,0.153469318040354,0.198249765132751,0.119350833680908,0.152223598415594,0.139763619163686,0.141709978654167,0.139940324625432,0.145233563851408,0.142191119217621,0.179281413268672,0.121496321900958,0.142231060822925,0.158372491737633,0.127405092563397,0.231003584053512,0.189751766949707,0.222382186098059,0.163635404288776,0.166710788120004,0.170879547532173,0.209980149449901,0.171586966369568,0.168463075166423,0.175804189391636,0.191450859270964,0.183889073977816,0.235114222962859,0.12711893360607,0.133856801632647,0.139876392183093,0.186590166929767,0.163162886453862,0.199384890958336,0.185223797837313,0.15940176274878,0.16428816494514,0.153420165520957,0.174834304528997,0.139186924598578,0.152715144339661,0.196777324874691,0.173704409179755,0.12621276169774,0.15525825247796,0.222556282636959,0.181334320679247,0.158090651106613,0.165912438459169,0.136501917989593,0.159585781559583,0.155805961154759,0.0983476351642546,0.190673558064829,0.155340338119232,0.143718606684058,0.158257008550854,0.168665330421605,0.12812491228959,0.142627997760754,0.176941363646036,0.19266206936529,0.152569899996846,0.139080047202249,0.158794018271982,0.135834197283439,0.167349433221855,0.156778959527587,0.178648632107682,0.162919613048099,0.165103423890039,0.155936575713564,0.158646691374921,0.146221519572772
"UI10-00063-Kleine-Fontaine",0.132740443334379,0.14468390094102,0.0842227344765718,0.163921537918586,0.124161694686939,0.102714099033803,0.148598964181248,0.127316256913652,0.121314261894113,0.105174694333061,0.112587288217346,0.10058676504096,0.124218865517619,0.110652081214079,0.108077304104737,0.135254757934547,0.131855445188662,0.147612696454629,0.116468533039421,0.0576906389087763,0.120103903654998,0.097734952735235,0.090089749296933,0.134491333954349,0.0733653494464151,0.154929288234682,0.131593397569907,0.144275615580451,0.0921269763825183,0.138590318085889,0.11465652377755,0.103907142093231,0.120250441581866,0.136091751590704,0.115779121007856,0.115232524498076,0.139950352632598,0.11732945249789,0.153063788846723,0.112391549129713,0.103905427046153,0.132467105929904,0.129810186737722,0.132281278512327,0.0968908236226129,0.101906053781658,0.105968022871339,0.155978337731113,0.125791146534187,0.141451721430575,0.115127729580534,0.0936631774868428,0.117704891790671,0.113250902263719,0.111600282738547,0.127620584201311,0.133155083534616,0.0948972974257703,0.119936903823036,0.138413924217911,0.12989633385704,0.133539300460783,0.103919265511898,0.131209317267481,0.108083364227376,0.143939206632733,0.143367027841437,0.145727691354807,0.0375737989095219,0.100922420949162,0.11241217952068,0.102244176335201,0.121480631940019,0.122064025380147,0.158327503629094,0.106126098715704,0.1473010003653,0.13205577118818,0.110917871949493,0.146065379700285,0.125721029851036,0.124888846491099,0.117977886181551,0.119962751836278,0.119871429287174,0.122551832062874,0.139877821870933,0.145190120604572,0.124015422828498,0.122133557443993,0.108525439428343,0.124988644618155,0.120843007200539,0.11747943797198,0.130106297639083,0.0851690689972906,0.106897842460546,0.101233650972337,0.126635335499845,0.105942627360058
"UI10-00064-Kleine-Silberspinne",-0.144229261026547,-0.192779028366051,-0.143663380641337,-0.155516695824889,-0.104339324778225,-0.133655466696243,-0.14356814273885,-0.196940858257669,-0.126789796708615,-0.12395434804713,-0.138994493577672,-0.141216304596323,-0.188741520818299,-0.137593025449245,-0.181132234262992,-0.16814865694755,-0.15361008259451,-0.134777245005095,-0.16300179680164,-0.154936126831395,-0.145225423671048,-0.175905489341746,-0.158795732979211,-0.000557079526841343,-0.178778453719844,-0.191192230299995,-0.0191003168279551,-0.161429032091012,-0.191712709377572,-0.174366285005738,-0.143975123469423,-0.0837690019306179,-0.16403803493112,-0.198364732836196,-0.157262057550186,-0.138679151606059,-0.198588771291241,-0.161331430255522,-0.197297068852729,-0.118058366905483,-0.15411827780763,-0.139116089708971,-0.140600379754151,-0.115423079741954,-0.148750383557268,-0.146661816097933,-0.14636855102451,-0.155422636193154,-0.154253831519289,-0.13474161547904,0.00294451795092549,-0.164990966584761,-0.19085605462763,-0.175452696901449,-0.208252975737261,-0.147907646542345,-0.162056422007281,-0.13288889398756,-0.201654507203816,-0.166333545966273,-0.13308110433123,-0.151036201482639,-0.20164125881663,-0.160468282777808,-0.158559702264098,-0.225288964414654,-0.143584381457899,-0.0373644153557838,-0.148551040690116,-0.167190842591803,-0.141951543476301,-0.176947308749401,-0.0245399335382747,-0.150083613677605,-0.180421476324742,-0.0362663941262781,-0.0204804702513942,-0.219223424811864,-0.0211866881817561,-0.14801714347949,-0.138128488921817,-0.132135900310115,-0.176641012733672,-0.167221538499139,-0.203039273635364,-0.193438083135963,-0.171165899496966,-0.0154792926126111,-0.142604691458343,-0.167510468176845,-0.169816903396977,-0.175939825133011,-0.172807788534098,-0.163575116513439,-0.167314621996636,-0.158793789511986,-0.179987052193885,-0.174852949060535,-0.242260683455608,-0.128689877162256
"UI10-00066-Little-Nickey",-0.00859187113085869,-0.0118747913484674,-0.0144034177900799,0.0168591046487581,-0.0239449683578582,-0.0315427727528704,-0.0082358594913816,-0.0111064366474292,-0.00304585272262169,-0.024760630125809,-0.0141562900071595,-0.0121960551445759,0.00141278684478114,-0.0310180010920594,-0.00249518248705786,-0.0203723373026009,-0.0187971249775246,0.00803411143630201,-0.010119522098755,-0.00446365145129413,-0.0183248597306006,-0.0312737452078709,-0.0211047502374292,0.0305751764898814,-0.0214831751771336,-0.0223944820090439,-0.0155253980155816,-0.0314427263575906,-0.0410374714887335,-0.0248400158677669,-0.0197066951573085,-0.00986615022655052,-0.0100232379766795,-0.0480648446572539,-0.0265477878060976,-0.0296469076428372,-0.0228836748019918,-0.00343427723305603,-0.0216936545738177,-0.0187236971536138,-0.020475156445222,-0.0269908215083169,-0.0121799828138102,-0.0322881043640062,-0.0136967103501823,-0.0222888072688051,-0.000525260880389639,-0.0175200138046886,-0.0100760542191843,-0.0250487529889265,-0.02448891518032,0.00937885116889788,-0.0270242929694982,-0.0103483227143303,-0.0000580008938173664,-0.0130957206250562,-0.0135538759220663,-0.024047914605695,0.00152211793759534,-0.00880794845594328,-0.0248596719036564,-0.0634965585860186,-0.00225743184851922,-0.00189443852131432,-0.0315281089531677,-0.0427486597112829,-0.000342953142559823,-0.00664746916975028,-0.00900628737102277,-0.000147385192353577,-0.00414834599145346,0.00231694284559053,-0.00272860708886235,-0.0191941088767167,-0.00796432347401055,-0.0153818437808599,-0.00187658059908504,-0.0336575877026958,0.0191191489564572,-0.0205267644953299,0.0125474498776052,-0.0163517728516661,-0.0113427629340975,-0.0278020927242633,-0.0228886336756727,-0.012019385200941,-0.0210506258756479,0.00145985768143239,-0.0150687372000059,-0.0170927877949651,0.00894323846858908,-0.00590853885200289,-0.0190905759783808,-0.0159345741082297,-0.0289651923900984,-0.0174067251041369,-0.0391831311676325,-0.0370287855046897,-0.0187822151645896,-0.0260452389543591
"UI10-00070-Minuette",0.0668073618152124,0.0462153043624157,0.0508000266558817,0.0606544924771075,0.0427616877199675,0.0146593091600216,0.0485316476592029,0.0317087362300412,0.0449278883468029,0.0300871219788462,0.0616266539498894,0.0385558471454722,0.0570786295551199,0.0615779642895873,0.0483679559883585,0.0496419080414638,0.0620981998259881,0.0286002449180162,0.0612702885132666,0.0490816281344727,0.0515381257921006,0.0687845135142242,0.0323182982246825,0.0510277819920115,0.0369656175753724,0.0787491918243521,0.055792084847221,0.0688488048033542,0.0329511277438692,0.0496803357934957,0.041313506505837,0.0725026288715509,0.077186893974949,0.0436200503719332,0.0375771791507237,0.0405016159604042,0.0387041564873947,0.054796217703294,0.0579787933707604,0.0362373313835844,0.068894832496235,0.0504163274958043,0.0628561608304408,0.036937567502927,0.0511083260021577,0.0721082421184215,0.0646822642578368,0.0457388828222752,0.0531848549531489,0.0594282794764404,0.0406515721455713,0.0125165946118187,0.0317041464665547,0.0735555341752921,0.088500283643647,0.0369345349799257,0.067982858676608,0.0506630319039365,0.0323886904662294,0.0456344461650696,0.049846461851307,0.0245122775277087,0.0378783534465507,0.0463169757688175,0.0475802853031389,0.0556254179238432,0.0538857280679096,0.0476074676476936,0.0600732968720643,0.0533427304074291,0.0315175827530901,0.0461650142518314,0.0585220519012299,0.040433163217704,0.0613402032566754,0.0299899478453843,0.0428707746709181,0.0435309454572026,0.0322998458780006,0.0594930606516046,0.0243757702136342,0.058324415453159,0.0305157149164362,0.0593034726620588,0.0510043410453086,0.0451429433437669,0.031690872795815,0.0345599279016943,0.0383957995839292,0.0610110005354324,0.0484274009610115,0.0500575351894966,0.045596275798881,0.0487498141603237,0.0753091585642034,0.0678158577193187,0.080711269711272,0.0308167864866597,0.0431085987584575,0.00967311670147418
"UI10-00071-Morning-Light",-0.0715261481559401,-0.0836317336488221,-0.0592647417433275,-0.097408930293352,-0.0393374231343765,-0.0634713936870063,-0.0745311524360209,-0.0692964070709387,-0.103413122838034,-0.0864210298018839,-0.0292100732120703,-0.0816243919826748,-0.0804013951146307,-0.106819171686284,-0.0696616753633561,-0.0227184698390648,-0.0823290575762307,-0.0716580892290786,-0.0672084623011302,-0.0729810077717142,-0.0830957155513949,-0.0998478077577529,-0.0965692536937931,-0.0915823166133006,-0.0236679313298711,-0.0664748312154233,-0.0868038513534208,-0.0702831107452083,-0.091973567669797,-0.0735723366545444,-0.0820940185105903,-0.0854963713962818,-0.0321913803551494,-0.100723515248164,-0.0408260027460226,-0.0493932646665906,-0.0730675444533566,-0.0236943658515777,-0.0932535575966196,-0.0612840995785343,-0.0761518622799559,-0.0872403002648376,-0.0836071289637844,-0.0782483133817598,-0.109140421134876,-0.0861448344593738,-0.0817406608083544,-0.0731534632742324,-0.0573053289643922,-0.074502947135463,-0.082746275940054,-0.103808102451855,-0.0879057031035509,-0.0897516562381317,-0.0888668616461313,-0.0933783053526372,-0.0909781175825768,-0.0941730459143471,-0.0908541593508684,-0.0828408646073512,-0.0743133968243087,-0.100849124408861,-0.0614959192109211,-0.0934645724617854,-0.0755305330993939,-0.0964580097735007,-0.0729265126583977,-0.103698337767435,-0.0927811852326408,-0.0972370854507161,-0.0462023833617424,-0.0313106616793594,-0.0678619174400885,-0.0995302749952144,-0.100872386993743,-0.0943496658538801,-0.066820862390274,-0.0572682666088657,-0.0558921445097288,-0.0501579605665384,-0.117188872752258,-0.0749344474178024,-0.09203627548577,-0.0978821961923355,-0.0832827664572087,-0.115393890213537,-0.051683645073272,-0.0683620697738562,-0.100434164795921,-0.0519143189689298,-0.0725008562192117,-0.0702575766025037,-0.0694482942861216,-0.077787407450437,-0.0927002655729638,-0.0736952171534249,-0.111921313109731,-0.085621388711939,-0.0872136185911973,-0.0896354918602669
"UI10-00072-Mt-Washington",-0.325932302978603,-0.219357296818823,-0.269608583832772,-0.223470966026325,-0.160137103817177,-0.226579259586479,-0.199342327545088,-0.289960005053046,-0.239213276367398,-0.219572526848718,-0.233546342572475,-0.238012365377969,-0.245552574322362,-0.249803362591832,-0.260123113108349,-0.231830794421215,-0.200423218097924,-0.229341051558561,-0.248221297753184,-0.244938397664625,-0.203021140440113,-0.186225974252474,-0.214901938607978,-0.123244829983283,-0.214611925528663,-0.235855130692956,-0.364450289388772,-0.20066339392192,-0.199689306089126,-0.211547914580638,-0.229980483369344,-0.213969133269744,-0.223445805066053,-0.199348175763308,-0.188065977693033,-0.226393040406261,-0.187747569082151,-0.188949521259777,-0.178497937238877,-0.214340989266552,-0.206442594526677,-0.190745972958669,-0.237207280097877,-0.152080382904453,-0.20375998135882,-0.237624379573986,-0.145157180271375,-0.255519923058794,-0.249868528341254,-0.197141273907646,-0.128701437617316,-0.311903840301927,-0.221547472013604,-0.255191946116943,-0.218186771660239,-0.230532681081693,-0.234187574620141,-0.264001261232465,-0.205007756788737,-0.207603608988064,-0.253140362630443,-0.207021091654942,-0.21578568887517,-0.236326458252278,-0.221562907283319,-0.197377352491204,-0.168597978554225,-0.225812771141863,-0.235823505762617,-0.233236198103051,-0.22320343580157,-0.214073788004713,-0.213858561305296,-0.193099999768654,-0.221077294131825,-0.240629085622312,-0.22563212021869,-0.255720941976651,-0.203109034386877,-0.201534265244411,-0.188474598926659,-0.287441164481076,-0.283680702788443,-0.184758200337437,-0.24387158149683,-0.190842102514885,-0.167096909305699,-0.30267492274645,-0.257067841964104,-0.174322125378584,-0.228662420173643,-0.224063076248566,-0.213964415602055,-0.162981985301177,-0.25188189408629,-0.289617713134518,-0.187715509612954,-0.238704634729097,-0.227728744189049,-0.219539572430474
"UI10-00073-Mysterious-Maiden",0.136483901085948,0.191330305233331,0.158066093219746,0.190336376331222,0.20119960226423,0.146583921190588,0.186546458032143,0.207563737133931,0.136538396284834,0.243425599501084,0.16629934927635,0.178375079512304,0.230069643840206,0.178743451723574,0.119784622861987,0.178504262000305,0.184132690935033,0.243817944281329,0.189884553915517,0.209746261482809,0.180476465550472,0.182983786707682,0.203750114585216,0.126121905183957,0.23755831693513,0.197737123773646,0.184671342148441,0.124470146552797,0.172336386960346,0.180511016777333,0.202325153731136,0.167522767399873,0.166038486460058,0.205974966573334,0.20846000277793,0.194904553485951,0.14645541194795,0.222207666823495,0.269268688963721,0.179948890799644,0.229142706288982,0.2077224331593,0.154477470344414,0.135542402200053,0.223219325560461,0.205747810284769,0.172130989087046,0.176525617878866,0.209917843438736,0.203393432430907,0.173863933663985,0.144992864683907,0.212115140789198,0.182010483882905,0.238729847656633,0.222109905945568,0.215402632057594,0.2173683472422,0.171455247809768,0.146537717958637,0.193551972125959,0.151583280032772,0.187659664132626,0.262734186826534,0.181501990463851,0.241251449266091,0.202045139201987,0.124497947279408,0.210242619299399,0.135890245247205,0.193600450179163,0.141387698984204,0.201641821068461,0.15593494496891,0.188974528559967,0.215932693223745,0.202194947932703,0.16646245721173,0.23425811272684,0.177996561550385,0.155525196632788,0.239124946806303,0.20072010683179,0.186853188357451,0.192269363300202,0.213357465808305,0.219123262488134,0.255175019549387,0.178895660435998,0.19784955950953,0.161146584554043,0.229891924076607,0.184289513722474,0.179897235376879,0.174863189965566,0.112148464294494,0.226931470833263,0.163421582583317,0.204110214204796,0.20628335426318
"UI10-00074-Nippon",0.0924840792720455,0.0743748041808615,0.0832642914854678,0.0872399772023788,0.113504104919269,0.0897037445389342,0.104219298757296,0.0593764705439561,0.121661515850903,0.0898584305214102,0.0870011855408929,0.086766574907195,0.0764721987588757,0.0606102913742132,0.0656458089305675,0.108064652140314,0.085134141444031,0.100680303576927,0.078180132312774,0.0745404547799818,0.103173378528044,0.0565508107290043,0.105433015485568,0.0864847414695559,0.106612771447341,0.0292005702693443,0.0389530633151661,0.0780581890071758,0.058912252124205,0.0929742690148368,0.0575698432377515,0.091495429825179,0.0584335193704661,0.0967567704243609,0.0688165726083167,0.0946648190687019,0.0536311919342906,0.0229032894705538,0.0678911531104688,0.100709579833282,0.0775620141035023,0.0850201685322764,0.0355842669128821,0.0761889568887905,0.0538345623136954,0.0754190703391339,0.0321280453950437,0.012694915247684,0.0506573934489441,0.105133784876209,0.101595232012426,0.0867282625825567,0.116986099693107,0.0626881561115806,0.0972441052638314,0.0667027534794524,0.0596194167462484,0.0579299613601195,0.0489842409787093,0.0659179750789908,0.0653581796198821,0.0579927723945606,0.0748563335904646,0.0606770447263336,0.0184027798499177,0.0818917642597804,0.0923837330250687,0.0854692181811326,0.0853529306761009,0.0589253612312359,0.0795789930265536,0.0635145442954094,0.0997055094122641,0.075012264385538,0.0805715632266752,0.0303616154272661,0.108143088962288,0.0447981978438037,0.103396340323501,0.0439249362455751,0.100929693964189,0.0867366795469202,0.0711405952394762,0.0517861576646425,0.0518713454118448,0.0567480152274164,0.0742606897010332,0.106931477300473,0.12809678615389,0.0799448092007686,0.109584206114635,0.0408164861162887,0.0573290695920491,0.093365274260383,0.0544126227010347,0.0266851804922093,0.0622840578379496,0.0919844746330819,0.00573498727160025,0.0325834543305441
"UI10-00075-November-Sunset",-0.0667555132868979,-0.0410851804094299,-0.058765706566121,-0.0669549330144697,-0.0740918183871055,-0.0684436185704773,-0.038500277550654,-0.000358446055925023,-0.0575598392731936,-0.0707605877032858,-0.0561033234509181,-0.0622253370971249,-0.100708900262927,-0.0384173201981066,-0.0704717712804025,-0.0725627937374391,-0.0608215282557909,-0.0898615730262662,-0.0889209538411198,-0.0231611089802914,-0.00627572891358023,-0.088061294570294,-0.115269106235012,0.0407420770323179,-0.0905876938096962,-0.0386761381859843,-0.100048811287768,-0.0924469369131067,-0.0596372974282041,-0.0746981587996905,-0.0620838812097963,-0.0810533106540298,-0.0293262877909514,-0.070676561265808,-0.0799181009047387,-0.0329242615149405,-0.0737526362477983,-0.0752406807558065,-0.0684662272573004,-0.075357975875806,-0.0531663583499339,-0.058921569680537,-0.0662327480855675,-0.0606568537003367,0.0126006128069497,-0.0900833164639998,-0.0795278240370634,-0.0601055855087152,-0.0493031599062655,-0.0798104300948837,-0.0935961439504812,-0.0616677679778867,-0.0610028647696073,-0.0592008398725062,-0.0599055887951003,-0.0831610298471153,-0.100025326425991,-0.047055034305021,-0.10845323404704,-0.0310148314563569,-0.0559326259398667,-0.0672467472564973,0.0296165447582108,-0.0494956361521447,-0.0415234422732526,-0.0467240670473671,-0.0709487037850566,-0.0794093894164058,-0.0697630881459687,-0.146029553420789,-0.0572235195743628,-0.0697888603303243,-0.075025097450888,-0.0663122588467285,-0.0740148131339366,-0.0471253273793363,0.00410571427855527,-0.103881229646158,-0.0559288396080048,-0.0717894308702878,-0.0332063702212455,-0.0952279556971497,-0.0618595522196519,-0.039235180410247,-0.0612825420749675,-0.0524510635639816,-0.0727221812979953,-0.0958264941641923,-0.0767994300203749,-0.0398789935797633,-0.0489346997392485,-0.063731463826849,-0.0536098405481761,-0.0419759856435497,-0.0466144482150483,-0.125964692786457,-0.065910551797977,0.00543541375243119,0.00150686593515614,-0.119466725381519
"UI10-00078-Puenktchen",0.0166791136986946,0.282603825756239,0.313143486098473,0.275389535260286,0.255988610027384,0.2403589490545,0.293459350427323,0.273527232004084,0.252541274475974,0.236694837855335,0.223520938836379,0.237301083867577,0.241386115301021,0.369608167321951,0.217564845138111,0.220297996784238,0.240037085085871,0.276175234112315,-0.0231661588274361,0.280689858896142,0.237245114691069,0.276936619705002,0.241349576046313,0.242378517617302,0.241721401765454,0.280274623104228,0.225742522015845,0.256568534197357,0.249722185061454,0.245288291801101,0.24984864431255,0.236707509888101,0.238978442962079,0.270002501631642,0.265008762630258,-0.000250852255438078,0.24124424223521,0.261893904654715,0.276636945940921,0.251792437630555,0.268516431555857,0.207282118876154,0.221903439094176,0.199949732215705,0.241734058900134,0.273905719999471,0.263620099069396,0.293627342725404,0.247773020156589,0.233902288633916,0.26002126820531,0.254230813800474,0.223344531050069,0.218081553187169,0.267053496881992,0.197401650807662,0.255013744487507,0.213874420860132,0.21503021942922,0.251288475086159,0.182142100678088,0.216434992846306,0.0126527961185097,0.2913799336733,0.308098959963991,0.261445100401737,0.240005938374442,0.218565986967999,0.242150577394116,0.277928049069515,0.255017136864346,0.316637062793327,0.236857928429987,0.246157217780112,0.259011541765673,0.258754443073891,0.246070715970869,0.275414885928154,0.233930592321203,0.2653294253667,0.286126445299218,0.212468170385982,-0.0226065926805406,0.20434219870022,0.277053411824894,0.253140514897257,0.226421306675048,0.259264472676258,0.241237768787857,0.233958733913216,0.295315423513459,-0.051545315755276,0.235588429488,0.214702872482463,0.256245920339018,0.270644688110036,-0.0336591153803373,0.271693402982466,-0.0213566239849712,0.0140949197444517
"UI10-00079-Rigoletto",-0.177130990753909,-0.153611956503707,-0.192714085335918,-0.15281705867353,-0.180007732684129,-0.169751786913225,-0.196388841671286,-0.208976610436003,-0.179117255979384,-0.187020382933842,-0.166349205958974,-0.204962200477007,-0.187496415755199,-0.167355203508972,-0.198681081523083,-0.187398070655547,-0.178277164440755,-0.16402965849798,-0.149375915292734,-0.18927910642682,-0.199370200546208,-0.199868098170742,-0.241028168422288,-0.0935545232305197,-0.202727912607352,-0.203512788195306,-0.170877596443006,-0.198736035294262,-0.192815726254235,-0.185001195982802,-0.108861321181256,-0.227105166803269,-0.199937944574891,-0.182067665487185,-0.162277372803948,-0.175380473444833,-0.18722519650071,-0.216269910561614,-0.170041969436628,-0.17966156056563,-0.180372697270794,-0.220679193595089,-0.187978291655933,-0.12032312135505,-0.195789211796073,-0.194771191558692,-0.152333551166392,-0.167913235391938,-0.122476204757837,-0.188838475336194,-0.196217194903872,-0.187021029481725,-0.218734729674659,-0.19355848524494,-0.21187983576881,-0.214772459380716,-0.218618103337801,-0.188883255830419,-0.212708031161567,-0.221881864397004,-0.195992229466896,-0.183204979949857,-0.197413127614004,-0.204257576917179,-0.171947390179626,-0.203472292877146,-0.191946265186891,-0.186181842627123,-0.179145851769107,-0.171107987631724,-0.199166613718704,-0.193119182960936,-0.182653078087957,-0.181413308887338,-0.229432156253386,-0.209514553581781,-0.164922015750038,-0.168249964105028,-0.19238841475598,-0.193616997260395,-0.173337301099664,-0.17810258866145,-0.202977385840044,-0.215375953225932,-0.172843937710162,-0.175295132136803,-0.172034335890451,-0.114742980999046,-0.193523539836137,-0.12868637175024,-0.18370775096306,-0.183972931604156,-0.1876056189015,-0.181577529317653,-0.190243059516534,-0.125080162899316,-0.152832829570766,-0.182390553451557,-0.179148879880908,-0.165179353424623
"UI10-00080-Roland",0.079499883020476,0.0752646046185474,0.0772365037449051,0.0796486497825779,0.0615639947589264,0.167441044886963,0.0504493370244075,0.0429974012465588,0.0426940397911498,0.070644672672731,0.0471123834349827,0.0815163547155566,0.0791010375106883,0.191813787791711,0.157767955651729,0.0991911827690201,0.0954009094727382,0.0465782781406339,0.101770555389014,0.166804677801779,0.0729064555379171,0.0673883597087636,0.0917162714198949,0.075649094882806,0.0643423484114133,0.00075291009425465,0.151410321905585,0.0730146135384434,0.0728739869533463,0.0757447236110757,0.0513720128645226,0.0824529837581338,0.0830086193473466,0.135948167332662,0.111198223216824,0.0797655414058169,0.0778315468021719,0.0477108278913679,0.0724826095155972,0.0915708365612851,0.0799164686631537,0.0661660677194177,0.0688607444432148,0.0761070095187628,0.115857172346359,0.0436311086574618,0.0596007761081362,0.0906764687776568,0.0954358087144786,0.0769258616139385,0.0493723434275714,0.0809127255611019,0.0766295348589987,0.0385639297383423,0.0614573763563966,0.034009593880414,0.082471323222931,0.117611707873515,0.0340852522201091,0.0902336322200179,0.0532832038325109,0.100376163127348,0.102595219523417,0.0431159760916183,0.018249946467739,0.0647638878845663,0.0638534359992336,0.0582242060714154,0.0850060169582093,0.0674476438298158,0.0886263453039665,0.0670775029799156,0.091823306491563,0.0375488626028119,0.111030083327913,0.0639647100025164,0.0806622543635226,0.0773580455468234,0.0913234455919607,0.0585960329913489,0.0848698366618835,0.148494355790184,0.0478624820385841,0.0815361230066028,0.0942791190429194,0.0451448707207529,0.10702310972961,0.0520924303380729,0.0767921638105274,0.134171178406058,0.077475390031673,0.101058562230102,0.066357973411183,0.112512265779861,0.0997697003309056,0.0830731127808129,0.0910433367571728,0.0117882907118735,0.150107103048245,0.0889751170216857
"UI10-00081-Roter-Pfeil",0.177122438786062,0.159447305994814,0.235824904100297,0.17507552893658,0.00201882922119478,0.146669789702635,0.151101949969184,0.183951796421608,0.150122865643103,0.130972530141748,0.183640721185835,0.16923864079606,0.149211493432637,0.247916459576281,0.165125545050821,0.189749019435171,0.186559929427881,0.181532963764559,0.160814811592154,0.195162484208643,0.145312098890182,0.168642839673275,0.0557394385763802,0.120851760878117,0.157902274087954,0.167112931657022,0.153448668124074,0.169370731319476,0.169669164785335,0.183930005489649,0.174318195817639,0.172928193827636,0.209664122295496,0.151552905227765,0.168657800908711,0.148869189369821,0.172235343585349,0.148803726215284,0.192193518197994,0.0230541950713165,0.125632636166111,0.194132072064184,0.182226124783511,0.146417832327994,0.153946470562388,0.00281732363753007,0.116351029930963,0.19366670493104,0.0221829921394435,0.144184800035713,0.182562966043605,0.162623654454619,0.167990454108787,0.0249242239086012,0.165430151524658,0.144475284949926,0.140486256927394,-0.0245154119255767,0.180571697992262,0.156216044369133,0.155763840992843,0.243158686261249,0.197481808834909,0.176351201211441,0.0423764482029791,0.197100670431241,0.196535489761791,0.216519018777056,0.256000470934242,0.13828459077321,0.141139143192735,0.165806053551918,0.181526396837843,0.155063815915885,0.17749709952705,0.177915577107668,0.115469318016816,0.134170282668743,0.142742031313285,0.166152903032899,0.152660946710798,0.13254061826315,0.250223498555167,0.195939265064275,0.155067726130212,0.216397495540887,0.14633777694095,0.14358773051924,0.159060884627703,0.172254399302217,0.152705410358219,0.292327836973614,0.0139880203143206,0.143812077954676,0.16629567637375,0.173827373582205,0.187898498108476,0.0462114901466515,0.23878720517346,0.119777576978643
"UI10-00082-Rotsilber",0.111724004853663,0.118542847018139,0.126280594141333,0.103458359870711,0.133906929124284,0.0965066633799479,0.106771928436569,0.119352880782613,0.119726224799497,0.135321987266839,0.120993565177994,0.159359237811707,0.114153874635762,0.0582906826806493,0.120405438611764,0.118240287931341,0.141125695478054,0.129383274400889,0.125425858231757,0.042598494804317,0.125878364752419,0.119269348838301,0.12783017518295,0.132455742663657,0.156674407739689,0.106816776784434,0.126142024889405,0.109901440425907,0.085246138564579,0.139200423395794,0.121081202644968,0.123870949436433,0.0947917083748681,0.10701244191208,0.122901701180617,0.138112100566837,0.0902336044110652,0.111140127206141,0.138185801960349,0.129525750337183,0.14248768441822,0.182234096755931,0.132895668617049,0.14106435209369,0.0764851374869292,0.116877418783697,0.139192964193354,0.124600732980679,0.113982915374947,0.105781193005606,0.129940534043198,0.105176045878604,0.128807558983983,0.111702365155703,0.0861809327140104,0.116103068930427,0.0890485882672323,0.135721882783367,0.101641780073581,0.126471466646691,0.132579480103335,0.117271627165548,0.109631388271902,0.123508203419983,0.0974057708358916,0.145870312196434,0.119775549011311,0.131113287798619,0.0311128829922402,0.131370552893402,0.124677575113291,0.122477893865604,0.148858560620065,0.150669145196663,0.116537316553696,0.0993260126279075,0.130763106010954,0.11937723904904,0.12855504611883,0.10362545888909,0.124130612532353,0.137424874000497,0.121305053698584,0.113965382700115,0.134704727126534,0.118830616602622,0.126519107011516,0.117209814311566,0.123923408270048,0.157702326213237,0.134661192108859,0.109194324109843,0.107563059217586,0.0981183571702315,0.136999503839095,0.113044989201212,0.0987290914784446,0.151277257478622,0.117862809886981,0.135783719147015
"UI10-00083-Sarabande",-0.254765383491106,-0.276951188808072,-0.230037554474218,-0.278548519499492,-0.246169338731176,-0.255978877961968,-0.324189757634821,-0.246471596663572,-0.257965283785833,-0.178943311788886,-0.241824884449582,-0.204789265481984,-0.214501026056635,-0.333948210652993,-0.235123384844041,-0.250249078910662,-0.214242322535937,-0.250167393408185,-0.258216646599228,-0.241960627971761,-0.201634352014571,-0.196312404647653,-0.226045497429252,-0.254491463057021,-0.249823542638701,-0.204655110244513,-0.225186285421511,-0.246409634074826,-0.187271799983952,-0.144959739320476,-0.283487636034738,-0.254125352616495,-0.210717040918808,-0.249440815284771,-0.257736304331246,-0.232115707422935,-0.235338604656586,-0.200111331319419,-0.247934522660393,-0.250013038525093,-0.23559637783273,-0.220189374017221,-0.242528712278586,-0.23324438794859,-0.257028733687459,-0.260317160145297,-0.148646064690229,-0.102830859363925,-0.205693768099017,-0.255959282942329,-0.244204209646669,-0.106863521452401,-0.238536869253168,-0.248172025398963,-0.238969015621523,-0.228489083395682,-0.22962399288446,-0.251819137257154,-0.229669277173539,-0.23557065781599,-0.251600728920465,-0.206658642592887,-0.21395407209662,-0.314693457373662,-0.244524908128981,-0.130013689921655,-0.23262628506911,-0.230067924939411,-0.255632381623899,-0.220402080791362,-0.222514940196276,-0.218147358214825,-0.230798216230763,-0.25996937387674,-0.25305011316071,-0.29542233147551,-0.222035770809253,-0.248689728973457,-0.203774978818618,-0.24414909611661,-0.248526410981063,-0.237379329934272,-0.22293906415677,-0.21889804671973,-0.222090191001483,-0.22816883531581,-0.216612138784402,-0.223123679629061,-0.250658671515863,-0.168408112370371,-0.244489925150729,-0.217389614269104,-0.275899910511943,-0.261892661437072,-0.265278790385046,-0.272306930164543,-0.242520027192403,-0.305068202542989,-0.212674261725618,-0.229118063661533
"UI10-00084-Silberfeder",-0.222702458337746,-0.22408734719158,-0.220393435435226,-0.22637483291734,-0.229995152093033,-0.263123047385949,-0.179478688741996,-0.154633758468596,-0.210612781881049,-0.219781645165739,-0.22118381396761,-0.242233418085203,-0.216534656289554,-0.214567202385062,-0.214583642675217,-0.213667474608422,-0.266146673085007,-0.218739335800161,-0.239098463111697,-0.223687667127443,-0.222333711845129,-0.250367429051758,-0.21696771024138,-0.207522079277623,-0.242615355511896,-0.191359174141885,-0.250079345339452,-0.18345232592015,-0.226098108635615,-0.20510946905501,-0.244189282951167,-0.212232097908715,-0.218530170938812,-0.174658476485521,-0.247514448449108,-0.239582710602194,-0.218370616218995,-0.197372751800223,-0.269767132079594,-0.227225566107098,-0.235765228371143,-0.142280208430548,-0.232689990629228,-0.263150626726662,-0.224359395361264,-0.156146647190266,-0.23995506921227,-0.214073809323232,-0.237127494459874,-0.193449720095916,-0.194027831211487,-0.198762216210403,-0.245170068445662,-0.225433601008156,-0.18745805764555,-0.231652374518197,-0.223198844347034,-0.233314116509696,-0.189106521273764,-0.205173381067026,-0.173206915112217,-0.215445165931746,-0.21238315187267,-0.227214669234239,-0.155407278895924,-0.136284733639872,-0.215328877851354,-0.244751591691011,-0.213094160849199,-0.229177702265794,-0.234307665614533,-0.258627665843843,-0.182969325400621,-0.220390597044446,-0.203780072714234,-0.294761403463572,-0.223715583843026,-0.239846391711459,-0.126633952539105,-0.219103165788082,-0.214690092478384,-0.221338103080643,-0.253061689949127,-0.190873543274541,-0.219440866385877,-0.252870726210736,-0.21376383096159,-0.201897080124831,-0.21824424999775,-0.216597999045929,-0.231825789343192,-0.233975953610063,-0.174391425136812,-0.228867550110359,-0.242093972833409,-0.219528388676076,-0.17074443537838,-0.239430438007731,-0.233315611088965,-0.216582299304722
"UI10-00085-Silberfeder",0.0213789600280134,-0.0133862703151585,0.0947387710743674,0.0242137767499281,0.0636130949160697,0.0334015345410899,0.0338290125802256,0.0150443219072795,0.0584469753313215,0.0582961013903876,0.02120840641451,0.0397434216321638,-0.0349797931978169,0.0396673347380789,0.0256260247987434,0.0308731841146725,0.0350660444796717,0.040620098915155,0.0412795588996704,0.027901284839711,0.0355965324337213,0.0718027484664778,0.0556283498323707,0.0417674033156113,0.0390657584219384,0.0364887175831754,-0.000523068576040651,0.0439340258692117,0.0702418753936246,0.0563031967834976,0.0353939358247897,0.0118684743385488,0.0826943414965757,0.0410384497483311,0.0682384830514946,0.053982585555682,0.055884764796334,0.0476319184555251,0.0178774532944132,0.0712282691595302,0.0202579675210231,-0.0131623851141959,0.0485850639251888,0.0254906231827003,0.0288522519882109,0.0331245600804122,0.0454956355739134,0.0483415397074273,0.029972839294001,0.0388487612933277,-0.0167621816337778,0.033559582828257,0.0448865434021393,-0.0278411020789405,0.055514501967987,0.046276795662472,0.0335352543947233,0.0207103779263966,0.0907171038575007,0.0361352428714664,0.0400993545450207,0.0455839975208111,0.0364865556126165,0.0810210484349913,0.0393803730855288,0.0282704730427856,0.0571499268709376,-0.0161140461589163,0.0448728118004592,0.068208609116603,0.0690942606373582,0.0944515291543344,0.0537493776769572,0.0344922746778828,0.052960948553857,0.0301877574581641,-0.0139553782224589,0.067231852268555,0.0466145974528007,-0.0597432978688704,0.0296351989748271,0.0167935397857005,-0.00880940033987965,0.0365817020624312,0.0478797994391574,0.0310919165257469,0.0450865786906403,0.0402820410119864,0.0615142730437497,0.0966854441970217,0.0606758784047673,0.0339897525919737,0.0217008992018921,0.0721053638965384,0.05384402242958,0.0425026191974661,0.047939352535382,0.0101218009661448,0.030628431965586,0.0452794748643261
"UI10-00086-Silberfeil",-0.124178808413886,-0.146567987676,-0.189756682900673,-0.148921689143931,-0.191371537807812,-0.220423297032726,-0.165751547212566,-0.123154081446354,-0.146357892300072,-0.190405607291821,-0.171234150592944,-0.167371329788366,-0.164213760724217,-0.121120173573593,-0.147890301180429,-0.176849445867295,-0.231926656747066,-0.117085819178308,-0.152648912165909,-0.131636191413991,-0.168705516240934,-0.134670966276301,-0.157590406734799,-0.0432266967654658,-0.159444030923706,-0.15064607817042,-0.174497370484532,-0.192714663000938,-0.173098137572856,-0.18608420054146,-0.179459174498633,-0.184253479019375,-0.162092476308926,-0.151409431802252,-0.150095995373364,-0.151841180564027,-0.195507384252657,-0.153123899288157,-0.160787807097105,-0.158098326374787,-0.178814706114257,-0.184131748067427,-0.165110911417425,-0.136902724861176,-0.201954117039451,-0.164716791292058,-0.178160288106509,-0.151346071557595,-0.145313008353482,-0.165860970860045,-0.0852667251659457,-0.130542670569096,-0.169763298917699,-0.184583348072782,-0.159686636174521,-0.160162582303786,-0.173596880352772,-0.172047783831252,-0.155402884021812,-0.17348992016688,-0.194355055007633,-0.149820532754262,-0.186436750259222,-0.173915915580774,-0.171047653706096,-0.164332271869124,-0.203414367631327,-0.147970670979549,-0.158529551204075,-0.155828363191439,-0.161358781206894,-0.166637930952137,-0.173127190126503,-0.172626137140469,-0.156553218382614,-0.133007873507374,-0.203427845800469,-0.158348001009305,-0.179375387763795,-0.0922078500222028,-0.153913562111312,-0.189569676120526,-0.182680327486906,-0.156991755991702,-0.165486254260408,-0.197521640860965,-0.185154901554825,-0.180335328359284,-0.187945713232395,-0.153371318279133,-0.177131767951023,-0.151197914234082,-0.19501604903097,-0.148880624100052,-0.168016026920848,-0.181602535273066,-0.14912331578829,-0.100458274470316,-0.167938875109128,-0.157350360361757
"UI10-00087-Silberspinne",-0.0917300002512047,-0.116186785936867,-0.096196641563173,-0.104001007323794,-0.0993772203119659,-0.126703176414292,-0.0778969911321407,-0.0873619677123833,-0.104229950848543,-0.0562230740461542,-0.104436947335659,-0.100775686095415,-0.0771149199735459,-0.10231911582355,-0.0495746155723409,-0.0772885524994117,-0.0693214213980117,-0.0701518896722809,-0.102305950022369,-0.0722515102769107,-0.101698699116588,-0.0603849329712917,-0.0924000696972663,-0.0814994130126683,-0.114606274905525,-0.119861566910858,-0.0757988506946968,-0.0514976253868165,-0.0832381271942096,-0.0878708667620893,-0.0656084933777502,-0.09811890248943,-0.0774414788357505,-0.0816835318734684,-0.121146296781263,-0.0822526696558694,-0.149727175852918,-0.083082349294005,-0.0776245346140904,-0.137236460459773,-0.0605197779290304,-0.05493235608137,-0.0923881430951152,-0.109935068014762,-0.0975765397195858,-0.0575540777910623,-0.0744334415412006,-0.142336863141181,-0.117286228675065,-0.092882769891088,-0.100940219829048,-0.0823381708223567,-0.0780495647668715,-0.0799227757946205,-0.0909862637133186,-0.0792117280387918,-0.0827909732489692,-0.10117809556921,-0.0873735674026633,-0.0461826116858157,-0.08120084744355,-0.0884152225183429,-0.0867730917266291,-0.139982205873825,-0.103462143939272,-0.0939806672482149,-0.0740272317459344,-0.065784539564896,-0.0926047211965926,-0.0788051089692815,-0.0956126643693706,-0.0882277413196368,-0.0936450599588448,-0.0947035615569557,-0.068980052664576,-0.0445922251179554,-0.0842114709504102,-0.0837628135841095,-0.131109231060504,-0.116912923093233,-0.11514847005408,-0.0806139164159224,-0.100953378994658,-0.0740053460241901,-0.0591990512584219,-0.0662948956967915,-0.108440879113279,-0.0438371324888372,-0.108239982630732,-0.101461540796004,-0.0853325239548738,-0.111788589735609,-0.0500775937861555,-0.0858096593002127,-0.0832667570773791,-0.0515066976682861,-0.0616324654907806,-0.0974769329082233,-0.0755773462103847,-0.0904930502142142
"UI10-00088-Silberturm",-0.108100563502093,-0.00302405147298648,0.232576710327254,-0.0188717266167839,-0.0114026784603167,0.25877822429441,-0.014597884573979,-0.0261809803700016,0.00943781276529069,-0.0491307329931548,-0.0281496285897073,0.0168118209245523,-0.0181250564640156,0.0182462378604869,-0.0781507193482929,-0.000613160916913612,0.241426188009118,-0.0257429760413385,-0.0261539848923376,0.00148522198956541,-0.00728035519196595,-0.0358972379271806,-0.109824476171504,-0.0165439079000853,-0.0353168860088959,-0.0258875412992005,-0.00293410230388391,0.2342617054768,-0.00948098720498401,-0.0157423424575927,-0.0122801282480901,-0.00858019210485902,0.230972974531481,0.0125194273902775,0.00459360479768379,-0.00895511487905862,0.00340086894455675,-0.0237691015743919,0.00100644661221885,-0.0260759794105462,-0.0211235239020649,0.00389668029274468,-0.00116933327760285,-0.109386160291388,-0.00516571948284391,-0.103580400657542,-0.00173593948725539,0.0148239043050266,0.113672508692814,-0.0140305565257796,-0.0154269838748576,-0.0131641251978757,-0.0192779568917433,-0.0112416832589661,-0.00393143877818072,-0.00899864295262521,0.00486092559019197,0.223951082185833,-0.0938457338074456,-0.0112823195373274,-0.000548750376508262,-0.0183953608315945,-0.0047159577300761,-0.0865761812221892,0.0176192977241004,-0.0309241718947799,-0.0246609463855041,-0.0169083806333868,-0.0112122393517526,0.00468830792155074,-0.105621224845515,0.176192387032395,0.00442405557791841,0.00345009660899521,0.00168791945858615,-0.0329566604831347,-0.106592553279368,0.00460234251706646,-0.0229008877242435,-0.0199837235546919,-0.046715388336535,0.0143653218252979,-0.0190764294631227,-0.0526237200078721,-0.0299525837073142,-0.056176917235818,0.222740322537217,-0.0231886966037408,-0.00808723336820413,-0.00730067337534109,0.00189379592298042,0.00126017520728647,0.0173472790748399,0.242046366779158,-0.0296213141421374,0.00710215290619171,0.00123667827972088,-0.104990186513584,-0.0140325550831332,-0.0171551594357664
"UI10-00089-Sirene",-0.0413446065932909,-0.0466834259076727,-0.0384547014374107,-0.0714651437683932,-0.0148718460741623,-0.0662207154564195,-0.0503689140675507,-0.0308311553771513,-0.0629948247105525,-0.0497936177903175,-0.0490896749808939,-0.0645956675475355,-0.0496792137253299,-0.0493598676516786,-0.0782414971148138,-0.065916897535011,-0.0524972881293492,-0.0436459525264896,-0.0696949174760624,-0.0804657640883632,-0.0628532869387942,-0.0506356478048956,0.0307404045583463,-0.0617059448225915,-0.0491999591246971,-0.016005078042767,-0.0862877369838173,-0.0427344774476358,-0.0722717726338999,-0.0378724880484786,-0.061578874406197,-0.0440955959893011,-0.0225788658322254,-0.0526947859963466,-0.0765464022491403,-0.0210350839328432,-0.0746716796230421,-0.0603478308667579,-0.0631388200328549,0.00564797687554539,-0.0422003198620025,-0.0524914584938671,-0.0554619593937928,-0.0905488066524942,-0.0563222731934194,-0.0148461011926344,-0.0274068846977363,-0.0486942761499606,0.00468273695842788,-0.036098900927858,-0.0465458799154532,-0.0585307238936288,-0.0541987057948101,0.00487697369409965,-0.0812868658581345,-0.0422512855825742,-0.0672269146764247,-0.0340762825200051,-0.0487500185457405,-0.0559855069736975,-0.0590694511756001,-0.0387900438340356,-0.0453016830828405,-0.0483939921415325,0.0220471813474576,-0.0990969523950739,-0.0509417231425402,-0.0537892914116621,-0.0928764911747379,-0.062609322197523,-0.0811131091885917,-0.0834296176989749,-0.0380043140374425,-0.0501888635392583,-0.0363649796633316,-0.074342938854133,-0.0495934844481203,-0.0705739463052068,-0.045169080151872,-0.0468650932079003,-0.0558904259413143,-0.0631033056324327,-0.0603572671175219,-0.0563965918578956,-0.040755507649752,-0.0820290129697464,-0.0615061595636467,-0.0131728137494088,-0.0423921837320898,-0.0368265356721462,-0.0527136475182672,-0.0567280261266056,-0.00657793920308189,-0.0437915231737614,-0.0833297904241782,-0.0653555306267403,-0.0532198195158256,0.0218662113877132,-0.0345590858434567,-0.0741220542956048
"UI10-00090-Stardust",-0.010165430629398,-0.00483441440668311,0.0229787877531056,0.022504644297509,0.0301699914046101,0.000942535270067702,0.0102212749496157,0.0427918112323703,0.0240538892917318,0.00988524818965205,0.0164125750416206,0.0189667528559201,0.0214791612115478,0.0168395426766803,0.0342825718496292,0.0246630012296408,-0.13657870475598,0.016023468735184,-0.0993862766409372,0.0427743568452086,0.0348747842289916,-0.0002727984912118,0.00745063375145931,0.0313455357342246,0.0132287326064012,-0.0340536114373079,0.0495652092237136,0.0133312266005863,0.016721692793261,0.0721091504925279,0.072947918999923,0.00455395367852452,0.00876781041249051,-0.0886801906272989,0.0234071112061754,0.0110973971392923,-0.0767624503446237,0.000567955499210297,0.0133931783011436,0.0490673281763215,0.0400391802319183,0.00933802053300737,0.032237856709916,0.0173779638076208,0.0104394291608092,0.00973670596862355,0.050434876295209,0.0261480988985138,0.0328979486470797,0.00572725764105417,0.0899025839176022,-0.134399911494969,0.018867018977612,0.014942084858903,0.0221645075701139,0.0300170942157891,0.0402313048216005,0.0762990330072347,0.0155219963964779,0.0135920779535428,0.0127754106235097,0.0477689458859621,-0.0124578481925999,0.0181195817390828,0.0717489870652442,0.0271848126123824,-0.109095284678979,0.0587045421311871,0.0278675733358488,-0.013285449863141,0.00282704073867475,-0.0929550597696684,0.0233788619087043,0.0366938970513157,0.0337956506292989,-0.0115631908411248,0.081342692391279,0.00773213064479729,-0.0192680103507845,0.0372590564886727,0.015021524679327,0.0773046317084109,0.0584376052046712,-0.00957245587441095,0.0300042852128588,0.0135413166904207,-0.00959747517507024,0.116669697306236,0.00980834143058468,-0.0269493249627321,0.0252169048197358,-0.115225488633942,-0.000448465447336583,0.0164268324469184,0.0150410770014317,-0.0917239629687779,0.0515076571647585,0.0224612763218354,0.0135656697573058,0.0147656643529636
"UI10-00092-Strictus",0.147709223744333,0.0870063188107677,0.0959012050047204,0.117645391211475,0.124687580123449,0.0298234735495088,0.117349274698226,0.125848520108015,0.103390707010979,0.153585092823114,0.154295423224053,0.122943125450565,0.146473253443337,0.116834034687196,0.116433343787361,0.103342495070076,0.0783225665626719,0.113259719180496,0.116768614702133,0.10816656737463,0.129862558024513,0.163235491569743,0.0670581810053853,0.116121997102978,0.178310386859046,0.0932683932950131,0.134608229005298,0.132447366935455,0.116411690493469,0.0551063736701519,0.096770419424746,0.0922502366322678,0.0449293287812758,0.117367950014682,0.108662687471918,0.08913385918462,0.105267684332236,0.111006189781048,0.0825658923388925,0.0731834723241707,0.123222184673304,0.109259845314455,0.14714407216602,0.041894158416447,0.0412967105539527,0.0741875025922552,0.101378583740026,0.113274876963991,0.0965040330569495,0.0624988550397671,0.134602141362913,0.0846020877247885,0.122572438765556,0.103323100395301,0.0878281243677281,0.156192501899274,0.106105382745037,0.205756592683251,0.120560841773132,0.0735520790944607,0.0910194964873722,0.111086428241359,0.0204141906340198,0.136408393751303,0.120802121299832,0.160007887268653,0.120761251220809,0.146179098223183,0.0955652848526548,0.10815588402776,0.0913104924648613,0.166297179744926,0.201664807735828,0.10049920511197,0.0913222058599504,0.119378930162157,0.0915477216920232,0.110730682047337,0.132034564666695,0.139402074580084,0.0956329013118176,0.156323277813916,0.128881846189614,0.162232918947279,0.201820364967936,0.0860494303015231,0.178501247654985,0.136476105271081,0.111433399592539,0.071755252840674,0.0854666500692484,0.110786539917566,0.0242553009558868,0.107064525017799,0.0804207280873955,0.0517049091230543,0.110641745477426,0.106197668256903,0.164539431254476,0.0670132508037075
"UI10-00094-Super-Stripe",-0.0381091161862721,-0.0669992257670799,-0.0638546923185959,-0.0520282003156015,-0.0607444139044455,-0.0714561332744258,-0.108781754858966,-0.024231009174395,-0.05810255822862,-0.00585704260803119,-0.0303429807606738,-0.0481078746900769,-0.0972141104438173,-0.0424639819955779,-0.0783993784713119,-0.0823766085091104,-0.0494713042056963,-0.0877142376678006,-0.0537202227250995,-0.0468168506781457,-0.0470860600057587,-0.0435506733390875,-0.0492654469702316,-0.0716287500479367,-0.0736753346142467,-0.0636511631478302,-0.0837584134177097,-0.0429119458112433,-0.0467226713550164,-0.0759697645860058,-0.0477695132761662,-0.0597773138032073,-0.0614579002878572,-0.0616856970252334,-0.0661807348006102,-0.0694525625534352,-0.0550990683412976,-0.0768261169344343,-0.0419610241793147,-0.0552643140088189,-0.0650182821406131,-0.0513673859769241,-0.0427381809854968,-0.0193563295228725,-0.0388998652416368,-0.0650164840236279,-0.0509560360130183,-0.078222289804486,-0.0404042882538974,-0.0522280159408629,-0.0791555664367925,-0.0636098837541273,-0.0492290495214268,-0.0601259335245886,-0.0671139087795415,-0.047776358820002,-0.062104084498529,-0.0604970335864647,-0.0750139138125875,-0.0544188893300887,-0.0705604864340261,-0.0606070235118768,-0.0409863127025688,-0.0425372668952638,-0.0337926818946718,-0.0628883464758836,-0.0729840519647458,-0.0343881648313523,-0.026726117416043,-0.0315990460300757,-0.0558179938008239,-0.0800880368751538,-0.0717796696613343,-0.0247939092096344,-0.0545212495544184,-0.0640904771430511,-0.0509411848005566,-0.0436145605155008,-0.0493027071440357,-0.0590546732452449,-0.0471922528110742,-0.072394510541704,-0.0752385354484899,-0.0700109902855047,-0.0364736511551781,-0.0724804042807608,-0.0651602252701831,-0.050806711213387,-0.0660900485236909,-0.041006680305279,-0.0500459745534452,-0.101182617340832,-0.0717880028031001,-0.0815697284389901,-0.0248610101297414,-0.0905928014060039,-0.0587404987773056,-0.0738028291309422,-0.0549280970632614,-0.0678128135020234
"UI10-00096-Undine",0.027530364455977,0.00820993901832813,-0.00115562212631286,0.0153241705423319,0.00811939204115378,-0.0629503235603488,0.0213034880559294,0.0248012748301782,0.0436709634149856,-0.00537933925441403,0.0133454031835706,0.0328147845063238,-0.00556951047079901,-0.00912127510258312,-0.0326404017863548,0.00864490640711318,0.00244195037887759,-0.000552471914962889,-0.00892072828322627,0.0153763651562362,-0.00875070472466398,-0.00860889576319104,-0.00106930247693645,0.0254555782943068,-0.00491790177515664,0.0105848896837974,0.0392587076581482,0.0254045256116688,-0.0032337235509417,0.00669512968670503,0.00767959038494999,0.0159227914097877,-0.00590904983662425,-0.0128335162095579,0.0244245492808247,0.0370313103818568,0.0245791646075493,-0.0305872222626209,0.0168111294257931,0.0292011453584507,0.00341102697491272,0.0240139373559823,0.0107765765211115,0.031918413754398,-0.0250394002641301,0.0164195631402501,-0.00124921021117185,0.0207294068273031,-0.0271274702901931,0.00978883187500059,0.0132679739449392,-0.020489188521754,0.011332438380655,0.00192297048451529,0.0226155482120414,0.00979223394561053,0.0243710030657578,-0.0208779179627624,-0.00380318552424514,0.0250505299964174,-0.0137366822160522,0.0112803941129396,0.018801136818877,0.0154917609514553,0.0281983032120955,0.0269747948279464,-0.00649636666500711,0.0158961932101316,0.0230950515145396,-0.0119566946526911,0.0315868896499798,0.0223230642989015,-0.00821820950780215,0.0149909166634991,-0.0176890313200793,0.017767698834061,-0.00701279559888394,0.0270784185574127,-0.0104308858785788,0.0252186401711408,0.01238629106779,0.00699410632620408,-0.000871230033063976,0.00428196919906764,0.0103906603129087,-0.011057793149672,-0.0349647046551093,0.0166264810666503,0.0336128108126291,-0.00507125501554717,-0.0144554453126261,0.0418285503573121,0.0161208421723047,-0.00447432507307753,0.027115063298982,0.00344682761694797,0.047676320042099,0.0213678212914124,-0.0155067118794922,0.00469456776912066
"UI10-00097-Variegatus",-0.139764294069194,-0.143399601344224,-0.22490660330812,-0.202666541498151,-0.225659097404745,-0.20146916441017,-0.216364875378212,-0.201223716571159,-0.212370567453425,-0.218411646233733,-0.215328457890589,-0.191526943123091,-0.192661717587722,-0.209853715855384,-0.234774398955398,-0.204259205148692,-0.274630271768614,-0.192337583147887,-0.142513150667798,-0.213992300060003,-0.228264112152643,-0.258442370410484,-0.184774274384646,-0.240174205831843,-0.184558486265299,-0.187078302151279,-0.20078642345139,-0.218250594009513,-0.177476772069393,-0.206004449174015,-0.200006183135188,-0.142142589364348,-0.202358298193027,-0.191978729994228,-0.154561952341452,-0.258857474899423,-0.213833814562005,-0.181796721980377,-0.19791705287829,-0.209703593095882,-0.2425868710076,-0.2136487622839,-0.175301936419902,-0.187195255524946,-0.221269946168637,-0.193323792882505,-0.254389746299997,-0.150770144311833,-0.217145283505445,-0.18529770760781,-0.192173570589175,-0.20322088220386,-0.207867616698869,-0.200950970374462,-0.218332923812621,-0.133533004195631,-0.22457614272677,-0.14284916807539,-0.184711404008916,-0.193989792996425,-0.207708311152049,-0.175789817613266,-0.208740262127748,-0.19015984034351,-0.173972193807588,-0.227756964806996,-0.161605237364951,-0.213107024510125,-0.19747748408546,-0.213368128936055,-0.197084468426612,-0.205408939453241,-0.213210856090321,-0.20767997680355,-0.188536503734548,-0.209697514398192,-0.226644850606722,-0.1678036232035,-0.195821505780898,-0.11977258948085,-0.214722296473309,-0.213072333399426,-0.22258146719428,-0.223586994190671,-0.20382542128189,-0.208993176429602,-0.227588870089663,-0.107810670580503,-0.174636829941237,-0.204833259219275,-0.239824205013636,-0.215319894144185,-0.195950881120315,-0.207633501750843,-0.202375730614973,-0.203662488010183,-0.172296178235232,-0.209951260659211,-0.24042844264055,-0.206585935849827
"UI10-00099-Wetterfahne",0.136373091382875,0.135665429199716,0.146326224396093,0.119293744526862,0.138854730522998,0.0860768366858132,0.152683031727339,0.144308660538256,0.109075349433159,0.101641392833041,0.137955900857285,0.142539216245741,0.154902301165316,0.134082095342823,0.130596032251002,0.117828330891339,0.13561948661122,0.137481980835336,0.0764938268453416,0.141547074566858,0.121668857617962,0.0645369990091262,0.190527282235717,0.205296655942216,0.128229651023102,0.149578143855508,0.165475383579479,0.108422190516861,0.14693151985672,0.141397176651219,0.162651796942024,0.064691698391566,0.109928023083997,0.104052747027257,0.119630751032526,0.100060629443975,0.0793964826844495,0.188923833160223,0.116722602734571,0.155176187649686,0.154878959992141,0.145002039481938,0.174067100282631,0.105149946476055,0.142951048671632,0.102634537053887,0.146582190668066,0.162583233852165,0.0904398603016371,0.085261287778365,0.136831679919931,0.139720368894894,0.134387289748833,0.121262058147748,0.143624145565202,0.0856445646978643,0.154027321373772,0.12549045014822,0.144555142372341,0.124174911222122,0.174609752170041,0.12548254864071,0.14165509304399,0.151458253461206,0.214507852146226,0.146397375068927,0.133606308402518,0.15174505547425,0.135240983106945,0.10003293986682,0.128122819590197,0.109048027738346,0.147178061955777,0.141819661503977,0.109177983848632,0.120137330663911,0.100937569243577,0.159981007089858,0.149650614449365,0.120846412073713,0.190757276732077,0.14854127358282,0.132590588948266,0.150017918755899,0.112221971236584,0.0592550145954059,0.0885413725411033,0.136447827257502,0.122780465465577,0.129795824940688,0.124767062504536,0.106561001193971,0.161105787138104,0.149759559233361,0.154861265267706,0.0854550947520516,0.128951622747366,0.166628720638711,0.133675995041928,0.130353785338639
"UI10-00101-Yaku-Jima-Dwarf",-0.43471169630913,-0.390909097351955,-0.364481677151423,-0.425579846995215,-0.428523725603159,-0.401425430856686,-0.381718652704456,-0.469674265659243,-0.420502718795094,-0.281093773715205,-0.353329705526297,-0.388970151054137,-0.430109933733095,-0.438658432262551,-0.365344848448116,-0.393779777485564,-0.358063917175628,-0.420112203428721,-0.472601472554029,-0.437274686852319,-0.326641291474013,-0.311978173799596,-0.411856460602478,-0.42289937379258,-0.440901429673365,-0.404223172757245,-0.455922959717107,-0.452797062072963,-0.458229765901206,-0.463939596534596,-0.396490361009193,-0.350278252895656,-0.418929326251848,-0.38533065844815,-0.407266671670193,-0.365797379794446,-0.42040143468472,-0.322633066937527,-0.28091348925737,-0.426394927906326,-0.461062607555358,-0.445522092196617,-0.465566781452143,-0.264168080219032,-0.32651453033871,-0.417775962910725,-0.413108667752615,-0.461238369685238,-0.383549950393848,-0.521445036474073,-0.44153473657878,-0.377264666356771,-0.438230024598179,-0.355710537632084,-0.422906087001221,-0.353722316653984,-0.443658185024535,-0.351255129171276,-0.324032015244968,-0.337440502269001,-0.387446489339949,-0.401857390977781,-0.442175409887493,-0.386868035592018,-0.435579978008695,-0.512738372976307,-0.379055072343134,-0.474369782637336,-0.394099492467463,-0.449449998342571,-0.395571771754602,-0.358184599819217,-0.444780858336264,-0.465779339149939,-0.386387587240098,-0.500919780675878,-0.370843485987492,-0.431882846603351,-0.423484541136307,-0.423700442949038,-0.408343312948852,-0.430551821723941,-0.406578926509802,-0.450361647681979,-0.406583283072231,-0.309387639401083,-0.450496094055174,-0.336344005738173,-0.406165417291807,-0.453226759250733,-0.375159751285831,-0.392136298961904,-0.425032745017854,-0.45226257224261,-0.374891011942704,-0.429120152436621,-0.460425828607858,-0.432000773733938,-0.416956323459491,-0.428895481682643
"UI10-00102-Zebrinus",0.138776174062477,0.0939947949460418,0.130319085477943,0.107128841589483,0.0907037667657865,0.0835436124180488,0.0696974785582405,0.123364884021419,0.0995267768790914,0.085053651881346,0.10114484786633,0.093135518355602,0.06274532522673,0.0649318199491632,0.0981707135613845,0.0365803117847296,0.0978854348498234,0.0903958749737664,0.11288893938372,0.0949064153358721,0.113221537284314,0.111670783434818,0.115475156190522,0.120983958121314,0.101025384266159,0.104983310027643,0.0973256268461163,0.0905725181807518,0.104942437848204,0.101844711260217,0.0475087980813532,0.0931619714766862,0.0849766849744097,0.0963887750016198,0.189530362779861,0.0846607337998733,0.113801037086286,0.115934704094013,0.0898903407642694,0.059468127393117,0.110284273912156,0.124420081068041,0.127810313392364,0.0729507892948945,0.086785272027556,0.079944392026899,0.0798420422816712,0.0652056231177726,0.0889629068645205,0.0885271062264032,0.0796964303941151,0.111065450783147,0.0723527620033627,0.0870198297452127,0.107609183302708,0.104934739674271,0.0841079744927232,0.0629771888371391,0.149152105843525,0.106485271022528,0.105912805745216,0.1107797818099,0.0981221516256367,0.0943572166504457,0.0890912673129736,0.106370749355832,0.0975009508665122,0.0920304689276582,0.116421420123811,0.0810942777361413,0.0577445391864988,0.088719005402731,0.0924871402251367,0.130875134055003,0.0750722298304765,0.0849610531988276,0.145597691908361,0.0841818673517526,0.089120709680065,0.109770247782593,0.116340566233609,0.0773753589807419,0.102892881568208,0.0940042694958466,0.114145561404196,0.117718390494768,0.0932112232648778,0.0783675565215419,0.0706920372748886,0.120611079080872,0.0827804251923581,0.139124798035517,0.0919304477510457,0.0766853037004746,0.0616384691736948,0.0984636498025007,0.0905790202315281,0.0906174303540127,0.0863018837455595,0.154490047838806
"UI10-00104-Zwergzebra",0.0791396177730021,0.0882038426225897,0.088855341026311,0.0375041854456451,0.0832563279897045,0.0483555037730279,0.0826096185223399,0.0817371019026468,0.0912955311785153,0.104295783959864,0.0859232448161786,0.0768788121172187,0.0696265671278596,0.0936291596798264,0.096197053401961,0.0796181250587008,0.0873070259708904,0.0807854088120419,0.0763883819963524,0.0645611638590883,0.0873995531448743,0.0466418456492275,0.0732578948938646,0.0899643912561872,0.0708819421805805,0.101007582611385,0.095047093026561,0.061418843129691,0.0884714825871932,0.0858539005919622,0.0785991522743667,0.0842163255637779,0.080160543318259,0.0862733065279669,0.0403638204076969,0.0739743214316147,0.0846725621406299,0.0920658406501962,0.0798613194510204,0.0922074901707554,0.0762461874658391,0.0310313164878047,0.0340217518938263,0.0224981955125549,0.0808589174755963,0.0810818352222141,0.0760749844134671,0.0830919657324642,0.0890235133521857,0.111443633939273,0.0169344805400768,0.0759379357631838,0.0781880141065222,0.0631043192322512,0.0728265396149176,0.107869252955161,0.0705014728937958,-0.0166050814769641,0.092695483153548,0.0715653957184738,0.0712825191844783,0.0834977589130607,0.101931860684644,0.0736707939744239,0.0426851164123168,0.079962578027833,0.0930626882397023,0.0904100369996924,0.081132321056146,0.089748497239391,0.0753412817327881,0.0835964336969271,0.0795211928108418,0.0382988619778642,0.0954732535644184,0.0564424704817786,0.0808811639530024,0.0438184014581963,0.072193153931052,0.0967036209629213,0.080287124321406,0.0755817301352913,0.0806752997540077,0.083178552232904,0.0877507965052726,0.0733601686953146,0.063986497633739,0.0430624723524582,0.0946773977156178,0.117319369751266,0.0798418619446318,0.0799638506016507,0.0748120571000587,0.102598321325277,0.106158063885583,0.0594351668222311,0.052127598036297,0.0867152174782149,0.0855257008885288,0.0884933576170056
"UI10-00106-transmorrisonensis",0.12851538045755,0.12268146559694,0.148449621168848,0.129184191713433,0.140861844055489,0.14102177627482,0.142104774988844,0.134838483208322,0.140130407774678,0.135639526382718,0.136758897952781,0.134770512473156,0.112279489444967,0.11026062720506,0.122690040922104,0.173756770475111,0.109606053283424,0.150810760953776,0.135427612976313,0.124315240253556,0.130924352432984,0.108518250902224,0.135162959196254,0.123038461768181,0.094577165050001,0.118163000980746,0.116969635022285,0.128720964981537,0.14826760622479,0.120990038702977,0.161354318851065,0.097213500208431,0.125933756087891,0.116688204428609,0.120321070877212,0.13608808536105,0.115073066891338,0.108541858716572,0.105206041376365,0.119179945029397,0.129537954868405,0.137584178759288,0.128627370167453,0.128786425030923,0.151696595636973,0.138351169592892,0.138408578137152,0.137928570035754,0.112885385843336,0.123759530515134,0.112505228538138,0.126914383195176,0.124222961047837,0.125551125347159,0.138539926510433,0.105519331480625,0.124029586893964,0.111186701647279,0.149474380652808,0.126856858232962,0.126858352902041,0.134659920236335,0.144652803494107,0.150418987357243,0.106840615606623,0.123071169175544,0.0927362380478622,0.108750825920602,0.143151689244414,0.118500191987562,0.159529891504596,0.0934405088961558,0.129944118953622,0.102771585311213,0.129255385344277,0.142382451869279,0.118210773243652,0.118586466794223,0.13237321661683,0.113597029623652,0.101753182284336,0.155379063024098,0.153810446716698,0.147381032093324,0.138531018711186,0.144889948413296,0.120698919226554,0.124391906887813,0.164964546591878,0.126531396787012,0.0896785074544655,0.110753602362045,0.106509895185077,0.123485189834418,0.135274719266356,0.153477713469152,0.145024608935684,0.144203969811043,0.119719056259648,0.0684361582691761
"UI11-00009-Positano",0.106316604191193,0.112969827917342,0.101876050813194,0.153925954746223,0.131377403215779,0.124615075407347,0.194873547646425,0.0938360176826839,0.115383318202335,0.0894672199825654,0.111238276621435,0.10207988240081,0.00748141794482399,0.125867461300698,0.0729497190087485,0.106578570842539,0.0819441463699585,0.120487190043506,0.0752559528591314,0.120876995771513,0.0446087169910839,0.0658723043724065,0.109946797403769,0.113450201198812,0.0602043695269566,0.108213672546088,0.141700832418539,0.127343128021097,0.0548552874741405,0.131652279560884,0.103535356288416,0.0342639793615591,0.0920249337964243,0.102363649281525,0.125540054560102,0.119668730797753,0.119455021033221,0.0794119974605247,0.104299696367937,0.0542293351650291,0.167918847819769,0.101458828882717,0.0980125915911414,-0.0188347084640776,0.117581033518855,0.104596991671177,0.0701264337209577,0.0666434701547164,0.112334401431993,0.120580647614466,0.120433745490362,0.0867020672379865,0.0822191723494508,0.155552260749621,0.138560311698295,0.129472197234842,0.128515175189013,0.121296036123193,0.032447528835624,0.0973373998923627,0.0890973669820965,0.0859340223344218,0.112644310740791,0.124512555341936,0.1157130229104,0.135054344643479,0.110168679277382,0.0926433979071354,0.0866216752138342,0.107822077726682,0.159196776639609,0.111918794267725,0.144169032804555,-0.00674568354026086,0.163837505516163,0.0137576422863645,0.124830012986119,0.121986439507633,0.158921208063442,0.118719489712015,0.108134433938112,0.136598714054058,0.161666124501131,0.085354090846614,0.107280472969166,0.0735341950176271,0.040236300327571,0.114398854505398,0.0756954296975544,0.0539964542907478,0.114881623771994,0.0893169083960868,0.0984867794702107,0.0890958813683666,0.12054781817121,0.135800837313793,0.0793557610957925,0.109427590360289,0.0515022005552471,0.101972862981918
"UI11-00024-Flamingo",-0.0321758993821464,-0.0500524613691452,-0.0462000390670623,-0.0346192193125272,-0.011790386398321,-0.0433107928092919,-0.00446373040735978,-0.0486968711640227,-0.0622612867900226,-0.0578179843137508,-0.0462332319065866,-0.0211055566850257,-0.0228736103136799,-0.024706306282756,-0.0226713958389675,-0.0046950614733219,-0.0478546631152733,-0.0295703972630981,-0.0446252217815795,-0.0378410223260524,-0.053768695161033,-0.032683395202766,-0.0310352468919011,-0.0638235729636015,-0.0317885975697392,-0.0544733190201257,-0.0265462892141801,-0.0274149841607177,-0.0231454222207847,-0.032739502312743,-0.0467956978427493,-0.0275889428529029,-0.0450014721179593,-0.0314789421591842,-0.0236496239460926,0.0176878927070626,-0.0471523812296308,-0.0306036848157243,-0.0262762557288492,-0.0344423693140175,-0.0477252637782703,-0.0192964290710205,-0.0234760153562051,-0.0267606440088487,-0.0428454302180872,-0.0472836076683905,-0.0179092214722485,-0.0267290510453758,-0.00971391739731792,-0.0120426250087495,-0.00165284073482445,-0.030512487005266,-0.0353492163058081,-0.0165076361177692,-0.0210293717757808,-0.0375204558921827,-0.00324131566224446,-0.0400562416567776,-0.0452814406107854,-0.0112112194567985,-0.0246634562487818,-0.0146008396227169,-0.027448084066009,-0.051585762931201,-0.0946137309403531,-0.0676906379538317,-0.0527974398121615,-0.0465067410540267,-0.0321449404620144,-0.048551897967841,-0.0440654242727416,-0.00440250389368187,-0.0744076462672355,-0.0652249587326276,-0.0430340298994185,-0.019788906522229,-0.0292266431766094,-0.0330889287295013,-0.0261325034129014,-0.0483090601840215,-0.0511165570026981,-0.0641556082422945,-0.0459681158317503,-0.085774258999237,-0.0339850740271187,-0.0312676228273819,-0.0386431289193357,-0.0334100204161193,-0.0141333947141148,-0.0312168159439938,-0.0715427246672894,-0.0733476626010632,-0.0685361618071361,-0.0071346023183252,-0.0707216179086122,-0.0393432390002671,-0.0142900763190546,-0.0558534871882233,-0.0437707240260047,-0.0335248296314625
"UI12-00001-Zwergelefant",0.135388894724436,0.103667594839197,0.106063997962768,0.108166632543241,0.101743484606918,0.122762404079247,0.115595286450771,0.120689903998553,0.103051054109033,0.119586952026162,0.0603168173848712,0.0989802330895053,0.0859249293309298,0.109172049957901,0.100576162698593,0.109378281119694,0.0531691759331288,0.105786053300407,0.0923581133478895,0.109906150380266,0.108493203701971,0.0600146259905064,0.121178401066049,0.0892029501444857,0.114243894807082,0.105742491971378,0.118822838351707,0.109730350175301,0.118777304929353,0.0998986544078381,0.104364492269978,0.0967184254991595,0.0670648465417787,0.0866129225417477,0.106989038331291,0.0923811962790444,0.0980262307941172,0.115058636679549,0.0942857948712655,0.119130788759949,0.0851278456594423,0.0957007837067446,0.12628332983561,0.106566598569631,0.108286807450454,0.11897285417767,0.104879099325499,0.118877243309421,0.111147641258896,0.0983253859009169,0.107301248090269,0.0903038482567552,0.0927212124229468,0.132480087471201,0.139050732904146,0.121789211186221,0.10226596330753,0.116686121625002,0.0942246131526477,0.110720314007606,0.140752204251588,0.09911941495657,0.116915381706952,0.0764360284767213,0.0957157460985554,0.120261383063593,0.10914862572985,0.12479609179756,0.0966747905978708,0.0947662867937329,0.115131252637961,0.104030063433647,0.101155378100141,0.112012390866097,0.127558566694156,0.0711289616426491,0.105374359930436,0.0959819131327038,0.111182851904659,0.0575365502863518,0.0688359565116864,0.105206388719827,0.102787729200526,0.0853975076994253,0.106259363694602,0.111629022318283,0.108316886177842,0.118626112102583,0.0847337581367522,0.0922680660361289,0.0494534370247035,0.116962926751331,0.123014415693376,0.108290486731267,0.112273817116474,0.0673258165220191,0.0827109864457189,0.0962207649137205,0.102461710322706,0.0923259524631857
"UI12-00002-Malepartus",0.0149054030111334,0.0487578211293678,0.0564276480564353,0.0576908120183191,0.0425510962963948,0.0370372279939973,0.0565128227515805,0.0364899856321816,0.0180097670855009,0.0396015659809448,0.0339661504039188,0.0334536750470641,0.0338096887523181,0.0761872676305896,0.0391086250947638,0.0286658023178489,0.00573173901323848,0.000973430083649267,0.0470132643950122,0.0787618914036018,0.0334737489191565,0.0348544120838754,0.0387213232697603,0.0404273809492595,0.051594317678096,0.0597286093987864,0.0261938614972269,0.0521405842353633,0.0285111898539688,0.0309868680727982,0.0356774192361267,0.0556966767466104,0.0274657382226948,0.0602890647056722,0.0290427392008886,0.0267158304301897,0.0562858727778095,0.0513685128910458,0.0866738774673924,0.0244235895234354,0.0274289568175786,0.0455435657709213,0.0164366569110787,0.0440312777647342,0.0299353612123679,0.0737190597297812,0.069453903055323,0.0560015939460093,0.0685144679602468,0.0565135453676961,0.0488623848960075,0.0564662834772574,0.0550870857837705,0.0298307065689224,0.0562870255421821,0.0853207988693391,0.0361778099199841,0.0396363973704537,0.0220208712473468,0.0287291742474761,0.0197913061786948,0.0294302859868641,0.0347015576759342,0.0285300349380256,0.0656476539075948,0.0430253322697772,0.049690069000869,0.0332991807519016,0.0351776693210718,0.04896170395951,0.0332483367426952,0.060481047044632,0.0317883179724204,0.0500698129024171,0.0502460895725135,0.0525548515998261,0.0297783940557946,0.0318320961694788,0.0139602135606293,0.0268180095611199,0.00890616202321105,0.0601744850413151,0.0334962067656133,0.0345953441534895,0.0551979923224805,0.0448596013411097,0.0302855451564541,0.0558773739673223,0.0440244644263567,0.00492852675617373,0.0382194137380503,0.0369323813611648,0.048940121229142,0.0615454423223898,0.0600004678380136,0.0309060734055315,0.0342121412940703,0.0333701283459478,0.0529395847212301,0.0914554326762358
