"","predValues","predValues","predValues","predValues","predValues","predValues","predValues","predValues","predValues","predValues","predValues","predValues","predValues","predValues","predValues","predValues","predValues","predValues","predValues","predValues","predValues","predValues","predValues","predValues","predValues","predValues","predValues","predValues","predValues","predValues","predValues","predValues","predValues","predValues","predValues","predValues","predValues","predValues","predValues","predValues","predValues","predValues","predValues","predValues","predValues","predValues","predValues","predValues","predValues","predValues","predValues","predValues","predValues","predValues","predValues","predValues","predValues","predValues","predValues","predValues","predValues","predValues","predValues","predValues","predValues","predValues","predValues","predValues","predValues","predValues","predValues","predValues","predValues","predValues","predValues","predValues","predValues","predValues","predValues","predValues","predValues","predValues","predValues","predValues","predValues","predValues","predValues","predValues","predValues","predValues","predValues","predValues","predValues","predValues","predValues","predValues","predValues","predValues","predValues","predValues"
"CANE9233-US47-0011",0.0122526191119694,0.11808097998404,0.0793361389312183,0.0575575755936491,0.0818522732626901,0.0388803855557279,0.0147260647951521,0.113379346268357,0.0774198069629187,0.0727150422678352,0.0904407179885769,0.0955550870191405,0.131841853308717,0.0689020165857657,0.0621513556424623,0.0617198824020955,0.108443433615317,0.0983647829943527,0.0821441626553387,0.0759029830746378,0.096369764286322,0.0750345561463144,0.0768264906855489,0.0600178693873958,0.0681100173345568,0.0790412738575973,0.111004177636748,0.0928038426543516,0.0799464801092735,0.073346896169065,0.0693835405300071,0.065745533191587,0.0655662687077044,0.0974104143346572,0.0486765875433852,0.0862879409945894,0.0843158909851102,0.0938833888886771,0.0564805187014093,0.170817387991358,0.0680169324490233,0.114984751601192,0.0663395119241723,0.0901547703061561,0.085488993814764,0.0800566766437795,0.0944200974654814,0.0703241367345198,0.113883355635377,0.0792265071040917,0.100638650990942,0.102284853494391,0.146416508404726,0.0558678455221722,-0.00119857618110967,0.0781580174589945,0.100692774323553,0.0608648182401809,0.100684363602382,0.0771994930162776,0.109735815071136,0.0747955287491888,0.110575181154157,0.0589340981935036,0.0909816631418395,0.0779266110520264,0.0624835726911659,0.000000000492086063753864,0.120691058135644,0.0418820858941357,-0.0195053172432609,0.0626346256688235,0.0797322523501586,0.0298219862863174,0.0747060881562636,0.144234609399979,0.038280513710684,0.0738889963913861,0.136847552109786,0.0936011222026142,0.0650969769813656,0.0959838338926782,0.0581220882861692,0.0533816922400558,0.0545273444098687,0.0853596376135424,0.109739122069598,0.0699130556328003,0.0502120519037701,0.0220022604872522,0.109656792585718,0.0510702035853981,0.0464401579973113,0.0883848135660721,0.0945656709890681,0.0794194400112451,0.0721863599445224,0.0769713944008211,0.0680926467229868,0.101870743399602
"DC-2010-001-A",-0.0693086312211752,-0.101971671319175,-0.0922535359023603,-0.0841888606158236,-0.0972960925882465,-0.0758238668514883,-0.159188375811964,-0.127026343067139,-0.0883769561152704,-0.0673799875239459,-0.108021133657157,-0.070044679538352,-0.0981122635134571,-0.0923758617379992,-0.067282987881637,-0.089255413716948,-0.080110939255345,-0.110834230310498,-0.0896506871328329,-0.0725073823988549,-0.0799423226884951,-0.100719736086808,-0.0903550024452001,-0.0701373011530382,-0.0887235027989382,-0.106407183978104,-0.0757682170650183,-0.109866645659819,-0.0626158128282984,-0.0851755806799112,-0.0674006908234318,-0.105591815404178,-0.126288417370969,-0.0803394178464102,-0.0848307090331625,-0.111981860406592,-0.0634778010756973,-0.0814107560737755,-0.113351181404859,-0.102081472761501,-0.0894604881162321,-0.0445819106816759,-0.0709664899253631,-0.0964143283132576,-0.0447001265466277,-0.101307933211803,-0.106735392400272,-0.0920211482553445,-0.0709709532926448,-0.0449193322351859,-0.0677870952458971,-0.0983141118098229,-0.098142746422045,-0.121452272178317,-0.0991732522572802,-0.104578767068621,-0.0869852738459692,-0.0998031900227448,-0.0953362406884757,-0.0888609916141953,-0.109419836849629,-0.113798637755635,-0.066220022418843,-0.087630439359367,-0.100271028939012,-0.0769496312630552,-0.111968888623976,-0.128526805036827,-0.0618775313092018,-0.110052802820559,-0.0702461084022928,-0.0903152032365585,-0.0410385094527043,-0.0811044883581752,-0.0750878020817714,-0.0478602147023904,-0.0925865468049761,-0.112257071423045,-0.110002561137303,-0.0855760895596757,-0.0895866606834639,-0.104778008141146,-0.112225511866255,-0.0654360598136917,-0.114188976874003,-0.080696527745848,-0.0516638822039261,-0.11758613349586,-0.132677059759432,-0.0698399584165981,-0.119554769844231,-0.0675230102212668,-0.0601472154616023,-0.0989709930983242,-0.117593067640001,-0.116451589604513,-0.090654274873469,-0.127937169243265,-0.103187506309276,-0.0433734819876919
"DC-2010-001-E",0.0508063698636208,0.0560926078826164,0.0536559224065892,0.0519810129158598,0.0786603487160145,0.0509982866923476,0.0526853586867637,0.0413245581255814,0.0276825654551178,0.0303000016747193,0.0466557998323937,0.0468955475954773,0.0518202683324362,0.0679633923080909,0.0264240978719244,0.0289978465933492,0.0292818176049397,0.028216579443195,0.0589742207635186,0.0534752820975429,0.0486534043660935,0.0446368150289137,0.0430490516259395,0.050946206178295,0.0359019241475802,0.0497351064996571,0.0231407359003845,0.0284612505785617,0.0782692434391053,0.0385387462176712,0.0652960013530495,0.0543198466937872,-0.00252960444311603,0.115444661385601,-0.00523293296721891,0.0373720719446108,0.0383043153343249,0.012093146659487,0.0327011966848445,0.036173865861433,0.0645396099129836,0.0103829339500737,0.0402249237725435,0.0278146472788708,0.030904602575753,0.0233166263957623,0.0311839123598801,0.0340352560967296,0.0413222017789813,0.0651216126325972,0.0889082127301764,0.0724019344723378,0.02077617730407,0.0358048902349969,0.0682035130801285,0.0198757063142752,0.0858640169922075,0.0829495887611689,0.0543927920322153,0.0453163674240082,0.0894349885184641,0.0743337955999457,0.0115417193429456,0.0422291711157454,0.0278153822174391,0.0647372607600878,0.0226758499687371,0.0529306803212646,0.0300538687778269,0.0299767576253294,0.0837240232414577,0.045273206197646,0.0560917236807582,0.0548955018169249,0.0503694464677881,0.0275922294066199,0.0422015948855269,0.0598954877249644,0.0438346363101741,0.0494892216439094,0.0402345440193594,0.0272569334901087,-0.0106460076678931,0.0523174564561221,0.0401751251984065,0.0807317045226191,0.0360291355925632,0.00187959347059878,0.0406764261152814,0.0163834820842034,0.0390355832588028,0.0556179348495092,0.0291454245500536,0.0619166077678296,0.0312120617522771,0.0377404511271066,0.0869967135494468,0.0302334119551517,0.047356572704845,0.0716266133735455
"KY-2009-001-B20-e",-0.0607586469306484,-0.0559976056570229,-0.0718865032333275,-0.0500763821376201,-0.0980679070260455,-0.071868769006138,-0.0655869731173629,-0.0683737193757951,-0.0212729175985787,-0.0905786026322845,-0.0756005806279301,-0.101562907010675,-0.0925902540817225,-0.0850832805185074,-0.0853888354714014,-0.0946575062787818,-0.0669200096760163,-0.0502801508789237,-0.068547111635691,-0.100715475826583,-0.0844576897698913,-0.086250865662659,-0.0700643069729605,-0.0685882979030448,-0.0718819080952556,-0.0718354151144602,-0.0810235428870534,-0.0747990254233651,-0.0657824457815663,-0.0689836324767435,-0.0756117602343255,-0.0809252022436394,-0.0738279894319386,-0.0653408451115166,-0.0549084422396582,-0.0681153978985606,-0.048440265677951,-0.104064202235814,-0.100353327398302,-0.0659138545541663,-0.0292099252570797,-0.0696139477567431,-0.0616137111320476,-0.0725050887832717,-0.0830982113154019,-0.0930832213817076,-0.0777830935326601,-0.0976549274565165,-0.0755816595834669,-0.0912255853856178,-0.0878313122958366,-0.0876757642593589,-0.0901506547583973,-0.0302408803854342,-0.0978557137844783,-0.0743263209098484,-0.0622886488114896,-0.0693958526207973,-0.0582777927918106,-0.0393367563024215,-0.069068009748332,-0.0500072589824264,-0.0507649164047804,-0.0571995261610789,-0.0624607010187443,-0.0650587336499343,-0.0647332052221748,-0.0635446166454111,-0.0733198535454727,-0.0776641991585559,-0.0762194728059093,-0.0245478178513734,-0.0474968654280611,-0.0601229214263319,-0.0667518037129125,-0.0617574959754219,-0.105047466363631,-0.0631015120654132,-0.0839196094671443,-0.0682791188013204,-0.0557395950818358,-0.0846652934161627,-0.0762874738240978,-0.0618741800595347,-0.0607706056759634,-0.0560830096271225,-0.0861648166860631,-0.0525470666579319,-0.055828401920913,-0.0861455369580093,-0.0669367813386587,-0.0947541126083446,-0.0801129438791922,-0.0513355065375208,-0.0702945837654361,-0.0904665222116622,-0.0777018277686991,-0.107601751309944,-0.0566944972153985,-0.0596268865868865
"KY-2009-001-C",0.209474510517788,0.10930989251624,0.102196642982981,0.0870396021755098,0.230138600928581,0.21888160059462,0.115325629492903,0.226954953639998,0.0827751474186517,0.114690331446894,0.10142332887306,0.10716152479607,0.112714127887071,0.111235599220395,0.0914807225665342,0.0765183001005415,0.0929350415995167,0.0802741431486573,0.110420984272376,0.09946613781059,0.0872379756954214,0.111156365582995,0.0761352427422643,0.0989255115673453,0.0955674764200383,0.116363982711265,0.107836674766148,0.0734315099267125,0.153091658294101,0.0736341007308611,0.0871511599404051,0.113578347842229,0.117374364179419,0.115362401715538,0.107973094838626,0.128784697754336,0.238131512177627,0.213681092407309,0.102093649384147,0.0923886532368094,0.0930127882879275,0.0990103194436055,0.105540125460305,0.101261494463394,0.12933944934859,0.112947466386042,0.121065419320152,0.114064489861454,0.105435770200403,0.103773211435197,0.104070087041364,0.106381433888511,0.124174832979336,0.090488078192042,0.100050358853757,0.123486228191593,0.0598436728379673,0.0875463970604897,0.118828281843358,0.0720774085713183,0.0868865982563384,0.116274799759375,0.118220202385433,0.11365832631777,0.0955093698295563,0.122164318762327,0.0989116487706198,0.176055987486568,0.108888915773638,0.0849793594496926,0.0897170743649163,0.0648152191566988,0.105935247604758,0.112909217723,0.10611319994462,0.0926165497662845,0.126502527324366,0.144263338926208,0.102895742687856,0.105721848144907,0.112549864315935,0.0929057943516193,0.114246463528317,0.151736056021064,0.0928231867345134,0.0993488054750671,0.117164413264273,0.223953460996751,0.112022939416884,0.0911738821166975,0.100277498573474,0.131177582297093,0.171306274791239,0.106928470595436,0.104256582436768,0.108938354385588,0.118581376838164,0.118192908262128,0.186667084596147,0.121167219212736
"KY-2009-001-D",0.383142072913044,0.409892205789531,0.055370308518975,0.314596553577227,0.41983762122463,0.41231522523133,0.427234688482789,0.43085495684909,0.377315211531856,0.377162772887182,0.0485023299107759,0.298905580802149,0.325029705297943,0.400339366186661,0.324854759028065,0.320731913801395,0.372767655666849,0.342535826429023,0.409168805023256,0.236465174171262,0.308985598097478,0.308685752297116,0.336077964232806,0.359264133230772,0.368563031910512,0.270203344509573,0.330346222869361,0.333314280963296,0.339924611583561,0.353583067796739,0.370691103802937,0.374705315620068,0.309220746852807,0.337523795580932,0.012095054359497,0.380640860207369,0.465738286717451,0.391796694368091,0.318494749318292,0.417314327725068,0.345783853645121,0.333654898809671,0.441041339963437,0.269218514873723,0.390454976320174,0.31111889155152,0.353134773955415,0.347421766413782,0.0650752046079131,0.299404765628682,0.336868070736881,0.373639229754493,0.0483743195643065,0.241329084619624,0.332590414390793,0.306904093317896,0.401059814214081,0.250888980765038,0.380451775544809,0.307683077155324,0.379548973916215,0.25339776259383,0.213332141421117,0.408125618010128,0.40593068939708,0.39426786337385,0.331525330351539,0.333782499982811,0.299137629542326,0.387289866854358,0.0269633865666906,0.369451240151284,0.465505271675014,0.365285167935812,0.441458078082987,0.396523315107963,0.337942522722815,0.291304110440209,0.431026090614426,0.365905281103875,0.301583569032947,0.317852523812086,0.373282989707113,0.367182100240741,0.432027657731525,0.319876408826402,0.257360553461638,0.380506209166605,0.260410835597382,0.355920205221352,0.408972577392115,0.313800228057678,0.379989774994159,0.321244164898726,0.369907748804488,0.288390123408002,0.268681562661957,0.380831708193675,0.403159669743646,0.392166708723493
"NC-2010-001-009",-0.0809804716585575,-0.0732671221868388,-0.0523175304079931,-0.0580760241426784,-0.0676572468474487,-0.0341846541641374,-0.0961261657751668,-0.0714165598694083,-0.0976872570209429,-0.0732826727206942,-0.0297289202663598,-0.0690333354923987,-0.0677202664874919,-0.0875236800818601,-0.0361895643473633,-0.0462092234316987,-0.0738240307388428,-0.0567276951223483,-0.0369900072238419,-0.0798078497978926,-0.0592438018883199,-0.0293793809898426,-0.0499305567713305,-0.0842896879988265,-0.0758052673191349,0.0139492091137636,-0.0612360431284846,-0.0478273844435747,-0.0548637350808964,-0.041702745049611,-0.0528185616623598,-0.06397234622335,-0.0398469031407446,-0.0630228002482566,-0.0500186749477886,-0.0396467037420096,0.0222272650412821,-0.0540682385857443,-0.0315930892976224,-0.101954459065212,-0.0706136408787759,-0.0681562034481874,-0.0468860887330661,-0.0616838795929319,-0.0729287811055885,-0.0609601682574713,-0.062729313480609,-0.0528567802073181,-0.0547268098479704,-0.0731805977945375,-0.0592736780961449,-0.053923698348139,-0.0954047644636178,-0.0457407085916767,-0.0708286788906846,-0.0612605497593713,-0.0819220218594362,-0.0396627750039669,-0.0794080715309888,-0.0662363684988998,-0.0596817184477115,-0.028994843292578,-0.0479406062211939,-0.0478229768283342,-0.0426390461376808,-0.0717270517955465,-0.0249056899556246,-0.0694169951644576,-0.0682113709441726,-0.0557375928017325,0.0237773910753042,-0.0686718258763074,-0.0550629560701301,-0.0735579141597651,-0.0397040364732106,-0.0460777526699467,-0.0877414550238244,0.0260453111576587,-0.0893208106455862,-0.00872766030194117,-0.0503550921452577,-0.0401585114914512,-0.0615947839701042,-0.0764804705411386,-0.0790462115320028,-0.0618131970670652,-0.0399800340181705,-0.045804466662544,0.0233810487068025,-0.0692401272352738,-0.0856990730227308,-0.0740441770412689,-0.0584985827254535,-0.112164770137574,-0.0641282444418742,-0.0516000260064032,-0.0757893764484095,-0.0363811580306225,-0.00790626442412399,-0.0587597500701492
"NC-2010-001-010",-0.0562020118688382,0.107892214350877,0.101067748545639,0.0613578964603556,-0.0426415190741566,0.0459382018527522,0.073437960939731,0.0696427954441141,-0.0653714673546912,0.0994678560555781,0.0825789775413207,0.0706700027793209,-0.058941561487225,-0.0570948669985387,0.0292432243725354,0.0899050126505173,0.0809105625208977,0.103642822611253,0.0679440533006927,0.0840156579967745,0.0796963398908811,0.0368944538346728,0.0348019164766816,0.0696688244139323,0.0503703129131968,0.0885188327223613,0.0555041629815904,0.055720930008233,0.0847475622809253,0.0765506667866002,0.0462536411913023,0.0653459143180439,0.0555306018342276,0.0398917943070643,0.0410738103896365,0.071716646262568,0.0537140049692971,0.0816472025630002,0.0713643187027409,0.0873525055851713,0.0779323174451731,0.0630058932396892,0.0635996636714861,0.094797495900903,0.0783933899524289,0.100434866560908,0.0788533580101766,0.0610997313866823,0.057157097529835,0.0628636462016888,0.0922577798769653,0.0715275754023562,0.0748404963299006,0.0946464426001415,0.0752073447573987,0.0221805617264895,0.0764474586166785,0.0418305248839421,0.0378027542836318,0.052623230237341,0.0884390018113292,0.0856706547912439,0.099748333084249,0.0577204843225251,0.0598277452697689,0.0394903627469722,0.0609914744356216,0.0781452538577804,0.0749170040536999,-0.0244188954578549,0.0559513446259831,0.0579944418782712,0.131248658819047,0.0813029992159999,0.0715680868482907,0.0255198314551246,0.0971270093983858,0.0751171220713427,-0.0545989455774146,0.0743526410602751,0.0785921053936752,0.0650970502872968,0.0611238655593592,0.037611853019197,-0.0541405263526086,0.0998379569657923,0.0933358949331397,0.0581992172536651,0.0849766688024711,0.110819441676924,0.0733557606732394,0.0273472274215479,0.0663905692011727,0.0536848121221736,0.0950124231134861,-0.0252052013704447,0.0511081058323988,0.0315762226494982,0.116611727775083,0.0286208654520587
"NC-2010-001-5-B18-a",0.183455912473228,0.129073752419036,0.129020674468405,0.193034524746318,0.0911900475353467,0.00388989684176656,0.173735655910002,0.198953940400337,0.189873206711872,0.157226398664251,0.176537471550672,0.201065137787045,0.131976619936008,0.153112263459708,0.155735379899282,0.20903615151904,0.233806325269915,0.142368893486432,0.142611035633545,0.170146338737357,0.105434151472769,0.136222494686632,-0.0430369353802884,0.134020458993708,0.179912079160901,0.162468109722939,0.14602277972339,0.122669371067838,-0.0405055924286633,0.153956064198353,0.114335229210007,-0.0459453446044955,0.198864050336467,0.183243464020095,0.142871693157653,0.170942047508656,-0.0508164683557623,0.113097164043526,0.118817027717191,0.224319333852243,0.203298519171673,0.0942705123937531,0.166087017918406,0.0992863987499376,0.176800698987217,-0.0135552847713835,0.119145621023558,0.16486332269452,0.107146870775045,0.133067509209924,0.195545914998136,0.154151291419574,0.159269391868337,0.11816909590909,0.160453335822165,0.183204654934553,0.117109513089227,0.153804994074925,0.136364392684696,0.152920389778899,0.0907454869385131,0.137221708753635,0.154225910945683,0.169045547371044,0.177455558090614,0.191878670280453,0.137790154305925,0.153786543492504,-0.0252150967433351,0.231499275965588,0.143504866629008,0.0938062432044819,0.157175165335867,0.0947049892683349,0.119204796518852,0.14764273573938,0.212662854784795,0.154596038812804,0.136906196928608,0.144137186079056,-0.0177527896608852,0.132994942209958,0.114834036858849,0.176329049848571,0.166032744066528,0.146418804002451,-0.024152359739819,-0.0757673555810108,0.0673991577214985,0.208534062800533,0.148413828978916,0.192101726760659,0.143894653980041,0.1508075566229,0.112081938105364,0.188025614774061,-0.0327185157916641,0.169490227577415,0.159432602775019,0.172046095536482
"NC-2010-001-5-C",0.0209713104724646,0.107792424116374,-0.0530379165607959,0.0613872328145997,0.0672399911161119,0.0464757549026077,0.0731323460863988,0.07044016365593,0.0639674017255299,0.0728113994033386,0.0492181534671491,0.0744297929726046,0.0164104434280947,0.0412848521544465,-0.0558680173330242,0.0342329819160705,-0.0431447855247089,0.0437123033028913,0.0673644565884692,0.0422124923197915,0.0755725643334857,-0.0319062184554254,0.0644611099241716,0.0195396981666478,0.0437274033312481,0.0611171113561342,0.0418087744836568,0.0271323975895225,0.0834462057378751,-0.0176110989392883,0.0353957368139102,0.0510342388142916,0.0158995044189096,0.0238488132714212,0.0560080236346459,0.0534850169013913,0.0445336535330679,-0.060427806713515,0.0444409539487473,0.0504744186053854,0.0567776812535856,0.0487612391573135,0.0727384276798996,0.0502117497028708,0.0450561636241399,0.0471801731611113,0.0563203778166441,0.0457179259714637,0.0487853879804005,0.0434330085974016,0.0892808970079456,-0.0304325935747348,0.00687990259292726,0.0558090039831812,0.0505735171619099,-0.00705849624092134,0.068499232645037,0.0223176001514412,0.0168585998719305,0.043397006848516,0.0534539412052392,0.0527261187951789,-0.0427142761750791,0.0579277735362781,0.030783348718005,0.0382754768577741,0.0328666305737546,0.0369376911327917,0.0908191730336955,0.0459743746811609,0.0713340706227756,0.0565028323659105,0.0623799862829937,0.0616443877900152,0.0577690195346948,-0.0636376128272369,0.0503194553730772,0.0473455492536697,0.0765183909786241,0.0557098985091473,0.0520372051872155,-0.0561572420389305,0.0511924871863814,0.038248024157391,0.0485809733631564,0.0838744890170525,0.0853212735849018,0.0799187071453653,0.0725729785989565,0.0508603733902875,0.0713741812767478,0.0403300629639224,0.0312457477345959,0.0634240291703927,0.0669098571653118,0.0540400319361059,0.0388417467811045,0.0495927027768697,0.0874191364253598,0.0617607480627378
"NC-2010-001-B",-0.0562293487052277,-0.0443073951897166,-0.0658488488634219,-0.0780392512451269,-0.0609238490445598,-0.0468236243200146,-0.0534447474435307,-0.0665593635249476,-0.053701578457851,-0.0353916477139057,-0.0451295156915191,-0.0618223567787514,0.0389158297734681,-0.0593523399120138,-0.0603254651861309,-0.0785579384901366,-0.0312980902340425,0.101569654378759,-0.0731314687041394,-0.0487097141775695,-0.0721038895017137,-0.07102588089009,-0.0843455871690977,-0.0488768489843789,-0.0486296322574053,-0.0611194501405498,-0.0590901806542086,-0.0430729994955931,-0.0551637459631404,0.0483962144748071,-0.0538919748967297,-0.057425949350571,-0.0637140752265731,-0.0622029296233966,-0.0924258825851062,-0.0461685807111077,-0.0475263533639549,-0.0588285368664665,-0.0603976978943117,-0.013166581403863,-0.0722687988047942,-0.0653772917602277,-0.0733383615358213,-0.0872838167727486,-0.0530673021929522,-0.0451080945793215,-0.0568402406508815,-0.0623511173452816,0.0464104898451834,-0.0625133380516386,-0.0609604278342427,-0.0527592174803542,-0.0701944256588975,-0.0889203115675149,-0.0432191151496704,-0.0685916841100441,-0.0770532180370057,-0.0517457544494223,0.0505154190061999,-0.0709574901385447,-0.0280926795577005,-0.0374081031669279,-0.0590926029987412,0.0627649497183765,-0.0666214250190162,-0.0829448534781259,-0.0765488394939909,-0.0511855214337393,-0.0754458208796301,-0.0715800808706096,-0.0430653627335159,-0.066715273262117,-0.0556150376181483,-0.0522176221329959,-0.0874445569773793,-0.0805735972816028,-0.0478164967703028,-0.0414438324925436,-0.0786408576328103,-0.0650423564189238,-0.0720422992286474,-0.0635978837291451,0.0469367798212041,-0.0399123933668269,-0.0379898457105148,0.0513424881052862,-0.0586207920825402,0.03656186655038,-0.0474851095811232,-0.0835855119919052,-0.073584824791516,-0.052873594956338,-0.04211956940475,-0.0710160489371054,-0.0856733871448261,-0.0567467339785737,-0.0517706911077122,-0.0589756593138841,-0.0468056145927226,-0.048364226953604
"NC-2010-001-B44-e",-0.0608363270103539,-0.0752481484580409,-0.0928929159422543,-0.0540700021129733,-0.0678168982870644,-0.0883009416975393,-0.0564915386652838,0.00171847885378898,-0.0925998051763231,-0.0819636354078821,-0.0806273261282836,-0.113219130033582,-0.109643568250044,-0.0860793078774596,-0.0758093133035799,-0.0733937315347003,-0.0618384166229057,-0.0446716267326935,-0.063655245709967,-0.0874883589206433,-0.0911746991111956,-0.0661858048978806,-0.126865417887372,-0.0495467518786548,-0.0880078259626219,-0.0647033087817349,-0.0718639095208655,-0.0404904485899008,-0.0891154110361785,-0.0639975472975433,-0.0781651053745812,-0.0439995524587443,-0.0647718131603859,-0.0797306388687518,0.0168274228192357,-0.0843724552707378,-0.053373662581331,-0.0561372722984389,-0.0562146302805631,-0.0905466795186952,-0.0661315284399643,-0.0423588470293254,-0.0659241851880978,-0.0711909943721013,-0.0892893422184121,-0.0847644751011179,-0.0926661925823472,-0.103895988333303,-0.0788287890943518,-0.0879816684914569,-0.0705069805596398,-0.0861778508040624,-0.0624404508869894,-0.0964541970051952,-0.0528954159593665,0.0352663000127118,-0.0880864099426749,-0.114117264964916,-0.0694034845685069,-0.0725871133667126,-0.0974083239081927,-0.0810396283495352,-0.0922019362957492,-0.0894639784425297,-0.0589791137690712,-0.0830462293714021,-0.0715348121814698,-0.0831268324916887,-0.0532826305120417,-0.0800014824987836,-0.103399484737249,-0.0383320822535328,-0.0907387797241476,-0.0814023522035963,-0.0712472484290217,-0.0902512747428672,-0.0688445482979038,-0.0245861075073853,0.0480084678194003,-0.0482149759669411,-0.0811965838885784,-0.0771655622941224,-0.0510707658950548,-0.0565102905006852,-0.104881033777882,-0.0564815019995741,-0.0619534884612325,-0.0659284913668282,-0.100565105239918,-0.0549454230819211,-0.0825985208076253,-0.0672251224955317,-0.00132395212084522,-0.069070731957475,-0.111159947052331,-0.067102090985448,-0.0956189221237484,-0.0829652478311937,0.00499147927477636,0.00605609206581159
"NC-2010-002-001",-0.023666695752628,-0.0164700311775868,-0.0945169446480911,-0.0443822627234621,-0.0226376085866017,-0.00705547087588732,-0.0975810348467399,-0.0359438472745538,-0.0214238055039116,-0.0376498641272578,-0.0227393273832831,-0.074781517917271,-0.0121133090226637,-0.0145161106666099,-0.0515579529678223,-0.0366316192203009,-0.0141765655688783,0.0212950345068847,-0.0257486589047886,-0.0100656322927447,-0.0662601871419585,-0.0171862563904737,-0.0121532204172423,0.00302274191132523,-0.0104791160819254,-0.0429479868368426,-0.0259226877519047,-0.047343427198242,-0.0295886616935655,0.00640561805357049,-0.0349060731644262,-0.0217583522479772,-0.0340779409350302,-0.00460503122672337,-0.0171726983496586,-0.0117178863519879,-0.0306687857621046,-0.0541730029580129,0.0251630740862472,0.00528385619607786,-0.0275863479961786,0.0153019258191425,-0.0451054250904907,-0.0300198560550285,-0.0272028219120071,-0.0684464152926833,-0.00363968727500612,0.00518148803844052,-0.0235886138427635,-0.0222423156038594,-0.00533462301945805,0.0114736290678535,0.00793789440871307,0.0131463733316076,-0.0431874709804058,-0.02637485471205,0.00827661379052226,-0.0266769133726451,-0.00204365860693836,-0.0048082242353545,-0.00867582447812662,-0.0067304627804209,-0.0390049870045387,-0.012993392272289,-0.00910880834467925,-0.0218877348869855,-0.0298519704476266,-0.00660834774066131,-0.010009564624628,-0.000455333736126768,-0.0362165513926972,-0.0244178069008834,-0.0160162931291354,-0.0612772946449575,-0.0403424273567235,-0.0686583656721568,-0.0165030789665101,-0.0324548837301496,0.00225027043993945,0.0370963179718526,-0.0563803995774128,-0.0352835726512285,-0.0709969357082251,-0.0132712402113299,-0.00318937681636693,-0.00708566758597776,-0.0276984126769691,-0.027402216316333,-0.0205751487630595,-0.0501007627069698,-0.0102646413309915,-0.0167712094531159,-0.0119758406715582,-0.00380058016078478,-0.0126388019751141,-0.0126677334886388,-0.0319080239649364,-0.0120269185877011,-0.0271938009435067,-0.0428837607762359
"NC-2010-003-D",-0.0409402340252213,-0.0513453123235173,-0.0214174832558203,-0.0564764266224388,-0.0641808957700197,-0.0624321235762426,-0.0322685759899516,-0.0431131397277889,-0.0429464335100952,-0.114001859119702,-0.0613476440667378,-0.0360733701747953,-0.0130170107519409,-0.0500483112940896,-0.0619059982576432,-0.0309885472579082,-0.0220209955874156,-0.0676472270017874,-0.0847212109056427,-0.0590369053658884,-0.0508404422380533,-0.0297815550260195,-0.0445742206613027,-0.0840683694760025,-0.063069899958581,-0.093160440508554,-0.0639300023433353,-0.0411696792185679,-0.0768481054695993,-0.0890303505255601,-0.108130707139402,-0.0764862951326519,-0.0518199583876596,-0.0670365544216552,-0.0283417344185472,-0.061936865354168,-0.0590021314396065,-0.056299929393269,-0.053176685949745,-0.0463348222238874,-0.0665916843932501,-0.0353833120835284,-0.061667981056136,-0.0455782798327094,-0.0727087921170672,-0.0354136935331611,-0.0643026057077531,-0.0388220593239897,-0.067880428123699,-0.0315120374113068,-0.120111509736154,-0.0530079470774904,-0.138937722583666,-0.0395346923481206,-0.0689217692409749,-0.0567760992039936,-0.05291155245832,-0.0638202734896147,-0.0645511427021238,-0.05458084549523,-0.0748975315008343,-0.0885144003826067,-0.0921623100477396,-0.0514036582520395,-0.0275789045779392,-0.0382030021336233,-0.0814560138809902,-0.0605471358917905,-0.0634190027425521,-0.00998331283782551,-0.0694597531768447,-0.0474564683458908,-0.0503686026627595,-0.0120939052622863,-0.0533686498487874,-0.0559743750285127,-0.0947209737392671,-0.0736694292372582,-0.0685685244054421,-0.0652260133652747,-0.0877873151691665,-0.048921287550107,-0.0651689456697402,-0.059622711422064,-0.0331576462798092,-0.0458171175144146,-0.0435348226404791,-0.0277438231998284,-0.0790191416122644,-0.0647137663608411,-0.100483790930448,-0.0559510910037482,-0.0570251216531093,-0.0236743113005732,-0.0333648799461444,-0.0599930672204521,-0.0170123266384096,-0.0693417866882649,-0.0537633901928875,-0.035196519119781
"NC-2010-003-E",0.0109004798953952,-0.0177137329369561,0.0153690783432482,-0.00247909697507548,0.0568584261794,-0.0172059974573007,0.0151389130927763,-0.00950314648086864,-0.0342898702414255,-0.00556714143295068,-0.0170069436891947,0.00420670145521704,0.00381843961208398,-0.0151131075253676,-0.011094224408318,0.00808193252816986,-0.0234553945058962,0.00250653620236631,-0.0264632023432367,-0.0330823463057977,0.0103480269320978,-0.0667909191454878,-0.00971039412258686,-0.00246208993779701,-0.0142526721747902,-0.00474387603193743,-0.0458411807299799,-0.027066287037316,-0.0111517075678356,-0.0139980082110489,-0.010838441413971,0.00475359907306917,-0.0295505198117602,-0.020232919809615,0.0690172476036722,-0.0223115059592897,0.0352186715592506,-0.0111721032049146,0.00535772772432984,-0.00716329524107699,-0.0212313553534997,-0.0385890624081599,-0.0352115017956679,-0.00333838432524833,-0.0246007093385952,-0.0465827734979453,0.0135953113684886,0.0106370899694903,-0.0167708369662659,-0.0427022971531181,-0.0108658965971634,-0.0030001431613937,-0.0497377064255958,-0.0437291458048671,0.01608416226128,-0.0101866834495504,-0.0211913781010665,-0.0277824994858641,-0.0337426495364763,-0.0349272811302032,-0.00139364986828712,-0.00930866085862486,-0.0209279486211741,-0.00793426706858752,-0.0100593293907834,-0.0174582252931708,-0.0314351705452016,-0.0064650367894491,-0.0172543454745521,-0.0314995309126646,-0.0329307280608711,-0.0058617253788306,-0.0287433205394827,0.0319994943033586,0.0186100220246866,0.0741856792361537,-0.0373181409294275,-0.0175731016143318,-0.0405893031327115,-0.0146121242869222,0.0266002338791548,-0.0549442944142314,0.0334519533112352,-0.0215706563209273,-0.0103879520338361,-0.0428396009248213,-0.0169912702844468,-0.00374243422878349,-0.077841436580084,-0.0321168891254884,-0.0223415590818887,-0.0326349390478481,-0.0163788510297936,-0.0233141796850394,0.0159030260948064,-0.0101911146010008,-0.00561669450070487,0.000382458816451728,0.00264036909571348,0.0225658858243371
"NC-2010-004-E",0.0173941342650414,0.0276705493683628,-0.0000000000200610187183108,0.0191851675708513,0.0240963944188947,0.0298502910132323,0.047933006476156,0.059463707105552,-0.012339098936248,0.0638326324943614,0.0287017521671375,0.0492037573177486,0.0446721736390225,0.0276592020423594,0.0802920418964112,0.0371446746189659,0.0449675575869035,0.0363135212430691,0.0516058470860338,0.0483153084733766,0.042857319054558,0.0516816168977169,0.016592984301029,0.0336772244710487,0.0642665311519733,0.017877789588861,0.0263464177228772,0.050612748043073,0.0631170480619928,0.0668007749306316,0.0300458592140391,0.0348572419940018,0.0328793886811304,0.000286030945268794,0.0217503898258382,-0.00333104617065895,0.0285320210028179,0.0276222621164949,0.0257856478765689,-0.04119055365481,0.0284242215702436,0.0143216109718342,0.0269353528689654,0.0065213013317101,0.0600584193297069,0.0712425219894852,0.0171511114139799,0.0387879175971066,0.0204210403337597,0.0240663183580147,0.0616640181522838,0.0599035983678284,-0.0013245814306865,0.0211677042605862,0.0458068429530808,0.0362762543987349,0.00501969926862406,0.01977916903056,-0.00736664593811761,0.0561891345910965,-0.0103815724593601,0.0623349120555351,0.057430583391752,0.0266360559700972,0.104257995116105,0.0342406331011149,0.0559179535634673,0.022900534058918,-0.00143164906924403,0.0216886704656226,0.052981224385586,-0.00175437134527136,0.0398050357329989,0.052128354172621,0.0138464895858436,0.0324342368836655,0.0549634218884019,0.0153243857052015,0.0087378821278394,0.0153243950753654,0.0416151131375795,0.0112510305896078,0.0475067111118856,0.0354995430667909,0.0430851443758023,0.00534009130774068,0.0182888104382188,-0.00865927268418608,0.0749338828753841,-0.0122530864386771,0.0307177073857585,0.00056089438419475,0.0314718528183511,0.039812614680781,0.074300166686136,0.0237466469893244,0.00474830085228564,0.0226497817497009,0.0167315998726093,0.0628541147831298
"PA-2010-001-005",0.0490917655156797,-0.00295384599171441,0.0279093661486652,0.0362565626408648,-0.0350108350874429,0.0138100806415768,0.0530736336669643,0.0128882921297373,-0.00524133566825784,0.00196503969769474,0.0768742792197873,0.0326429390406972,0.00815086389001292,0.0739977494018487,0.0596763953625722,0.07711823267825,0.0241227248808416,0.0309700010290583,0.0211619570868616,0.0304887914018192,0.0290327664013529,0.026078478031243,0.0245110724637726,0.0457634728562797,0.0748775030574566,-0.0121993807244436,0.0696171497986366,0.0636962263404106,0.0357964159964815,0.0572297122656515,0.0445555559881636,0.0161281456330089,0.0642661963373142,-0.00562742661781424,0.0558280046173046,0.0184843800926632,0.0526345239724701,0.0756812002069637,0.0282516623573317,0.104759778718055,0.0284073470081046,0.0717884073559511,0.0681230413765285,0.0154500191294895,0.0142533996597893,0.0349135621532893,0.0661653422381194,0.0543400644447422,0.0626030293395881,0.0564825593167683,0.00488854506090312,0.0339237091195293,0.0388747330402459,0.052680442996059,0.0658383927592893,0.0173259083186831,0.020901812822377,0.0897253607774935,0.0414007368736294,0.0747728097486249,-0.0034361447626997,0.0640610677541933,0.0645028542371382,-0.0123891071268143,0.0538942700812853,0.00401865352129833,0.0524079808315737,0.0726544270175991,0.0526578333530868,0.00791686847553604,-0.00181863970691164,0.0625275365159927,-0.00264199612397051,0.0603530195909385,0.0182814098892152,0.0523812050520028,0.0346003438608826,0.0501359056186926,0.00859922622716331,0.049971211602178,0.0362482775470136,0.094711200813074,0.0286397101674527,0.0396712745237629,0.00330855224255806,0.0319989097440371,0.0494926998094068,0.0705834881493344,-0.0188367995184365,0.121295854966328,0.0269311145417604,0.050869902097754,0.0813824112472182,0.0347857174042525,0.0148583166102816,0.00220491960486464,0.0298327741644988,0.0107323739151958,0.0435211497783511,0.0583848247091719
"PA-2010-002-004",-0.0478706077688277,-0.0540545000323982,-0.0616784858104676,-0.0494905925134774,-0.0862534818065036,-0.0789830933725659,-0.0821817188085459,-0.0638224326798399,-0.0703766245942108,-0.0847540029243941,-0.0742671867826006,-0.0466525538952519,-0.0482532128224318,-0.0389128394528518,-0.0532286747793122,-0.0302295772980825,-0.069013503346948,-0.0626955293928213,-0.0108497921624994,-0.0652541280728666,-0.0520774910669317,-0.0740343639912145,-0.0501635093383148,-0.0657100941870677,-0.0551745300740927,0.0306887196382658,-0.0349843799406297,-0.0551598982689897,-0.0545983717498369,-0.0597511065093316,-0.0517775450339959,-0.0726448973408817,-0.0500662719209265,-0.0569015721787102,-0.0344508744595288,-0.0466889929522447,-0.0485396048116349,-0.0499840464648316,-0.0541158175922227,-0.0533674927692729,-0.0642294642426591,-0.054909705897156,0.101291086445258,-0.0565797750878139,-0.0633101103198245,-0.0661807787618243,-0.0516215425963784,-0.0541665596269116,-0.0468112937980041,-0.0951366935464269,-0.0481047441712627,-0.0412358351154138,-0.0276390224122403,-0.028436546125172,-0.060057802405484,-0.0474944254140642,0.0712749961862596,-0.047005935875445,-0.0594995638719926,-0.0524896650497726,-0.0450271415766738,-0.0328085649581858,-0.0621262688651966,0.0609370323523918,-0.0745497668782812,-0.0433115549473593,-0.0284161161463614,-0.0237372972272126,-0.061208944808907,-0.0807081880189808,-0.0387876835093547,-0.0722284207642617,-0.0401180252935702,-0.0494140068398731,-0.0474319430850571,-0.0646135822268671,-0.0364136637331413,-0.0569757014006466,-0.0674635246937971,-0.0569041043526387,-0.0581565786919763,-0.0764121434468172,0.0389539503796677,-0.0615064180793666,-0.0726473610371746,-0.0179176298724476,-0.0572680857724354,-0.0462505877932468,-0.0533841524207925,-0.0338623869746407,0.0704573265014797,-0.0897193842481025,-0.0419607682684631,-0.0605839237117367,-0.0573380684749249,-0.0420135084361281,-0.05730498127462,-0.0225542875651146,-0.0615638428096762,-0.0582500068264622
"PA-2010-002-013",-0.0784768262663391,-0.0307705578300624,-0.071893546762408,-0.0676908224154763,-0.0746725715090937,-0.074199853267595,-0.0654997992112338,-0.0435479780767759,-0.0409746234727135,-0.0515852447253917,-0.0632814026490863,-0.0396162285763343,-0.0557719231175287,-0.0914584757357561,-0.0679555872760262,-0.111676995356132,-0.0595658329345365,-0.0855177063397781,-0.0811656256006673,-0.0895879300637205,-0.104035939439157,-0.0614848897506024,-0.0767114884879983,-0.0639680428789579,-0.102697569536907,-0.0831541098674357,0.0277299565317817,-0.087449969687618,-0.0797952641794504,-0.0695995877866728,-0.0565243183961725,-0.100751690389065,-0.0785495384637698,-0.0747242139380735,-0.0573717489973177,-0.0653371027984749,-0.0450231842522482,-0.0639623335491355,-0.0812817109272879,-0.0245539172813018,-0.0963471399785298,-0.0299055911519732,-0.0530094986679444,-0.0861218230160147,-0.0637800761820278,-0.0360559885791053,-0.0854446494069185,-0.0387792930453458,-0.0706376780081926,-0.0613403949179148,-0.0467218010154926,-0.0415748787407108,-0.0909323994166514,-0.0612357816372035,-0.0625667607824011,-0.0484027947444732,0.00197361251256835,-0.121922035045056,-0.0865877880558756,-0.0731776087487118,-0.0750297051503835,-0.0908934079575713,-0.0219955890067738,-0.0656952134006908,-0.0804904539929819,-0.0486218853163118,-0.10612895656471,-0.0947968679637468,-0.063515495889374,-0.0750463624921311,-0.062327315547962,-0.0681309675885013,-0.0554292504913437,-0.0350966238108531,-0.0394462527442234,-0.0692296438078645,-0.0919749231155737,-0.0685412246211641,-0.0861820172877602,0.0301063211421649,-0.0242575752516273,-0.0631950407418184,-0.07568867880489,-0.0778437918040782,-0.0876555167454407,-0.0801189315216572,-0.109673371959867,-0.00614404807000127,-0.0762350449817425,-0.0555560523280662,-0.0689731429769812,-0.0618293315403402,-0.0723306647011874,-0.0289775177984737,-0.0596961446431115,-0.0684021087139217,-0.0697173732678115,-0.0476603666428015,-0.0712299674370518,-0.0535285065604757
"PA-2010-002-015",0.00606413439149571,0.0410954474057807,0.0300634722933144,0.0270413854898935,0.0026375397954271,0.0119416790430475,0.021313095186819,0.0336624059173493,0.000880018571885942,0.0226678507673197,0.00689726714362504,0.0428754042377925,0.00130464594794657,0.0852336073514409,0.0257724391388048,-0.0287698096581344,0.0246130830583526,0.0341430746721112,0.0291518003042112,0.0305030049139848,0.0276430603451843,-0.0156050839191919,0.0282546874813616,-0.00463295197756902,0.0133977474162704,0.0208427068062129,-0.00684327674228492,0.0115990608561299,-0.000311629338027092,-0.0071681111471317,0.0203305865007364,0.0464051210112321,0.0230500058776414,0.02360963537457,0.0433776801673934,0.0136126900622274,0.0726929398005285,0.0153988469682281,0.0306758771086155,0.016559171910867,0.0384609956271144,0.0400178988281595,-0.00551506409155825,0.00397711907960295,0.000598198388959461,0.0119634383020191,0.0363858697408514,0.0200986176043989,0.0460731682425011,0.0293020442647517,0.0275428788486584,0.0623162043353504,-0.00953568255453362,0.0109360587724059,0.0627844590756152,-0.000838691627035502,0.029637977506519,0.017461221531426,0.0297056324529908,0.0296179255975882,0.0108596720727628,0.0169103280201858,0.0402361784507273,-0.000356462341088902,0.0292151956173655,-0.00588362467210146,0.00468729932921113,0.0343172469535681,0.00885437270432495,-0.0283083168277704,0.0250974844257293,-0.00557616801634973,0.0407339370023811,0.0135458890519606,0.0112801310014713,0.00300676722905261,0.0781046783181197,0.0391100766340256,-0.00470560552668171,0.0350194660309137,0.0031307272979846,0.0919495229981723,0.0155154129537765,0.0134816244043477,0.0357323999960379,0.0189026385849685,0.0294079591950088,-0.0035468281739287,0.0160373129566103,0.0153225866679541,0.018713549631678,0.0266699498934766,0.0423574768167305,0.0257343392937689,0.0123998648335442,0.0123204684983166,0.0158772605255197,0.00429088893359018,0.0201815766410007,0.0227053962745334
"PA-2010-002-B3-b",-0.200546991252145,-0.282472323970245,-0.186501123612397,-0.203868633338277,-0.148536398594703,-0.208241808748205,-0.265478313258408,-0.252447595349265,-0.258768563945154,-0.221560725730013,-0.227488352441428,-0.113535485972233,-0.200582593997903,-0.23506228235545,-0.216165695662054,-0.191098458034031,-0.208826553813066,-0.252145125760765,-0.231987533093119,-0.2334624017299,-0.212236137788255,-0.138588512038874,-0.150707673769087,-0.22398464175186,-0.204446325832477,-0.177572018056353,-0.249092466942271,-0.231930070922766,-0.134539899268935,-0.180898827823337,-0.253419528499782,-0.242755561908511,-0.132132317632312,-0.249788165217375,-0.137801864693924,-0.232032126422076,-0.206597899125018,-0.238191817573013,-0.175163217455675,-0.170275789825097,-0.221089213667209,-0.204680456200884,-0.230782252193706,-0.294307171565126,-0.233155353531901,-0.252752985718742,-0.0960984679959557,-0.270862511915573,-0.19150786984712,-0.123305860139471,-0.206310322491657,-0.235844690481829,-0.277802540865863,-0.255724802333846,-0.214460973508782,-0.224992262416985,-0.204676054804386,-0.224163272937623,-0.265992566338157,-0.253992694131324,-0.226388221006269,-0.237162392304935,-0.212027636014607,-0.161086436868014,-0.221103315790128,-0.205598188123428,-0.2392501401915,-0.215077570795506,-0.228305743178128,-0.15218110162062,-0.213382249708213,-0.260711601561521,-0.256245273955446,-0.165842282028018,-0.220243265817428,-0.269843562881858,-0.193847519308642,-0.107909170889218,-0.22899216908223,-0.206752111805317,-0.222965826256378,-0.155419901044698,-0.202595673253955,-0.19234233026102,-0.228672856628332,-0.218631638082621,-0.203753887227567,-0.208607253224564,-0.206180802298741,-0.146479753480524,-0.221636882401294,-0.200539633596343,-0.241863831535713,-0.22271010446784,-0.249874139309069,-0.231828233799705,-0.216528706561819,-0.201441301801735,-0.231182194150504,-0.148552226703799
"PA-2010-002-E",-0.0714278814147605,-0.104728748076386,-0.0540712318820467,-0.0732166244673477,-0.0706583740009922,-0.0397156862758295,-0.067924519180233,-0.0678591735379914,-0.0814172832541081,-0.0779164699571866,-0.085261575840665,-0.0926761173584921,-0.0717114151667886,-0.0669652893160325,-0.0344419068662259,-0.0538555250669364,-0.0847489417961655,-0.105586932950018,-0.0192662851152468,-0.0757085234492251,-0.0589481529397079,-0.0817695561347334,-0.0569771144578625,-0.0668771076567484,-0.0645634608323058,-0.0480309915796001,-0.100742733062688,-0.0516371276674771,-0.069704286988356,-0.0683030581762462,-0.0867978115333414,-0.0601245706204708,-0.0513756547591132,-0.0748361485661579,-0.074056494987853,-0.0657159522156193,-0.0731070373279875,-0.0541211103080597,-0.0698120716703146,-0.0759846335909525,-0.0603688184224408,-0.0729092058919645,-0.118704634072584,-0.0693471151285799,-0.0750711904988026,-0.0577511407572649,-0.0262419220409992,-0.0595619242708764,-0.0644262683488278,-0.0661083304615799,-0.0787407055839635,-0.0775673467545501,-0.0667199939071286,-0.00660144330277398,-0.0706639165067434,-0.0720973292172527,-0.0264763000791234,-0.0757239294133428,-0.0639662907017231,-0.074343839699182,-0.0637868274500701,-0.0873066009320039,-0.0690912417827339,0.0144238433834219,-0.0872306469167288,-0.0868867912901479,-0.0580372165446144,-0.0975303883076828,-0.0651988627799321,-0.0683177993117195,-0.0915120228692772,-0.0646028078418755,-0.0679870224616884,-0.0803497060611896,-0.100360492305797,-0.0671807177440293,-0.02632045718508,-0.0234530087401462,-0.0883020182995895,-0.0462344153983469,-0.0698792334963748,-0.0836829218571403,-0.0783637525427463,-0.0867615224596836,-0.0477775615254134,-0.0707050623891435,-0.0397294401180012,-0.0858941519855778,-0.0423451427148583,-0.106248632679537,-0.0745699562347115,-0.0648493319770046,-0.0445098025669959,-0.0656994155927826,-0.063804221789475,-0.0959572918384542,-0.0739262075582198,-0.0540892182330201,-0.0929461644031205,-0.0725562250658405
"PI230189-US56-0022-03",0.27927262011575,0.295393128180453,0.00000000123205699565898,0.302425698154771,0.258454907473539,0.120269271767615,0.1120143781656,0.221550980645334,0.203675843761906,0.261567113166579,0.208465567570319,0.198732917185908,0.279523428012017,0.156120354835404,0.231953411470504,0.24330188142159,0.233462777024114,0.254115198804869,0.231436335034966,0.186566273087401,0.224367737778528,0.212144673381784,0.254506091078839,0.223217945232976,0.266248514010688,0.194280250757385,0.165089711215466,0.209471495001381,0.253904616892885,0.202441367367867,0.249981346334136,0.267478151246162,0.193967963449499,0.213897956733638,0.167917530647381,0.291722363754285,0.279864090703026,0.311229827514061,0.327316745328154,0.1701855763281,0.270133207631242,0.214449583854914,0.261762668885195,0.173009593778491,0.179959618851426,0.175284316171248,0.222033792792863,0.227524934096421,0.26226931170937,0.254143285477735,0.21258512426568,0.20892121803644,0.121342510044426,0.200410568401371,0.107635550362764,0.262418504710195,0.268670225717941,0.205208960034082,0.137788195341922,0.276602703465743,0.256786089310134,0.144816555017449,0.25676023261416,0.2814153603537,0.260241529882979,0.246276060751717,0.179758929104468,0.266392161207846,0.268119969447295,0.155344700051179,0.0857066914716089,0.136862171611385,0.159321594380118,0.138024409387156,0.24448778113824,0.186116798904795,0.200949197507982,0.218943210789895,0.239022139316982,0.271590140706454,0.272615272457629,0.247777904169896,0.224228763184973,0.206921469947658,0.191284648119312,0.259591190108722,0.140744917257451,0.282127887063248,0.248716601271961,0.18118168824233,0.274347361161961,0.182036339184226,0.241337942078016,0.274923336927045,0.284738482959751,0.17015583556386,0.24625953927422,0.2116295110437,0.19566866327011,0.277819169790409
"PI294602-US64-0004-02",0.133290179947184,0.229877760474302,0.261059959730312,0.231142518771233,0.27230487806998,0.234238220095241,0.00000000100689931770972,0.169401089872253,0.258053690645937,0.267126185146862,0.26788664921887,0.21438463865925,0.205935315526697,0.193682009644071,0.224491642917463,0.220081430964068,0.149485898762894,0.222017790360751,0.216824936727583,0.179209376284954,0.213011685895491,0.254136365023607,0.240843786326194,0.25404847364361,0.320732494620631,0.228527564551729,0.212125329390852,0.15368194948463,0.18394249919555,0.177317796914746,0.199051354826616,0.234932905662524,0.237445149352651,0.294411071934315,0.178944449765174,0.255891174740141,0.201886466563415,0.272204864464155,0.23106068816536,0.173189487800583,0.271689020721924,0.179874108916455,0.285776778894473,0.17751239168942,0.213030702558069,0.217200401280986,0.242169558799033,0.194910590480589,0.245160203992247,0.244893008760241,0.190719758934091,0.227023647284615,0.245339564041001,0.249701654764904,0.297508155984616,0.242384728857037,0.196604862767139,0.279820402142124,0.247829405387522,0.267515013391673,0.222878963729233,0.212582785295889,0.181074068202907,0.282840565592008,0.170509207667082,0.232873265607939,0.204193249119558,0.234108322532133,0.233709520331408,0.167126457196112,0.286246427802469,0.123525300877838,0.323113120693141,0.124253336391605,0.22896937960042,0.156878200267288,0.18371151677387,0.295283646757275,0.244129405271243,0.214337928708589,0.248322257407202,0.225459618416973,0.201727793190736,0.201746564000908,0.205216382386945,0.202148227444113,0.220953142386504,0.143288296704596,0.250304774449486,0.224204840631595,0.295688687165324,0.245010286927571,0.205604400003489,0.192335671628661,0.276557916260527,0.177276842351913,0.197194912831762,0.168123857381045,0.237562490568204,0.131947916559998
"PI294605-US64-0007-01",0.009866992973899,0.0470825313505405,0.0175382235832619,0.0326961596296176,0.00710031647224583,0.0590073417921189,-0.0267256698172625,0.0655923005665669,-0.00294080914397681,0.00698720473544959,0.024546312063632,-0.0167233071971588,0.0411206757703637,0.00958800288336507,0.0585717151640827,0.0522849333313429,0.0249476630784387,0.0369607324993058,0.0265349758966801,0.0471869445107378,0.0215045849157812,0.0341902361150389,0.0378514056534674,0.00638347098456731,0.00902536218553763,0.00636684581523068,0.0344812981116824,0.0302937242047295,0.0168346170100636,0.0762784213176337,0.0222424017366369,0.0669695452823577,-0.0194907579390499,0.0303555416465693,0.0750237631140149,0.0160572877057762,0.0184149770532431,0.0230642900168959,0.0151938042255113,-0.008599472638275,0.0308590759872086,0.055387376179293,-0.00917322899499797,0.0537877873460794,0.0575353773420623,0.0649463838632667,-0.0054453970937852,0.0342695408347307,0.00243889707215214,0.0903087950871955,-0.00241622098249664,0.00763532787346262,0.0519464031107818,0.0351486026091257,0.0221771441055599,-0.0178519391661839,0.020809815982066,0.0570780666934799,0.00681007702042633,0.0638674917506667,-0.0280557214318274,0.00900482401739905,0.038371004162607,0.0326650515498339,-0.0078332634381653,0.0296730805377152,-0.00341106526339324,0.0362692246267121,0.0552213630028798,0.0372907611522497,0.0329672034569713,-0.0150928023055297,0.0399399481696707,-0.0155521591847279,0.0472286979950605,0.0250032510120949,-0.000536572903163451,0.0476720712201588,0.022011071335303,0.0288882296166404,0.0384663539414191,0.0232314715471875,0.0299220120369178,0.0224705884212246,0.0653180894026366,0.0329572251801861,0.041432236414554,0.00529404667227903,0.0561286055076678,0.0369085755357312,-0.00475304238228581,0.00742985577894532,-0.0396796300674549,0.012414461525214,0.0170598085485558,0.0580918536127534,0.0425330701221857,0.0546761848117626,0.00679472606053883,0.0413846756704218
"PI295762",0.153612515895532,0.140273338121892,0.182994585569357,0.143570924330705,0.164717440051324,0.137864413777162,0.15561446986396,0.0971399224022502,0.171137530838934,0.188632810367882,0.120637656780095,0.154000064830631,0.169879021254181,0.156985178471075,0.154431446170412,0.0895131431852846,0.130793664568451,0.160958817491928,0.158346172666823,0.193930749343111,0.163170153709436,0.0788842597115109,0.158716234478417,0.157512965849784,0.145176497965091,0.104044031399224,0.192938121196136,0.161726501496033,0.168338848799094,0.152938338900354,0.157041913683971,0.133627468384809,0.15089764570916,0.151224169049246,0.071465818287921,0.143830242240121,0.10885441425821,0.149471520872351,0.160781878228388,0.165004778019732,0.182155266233352,0.126253536328092,0.14943344059466,0.168061749758347,0.0862157649494277,0.13329800344666,0.132071476200519,0.150256950801958,0.125360835894128,0.220197441620196,0.193095188584179,0.146093923445125,0.160517115692528,0.175817504608885,0.135903327305259,0.139441833005833,0.133868203788085,0.151637803267098,0.180220234500307,0.142469696738782,0.15679595479413,0.203190021219409,0.146993317197742,0.162433496715511,0.161762418613282,0.156471069727252,0.130454808388644,0.154451569971811,0.175411606535613,0.15833343572158,0.154743557925945,0.151835259138341,0.0753448325121238,0.182646457452108,0.12532966946938,0.167037826437061,0.118594634537564,0.16999460813322,0.148279431636016,0.11812561023767,0.178562344566753,0.162388993392285,0.165370051332774,0.122633168525989,0.144010864062805,0.179665833553384,0.179747137398671,0.131716948253346,0.10468091694995,0.0858506383007397,0.178173517020455,0.155652001447986,0.147184365319161,0.148684511632376,0.000000000558113906227546,0.117261979170682,0.079534092448317,0.191026478067056,0.130653832685882,0.125015994166456
"PI295764-Gracillimus",0.284897956343678,0.242963611225007,0.253901983612643,0.271545081282441,0.21209386203044,0.129426920865696,0.150043034946817,0.311359420988062,0.239887314370084,0.258924727758263,0.24688643032521,0.225226631803975,0.291034587383978,0.227265446817429,0.236849269647782,0.236020393480939,0.189188496195228,0.241087475616293,0.268555084217678,0.228857673403453,0.271147075079954,0.270829646749081,0.307908578181094,0.275857393495336,0.248514505556303,0.23477093833973,0.16913228047826,0.233510460639549,0.296698678897944,0.278493899589123,0.269980441346796,0.193409833835478,0.285449547028082,0.227402379597292,0.301712959216795,0.238866660489949,0.250296216835727,0.266717123207874,0.217954307210888,0.182809991588219,0.249227125116336,0.235860602178375,0.296667741817534,0.217688011994801,0.299673298239153,0.23477757428529,0.217995665132719,0.277667260816202,0.22241568167417,0.209677109441183,0.282614994827174,0.176129861604188,0.147818814951654,0.199694519163906,0.138074277934051,0.217216727203747,0.273167858179616,0.343448306258134,0.145062842168198,0.245189989017802,0.295383409357538,0.154783900718539,0.240892319213448,0.27506022697544,0.20574082453074,0.259269309697261,0.276182250329189,0.273576239782813,0.265750814641551,0.177536826518132,0.113576773455671,0.230778279220112,0.162101257358012,0.328099631310887,0.255447095431919,0.240562103061106,0.219906090666885,0.278361010990964,0.261389835205876,0.282166823225428,0.265314438969108,0.173605832892116,0.251327496699117,0.235743776288204,0.278992036377294,0.273603740761982,0.14278721805143,0.180073628565852,0.248506073330079,0.152858972829921,0.242741291364155,0.299727403526167,0.239943830734311,0.211199523791992,0.000000000821084230610891,0.237168429555123,0.237739171814487,0.174858893965165,0.201778489554269,0.152174328360001
"PI423566-M75-062",0.192142950290874,0.175894949939,0.21396649675906,0.195910921991475,0.125537585877986,0.202637768207267,0.194196803690666,0.186246930738291,0.221249957445802,0.118279088220056,0.197788759769111,0.180725424340856,0.207517622737584,0.20727497208342,0.242833695493482,0.204604581299038,0.222366351824121,0.234988356481754,0.192812593431345,0.205080328222373,0.176102324295835,0.193164590683559,0.190300783690585,0.220772540610114,0.195789622282534,0.158462310101123,0.236377478422169,0.149626637179337,0.20324851449994,0.248663680429447,0.12224931121493,0.210591021860371,0.204785442857959,0.142884649902249,0.213001291751942,0.241377802928318,0.187151746805516,0.191999186080708,0.184513980794105,0.186206697499776,0.200114908697506,0.192399700721156,0.223700756601989,0.207387245549389,0.162867978600737,0.235319837222313,0.196197166112035,0.186928204213053,0.185792231085024,0.187848498396512,0.191489858400092,0.206025302802727,0.207193389253678,0.232086766677515,0.0526416950381806,0.137432355857565,0.188650074209645,0.227344008931392,0.2316056027355,0.194828117788101,0.196322917074047,0.222825422165505,0.185011455383291,0.173775087266758,0.2521498042804,0.163767057174239,0.191129773326154,0.198132105372414,0.166969844733387,0.227044519216537,0.148557882954706,0.217215054582151,0.221482883396323,0.201723966798555,0.173305947594289,0.142062636116324,0.163510205321152,0.167899442921126,0.192300226649694,0.233443023455839,0.172059414370055,0.172874536714302,0.137004714699109,0.21603013571486,0.217585858103082,0.260550340518058,0.184308741538524,0.151047938831444,0.245035045353034,0.196929831556381,0.191688058245455,0.184729526343937,0.197281620498149,0.191692555180854,0.208555801960918,0.194393467436928,0.163648898872865,0.229472082042369,0.210119372636875,0.183763668458237
"PMS-009",0.180381414998318,0.134295048004335,0.118848117433702,0.104731608157971,0.132394836888136,0.0828213308343808,0.143217192029997,0.169228159003242,0.0802491824917461,0.117006683057024,0.074419667102537,0.109307850871097,0.132966263616983,0.0907233198846027,0.114342420363416,0.172615716326755,0.120022736884572,0.123456576641379,0.118203207281854,0.0408965581795628,0.111073559013838,0.140675501263548,0.108373531381646,0.108261395520174,0.07562882021692,0.0920604608231281,0.123359640116314,0.138441218295867,0.0980059856893775,0.151261898954747,0.163614270472461,0.166377653698919,0.0676171122167371,0.111056441659048,0.0975445780084607,0.135609941543779,0.181442800958607,0.137830654544584,0.0986885436716889,0.0898095610857088,0.0897668824304217,0.104867643434467,0.122342974291919,0.0783619796861589,0.104342671817882,0.136326420291779,0.120986556101904,0.131520610257398,0.0721530705156274,0.120677086622137,0.102003495117267,0.0782458076996338,0.124751581625708,0.149060212925937,0.122593996156137,0.15470078348814,0.122438861139052,0.0781566627583543,0.105258288451969,0.127788782395004,0.0862679258225388,0.0805135788343768,0.153936412825361,0.104238036697181,0.207649883928737,0.0926900220069086,0.0999144450077388,0.0907419751697316,0.203099773469867,0.0536282284434058,0.133512522923918,0.129299727185438,0.129397370929465,0.11102290356771,0.105577940669676,0.108842016107324,0.210164877594435,0.147823201462146,0.13579504098038,0.183886910944527,0.165151561118297,0.13165561015309,0.137918292475622,0.13885374866786,0.112643946009835,0.112716467555348,0.147011706056052,0.159151076107275,0.158116401080532,0.0809101602676088,0.164662193367813,0.128571943477068,0.106909294482938,0.127247732712776,0.0972797272033799,0.0922182474714437,0.101480873116077,0.176316915373005,0.149589998672414,0.0759950177307095
"PMS-014",0.171274579549203,0.17269288792075,0.139402088940939,0.147370113360964,0.17376567190605,0.153249673185642,0.000000000696303933076787,0.124740465884838,0.0890020498246509,0.152778720537192,0.137117679448073,0.166968374455306,0.135209376289224,0.151681806666081,0.142255792593774,0.208535134762157,0.101619596648066,0.14555147601306,0.170546901829409,0.16384505657023,0.186960912968712,0.105714033840156,0.176199944297321,0.152459845672269,0.149870171002581,0.183759471149636,0.172667936412507,0.131258967938362,0.147068014822562,0.175324628091991,0.192124609985861,0.136060777688665,0.0816960222665403,0.130606880418868,0.173410773019023,0.134501317650975,0.156313948917794,0.181125668933759,0.1492393160378,0.165218659896998,0.133314963360665,0.141985078546963,0.075228705697026,0.183215032299961,0.162820878021589,0.0976204673023626,0.164211005391411,0.156865643846539,0.153575742822884,0.182741991057009,0.202841463557637,0.145870739230869,0.133678129118442,0.084830779820917,0.110877208020924,0.163265341607626,0.175434879232268,0.156622362353044,0.189819161988077,0.106811122822892,0.0349336539392076,0.156978506643011,0.134058469374841,0.190021462116422,0.137598820330019,0.15727774615775,0.152309169475982,0.170978791311645,0.148752043241697,0.127639158892663,0.173086441846158,0.132152470330876,0.1363604688626,0.164549902378517,0.164552283143892,0.144183270321065,0.125459400405164,0.148131707073659,0.167991773970028,0.140533965144766,0.153003294074663,0.188148426890929,0.171069180313467,0.120544985777269,0.170354499270396,0.0848677618793915,0.13096692556478,0.199940959477911,0.131923720334186,0.186067593251827,0.134475470074171,0.168799043661177,0.17188835764831,0.160723541115374,0.170499393546034,0.131671155311931,0.156812034027119,0.122169695290361,0.148466857453567,0.146724412767659
"PMS-038",0.0843305571387591,0.0989497825841208,0.0932923926799998,0.0543655330803558,0.0636354990197085,0.112993618424094,0.0846885170180666,0.0969751364781156,0.0279732637594163,0.0921939680478438,0.0814021021264214,0.0871231659403211,0.0901799232276939,0.0620069359134935,0.0640186676458698,0.0563727749882964,0.0161881904517375,0.0949142491710649,0.0793691805262878,0.0824926068501708,0.0965784432262329,0.058411201346524,0.104898274699285,0.072601007696893,0.138413009353716,0.073056130577752,0.0850952721636404,0.0867682784922519,0.0910589622167033,0.0854096270624719,0.103630067671063,0.0810720764327377,0.0243253984816927,0.101176028897167,0.0935651992071342,0.0726682198377205,0.0754317443188179,0.0760370417212829,0.0909552953578378,0.0766636980644153,0.103543216234315,0.0990858244142567,0.0376957516210665,0.0925421952536951,0.0964495963388842,0.112768886318794,0.100772432163216,0.109108650209363,0.0676793829308394,0.0750643261516412,0.082809772653703,0.0785319946714654,0.0757274895580442,0.109008117895429,0.0890536266242199,0.114910341353757,0.0950393711253515,0.0936115396752346,0.0938703805059995,0.102835260404091,0.0156016827980759,0.108573153291294,0.0982400584446176,0.0572631807627924,0.0488848054122208,0.12742673582732,0.11003764815992,0.00000000025980972830527,0.0856745718307765,0.0187114181470574,0.087966968253477,0.0771614392694792,0.0820217370320494,0.0984184638358523,0.0718769067687661,0.0998583652942056,0.0994228560188747,0.0622601275340985,0.12030773683368,0.069532272572591,0.0883229148526243,0.0781909426572395,0.090189149522395,0.102734681538998,0.0961632107725788,0.0501781937157982,0.108632460344237,0.0899076756765571,0.0916669976399128,0.0612471703952233,0.0999678922224917,0.105080820341282,0.0774628625692852,0.104253203495484,0.0927201070378798,0.0550562991029026,0.0914958266909505,0.0824728869559429,0.102573502215073,0.114328593107873
"PMS-087",-0.0566707808402372,-0.0430908522415365,-0.0473588395766798,0.00183308178104528,-0.0573378685148122,-0.0191870276274701,-0.0880478316499424,-0.0879931195601386,-0.0452581690552359,-0.0315639745130031,-0.0471767837738744,0.00624321178704249,-0.0663853909250348,-0.0460963911537864,-0.0206672877073074,-0.0410382534927345,-0.0272957504269324,-0.0705484292634564,-0.0594491524126714,-0.0221131068581439,-0.0853151605155629,-0.0858464541503969,-0.0259653681490516,-0.0542227888047707,-0.0911962394190183,-0.00467835863347816,-0.0107666194552819,-0.0163874627724634,-0.092493626471966,-0.0582272094999277,-0.0431674899672554,-0.0138399674569258,-0.0726414084348596,-0.0116379400374672,-0.0377708992526938,0.0117272107295022,-0.0403480842363971,-0.0329733721673049,-0.0531056851653613,-0.0329837159031954,-0.0685643952622013,-0.0720836466377852,-0.0425160230467976,-0.0806284641675079,-0.0719319741250834,-0.0896968143663355,-0.0500398357473624,-0.0484107670739883,-0.0755924814935519,-0.0108422549679366,-0.0360559345907637,0.0103306598652314,-0.051232310960332,0.00544508749345365,-0.0561231923222863,0.0170886392317186,-0.081441543519729,-0.0387494337408487,-0.0483301754152429,-0.0505939959017465,-0.0592214167755909,-0.0452293972538752,0.0243158339686463,-0.0504798654295778,-0.0364577981620567,-0.0272990090526237,-0.055151498629123,-0.0401404804894717,-0.0323779569613242,-0.0681313996381698,-0.0556394207264678,-0.0187366888639348,-0.0765317179418831,-0.0650536318959364,-0.0532086389129326,-0.0495968480812535,0.0118749088683705,-0.0896987664491937,-0.039290882596389,-0.121940283918123,-0.0575396080929552,-0.0689980984282722,-0.0528852647013505,-0.0432148234130229,-0.0823328030778677,-0.042443079752102,-0.0592072189717404,-0.0400002931823421,-0.0459202218853155,-0.0420769111930264,-0.0625902909763238,-0.0391855466225169,-0.0348928633466464,-0.0220174868597937,-0.0259075536309503,-0.0603445405437242,-0.0235630219223637,-0.031021180582355,-0.0867559987052034,-0.0969795992671857
"PMS-130",-0.126592240949243,-0.120741810058467,-0.179148072831321,-0.13292044588451,-0.158936064206621,-0.144462034992598,0.000000000277431178484901,-0.112005413242406,-0.0782940932780919,-0.0929867997897898,-0.172083849406635,-0.131029751911885,-0.0999622789165333,-0.193357240324793,-0.0733404650225824,-0.125275092104498,-0.147020932037416,-0.142586432626577,-0.089704058098528,-0.154736493189928,-0.144995895240596,-0.125580427185153,-0.123846374572481,-0.137660062076609,-0.0843313326003071,-0.095486110545914,-0.126480755680315,-0.11132963186341,-0.09810126170309,-0.14528374503781,-0.133486023353917,-0.101191525096234,-0.0997907179395975,-0.0808815190711543,-0.0541946337421806,-0.0601750412185127,-0.165868776232183,-0.138599604925137,-0.15944429108756,-0.118506341220704,-0.0805245221886671,-0.126115943191469,-0.164332396750211,-0.111155527090304,-0.120535842373647,-0.145538631011105,-0.101702213190473,-0.151179670060357,-0.140724877027156,-0.0800809703964605,-0.134881594278242,-0.120214379796866,-0.123627988417897,-0.0512494061041696,-0.128142028285779,-0.0903566467501261,-0.0492634356976043,-0.154516695994493,-0.125449498416422,-0.138976331656557,-0.103272114681529,-0.106744957144182,-0.0650814044253764,-0.000118374003158075,-0.150461165679756,-0.114905664900157,-0.0528191790777207,-0.149522694619061,-0.0896466425552282,-0.0866138686303407,-0.146321860493111,-0.134378219456792,-0.121247615097566,-0.135250862361599,-0.101308304313101,-0.160218322330775,-0.0876046949143418,-0.115512876504683,-0.173159657669665,-0.0590639897388364,-0.151841054170058,-0.131216327909766,-0.144755687974628,-0.0948236104019366,-0.0722855906393971,-0.123451676143251,-0.0889316959620009,-0.129481617654071,-0.120186167624993,-0.135928603733182,-0.148855141000934,-0.11771309061305,-0.166830726280613,-0.100068928487925,-0.143952044482183,-0.158251949485658,-0.206519433022114,-0.124007112675414,-0.102430749610732,-0.138172966217988
"PMS-131",-0.117627860319417,-0.0691248849548651,-0.137757977400031,-0.119072842802701,-0.125474330969577,-0.139402314951379,0.000000000359898082728906,-0.0985513484246835,-0.0913583947022506,-0.139353199703464,-0.115934383688887,-0.103546830744115,-0.0713540977628589,-0.111881470004867,-0.0580756291035024,-0.096523885673213,-0.185618435919007,-0.116514275255914,-0.159830890993493,-0.122442426755103,-0.124531042751404,-0.154841143262186,-0.135081059591584,-0.143501093958167,-0.139557522179446,-0.134865541669421,-0.105997405742448,-0.180200529889504,-0.0447271078565577,-0.167589355202991,-0.118965874910327,-0.137593908900448,-0.128979689712347,-0.0906348043831625,-0.0741019277507728,-0.0645070907531386,-0.129544514131776,-0.146924171779311,-0.122245102303002,-0.146966047562812,-0.15456548926455,-0.139006119985817,-0.141781328122412,-0.150438227895768,-0.100895341114802,-0.0213947301687736,-0.0972385388784645,-0.147094872507073,-0.117623366561292,-0.0703118619342874,-0.105603166052949,-0.103548549387274,-0.051802915113776,-0.0444983599144096,-0.136855257314851,-0.130739900934504,-0.0416835444501329,-0.126163670428061,-0.156176748911392,-0.103441383132552,-0.108306090981428,-0.141033557225513,-0.0474274112752799,0.0026569483426399,-0.137436173798186,-0.115059268652583,-0.124331997728494,-0.110647735802061,-0.123244957332827,-0.109894109013149,-0.14930926804852,-0.140620059896311,-0.102860824183469,-0.0865917658455839,-0.0608029512205886,-0.141966116440422,-0.154579486907984,-0.140044397706223,-0.135467939338654,-0.0680088349511415,-0.15308183247573,-0.0741483046794904,-0.15272201848712,-0.125668079997133,-0.0682298495058023,-0.12432947969232,-0.17036664954686,-0.0849392078306466,-0.125864545866788,-0.139149986785162,-0.113588170028753,-0.0883591982426376,-0.122900463981885,-0.07277239556165,-0.00000000016014752187605,-0.117739904053713,-0.105751330664315,-0.079529330070441,-0.114567708413988,-0.105290462126609
"PMS-134",-0.0242973255233635,0.0362387334158176,-0.0031025722804366,-0.00554635781991387,0.0491477187288451,-0.0145373102461142,0.0249439485516091,0.0017085086296489,0.0568203325009004,-0.0223426482511405,0.00157466334504926,0.0152579195416908,0.0324389850584901,-0.0360384489590589,0.0138772260111769,-0.00941857407086276,-0.0182969129909436,-0.000875213487071778,0.0644194676983886,0.0160371819104415,0.0449854975253258,0.0132211530806252,0.0199049397110342,-0.0407810216325241,0.00845364666543765,0.0199098585413106,0.0498577564591959,-0.0171772655008025,0.0694077708537322,-0.0139636169837549,0.00396979952249672,0.0403722379100473,0.0128027699150096,0.0170421846290405,-0.0256931250604155,0.000122399527107689,0.00730964629394882,-0.0174011154870702,0.0133623953012265,-0.00477577217379337,0.0433356846263543,-0.0127902702358552,0.0145851661267219,-0.0214643510929274,0.0312046998820977,0.0811694382818485,0.0528891975950798,-0.00983126471458976,-0.0353156320240242,-0.0229033674671507,-0.0257875174864189,0.0116116139044135,0.0972712568886126,0.0168896809578744,-0.00353938195596316,0.0021609309196609,0.0500510071111648,0.00512029702883234,-0.0184666592488752,0.0110701431302551,0.00276652444214194,-0.0224887211981192,-0.0147661440016784,0.0112287494706445,-0.0281336583186937,-0.00835551425338436,0.0381779787800617,0.00455289520579827,-0.0357997476777928,0.0568806940104851,-0.0201377461938418,-0.0253403788463114,0.0264139694031268,-0.00985623431690016,-0.00104792941760042,0.0467640466552793,0.0756964611171586,-0.0174167283956804,0.0192464114108096,0.0165527905885607,0.0329604017227625,-0.00076005680494612,-0.0606561648839763,0.00641836213537046,0.0053470133253877,0.0105971760808573,0.00522340568690421,0.0402779784245696,-0.00655490658605809,0.085758476485939,-0.00238696723786702,-0.0407504016913034,0.046829485476153,0.046239544811245,0.0626849699393963,0.0126723230497175,-0.00424151808797745,0.0507836362110294,-0.0219490109817074,-0.0213193032672845
"PMS-144",-0.0841115861165742,-0.0404903668744395,-0.0449635450948077,-0.0443655977223544,0.00947453452796751,-0.0691030991020934,-0.0599095598016597,-0.051627700585339,-0.0484912934001711,-0.0350531380167358,-0.0633747259643467,0.00736628970016889,-0.00855861942749202,-0.0320624465856981,-0.0580030873570757,-0.0350530104099287,-0.0427623239204762,-0.0224634003265129,-0.0426075213812679,-0.0128254859567254,-0.0135694453082529,-0.0115616356353121,-0.0663029899493184,-0.0562984252309367,0.00390950911816717,-0.068407309860713,0.0228552052928687,-0.0485595665463612,0.00219801635811757,-0.0570615231959609,-0.0492882908050777,-0.0785101968309597,0.00447313016693898,-0.0114005525455578,-0.0287776097209972,-0.0609995462528772,-0.0314534957148295,-0.00851181928349315,-0.0474119778054939,-0.0950592735422539,-0.0441344231271468,-0.0984151060570045,-0.0608415845727785,-0.00701854112240277,-0.0615181071946018,0.049404051552863,-0.0307298932257571,-0.0160695295044005,-0.0615140965521913,-0.0867882271236464,-0.0669141558029001,0.00070602503201002,0.0404394496344858,-0.0492609348303069,-0.0307531952395225,0.0012532165266144,0.00886635609855555,-0.0425922288656104,-0.0351440920605821,-0.0665200312520427,-0.0348453017742463,-0.0961129023284956,-0.0534269683741385,-0.0729065620352469,-0.0067095522042205,-0.0718558548368122,-0.113482744053646,-0.0843974876066893,-0.088430229919646,-0.0195150006777383,-0.0629035344199391,-0.0297852858958485,-0.0433103069832043,0.00118559006162375,-0.0631268830971373,-0.00650639591913082,-0.039710586307624,0.00283861404946756,-0.0610870630909159,-0.0238551964863924,-0.0484790007751975,0.0165013019405489,-0.040779023037905,-0.00480649788446037,-0.0631245225255566,-0.0735692409752681,-0.00802696542655087,-0.0360431435728134,-0.0766346865357027,-0.00541494879945974,-0.0301225837690104,-0.0178379592405127,-0.105469474679472,0.0144617312299141,0.00592718790539538,-0.0271479091101251,-0.0457136457895423,-0.0378715202497287,-0.126396551523473,-0.0206235308702654
"PMS-159",-0.0184805963152436,0.0744996749662397,0.0115293861482389,-0.000220325553967226,-0.020429039903449,0.0456841338457603,0.0101902546987694,0.0243470665098681,0.0295731661482828,0.023240440558863,0.0109762661591152,0.000627181319327063,0.000398309272284863,-0.0794366927183767,0.0259381662698809,0.0199761539483507,-0.00143360890345683,-0.00691749508534463,-0.061639990317109,0.0513131006772997,0.0723776754599067,0.0405258023584193,0.0507488080314413,0.00746697048670494,0.0539834102007501,-0.0193277193110284,0.00469132907990272,0.0100626129350219,0.0428192021320437,-0.0133450241240692,0.0411178460343416,0.00173085589874512,0.0457648112120503,0.0155482371973174,0.0103288773158507,0.0343327487048782,-0.0517363273593348,0.0796608501812917,0.0249199284745256,-0.0515686174478572,0.059927199511408,0.00578296308058098,0.00304686401710239,0.0541737421727438,0.0452207291995474,-0.0619686216793098,0.00370152368124263,0.0727865477956517,0.0236675380956646,0.0179535623407826,-0.0040470772909248,0.0782787567052483,-0.0175630614743257,0.00962183579130079,-0.0336670322456748,0.0109301744596202,0.0124477931761164,0.0486313592566024,-0.0178263095791411,0.043909767680822,0.0272815177218154,0.0465442149875868,-0.00752842990643491,-0.0195767053552634,0.071629277783293,0.0231220633640634,0.0192152554457266,-0.0403594079411321,0.0709031384941346,0.0142829921553934,-0.0234442506597732,0.0559360299380576,0.0122933836917261,0.0515911410809112,0.00148618207356765,0.0336862125282759,0.0176915444936087,0.000773016990390162,0.0298561571363734,-0.100024885358746,-0.0240270965267213,-0.00899020296749571,0.0158267205303509,-0.00698648932037781,0.00748691840069641,0.0561680141054975,-0.00190500115556536,-0.037598921649073,-0.0229164285487515,0.0120172173165822,-0.0526026288597029,0.0211177841333505,0.0556790610590719,0.102331368840452,0.0230938083632519,-0.0270165001029691,-0.00114249760145057,-0.00577034074567293,0.00335427498087559,0.0080725168395111
"PMS-161",-0.139451539219415,-0.167552881503698,-0.143048237288703,-0.119821075476997,-0.180611543229989,-0.118870968642818,-0.164532693585733,-0.104659018599863,-0.173078205935016,-0.0948484882726808,-0.0976143372864835,-0.144649151794728,-0.129192301090271,-0.145816722555713,-0.1644653529415,-0.137795798917419,-0.121011890693351,-0.160024683979967,-0.125902045308241,-0.0626892034456809,-0.11610893575771,-0.122435202227743,-0.103132095885856,-0.106939304848824,-0.175864137785846,-0.0931151790819362,-0.151658092862391,-0.120615344660124,-0.13176366720653,-0.0647346166608022,-0.1169445950023,-0.106913625425685,-0.113186771067972,-0.13621701166974,-0.124761839289178,-0.151620581747039,-0.145642486320272,-0.157263922213171,-0.117718427257278,-0.138038341173533,-0.0835750333869145,-0.132850845447348,-0.0799675240689853,-0.14008363236177,-0.108259335501134,-0.170080618155365,-0.128154638656498,-0.081413944452309,-0.109641993478278,-0.112994618758706,-0.150042810822913,-0.115108700825122,-0.133599452074872,-0.118323959459423,-0.166630870815355,-0.135418118560385,-0.138650515932078,-0.052971451230065,-0.126023568360149,-0.0950787202138669,-0.124141004478361,-0.123612477518912,-0.14839984330852,-0.171721066228384,-0.12618289931533,-0.107389655817343,-0.128751664987233,-0.105041518273917,-0.115852453923292,-0.123743490791354,-0.133770725267078,-0.136252709623944,-0.174449812329263,-0.15076802802099,-0.0932139973555882,-0.102628657393896,-0.173399128657862,-0.164507326603553,-0.122723532714086,-0.183093903368179,-0.0567405301368866,-0.133348615443435,-0.107858758133221,-0.126214299210572,-0.126387554913587,-0.157347197222878,-0.149197906515444,-0.131479557668557,-0.152018237095945,-0.122257026136972,-0.117790563717579,-0.123332981459699,-0.120935985156736,-0.164674818919844,-0.173459373465744,-0.146562666535846,-0.100468686272028,-0.0835259606130653,-0.168535979698844,-0.151667242245693
"PMS-164",-0.0757538211523385,-0.14726608134952,-0.12476245613568,-0.16485832552821,-0.0797137551999031,-0.127394970225191,-0.129424570564269,-0.0691874853569471,-0.0521447422100222,-0.087490081664248,-0.0956456421534418,-0.0967058106020844,-0.0659990250021962,-0.0789753482550595,-0.057000485888754,-0.108811935298472,-0.0543443141726948,-0.101810146696216,-0.0592444252854043,-0.103024084471842,-0.05491520443778,-0.0708557211559948,-0.0634633171742968,-0.0997822456569384,-0.0822511681400156,-0.0905160119210492,-0.0800132138639419,-0.0595298811564859,-0.125862845249172,-0.0675192583458196,-0.0779071536026288,-0.0202832848436437,-0.0551147248974704,-0.115175947187472,-0.103383635462746,-0.115791064987354,-0.0689818827169977,-0.111012730106429,-0.089494162014225,-0.0708057230070861,-0.0270171435819744,-0.0666768501507716,-0.1024644486016,-0.0851300965722074,-0.0869670478269796,-0.100915068844668,-0.129926644992751,-0.0983607512180657,-0.0799535494941679,-0.0551370394528101,-0.0733824101524654,-0.0710805607509838,-0.113252234230126,-0.053371102637338,-0.108124300199787,-0.125210094733452,-0.0611194380810423,-0.0843111862017844,-0.11884932382111,-0.0985172159986368,-0.0552335478050081,-0.127690263381642,-0.0854374356057256,-0.0634756067941378,-0.0769802090610755,-0.102095658526039,-0.116494131639437,-0.0651536491280591,-0.0910672095204941,-0.0982508828575793,-0.044523873119117,-0.0610133524449519,-0.0833964442870341,-0.0915902408979985,-0.138299573142932,-0.076999891864769,-0.0725860223061132,-0.0847724853418705,-0.0639807324011201,-0.086166139420389,-0.103425717934993,-0.0496058125011284,-0.0860663410008926,-0.105994831040325,-0.0513397411355513,-0.105444991377186,-0.0763213014443449,-0.0664740836663773,-0.104076627484435,-0.100130913041683,-0.095493796158799,-0.11059911150427,-0.116087477400809,-0.0223575954780519,-0.0536067498266375,-0.0578956706031766,-0.058494868363731,-0.0867569208881632,-0.0981785813153906,-0.0995555957391064
"PMS-178",-0.114140668289292,-0.184653172367996,-0.164448844388302,-0.104145288747978,-0.0754649278215266,-0.0851713874287785,-0.171123860711751,-0.148676053387151,-0.0906523979868404,-0.0568863631199086,-0.0418261572917395,-0.0758204771078985,-0.029040636070569,-0.078904296249069,-0.137621293957319,-0.156929761136652,-0.0740281859053252,-0.0746763152787558,-0.10940034643893,-0.102195280046973,-0.116971254557634,-0.0852555364971784,-0.0761800372614507,-0.0796717284762329,-0.0871809464268894,-0.0603868190697406,-0.123673556420256,-0.0529796455414633,-0.0586898155506139,-0.0998096142235161,-0.0412762686373708,-0.121645007688743,-0.107275303322752,-0.152551680913992,-0.0160478319190104,-0.0884686048577478,-0.103159947476977,-0.17414133372866,-0.0966624291873234,-0.128383382190424,-0.0129951261640095,-0.0480354619674542,-0.0757814719312009,-0.0731720250368039,-0.115266503263191,-0.0781362234828677,-0.0853183602667564,-0.0957051229208849,-0.11084178415708,-0.0812493908595067,-0.0889009875299431,-0.110091111113238,-0.0739407000978277,-0.11371305756843,-0.0679294948141902,-0.113021972135479,-0.107243833217924,-0.069442673295864,-0.0983926446196136,-0.0792686880607097,-0.0932250019743818,-0.0805472519800248,-0.151382503249867,-0.0791377160835668,-0.0355502326859123,-0.0728677899012522,-0.0947059606405301,-0.047587126782194,-0.10937371209119,-0.130288666732019,-0.129361569141098,-0.0625313813431763,-0.161920120891576,-0.0512635590738531,-0.105685179966785,-0.10065438080776,-0.0705344151279767,-0.0473023483226958,-0.119154323235265,-0.0153296791245875,-0.0805652339601,-0.0983267633643829,-0.0864505791638608,-0.0466124979949861,-0.0925427207287875,-0.161708672492854,-0.105134863783851,-0.096285422519819,-0.109153340772149,-0.0841548623537631,-0.123886995319021,-0.0810035013160384,-0.0956599622297717,-0.131949768439104,-0.0754817504772904,-0.0705681024524278,-0.0841551511867585,-0.0492968914427653,-0.115874719899745,-0.138809044157725
"PMS-183",-0.0859195629810282,-0.102617102357631,-0.0933372625009414,-0.0991808964119373,-0.0956568478062624,-0.0988665286202802,-0.119099226463642,-0.0745162250245794,-0.039967143812968,-0.0364404396996559,-0.0793510508993482,-0.0401967953069526,-0.0927414895007369,-0.110833142813959,-0.112284053855476,-0.0484782230636679,-0.150507740073728,-0.0846550625499351,-0.1163531058592,-0.121506299794098,-0.0399451271617722,-0.102590000585496,-0.105457060844939,-0.0829463076016034,-0.0476771851806185,-0.109820538387944,-0.125629288276547,-0.115837637271784,-0.115158869417426,-0.0913330946646898,-0.106598125536577,-0.0711203632032806,-0.125365911090885,-0.0923808363906078,-0.072924371516058,-0.072242797135647,-0.0976974939367315,-0.0961859762166809,-0.109518173540411,-0.102818803206576,-0.0788035345758007,-0.0965595095041031,-0.0888280450848789,-0.0762397687131557,-0.161909223078855,-0.095777093421149,-0.0953791904669789,-0.0841712178541155,-0.0395721775225606,-0.0647035896468216,-0.0806520635995644,-0.0818276338092251,-0.0781806087068457,-0.125051574571064,-0.0626128983584787,-0.0795095483344739,-0.0789888827806118,-0.0436103458784495,-0.0806494209676717,0.0217230944960671,-0.0814379480648438,-0.0929186323565177,-0.079333748900605,-0.0826391873688465,-0.101141927451414,-0.0495005530652382,-0.0488014262733104,-0.126445497829699,-0.116491188381788,-0.0928214040462844,-0.127311889931903,-0.100726579262945,-0.0865906496975141,-0.11782944874394,-0.081017604240634,-0.0504847123709284,-0.145137684107174,-0.124736658686008,-0.0275345188949504,-0.0486214497519116,-0.0945718248794285,-0.0864031820944206,-0.0500340404755016,-0.0675565752654046,-0.0817182386812954,-0.0863090686630539,-0.0870446209569004,-0.0452246245463261,-0.0979355139680227,-0.110351250022146,-0.0773599599498157,-0.0869524473627452,-0.0776466584934324,-0.0608690066560591,-0.0442887929950478,-0.0354947785840082,-0.0666301717447276,-0.0944350627786242,-0.0906196535085804,-0.105010630825224
"PMS-204",-0.109895507044356,-0.132305033638618,-0.137938594753827,-0.183474378090884,-0.148055129925233,-0.127377160440577,-0.110940525475982,-0.162237370337129,-0.228431961853932,-0.142688996857275,-0.121444423755077,-0.14932534480187,-0.157078046310363,-0.106356784070462,-0.132009429953842,-0.0948693423458705,-0.0471294454058136,-0.13792150879574,-0.0891846603685541,-0.110547913038523,-0.163219579670938,-0.145374109693378,-0.0853369688386641,-0.142522626694191,-0.142219572123243,-0.0940878567421249,-0.154580652995725,-0.168740293843626,-0.116896587811545,-0.0949101642043631,-0.102582548321225,-0.115333827103288,-0.109873516046172,-0.159325075919459,-0.105313217001808,-0.0792882228699139,-0.115574690777093,-0.0883151031069555,-0.105097382791083,-0.139581564716213,-0.100425494322192,-0.105731681927636,-0.123866187787544,-0.193450560559363,-0.161281412634824,-0.110439289016835,-0.171734404151572,-0.0972953566266568,-0.0872170352264669,-0.0983300547910528,-0.145772558338567,-0.136826022628734,-0.122251900320918,-0.115360764820714,-0.109197575735716,-0.110567475061479,-0.140013288037354,-0.113059637283465,-0.104710774213296,-0.149702407560495,-0.124482299884799,-0.134737619388595,-0.133088487819739,-0.180218899637862,-0.0895388384381888,-0.125979947678465,-0.142696801922394,-0.170707387373919,-0.0899231819893634,-0.0614045071918241,-0.139366775474353,-0.137186486963023,-0.109424114199321,-0.0674071221166233,-0.156100549257717,-0.109129872021285,-0.218660011994378,-0.113892193827637,-0.119564824062739,-0.101974769090553,-0.107828949698259,-0.0846635168316683,-0.0991753386654155,-0.148968553421032,-0.076295841885846,-0.100115980801721,-0.164255392319641,-0.120920130358545,-0.0894732099378779,-0.114000278978635,-0.0984261816246533,-0.113421876293551,-0.126848412922581,-0.154666059595063,-0.175293945087461,-0.0711032772448854,-0.157289241232187,-0.132629602991214,-0.171030075431405,-0.106957161851349
"PMS-272",-0.120182561335865,-0.0411658432183896,-0.101036161152398,-0.0400216666767358,-0.0590525492381405,-0.0835672723884503,-0.078048221771925,-0.107770564165404,-0.119265148624939,-0.0943096777824108,-0.111687951983148,-0.0458256691379108,-0.103419145935837,-0.0440797633226155,-0.0872235683872031,-0.110027094838049,-0.0676558977215489,-0.0881358306176184,-0.101623239890647,-0.0749396364596281,-0.0846131968762418,-0.147270622736687,-0.109788696252557,-0.0814904467870467,-0.0762206908324785,-0.103435364644832,-0.0877474482461327,-0.0694931182806924,-0.0546192236123523,-0.110898067991328,-0.0977360196914984,-0.0815670738444503,-0.12018666313954,-0.0923501683731121,-0.0974386982658239,-0.102211212901005,-0.0723393033176582,-0.084407080602335,-0.0950652784256211,-0.0313946180099365,-0.0778728211137323,-0.110845941687507,-0.0938629553385959,-0.0278532799696184,-0.083655199733706,-0.0918471159054722,-0.0371249188473,-0.0794984162711145,-0.0782121293963088,-0.0896194653936719,-0.12410632382627,-0.120971091825385,-0.0467470877254447,-0.0930661303616946,-0.0329442729044575,-0.0548766925933694,-0.0688297411840151,-0.0918850857135208,-0.0765495193697273,-0.0956778536796378,-0.0820969182430794,-0.076024480293724,-0.14585722996723,-0.0634642058451818,-0.0765538128398358,-0.11852652106304,-0.13842130236389,-0.0549772887804755,-0.0655201942404953,-0.0803348993713672,-0.128737628364794,-0.0832695682283123,-0.118058091976464,-0.113821697856831,-0.0997476456556097,-0.10325255829553,-0.0649054207069074,-0.0932271819764361,-0.107563244296847,-0.0728295248325634,-0.0739031912144176,-0.100935888640331,-0.074235846690445,-0.0943888569988344,-0.0751470006808909,-0.139813428185688,-0.0450188115060111,-0.0846685816789907,-0.0935004857314448,-0.0311815283291118,-0.0587577808117322,-0.064805487428449,-0.0907082350777196,-0.0737072700268488,-0.0659487648724928,-0.0713218604776765,-0.0624529573114408,-0.0954344794304238,-0.0537338818560262,-0.140143202518103
"PMS-285",0.168102069579568,0.0835785658942558,0.123482851783393,0.134311052200618,0.112000426199611,0.116317042479523,0.126550787858321,0.105160597455072,0.0786650694286673,0.112170013535605,0.162397720915443,0.153176389930645,0.108509967436813,0.140881946206999,0.146817320572746,0.0998285274410689,0.134800997218148,0.0959959739616827,0.13494422801124,0.0744949634737087,0.0654812116784846,0.150613268519373,0.104341841866834,0.143585978667817,0.11607205786129,0.107951770161585,0.144521129369818,0.176786705205879,0.0967723165305018,0.111322620287336,0.140090561241577,0.0948112358343349,0.105569252656214,0.150657597469418,0.100575431599338,0.139727186997504,0.146909405457924,0.158347282907763,0.0820789848865623,0.186671966917259,0.0844994180970925,0.128004087668491,0.122729789479815,0.0903749006800689,0.140579199385722,0.170572795843246,0.146432898515924,0.114496489494999,0.14629119617129,0.107357005432464,0.157961447428045,0.123719931903613,0.151650167412719,0.137278668582616,0.0862094919349037,0.154995137131746,0.158882567533015,0.0840907396832076,0.101427021554729,0.148550038088544,0.107110346898008,0.161583446733836,0.138385172483616,0.130618872227251,0.0615850115517905,0.114315429507268,0.0892759779016847,0.137560394878335,0.116935294125852,0.150303116800562,0.159190707661949,0.158700293789516,0.109588447687893,0.150545372158677,0.108308906599084,0.119144321956239,0.0834934926501537,0.143486400300074,0.104399925979641,0.160299091814788,0.0842549652749222,0.108020914258056,0.11242410681718,0.114654966838051,0.144497093296169,0.146465491105853,0.118341710407994,0.127642394302534,0.0830819375647785,0.213987588624243,0.118970504070416,0.154113875589408,0.142964010743777,0.125861859887889,0.163030129360503,0.131334888528413,0.103454277740535,0.120406816599545,0.13606932053738,0.109117230092502
"PMS-293",0.0137283634499572,0.01724811058351,0.0146715124052804,0.00262944922816647,0.00703998000978842,0.0242225025575603,0.00065843988615877,-0.0196475726852801,0.032984436420227,0.0149100810995353,-0.0218801499892756,0.0350295939293782,0.0125572476512337,0.00581970754279629,0.0144803317262116,0.0467058450378831,0.0407023739080828,0.0067159762907569,0.0158658310450159,-0.0181741383318317,0.0250257154177029,-0.00382594899269182,0.0108347181660279,0.0318472467723102,0.0171898540731937,0.0348780730395558,0.0341481357603973,0.00750188877997642,0.00144327156725285,0.0636172977126865,0.0344852015739292,0.00495337630537068,0.026241016277791,0.020959561275031,0.0891351237947181,0.0042268766241536,0.0272136886443302,0.0471429072811217,0.0407480828954191,-0.0119566104791768,0.0230692678724183,0.0253331848022203,0.0260451553483735,0.0360625403238948,0.031666422535587,-0.0206907081967589,0.0617818913472001,-0.00709539195298929,0.0138304036272029,0.0117809281769108,-0.00379773606404228,0.0607115908642403,0.0326636678099084,0.0000756442119517356,0.0123099435721009,-0.0159297432779349,0.00628113178888953,0.0198449316240391,0.0483805389878257,0.0316185900653759,-0.0108436569349194,0.0222435632702691,0.0139953143755711,0.0039949372953632,0.023682081408639,-0.0186878522999103,0.0164584403476001,0.0594310771990431,0.0269349155144124,0.0265587505759602,0.0248011470252786,0.0318364955953406,0.0273243765038641,0.00104472633208999,-0.0527692537059955,0.0207665197505074,-0.00296253386481261,0.0550832507145422,0.0386085018618211,0.0161077293711058,0.0317404709247857,0.0951690915711011,0.064302777714164,0.0178323881522524,0.0190603748786113,0.0355899134811445,0.026207924010061,0.0361328563331969,0.0124774364947382,-0.0106073871728307,0.0260940560901804,0.0334394087047948,0.0277508752638667,0.0165967415885512,0.0326322345056327,0.0226581677517663,0.0197311205750967,0.0818820276597907,0.0363122981968739,0.0203605391865753
"PMS-300",0.00854072655001351,0.0270796416865074,0.0313265944954746,0.0211619335481378,0.0342951424522007,0.0393651196656762,0.0875424892618186,0.00624977977980509,0.0794819389279402,0.0624002528528532,0.00155326585742875,0.0201988781701368,0.0127371369931306,0.0329521213810273,0.0514556169767359,0.102239966049749,0.0279596152187776,0.0214458541811733,0.0626622570102051,0.0445422524458983,0.0478681876236517,0.0409278699007884,0.0305597132093727,0.0205017228887526,0.0433155899708682,0.00192910989016469,0.0602500876965439,0.0501757834756467,0.0326764536796254,0.0200288843212702,0.0331358973005227,0.06397828358728,0.0379422045941069,0.0335388040667818,0.0288834209856539,-0.00319726184329296,0.0549850108699465,0.0446324164312764,0.0668949261029401,0.0426036167516293,0.0477384053180149,0.0173523358700014,0.0316367110977151,0.0144995926264535,0.0376355437557482,0.0150263638041158,0.0364022084737663,0.0173129247627122,0.0072715130133594,0.0319171186113678,0.0733429562215563,0.0108498182906545,0.0835226876513766,0.0896015050992737,0.0406206887561357,0.033208062364456,0.0390037239347299,0.0162958606780064,0.0505442730922819,0.0727005938093269,0.0294716513973784,0.0742263800476303,0.0259438578549651,0.0481046144206769,0.0256585207127199,0.0413149106574568,0.00483050691145868,0.0556731983173425,0.0632745096270528,0.059698799092423,0.0391622084873354,0.028130273178701,0.0492041359750641,0.0516731261326226,0.0277003615611039,0.0281070229934698,0.0853417678966634,0.0479247737163946,0.0408177545538324,0.0550588322307017,0.0385290208899251,0.00907792179345948,0.0298143043336543,0.0272968225501804,0.0936203909654397,0.0415852575030712,0.0625020837756492,0.051525378100753,0.0436322024847081,0.0213994938921084,0.0336690447878125,0.0186463546108716,0.0658083648133811,0.0200526485541664,0.0556239508288771,0.09883875433105,0.0270004495232307,0.0470143026914029,0.0144980161675631,0.00927135921242627
"PMS-303",0.10291900811674,0.0228311164910699,0.0738312782073129,0.121659010497453,0.0612750615118956,0.192562343914204,0.101719925251779,0.124957988929436,0.00269790243546044,0.101147269075965,0.044376555141574,0.124218473490312,0.116077841645182,0.0588074150628775,0.053203369201347,0.0828945671855924,0.0831740923438801,0.124124735971388,0.119919578739052,0.0742853531453038,0.134899391154155,0.0943171366540453,0.0543215238248392,0.0344968627635916,0.0433162710050842,0.110765249818173,0.0821835549617683,0.0742754080218329,0.0799483608948348,0.0541552126763471,0.042591749306252,0.10329027891136,0.111478467944036,0.080041922795747,0.0615709007061491,0.0928356480511758,0.042217564037133,0.0488300928926339,0.0547487765711868,0.00541052923566182,0.0663790913791374,0.0828423632900424,0.0591027008784095,0.0214975589657301,0.0494818631778241,0.0890177131417615,0.104653450991397,0.0378848609557611,0.0835014640906086,0.0518474370866247,0.0977613874768451,0.0651490556376539,0.0553936668613144,0.100969806241188,0.0655919276807855,0.103141535443786,0.0455377236420868,0.171497885323027,0.1017625512365,0.0466655052399548,0.0912831592940727,0.111975338493667,0.0506642353206952,0.0906279987720891,0.0913052918442726,0.0670267961041509,0.0690932154501408,0.0713169313728193,0.121690073647983,0.0858194820522736,0.0274002884758589,0.0989226083616307,0.133413514269739,0.0526183936360367,0.0992672139743192,0.0796364272445897,0.175732547678803,0.0964511037503809,0.0735177998053472,0.0941477017325146,0.12827803302853,0.0483420985567698,0.112050002833188,0.077111981345871,0.083605160462038,0.0558352596338734,0.071838774463915,0.0818755222924968,0.0391102738500797,0.105243063117464,0.0784876731763804,0.113594317660105,0.0852269303146179,0.0417675714893565,0.0773231107518783,0.0550240435647197,0.0822651749396639,0.125755352663687,0.0945312711446952,0.135705374472693
"PMS-306",-0.0479236866421408,-0.0932953487526237,-0.0455802572613097,-0.0379384242516594,-0.0725880025553786,-0.0524297257492278,-0.0475887761464554,-0.0796207448031601,-0.0388899649526838,-0.0288198769431601,-0.0239911144920924,-0.0599792173876367,-0.0568815769830912,-0.0331248884722483,-0.0780738418748462,-0.0257576639465981,-0.0911264786749643,-0.028068891597119,-0.087195491649147,-0.0444909713282078,-0.0371046035752021,-0.0979369930123269,-0.0856527072576506,-0.0316432485721753,-0.0135256578388487,-0.00258773590896259,-0.0191186113204841,-0.0201716169615654,-0.146856289915633,-0.0682640837142281,-0.029498817586507,-0.0496184317017672,-0.0668363582404632,-0.120371755799157,-0.0301304526112119,-0.01838281683547,-0.0249036931038387,-0.0428961610663971,-0.0474298218853149,-0.065186105022862,-0.0433264543703127,-0.0449916076908441,-0.0775149132759703,-0.0579068676943293,-0.12647498149155,-0.0425342849963756,-0.105455258314415,-0.0272994943322245,-0.0235204815920242,-0.0394734029262856,-0.105143385710173,-0.110008412629519,0.0142811258757824,-0.036661190394332,-0.0415454755634948,-0.0224053686598461,-0.0173024519099159,-0.0492001172260653,-0.054578629015055,-0.0779604254075962,0.000629587777113704,-0.0265747311748684,-0.0282345146724588,0.0163665622702608,-0.0439059339981815,-0.0552242384470098,-0.0884510548298294,-0.0722376875569638,-0.0633441409187753,-0.01862049651218,-0.100751955815014,0.00645754164672716,-0.0589372382028358,0.0251247016034934,-0.0456520084520128,-0.0938946293917615,-0.0527712660207683,-0.0119306969818794,-0.0983470117992492,-0.0441853526181772,-0.0236736819247646,-0.100534206426897,-0.017279902139907,-0.0377119284725051,-0.0508856801014764,-0.0557733729962519,0.00233810777844905,-0.0179534744974149,-0.0399003998383646,-0.0493468861384263,-0.0373252562029941,-0.0929517560951283,-0.00985987695119725,-0.0981917591247414,-0.0453591078756364,-0.0371243213973829,-0.0267498515741969,-0.0381712608617645,-0.0285149055802299,-0.0817460424618946
"PMS-314",-0.0133354813927228,-0.0532816348902121,-0.000000000137106928624938,-0.0537968672787258,-0.0100015790169358,-0.0114726443857826,-0.0547014068947272,-0.0459719181536772,-0.0810328328205175,-0.00604588740552391,0.00644378690465779,0.0111827718954028,-0.0181150155689049,-0.0444968092311077,-0.00623755783635419,-0.01833599774999,-0.00905451515709221,-0.0447185163042841,-0.037276090514954,-0.0486167808208715,-0.0422777268690799,-0.00739645281694974,-0.0143482813639564,-0.0297002572952823,-0.0362875793629377,-0.0263666939461381,-0.0219084608849747,-0.0438690270809161,-0.0510907702122265,-0.00411658951668511,-0.0240711904169417,-0.0186626309383687,-0.0346441248463617,-0.0465083678465647,-0.0363815800598853,0.00288213069914062,-0.0383554324704779,-0.0212108365011494,-0.00410206664341707,-0.0742292337811254,-0.0315419305957885,0.00255343775805629,-0.0513487433047385,-0.0747798227186435,-0.0442262014828385,-0.0508450975634436,-0.0351488892817474,-0.0218846515065378,-0.0173471745156618,-0.0100744940183226,-0.0521981775836119,-0.0154994932763133,-0.0137017573684969,-0.0233531096099166,-0.0254207003801501,-0.0472273427173883,-0.0115366597663381,0.0277275500128767,-0.0103337348573984,-0.00971621421700764,-0.0352562187987392,-0.0429142702987742,-0.0188482468291502,-0.0281670435638177,-0.044588873948675,-0.0104424371874437,-0.0315895404768498,-0.056881595907753,-0.0126431905063858,-0.00790769598642169,-0.0207629406629935,0.00507130771966763,-0.0307393207924317,-0.0356878520715021,-0.0346227740179322,-0.0310263654307083,-0.0589551429886586,-0.00564313958936708,-0.00533653686248701,-0.00984400144393691,0.0103929057813044,-0.0349660714730804,0.0039865217466954,-0.0398390494230974,0.000183493224268512,-0.0280697401545257,-0.04674093302377,-0.0115621101911291,-0.0342754729867793,-0.058710774537105,-0.0352592610860119,0.00531734299434503,-0.0153978703839781,-0.0566374175100989,-0.0130629741055915,-0.0216201439693324,-0.00311391014342808,-0.0283766049768461,-0.0451882383092393,-0.00879967504388384
"PMS-347",0.0814754474589854,0.0994111252923162,0.0749153436203601,0.145250703663327,0.100617346497066,0.0799655897971353,0.0966196460376234,0.0917010329790692,0.104428675486739,0.070762541911517,0.0891350864194879,0.0863972306327143,0.111213311569904,0.102669751033883,0.0815432260653847,0.0774864351263197,0.0598593074269787,0.154909598422232,0.11475055523336,0.118210703337739,0.106379248357873,0.106802848090178,0.0964430018326447,0.101847664040895,0.217159736828684,0.0674539788855034,0.0839759618297741,0.092063623136154,0.0992910254030367,0.107559340433338,0.0658347522282271,0.147100294545941,0.0971823131275179,0.113741750598416,0.107804782402338,0.0788043798633628,0.109210604292686,0.14593613692563,0.10698262618758,0.099303969781818,0.0727222971342244,0.100603388532904,0.106303462704408,0.110150190324879,0.0583323031731475,0.0804026166914112,0.115421891246867,0.0336448233049205,0.100526451130419,0.0976860629215375,0.118976041358076,0.109667767754278,0.113670062184028,0.0884664926655293,0.0692142404477587,0.104209249693861,0.0770455048799571,0.104865590584797,0.0439294616051349,0.0707114353305443,0.12599118752242,0.165720130912963,0.131349524418317,0.105908236353501,0.111497085158859,0.10287054185595,0.0889649081794643,0.0542664370990543,0.100802306786393,0.0625969128635796,0.0842557505549135,0.131208044869184,0.043851084705728,0.110511743985026,0.105456618812777,0.104440688231555,0.122126588555547,0.0939435747061234,0.0875403076060959,0.130384177324904,0.0989651850126466,0.0885145307708679,0.0936578705911875,0.0874699169584435,0.104566511796254,0.0574788150106593,0.0752511584819259,0.0702364202619658,0.091837097504028,0.104412372673104,0.128696100192797,0.130551036613539,0.090295906941917,0.137415897121086,-0.0022820515750143,0.0374032073748949,0.0239450825985475,0.109936477300712,0.126831586325847,0.0942889542660107
"PMS-359",0.138577965280641,0.10621446843692,0.0000000005146858404002,0.122156980867817,0.106633214791297,0.106087715324864,0.125125040607276,0.136968134402615,0.0833446835776351,0.155192184476649,0.0723514496273209,0.110125465875777,0.140246306237625,0.12245191799218,0.156309910815424,0.136652011503014,0.0833367688567814,0.151796837058157,0.105228609809388,0.115970858022576,0.118644985505389,0.128805987715452,0.188554843681506,0.130128671137981,0.241972585933278,0.108377581826192,0.0953788452108164,0.074998512053243,0.119728260991224,0.104854970354958,0.160486694806871,0.115117350053075,0.11143897232217,0.0881179151791419,0.0844141834404245,0.125763545867333,0.147910128558798,0.054376224368587,0.154477932381851,0.114982249717637,0.132142680701717,0.0958358227590201,0.123250507726669,0.0662486508814988,0.087261891720681,0.0913091553269976,0.0923974405394737,0.112266192803892,0.121509155722584,0.136318003897086,0.122244626030058,0.0630357056564439,0.136148789296275,0.0817638229639307,0.176869028025978,0.100125161157883,0.14078415698756,0.113246227016072,0.118729828381044,0.114258165794042,0.0842072854183331,0.166698346100169,0.152806560641053,0.125480155224422,0.140501590610912,0.100739701075743,0.117326815913679,0.133836351137054,0.0799440179908741,0.0904492939642581,0.174945532134407,0.114585593865206,0.162916004124676,0.109947419359444,0.0901986610219515,0.0981450859122422,0.166149259209174,0.0899827167497207,0.114251745122305,0.128796552412599,0.15160240700327,0.101371874995064,0.0658687540220368,0.133964140201233,0.0875010250780693,0.106482293667518,0.118582063206077,0.126457967352291,0.142798304664753,0.128216064389785,0.100480161847437,0.129175159275336,0.119736718722741,0.127611374806714,0.151802067394248,0.165813064589615,0.0834514230054898,0.108206981185102,0.13105323718299,0.128824417178121
"PMS-375",0.0511189702814038,0.0532064387739061,0.0613803665053862,0.0596825573525807,0.049402970087692,0.0608078765984157,0.00361733833978082,0.0877253479171044,0.0783232244120572,0.0479443420793126,0.0416346694143301,0.0669558863984061,0.0700972195547575,0.079212865284418,0.0289809772545554,0.0681116531677243,0.0208864650353211,0.0493574726802095,0.0810660238541099,0.0585697095594727,0.0650869279486868,0.0491009852640185,0.0520446954147329,0.0903534243768839,0.054674901664363,0.0864437281396933,0.0485459886861291,0.0379248799111786,0.0667683055872006,0.0448515774272014,0.0592363694534817,0.0702663298411675,0.0508803877607879,0.05346952662293,0.0762215366970459,0.0637532075998234,0.0730391566185972,0.0644119726882556,0.0914105085254567,0.0487845361658343,0.0798197982791531,0.037844173075177,0.0823557018713426,0.0227226247774287,0.0623289566705478,0.0544134209133697,0.0532423327688105,0.0251812304502546,0.066192220504793,0.0610993710680514,0.0808875128541002,0.0766615157642866,0.0851821792509575,0.0797806226813275,-0.0298559309320506,0.104754960210005,0.031819753088519,0.0627068764828172,0.103963684059891,0.0847099383575481,0.080458693200151,0.0754251277960265,0.0605275230918945,0.078007867743654,0.0175094944998484,0.0506937190111517,0.0711661212620313,0.0636087556519229,0.0907161987006245,0.0963697053978632,0.147674664694378,0.0616497684806355,0.0532196150204181,0.0489051936280628,0.103080774099181,0.0418423870964423,0.0368330115823157,0.0160903918920231,0.068074235349971,0.0394723835262602,0.0511630741385831,0.0691389249572051,0.0683870684540669,0.0875441082309223,0.0921790874193302,0.0327242541531966,0.0773699739960426,0.0603758955207019,0.0597839647306282,0.0601778335552789,0.0477794710174227,0.0849509766733854,0.0614240364333427,0.0801476294131142,0.0404028144322482,0.0588826591387025,0.0831462178819684,0.0920317403573744,0.0792792940677925,0.0471546819476548
"PMS-381",0.0821060010871253,0.0750946815589607,0.102425388672614,0.0844009482808458,0.128415881100543,0.0871862259959433,0.105627300326376,0.129519854724057,0.0976653136197884,0.0845648679754294,0.0823483966132443,0.075941647501608,0.0893923203539387,0.0849926661227752,0.048007685946604,0.051264170838551,0.101308930416982,0.0863923960506798,0.0930776409765681,0.0972598432195602,0.100475293394613,0.062377715409414,0.130611112840738,0.101192356960146,0.0706644082225958,0.115418758201597,0.0864447684207434,0.0720011069818329,0.0586066233616576,0.073234566260446,0.0701037769376084,0.113753089001334,0.093709465763475,0.0842016025041727,0.0825613401044417,0.132797066738011,0.0851335675687701,0.116864287011844,0.0526757275786593,0.0810259761358128,0.101433915226537,0.0911000334801964,0.0439792693969713,0.0668639732077352,0.0482525395054852,0.054868293949519,0.0897289082809033,0.0759258032798092,0.107802923733331,0.102382367556761,0.0624559893393148,0.0751393209823842,0.130590451154506,0.0920332572130109,0.0964092236820745,0.111453317270857,0.129043156794765,0.0940641938676533,0.0778638922679772,0.0636958128138573,0.0599281032333158,0.0789676274748882,0.0815479583257044,0.0819778156409983,0.103278575273194,0.0944475827051585,0.0758072485339556,0.0873951112586145,0.0726198402863082,0.0486967970735767,0.14804380161076,0.103237880450688,0.0562700010969035,0.0894355032786207,0.0726757382565935,0.085704219943486,0.0675333153680421,0.0771789753408794,0.0850297367191157,0.125502600985322,0.0879108601963549,0.0541380111568664,0.0783999495664011,0.0724764086831471,0.132096428094779,0.114072395951736,0.0643737513546562,0.112198633372386,0.0884020939895366,0.106733141785441,0.0977839061717171,0.0618079055897783,0.111586365031209,0.0778732272036595,0.0839135027983187,0.0698215223017348,0.0570722863218299,0.0618327974317321,0.10260023954818,0.0579751672210965
"PMS-397",0.0759161695251029,0.129481120570069,0.166795894305231,0.105037500850214,0.153609251494646,0.134224796004397,0.134061834868465,0.0804890100706955,0.140932582004267,0.143201669283457,0.15341048430198,0.140101522580561,0.110502758686235,0.0760336174324945,0.072558569375587,0.151233844165318,0.12173300124484,0.184511266771613,0.134470960249075,0.0774642542091318,0.124109948995035,0.136566169494976,0.13319888877118,0.0990920629576955,0.11548107201389,0.144703876861662,0.158856978679193,0.134450382272977,0.10949791980315,0.0991413959488462,0.139662006452794,0.0719721588701451,0.102031117274507,0.103375750652987,0.13590704129268,0.100754800234389,0.110266349050819,0.11894557712105,0.148537653044447,0.126937541897448,0.191962150465423,0.148670293510728,0.125782138149973,0.0880886815687337,0.150393727242584,0.109068720692902,0.170235566280992,0.137481533149199,0.122461417437154,0.106452404939367,0.149602212491604,0.13822172438325,0.0975598787435826,0.102955454803282,0.0842143670699616,0.134117256249546,0.169227854880275,0.128265208303048,0.112852204655335,0.127785260975648,0.117272773482144,0.125942233093158,0.162816772985942,0.149816255875586,0.0908021107917851,0.109751905984676,0.146329098639844,0.000000000350129459796326,0.121634789191759,0.135010323667729,0.107596136089772,0.136799046763597,0.131059654850024,0.100002718196027,0.132995227201596,0.127226257750835,0.100648678219449,0.134598468872783,0.14736401962822,0.137817615416549,0.101028222397365,0.133852301241151,0.125834956012094,0.117092974247422,0.162466505053056,0.113324801902126,0.148686243459136,0.126607252821108,0.136764591640101,0.188213617292525,0.132214729790168,0.128291756066746,0.132299370304308,0.129948582696564,0.000000000525191797405516,0.0742606449696363,0.156918993130186,0.118803574195089,0.10397474674386,0.124786558978577
"PMS-425",0.0608315218775816,0.0412308872170086,0.0583632266870096,0.108219637116053,0.0172761751266304,0.0787444435103253,0.0934316257117971,0.0824775220459237,0.0872367913930972,0.0644047219483542,0.0201452815890335,0.0921324608436562,0.0689138292403927,0.047746071760735,0.0575872047438585,0.0687671632017588,0.0380607211536815,0.0192065186201782,0.0525741033023417,0.0582721675472432,0.0779748448994689,0.0123808263737685,0.0655266390831816,0.0500198506143585,0.0143063046195507,0.0239250064312973,0.0198788167525073,0.0258735653076532,0.0573560192512836,0.091903093804424,0.0614128532027878,0.0840654937087991,0.0271370142686604,0.0381630929164265,0.071085903221398,0.0303768974329909,0.0477455854717623,0.0602182711642737,0.0639323476039637,0.00021728632189814,0.070884423610529,0.0583887631977682,0.047201569255488,0.0915073566606412,-0.00209753015553266,0.0393252958573489,0.106947703448624,0.0565344971521661,0.0664794561325052,0.0225483500005586,0.0534254193590842,0.0608630311421472,0.040320347244604,0.0846461784813422,0.0832682106166299,0.0293259621552206,0.0103328590960176,0.0889261286508482,0.0995649905528056,0.0949079078811269,0.0212648914543066,0.078655386122957,0.0945009547619688,0.0696140605618059,0.0569709237437654,0.0544322041169343,0.0541839720076942,0.0817586680616135,0.0626506497350814,0.0639051255394196,0.0302204125001918,0.0571255943237688,0.0123963160941867,0.100094205292098,0.0701574479486015,0.101706597796139,0.0324339475304525,0.049165410574976,0.0578877709546581,0.0955864310238374,0.0843557754831063,0.041916929543466,0.0926970647871805,0.0818581808177828,0.0615951950890137,0.0736807380357451,0.0130978434885719,0.0708637899654189,0.0451251124293996,0.040757186357882,0.0418312435648275,0.0297928159514391,0.0831323217443296,0.0584158324640248,0.00503915423431902,0.0211207450082405,0.0926474910579688,0.0410651707913315,0.0211649876430189,0.0560903865098551
"PMS-436",-0.00455849354205282,-0.377376137764437,-0.355021350585888,-0.479711576186123,-0.298788299577484,-0.0209504483016957,-0.000000000390912347951548,-0.020814184473135,-0.228197330254799,-0.260952748183898,-0.301247575905895,-0.361872247109874,-0.269018321626934,-0.377517143748847,-0.315012755894899,-0.344424954582708,-0.338793166326609,-0.0531217133320404,-0.0136678137858901,-0.255170870209456,-0.0163841752940512,-0.305816633698632,-0.278475531353205,-0.362869849115828,-0.313391779352614,-0.29251769791137,-0.375880563983278,-0.343309775216066,-0.269934285326498,-0.401729455930944,-0.322716398430539,-0.282158154626177,-0.294731321417949,-0.223794917297489,-0.216055115164511,-0.260620951972622,-0.350879612884204,-0.303422005297705,-0.280113375907662,-0.269426086262781,-0.395429639722688,-0.216152022396241,-0.188240376653067,-0.199810133553727,-0.30127150503002,-0.272571971543515,-0.333084369502459,-0.308775192661847,-0.329840084167943,-0.409735146311779,-0.316910084690353,-0.206526077382961,-0.368606226192138,-0.289823656174976,-0.254380973738796,-0.331264926821522,-0.356215242349151,-0.268126854538007,-0.266184652832014,-0.00773386174355234,-0.388035488421762,-0.26990699900405,-0.375679129852512,-0.263076944383881,-0.276893364485197,-0.331530868794493,-0.229954912142699,-0.0000000010459581853829,-0.00131286049600903,-0.317058241473198,-0.41257758270345,-0.215726165043815,-0.181241204714511,-0.0407478111763498,-0.386502423182823,-0.290728265058165,-0.3614582908973,-0.350170269234412,-0.0729516453005033,-0.310186061529033,-0.425898657866414,-0.211218980118204,-0.3904630544169,-0.305609690086251,-0.325793929623018,-0.367440158144052,-0.287564274353838,-0.299489080965003,-0.354806538933889,-0.345239417122307,-0.312744249716156,-0.341305954459876,-0.306284848125792,-0.405018590558281,-0.000000000704282099520468,-0.400581344610765,-0.324298544140889,-0.29493604907785,-0.310284004774743,-0.354404766465165
"PMS-438",0.00784649708989608,-0.400914834095828,-0.00000000118979572069308,-0.315600974749046,-0.312942452151463,-0.000173089829587709,-0.437025230119287,-0.0147774266116551,-0.333573028016164,-0.523314488462611,-0.308936006014725,-0.243266812072043,-0.347227634653762,-0.206175359358097,-0.42611343738904,-0.306699322452557,-0.408547288411398,-0.0315244660365854,-0.00895388216813516,-0.270487416695938,-0.00360367458215603,-0.384438122676313,-0.343950029030038,-0.346329416514057,-0.364631125407079,-0.278355898080275,-0.447822634411766,-0.367846813379553,-0.269503937257498,-0.275219313853321,-0.366138923970684,-0.278245341691634,-0.301450797387537,-0.319591525127566,-0.330122115670598,-0.497149036491285,-0.295038588666718,-0.347068656832793,-0.347453243798901,-0.288663467606977,-0.39522018565948,-0.358766613976766,-0.33672354584522,-0.301912467053286,-0.267491741603269,-0.25937501229082,-0.295114919331729,-0.339043516158564,-0.471442129884209,-0.295026216620976,-0.366330447575229,-0.446023510579987,-0.418221173242742,-0.320546723085543,-0.310922612756099,-0.318145089159672,-0.493390964798321,-0.322675372083568,-0.417181011695901,0.00826746616407395,-0.324803710301801,-0.446691669337624,-0.240731935944315,-0.386300016722611,-0.439180494468706,-0.34377221855945,-0.273444580477785,-0.453698192287964,0.0144768722822801,-0.278587147356998,-0.31793538186362,-0.216447916688103,-0.439733161204245,-0.0294393690951567,-0.215619682127658,-0.365260766308014,-0.300275553018508,-0.274406456946972,-0.052519115754169,-0.50111266150675,-0.391700544489701,-0.303324458208842,-0.309420303133621,-0.335997922854875,-0.32305667699522,-0.338743087838854,-0.329488477150075,-0.379520438788974,-0.268245736354255,-0.175847734902007,-0.342540905193914,-0.275749455070195,-0.380619763736239,-0.300541585826153,-0.384819617840576,-0.278571847758841,-0.328984406271862,-0.260225151286094,-0.275432512253049,-0.415234523596393
"UI10-00012-Cabaret",0.192424101758511,0.197082106410528,0.134858383525482,0.168102528283425,0.180067927600456,0.142129808022832,0.179756909186542,0.092333330562559,0.14824636087569,0.17459278432929,0.118542429141583,-0.114084482306754,0.151321131986025,0.101241122246254,0.126134819298966,0.179362793247953,-0.0698313955351031,-0.0918727275509378,0.158372303309106,0.172138621971734,-0.0805998956250005,0.191195924114999,-0.117871677264544,0.126861340529238,0.110601020991355,0.111909463019196,0.153873021766436,0.194322147686216,0.162268310916689,0.148005368174529,0.149727471430422,0.0821591225658563,0.14330141295547,0.133539076129027,0.135009506676119,0.142951773317884,0.116215902025586,0.0980798332134089,0.160255156089267,0.170464591032405,0.113360784056231,0.100112655889669,0.108320547805235,0.112990428809589,0.21012888785856,0.062205195240165,0.242787531557597,0.196171770608553,0.126454190024392,0.0952814923236683,-0.112689958187215,0.177010867412173,0.106972259338294,0.161356856384668,0.15985246431364,0.164371661181,0.179742113066307,0.129983506940973,0.0732090850137218,0.115080553046696,-0.113517285981648,0.181812807181536,0.163787422342185,0.0757295258960556,0.163046514180975,-0.0872294907675068,0.14485166709121,0.114264353539059,0.168040382758478,0.157992226913497,-0.187066396151589,0.171827162131899,0.118435554395836,0.154182357799178,0.140259414721597,0.0960350195290905,0.0883749905548809,-0.0675184732800404,0.112360339756213,0.144759099243002,0.141677586099163,0.0949233218829849,0.0890114036019279,0.114930999861193,-0.11120230312364,0.119322759268777,0.0941507810906469,0.142361299001476,-0.0999806412964422,0.114511308261144,0.145629629234873,0.125464742019919,0.16945952736905,0.147076309766493,0.112069121391127,-0.0590628356697052,0.0955522973946459,0.126234526425981,0.0764683476469713,0.14355321938311
"UI10-00015-Cosmopolitan",-0.137162774841727,-0.157577897909492,-0.156804784095386,-0.176099945261007,-0.164903463141812,-0.236402800552762,-0.187657339623444,-0.127600432307186,-0.160713166511887,-0.133800835919951,-0.171844886179966,-0.162855265142127,-0.262888313618318,-0.168865078812733,-0.0479877231458954,-0.22109368646364,-0.156702031310453,-0.19903029014735,-0.213347826333774,-0.156381092184596,-0.144747231830524,-0.129190281789801,-0.216529710513823,-0.151179444030739,-0.217332028295518,-0.176397740448052,-0.151729887128955,-0.179575143693542,-0.181913887149663,-0.243038318908513,-0.125277215832541,-0.0997862014281411,-0.180495274549952,-0.183151983598246,-0.195826559379672,-0.14913588887335,-0.209757042168677,-0.21498115531109,-0.110824981475475,-0.175395260094865,-0.157582176406774,-0.157933603316341,-0.101037068682224,-0.0847978983021288,-0.190415929402706,-0.200131874231745,-0.141195121073161,-0.181782848222106,-0.138079837669987,-0.140390467072045,-0.142158513555012,-0.142093515828345,-0.221797836591653,-0.176362440581813,-0.208193727035894,-0.193297075241897,-0.154399505717923,-0.2200330170306,-0.15791403727696,-0.276938020012881,-0.149871053610923,-0.201860635792209,-0.201089316223662,-0.0801386049881922,-0.185529345517169,-0.144361238234714,-0.203265874510923,-0.148674304055406,-0.206199260765848,-0.228768619353353,-0.245609382269102,-0.182406121646321,-0.158676602213092,-0.174145505942086,-0.0638719111322906,-0.160776891040197,-0.124315663672947,-0.17801312021522,-0.163787463452258,-0.243942489033494,-0.210236293068595,-0.159005963854439,-0.129018801555298,-0.122564407503697,-0.160284121120655,-0.184457949700193,-0.190769821787455,-0.0815243762193978,-0.197508148368187,-0.194982326815002,-0.188075440662901,-0.201676192860504,-0.145574044621516,-0.236617211476825,-0.163264235873981,-0.264223751856774,-0.189817297542831,-0.214965938646121,-0.245130881979143,-0.15033818227752
"UI10-00017-condensatus",-0.122125431300248,-0.107699858340179,-0.0994723494589621,-0.184184113584674,-0.166503438005848,-0.20451169858691,-0.115120042541485,-0.162030607499739,-0.158089733295614,-0.145473525094119,-0.111308186859953,-0.166308322787623,-0.171598121197415,-0.141376131044748,-0.180351192437477,-0.130438132136536,-0.157412005031635,-0.105703330089058,-0.099034518176435,-0.178885759231898,-0.115241399787502,-0.0792555506863015,-0.128837589761262,-0.233160518626333,-0.119887466510767,-0.144203946491418,-0.100165243091843,-0.11542473380984,-0.115466525075893,-0.125728215648145,-0.172660402621563,-0.0980957809488052,-0.139873325128024,-0.0846780412226776,-0.152236690565966,-0.127098253811197,-0.104166942877654,-0.107621595982288,-0.126352904479215,-0.159607355712033,-0.139514053401343,-0.0866661634970511,-0.156775807859034,-0.199402715218229,-0.126720527017191,-0.121729472772032,-0.248429909054049,-0.16408059587023,-0.134089441946235,-0.112669599727009,-0.152210023855448,-0.118713350356547,-0.154700759330297,-0.133551271978884,-0.152822345883832,-0.183461075612107,-0.141622703955503,-0.0906730682192955,-0.154465463344503,-0.117280876410429,-0.112416102145442,-0.114296210987157,-0.128396224667382,-0.0837479726710805,-0.206279509457785,-0.102078190255608,-0.130614222522557,-0.124361126114917,-0.132090858932669,-0.127013253481479,-0.114496029735159,-0.10897518131439,-0.148442217997961,-0.13292609367021,-0.164921269838322,-0.147916009881754,-0.0949551872013719,-0.158547195282723,-0.109728733047299,-0.15852343369607,-0.117122810307965,-0.107088926610722,-0.100234203079025,-0.153689313220669,-0.0974863137736266,-0.128603904162813,-0.133295134872593,-0.100019262812193,-0.157684280421341,-0.146811789569162,-0.116541079384198,-0.132461938409344,-0.143181962761318,-0.0923481298490317,-0.140193803632442,-0.121590452493085,-0.0994840727870731,-0.0857147523042052,-0.146397270980071,-0.194013889530402
"UI10-00020-Adagio",-0.237743921766833,-0.19661494635807,-0.000000000435272309586114,-0.223719746016158,-0.209277473970133,-0.161873686380987,-0.000000000588444946549166,-0.199755897926752,-0.155132202961946,-0.163139321352426,-0.280517139880933,-0.126259205023813,-0.258322133117396,-0.202794798292783,-0.144076269314948,-0.222922910233706,-0.212417003561212,-0.259035499865718,-0.186708837973396,-0.141859208904923,-0.148441616486717,-0.203816274151868,-0.303324268059935,-0.242510009715157,-0.203889375337264,-0.257429292467489,-0.197818865332684,-0.182876173581401,-0.196328250630975,-0.208746020513042,-0.148772242377673,-0.212390860002815,-0.169345057276104,-0.213772511564581,-0.17165810905054,-0.161956656095939,-0.154055368044645,-0.234369681236352,-0.170552117361609,-0.161192050891064,-0.195470664230346,-0.257426593265308,-0.126224254133191,-0.144880564677015,-0.180561424042307,-0.24843376202645,-0.140488219801133,-0.179988464027829,-0.178552777012032,-0.168579057154616,-0.310874778583047,-0.0844155585943563,-0.115990642616145,-0.173733744560041,-0.16201865376781,-0.222598474639948,-0.280607211183729,-0.207142668817016,-0.114372150307524,-0.269286513784597,-0.16565408865272,-0.171154991082777,-0.136314823569663,-0.183627178002171,-0.162177012618307,-0.20441221345252,-0.190355863049231,-0.21016478044849,-0.219904527049832,-0.152711912693847,-0.188176540574047,-0.0842349716615351,-0.0985140546493244,-0.181721332748888,-0.125707804811288,-0.17875933593008,-0.102785863881533,-0.235695628176613,-0.241814512444189,-0.209011177126526,-0.217537091971792,-0.217885515793431,-0.194534065544056,-0.207482704311231,-0.216515237571879,-0.192227931861112,-0.194686891860327,-0.171009573752147,-0.151152798254287,-0.11099318952553,-0.22070705881701,-0.225134665750664,-0.198996283712548,-0.227690969242667,-0.261645398663996,-0.185503940213057,-0.186720006491041,-0.149455710206984,-0.225880797779253,-0.130803768247472
"UI10-00021-Allegro",0.0313214230797941,0.015699587919962,0.0262831889742322,0.00999837649616462,0.0382898636334397,0.0476787292284312,-0.0342267962352914,0.0374520395387587,0.0465702148869367,0.01920895644188,0.0370277077630346,0.0239860493214673,0.00419736752108926,0.0111729442465221,0.0333493294122427,0.0380145154643393,0.0333921236776512,0.0352936318206969,0.0127252281257074,0.0315905520971336,0.029209852485224,0.0317568024053436,0.0441736152095413,0.0156810068190651,0.0304984350127305,0.0331676302878173,0.067300107872193,0.0113877715774825,0.0285721207370419,0.0307358385876253,0.0162149272985178,0.0506308343973454,0.0431046800563361,0.0493013197844171,0.00420384740014613,0.0254292525141927,0.0150458686706956,0.0917019286394474,0.0227029501394422,0.0141807767066756,0.0227924559988096,0.0409766840603195,0.0112418334742736,0.0577638851381318,0.0911834818924471,0.0276406831618169,0.0043701168101017,0.0793503583060074,0.0239122139863589,0.0499483593674422,0.0423343675899312,0.00317587149636809,0.0285866272700463,0.0453728598570618,0.0203489032782456,0.0606340871184033,0.0328319574581868,0.00655712974970372,0.0454290823923487,0.0163039492155112,0.0271813952058947,0.0427494741007953,0.0171068653869003,-0.00143834944958918,0.0450231975407438,0.0211262839604327,0.041220541702161,0.00150511822113955,0.0171906430060897,0.0237116822737849,0.0798801732186009,0.0174119703724381,0.0170739175433491,0.0176244204261573,0.0248783589079863,0.00881659583960586,0.0392195889804836,0.0196073108747587,0.0851188718612955,0.0205562018903321,0.00764743655743614,0.0513089829235403,0.0245578702476716,0.0154915276931617,0.013543426908723,0.0390762455407487,-0.0278861622997077,0.00408727656246189,0.0352771052679092,0.0150244973071079,0.057910048823923,0.0246815415337225,0.0433310861982174,0.0319572022711318,0.0315672649554514,-0.0136589155733151,0.032822126678158,0.0464417875707794,0.0214261984963769,0.0155713766617224
"UI10-00022-Altweibersommer",-0.0368472176460798,-0.00788089239778498,-0.0389774617147286,-0.0028959331256609,-0.0372432136719462,0.0105447606665354,-0.0141329968615036,-0.00562857450176766,-0.0913284205149922,-0.0566723496594979,-0.0541768588879107,-0.042194354985145,-0.0374517219601889,-0.0154734535897734,-0.00412764596279956,0.0154658135032302,-0.095956637901996,-0.0441840746157698,-0.0622912219452169,0.000831113724026063,0.0032716356115831,-0.0121850413250094,-0.0680404420679883,-0.0330240779675009,-0.0288708916202449,-0.0641155787544447,-0.0969467921011339,-0.0427842893129678,-0.0335120228205956,-0.0636801627956,-0.0156418249750962,-0.0737784226129071,-0.0153611375132239,-0.0299150555661164,0.00960076682268661,-0.0877715464517487,-0.0600589017923983,-0.021077293616301,-0.0218757230117841,-0.00430603806778964,-0.0315988120218174,0.000019155986855598,-0.0414081402667921,0.0190034237223328,-0.078837495487529,-0.0330418281381134,-0.0374695453935938,-0.0500427740818216,-0.0497900887121078,0.0225732392577343,0.0099249123455194,-0.0055513843534206,-0.0596214627034615,-0.0227685588857655,-0.0130245462232462,-0.0177300638004198,-0.0850763177060058,-0.051843425034559,-0.022676955168417,-0.0276433283810293,-0.0266068999214427,-0.0296164945755418,-0.00940518055987674,-0.0233595049863999,-0.115181623591095,-0.0408867776312923,-0.0357696272292191,-0.0691084039912858,0.0082021814263154,-0.0114975354529362,0.0151287591764554,-0.03540618055015,-0.0157848813904354,-0.0149396752510378,-0.00932197255457773,-0.06458498470073,-0.0100921644823415,-0.0737196166494357,-0.0228721679673504,-0.0211043028730507,-0.0217388091859813,-0.0789024949350059,-0.0277851555785856,0.0135578910208402,-0.00532445162274905,-0.0164237407514865,-0.0284299736146363,-0.032179126193608,-0.0336156572855758,0.0124050473128108,0.0000313303695737851,-0.030876238609213,-0.0134849010346508,-0.00218567991694584,-0.035308071147877,-0.057634524568043,-0.0592030372461257,0.000806600813462914,-0.0235803157452336,-0.0136816742119405
"UI10-00023-Andante",0.0558205246071536,0.104444806491472,0.108174764213795,0.108982100983145,0.111909403152513,0.0708071277958919,0.0793392644625054,0.0962000846912831,0.0544198593417955,0.119199601528652,0.0838627226066951,0.107210999048583,0.109440334813244,0.101510003327628,0.121131185798127,0.10222735667618,0.113005664981586,0.0866575808201355,0.107044144285114,0.0898739924174297,0.0917136111850918,0.109298824021959,0.0730743243145213,0.170453463747435,0.0945141343887225,0.122395953734475,0.102807285312709,0.0823754806136782,0.115990808631552,0.0929029088900344,0.0733817694318846,0.105994415667765,0.0576445445699545,0.0987442144171085,0.0756477236438388,0.0772159474821723,0.138844050138022,0.0836297545568107,0.0996620767881936,0.0707450761811803,0.0919390995042771,0.0565766384436538,0.129784859662794,0.110786472316114,0.074510391304598,0.0640939288466651,0.0816187779344446,0.0972836140082822,0.0888416561810806,0.066770268791355,0.0889254087697231,0.120052969426599,0.146351626779693,0.0999963595904731,0.114957357184019,0.0642890864646536,0.0862078376413733,0.0789034057293875,0.0625591750575869,0.0681306915826172,0.102973177939083,0.117450675609692,0.0697140655384244,0.0713166809407067,0.107802059955416,0.0639681403433816,0.0782720203948999,0.135308380723749,0.0810991743317818,0.0543333646095929,0.10137013136516,0.123536008911889,0.0773271929790985,0.105914514528978,0.153228057162477,0.106807268399247,0.0977330110228213,0.112186087797015,0.0738474248852546,0.090647476387202,0.106736758301371,0.0844416487375975,0.124933533840713,0.0763214652164161,0.0409660179840406,0.0839280529085894,0.117158145306639,0.073421236555263,0.104343692468758,0.0695447314444091,0.0898939171788879,0.0677056392809235,0.0940226064475328,0.0561371545059831,0.0846065782318712,0.0612944317424626,0.105068980435068,0.113627756225909,0.0963795241655285,0.0773716474149079
"UI10-00024-Arabesque",-0.112479691390188,-0.118681005984496,-0.179696741389207,-0.0995476749879101,-0.157826450800747,-0.117769490773118,-0.183898073239898,-0.123455101061084,-0.094967498576753,-0.0848867726212537,-0.133357217463959,-0.128392849354216,-0.123084407223925,-0.0994524423330468,-0.138376530536302,-0.142468167103199,-0.1368508622995,-0.125539958496331,-0.154476622545784,-0.11526440618708,-0.15224158116338,-0.148049952993435,-0.121360050870432,-0.0980109012254718,-0.111287650115288,-0.120416469843435,-0.105309414269736,-0.129400234954618,-0.134859381668178,-0.118079817931358,-0.108000925129999,-0.116100355161696,-0.120192798805614,-0.0933483353760976,-0.078892051995355,-0.177274357777801,-0.159258844667206,-0.138580802266653,-0.129556856190377,-0.0995372658362153,-0.132338762698928,-0.108954916929181,-0.129759800208813,-0.151278567632863,-0.12117850794917,-0.13082722577475,-0.124459736272222,-0.11846324572526,-0.123048605918496,-0.118778435293031,-0.128666059709019,-0.120426456672177,-0.13044935693165,-0.165222658093691,-0.105715419756566,-0.167451197566626,-0.231037947719604,-0.0942427827591064,-0.12930030763296,-0.115423316619523,-0.123420519003339,-0.122386736087799,-0.106888534478712,-0.10846360116739,-0.131399611967957,-0.0990857633880184,-0.140283584510895,-0.000000000443015501521131,-0.113588366371559,-0.100010131525226,-0.129883139828021,-0.135763975292554,-0.147547698372176,-0.0914408003521934,-0.125203119122337,-0.125243064055908,-0.179884891784682,-0.191385150097178,-0.141368595904442,-0.19041876303634,-0.148732696714094,-0.134252885439234,-0.114244817632476,-0.128707249073724,-0.131986566255614,-0.167578365778019,-0.113844193198112,-0.146197988862527,-0.154145135204139,-0.126453583019662,-0.0996694348182349,-0.145895761748509,-0.156293215261743,-0.115673764632178,-0.179918823657792,-0.118472789197206,-0.126485180868992,-0.124560839709136,-0.140670300717161,-0.0769075697887942
"UI10-00025-Autumn-Light",0.153513506249254,0.194803032687532,0.152628016317017,0.157548596214977,0.153431753654501,0.131779234126585,0.233013549743103,0.217988723513997,0.170628574024142,0.115974824283154,0.160699405482994,0.095824191121296,0.132172640936918,0.21346219505068,0.183694984309532,0.150833372811672,0.13079907036837,0.152888597922561,0.182601955465728,-0.00505041115720837,0.173530574108983,0.162008668175428,0.226461418237311,0.13644350181951,0.121420933571796,0.16049967986471,0.173387945968322,0.182869629558456,0.23699292271059,0.216305452040175,0.164098156689712,0.1754008753779,0.197036630793872,0.19647378645089,0.193878296052229,0.231851416273845,0.232567745549853,0.126982126789449,0.174061033038735,0.100092993426896,0.124765831255609,0.179098384514623,0.200738157296438,0.171920474796666,0.113104925072024,0.306597041404841,0.128561085473389,0.139158701179836,0.0477487408942612,0.0795514095542202,-0.0384859479761384,0.168683240221063,0.128279636848372,0.179346396662623,0.123298698713472,0.115955042501494,0.209214740219913,0.147302068310931,0.158615711255226,0.253797025705814,0.0625232140215059,0.1337947784266,0.155952562513368,0.149741938804272,0.214829102948173,-0.0151163037308003,0.189755029830895,0.0250912386201333,0.222299391024925,0.256055243780435,0.183276468313558,0.0732374300087448,0.156796928865684,0.0373937024007669,0.221107066074672,0.150651217419345,0.18932974070502,0.171841906403327,0.1680213049603,0.177015263367597,0.194811676508869,0.187187088291064,0.137409659956174,0.131676232298854,0.201024837517418,0.130746691318684,0.198386160504529,0.158304030127226,0.209474216858419,0.0495775761579062,0.147349738549127,0.178319445032547,0.190204793611133,0.205061231391079,0.175003660797757,0.210823979045467,0.188224030329447,0.216339341131556,0.17490419952858,0.0681830081307696
"UI10-00026-Ben-Graz",0.17159565130654,0.232082392726081,0.225265164490929,0.231164485461829,0.153219854482752,0.161561771148347,0.233585801480936,0.248550975849795,0.25653131748706,0.164022705775038,0.214390973156231,0.158299616142899,0.2916376490207,0.190778783047424,0.168393282748736,0.187759114503675,0.223080252802038,0.182744101540451,0.175193248379097,0.174543321373885,0.216589518019021,0.104810107411383,0.293152555577512,0.200882126179117,0.149225156786807,0.192226818038871,0.209075316640018,0.217056966040767,0.182240984274511,0.199633014936172,0.224607765617127,0.223224717503094,0.219630265240081,0.202049363541727,0.131792816582612,0.227301153444448,0.203631600522536,0.162386837189298,0.180399052656957,0.213721896694826,0.191856196318859,0.221699739665003,0.198838657486516,0.291556655612359,0.187638823063991,0.193450801291056,0.205095802068698,0.219357669067715,0.243453421246898,0.216675690950464,0.264817148877419,0.215450297878674,0.119173104559736,0.249559829832584,0.176196955121718,0.185418739853475,0.215899890958213,0.192001277155291,0.233750049905103,0.210623199589024,0.210145690000313,0.224607428804669,0.119308558432709,0.191265160002496,0.164971285456243,0.202911789364332,0.226112438521707,0.247131837305624,0.180630703287454,0.206789163945942,0.177491033817909,0.256570716186218,0.192836811167308,0.25160861982737,0.253799340260446,0.226577230820859,0.15411837578567,0.232715753008041,0.170712508108455,0.196954918128808,0.224885966023094,0.252543447552703,0.216237607054381,0.267324801432982,0.182659973178049,0.188869859322032,0.244646868078668,0.232501177633911,0.22959499381639,0.200302151110862,0.212964420232537,0.229494407382249,0.187939392300936,0.180117449202467,0.199516017664013,0.186047661902394,0.201842212150322,0.268916033460818,0.150554046393904,0.177539823055294
"UI10-00027-Ben-Rotkopf",0.0396608758931536,0.031174120650103,0.0261050828805374,0.0377833815013861,0.0253856717814966,0.0262310731868451,0.0171922568823905,0.0303150883326252,0.0340135656847086,0.0486151951549464,0.0410274695022816,0.0396253422488615,0.0492099059220891,0.0463221019461797,0.0463153819874923,0.0197412738851669,0.0305397901562947,0.0369355373605997,0.0148753790549135,0.0223250543322722,-0.00672576105294521,-0.0124070363721047,0.0120820318082975,0.0166059339361253,0.0402339300654481,0.00135072458810101,0.00334823651762161,0.0257164100848347,0.0183853445848747,0.00753327805031711,-0.00325465722482439,0.0491674707965894,0.00846045442658512,0.0115420883703232,0.0127933358703127,0.0262638698783638,0.0267455266948688,-0.0945201706907546,0.0925970009548108,-0.0128330572556769,0.0527495920369662,0.0208775801276118,0.0324083348138372,0.0154670903962997,0.0304295529792152,0.0243255152128892,0.023027451878849,0.0323992090140869,0.0492673995527101,0.03066688142434,0.0361804062454991,0.00644097680610056,0.0245996619023047,0.00582599551910036,0.0552848851853584,0.00443135926534472,0.00592245131899882,-0.0772750006147505,0.0154108920490799,0.0180091439682381,0.0390154465752354,0.0530775127348015,0.0391381238721218,0.0845596866937211,-0.0021887065651814,0.0302302040955404,0.042380671198589,0.0165108352717488,0.0391375744136615,0.0370502533309466,0.0358060725126683,0.0219919151355239,-0.154168478087037,0.0100565212270915,0.0137974752824026,0.0249161756165126,0.017034799899695,0.0305088086795706,0.0214540547680138,-0.0824704252873672,0.0357123311284635,0.0176162157227627,0.00847088593708705,0.0172394946674725,0.00530199439192996,-0.0882178677990665,0.115657523346498,-0.100916528897064,0.00293362712239834,-0.0142597548564924,0.01921040998141,0.00808399877839167,0.033076806696111,0.0580879316684712,-0.0000000000135848106870459,0.058318472935937,-0.16145866748279,0.0186434769923244,0.00821826323480965,0.0396851675393185
"UI10-00028-Berlin",0.289541089022353,0.287287630195375,0.289058647121397,0.306012649337008,0.319762219020385,0.257230415258346,0.311351144696503,0.305770619281631,0.385061892433827,0.303490909952635,0.276132053471503,0.252491977455883,0.26708661144337,0.280276031416725,0.186889473734064,0.298435518396468,0.277271676148291,0.288784135835291,0.269949528675283,0.253929108501779,0.220679189872229,0.28390164099445,0.302258804572968,0.261316377888183,0.252893468609528,0.313995838458062,0.230802668286564,0.270266551467194,0.284935923407961,0.307149614429736,0.280788227436506,0.277568782425608,0.238826350617674,0.302806547849449,0.268544473728017,0.326676249642771,0.345294685054397,0.298024656690245,0.299764788738821,0.263211253884248,0.239561359333672,0.353316806351566,0.270142699918078,0.285725616640218,0.290222295501588,0.297657774107737,0.327101918447063,0.296577543117387,0.279881198617127,0.257292628524863,0.28048455659071,0.275789678517572,0.265388790494281,0.285292354195113,0.332359332171889,0.280987676887792,0.289158892750101,0.29892765883561,0.277302719656652,0.261671364356412,0.261506242149393,0.187015661400607,0.259093012253556,0.084508809119779,0.269239272861913,0.262579015989777,0.159795160759177,0.262962483520783,0.223594874757082,0.279790899850406,0.27530453359999,0.355142984995741,0.242368239192453,0.240643729326418,0.148628250639556,0.323740495108662,0.427415568780839,0.266006909003909,0.28840189219267,0.301505878421372,0.347059434369846,0.304885136470621,0.26397676167256,0.28460214083073,0.241148791227091,0.30814606772486,0.313759713299143,0.144162249084739,0.283697149843133,0.310792584234074,0.394844006582011,0.280696131131853,0.238530237557658,0.268081034989651,0.359783329922185,0.277973465090094,0.414975452959287,0.27817091791189,0.287069009866305,0.263154787724754
"UI10-00029-Bitsy-Ben",-0.0615254706746308,-0.110472865432978,-0.0974692052757251,-0.10187470161479,-0.111115161311042,-0.0850164853921749,-0.0899643472864531,-0.0618397628695041,-0.156777352828909,-0.0587035427913226,-0.0732530473772614,-0.0937451579849781,-0.056898368859188,-0.0934923265758051,-0.13986148028375,-0.159080775459905,-0.0591849892945955,-0.0771442813994849,0.000201403734927906,-0.126932421988195,-0.0525240005663907,-0.107528047101375,-0.0741613824169695,-0.0829107553060138,-0.0867201705249231,-0.0767817392347568,-0.107517503048909,-0.113721483208044,-0.0916970758968997,-0.0891399181948883,-0.088448574116419,-0.114933229109532,-0.109829106457865,-0.11318392824825,-0.129916457636554,-0.0966645701216198,-0.0799681817127763,-0.0724241431204594,-0.116606584598392,-0.171770336333215,-0.0868184685933832,-0.021622869672658,-0.099473855098741,-0.0485712699028951,-0.0585274372343968,-0.0384197478393428,-0.0777254840373052,-0.133127334211182,-0.1200143954024,-0.126656273304295,-0.0963065277463499,0.038279136335986,-0.14681164246161,-0.0509399572795752,0.0418164591958425,-0.102324130643521,-0.0552888686124554,-0.0647241029466708,-0.0860904665660864,-0.0631470839132315,-0.102698110670406,-0.123731503509307,-0.0668204165863775,-0.0529691753712386,-0.117406206333757,-0.0777274249456409,-0.0894302889533057,-0.0789973930660983,-0.0818447879341513,0.0285379037415791,-0.0779421849746883,-0.0337779197266928,-0.0994750856717162,-0.0766498758499007,-0.0702267784230727,0.0661492626046861,-0.0955286433670926,-0.0297446602910057,-0.0616152385965572,-0.1275403943686,-0.121582573011193,0.0399164881244158,0.0707343254282468,-0.161640223309787,-0.0664896700435758,-0.092329237971536,-0.0707698512744971,-0.0483860888873362,-0.164067182384988,-0.103897795733075,-0.0893401751709336,-0.105695201466421,-0.0844560038144722,-0.0641194979609294,0.0187520731061796,-0.101297078376785,-0.0911538937286486,0.0224742629494056,-0.150430452172695,-0.11254744535852
"UI10-00030-Blondo",0.0145693469590527,0.0341290723108002,0.0387459324555536,0.0102297397991612,0.0180894317327197,0.00189895459535928,0.00357983671002917,0.0318946062803918,0.0542565727831093,0.0292205046890659,0.0148905456644891,0.0189452201243683,0.00923677527948926,-0.00131395800529247,-0.000357625027845934,0.0131369997227623,0.00906104958968681,-0.0189208202005546,0.000850619101324527,0.00707940504580907,0.0345808383506913,0.0331127799894007,-0.0109574975397551,0.0313085113554868,0.0386455340700244,0.00933156624681575,-0.0319844076769229,-0.000167050226401639,-0.0194495742297396,0.0267336998822878,0.01522949455434,-0.00691607546910251,-0.0155358970008274,0.0230648505799035,0.0157924868861028,0.010939149619646,0.0205449445216967,-0.00467004276032926,0.0165258167342275,0.0231035649057593,0.0104849390050443,-0.0195746916370296,0.0165322878903783,0.00395550989508505,0.0178399127280115,0.032206505232184,0.0105360363966646,0.0166586584463878,0.0200097122848313,0.0110545495425106,0.0262922882907222,-0.00630148510473792,0.0216353534442926,0.00283192634251202,0.00661227643830971,0.00912930957422673,-0.00483256058534644,0.00377078652162716,0.0163197514784776,0.0267361866277749,-0.00863202675808171,0.00759165707159968,0.0383632907340723,0.0241880640873436,0.0110293603645228,0.0161752549446292,-0.00856765013825733,0.000781649626597901,0.0317553494189696,-0.00270490890052668,0.0297470707646851,0.0128020742304912,0.000116327659393241,-0.00451376318493259,-0.000930300108834544,0.0284101786259331,0.00947023559335505,-0.0118790415525341,-0.00431533287064845,0.0267458821638302,0.00923266582133794,-0.0056904180520634,-0.0224995713375372,0.0143584037700916,0.00474185116920865,0.00010246736752676,0.00550726694946107,0.00902165006972142,0.000932255033711873,0.0637352493951331,0.00817231038736554,0.0257933859364848,0.0307223628223264,0.055515025147609,0.0163721797546817,-0.0263934592864681,0.00301915196381001,0.0178016799162362,-0.0131971289008742,0.0163478139067505
"UI10-00031-Bluetenwunder",0.21239653733989,0.155776964945135,0.278112311963414,0.219737411994774,0.212810838658456,0.251954768110641,0.17839154628815,0.220902513056863,0.0983100316835102,0.0948250210160469,0.155711681053274,0.208000645242367,0.132667662075474,0.212619396358354,0.163050561684418,0.184196008409546,0.169603391783505,0.192351527469868,0.198458435957809,0.0766941473006681,0.257382831280199,0.19721115505177,0.160092754115669,0.173384610902201,0.214754359926945,0.200440266511489,0.163701120766281,0.136099255552153,0.208382797281404,0.160346695523152,0.160778524514459,0.22456083407949,0.198958075357094,0.216070679736473,0.232792859186684,0.20466635017618,0.160273728464368,0.267373329046501,0.147964429407892,0.197769906722746,0.20101537650375,0.219573092988771,0.185339342047116,0.2561961818728,0.216449207691468,0.199862412589518,0.23421604435967,0.153288662870092,0.132578988457494,0.22534613867435,0.172220129642032,0.195465916989315,0.223104065541425,0.159043293820655,0.116975737667971,0.212685116122113,0.190433552228505,0.239691842940148,0.218173213202072,0.182878466733024,0.214541943498678,0.197985894940455,0.230860843126774,0.267001856344446,0.198209019281088,0.0819443631423963,0.217994406274749,0.14997416234721,0.250404937362369,0.21661280885479,0.0551013457980628,0.18689141294326,0.222764888554278,0.0317874395512903,0.181181694781287,0.189188898042942,0.22024979576641,0.0928412695416223,0.186628776036914,0.157126922099702,0.201797881423036,0.223682979788699,0.188075299462208,0.202299904663192,0.133132618387086,0.0810126771389408,0.155824000270163,0.225843115627147,0.205760347181607,0.199970618052897,0.151682908916398,0.201115200957469,0.21476137596607,0.165945742573077,0.170218491568195,0.250149893548839,0.161776124177584,0.160075282872596,0.203915482449374,0.145859438449487
"UI10-00032-Bodacious-Ben",0.0229869899951515,-0.0483323457926206,-0.0429490990255571,-0.0160170234339975,-0.00986793178954278,0.0238035770129157,-0.0339698148758985,-0.0122707038694819,-0.0060522830846893,0.0530182274588132,-0.0364471211580823,-0.068976937242916,-0.0337344535599264,-0.0267247542445386,-0.0495326989999925,-0.0144881681109206,-0.01017789393864,-0.00764573699654473,-0.0100631376883257,-0.0317416308893995,0.00152484656975389,-0.0686820696177282,-0.0417870046942705,-0.06353529266214,-0.00309412876076097,-0.0272382550776121,-0.00869519781838775,-0.00340114887500708,0.00263640270983488,0.0529394096000665,-0.0223822142236164,0.0278398615141292,0.049665219381244,0.0243158077172527,-0.019654939025031,-0.00782458165603092,0.0569088944472177,0.0710080378662171,-0.0169645198230913,0.0274963337316552,-0.0193499231750896,-0.00297166466821941,-0.00942505932885145,-0.00374698292513577,0.0173225145023392,-0.0605248759428315,-0.0250962358183401,-0.0357212453696676,-0.00937894418768135,0.0011685041955003,-0.0116257041393129,-0.000999794783400679,0.00242512450254421,-0.00921821162791911,-0.013240200165578,-0.0060828866566283,-0.0188179456212479,-0.0217880847634169,0.00828935529530446,-0.0538431749096901,-0.0247374164362352,0.00393075671307393,-0.00642028475361248,-0.027373034978867,0.0343261015972023,-0.0267932693641474,-0.00653380337723595,-0.0539805543085598,-0.00477076046514097,-0.00869537708250903,-0.0150922395100687,-0.043340363129993,-0.0367049841072521,-0.00415436812642545,0.0151792195797248,-0.00284703046401671,0.0198714099609482,0.0130007863287996,-0.0828446113392482,-0.0450904848015344,-0.00490414626988212,0.0167128211658187,-0.0207393370052716,-0.0212551360467664,-0.0390920130852848,0.0305579257738093,-0.0279877924358553,-0.0332212680163846,-0.0573050536110945,-0.0217005126601256,-0.0231937524374931,0.000479739485485253,0.0168557900813611,-0.0208345404740559,-0.0296672624408702,-0.0245646106542059,-0.0168844055666594,-0.0429257620581075,0.00675523315665,-0.120357370156367
"UI10-00033-Border-Bandit",-0.0954843853412435,-0.111571005948727,-0.125425511095826,-0.110129385429613,-0.0575632406449196,-0.123947425856508,-0.000000000553854639856336,-0.116218504598133,-0.0467986703643801,-0.151421655297268,-0.093856831311945,-0.158690163350142,-0.131597915122635,-0.111888949921449,-0.129900886472049,-0.105159346920667,-0.134136335301915,-0.0831754527409635,-0.116270555885917,-0.066597361074639,-0.127169974698868,-0.111961220272082,-0.169070242417273,-0.214759304216903,-0.124591473167457,-0.119755591760424,-0.106113222509347,-0.0882412482281144,-0.0877368803050783,-0.130218944148822,-0.0326162921603413,-0.1319630061363,-0.0841129858410836,-0.102865218451787,-0.10545098675024,-0.146616187926386,-0.164018370773589,-0.088854019869247,-0.119055489965097,-0.0640610037184738,-0.0989258257592098,-0.0844036022231226,-0.0994068006266391,-0.123073542720475,-0.12207707429492,-0.0857070557159657,-0.0919991506689283,-0.0786559610636073,-0.152660911150758,-0.0972077876139182,-0.10389287405285,-0.116904076667793,-0.0345675624825635,-0.0972347513317535,-0.111380576687035,-0.109956018883943,-0.0964470730848983,-0.0544842819013282,-0.0592540517518062,-0.127621757088033,-0.0959808848857417,-0.10859193433305,-0.126277736435465,-0.0995927092360187,-0.0772202850514729,-0.131058660738371,-0.102542448255602,-0.0811031115945502,-0.102690465774396,-0.148217112494211,-0.110648585533585,-0.184443274153589,-0.0443178281597712,-0.126488415029963,-0.111257217335848,-0.104935708790244,-0.0928459803806239,-0.158600717050708,-0.205375965105549,-0.135156745731001,-0.101048072919248,-0.110271769910059,-0.113586504002477,-0.088991132972346,-0.158096403997429,-0.187724488815967,-0.0952027526714623,-0.116384999582528,-0.100643834082715,-0.133437396281503,-0.118232546420206,-0.126629515463922,-0.0843603532282774,-0.107579569532388,-0.000000000482956812137953,-0.156938755464803,-0.0950945576679523,-0.120108255857511,-0.100769929938137,-0.119261725460541
"UI10-00036-Dixieland",-0.0903777537608985,-0.109326285168353,-0.000000000542852562354986,-0.112881311691513,-0.0987486208198516,-0.116786749400801,-0.0738223017769517,-0.163700101437545,-0.11783332546324,-0.0296669056713077,-0.0816459523265197,-0.11672398580064,-0.0971762382096793,-0.115514524863524,-0.09800701639157,-0.093325542635767,-0.112414273707245,-0.0902748706455256,0.0028594174418049,-0.011610495201772,-0.105894359021098,-0.0900517166464021,-0.0685964427216239,-0.132541134373007,-0.085304872465763,-0.185122363033664,-0.0929643414035311,-0.13065738841652,-0.0786833387082702,-0.0836759207735266,-0.0668024879970413,-0.123613686567282,-0.0797131462751625,-0.00920504871955215,-0.114203092740854,-0.0917925478622795,-0.0916128525164482,-0.059631701115278,-0.0820873840531039,-0.109602151683298,-0.0880969860410534,-0.0924375173120937,-0.0750089570315904,-0.112735185390885,-0.0898635389244423,-0.120492200186763,-0.0809698256798128,-0.122938327032521,-0.07805070867166,-0.0842008524214066,-0.0863361367541386,-0.0796600396521232,-0.0940754482411411,-0.0604078318641054,-0.107525310284139,-0.122427771395971,-0.147179305746379,-0.100982712548362,-0.112053186291324,-0.0813083397382224,-0.193320712622405,0.0323012254957787,-0.0725263772704271,-0.0246722262042713,-0.0682687215078185,-0.0966301882489342,-0.115140252553394,-0.112613020921046,-0.0918969480286657,-0.108328934371393,-0.0953624640574876,-0.113648895613663,-0.107288218043413,-0.0990271124377374,-0.0918959150419632,-0.110689412040137,-0.0967846043312817,-0.0845199466369729,-0.00458626570591108,-0.194375416085418,-0.0887194653105202,-0.0924267584432469,-0.17631145379838,-0.163321458036426,-0.072613067910631,-0.0821425135238039,-0.119158121644431,-0.0966591494757106,-0.0923547928562994,-0.0396707090046315,-0.110095590933905,-0.107356579682743,-0.115406161732881,-0.106467221448977,-0.15607588737545,-0.112531210613886,-0.120363633045376,-0.00612343629366552,-0.0911840015196987,-0.106645157651192
"UI10-00038-Emerald-Shadow",-0.0131605125928019,0.00490549226763673,-0.0158583935865629,0.0176205864500068,0.0125683235695137,-0.00237981167923663,0.00265104321982891,-0.0173728821058056,-0.00122337812766087,0.0173100491892855,0.0279413472863649,-0.136545857533653,-0.0144326972561843,-0.00804920286408535,-0.00955081306613394,-0.0171980112129192,-0.0888402415027908,-0.115142255035642,0.0150444516948105,-0.00461620127500051,-0.0893267867765988,0.0250404631264192,-0.137534717309196,0.00868492888667702,-0.0155879951366255,0.00729432666931126,-0.00958266660861816,-0.00298041614889389,0.00532662910889051,-0.00109555752378605,0.0408726768174636,0.0177634327320774,0.0224012269556567,0.0616588793136242,-0.0195712713837923,-0.01005764707998,0.0104802931743675,-0.0116644276550927,-0.0101567972899411,0.00197616165424019,0.0318840027813696,0.000684842345709218,0.0226555881259631,-0.00980825228590275,-0.00201164947740161,0.0124898656112198,0.00585610596968915,0.0198912514468695,0.00433643936230227,-0.0074112457414716,-0.14598728300107,0.00162378302041664,0.0100500408409374,0.00586700880280114,0.026115851968632,-0.020437522678686,0.0168845484752235,0.061830995126897,0.0227007001361472,-0.00656885578430715,-0.130420791587663,0.0378568605586629,0.0113139778003713,0.015590557620835,-0.00934141254489661,-0.104955413202559,-0.0184770767571135,0.0197714546532531,-0.0127829009081258,0.0332080533293992,-0.196790770598706,0.0102185568271638,0.00975564064426353,-0.00696072986041436,0.00211401634447415,0.0219243944760197,-0.00765247520294999,-0.0962655300462642,0.011408512340338,0.00501933619495067,0.0322693027978728,0.0140548948301016,0.00148439815829706,0.023540017214059,-0.136241266684289,0.0183868136183626,-0.0242482278469011,-0.0118220184359781,-0.12626131305231,-0.0239553989379531,-0.00214016152346426,0.012137256425023,-0.0115480708439861,-0.00369738821164216,-0.00736027519910154,-0.082902075752171,0.0236008727873322,0.0195359312251975,0.0139112339353853,0.0111114913626793
"UI10-00039-Emmanuel-LePage",0.0710036089167399,0.068859959126434,0.0703455019829003,0.0915656632749244,-0.0000495864458262777,0.122947924129552,0.00000000037441517605193,0.0734056828995729,0.0580029327728256,0.0598278907120088,0.0859560809741746,0.158670593862805,0.0957407432761572,0.104105136571417,0.102552965982952,0.0697810715012215,0.0897482311677573,0.141943277033261,0.102670688603384,0.0921037623879767,0.0766999398378091,0.0824680116780926,0.11578004594095,0.0375055549707617,0.0990871389442656,0.0291658142056064,0.0803858169887006,0.0747125144788012,0.0172657928294284,0.0556589470192825,0.0528923052900383,0.0568972235767235,0.0687077496315558,0.0518895390072978,0.137336215290606,0.116839412392343,0.0860241795557009,0.0775287058233714,0.0497364353243511,0.0741427137000167,0.0721480295084953,0.109029428826225,0.0618937702273216,0.120510925702418,0.0667983832495605,0.158874396959305,0.0513458697710327,0.10818361086451,0.0454021896057747,0.0370194903641081,0.0735650995188737,0.117700396953212,0.0585312781836908,0.0780917529777306,0.0254569918530896,0.075609974419554,0.127180009144752,0.0604149119816971,0.0482660810986313,0.027563066649611,0.0799883887492292,0.0656208205044869,0.0345817231660903,0.102699015378822,0.0874597216643163,0.0993996455585166,0.0758914507624186,0.0877415577277632,0.067214301090858,0.0554572848872688,0.0461238419463407,0.0801425158178103,0.0868083188734208,0.141960672641415,0.089126733209169,0.0826052276586023,0.0678288371258973,0.127240820968892,0.100242864054214,0.0456121807122804,0.136511084416008,0.0555746939480838,0.106144619334106,0.00163341810920748,0.0802037933431956,0.0915597379379999,0.0735653253403028,0.120197781512774,0.09631662167702,0.0453990115347138,0.124704768376589,0.104219248442028,0.0687035051198715,0.114601620274136,0.147247486785776,0.223682061967094,0.0594467906980819,0.0896549595715339,0.114534985342775,0.0506722199030281
"UI10-00042-Giraffe",0.0404685910520253,0.0268428183290559,0.0337633706341542,0.0400451940062824,0.0305266378684206,0.0389779957381647,-0.0454836377591883,0.031398034115399,0.019664550215648,0.0314626615154049,0.0490364720275169,0.0769056418391673,0.039339131201795,0.00748588466417086,0.0211590552658842,0.024062838295028,0.0371736115974595,0.0668586208331403,0.0353374319421199,0.0155246979757448,0.0386061683400803,0.0321824942898198,0.0201172777382103,0.0791399251515819,0.040214970176045,0.0124345797846386,0.00695076536018132,0.0875067640849428,0.00104403459527574,0.0260608118607769,0.0387746160006283,0.0102887692612682,0.044305920752969,0.0190135885962428,-0.014065150013937,0.0295329297847129,0.0296296385545046,0.00943983554611113,0.00570916864970383,0.0433449296662357,0.050410696203216,0.0660326225847017,0.000859530179710414,0.0284954092325854,0.0326157861758674,0.0191597478658922,0.0294899396847631,0.0470077975425687,0.0281537023252393,0.0352598993419976,0.0144868212903524,0.0157111768056058,0.0336821950204994,0.0684087621552009,0.0387425469772153,0.0216412009233878,0.0757190597308003,0.0242518182992169,0.0315734798451235,0.0269369319045307,0.0249837862831156,0.0315062280211525,0.0376660581428281,0.00913509361184912,0.0250720066156624,0.0349952774630207,0.00991270157547216,0.0257190623039316,0.0680874350820474,0.039171077122997,0.0194503746888924,0.030781851320209,0.0231394875009384,0.0467972808836951,0.0258576940101102,0.0418811273101131,0.0181138012231115,0.0291502683888379,0.0222766829712013,0.0455305026391529,-0.00495756320850013,0.02244946585979,0.0383250704236524,0.0251575046356707,0.0323041485172831,0.0133087122098034,-0.0426099412846141,0.0584637853907042,0.00790270460539915,0.0240938428220357,0.0250698200413508,0.0275039210779505,0.0400354170980267,0.0271929500902344,0.0342942981183519,0.0306952636493333,0.0169508142394776,0.0428776345997979,0.0354210593216359,0.0343973420267451
"UI10-00043-Gold-and-Silver",-0.156803729816823,-0.185610451300492,-0.105637650651943,-0.111292765903865,-0.127934842952024,-0.127363754978196,-0.158936413740586,-0.159240612135157,-0.151572924034571,-0.13880077185555,-0.130256759094268,-0.131552445910585,-0.111810591369477,-0.0842554107988443,-0.124008122084889,-0.150340092151006,-0.156171920941854,-0.147185186826503,-0.152068323025209,-0.148529831573874,-0.151438423113933,-0.152982465835809,-0.152886467210289,-0.0982877517978246,-0.0954477671233445,-0.122122096885672,-0.122423904629996,-0.108820486589327,-0.138890998379079,-0.118953155483055,-0.161638928483345,-0.178459021001449,-0.128099674051191,-0.126418404618339,-0.0957945571328432,-0.104076988635561,-0.103536161708223,-0.0907367108596077,-0.114261785994318,-0.164363644960713,-0.142820253714235,-0.154395356316581,-0.130828788303448,-0.14714941450832,-0.0683113340834825,-0.176758558596026,-0.172042396891024,-0.191274481254201,-0.142590916546387,-0.11530129364138,-0.145946886507113,-0.126519165737727,-0.118226357584088,-0.164301474230497,-0.123492817693106,-0.116875633876437,-0.149435623301595,-0.0571772254556921,-0.141512772531053,-0.149700015666107,-0.129120921146185,-0.192729929936664,-0.153901830739361,-0.148684455907876,-0.131538084418175,-0.132252435664254,-0.156597121368454,-0.136521273395527,-0.0705957032743617,-0.165137228237024,-0.168451805605321,-0.131478663732232,-0.137026005854765,-0.11927310136096,-0.120766251168966,-0.181518071295756,-0.15996851160075,-0.192365420586995,-0.118782614918022,-0.125827735405139,-0.0322893218536456,-0.154607085245025,-0.118566679200469,-0.130263776939968,-0.172644444026511,-0.121900461094991,-0.131656946723496,-0.0611865394576756,-0.173753813669194,-0.148734510450983,-0.0980239196810658,-0.14736309873955,-0.0496442849717934,-0.154892163671423,-0.000000000562778933717215,-0.155056022825903,-0.187848641937524,-0.145583893769964,-0.140299351882213,-0.185426030130864
"UI10-00047-Goliath",-0.0937840922956897,-0.0514146577411964,-0.0804503561801359,-0.123123432674001,-0.0828096979710986,-0.0935199800437207,-0.107732949072807,-0.0801386718230638,-0.033445038425805,-0.0852238044069237,-0.0973248724333636,-0.0998407619768404,-0.0786677531404915,-0.120289367229999,-0.066005664809706,-0.120009022594526,-0.175238901875703,-0.130100063708403,-0.102060440625112,-0.0568972057005685,-0.116708493407869,-0.114211287423101,-0.125814364707482,-0.0792664343719818,-0.121891385093089,-0.0674127538842916,-0.106294373977442,-0.107074294413293,-0.139196304881709,-0.120512200194169,-0.104684116820293,-0.134547061433911,-0.140237313375571,-0.118505076530619,-0.10851892044092,-0.11857481984258,-0.0818619298409969,-0.134329216890603,-0.0963741144773251,-0.098126325111418,-0.0748285967290193,-0.0878729296783362,-0.119626886312882,-0.0912752204224355,-0.0597520679704424,-0.149933857942865,-0.0667909615473222,-0.034004916231178,-0.0393343109188056,-0.0629443359019988,-0.114977647316705,-0.0499949767405572,-0.105940676900195,-0.0986948168152927,-0.126887679709459,-0.0708110354671776,-0.139850328981276,-0.0884623426151026,-0.106049373895897,-0.0770804480076713,-0.102238810306821,-0.0925387021038487,-0.088453726298034,-0.107897460374941,-0.130883375925131,-0.0542428289775611,-0.0975475380929528,-0.10479893070307,-0.100977677025671,-0.100897751213504,-0.102235220450108,-0.132562820859554,-0.0753295828082505,-0.0657902510313655,-0.0663597831904128,-0.0968215873579545,-0.116808305718977,-0.0627127185970923,-0.0745977397221584,-0.0746008342467987,-0.0920476941337468,-0.104696439395428,-0.0746545120897249,-0.0958303573564363,-0.124085184484448,-0.0661815610919197,-0.0939197718005569,-0.0962829964599687,-0.115017431780592,-0.152001425544425,-0.106414114902619,-0.118286223334865,-0.126413316506142,-0.0959300988360063,-0.112189228943875,-0.104230110264121,-0.107910830773026,-0.113428981046386,-0.0825771265404877,-0.0748525098982195
"UI10-00048-Gracillimus",0.0943123503796654,0.159043166299584,0.124751464117264,0.166182982744933,0.121615930402924,0.0680981441395857,-0.0515063148966207,-0.0295648524373268,0.0733070291714091,0.00917787244353901,0.00452599557970423,0.10494447807453,0.0268736716572731,0.0695585448051598,-0.0314622804583929,-0.0289691811837656,0.111594885165579,0.104754698889386,0.153757512230315,0.0898102506554538,0.147007602242091,0.111035111650963,0.143645953695671,0.138204884962694,0.152218689165458,0.140246956959157,0.12792194696837,-0.0302778441267411,-0.0300831843587107,0.120013133209293,0.178580425770429,0.119364025566567,0.196660578412539,0.134259106194377,-0.0399047987439907,0.208647291046558,0.0997422282709053,0.157140483164555,0.107135803282781,0.124488343634727,0.132732162599563,0.0786778805540254,0.0634280827991026,0.0495576678480655,0.10704288503308,0.0985961272734043,0.109508139667247,-0.0556475284192377,0.0990038649639182,0.0967455791314148,-0.0321051025642033,0.126882194368786,0.0696878290742551,0.124035782327648,0.1210785515989,0.120621131310081,0.104825013247557,0.1290379574754,0.010758382026376,0.0951979627416468,0.0612754057265414,0.122381600647821,0.0486145571235473,0.116644936751627,0.124541054816098,-0.0173131216288833,0.0780978180254159,0.150521185535446,0.151207373319234,0.115753783951414,0.09861493128409,0.137551056140896,0.042136436068973,0.189904991300853,0.125226554754195,0.125998815161077,0.0929420824634142,-0.00408655844405554,-0.0156285046055449,0.0102824790055685,0.122700530128598,0.0781055773897845,-0.0337707972876687,0.104244138266115,0.191669520870554,0.140760748783556,0.105030098701105,0.134583097628776,0.0837263296124099,0.00284280636869466,0.106614907831274,0.0692170162048273,0.178345258420659,-0.0216872145279431,0.000000000469165723827123,0.107725862905102,0.179356977948047,0.210877515446742,0.125411418710489,0.165136757587029
"UI10-00051-Gracillimus-Nana",-0.115575586240554,-0.143272919297427,-0.0912021129208485,-0.111108744412404,-0.104214713393329,-0.0987232153715237,-0.136466066837051,-0.146731291884801,-0.143336357235768,-0.169434569963841,-0.166051592451675,-0.113165613825574,-0.128131429191247,-0.092591003682775,-0.130599724313855,-0.149600067685081,-0.0813763405060844,-0.210332997106743,-0.151941580619966,-0.156839106759528,-0.151189190218142,-0.143535283996582,-0.11281881817386,-0.137633066106017,-0.0973682699667223,-0.155386126226668,-0.150585202662894,-0.122423766305411,-0.132465552360749,-0.111263678547443,-0.129774891408279,-0.0867180100705087,-0.139738656379494,-0.128270887853864,-0.146364709210749,-0.111507602255589,-0.0965756270202253,-0.0861593422463108,-0.0888891408462826,-0.123502527102774,-0.122689576197493,-0.141536656710277,-0.0972093803726269,-0.114516668532887,-0.169018554825801,-0.122359553409192,-0.110253457534265,-0.114367248025812,-0.1277854187573,-0.14895411270181,-0.148191169958384,-0.115008400488969,-0.12414694713819,-0.145387037317999,-0.127182300414076,-0.141172049173142,-0.10299355505161,-0.179625885434776,-0.111167235221249,-0.187891963191174,-0.146753343799937,-0.123254918011093,-0.142326639690269,-0.0836313446684436,-0.12563332409996,-0.109385214958974,-0.129452123785034,-0.130916024380545,-0.123517702098532,-0.0888151766098206,-0.116972955443049,-0.136879619738379,-0.135815443592686,-0.102743515474648,-0.0920007344126666,-0.135040599820358,-0.151099742566778,-0.122519350745469,-0.200979157088188,-0.113636348155727,-0.0738937032420362,-0.141895070670456,-0.145281642763382,-0.149142060216695,-0.0948617447024552,-0.109977534219747,-0.121142496549946,-0.134351683532496,-0.100887817561159,-0.150324595632507,-0.211839866897913,-0.121583380988002,-0.0982088202561573,-0.0898289742099786,-0.13530437466834,-0.13906968040968,-0.126923595340323,-0.124039206861343,-0.117240131887634,-0.120888325114937
"UI10-00052-Graziella",-0.150702051963824,-0.0483777958586167,-0.112726248017502,-0.0771399226220449,-0.107273557890537,-0.0401211485686113,-0.10072236236707,-0.0734817409665552,-0.0407767994206821,-0.0936546452207239,-0.143772244282769,-0.0686132673835042,-0.0454631544613307,-0.0635750267918759,-0.132595691171494,-0.0545378755135894,-0.0613122898887246,-0.0437829311518073,0.0408089618438205,-0.136254527087527,-0.0516018275837954,-0.0589417148079854,-0.0893871322996096,-0.114288835542894,-0.0483498814164132,-0.1314010715927,-0.108501690200201,-0.0684356737073829,-0.0821408295889064,-0.0360401590595429,-0.0441024693052396,-0.0112003843683206,-0.043132882421837,-0.0663539713380305,-0.0968514749825309,-0.108470639741411,-0.0794097002764146,-0.0409343490720994,-0.09248695902534,-0.064959599054442,-0.0548652928277938,-0.090686671603615,-0.0986180064127504,-0.0796518211543416,-0.0753337532752044,-0.0662453274200279,-0.101412723710499,-0.0641582679146712,-0.0825386579275296,-0.0292065359882638,-0.0763885940383221,0.0654146938885902,-0.0913116337539976,-0.162366576734063,0.0756590105677413,-0.109312049730308,-0.0762763806485742,-0.0652637018064602,-0.120358535791489,-0.0724073565340525,-0.0972540690242493,-0.0638221999739184,-0.0997960586839339,-0.0997233284705877,-0.0824545692128729,-0.0893789535410601,-0.0520439802248731,-0.0673553415994384,-0.128723757005693,0.0434389126308298,-0.132676530516809,-0.0822445908098686,-0.0712085892978103,-0.115216685507045,-0.143982903450455,0.0900236260662384,-0.095459311736007,-0.0789349973156977,-0.0645865354579273,-0.111169982006699,-0.0461529942906757,0.068614482278342,0.103529484915856,-0.0710396706710332,-0.112734412572678,-0.0887540656697075,-0.0668341993419657,-0.0747620878519925,-0.0593476917112679,-0.0454970734700063,-0.0724295947862859,-0.0397438277002437,-0.0946186831588076,-0.11886188262364,0.0447406574822933,-0.013133680568409,-0.0400656043282161,0.0532607752115618,-0.0887502670062953,-0.0564266688410527
"UI10-00053-Grosse-Fontaine",-0.0261484720938245,0.0204155885192451,0.0476550200136275,0.0590268588696659,0.0622770568176264,0.0553427010162074,0.0151825637630444,0.0514553692160871,0.0254742438813021,0.0261880438284812,0.0361115559230207,0.0253552549698933,0.0544166326930657,0.0213794358943812,0.0622346371542243,0.0194801654566433,0.0263253308913478,0.0349158506857305,0.0312466013273677,-0.00554540336641232,0.0447702524467739,0.0736845252082252,0.0304126641581338,0.0499175106427265,0.0486772609061082,0.0213759159468602,0.0139559820387299,0.0606849642805559,0.0466378939294376,0.0376529705491798,0.0427784455774835,0.0612826776943176,0.0193544435693002,0.027040530415144,0.000347823456118597,0.0678355385316996,0.0512730503031425,0.0492844324464346,0.0418208479946522,0.0457891634361454,0.00639122002097644,0.0520959056291743,0.0261906834908693,0.00760091824672032,0.0605684753113872,-0.0912073493263779,0.0431371646136622,0.0397627531072658,-0.0145785939273353,0.0431674610549921,0.0352951690828154,0.0559831689295501,-0.00334693841417402,-0.00233415598015241,0.0547765605667405,0.0385474279182202,0.0386645636202857,0.013499694334182,0.079308426976784,0.0157924502452893,-0.0551732487392116,0.0351341028896932,0.0246086813331756,-0.0121120000120828,0.036879903978754,0.0304185121331341,0.00977287605156898,0.0399643014002837,0.0360814230958536,0.0590198910681824,0.0553960094654392,0.0133181225646836,0.0401125379677445,0.00490444393903035,0.0239603583402774,0.0362590835539812,0.0182776653523656,0.03386411554854,-0.0229403865143252,0.0556918339425454,0.0950931290621062,0.0303513369232192,0.0717086296806539,0.0449902402906099,0.0518809089562708,0.0504768826735232,0.0209791897411448,0.0279492203779794,0.0801912703807029,0.0395218559182245,-0.000919270098244962,0.0190958152460394,0.0688424671931971,0.0326709889510707,0.0391701946490868,0.028552014917682,0.0419305036831243,0.0362592288798694,0.0177842879496133,0.038009919035878
"UI10-00056-Huron-Blush",-0.0279028927581099,-0.00777335972181033,-0.00146745530318561,-0.0314740213237347,0.0160378367447357,0.0345600080244041,0.0174702118764881,0.00470098661141126,0.0477089566367652,0.0202896768873695,0.0256796716866151,0.0150731902066208,-0.00134521876115483,0.024814170933242,-0.0111515649629884,0.0165092382122906,0.0384234577289792,-0.0430348798580316,0.0203051043245677,0.0226310980867435,0.00229163812711831,-0.0161784546640797,-0.0496488681721565,0.0425503550890508,0.00067641505812854,-0.057978726376293,0.0322602954899171,0.0208649465089713,-0.0126091188662022,0.0146269535289626,0.0276965306825054,0.0250894083911412,-0.0106515516775705,0.00410325392821756,0.0223605811876548,0.0186273571871187,0.00807785225848723,-0.01049407777467,-0.00642143979440207,0.0109034516961905,-0.0165117337134558,-0.0162465539612466,-0.00354380689917294,0.0244628001909357,0.0240835979241402,0.0166218852670602,-0.0117400341344997,-0.00960419080170528,-0.0446362420120225,-0.0537497007110096,0.0288666786578074,-0.0281226100219324,-0.0106246685938733,0.00878040628343206,0.000618448905843592,-0.0537525815514928,-0.0311773937672458,-0.0107442113981054,0.0146452029922184,0.00112427103173054,0.0275560525567509,-0.034009348820849,-0.00449484695321235,0.0922105939204595,0.0306707437320441,0.0142951764930207,-0.0448850237938919,0.0216869213853864,-0.00721853013610756,0.0165322031341129,0.00478995518978805,0.0108548163013357,0.0201977380616065,0.0140511889068537,0.00634131598445129,-0.000916586931977017,0.00931503357034266,0.0170442539486296,-0.00553196654708266,0.0214393309100031,0.0307061980815278,-0.0431643830466397,0.0100815922585087,-0.0219681003127488,-0.0225089465309382,-0.0142494075933436,0.00461827759227752,0.0109273599890275,-0.0139166754582505,0.0314608921709035,0.00147861739456717,0.0184251265617809,0.009588706067189,0.0308480949991826,-0.00629334865093065,0.00349091239692149,0.0184041017225627,0.0360269939820709,0.00724809221356852,-0.0301529880333118
"UI10-00057-Huron-Sentinel",-0.100736401951506,-0.0897667883600158,-0.0838623237283624,-0.111747440391397,-0.0648338031875307,-0.143418029847428,-0.149668819935266,-0.141557660223628,-0.0947481228780026,-0.0850171966000344,-0.0550890050281122,-0.112510298138239,-0.106344392397617,-0.0956982005418849,-0.10364914993109,-0.0830411095899848,-0.126120218558072,-0.0344464466205574,-0.0848652476830981,-0.0330265027679335,-0.123107035507515,-0.0846004561586177,-0.0338664068694118,-0.105962968874021,-0.0516541627303614,-0.095101324160787,-0.144912065571133,-0.102255973787067,-0.207996331676698,-0.0675496571045764,-0.0363510357799361,-0.0864341912746743,-0.121987495219466,-0.160606860105172,-0.0795051226877188,-0.077754942373893,-0.0847414177485668,-0.107777516822235,-0.0839125345206219,-0.044940126480977,-0.11634694647138,0.0226365933039224,-0.0722948689450386,-0.025843723177275,-0.181000798142248,-0.111380661797254,-0.109325615561413,-0.104410033419288,-0.0842789979164492,-0.0450709572839288,-0.0588677791957005,-0.10698044651641,-0.0776591434171273,-0.0830854767362727,-0.0923086718029893,-0.108355790548981,-0.182054684732707,-0.0582856938597123,-0.0671635214845301,-0.0920134240101395,-0.102817606635329,-0.139710208136297,-0.160578981224896,0.0428409091385208,-0.17011212227539,-0.0901956776910818,-0.101512588835366,-0.121889988714109,-0.05818514277501,-0.0928794270337158,-0.0943849590080365,-0.0613596690510037,-0.0562424568018744,-0.181910615315728,-0.0340594413994293,-0.152763499410574,-0.0674768749271061,-0.158499118142861,-0.0761096949440547,-0.0747413076945703,-0.114997383827123,-0.0786046932438508,0.0320085443422928,-0.0330035748269964,-0.0764466001059583,-0.0500366705057926,-0.0831958855215973,-0.0669376581466427,-0.135450074746738,-0.0649967101876533,-0.132134779065245,-0.104785991637398,-0.0875103285136098,-0.0986785688738615,-0.0213647751882798,0.00299895653301744,-0.0796043719891513,-0.104303640655161,-0.115915968460396,-0.0236093587619925
"UI10-00060-July",0.160222362162445,0.113387550160086,0.000000000152153691194329,0.154994443591871,0.108998220848771,0.091726960739125,0.112928451367613,0.135198067885777,0.107468034787269,0.0737272200259615,0.132230081343017,0.0489607890822985,0.0902806547501893,0.0647975553794798,0.114699507315373,0.127152051258395,0.176954423926948,0.127121284565034,0.139751769027691,0.0791116895595675,0.098103089249356,0.107879013076124,0.124354306124492,0.155130129352612,0.129677750016654,0.0861919630089365,0.089450321550504,0.143526528606628,0.146829809524137,0.122629792694348,0.109120809260816,0.135031077986537,0.140754723054751,0.150533052299444,0.146804922110947,0.1334434305727,0.0869117371328063,0.114387464313582,0.104182159422122,0.171100683784325,0.1304216764185,0.122393891572985,0.0427289060121837,0.129263750046662,0.0981339097945683,0.102770881103023,0.0912913344891308,0.109356372349418,0.137417357689018,0.072170897275728,0.178008156534016,0.141033733776794,0.0977865421444165,0.0379038972676099,0.0808081613248732,0.136933650978139,0.123774145677605,0.0998797365076546,0.150331919292022,0.0853336025348142,0.143600986518342,0.0846073991219493,0.0697691699571215,0.0354238095330283,0.159604613867982,0.0988414835410038,0.132661035840692,0.156670940751949,0.174023143557924,0.0830229428204167,0.157262855009671,0.112799075405898,0.0991652824565758,0.100788582732334,0.0950711419153593,0.0993102693944977,0.150972225525042,0.0894349979899266,0.121206976096721,0.0901981350653151,0.125015927449146,0.0876149323428197,0.0948931009765602,0.123324445075701,0.148675189995123,0.166338794253087,0.111401882751179,0.0992356657471692,0.0534792446266384,0.129894788504914,0.14295962731399,0.110881528102577,0.110502155273956,0.12393877669295,0.12837113580665,0.145809450343978,0.0917791288591779,0.087842245751815,0.103187083640163,0.127728164995999
"UI10-00061-Kaskade",-0.0151305801164193,0.0739870098636002,0.0890624155539448,0.0306376259530862,0.0531773685553659,0.0525437701088135,0.0818373194443064,0.0985518567841581,0.103578577818781,0.035650250397558,0.104931853544972,0.0727181962824035,0.0303917931620534,0.0252182727781106,0.0509076989316472,0.0683313239879575,0.0622845493661117,0.0874132962282408,0.0241274891003118,0.0265999697804624,0.0690608529537129,0.0389422420318544,0.0447639522922777,0.0618550638483215,0.0683589670981754,0.0666212814514616,0.0891178149420378,0.089315311449806,0.0665475019493281,0.0289816784780824,0.056584685625239,0.0678954538987219,0.0652502017921353,0.0388574125111978,0.087348615476803,0.0247162618329933,0.0495649840336128,0.0709785706740198,0.0598207788915778,0.0358502852816255,0.0249812200732819,0.0654224715869032,0.0471966525607952,0.0478232496499326,0.016308661754485,-0.0806532952818636,0.0696005135075798,0.0657566830949635,0.00549603087587769,0.0253000207150249,0.0479202383218435,0.0916895160144224,0.0658256870963794,0.0469342660304146,0.0791367718165314,0.0291329836845882,0.0781190410018227,0.0697005096185829,0.0485861354807096,0.074759361453332,-0.0470669963312793,0.11663481949648,0.0642003856247464,0.0220613498685992,0.0836245936404379,0.0510193042335778,0.0180004491779434,0.0844311183176497,0.0704118208442305,0.0518663972423307,0.0679935681922328,0.0816145710396539,0.0714255972884754,0.0853216137865698,0.0872818498521513,0.0992055586568605,0.0487076278093404,0.0868711239769132,0.0942809868307867,0.0297230247559834,0.0455896026165904,0.0513307203525569,0.0571539083002631,0.0410216275385193,0.0429023984647361,0.0543712712551418,0.0824774115290877,0.057312264969636,0.0831457061556038,0.0587907143465453,0.0887470982424459,0.0690085704855294,0.073960529139959,0.0731214792837161,0.0879020036143699,0.0635082277577217,0.05321747516292,0.0773245455373719,0.0735624719850983,0.0482716472187908
"UI10-00062-Kirk-Alexander",0.097815085915243,0.0777300412364039,0.152620612299816,0.112546938632958,0.155849929171777,0.132656532072072,0.0000000000802372533047481,0.139854388887373,0.138832281650742,0.119695011191574,0.160632790698748,0.0950201917346616,0.11534861107894,0.1196749555926,0.136644245672253,0.16431912450386,0.22313092864485,0.12331790310009,0.122282261993553,0.0983050766796434,0.137219030230514,0.104654635325935,0.10558584128072,0.112841597372462,0.112355139411809,0.0754054747983612,0.191597897432211,0.134937646426166,0.0848684223690282,0.13212919728943,0.108500905089333,0.152143959285176,0.163656182334316,0.171087140932995,0.117800501019622,0.0818982041595939,0.134880453277719,0.089361079806994,0.15363429222852,0.107194623574381,0.148198450595538,0.14239187397724,0.119475471548516,0.0752358593707217,0.107919701175381,0.144998408864098,0.139402729675508,0.140416560894069,0.13643233075087,0.12316963510445,0.161426565656516,0.0640836217367412,0.178377457763629,0.115620783967304,0.136557992575276,0.122801923546582,0.190689007054976,0.135051787595941,0.108867659351519,0.135654052770883,0.099841332594464,0.0954404713934544,0.146745587038651,0.129536567970283,0.0871482289610328,0.104060316092325,0.127041544929345,0.126648395097095,0.198122449580907,0.125462824750212,0.127207184026257,0.186634700809133,0.153124515072459,0.117441779148209,0.112441513641272,0.154759928533569,0.06502530507615,0.155469272743407,0.146677673479486,0.104100217286411,0.154681995280983,0.14892216861977,0.111606701944556,0.13223989833932,0.106536320124732,0.134679633951966,0.125748496480214,0.097644901961779,0.109064694729794,0.115488007822066,0.129881191071009,0.0818574939555517,0.175605279984894,0.0898658390149581,0.155183896910019,0.117566882492665,0.123529575488943,0.0895772619897734,0.196266003410217,0.0798377988023073
"UI10-00063-Kleine-Fontaine",0.121333494433637,0.115725704602265,0.118269494793645,0.0963659730298885,0.0917400726463521,0.105016889161675,0.174035166127784,0.126486023484645,0.136340897662835,0.0976027104363068,0.101395882690653,0.155660074953054,0.104806215615117,0.129303529799908,0.109355641006185,0.120497427925084,0.107229515873801,0.128187838105086,0.104317729898187,0.093988360777634,0.0725376742371907,0.12321316380847,0.117046008936328,0.113322018240384,0.104122491156654,0.117919465805327,0.116712497253387,0.0842191579330579,0.163363920513336,0.0884778088014953,0.112604737134564,0.102683185899757,0.112707697755801,0.108787172287036,0.103455301176905,0.105817211351571,0.112703233915863,0.142596898748101,0.144609704626172,0.136338284525148,0.155932887181472,0.121589772711784,0.124871110025491,0.09979029480495,0.127294409054281,0.131621563776426,0.134826709096802,0.126451011667842,0.125193710597775,0.114158413074175,0.0714737735987836,0.192688768577279,0.0918149803668554,0.0920220280575205,0.130619800262963,0.0964501526721609,0.0988645836232138,0.113638550267601,0.135064589162917,0.111311086018475,0.114919229820866,0.104082842703842,0.119131869066455,0.128649869952361,0.103231475371888,0.11417156714681,0.123315885694762,0.120362469880998,0.10217728849852,0.08403047814149,0.122176611111355,0.141264431157447,0.123041512180176,0.132297548919284,0.0922139890941654,0.10528758922973,0.100036037992876,0.126352829988168,0.115084459610926,0.14599727668628,0.123027554176996,0.117369410023775,0.132175595234549,0.0773707054966487,0.132865481534589,0.129075677135,0.117269609072367,0.127785357524937,0.0963835864720348,0.135624848725397,0.120110933970299,0.107860716447104,0.117200823849345,0.138501180672028,0.108514404802068,0.0830563358607919,0.118366922543515,0.13507066127931,0.0606935097169796,0.111772481564528
"UI10-00064-Kleine-Silberspinne",-0.15280240930297,-0.200813689445602,-0.163205488489878,-0.123464912661298,-0.198548237637596,-0.203757235032463,-0.179187291091309,-0.241229652312399,-0.226505226299796,-0.113219782837254,-0.132283127537127,-0.18398488819373,-0.131397060420416,-0.19397722385711,-0.184484983406458,-0.195871930997987,-0.287947701752092,-0.212321518753935,-0.192261511313803,-0.177677633202881,-0.163488232089512,-0.178685951842196,-0.143252023396529,-0.214230432955382,-0.221980755807177,-0.160836596355947,-0.195264713350583,-0.228363861044717,-0.0568819514756395,-0.194452911646254,-0.241816108409181,-0.252677619136524,-0.0500931253646799,-0.150179346642226,-0.187770840032778,-0.132244768517764,-0.175785893536425,-0.139124260762859,-0.193884005053099,-0.154778404116429,-0.190437543502624,-0.200789394625021,-0.261857787097647,-0.227065900951165,-0.233455070166703,-0.198835377423896,-0.0825551923333566,-0.204820125069697,-0.219193900143369,-0.169468227367279,-0.198052464951293,-0.0497215762509727,-0.0832324551332757,-0.0887891770050491,-0.193424965874807,-0.149416550490588,-0.199590432000355,-0.219050108027977,-0.0478212459136218,-0.15661353902867,-0.169065583254502,-0.12224452350422,-0.154332098434993,-0.151319414309822,-0.176486665405241,-0.177670773857942,-0.126721295206706,-0.000000000199626303927936,-0.133091967245354,-0.190435350195626,-0.170919214601215,0.00492050453775421,-0.155494875587621,-0.146681190128475,-0.193437172633881,-0.213840538502128,-0.0516502330565378,-0.0997453320851895,-0.171287844192005,-0.230263553708724,-0.194655587845307,-0.170543563776661,-0.190990393404716,-0.190268467189537,-0.220304847928832,-0.215659893953506,-0.210268674254264,-0.24765266383444,-0.248077791648472,-0.181340550741237,-0.146961418349116,-0.204676173554394,-0.231977618525627,-0.185069059336801,-0.14880014685411,-0.160710708992776,-0.162458924903207,-0.222528520302351,-0.133969810619178,-0.186311818873073
"UI10-00066-Little-Nickey",-0.0445271309441549,-0.0178110225445793,-0.0329207294262598,-0.0188260981866032,-0.0487097638192028,-0.0477446499531095,-0.047249542455265,-0.0730186794253884,-0.0370342994698428,0.00291576231550091,-0.00507914417910191,-0.0309911421600881,-0.0561603497185741,-0.0167066711277061,-0.075352032283062,-0.0447239119313751,-0.0284492519721629,-0.0580465832831059,-0.0575769191656989,-0.019068691421929,-0.0450605881454349,0.0275820024156833,-0.0498732425203,-0.0383794213811466,-0.0627884808042195,0.00191898897492762,-0.0525062863512848,-0.026583876121705,-0.0451636071086897,-0.0147488005144699,-0.0861079737819782,-0.0363236452536916,-0.0322055085260445,-0.0492201460800531,-0.0236511386570902,-0.0621920627959236,-0.0523173543548474,0.00603817992308261,-0.0908615177527539,-0.0158448550978405,-0.0256421368487464,-0.0643992190964265,-0.0406166699389296,-0.021989388266082,-0.0487063378704337,-0.0233719336994198,-0.0384189321276814,-0.0251964353734628,-0.0351110277407069,-0.0608364874328432,-0.0744919463839639,-0.0375818177112327,0.00326149924033691,-0.0366076289391597,-0.0307059776976911,-0.0289919483125378,-0.0546088860062665,-0.0458670179100588,-0.0234230996833369,-0.0428945334867447,0.00962727265702247,-0.0507004029473789,-0.0710270343037088,-0.0760037599222037,-0.0642244015650767,-0.0235226096258253,-0.0584571575245632,-0.000000000191774889412163,-0.018073377689675,-0.0274805653066323,-0.046290758224179,-0.0244586946604728,-0.0183788531631867,-0.0519899732119471,-0.0316320916321015,-0.0641029677001406,-0.0242061487665224,-0.0418966761285332,-0.035441690762264,-0.00662340649135182,-0.0246219967510243,-0.0136760122736019,-0.0200065982115271,-0.0545124051577975,-0.0305469962131023,-0.0613389227338701,-0.0264259686509716,-0.0413781858102366,-0.0375107316635093,-0.023342813831684,-0.030283970162182,-0.0408962271411879,-0.029147766534462,-0.0469577612215702,-0.0069752165605836,-0.0365862730837477,-0.00896952191115076,0.00751046914986748,-0.0167450092717404,-0.022849195250873
"UI10-00070-Minuette",0.0637423847745821,0.0432606900851385,0.0587039524827084,0.0477399878005471,0.0470798822637523,0.0874172920065076,0.042745750244651,0.0827266794369825,0.0682007125283474,0.0510338295806769,0.0554749796505122,0.0564466849969827,0.107730504891495,0.0383195955551996,0.0696102002714674,0.0516839424100823,0.0546937511464877,0.0808046349239056,0.0515677765911034,0.0495216444222173,0.0546050316404819,0.0499899203882676,0.0472644117910475,0.111815798716745,0.0366671057152315,0.0442447352642664,0.0786582806604883,0.0439019996196097,0.0623393481653468,0.0685580927556887,0.0495003175261313,0.0483934041893287,0.034859626707871,0.0609707036273078,0.0401548711994194,0.043837447235906,0.0411687822430706,0.0572156746149107,0.0454981802941598,0.0728568110629517,0.0652851085635411,0.0335394576175005,0.0786105964368432,0.0739643912735334,0.0523943717334487,0.0687113736642731,0.045935914641342,0.0325346942166563,0.101986772007179,0.0883454244241202,0.113066396852787,0.0454003074610221,0.0426535124096957,0.0385519934959946,0.0847168348491486,0.0464288484375514,0.0675791071023053,0.0419619404612248,0.0563000108066743,0.0567591510027693,0.039938561078616,0.0431824717089874,0.0311076605012427,0.0631058777191116,0.0419886602844695,0.0469063705379844,0.0605333050723123,0.118896271126726,0.0371759153904645,0.0674529667630881,0.0761839772347187,0.0289004641874142,0.00955136267131284,0.059415488962112,0.0621743469523919,0.0659202491133757,0.0360872965410632,0.0628140156193369,0.061902406797919,0.0576927474015945,0.0618398887934815,0.0977786628058797,0.0475344131566082,0.0420399176922584,0.0288360616637096,0.0642629710457865,0.0648793743251486,0.0285831561565318,0.0064515948548112,0.037991284362319,0.0499885591764778,0.0557948323132707,0.0663036391319837,0.0819545319615499,0.0422473907483511,0.0335476927510223,0.0710511100038813,0.0781996084743398,0.0440541148012279,0.0657622442830275
"UI10-00071-Morning-Light",0.0113538463146145,0.0271452110920238,0.0188098749222521,0.0114635705944452,0.00779439751131044,0.0209644373639511,-0.0504630091536197,-0.0314426791451683,0.000143962785332155,-0.000401359494089817,0.00465102704037446,0.005303590408841,0.0130685889438836,0.0312522202082795,-0.0365834922511072,-0.0356314895993684,0.0225701800908676,0.0391968361215955,0.0132881861927102,-0.00924343175625691,0.0140101351825035,0.0238176984169086,0.00678013930032795,0.016463729999079,0.00391461309355961,-0.0240609692859514,0.00414683484214369,-0.035372632116342,-0.0234066391725361,0.00246841471898193,0.019837606384912,0.0250801872367175,0.0193255671334073,0.0707913438530176,-0.0313577906745982,0.0319858552393105,-0.00912459009831628,0.0162100984235323,0.044996136452333,-0.00055369185181628,0.0205552792591282,-0.000452220534696461,0.0345791256585711,0.040679325667003,0.0669446799312935,0.0330425203019468,0.0175483011796643,-0.0561587743268895,0.0425680216785153,0.0665223505511814,-0.0347030651896222,-0.0172848393297488,0.0184322388542939,-0.0140840175113863,0.00936842657236387,0.00492002766358003,0.0266023226211048,0.0309442585136168,0.00401742665041322,0.0532906744245952,0.0508323899120885,0.0481285222418976,0.0343144226655179,0.030643457364057,-0.00356616395054956,-0.0198409546418811,0.019029567202705,0.0239145904889502,-0.042259252631765,0.0308827029821078,0.040523890455024,0.0626247398222186,0.0473164149062004,0.0307737841002206,0.0364039199439691,0.0149683814080881,0.0350804393258004,-0.0166285327078724,0.00782007112015196,0.00356810147810441,0.0287148557200986,-0.0194820903360179,-0.0445615229297068,0.0124327241074731,0.0487924561738577,0.0169251584260197,0.0728201588106587,-0.00164322227826289,0.0220860987880751,0.00209635242824895,-0.00279481481864418,0.0217699317042072,0.0115174646313706,-0.0319481697623423,0.0220324585262558,0.0126727017426209,0.0144732404729142,0.0145779189315558,0.0429751315029057,0.0606226980070909
"UI10-00072-Mt-Washington",-0.234675331108563,-0.213643164913335,-0.000000000283239835081352,-0.204882377234658,-0.316038007127594,-0.21120836362391,-0.000000000551650855107779,-0.220572461079801,-0.18812273621245,-0.205160403581742,-0.208768238572315,-0.252400182423551,-0.27669091482172,-0.197175746280961,-0.227956535971153,-0.264654357702477,-0.239112567844207,-0.28292657388559,-0.221524819500983,-0.20542317407183,-0.191841137340514,-0.223079640156049,-0.371445149529995,-0.266013796716724,-0.241083382757013,-0.249502741205554,-0.265956673462293,-0.186697694504743,-0.213142244927973,-0.218392731618687,-0.246365168388634,-0.14880531126413,-0.157768501569588,-0.221866578718998,-0.25945378512108,-0.294703863631594,-0.275466020793107,-0.140753616058602,-0.220177983178581,-0.219531313863948,-0.230451269055063,-0.123098598565886,-0.281808906283711,-0.241399067407763,-0.175749042705852,-0.239593613811814,-0.228695829579534,-0.240566833631671,-0.314441979701461,-0.220144448843301,-0.205640606968812,-0.268799642599782,-0.190606042281197,-0.159185447853628,-0.202958028707029,-0.215789255524973,-0.31425261396024,-0.27572610437648,-0.143355715098568,-0.214531155856105,-0.186621150140342,-0.192958186160188,-0.308388274239023,-0.250373859422055,-0.292866909333679,-0.200089805073464,-0.229854447930759,-0.000000000455898556137496,-0.237673839147405,-0.285563659434395,-0.260204460207597,-0.0940988694526353,-0.226729356335704,-0.240306713182833,-0.216177435869836,-0.189964239055627,-0.265433239258384,-0.272287579612654,-0.237815087899778,-0.217787458658671,-0.200171460603521,-0.148141548418304,-0.186416677118142,-0.215946702365394,-0.224639518091752,-0.202062535935525,-0.227570551902106,-0.237331923342838,-0.162918860434609,-0.229524848040962,-0.272494279586353,-0.223204971505799,-0.202025695809688,-0.239346989815329,-0.205942100703804,-0.29644459555496,-0.264505392083008,-0.218220205041272,-0.27287435140207,-0.241798916953122
"UI10-00073-Mysterious-Maiden",0.246136146780796,0.167338459816519,0.219366494543102,0.294558957061315,0.177844806256159,0.106485288487669,0.000000000352201214309882,0.278057023645154,0.266397614423983,0.212128293055067,0.266336376218374,0.278777811649061,0.274369291785652,0.197357062752517,0.24038290527305,0.270103699560642,0.273343267915717,0.203801781720392,0.243433653990483,0.221474311692121,0.288650490199016,0.243281937520389,0.15063274477187,0.245381980051034,0.257194707819344,0.272087516963964,0.278559300022455,0.271731382396135,0.128093741363199,0.244335140126138,0.223352326546293,0.155534440289052,0.153086465299599,0.234859899591728,0.290200192674948,0.14738980107369,0.233595994184503,0.288139873833133,0.196494725460126,0.11739373401218,0.212540937583362,0.255930466163122,0.187112107129405,0.200032276086434,0.250410541634591,0.331027740596124,0.195488964943837,0.239308095732454,0.247554837416714,0.205625187616436,0.329440923793832,0.220000478708994,0.228807159147463,0.278512674882137,0.250481523098107,0.156772580662573,0.24679442334444,0.234213428182446,0.248955703036228,0.309635588306145,0.281579192505775,0.22862536767612,0.228674790675459,0.214267275117796,0.252091913699166,0.274065050024094,0.261138369809704,0.204484319205676,0.176192429727271,0.211419034976231,0.182132843279911,0.23797655138582,0.281939046718113,0.320568944436377,0.212862706088174,0.281442829894007,0.267856474510493,0.241944766514623,0.245728835728049,0.273564189637667,0.225299431157297,0.21647099536414,0.29944725883416,0.312632659409163,0.245386240881371,0.242893703504326,0.221611205302085,0.210065692544619,0.229665939381101,0.250811441066921,0.230719904031368,0.238176575965176,0.258349624780053,0.194369761390511,0.25125627938086,0.200399950163383,0.210238432872579,0.194569494528457,0.262183781028049,0.289287836405596
"UI10-00074-Nippon",0.0922382475530017,0.108460452829563,0.0660030779663818,0.0718645960982666,0.0669170364283497,0.0937015695390881,0.093451630209467,0.0811429077560157,0.043662585317751,0.145720257213579,0.0489565576061666,0.0572099165580192,0.0427915400940667,0.109268586279406,0.0625452461387897,0.0425494107125393,0.0503731260196385,0.0759078604858568,0.0633839486149835,0.0510952242660084,0.104156470596173,0.111115753348507,0.0549284080414022,0.113731143230996,0.0925351311971626,0.0507728349150108,0.0381950536468315,0.101849717365642,0.0388725597580104,0.0382736758001366,0.0454338394984355,0.0605156111493356,0.0525526672835549,0.107208686429298,0.132738007875415,0.0324269139644812,0.0878996281038045,0.0410928584820483,0.0767769970556949,0.0685738069838984,0.08516249404278,0.0597040975479494,0.100536163125187,0.0545986143064434,0.070031777514533,0.0563827391612195,0.0701064283621562,0.0705091383164085,0.101470898572691,0.0384466045417301,0.10055067580631,0.102014103618194,0.0699793752203322,0.0742551456675069,0.0716139731555621,0.113970652416502,0.0532349868522777,0.0819324555700281,0.0809598243334328,0.0972798281461637,0.104004313279655,0.0955336329778372,0.0238184976092747,0.0351635296878685,0.0920906229943271,0.0617459564151034,0.0652026125394077,0.0651192072593775,0.0735104001052342,0.122524195929378,0.0623728738209086,0.05419526577649,0.063844112167499,0.0571012191572649,0.0890320135534181,0.00271581619212417,0.0597972491136768,0.062237772824463,0.105605584567424,0.0543923980015011,0.0820173856509336,0.0859041217585672,0.124396557179312,0.077069458564238,0.0510135990032794,0.0814621588719362,0.0783069486342024,0.0987829053552849,0.0463698910447882,0.0825769508898302,0.117205782894927,0.133288544474288,0.0324640690820089,0.0711206422630846,0.0709269144216569,0.0778445527404724,0.00475325111862848,0.0670015516385246,0.0686756649840895,0.0704143666649849
"UI10-00075-November-Sunset",-0.135778607814359,-0.0639467660450068,-0.0913936464077528,-0.131947875556254,0.0149941629347775,-0.1354392772425,-0.0678124701298064,-0.0908874427450549,-0.00988915638133262,-0.108971994411162,-0.106598859731509,-0.0563131021552768,-0.135340199892065,-0.14040122105216,-0.060239298088619,-0.103241151709739,-0.094362687721596,-0.0988444005107255,-0.0699251382951388,-0.0870840486140375,-0.0994312869598856,-0.0906787513486249,-0.105497313571433,-0.125005573261694,-0.113336830856237,-0.0750909886268168,-0.103747859051756,-0.0843531455616576,-0.0776199514334972,-0.104337080565466,0.0149964975746425,-0.107953547395302,-0.132210826601122,-0.0767478176565902,-0.0794669089309178,-0.0659674441786724,-0.0775831621309483,-0.127534721596833,-0.10197974890797,-0.0848364417554929,-0.0902535650240339,-0.104507625768689,-0.113246590340375,-0.0766816399709754,-0.101689955011495,-0.102851106163907,-0.137011712089452,-0.107692708978504,-0.10103351660686,-0.150406655951756,-0.0916083691593807,-0.118501856527458,0.0468614643544281,-0.119105878999231,-0.10368016741212,-0.126604944406603,-0.141434713202698,-0.0970379769864372,-0.0624253694664197,-0.0718596158988958,-0.169159740343586,-0.0794830868318876,-0.0994957484340318,-0.111061069633569,-0.093996397515522,-0.0836705697604425,-0.0732348691881783,-0.098255189479386,-0.0848757046600414,-0.147895432420296,-0.094812537050264,-0.101190875525493,-0.136618322348489,-0.0974441175453491,-0.088206762031026,-0.0829340793802806,-0.0866207891897503,-0.095072042754672,-0.0716772235174728,-0.104432091651726,-0.115558931645232,-0.0597472789717337,-0.10640257422863,-0.0708656400811215,-0.1053530569717,-0.0780216116146955,-0.0851432908552424,-0.143221313234993,-0.0836580825353071,-0.116983049823336,-0.109066440758753,-0.0899840364644781,0.00636219074135574,-0.0625367978890904,-0.145829062531563,-0.0570857837045709,-0.105907614527375,-0.0763545637979203,-0.0956009633703498,-0.104899883255525
"UI10-00078-Puenktchen",0.166575339249448,0.185207122852928,0.142388097429013,0.219726892536709,0.184196207181666,0.230279989823741,0.151508490791749,0.25815439329738,0.226299029296349,0.175612104903724,0.144140391618806,0.107002665708029,0.143399735907714,0.201142344855686,0.165940261999241,0.186261445955255,0.163181611634855,0.151198089914148,0.171143428191279,0.173820160786008,0.245583317339541,0.0032407987057152,0.127860329817936,0.163040643405023,0.133607508670342,0.193760810148557,0.203844137283189,0.140051786044711,0.206068375374111,0.202015778988262,0.164309021236803,0.191385916340823,0.156252025127477,0.142105128932178,0.196040035756562,0.177789734988813,0.222980981955533,-0.0807502578692894,0.158196390597276,0.215866775123597,0.148574617682887,0.21052137815914,0.16185275622622,0.319818436700945,0.230913564783093,0.106658392274308,0.179586951084086,0.183097497651244,0.214495720090639,0.197565668239686,0.168439309150648,0.160627731647742,0.257433902023954,0.162044143473877,0.207390920318879,0.149931862960752,0.127099023506117,-0.0640045544715207,0.15162879727858,0.2867481139278,0.282268449413049,0.204623015316714,0.176175419273488,0.121153573591281,0.162910029471224,0.206345571556812,0.202317704487607,0.210079454202958,0.157571432642482,0.186856446075629,0.164094068782536,0.267604578105376,-0.151279219835375,0.146612874513094,0.187369319578847,0.189249973262853,0.177874273673371,0.15703446803245,0.137518298900885,-0.072768697439937,0.140809966602911,0.173674501026379,0.152574923892834,0.300594301071584,0.174020466058908,-0.0822862846849352,0.212785421492958,-0.0922748843238003,0.109578327074986,0.221209753246004,0.238524234840371,0.186395262409548,0.155767240154935,0.157886731506896,0.137939712283393,0.133705900535178,-0.145610087850051,0.0991001622514554,0.196726243602001,0.180657918395815
"UI10-00079-Rigoletto",-0.150390106057569,-0.186038581692923,-0.121211135560351,-0.164285410171021,-0.129244578869365,-0.135768941869608,-0.14584707372187,-0.124689419888006,-0.135294454187931,-0.0743584067993911,-0.197717509730735,-0.134395825687887,-0.146969588244948,-0.150142596374391,-0.132950418640835,-0.0611107719568661,-0.22428156366503,-0.162913984291232,-0.044855296065687,-0.0591983798601455,-0.164761676104371,-0.137538913896284,-0.135257979581267,-0.124992044237674,-0.171439478863784,-0.123592890343648,-0.140498816084368,-0.139862713943837,-0.141360064643283,-0.161559099184,-0.203697595765544,-0.110713404356307,-0.129834135371384,-0.0550610399229443,-0.141268470824829,-0.241497725396073,-0.139595456313443,-0.149744379823817,-0.145803998900643,-0.0818120167553998,-0.145647193156422,-0.161526019691447,-0.169858317215238,-0.10515018394573,-0.17324601361191,-0.165451222803642,-0.15067795061455,-0.0892008382953519,-0.150192172199149,-0.135077093876674,-0.169544485981577,-0.184918940037299,-0.173930097044247,-0.109542047508026,-0.160316608980687,-0.236603620851726,-0.112780206270053,-0.0936071973097912,-0.214032221683258,-0.173507438256835,-0.167528301178849,0.00316642971786965,-0.153479745485955,-0.0780369861119981,-0.157645724806639,-0.150354799149826,-0.122031089916273,-0.000000000631333433650644,-0.126440596931353,-0.165279565748283,-0.112239500894691,-0.148886080020139,-0.0697097977682528,-0.151220180250227,-0.17226575376028,-0.118615362399849,-0.184692820657617,-0.172334390627576,-0.0385796711756909,-0.139246116952148,-0.164961601262808,-0.198141118467811,-0.159605464251953,-0.198855493564887,-0.113515288409222,-0.118314956886306,-0.145932994875033,-0.143232243436769,-0.141022808233873,-0.126719777214882,-0.226948161076002,-0.241644701553973,-0.210490927557935,-0.132717446464231,-0.136571065138295,-0.143856939893217,-0.174813531185075,-0.0368689519898503,-0.142103488771955,-0.086153638001409
"UI10-00080-Roland",-0.025981492922082,-0.0403735856401634,0.0509472719688364,0.0140649221861712,-0.0191851997660836,0.0406792896210082,-0.0710983217975439,0.0149786958079,0.0203201419190197,0.0585547061325419,-0.00645625201934794,0.0536105937807836,-0.0465423697398672,-0.0145272757222848,0.0265466414874707,-0.0156784205431831,0.0135144605952552,0.0227445327876717,-0.0325417861297756,-0.0289757684565368,-0.0199593132135116,-0.0230353234415365,0.0144132071248502,-0.0515730533004171,-0.0134937575285032,0.00912898260433433,-0.0997779455845732,-0.0255180584517785,0.0173098844879624,0.00539383561755554,0.0297278215894443,-0.000969775289330909,0.0190571920244088,0.0148467892184655,-0.0296008557384731,-0.0279441506605669,-0.02986328262484,0.0490570269290278,0.0207539452073452,0.00690329084037522,-0.0469372277532061,-0.00148243728854689,-0.000375258462670719,-0.0136210392620746,0.0131318073102452,-0.00488082657888944,0.00747968535757913,0.00859324404226377,-0.00399783187589076,0.0576836205897365,-0.0022384882402169,0.0254929576627865,-0.00254439436216134,0.0595422076785631,0.00760827153887358,0.0366205140786292,-0.0775093338177058,0.00806389235544632,0.0225012311841596,0.00175531635884837,0.015391292210167,-0.00305825797308854,0.0158347308216628,0.0331673707978937,0.0100682886424306,0.0691853013739466,0.0114262611607094,-0.000780311384707719,0.0264181696546317,-0.0582817354394949,0.00711048962766273,-0.000639748175436227,0.0244611703534787,-0.0126542496117278,0.017413706727647,0.0101966653636361,0.0182396729270699,0.0630384362509861,0.0812176692845713,0.00417496500015481,-0.00978487583259909,0.0314781153984118,0.0832152284088381,0.125110215293922,0.0578486807877469,-0.0158738996237359,0.0423424444977251,0.0992125523489181,0.0412412779984763,-0.00377624385209823,-0.0356103231721996,-0.0176943096332406,0.0220104090605802,0.02105985033618,-0.0116058356266854,0.0235950895405301,0.0259069464771296,0.014205461257972,0.105598504857044,0.0231109962792876
"UI10-00081-Roter-Pfeil",0.112196772572732,0.123372358054711,-0.0127387755178734,0.156748569995603,0.150224216706364,0.124360337700684,0.182314344468966,0.131700437115605,0.129942376487746,0.138152067178423,0.138943554872617,0.179657519523133,0.106932823138671,0.119680706035776,0.147729551408424,0.09032037688252,0.137487468930215,0.17100797459303,0.114845199476729,-0.0218626110039548,0.123210370754895,0.169039560336077,0.139193822533445,-0.0158179142732139,0.175641544860342,0.134773346468868,0.105703317894486,0.156006995951351,0.150361012736984,0.172093363957049,-0.0599317081306301,0.152030980749963,0.124442063785224,0.147196800089268,0.12425676098531,0.160611470489339,0.00805115032533752,0.119969940101989,0.108186320382663,0.15221284502802,0.134614937124962,0.0983825814192766,0.0351330467562566,0.107952118799776,0.144977996953523,0.143357287680175,0.114126307507854,0.110813111193731,0.127150959399275,0.103611573843349,0.116001676293256,0.186459853010878,0.115684231811896,0.114687019285717,0.187839988883476,0.0503562083848618,0.15117315561678,0.132366869266283,0.117013615971412,0.0861807588991306,0.168859446246225,0.148734724097273,0.109068964799563,0.151859197302097,0.0809310998331839,0.0150458234931245,0.126924478809232,0.000000000560677871550098,0.196594465914432,0.0870682589258897,0.137896506058337,0.151612563048572,0.0875363591862383,0.161566747572397,0.0992393252304312,0.128352557147376,0.0088874571154963,0.128761484964169,0.119540977837484,0.133009046391543,0.120651706348869,0.130594764975608,0.00206953646132201,0.148065812053051,0.117720671131256,0.117810896092103,0.128493587118304,0.136375523437294,0.121188082809475,0.168217874241756,0.121002923329442,0.00216140492788642,0.106817692014958,0.0892694406388058,0.173873930537399,0.231168983265044,0.171866083499458,0.141393192049493,0.135892228326185,0.172099603480513
"UI10-00082-Rotsilber",0.0859981089346858,0.0940718205222773,0.0893577417829404,0.0846764489477868,0.0863832759693236,0.0515646639554488,0.172829222377763,0.116543524068268,0.115445615584428,0.0908683587602324,0.105753807675676,0.0575811545576003,0.092082263060791,0.10122360199928,0.0968912422763389,0.0804366212701036,0.0977365368296586,0.0821193660941836,0.106982963709947,0.0603115562258406,0.0869355708358698,0.11120675465186,0.0804042030719313,0.0644256145242283,0.132175399541516,0.0952460020258909,0.104788218272319,0.106415675396601,0.113171271777092,0.113510552662454,0.0633519721945393,0.0927279447735821,0.130530109355563,0.123328693107689,0.0993868787749026,0.0901781381119896,0.0845077454317782,0.0684358672520733,0.133562368171879,0.0831255826337085,0.0940153461782768,0.0846340042859764,0.0949417063857917,0.0573840513326346,0.125330919956794,0.0831835991166523,0.0892651354911869,0.147719147275853,0.0779439248981143,0.0598876968809496,0.0897194630827025,0.186628270322107,0.0886434485222544,0.157166818019785,0.165471659378351,0.104493167440265,0.0639460744944139,0.0770123567418725,0.087805924421412,0.0898359922250958,0.0892876020902027,0.0848800625383656,0.0696407740223408,0.0518160056562806,0.0782449666063262,0.107374784521016,0.0676766413833596,0.0725599382198387,0.122901817237546,0.0889335826325744,0.120987471063237,0.0745813132940806,0.0823992033441382,0.14148278620994,0.0746289265897204,0.0790290005380551,0.0966404529726063,0.0921518876438811,0.12929195526878,0.112480552197188,0.0787888850252122,0.125924160641267,0.0771789030934176,0.0856124064186876,0.100786293020852,0.069338815688486,0.0924869102556353,0.0768728917070899,0.133940770638421,0.0954472436622464,0.127243110120091,0.0935927473208342,0.10658203218937,0.110708911327605,0.0730007844251451,0.110390352558059,0.0853497271356766,0.0914784062374444,0.0569526591049252,0.0946674622160606
"UI10-00083-Sarabande",-0.230731447375361,-0.170947762293646,-0.000000000473379522365949,-0.201834191907037,-0.181765281369171,-0.106027166568316,-0.200152033191714,-0.206170747755695,-0.257876940079617,-0.189265863909509,-0.22520433219131,-0.190949151949256,-0.183998861403048,-0.0769083374974034,-0.167171616919365,-0.250302150101114,-0.205023737980923,-0.181800601519743,-0.176156346335384,-0.176199540351756,-0.173671303789381,-0.176907516450908,-0.170097100095561,-0.0985455951697538,-0.181318885634834,-0.203600462950628,-0.177151468228934,-0.205975054716104,-0.220564485874527,-0.187246636908276,-0.173613520864993,-0.194708920696385,-0.207076588841636,-0.218770819915709,-0.0999058779893223,-0.156087515716866,-0.123783971359117,-0.183204651445854,-0.20740385730513,-0.203143415011065,-0.181625830740155,-0.189266572793163,-0.202102181471365,-0.171956521971796,-0.0646111519325611,-0.183866438977896,-0.205591208215632,-0.149829334882158,-0.1902819622426,-0.175256900976873,-0.225323184470866,-0.186628072680682,-0.188542038968624,-0.172111306357016,-0.212954622271298,-0.201227873607942,-0.222134746158781,-0.0583596276559605,-0.181675865607322,-0.19128920234287,-0.188164295089766,-0.142924202985532,-0.182770841791806,-0.22445462605647,-0.212174392964002,-0.246863885560266,-0.13784020333717,-0.180445455750761,-0.0745467906087177,-0.216782925803779,-0.188288149109908,-0.22959408047813,-0.17016144069027,-0.203411512722853,-0.11804042466514,-0.189362511005491,-0.276525670317964,-0.193566464474962,-0.214090649141465,-0.170759805887633,-0.0272487805247521,-0.132094799175982,-0.175026422410151,-0.222092511170757,-0.167794307803906,-0.210751533746131,-0.171296040021727,-0.0564042981815782,-0.12331055841019,-0.243490374176768,-0.100118402538367,-0.187899725027741,-0.0448908872658171,-0.105710214912023,-0.19877916030432,-0.146360820727901,-0.21669454861264,-0.161387943733583,-0.219811012375084,-0.166978101387481
"UI10-00084-Silberfeder",-0.234378339096974,-0.240278601706316,-0.212371624976616,-0.241489982505241,-0.297984351574604,-0.247670641684128,-0.297826784960004,-0.185247157159229,-0.247629271756071,-0.203397536822207,-0.185077562329668,-0.220822500380882,-0.2893015194921,-0.143638264214014,-0.246949617461171,-0.256356471219589,-0.203543933921946,-0.313515331751981,-0.271670305261566,-0.25434427761821,-0.266772974316123,-0.239749251899384,-0.315295015492871,-0.261245216798276,-0.219195648994229,-0.197574860733739,-0.27602581527881,-0.151518631875345,-0.327643253045019,-0.291241042196849,-0.192547162210746,-0.275946051806265,-0.282038410092276,-0.266189734224705,-0.274744241369208,-0.234053659621433,-0.232640190060945,-0.303433910574428,-0.282912923076715,-0.296052566154224,-0.281777239477352,-0.268577696239699,-0.290710369883134,-0.28525818703762,-0.207480829763281,-0.156652927676948,-0.240925972309949,-0.217842834415714,-0.267642919897252,-0.2980479450918,-0.276752981419479,-0.259820404441905,-0.271723735392998,-0.210367681492373,-0.241820800954958,-0.213809678624739,-0.285978126922954,-0.302484519173514,-0.198641680524387,-0.267993670187329,-0.210149405069044,-0.263313086841846,-0.273406452426953,-0.207175930962707,-0.265034004972425,-0.231754827817731,-0.255017908514112,-0.291613264549711,-0.262730217499593,-0.200895563956803,-0.278445405881723,-0.249409821845852,-0.235417449944741,-0.284355729061841,-0.366055430874918,-0.245224756054658,-0.170577370158207,-0.26835897562809,-0.287960552513304,-0.227265510046252,-0.278767622759228,-0.247292248884238,-0.192768114997141,-0.185689283104987,-0.273091139181468,-0.264770292555649,-0.263084438117911,-0.268723169880383,-0.132977388199687,-0.286114711446196,-0.218744800238386,-0.226488091963902,-0.190273795806118,-0.306302826912022,-0.178216527172164,-0.2021652450565,-0.154307051779833,-0.281413616620855,-0.289103408304068,-0.246442994841968
"UI10-00085-Silberfeder",-0.0268576147962993,0.027965639433563,0.0139565215367915,-0.00494419760566647,0.028421201994186,0.064837444764752,0.0377617290711424,0.0459558417035932,0.0726995193605634,0.0548674963805978,0.0610161599039214,0.00584348960316534,0.0195348428788082,0.0159548414248686,-0.00605443753024076,-0.000749847300032289,-0.0256689886847971,0.00195781175672484,-0.0150197383084114,-0.118732311542278,-0.0200936247328344,-0.0043752782551308,-0.041304370518588,0.0618774906911008,0.00208252572868572,-0.0157167939087225,0.0964808444706885,0.0529268365114368,0.00347093651721588,-0.00125703304264378,0.0178834432504901,0.00865893474754864,0.0563062430480405,0.00856747774305665,0.0409863772621209,0.0264196905486062,0.094152557755192,0.0488389042883058,-0.0128555386683089,-0.0708969091149523,0.00848980200229541,0.0358113073523604,-0.0823234103407944,0.059199473530089,-0.063006429427803,0.000153469547628217,0.0258798973387745,0.0239731362071663,0.0127834926087284,0.0141990321514783,0.0646374269931932,0.0560439992609154,0.0204496374618011,-0.0375284155039442,0.0222066011482822,-0.0185977019991379,0.0233273995478853,0.0489169722985324,0.046229066918409,0.042029601154531,0.00115030624455104,0.00735572610071358,0.0185833691586667,0.0676517936940825,0.0083314828559342,0.010108483499124,-0.0255408543819168,0.0025603051639501,0.00402278089842645,0.0364017505926,0.0748792610838441,-0.00235692885994741,-0.0856420777729757,-0.121746097448088,0.0345932925368952,-0.0156571402359616,0.0277593071500829,0.0137072859573625,0.00734052211630812,0.0419433790343034,-0.0666249061236489,0.00736591976430417,-0.00758458367017265,0.00745062568790629,-0.0618954759539368,-0.0397219051750821,0.00382283787349461,-0.0378068714569886,0.0574670663597116,0.0226717882081344,0.028754269459439,0.024829397016573,0.0107075099258085,0.00840445942177073,0.0261098012771621,0.060936175591823,0.0587869051965632,0.0656049207056837,-0.0115048120209315,-0.116800172240419
"UI10-00086-Silberfeil",-0.14841537606466,-0.0777238780400334,-0.186076076020269,-0.168518879657991,-0.170813776582368,-0.144063220172995,-0.180042326589614,-0.136760866771668,-0.116722841468127,-0.190343574248326,-0.183163046154292,-0.16130721585261,-0.164699964400919,-0.0863418700856433,-0.153527200421013,-0.15131135482321,-0.201068285547193,-0.235655973698664,0.0181419349925996,-0.122393980312348,-0.180489738455339,-0.12350713057557,-0.182171574450955,-0.181145970006152,-0.160591285340944,-0.161920794489437,-0.141379178061206,-0.118686997780156,-0.254414964355512,-0.0973533182664627,-0.190186143424484,-0.164384199068827,-0.142358911738276,-0.155920875489024,-0.159226989458983,-0.148184540836268,-0.134507495725268,-0.155136578531352,-0.146433362223854,-0.151804299964942,-0.131019784571971,-0.138383074889079,-0.10760761817966,-0.189302492918732,-0.150448424176719,-0.163673608547316,-0.100871125164998,-0.0735394410498132,-0.137906252710836,-0.132443755483189,-0.209688475448806,-0.145066878477765,-0.145759788906712,-0.162279173673779,-0.163253743678098,-0.139933755909633,-0.135846396615958,-0.154621269628557,-0.151493116892841,-0.142939749020256,-0.154651608103342,-0.149583153307205,-0.159424530701636,-0.1477054280325,-0.180107462851153,-0.0456543432618881,-0.133246912451964,-0.150346432911059,-0.161876628616918,-0.153337711782728,-0.178864290791296,-0.12482560605602,-0.147372490520658,-0.179841948451386,-0.261129945139584,-0.147619874587527,-0.155433313409058,-0.160186584215327,-0.210448042245525,-0.168990184257737,-0.102093861098621,-0.140398520155095,-0.156252843889014,-0.112615145946419,-0.144591895546313,-0.131407739437134,-0.0927588614941562,-0.0496445717215978,-0.139284372836524,-0.241353977686607,-0.157561168713599,-0.146234899599685,-0.127641026224355,-0.261898948843711,-0.000000000762197574342457,-0.171649307275879,-0.156001157443897,-0.148251165404222,-0.163872773796055,-0.0752903927732688
"UI10-00087-Silberspinne",-0.032613268846884,-0.0842251571649745,-0.0746749770602766,-0.0430393643001594,-0.024703599886971,-0.0201037032425084,-0.0275766978833677,-0.0378621278422172,-0.0606272349949632,-0.0721037042538633,-0.0957674692169985,-0.0338113008632956,-0.0395771812224501,-0.0449630182934784,-0.0702933845773978,-0.0412927324072641,-0.0345217118203208,-0.13063853888617,-0.0689702587355708,-0.0808318691196726,-0.0660979482945541,-0.143332150539422,-0.0427786181617703,-0.0659907458644974,-0.0745037655835624,-0.071155302440721,-0.098621962453306,-0.0419915269329191,-0.0140205635525663,-0.0977987028240123,-0.0820843441763071,-0.0722032183578666,-0.0219170604220147,-0.0772180035549245,-0.050858693174761,-0.0333819692397901,-0.0692126451275311,-0.0614999939385007,-0.0657063901847062,-0.0670858976559577,-0.0744585286875916,-0.0779246108686162,-0.0670329149599497,-0.0777190441919973,-0.0597582574136766,0.0194087592806264,-0.0861974494369195,-0.0633933077563608,-0.0744308876048299,-0.0946514555479243,-0.0645578507958837,-0.0313547636509119,-0.0520008268459729,-0.0661882166648558,-0.0224163934687617,-0.0308942174644549,-0.0783912367959229,-0.019055774729614,-0.118683872712122,-0.0265230597524233,-0.0742424270404926,-0.0711452549740712,-0.0577707475395464,-0.0295010376252042,-0.0631834932662571,-0.0477296071904707,-0.0637101157752779,-0.000000000222461112571293,-0.0391736077107204,-0.0054032236230035,-0.0761079045179761,-0.0841700195451045,-0.0689334484037372,-0.0772958842307904,-0.0489020886059086,-0.0807209093335279,-0.0672189150665155,-0.060701041777888,-0.0491856539366676,-0.0475655452912612,-0.0419447915149151,-0.0408053490698965,-0.0589292142765712,-0.0539129936293279,-0.0159219045187063,-0.0640327875148413,-0.055692054024979,-0.0806561698731117,-0.0643252415371263,-0.142221137239861,-0.0644643230678905,-0.0640534773906069,-0.0153246787142574,-0.0797724558063232,-0.000000000312095845882825,-0.0583255548224694,-0.0663468429924716,-0.0620656076600657,-0.0780125755030002,-0.0479807794295973
"UI10-00088-Silberturm",0.0808194148061692,0.0592854364342022,0.0847934875809448,0.0637734003869967,0.054131482503029,-0.0760488012755047,0.0140923461760183,0.0839778789679891,0.352435320533526,0.0545592817675057,0.0418885208044054,0.0686067546582664,-0.0902204872411277,0.0693087194918584,0.0827705612159501,-0.0626602484572429,0.066504098196993,0.0531410285756281,0.092443206751778,0.0503553422145826,0.204813959082831,0.0688348531715189,0.0610824703901166,0.0551769757609042,0.0762359271596114,0.0790737733323924,0.0707719980893645,0.080576173033959,0.0781627092497236,-0.0797823182707566,0.0512159788826721,0.0909462402264934,0.0808811786253103,0.0594182127359911,-0.0499700683916969,0.304316567765457,0.0763905877346915,0.0630497127745522,0.0714144335527731,0.0683265937074158,0.0800355164142334,0.323357255847098,0.0838606135670493,0.0614460136501654,-0.064356213046968,0.0762527156132465,0.0968513750486301,0.0581435034277048,0.0678022835021229,0.0606377074657992,0.0540495743784241,0.0399869586491244,0.084511820110382,0.0753247915756355,0.0438803391571859,0.0783402055826731,0.0705172125839968,0.0493254355578856,0.062649783955469,-0.0999474149440452,0.0723310374453928,-0.0764719249975606,0.0700963544512424,0.0667062422086515,0.071005027703856,0.0610053494414895,0.0824254668482914,0.0565939843548345,0.0782205960664883,-0.0936902356641804,0.0645374247028831,0.315565135370797,0.0542229132416753,0.218658039053687,0.0654897916412356,0.0503645884535076,0.391077559828906,0.0660977117334225,0.0583499511415094,-0.0933653802307348,0.317388462474479,0.0616262888448614,0.0807321652345096,0.257918797819717,0.0805717105311414,0.0580260197603657,0.0361058813971769,0.0855100052457361,0.0468762110751618,0.0785596308989613,0.349830938819159,0.0723170948171044,0.0558656844412145,0.0580455104531319,0.326878660221856,0.0740195133607625,0.385740655857107,-0.113226609359011,-0.0822207988606551,0.0571160507547275
"UI10-00089-Sirene",-0.0747162026533034,-0.101379528479271,-0.0145224451807531,-0.125607182542139,-0.0934341720322009,-0.0670030107949797,-0.0778689389427669,-0.0450939378102686,-0.0773408107813026,-0.0888937884594138,-0.0682845155770293,-0.059365820047185,-0.109882628016024,-0.0791960085242456,-0.0625827415149769,-0.0801645742040515,-0.0646436299715008,-0.0931754712264499,-0.0387743710100353,-0.0365240096727374,-0.0806284722942822,-0.0572699418592714,-0.0627879479637601,-0.0323778192816878,-0.134761689499386,-0.0981203460632657,-0.106530889664971,-0.094157592448235,-0.0981978908944448,-0.0575387899350424,-0.0591860951317135,-0.0901430435539428,-0.0583647786886202,-0.0872206098520793,-0.0796100527804534,-0.0871685532187059,-0.00229099979637682,-0.0429507733140506,-0.0994242190801542,-0.125296487792928,-0.103795764534698,-0.0930567052813699,0.0166433345363581,-0.0765738529472844,-0.0658516841324399,-0.096935440516322,-0.0741316164265323,-0.0478821540172754,-0.0738677188047972,-0.122813377550091,-0.076269840642789,-0.0883856381915762,-0.0907550818337873,-0.0963928329211128,-0.0801219652485348,-0.0626045221537765,-0.0702523239921877,-0.100742981806667,-0.0920717853642219,-0.0682405607806024,-0.0968380254059577,-0.0756424401852255,-0.0984011331523339,-0.0811043271924095,-0.08761526835375,0.00427933376992884,-0.0811093352371516,-0.0715284416175825,-0.105829580272863,-0.0909007288187605,-0.0459325666289413,-0.0860064097713139,-0.128186242626225,-0.126652229500279,-0.0564767231565955,-0.121052907990729,-0.00628455731734878,-0.0873644109309909,-0.0538137561188635,-0.0654310863217034,-0.0902257830448077,-0.109757720316249,-0.015345506555988,-0.107990956265511,-0.0583113482751645,-0.111083544494978,-0.0662112930473702,-0.0698319992740759,-0.0727192207076885,-0.113269842827999,-0.0577582135745095,-0.00763635796345677,-0.140842310337219,0.0482405246103192,-0.0813678065031897,-0.110561654476701,-0.0580198919769214,-0.118827802807122,-0.105036613112279,-0.096961427498614
"UI10-00090-Stardust",0.0514718855313284,0.0289913269834607,0.0210253902524246,0.111367018991866,-0.0168719913558765,0.0300374039191116,0.0238366656039352,0.0137255070763824,0.0273110418687425,-0.0054867042170831,-0.014746131451328,0.0417891179927348,0.0105985943400475,-0.0123083560641538,-0.0229292241927103,-0.000404085806574899,-0.0785341589510647,0.0130800429807588,-0.0136903965876293,0.0183961168318648,0.0515249690570254,-0.0197698449474128,-0.00709657982528654,0.00534890847608739,0.0450046504090931,0.0119275458053135,0.0302708334894375,0.00971882513963753,0.0252383839865547,0.0429331875219573,0.0379340900043196,0.0157065383069074,0.0349720883740369,0.012479511025834,0.0316045020112577,0.0384444966372546,0.0091881136838694,0.00285990077011249,-0.0271194722485352,0.0205641975622372,0.0290114798157361,0.0048582677340562,0.026125766680774,0.0714050734874332,-0.053565271668354,-0.0815366177569705,-0.047668412486514,-0.0622602023598812,0.0573185820195063,0.00942107090426623,0.0334781504000234,-0.00146188702728494,0.00227053903172458,0.0337389490153255,0.0160082976344346,0.0250879900835126,0.0199963535656175,0.030834267545459,0.0752773642395271,0.00634368482136901,-0.00558684497703904,0.0281296511686261,0.00360629202304047,-0.0327234048851974,0.00501532192014022,0.021940915575264,0.0163493838324394,-0.0270103156171949,0.0294530776116618,0.0185014442241191,-0.00524357045090561,0.0552146455886827,-0.0144353916900749,0.00141281651112106,0.00194982792457375,0.0334116904140663,0.0408564855109744,-0.065503654310273,0.0092939948222582,-0.0171313523493521,-0.0735093203549408,-0.0142457296984784,-0.00877493738661899,-0.0028635393710128,-0.0048778494864438,0.0276695650363661,0.0766545984389009,0.0661415700295737,0.0337499979320739,0.0453195986984773,0.0323830801975997,0.0657535399405219,0.0157448254069208,0.036734476119811,0.0103300551344216,-0.038674458505775,0.022410206206932,-0.022364206790968,-0.000296221825407859,0.0436761238060225
"UI10-00092-Strictus",0.0139358219945962,-0.0238082209867543,0.0247380046290966,-0.00417864080346979,0.0477020942698735,0.0429522943836193,0.030039141773532,0.00846198361716138,0.0273320296325329,-0.0145909850338523,-0.0000622919511505601,0.00569451398642259,-0.0148860000352974,0.00539195370387152,-0.00081877793048056,0.0674800526104533,0.0168150277312562,-0.0302478788006246,0.168598890474814,0.131139939493512,0.015620675415573,-0.0165773786700793,0.0122902706093268,0.0114390834677726,0.032078522408542,0.0174176850941183,0.0150040520119916,0.00474010591633193,0.00919922178093099,0.117435954446577,0.0267551026888323,0.00909887770364957,0.0386362661666837,0.00864452825009904,-0.055690697521123,-0.00603013421860797,0.0228606475873127,0.00852533540970805,0.00496025119005668,-0.0459115299747714,0.0159658224157952,0.0846458531381828,0.0476504016833558,0.0344277019239895,0.0234894058511575,0.0129526529765281,0.00671836007614808,0.0327629171433479,0.0790590992819331,-0.00200501443945342,0.0392852429759717,-0.0219325885920278,0.00930963132640788,-0.0216229845617372,0.0068868667959586,-0.00792734989294563,0.0224671823639851,-0.0677614473639067,0.129311588583496,0.029955425170005,-0.0167668773568643,-0.0297331854808776,-0.0212142054720949,0.0896145329793617,-0.0710634517876796,-0.026961949597204,-0.00187702387309828,-0.000000000159496890634335,-0.0494291752334046,-0.0156487129483263,0.00966620450037721,0.00782283849579556,0.0527521400379359,-0.0421533481509452,-0.0097777239731888,-0.0022999953995725,0.0175199850511301,-0.00508917103784757,-0.0342116414267548,0.0829331731844021,0.00947178909334604,0.131725234966899,-0.0532688627783907,0.0376200696418458,-0.0354081264241326,-0.0517746548366925,0.0232016703770865,0.0109594874490083,0.131276813368383,0.0290211016473094,0.0306841251567483,-0.00430825343733948,-0.00165358230018482,0.0265713880015239,0.0371433230124004,-0.00967391664718827,0.0470204029457234,-0.0109496711905713,0.0314610517191266,0.00923334901840625
"UI10-00094-Super-Stripe",-0.0363618497172176,-0.0770978855937352,-0.102049250622517,-0.0708145779544712,-0.0708144193675746,-0.0757138783007822,-0.0717119136797795,-0.0751735593334524,-0.0463977717404407,-0.127161699141306,-0.107878975304159,-0.0781974245127558,-0.149426635986375,-0.0842126428086614,-0.0856444554710196,-0.0893263597440117,-0.0609936231436399,-0.0437544269729462,-0.0849977828961663,-0.107435790035274,-0.0704366844069413,-0.0795898242473163,-0.082074163946702,-0.0546641961340998,-0.0650723547543514,-0.0936739877228023,-0.0685215199528,-0.0590947350045362,-0.0923245749505308,-0.0701133682002033,-0.0472262006182704,-0.0786672453869335,-0.0968987723471288,-0.08704290705039,-0.126085943131113,-0.115466368178167,-0.0837103961603183,-0.0523388900217472,-0.0763319548202816,-0.0879700836693094,-0.0960398689405026,-0.0511082289587297,-0.0525011348286385,-0.103094825313013,-0.0747829017719926,-0.0852696346262524,-0.0879130351724153,-0.120036569382191,-0.110706163932968,-0.0718672615387137,-0.0694824020458009,-0.111021438770237,-0.0828163547389244,-0.0596318650291206,-0.0973735104201568,-0.0908662483580246,-0.0719161401851874,-0.112716922481325,-0.154343062280389,-0.067148942696855,-0.0910646541874761,-0.0604618009714413,-0.0546670928413181,-0.129931851482698,-0.0886017490997742,-0.0645284979139765,-0.0839445514916878,-0.0792411468224227,-0.11261878484455,-0.0717938323887393,-0.0821011394900109,-0.10160993430695,-0.115133054271447,-0.065713258865338,-0.0675686311896654,-0.0811504877203532,-0.0545236863200558,-0.058705556550962,-0.072042832887355,-0.0949558763846817,-0.0659189996039268,-0.0763351818869356,-0.105289112364895,-0.0433218843660147,-0.126064476970871,-0.09118460536237,-0.065280198477855,-0.129359753167013,-0.0961766073330016,-0.0899503798139942,-0.098849263089879,-0.0679373584541482,-0.0964997188421975,-0.0549949599548224,-0.0697279559697169,-0.153862708505381,-0.0993322067842465,-0.0467215721858615,-0.086971264238621,-0.0834484812222941
"UI10-00096-Undine",0.0198594854867437,0.000663331218198074,0.0150661325653171,0.0242028365679523,0.0456062159956636,0.0430015096558299,-0.00183593730064616,0.0473388745399254,0.0138308427929741,0.0337733654204707,0.0597640040123803,0.0866598981839845,0.0300170502076893,0.0111932763384895,0.00739793283320773,0.00531020832954982,0.0220684183184542,0.0648836461506671,0.0578389087784292,0.0217843295460459,0.0476683636832012,0.00828229823944777,0.0412630231897312,0.0874166200205316,0.0766170520964116,0.0716366035785964,0.019772500413094,0.0644910901615957,0.0486378574575323,0.0144637017358061,0.0225842169916075,0.0599936017946953,0.0385756365971911,-0.0216888030601584,-0.0110035818692071,0.0150378006308032,0.0077377052975609,0.0495754161424399,0.0255267136859216,0.0371752806871215,0.0222695118320732,0.0238039744162994,0.0374562847760176,0.00632944575313538,0.016533847354671,-0.0056033423220695,0.0101236255004229,0.021173227101197,0.0454317733018684,0.00405032736112682,0.0354266663198179,0.0155766666827246,0.00946358048324114,0.0100885986329262,0.0100300551548634,0.0219201918190485,-0.0122560060143738,0.0454142941720428,0.00523788806789493,-0.0124203409577273,0.0200245975721265,0.0398303658036835,0.0204350852928478,0.044720504286701,0.069594757572042,-0.0230466896771084,-0.00427627102623643,0.0453103088431061,0.0347662084357119,0.00684933434273482,0.039033996888737,-0.0299446545069027,0.0329717919944684,0.0350532124512726,0.0759742497783159,-0.0423602053628313,0.0626218447938331,0.0550244722532333,0.0431296143293545,0.0106938662236492,0.0533200258893739,0.0204566643962366,0.0084588626560001,0.0374147346982798,0.0212971777317839,-0.00497812083224132,0.00568410529902704,0.0162041554962536,0.0336255498105203,0.0419552845311272,0.0299189458834893,0.0104512706946867,0.0316531451571323,0.0232299134076639,0.0788892108397305,0.036018837627117,0.0240484374757934,0.0685521442076735,0.0619363390584402,0.0237057053387921
"UI10-00097-Variegatus",-0.205833232057474,-0.181988133374917,-0.181341366618675,-0.184498909554981,-0.148582941258682,-0.166422861803371,-0.185208207391222,-0.192429787917788,-0.147124646319909,-0.205845425475014,-0.188576410464531,-0.208477090201796,-0.18849777726789,-0.174900218419233,-0.211467819433883,-0.0592513205791135,-0.185414080258617,-0.163114488806922,-0.273591828490571,-0.187909865650103,-0.152069368424355,-0.194967142293786,-0.163825382690034,-0.144094637081275,-0.181134607540143,-0.103374207857768,-0.138182505303231,-0.166105279451263,-0.203375145676804,-0.165381317180752,-0.203042923671757,-0.281355563354598,-0.177949447987889,-0.186653789953285,-0.189028926198374,-0.193061943305521,-0.185038517390219,-0.0908673215719673,-0.180986131306091,-0.167820861121076,-0.165296273297885,-0.210509940645541,-0.0959391758328884,-0.121089013567243,-0.216024037133828,-0.135549827121058,-0.203058510679887,-0.186277317683159,-0.191577411072199,-0.312948734254879,-0.277105874198276,-0.175296528309828,-0.184440445866456,-0.168934599426899,-0.173111527818029,-0.143420834194471,-0.145768606925136,-0.174463090624079,-0.225046314703918,-0.204495910931349,-0.170777747142786,0.00243359688820647,-0.146322257049319,-0.183461531322276,-0.0908874211536979,-0.177819247070496,-0.197621579045018,-0.298667915029178,-0.171322273283575,-0.15651554005165,-0.103926775082221,-0.174106357700094,-0.165485151510895,-0.138861376827798,-0.146657953012131,-0.154924326812759,-0.163485914584342,-0.221416976585878,-0.202239366605047,-0.132413506585072,-0.109353670376529,-0.201865946460552,-0.212666577094827,-0.134869657625472,-0.0858656521333897,-0.106370973152278,-0.178889090966346,-0.200375566925532,-0.211850872788938,-0.0631724397174545,-0.164468110027717,-0.205250972336768,-0.182823338161909,-0.18731009764348,-0.182974778951396,-0.191937302177581,-0.203010461553037,-0.139659591613341,-0.172459627869946,-0.0769103728077915
"UI10-00099-Wetterfahne",0.153228887397091,0.159461914594024,0.156632344062514,0.131655226731868,0.189421756334293,0.161289805778196,0.155529434872251,0.14054987156852,0.165312948443263,0.199023932469455,0.167734269491404,0.162996921991602,0.123968300329706,0.222259166609685,0.196847451140614,0.165747304160708,0.18690647815881,0.185258813000143,0.212867256307673,0.170451453306682,0.262418264937736,0.194771653481455,0.202520727826996,0.177997061552208,0.195381062695505,0.147084520557381,0.207020923925142,0.158530680732965,0.235793617673586,0.185968914546383,0.226269084170391,0.149628907075743,0.194452043403277,0.138630088537407,0.17297440884826,0.167925660851919,0.213288955955811,0.15874638491798,0.20455571368942,0.170410757962842,0.0955061804099181,0.18990315196168,0.257480716076186,0.19962540427545,0.151201714992778,0.105781660611754,0.21025201572612,0.161517249487339,0.173722861106004,0.130266356774733,0.182961497627478,0.191806814306539,0.144982865856889,0.213620249319439,0.112112398093744,0.174081126387094,0.171888839329191,0.118561538733517,0.165496211620969,0.12186883582705,0.18206239248903,0.217597773746177,0.206375266356519,0.234445009097961,0.192919157875855,0.117930470235084,0.196567088650225,0.107439899171724,0.201123059789139,0.201831699492441,0.19421542652965,0.0716773483939983,0.0498862374680167,0.205978938811514,0.196129298387979,0.14898517644868,0.200391387771954,0.16505051402694,0.195630359254185,0.123044903306085,0.159411723079257,0.209236046893011,0.108621393272106,0.22975019624688,0.180020409720882,0.163447229679731,0.177079775455641,0.17173359707157,0.161227571433455,0.226620822597268,0.161238751127498,0.141233281974094,0.176541066249816,0.249433954352726,0.000000000324290650635863,0.14823104579343,0.191092666129403,0.165677449592125,0.15307165435569,0.213439757637963
"UI10-00101-Yaku-Jima-Dwarf",-0.520228170218586,-0.393292440576833,-0.00000000077619629192588,-0.511401474025002,-0.436362069890543,-0.506583297164823,-0.546890096781207,-0.448112161806227,-0.569572295071802,-0.493297433716786,-0.464811573826434,-0.340965791337489,-0.492390544569809,-0.408592319492244,-0.548429798316535,-0.389584001678142,-0.384969434863389,-0.4373344727655,-0.397037675057782,-0.305773925202905,-0.533813437331355,-0.433470962055666,-0.504963350166985,-0.388139231608651,-0.285222460857321,-0.386841153592985,-0.424352773578842,-0.434558291298313,-0.549650684416427,-0.51971619303629,-0.520809014890618,-0.34419361952027,-0.47386053974821,-0.541263943665365,-0.421690689947597,-0.337771429374641,-0.426571078322278,-0.494169394168308,-0.327806147367184,-0.349106636434279,-0.40327082204431,-0.240882742453319,-0.516831858244432,-0.395966537048548,-0.299481524101568,-0.362013558932839,-0.379696174427918,-0.435391973602011,-0.504032811627716,-0.503720697720311,-0.493464547845347,-0.564379385385323,-0.461587340521694,-0.48336334209022,-0.351020920336265,-0.416004892893757,-0.431777524187873,-0.508291552030285,-0.555817113286191,-0.549987500042309,-0.45308538932367,-0.579888957527516,-0.404254817358296,-0.447121377502112,-0.410084502785683,-0.417687509640383,-0.456874560262485,-0.559167379742053,-0.487617513033173,-0.55110741522683,-0.473216038150195,-0.526440655974841,-0.456090901952117,-0.438487883887962,-0.570945937840307,-0.310195588794306,-0.477376996246623,-0.408898573420309,-0.439915907741732,-0.53733930655734,-0.430703309431271,-0.394954882209839,-0.460544443230072,-0.390319640322051,-0.477280938045355,-0.357764897299094,-0.434493378784322,-0.396456579512159,-0.424198362159786,-0.228215842008256,-0.455426537267682,-0.442909811984882,-0.487428323337115,-0.395492441217044,-0.457076773320863,-0.497903728617046,-0.312984832425925,-0.509725481509594,-0.355883946357862,-0.490668003795826
"UI10-00102-Zebrinus",0.0716464463300599,0.021670139283708,0.0791128572465238,0.0607033644812178,0.0288054411512046,0.0385188847820642,0.05448988824816,0.0314621274951086,0.0263257694181172,0.0382847151481313,0.0334003972330538,0.0359634875786673,-0.0390151733615575,0.0589099922046588,0.0431954526477938,0.0671282289658912,0.0438549977284214,0.00493394560712492,-0.00737348946026495,0.0754305111467898,0.0333620597354144,-0.0321460296372803,0.0429861404208505,0.0250896611150661,0.0652173327942348,0.0505576068013542,0.0138281288580506,0.0813150083929762,0.0244216818504369,0.0646093923903255,0.0550679999173226,0.0406160027541811,0.0271284673960985,-0.00189056163653589,0.00370228241967476,0.0368974682827746,0.0125688411104873,0.0694053971398253,-0.0439451798618016,0.0514047465463944,0.0619223291958449,0.0119294686424478,0.0324494372574632,0.0755894741683304,-0.026208375799428,0.0700613969630615,0.00544433504143747,-0.0080231103007228,0.0663007308682926,0.0653498215118956,0.0372960246616314,0.0426097831513617,0.123219076254995,0.0433031019705438,0.0422317952235383,0.0237766671183886,0.0778299650456114,0.0701421489599007,0.0315328031211323,0.0676426091920978,0.07687998578584,0.0306654834822293,-0.0196161990961198,0.0536092913972959,0.0694113774970014,0.0559095181599034,0.0426346955843171,0.0497347937931895,-0.0145107138459011,0.0294933284555672,0.0438303233068772,0.0129192434854573,0.0147594064205801,0.090848109158001,0.0300411945583624,0.0138434501044181,0.0086045571567624,-0.014795541828604,0.0113922382583383,0.0353188487046108,0.108451772953003,-0.0000853712878113085,0.0902796371718204,0.0557116245369976,0.0132755493375194,0.0592551362493639,0.0472067132255671,-0.0124078393115231,0.0745876207750834,0.0458886150038353,0.0731327912462905,0.0222023497388444,0.0506154401542861,0.101317002452194,0.106496431795314,0.0918248686641676,0.0666265494951863,0.0424337371737811,0.0479759603746693,0.050339763348557
"UI10-00104-Zwergzebra",0.0622732914957576,0.0398111894547859,0.00000000021084141321259,0.0590911595580492,0.033602878034442,0.0420270045133606,0.0436461555425177,0.0215417389818467,0.0439405730107764,0.0909190992466004,0.0572434619472756,0.0788541370452685,0.0385999850503029,0.0531901324300065,0.0501007297252627,0.0161440907447132,0.0265276783364122,0.0554826727638407,-0.00682551630150176,0.0650494513929365,0.0684183021799126,0.0479403550512038,0.05488449424682,0.036864269736137,0.0485170748721645,0.0201136885014226,0.0515763018329043,0.0376388457272722,0.049938799549489,0.0423765677296089,0.0671020469163354,0.0417492343242592,0.0283042389937615,0.0550906593997375,0.0663295649036507,0.0120587173577141,-0.00615771519875241,0.072028310211355,0.0490609775137649,0.0560439153144765,0.0500700636354848,0.0779530331119264,0.0535620261255517,0.0543789115445989,0.0514683217935618,0.0570044692243667,0.0350280492612787,0.0490670189973286,0.0430627695997255,0.0591835930352532,0.0685600401819137,0.0619140745872245,0.0450973029580293,0.0447446532934407,0.0518333214109691,0.0680078426589179,0.0824632869118588,0.0535493671628373,0.041871377423767,0.0483006626338281,0.0480995284942428,0.0462907761941444,0.0336045160183778,0.0656164917808685,0.0637679602471855,0.0359789256316379,0.0597889735604427,0.0670325456011584,0.0607993062578979,0.0493320892293077,0.05977489730559,0.0408026701163046,0.0649006394845599,0.0142992540013662,0.0543527428469036,0.046232698609283,0.0547314152283111,0.0397909961731165,0.021925560230513,0.0663800323351214,0.0433360128764612,0.0640790943166477,0.0268104730126933,0.0503568844916546,0.0111267680644237,0.0176720939832533,0.0401652349972066,0.0464242296309901,0.0720699576363874,0.0528712861779624,0.0482542048025686,0.0408839314940231,0.0263691014671396,0.0115198404255041,0.0475878498934508,0.0554066842633811,-0.00254204939044801,0.0540645212380522,0.0463659990520097,0.0480111805758865
"UI10-00106-transmorrisonensis",0.0891572123285979,0.0933442771258276,0.0867386830694198,0.0899565098606845,0.0716588800381387,0.0557726742078597,0.112592811261758,0.0983953888525806,0.098759006790362,0.0658620652957699,0.0867927891261965,0.107153954608776,0.0880094266314959,0.0837797232004389,0.0165693347132514,0.129872545246426,0.0928871588351212,0.0563795865867164,0.0568498901171243,0.103444365707992,0.0807380375212434,0.0856612968323673,0.0914322926207121,0.0707661640784412,0.067523194472409,0.0724032907122818,0.0760171192642941,0.0792924645698322,0.0439054076077479,0.0663616994357765,0.108792491705676,0.0873681374688876,0.062782022114184,0.100990762768006,0.0696397558409751,0.103137995773824,0.051167919638616,0.0946013206667593,0.122075756847432,0.0621586625161689,0.0975658495004881,0.0582790966950677,0.0647866657242415,0.056062132990826,0.107993749610017,0.0967001649491289,0.0643729292190818,0.070554531350664,0.0807117159678594,0.0445885561120271,0.0804399681734922,0.065917848647902,0.0941745644227851,0.089931080695202,0.0925426095846641,0.0885112086132862,0.105470595253064,0.111736661030555,0.0934429338369071,0.0680357153573372,0.0903692677481823,0.0386830729082652,0.0474457246210158,0.0835548106414626,0.0921206629892738,0.105284352359355,0.0585821405165054,0.0993346769282624,0.0968246586862209,0.0927493655943511,0.0503385705515173,0.0668383925426804,0.0903687400033849,0.0648129183512113,0.0564047563394086,0.086806224910648,0.0664922229225619,0.0724471569777114,0.0854088418958523,0.0806715925876319,0.082306512167077,0.0654916041994932,0.0765646235774981,0.0573821577134276,0.0560145249170836,0.0358604077197884,0.0838775309119276,0.0652438426382957,0.093501738303145,0.0850400538536649,0.0805899824746315,0.0939319898919435,0.0715976156815306,0.101075402677996,0.106176979995937,0.0457792230891242,0.0461144377137035,0.1051329127997,0.0743035460348699,0.086841809077031
"UI11-00009-Positano",0.067251916690857,0.0885539402424601,0.200140073091646,0.0774952381937068,0.0870716239744638,0.0399677814638851,0.000000000125591270383053,0.120595176280205,0.117262595840285,0.110008035925592,0.0558952163253751,0.115428180514602,0.096992271693797,0.0898222058266741,0.0872339000991714,0.0474020106284321,0.12796434563739,0.0452561340064639,0.0982030258997743,0.0942051252291157,0.0841259216905211,0.0959519609092788,0.0643281918760712,0.0511473808730603,0.110993055048073,0.0993409025600436,0.0978511981146285,0.125615498476767,0.0829696627826066,0.127806384134275,0.091501146524995,0.0950097356608989,0.0969169995840588,0.139480314373435,0.0600178867549142,0.0815792847859221,0.0948010880107961,0.210606514981899,0.112905644398064,0.103795776993824,0.0422746847359353,0.068253830846939,0.0625864579055808,0.0932426310932458,0.108791995273214,0.0871368352701807,0.0474639658972781,0.0910203103627953,0.0898095435489794,0.180203720231372,-0.0578437473282387,0.0751368252222697,0.0572144210174573,0.0726363856889844,0.0718557629220732,0.00194067773866285,0.0797401416526655,0.0328834041483876,0.198470970730764,0.0667286879916322,0.121258174238041,0.0824003147326863,0.159626503440619,0.169905571119993,0.0669785093954365,0.0667696597143125,0.188826510575306,0.0963950579185822,0.114917140843366,0.0933395035339705,0.0977544399189145,0.0621810640176709,0.0833440998275256,0.0226156588117527,0.128266438744461,0.114399007074339,0.0236209825046889,0.0847882406393293,0.123779134151632,0.0916736628506575,-0.0125130375640915,0.0575250830810392,0.0781183832160322,0.0692491181987406,-0.0108399724696728,0.0835603028071428,0.0670290197494445,0.0763446510682552,0.0810913103601253,0.0541960316800162,-0.00711309359685887,0.102393983865922,0.136701043467284,0.0443165678002566,0.0608340026386543,0.0565116914522744,-0.000742846503977622,0.00140039043491045,0.0464573530034589,0.080947782183526
"UI11-00024-Flamingo",0.00482549100823996,-0.0360301685116477,-0.00203866035327687,-0.0301205747989269,-0.00758853522999601,-0.0421992021314741,-0.0727469936806761,0.0276346218602699,-0.010180829560667,-0.0262563083891893,-0.0178892097125759,-0.0374253151833956,0.028922160864095,-0.00917358270896446,-0.0837798715736741,-0.0138445929515411,-0.0131589846253245,-0.0204246857814018,-0.0403626091210973,-0.0326457936377718,-0.0088552187472332,-0.0164891409387517,-0.0232636426714873,-0.0548255446112275,-0.00657873181624118,0.0177253880830722,-0.0822626686271198,-0.0113837631979114,-0.0230051456810969,-0.0134435773299319,-0.0381798655103856,-0.0121722557067183,0.0130552938625799,0.00929422505586517,-0.0207391944464413,-0.0272432888458552,-0.0150779126027953,-0.0314231464431201,0.00596983279429668,-0.00102301357148387,-0.0804378041265076,0.0151864975298222,-0.00242178188807792,-0.00402158802263748,0.0133751473456809,-0.0220304562746938,-0.00327420155328818,-0.0263839336870117,-0.00685000112728722,-0.00410058502314691,-0.0391117680495861,0.0221552850151543,-0.00532941203293427,-0.0183818526328463,-0.0199747278414487,-0.052982384934108,-0.0619697114526009,-0.0393872306537103,-0.0391773110086417,-0.0238250249224886,0.00484323119168189,0.00635175353984739,-0.0318341233099776,-0.0226547269907559,-0.0426971439205517,-0.00698915050313293,-0.0387058669425389,-0.00543743875216219,-0.00577984135324284,0.0312640556756548,0.0147877474293109,-0.00594803621944535,-0.0144072700722807,0.02928498454085,-0.0239483848688581,-0.0146151733701503,-0.00147165649795493,-0.00045429128636599,0.0321813607176461,-0.0036368367883354,0.0220857076047856,-0.038055667630167,0.0408890345273269,-0.0557634730788262,-0.017414746600726,-0.0102705088285411,-0.0164847827648435,-0.0149233110151981,-0.0266228633197268,-0.0404475571046429,-0.0254916651810794,-0.0170263074172157,-0.00084579340454778,-0.0156351147015295,-0.022190664541251,-0.0340948839388778,0.00984784598729496,-0.0328428622182316,0.0117536934324284,-0.0111553668273026
"UI12-00001-Zwergelefant",0.124286524836697,0.107281893664867,0.110477082836302,0.111826852328873,0.12607247719092,0.111285458461347,0.112865233917218,0.131093620572555,0.0961139618806248,0.10354913285675,0.0886775807794051,0.0999825561653632,0.103095330749663,0.116956357322005,0.126271551439409,0.115776724925521,0.0824396518936171,0.0919548094302733,0.124987297231558,0.136976029175648,0.107432413742612,0.0938710493334156,0.100282492477531,0.11528775609116,0.102318735079533,0.122053167238024,0.0667527671375349,0.114127291825434,0.11447294685474,0.0964812625645457,0.101186579814509,0.0686936351150919,0.06756742913568,0.120096035589883,0.0776618849813252,0.112764019929547,0.0320208083410789,0.0915052798091865,0.0962834814212962,0.124102178918997,0.102904230922102,0.103472936258866,0.0134409096348203,0.0692720773666426,0.0996086230348475,0.0868522597360275,0.119496081277172,0.0943023161942397,0.111764044304348,0.106923963670004,0.11337536961584,0.121611475800692,0.114042847381791,0.101884415554758,0.133298794478067,0.0708778375746797,0.114490285354394,0.126577492785414,0.131342297575765,0.107755864548563,0.0245468266210428,0.0523842748154651,0.132370676253529,0.0978269136718962,0.0776817461701064,0.0729168386948155,0.113351245409941,0.108353272696366,0.0981456946988971,0.146661247040379,0.098660360626133,0.0798080593769376,0.0311991654785629,0.108855802846761,0.107620841557671,0.10668924959353,0.112245675016609,0.0853740255693335,0.081950831556521,0.120040844665638,0.10047112238787,0.123273654999615,0.117582747054431,0.0989094352812044,0.116512252711382,0.118099578626157,0.0921248537232984,0.0907506589073678,0.0948221545569318,0.108119759118994,0.0609240004239505,0.126940105465735,0.107761508038345,0.117524025275663,0.095953074231078,0.105348335012518,0.114589284293586,0.100267135011919,0.116115096162452,0.101713670138034
"UI12-00002-Malepartus",-0.0225658234303206,-0.0584474037090171,-0.0514583120553218,-0.0313932615020001,-0.00834157921718335,-0.060742689932638,-0.0723345344120179,-0.027811672189199,-0.0740840960412456,-0.0223941019936948,-0.041796303896073,-0.0516205984131154,-0.0391353466181188,-0.0395464341708849,-0.0402251156989006,-0.0724309217486356,-0.00967867526772983,-0.0291054205477697,-0.0304869665191512,-0.0782698588161158,-0.0618323213355183,-0.0622051164320966,-0.0535239725421683,-0.058465836518744,-0.0110107486042177,-0.020399184682939,-0.077146075716389,-0.0533683279590806,-0.0868730950944104,-0.0791005949801057,-0.0704147345303404,-0.0449011379191665,-0.0816577835198768,-0.0364039338244578,-0.0932875635046552,-0.0600104158141667,-0.0116544273546785,-0.0626837738785562,-0.0391444332800849,-0.0505440496343944,-0.0562817507242509,-0.0416139624962796,-0.0448018566831531,-0.02146749742012,-0.0414132834032094,-0.0452225568619985,-0.0428164762882166,-0.0511022337877332,-0.00113528537640681,-0.0115112242971254,-0.0749138096453349,-0.0383742236120715,-0.0534472164498084,-0.0555497721763815,-0.0209293149316173,-0.00804925450472069,-0.0334143924456308,-0.0285469182036535,-0.0574967646926595,-0.0154350255160282,-0.0476062430384535,-0.0183663296917905,-0.0679450603132702,-0.0456857967954296,-0.078143956533762,-0.0307845622882099,-0.0131816961048326,-0.0282620102162691,-0.0607327119836296,-0.0696797691437007,-0.00601470578251164,-0.0219125019571134,-0.0751342487255057,-0.043470598218964,-0.0449515772204164,-0.0363528768004448,-0.0335642510903771,-0.0262793288779994,-0.0203977249507477,-0.0387157168535863,-0.0862941150581537,-0.0571054443491877,-0.0197244256599297,-0.0773408894509543,-0.0226083175479332,0.00212836046580354,-0.0561327020536685,-0.0422504929245326,-0.0836979904315119,-0.00572512205702105,-0.0312778482561019,-0.087759008757991,-0.00236702855816727,-0.0079016939703738,0.00164894333089542,-0.0340075281649359,-0.0523884911727779,-0.0661407319418616,0.0161666706814106,-0.0799375147530567
