"","predValues","predValues","predValues","predValues","predValues","predValues","predValues","predValues","predValues","predValues","predValues","predValues","predValues","predValues","predValues","predValues","predValues","predValues","predValues","predValues","predValues","predValues","predValues","predValues","predValues","predValues","predValues","predValues","predValues","predValues","predValues","predValues","predValues","predValues","predValues","predValues","predValues","predValues","predValues","predValues","predValues","predValues","predValues","predValues","predValues","predValues","predValues","predValues","predValues","predValues","predValues","predValues","predValues","predValues","predValues","predValues","predValues","predValues","predValues","predValues","predValues","predValues","predValues","predValues","predValues","predValues","predValues","predValues","predValues","predValues","predValues","predValues","predValues","predValues","predValues","predValues","predValues","predValues","predValues","predValues","predValues","predValues","predValues","predValues","predValues","predValues","predValues","predValues","predValues","predValues","predValues","predValues","predValues","predValues","predValues","predValues","predValues","predValues","predValues","predValues"
"DC-2010-001-A",0.243822031758796,0.218240789963338,0.252623305624029,0.542229369565565,0.284529673560822,0.297741246764606,0.178423363798761,0.231377145587669,0.19155204290839,0.232570132100488,0.38532955373438,0.295983358594564,0.238716525950068,0.264365252777679,0.308972493993333,0.31765109841876,0.302917636462835,0.274610871612653,0.263861495831285,0.11642282528846,0.25546013866869,0.232050314366192,0.353789940942536,0.238333272656075,0.296197300672088,0.256838666087824,0.223799122765732,0.299116734184489,0.315477270147652,0.149387516655174,0.191137236917827,0.259170709862009,0.14093479678075,0.158095770499472,0.308429215657468,0.285383172617737,0.380548963089923,0.0927057184763515,0.0971242337394393,0.138642044175814,0.140533653574366,0.173083401047382,0.270589932624189,0.229432469278355,0.268581796588794,0.247793606690287,0.193855449063066,0.263923149572426,0.279315763061637,0.146023137067947,0.196916234896309,0.160868578785921,0.172698503410988,0.170167030553283,0.21819774415814,0.280454753504945,0.262891922898007,0.238254320340232,0.266029008664771,0.23772376043353,0.222590038664999,0.273828383965254,0.201663348914165,0.271322624030846,0.268400229354584,0.296702201108818,0.304266879399638,0.283041861870023,0.333816534687497,0.348094321610802,0.202500272325221,0.245104710599998,0.255392511116308,0.159984507594697,0.293240472158791,0.268999233296382,0.2007511853154,0.39247476665662,0.321656750246643,0.243221884816282,0.302772237792471,0.434748090348749,0.238550899148049,0.277445295003324,0.338171904576807,0.280739488614224,0.230574865046871,0.294638977604933,0.202607682630404,0.179727379226413,0.299827229482346,0.298628199964979,0.324236290881213,-0.00120451817851495,0.207280288309669,0.302071407115703,0.240299658946832,0.290491850733824,0.308588526693143,0.318159061687382
"DC-2010-001-E",0.159861633214748,0.14877030506645,0.099189055951661,0.448823259678198,0.153161662338341,0.0155656570549122,0.120469942866091,0.175095176308962,0.204528876170612,0.113049808813623,0.0667838706739253,0.124069429380393,0.117268302053852,0.0616680117124469,0.254970740003436,-0.0168239975996721,0.0874112022572748,0.0174677536141331,0.220766509564022,0.109364268083504,0.185870903903893,0.115823831777976,0.279646130287645,0.0915558198378699,0.155526518884023,0.117039244187776,0.0926060706573812,0.226897800958135,0.150134330106849,0.133952926309104,0.129768350470929,0.174370926033832,0.129775503033683,0.0262721672361956,0.379568143209733,0.262427297868226,0.0427258398094959,0.193050365855003,0.062611630728269,0.108268443868593,0.135229593571227,0.141390667028202,0.0663534872494011,0.17938034705707,0.1029385879902,0.162873128527745,0.164576686913393,0.0782268243610007,0.0899008561638417,0.131675076998037,0.190990706703095,0.101445845056737,0.155164423317419,0.0265889311188915,0.0375508078077742,0.0667203355214873,0.0845533386335991,0.157189160342176,0.266617670234819,0.0535161663277347,0.107557796119745,0.0819944375856458,0.133276136176703,0.16028901993506,0.29175368464194,0.236166036131123,0.181491906461334,0.117828855963331,0.0616153658223952,0.0479625879414377,0.148271153720212,0.114551037873726,0.0819035439485408,0.0158005527566587,0.275503362709986,0.1323583472542,0.032996831059021,0.322760663329973,0.224346560629933,0.121442738544283,0.17442420122749,0.27927281326201,0.0704295577669748,0.268957815663515,0.322240087193115,0.101383025298043,0.140348527894312,0.0718564678390811,0.0620850631282648,-0.00188497009659727,0.156330384445712,0.0578437053164326,0.31782417746798,0.118402469373179,0.0355637304749848,0.198686696355741,0.0924467790251621,0.00687385569725135,-0.00153865293797927,0.0910776908935364
"KY-2009-001-B20-e",-0.0743148277317811,0.0218844256312679,0.348783215773604,0.531397541918344,-0.0367033716860595,0.0170189903830064,-0.0965975216969335,-0.0355308600787199,0.0222544104165332,-0.00291721105772308,-0.106627178550782,-0.117472900000111,0.0193896921170541,0.0263594530459543,0.00480170887116032,-0.0881289781031201,-0.0171485115462566,0.244614060488789,-0.0268405064247563,-0.0717211066173148,-0.0239421463939723,0.255444015535139,-0.134296415209458,0.233203006059944,0.0122954823301873,-0.110520202764678,-0.0556447946115093,0.356211817078172,-0.0748467086402957,0.28407987693799,-0.0645437528242925,0.000291524088995531,0.0355040043601174,-0.0110171471267723,-0.0489039556366473,-0.0578131492126187,0.00327138601613957,-0.103569194168218,-0.214314482045176,-0.171999865707786,-0.0448573015365935,0.0553594947367088,-0.0478889571087863,0.269794145728813,-0.00705630637561999,0.067443730149357,-0.0649667156028644,-0.131365599080727,-0.14633488941032,0.0576556615753939,-0.0176407302668356,-0.125075633531637,-0.0387959939390993,-0.173131850737072,-0.0709371882751355,-0.0441430101373621,-0.0564218721585311,-0.0136551709849967,0.250927920026103,0.319383739432381,-0.0282635091591362,0.00251075082489861,-0.0111664544814571,0.396750849512293,-0.0732568979082793,-0.0502393677706464,-0.0914212298887356,-0.0514079924537576,-0.123542857282735,-0.0609404759860485,0.0606898410531968,0.279450839672272,0.0307692163643651,-0.193266022005682,-0.0237401544851721,-0.0642056656684641,0.0316318058707563,-0.0292221385309294,-0.0823844135806903,-0.000750765646655181,-0.0362060458877286,-0.130841597972484,0.403627384239633,-0.0734225408514437,-0.0868234287201009,-0.022146148760893,-0.0836971577119879,0.237506128565767,-0.0759024795109424,-0.076115949414248,-0.0671849989262303,-0.0376707199594254,-0.0159905117503955,-0.0219281839234644,0.00244065486514147,-0.0577592755433527,0.300977537923698,0.00219992086030718,-0.0568102962032477,-0.0238055808550459
"KY-2009-001-C",0.462871297069521,1.21740580284018,1.07069417411065,1.42822309569509,1.52594928302599,1.07307938345505,0.909295923503725,1.06758808350394,1.00721746655947,1.03455784660065,0.428383255644886,0.855068890244361,1.11403957851461,0.386110260079574,1.0157353530472,1.15939812311381,1.13701041938567,0.904205601551317,1.13910911439991,0.901554099139916,1.07505875799614,1.05749377573401,1.09371919524675,1.07686423064837,1.30071916935456,1.09448795720594,1.08939407093521,1.49101496765059,1.23715241591765,1.07815927936815,1.68094875494951,1.19942089792552,0.334721884974887,1.68290673704326,1.81029408485145,1.06335418446632,1.0934443216093,0.418219618265005,1.18552050934875,1.10792811840992,0.93334036135665,1.0073184443824,1.04689050856512,1.14330689249268,1.18298399717452,1.26374864745358,1.12801524309742,0.917526576477955,0.983937869780694,0.866392555918737,1.12951512982839,1.21496500782988,1.27076160324132,1.20723451075981,1.3742915142093,1.12533055710741,1.31497496588378,1.07412182887536,1.00493390193141,0.384406712580643,1.1633549840256,0.416805463721309,1.01570804720331,1.26636422427839,1.01146362318592,0.303214905972478,1.23222340361163,1.41866970539457,1.0663701103011,1.41734722912398,1.0580679266269,0.405661485141303,1.14418739285961,0.334426104088162,0.821558506236024,1.07503578095388,1.09995646142306,1.37158594305069,1.20513833978816,1.33266768624716,1.1250720192872,0.642439268751326,1.25092076808544,0.93464278141825,1.17108792565876,1.18884664116354,1.09675624139533,0.297674873047231,1.48885873145989,1.05341308826299,1.09496070428148,1.02878463073799,1.46410277547847,1.525779960106,1.11435790214196,1.69474521906615,1.19540731881176,1.11667950398919,0.826903811454153,1.00957525338987
"KY-2009-001-D",0.544671783081523,0.423949160720398,0.306172271250008,0.514751000979105,0.438858649212765,0.284307519854581,0.441073522514284,0.328684480375834,0.457555930904018,0.560970954201823,0.459945077368445,0.3961821329336,0.458157450433755,0.48190708497718,0.51383776569093,-0.0192008862767207,0.382885230532643,0.408290390918581,0.115300954042916,0.513048042280142,0.573744857331291,0.63336875162444,0.479930382879789,0.477064994248296,0.36516609059928,0.493360338682063,0.0926013758379386,0.323980400279884,0.454623398715477,0.474500737986085,0.384106217338662,0.443634798139957,0.383000068031951,0.379264154984719,0.51101460057165,0.3736807058696,0.391036849802736,0.500883987983178,0.450334720802697,0.110472045546955,0.0917584552266433,0.401782258356438,0.469733291135214,0.562869637785869,0.365235661195799,0.418742176502499,0.497020751581313,0.104282152278379,0.397056421649108,0.503587113836973,0.367797668959002,0.473096281270374,0.539669656078263,0.381480090041517,0.481228053880289,0.160708194671993,0.445493849149598,0.519151717573776,0.460931467101216,0.148335381180121,0.534333664539343,0.460027865517061,0.38662146901973,0.57614957191602,0.487517872272916,0.469012189168913,0.538914275918997,0.540933019748793,0.476577632855345,0.084936216248277,0.678697890883122,0.163936035476167,0.476985121604383,0.468006776898383,0.566099325951895,0.420295326042292,0.380313087892269,0.41245452492308,0.465095366520137,0.633771186693822,0.489499268621853,0.399577188711597,0.272370298252469,0.591690185680741,0.442122617466995,0.444171570839343,0.538206276868419,0.0915130751247804,0.417607601849788,0.429152874611078,0.484111344557183,0.374092423772046,0.423052638532267,0.256909305496883,0.478600992736537,0.426896077123668,0.493879581509022,0.374119202993083,0.481042372523835,0.483769046877099
"NC-2010-001-009",-0.0759428569715297,0.141504392848903,0.0514379752062179,0.189632774068433,0.0394055960856858,0.11366726339496,0.127071792109381,0.318582630656817,0.0111748490373692,0.0150529845289859,0.167107844736284,0.0773599092844451,0.170871553931706,0.0465965462735087,0.13969982811085,0.199184373566237,0.000112761834308327,0.0636026585759727,0.00444322714699106,0.275533334839075,0.0758928037046529,0.0290981120999951,0.013508492920831,0.0150042847901406,0.0656806646150151,0.0336568820294602,0.0730918403027915,0.0552983761768307,0.136599520289954,0.133451483878147,0.129215837097455,0.101792792371279,0.0517009812543904,0.169778153674016,-0.136521230208382,0.142176024342329,0.137931350746206,0.0547599904191505,0.115617114081424,0.118857740772524,0.187894226055736,0.107650034262434,0.117427342524187,0.0865829854308373,0.051174895544595,0.114678803589172,0.164484964459313,0.134504290371986,0.269479125629688,0.0913326327790052,0.0145122202665026,-0.022557548908345,0.151729119363053,0.0866917585380148,0.10806253293672,0.154365613317265,0.115748570627458,0.0826605353133058,0.122262098489176,-0.170245695510921,0.21567381047131,0.38836489264751,-0.00334482026372739,0.0374935682639361,0.152877115493811,0.163897921583656,0.144643418453984,-0.165491472000997,0.18966777204059,0.0887643882116128,0.0790132865714969,0.0787401679064042,0.0505219730655212,0.0440453102869675,-0.0658985521708566,-0.248378392371975,0.123838127340481,0.0714443240757678,0.0846873497901155,0.137226959330304,0.0444083748045329,0.154261153987859,0.112878915888044,0.0846265036899662,0.173949754609012,0.249833163893041,-0.278343022343278,0.0752071527763779,0.101390340742279,0.155079883124236,0.175110315222232,0.148733319975309,0.00395472801717543,0.145577672853274,0.0829785049169651,0.0793608166747063,0.0556444020353366,0.139999636174722,0.0144591751632583,0.237435754960861
"NC-2010-001-010",-0.269566738571663,-0.324630386976506,-0.47787078060273,-0.287838285634783,-0.334220194207072,-0.137459502624645,-0.0947260293118766,-0.314477517389713,-0.175989430011526,-0.234126065314809,-0.286739926214873,-0.208669495662686,-0.249850966843598,-0.174291962373384,-0.294193430212667,-0.196076572993897,-0.153956141819607,-0.153398998561851,-0.209469066937911,-0.31716338730723,-0.266017764830861,-0.32991156959411,-0.216767581187107,-0.160744823890632,-0.280809745071554,-0.174275442264246,-0.270129288793365,-0.249267791090187,-0.202696473438139,-0.212974209363892,-0.36806931822874,-0.141164185354522,-0.233128077367825,-0.134808524874905,-0.27348416467616,-0.301199778732225,-0.334559330371742,-0.192798684526096,-0.330313560023796,-0.162374927531642,-0.385377414759039,-0.469200625530009,-0.222326574280257,-0.19561227221885,-0.222671029659427,-0.217487467846632,-0.215057180456454,-0.188881412003194,-0.217989383812319,-0.372775530223024,-0.153285702794071,-0.214141988041501,-0.18529939204477,-0.126710399620574,-0.282719635920461,-0.286534643846765,-0.310676267170702,-0.261730065483357,-0.247733717854769,-0.317757578357768,-0.198104905592125,-0.304268756696948,-0.106862992346427,-0.267574102888511,-0.18468270276954,-0.174582155681637,-0.186798842143512,-0.238299891150547,-0.251578508432755,-0.257268694183981,-0.242496862570838,-0.14906272017278,-0.169966446333719,-0.16904475729465,-0.180059384438001,-0.301708300425241,-0.273871755861988,-0.325109142159218,-0.143384660544329,-0.206546718532656,-0.406680208034475,-0.321953472685071,-0.189041503052449,-0.28159042647802,-0.219136837408504,-0.3623372019696,-0.287973135576495,-0.226736433832596,-0.198235900347479,-0.328771118698931,-0.363878403620963,-0.156440252990905,-0.144396046780619,-0.251946598673064,-0.279978228406455,-0.244137463120802,-0.233194845483312,-0.320283448791787,-0.310119380423975,-0.112012153952689
"NC-2010-001-5-B18-a",0.108777285480466,-0.0574064791611077,-0.00875511024445596,0.0705003630059684,0.0541044698935313,-0.0114032272492925,0.0254342997357952,0.0274708401354784,0.0641543115941386,0.0843075176300367,0.0563773348708262,0.137084374220664,-0.0515480511517907,0.0752374331600057,-0.0671059803193462,-0.053076521078007,-0.0373346488478738,0.226863210354088,0.0740469443132343,0.00621494247187895,0.0280101347386111,-0.207578744344911,0.110176108294434,0.0609556883891845,0.0188545532448662,-0.00380479800250508,-0.0016032294914379,0.0402547251081766,0.0501069722069444,0.133615443058213,-0.150833258165686,-0.0688599440969707,0.0339349855154266,-0.00426816520295784,0.176748096274313,-0.129001569129233,-0.0159770748554212,-0.0293363707445616,0.132284787629932,0.0712048554815338,0.040296924392424,0.0200901174551124,-0.0269332499339989,-0.200572196819436,0.0448490171511551,0.0532651185874444,-0.0558198768295668,0.184365082558626,0.0912631577657119,0.0808285647033153,0.118539303387367,0.0352709885023157,-0.00984760093018883,0.00457950054396108,0.074474633174526,-0.0329391185214773,0.0324768925146676,-0.125001555182603,0.0139641213743074,0.179621691688874,0.0848372843871221,-0.0521337674867717,0.00195182053947888,0.0267733056379546,0.0700493388915045,-0.0113789706211789,-0.0847797311511497,0.00463014616585817,0.0960361108745964,-0.0111509530119907,-0.0209251149507837,0.0689892145926949,-0.00448927168889793,-0.0644153811432876,-0.0411000402639437,-0.00110145395994318,0.124157684258788,0.0632868841078603,0.0208197011425503,0.0101342581208834,-0.0705973197491673,-0.0163836563841643,0.0938683273100921,0.170606784923812,-0.0671734537644081,-0.0595899373631871,0.086870893614828,0.0239166307002784,0.0759270058276637,0.103564714199226,0.00179365364168126,0.0883846032265305,0.052309696385013,0.0544190496435985,-0.0125953702857813,0.141936460641504,0.14740443548346,0.0302960941582318,-0.0436200473329839,-0.0078170199690708
"NC-2010-001-5-C",0.0165587590518437,0.0182411696492787,0.0741262736273158,0.0619355969896575,0.0832445482856398,0.0423767924370746,0.0483486085442256,0.0264437968063517,0.0489679116281383,0.108446672468661,-0.00578518359422999,0.0213618985309816,0.0353412418897766,0.036864285996544,0.016255404958716,0.03808943889086,0.0335760444114266,0.0114023019467101,0.028561166745995,-0.0343793775657469,0.0606380343719796,0.121678096325133,0.0101611111744906,0.120025635177789,0.0535492209200787,0.047276466451699,-0.0341097836768511,0.107060336719226,0.029341188098619,0.0218823386303657,-0.205031774681885,0.0038031395825035,0.066711628708225,0.0702235279065976,0.0332985832685862,0.121235954605428,0.00832714403462473,0.0949885344738718,-0.0219704224412563,0.00300136936906376,0.051963977651994,0.00336198541572487,0.109079153184303,0.0739722837511784,-0.0226540994890321,-0.0489545841203908,0.131443413146689,-0.033720605285112,0.0348391124997677,-0.0108942394018673,-0.0235811239215499,0.0831610274055636,-0.0763044959216641,0.0525026606108695,0.0364854890938058,0.0195253180164458,0.000479314321688662,0.128360582468875,0.0470787068859995,-0.0333749089846859,-0.0400266279223369,-0.0294342148933532,0.0206720906363525,0.0490568945333221,-0.0492135920693467,0.0539106154334147,0.0926799407033662,-0.00473130338136516,-0.0226217434686416,0.00364182265786699,-0.00545124664933192,0.0370409693483632,0.0977764305557225,0.0753751632969309,0.0220435663181467,0.108089043194131,0.0434847435107451,-0.0351901489736297,0.0873599736765588,0.0257190406605368,0.0939922698957522,-0.0177244191055173,-0.00302929729908222,0.0243468065825157,0.0510127910425517,-0.035999107685312,0.113062481868403,0.0418449135940172,-0.0339178601281554,0.0993977364017953,0.0441249254377373,0.0728755539774631,0.0202316202615322,0.029453290221773,-0.0307329514372205,0.0538720084017986,0.0876325171286467,-0.021328176978469,0.111441196673301,-0.025010112584512
"NC-2010-001-B44-e",-0.282446611526829,-0.295463087361103,-0.198137283677083,-0.270054747568243,-0.331392418434649,-0.317821708874984,-0.403157083435202,-0.154062478293339,-0.537091045914928,-0.248434216899576,-0.226568455184014,-0.0952106545619574,-0.384115181915523,-0.263732163343383,0.197948481164377,0.0639618001424459,-0.129676654333317,-0.210458418775832,-0.201044394319575,-0.203182039682344,-0.188090216019079,-0.210157941453617,0.115859467542392,-0.362681805284193,-0.199031021088159,-0.211790130540411,-0.251212435338633,0.151758396627863,-0.283767646467997,-0.285898062897184,-0.323950208898935,-0.198610540777511,-0.316231396083133,0.172263298566972,-0.516459460304863,-0.216920072916631,-0.196824436732788,0.0686017791382382,-0.235858483612977,-0.312296123477662,-0.43825494484287,-0.303549490790093,-0.333408271312021,-0.23000611014859,-0.304368237506051,-0.390556107970168,-0.271491387151114,-0.345718898329062,-0.439271125969873,-0.257876214044801,0.154418962838459,-0.2191529894873,-0.260012289447055,-0.318263919428412,-0.0951913580835023,-0.235774892079271,-0.297745857924562,-0.185883941523899,-0.404718618374783,-0.132704324122632,0.0164944052904174,-0.303248489458201,-0.314363157218356,-0.293076329573255,-0.312855601436168,-0.470463111006997,-0.18150640038052,-0.315444841347471,-0.367471551844043,-0.16077869889618,-0.250313573141309,-0.247387991038864,-0.314711150072541,-0.199368833260936,-0.154973874473599,-0.396645095157257,-0.195990525073859,-0.134555967273858,0.177135367956337,-0.171556445926113,-0.40407660234425,0.087263762307028,0.193237702792799,-0.23760086034807,-0.212813211081051,-0.355682746670376,-0.24513617526871,-0.255213363401498,-0.420359758828836,0.250986845768597,-0.1338455394942,-0.143758226625942,-0.195938524852632,-0.337947307507386,-0.232247910964656,-0.302969894326292,-0.273180151097896,-0.326623718861381,-0.305570380024531,-0.236009969750321
"NC-2010-002-001",0.052230964837943,0.0126792880013007,0.0525171547508812,0.106469248448357,0.136569184328496,0.0245533493598376,-0.0612750492949255,0.179230732634727,0.076212829891434,0.134088651347783,0.126643676436015,0.00460126817424906,-0.0149526647366997,-0.03573874800165,0.0945020693516879,0.123677965964836,-0.0267383525082087,0.0627023844727261,0.0352150523308566,0.164765705306657,0.000000396912258504578,0.151450484476748,0.0964942700944657,-0.0918051157992965,0.146167552192534,0.135378286777589,0.129700212723356,0.0799515580838477,0.0381772789142489,-0.134830161394265,0.0367267534883956,0.0561154789474364,0.185396857915689,0.0780597114302064,0.0574431475613926,0.1342036357295,0.0451022525438286,0.0353721128444696,0.0486778866142604,0.0502737593584473,0.118856080188774,0.0657802257886931,0.11850075290954,0.0879105016520669,-0.0131163999840062,0.108400697578229,0.0710541629163745,-0.00146735086423084,-0.0028240697359307,0.0434654740666152,-0.0966159658486465,0.0944977406789653,0.13036200025546,0.131948300462887,0.137187910258375,0.115382323048892,0.105664322365468,0.120250710260885,0.0805338484604933,0.0592186239156664,0.0396582591514507,0.118761070728357,-0.0457971415595267,-0.0181065931577023,0.0359922215339829,0.10698363301772,0.155376969856304,0.115559406804838,0.0322618465571077,0.0763450140598849,0.12712691381032,-0.106876504524738,-0.0500197642557283,-0.0468004705043206,0.0147712286427983,0.118169725944015,0.0250083326889401,0.0980254270031502,0.0768888778125425,0.0885349190308243,0.123626591702827,-0.00715141159328327,-0.0066931080396604,0.0745642604546873,0.0630298016035064,0.124422517339018,0.144987089289904,-0.0381727568777595,0.0357243914310974,0.108836261613654,0.0951449798396671,0.0573381596400181,-0.0284922803247004,0.184825031074956,0.200368923378734,-0.0223122172991778,-0.0771101981587486,0.0151215924289151,0.0641362952985129,0.148867825130025
"NC-2010-003-D",-0.100274853959353,-0.0289021734393442,-0.0062894840778146,-0.101995842763558,-0.178303139303548,-0.175894129087252,-0.109514472405824,-0.0790940011504773,-0.0619419286900704,-0.0301698516689051,-0.0969143562082684,-0.129419300580978,0.0178962071207845,-0.0361040526684438,0.0348849797118808,-0.123586555724042,-0.0982747648622062,-0.108580554808736,-0.153964735341437,-0.143492410525821,-0.0564630813782279,-0.387340129661987,-0.075561742559867,-0.162884475540906,-0.153265355459337,-0.0123198773001623,-0.0905246346636555,-0.158081590017995,-0.077730201829764,-0.194450123355126,-0.0203081926717778,-0.227793071128948,-0.167699212730076,-0.154432770912437,-0.102841148585526,-0.244441703029399,-0.220877084090913,-0.17526472086296,-0.260794575629166,-0.0976769691395972,-0.343186007014208,-0.173830862129283,-0.308924379681815,-0.343777495423268,-0.135701616751898,-0.165187437791284,-0.0478999680094828,0.0286329085087618,-0.101101236718267,-0.14378600407152,-0.0727957806213058,-0.122119550860589,-0.227061979992222,-0.145866221596816,-0.188804444409685,-0.0968506595005421,-0.118473411635717,-0.231991920842806,-0.122675223473273,-0.226016714028359,-0.0488325965823462,-0.0675538427087664,0.0267296394909702,-0.153969657813848,-0.105439045263288,0.0374443230189425,-0.0300394831078172,0.0688779897458646,0.0601687305627478,-0.173374643885557,0.03439135758927,-0.10994832933533,-0.12882228739783,-0.202945036973131,-0.031907357844413,-0.110308384734982,-0.11896320083069,-0.00792962820873728,-0.227471259623605,-0.124692282342341,-0.248642786355829,-0.10373700457085,-0.128823162641139,-0.116497450205897,0.0189608755234958,-0.191790339343602,-0.0775256974664124,-0.202890899067669,-0.159997150269024,-0.261474743356507,-0.0526896508067475,-0.0390540315881113,-0.269477235696898,-0.0172487393983511,-0.168542500722881,-0.189447216722986,-0.0890189997122957,-0.12752341280449,-0.121887035056385,0.0134114135407255
"NC-2010-003-E",0.0345397288664245,-0.000880496766262631,-0.110977974225059,-0.0248383629068871,0.00237944678506201,0.0326146911960773,-0.0648256918891221,-0.0329238191059937,-0.262993872397892,0.108396826401914,-0.0656838522968319,0.057563116473335,-0.00881217907042798,0.151734668392289,-0.134835067727719,0.0933960753957314,0.0792649540253529,0.00296347696110758,0.0755486650205786,0.0108283627218619,0.0126649877629922,0.0885953607967944,0.118737503729015,0.0673285354224946,0.0954141138266856,0.0432539413635581,0.0761468000328292,-0.0287646165249079,0.0931631978799183,-0.0190425315118478,0.0784912846297432,0.06974917728384,0.0989779430726279,0.103568223784267,-0.160299078101921,0.122791575514651,0.0592018222383876,0.0481193855621644,0.0801960710215858,-0.0396503953552119,0.0425052827233306,-0.0580627121518478,-0.09455686711687,-0.0507163910693814,0.0634679136287042,0.0764615973067645,-0.0486379451902072,0.070457888276678,0.00190770412242861,-0.105830614333227,-0.0192705110882607,-0.0249910264850038,-0.0306475200462599,-0.00791751803003067,-0.000232742537684964,0.0761769166448187,0.0654428089375098,-0.0276754871829341,0.00375575557401017,-0.0211223685924565,-0.0138860512390241,-0.0248755986325836,-0.033376980578827,0.0864617769913683,0.088345398229165,0.00769387708835963,0.113336997745838,0.0434779034632623,0.103969587158205,0.165760994204227,0.139599544120339,0.0262880173544517,0.0241703189613896,0.0680266650327915,0.108662163734344,0.0607201203015989,-0.0206316903347263,-0.0103663511997658,0.0148267153629896,0.0428206856978518,0.112866047765304,0.0414943472039576,0.0870559841331769,0.0151812819268019,-0.00282032560981491,-0.0441319763994007,0.162622203941915,0.037286586661929,0.00887481661865105,0.111664617077892,0.00296749738248914,-0.0240975485914911,0.0238058140071446,-0.0959397062349211,0.10310471455967,0.103862095134274,0.0661134820827305,0.107018940372113,0.0101629943248567,-0.0304458375589975
"NC-2010-004-E",0.176684265522541,0.12986659570636,0.212901058972901,0.174471498950958,0.122107982731838,0.145716453563036,0.0727415057629972,0.228221060357951,0.0949185903941675,0.119988549840904,0.10626528702161,0.151308439108133,0.121253580144522,0.100730079524204,0.142406845418561,0.0505990331398405,0.060185347668999,0.0925222104165113,0.109795729362266,0.132851689018539,0.124722685658571,0.137450341495575,0.169558600327506,0.226057702233268,0.123180993766072,0.0987472932646573,0.219168335203034,0.116544531353748,0.113251527656491,0.0873552911039996,0.173781599500836,0.0361909745841609,0.128857037232851,0.0630530843233129,0.0753959240401062,0.139466755162973,0.186290556690583,0.176055143134514,0.178105999810195,0.0974711918822209,0.0911261816757309,0.100580151993462,0.10188270128668,0.102126373243392,0.182289761288807,0.136774532496787,0.0936501577504469,0.170458007342137,0.151047889134368,0.0902934159158078,0.159977403865477,0.113570844307559,0.247963661854391,0.145860386078826,0.133661484126932,0.143901378136433,0.108348706598368,0.134089614927642,0.17055232816503,0.125647566208243,0.127894227243686,0.150631867913956,0.0539042110205511,0.185424687261599,0.132640681823379,0.155820409130239,0.156775539124401,0.240217082056853,0.152470807621876,0.150358512860801,0.186690334591251,0.11107405503781,0.147109023674094,0.104182906180971,0.0740716094291045,0.155467076276331,0.124629713078835,0.0290503794856165,0.0491775896205968,0.0613692733337605,0.166093790262144,0.0371871767702847,0.154654180880223,0.0998439080105665,0.154898086261415,0.0538829151128138,0.162024617980281,0.093030916595846,0.139246823758438,0.130375592856805,0.102473519962709,0.168918186237631,0.269558378547133,0.119496925199992,0.138527677083556,0.138175483721157,0.121371970519979,0.16437786641781,0.108317205350482,0.150879703241595
"PA-2010-001-005",0.342638684669462,0.459051422211811,0.2185543714279,0.317130491017884,0.19861919343627,0.283980298367283,0.355005661504079,0.380148559024835,0.288400052468322,0.307541288478655,0.289250465957374,0.234355131650895,0.369388007852643,0.282009454863373,0.271066785400488,0.177805754323219,0.221850258813638,0.285220822012842,0.282133679525752,0.22163584161522,0.237707792710146,0.357739988703396,0.131201158524129,0.236243354890027,0.276707339640878,0.26697264971619,0.263836607540936,0.350053584785666,0.264398930802166,0.331785499162749,0.278712617241852,0.226621125054959,0.331960228188318,0.191285688607977,0.189456961207638,0.16296344358973,0.283059529974884,0.207035239750514,0.211090146220671,0.241775973920385,0.306615931131964,0.354064551339791,0.311497141838336,0.324667509784077,0.162588353469766,0.345006655238276,0.190900061504872,0.224081716053636,0.295297523638497,0.222766674063684,0.155663068818254,0.407748412475927,0.216491636378108,0.308214408754276,0.245254756105191,0.241742750740462,0.251138862198561,0.309517155209326,0.289800587164432,0.335687682187978,0.362524019384255,0.323135038785534,0.344886670488371,0.327036413641301,0.26970902261935,0.351399993811444,0.194123962167696,0.231545498087501,0.288347159088844,0.256086988191802,0.349989407012528,0.426889236923494,0.162337618790795,0.213688437630411,0.247532282077766,0.246326906297555,0.167671665433595,0.159342326911118,0.230839783485477,0.202615715229811,0.253461199258891,0.271143346950934,0.275390519828735,0.311348206630253,0.264116921788317,0.318908207066502,0.295255180217607,0.203026889393341,0.393702937705303,0.25463521522345,0.339654200253719,0.331031055925923,0.341611546222669,0.222214016002294,0.1496851812588,0.178531240872455,0.199702217841055,0.173144366201483,0.247879835784937,0.132910735909438
"PA-2010-002-004",0.0331172264082933,0.0125234175607706,0.0258172567351884,0.0301427115716053,0.016484338236825,0.0799779680536003,0.0863269419158637,0.0254880987335056,0.078884461957632,0.0550548681103266,-0.137220437857467,0.0935881336363822,0.0847394911171646,0.0894319910449849,-0.0435833077734356,0.0731502194402991,0.063163557544554,-0.0741434361948472,-0.0516537386896704,0.0470321460969144,0.0641447930651864,0.0450997384226633,0.0229518869193841,0.0859480830267517,0.36322808042539,0.0763837513164277,0.166214665251676,-0.0196604605253228,0.0451879050279592,0.462925573439534,0.0938166491288317,0.00307215702169684,0.0556660941997524,0.387141063233769,-0.00846374900512376,0.0371481107128192,0.0738701869452885,0.101865661515312,0.0554230207721438,0.0484536640005408,0.0920309997364924,-0.0810329015816423,0.0469189265750202,0.103295303289633,0.098504383822726,0.101249348553771,0.0984448130204976,0.296870623873886,0.0789716411850904,0.0350045883111362,0.0414433678921752,0.0802719897186587,-0.0266670937889184,-0.048058474576796,0.0418628740618102,0.022516944257734,0.0431492243957091,0.0624186104743784,0.00725091965924994,0.00733475793031104,0.0747011547991513,0.078502541491248,-0.122816811075424,0.0376845858852491,0.072926600957757,0.0369487738871738,0.0270904792680913,0.0661537809025938,0.0854505311512406,0.0180946956858408,0.419908040817641,0.056624513949705,0.136783004502473,-0.0727720561231088,0.0936724720912449,-0.0102093825068985,0.0862293094947581,0.14398192757981,0.119498739598749,0.104069014841355,0.0481373447704257,0.153277154751064,0.193904245338439,0.00271672509208462,0.0515926603155888,0.041111881070454,-0.00099961067137577,-0.034990385044695,0.0970879349100913,0.0690220171619871,0.0527463325220839,0.084519584883585,0.0784121205515442,0.0499857102219347,0.115696070197329,0.180281074894604,0.0606464715973535,0.0935796317764099,0.0626490277470059,0.0321719460136023
"PA-2010-002-013",0.446349812115876,0.486232376033682,0.437339918466454,0.365016432790051,0.531607965437645,0.41813263001089,0.414603707392737,0.499964753682383,0.331034328294723,0.421178080217467,0.499741014848555,0.446631273902441,0.542261876382892,0.436487654259128,0.438147824208019,0.402665691224853,0.415269896494359,0.405795150850175,0.314985326465792,0.378756613730467,0.409214626621441,0.345464631779251,0.48015588758445,0.420263549110094,0.5063523948607,0.395537801313721,0.369629776918324,0.359892679681363,0.459281853931511,0.448462065408292,0.441331714400885,0.486772552000413,0.4712134558712,0.571411860150075,0.492942918320548,0.454953860429206,0.271452781240264,0.340878603346028,0.34803911267869,0.415315512011324,0.48401416922884,0.506368588043885,0.438503465579302,0.425102524882034,0.487805514615911,0.365789251002921,0.302275220024001,0.427080254766367,0.465429802780832,0.503037144303236,0.364339321111185,0.37245971085678,0.444001189687808,0.330087827868534,0.360157338046626,0.402081353362832,0.414359668181878,0.492417585960766,0.375955803924919,0.330912339025724,0.433921213931377,0.393094920135884,0.504903078184079,0.356061449041342,0.397135753837957,0.454722175479718,0.424426560339138,0.43957131765182,0.400587116487901,0.340219161717282,0.289034977207202,0.513731837171157,0.471863579835876,0.465606122223468,0.387560004288291,0.423099656602287,0.341777861939748,0.460753873026774,0.357941116525125,0.45374845363313,0.491850986461379,0.41382405577063,0.525953932177813,0.476922573712979,0.49473905632045,0.498346711021553,0.413003758662608,0.314276696515904,0.325008986130043,0.394134422891222,0.376479017905102,0.3795325170622,0.529146518776738,0.368996166208157,0.496893257377889,0.537043555294696,0.390819902994104,0.343502951781225,0.493238568805939,0.421592087371352
"PA-2010-002-015",-0.0142737846825932,0.110217887859488,0.531393712913755,0.054126050502919,0.213040270424951,0.179213648498107,0.132526019474619,0.14956119524956,0.117232817203581,0.114806695185148,0.116420759119246,0.095760999011827,0.724649429731118,0.573640303325763,0.13025072842543,0.210422933694944,0.152101973792765,0.153141199224189,0.16530945896672,0.115871204139896,0.152030276299981,0.123963568684441,0.130018496310763,0.178541500201354,0.00682845074713162,0.154053244425923,0.137803346835522,0.437356944214708,0.107906710442091,0.18447009361773,0.0247532477371921,0.135403614836973,0.0852204898150528,0.121481047167172,0.0797530162985676,0.18003638197147,0.131960568832848,0.241745596771319,-0.105587189293206,0.13710479428678,0.132397049558164,0.14248373491228,0.148781840767723,0.174060810436629,0.105349052854429,0.203277036257702,0.143669126157336,0.146132484126108,0.15748125005091,0.199516444701731,0.184089735063654,0.0988596720001157,0.850826799000194,0.118892637264563,0.116611219221433,0.104927292084367,0.113625416567859,0.125792447149394,0.0986737042308619,0.0477143752617302,0.395039150904597,0.144248607231864,0.159115746618335,0.0418325683509253,0.0904383980856604,0.192567736701306,0.106610245648128,0.119690366079094,0.119025403322659,0.100976151578111,0.118108495866703,0.113844158796697,0.0346611426277513,0.186756712103699,0.135251151721083,0.0835355556857022,0.514504314988906,0.0786572102631817,0.162567725865552,0.049421690778472,0.180562560249052,0.141540995069068,0.18603606618317,0.139125664802112,0.0939430082131917,0.198896013860184,0.147460430864039,0.138420191356738,0.0362245917294464,0.465585438034781,0.123427582171567,0.0486337681462122,0.113423178990472,0.120133746029469,0.572836318170143,0.00418667541969793,0.133435947879618,0.0983935319996321,0.74999331643765,0.609937831666826
"PA-2010-002-B3-b",0.300734857834462,0.318420314377328,0.297376007613192,0.0545774089447543,0.267406077650072,0.357536367014833,-0.0493725266416776,0.320722322381511,0.33080574801788,0.226583241484256,0.388590088129361,-0.0256683683804013,0.26159419074366,0.229720747085757,0.2064062294634,0.304016974995718,0.241831090378902,0.321825417316157,0.284106581188563,0.274316476971949,0.00148820993585651,0.16264814765157,0.288480843845786,0.278468748561112,0.349312245967364,0.290124805023554,0.269227661090702,0.342104546561333,0.31173327853159,0.271818888749693,0.0511062571025048,0.0464893182865924,0.271939296628567,0.16715358783625,0.219739017506363,0.19088048073647,0.287491163902825,0.337005790186439,0.291719411074251,0.322255625360152,0.217389836226647,0.225917354865674,0.28673562209995,0.331138363381717,0.0162035537094502,0.356221397576495,0.26314665712739,0.242564366063733,0.200218133364961,0.231058808595126,0.11023538733253,0.160788532656941,0.342370887939911,0.5539780619901,-0.010165695795575,0.184949432894467,0.301559855931597,0.303133622032941,0.247702171955724,0.391825303965729,0.229843497005426,0.410728120308147,0.231684365913234,-0.222173656765416,0.326481065920625,0.322301116140252,0.368981420212895,0.218003111445987,0.317085497108707,0.340181216643858,0.254605484903266,0.322488753674207,0.182560300798015,0.361534632392692,0.257331530199106,0.262711137286202,0.218214640136038,0.292859576754599,0.364383057392574,0.371007838411888,0.32447684984118,0.276601666823392,0.353239199757507,0.37294181604937,0.256612841021375,-0.00530062046542467,0.316963203785648,0.35152648557315,0.371913303089794,0.294902566814719,0.246161484812791,-0.152846593670661,0.21600913724436,0.0586565450121673,0.356914204087925,0.329990799132211,0.278878116207332,0.220553625442028,0.222943959526914,0.258263422984776
"PA-2010-002-E",-0.167448022054334,-0.144786160448192,-0.204758544824442,-0.288386427602302,-0.156688890263037,-0.137126538175981,-0.133203986212222,-0.150092797702576,-0.221282910780264,-0.238339901451386,-0.133968269713685,-0.212391830288093,-0.293034482982398,-0.157736770417815,-0.255502657981492,-0.240364326679074,-0.31098431090016,-0.308323187297279,-0.255276078547344,-0.199042282568828,-0.224744843046268,-0.191660594862032,-0.149347171905574,-0.185461386916834,-0.117871312959379,-0.219116511617991,-0.132717104703028,-0.221058627463828,-0.214498346356871,-0.170863776637675,-0.156703915989083,-0.174347595206594,-0.120112499456183,-0.220970772622425,-0.12058718101911,-0.219724500797057,-0.266114161829619,-0.205157742129296,-0.0540304067431676,-0.200789163822842,0.165347199641212,-0.210504377093741,-0.206321442723025,-0.184695613718286,-0.0557122774776682,-0.372479314073626,-0.383463783730283,-0.0708953966207026,-0.0915644939105466,-0.195384269442901,-0.153300840906794,-0.0904694816281108,-0.101352025665653,-0.251070959554306,-0.337922055986775,-0.239852473469496,-0.252221993500295,-0.231053955434563,-0.175110590087641,-0.150370233159736,-0.107172070561426,-0.226254352911068,-0.139382900096305,-0.227571570097309,-0.281999199333838,-0.0936553290606516,0.195434330339515,-0.188689397243869,-0.19634587113693,-0.252026195774948,-0.170662917505794,-0.244529675899541,0.207968359531774,0.338069373782081,-0.116804459038187,-0.17661992528815,-0.285572244600185,-0.146820708279424,-0.353142719665362,-0.166072989736433,0.268685657532222,-0.238653929782623,-0.17084184372198,-0.219593157553651,-0.118534567097557,-0.180555753123903,-0.169366070355247,0.217326383196363,-0.16554993764385,-0.172749602687952,-0.239498813138268,-0.257745000548366,-0.130877228144646,-0.333155062741159,-0.398396021623347,-0.212124157210131,-0.324903872040729,-0.175749031647347,-0.259355747344944,-0.398306400910766
"PMS-009",0.515886504740126,0.610003283980394,0.48500693087057,0.67173311214276,0.604486833812686,0.720065941148127,0.396804126442364,0.558860849679451,0.486608987189061,0.435169388379533,0.344449510780268,0.632743435505859,0.55177109170414,0.594749609549948,0.404074588998061,0.626907449370571,0.588785587845887,0.566549623869774,0.620616987685821,0.629144330908484,0.697656558732829,0.535335943155015,0.554831623878449,0.64823314715669,0.631482826261728,0.520117306670486,0.494527685437566,0.595584549972432,0.706902212438716,0.708680873124689,0.477455077224772,0.538378853899771,0.438260658266645,0.620614171223973,0.797293407846984,0.590076499436781,0.60221845086879,0.518498624260899,0.417879077438475,0.586656752908375,0.285029917604322,0.827665245211995,0.5373415553083,0.519350419393831,0.521747706783828,0.405641605171529,0.686167980196776,0.516608002140951,0.552965344808553,0.60856410188556,0.675254659512684,0.473051466062443,0.422943369877296,0.555375978005414,0.601184283771677,0.635455999797793,0.562309171491338,0.51057995943857,0.565593643644483,0.435359450821195,0.593292869529446,0.627420590031799,0.552350559790346,0.409477752268216,0.556513549330674,0.332956140706759,0.319329976132712,0.512838685496924,0.644963877227017,0.476185245299824,0.674438747958979,0.569712291589813,0.500886022224954,0.448879822094985,0.389045021303573,0.458934161943372,0.478394586184628,0.71441039597648,0.635263030271528,0.522169682486358,0.235806107671754,0.503609016327404,0.570685041413736,0.687038240233745,0.493996566938381,0.42631573434002,0.551352214385764,0.538381806648703,0.661805323271997,0.553225804822947,0.394399492975495,0.592058685554755,0.514819474181402,0.669231309070132,0.618632173856854,0.580292547273461,0.678609154867809,0.574778925005799,0.537975892841196,0.499465812706205
"PMS-014",1.07692376639723,1.05663484867938,0.880551674355149,0.599644974746595,0.612417827865955,0.815340780185624,0.964741004758702,1.04859358913604,0.822931017175056,0.872018367345096,0.679939122020858,0.982203796509594,0.706398998531995,0.699067349123911,0.880644743644759,0.962829152266302,0.581732422184918,0.856590734668958,0.859022174480086,0.870746331533092,0.893282430773431,1.17229390020582,0.902900574471564,0.942953874503409,0.767584909315157,0.573770450975449,0.790657214769265,1.14653153879092,0.945905975056918,0.751439086552624,0.76981963384171,0.800143351005205,0.78865736056301,0.627705289787448,0.556007798779475,0.698209475974975,0.665188611530031,0.681362596264629,1.04360334652861,0.529209234061644,0.776664639478485,0.897754606108897,0.555541459481705,1.07527470885878,0.750318245466217,0.920191327958752,0.649067860588795,0.518887473854927,0.878431765854587,0.837516987709548,0.873962740540174,0.913545746545171,0.885994184097337,0.851001254647578,0.585439666221708,0.946198002488475,0.873832006899929,0.93525752260097,0.620442366895354,1.09652566738402,0.99336824013289,0.910590134648568,0.756970835836476,0.797051967131904,0.738442663898563,0.630621384607996,0.764033665637182,0.851547127465754,1.05824862439873,0.881955549924706,0.700818019155104,1.00987308927919,1.22036583053297,0.886468184381926,0.867860325866751,0.92255131642712,0.960510822166687,0.778501921189312,0.355583628129576,0.76140121643572,0.512279312932737,0.651059854034534,0.820236310684141,0.746265517164299,0.907740958104167,0.893437135957471,0.826065674710241,0.909082959330441,0.612063911289049,0.888741911135897,0.897162901448578,0.757043858461379,0.742193721050957,0.903500665721874,0.848809106936033,0.80260184719043,0.768195429177263,1.0707061784256,0.904341717174378,0.978469968122082
"PMS-038",0.751259500084013,0.708264569314268,0.627582921808538,0.454359815108455,0.819359239710723,0.724688875334907,0.607021158834096,0.81752192863909,0.782741819634356,1.04332528463901,0.832528274298163,0.877164757350947,0.819933314369416,1.01317840645165,0.890936665038414,0.874276474135421,0.473358486374147,0.91703280485334,0.981542636773875,0.920026408029979,0.688688131147338,0.714340437708557,0.730316014901213,0.628493027774423,0.853098810564657,0.971061397815281,0.856048857888256,0.870203621612332,0.798077436976455,0.626812111568568,0.559671946271201,0.73536303929735,0.697310676820302,0.483446797877065,0.963461676179753,0.584463684111139,0.512485642159207,0.899795239579788,0.726079240030974,0.862173249528949,0.886865046741764,0.679042107630261,1.03318161286608,0.871751973935356,0.61007753027876,0.772093320845001,0.954808744238639,0.416042549021812,0.758271502071647,0.90815804228631,0.833941968152562,0.786449936550977,0.747909007949506,0.817148124638527,0.421012992249601,0.836843529307836,0.897920079712161,0.730886972852595,0.473976319757558,0.770041096254777,0.426510978848599,0.794130142232085,0.830908479315121,0.806128226880074,0.816417772691858,0.769818150823652,0.822230582759028,0.982773868936386,0.826523348667398,0.790695294728359,0.768194468037781,0.824303371651976,0.850428604738557,1.00048645221003,0.680268112071511,0.686416116613295,0.626538316208951,0.927814794189377,0.22864197562313,0.575560568348411,0.75420622831171,0.540163884437157,0.767296629034149,0.604076502801259,0.973649839944753,0.714593457140595,1.02483575489306,1.04490453872138,0.88736722814783,0.794129568423744,0.610033474953128,0.888116682649941,0.777799480013891,0.775264425745716,0.874878467646814,0.78868289015666,0.577211104346762,0.796549011395784,0.80618781385004,0.649907266088886
"PMS-087",-0.126388258700906,-0.144861885910515,-0.209198766396877,-0.30193312626147,0.0159258614745963,-0.144953757007663,-0.24238699734137,-0.232113306147556,-0.202475578815733,-0.13959639386943,-0.240783953835866,-0.0800457634298766,-0.213484751796921,-0.220103414783749,-0.254127935348296,-0.013433590919565,-0.18715008036594,-0.124740496192148,-0.125564844682052,-0.234546520698377,-0.195615663649926,-0.0665892417328193,-0.276068762510071,-0.20478175800145,-0.177010239936944,-0.0873802306955732,-0.218371902455107,-0.174696391774499,-0.12303232956064,-0.147578802918522,-0.109545480062399,-0.132093565981551,-0.197482342190954,-0.0928618391743385,-0.211316488585122,0.0861049439896331,-0.270470961645449,-0.287850763981257,-0.202257553867424,-0.236663335125174,-0.195355246214736,-0.117158514782768,-0.14810342755929,-0.205992649184129,-0.20947790752519,-0.190305059539962,-0.188028130585759,-0.18151915983825,-0.210474915062508,-0.261232463693004,-0.230227322288166,-0.142146802116089,-0.257592921847329,-0.10690923711607,0.0402115997700185,-0.210559800709393,-0.191309881198055,-0.05684387986351,-0.233903977414108,-0.130034166180309,-0.301156034243517,-0.213923615474737,-0.202395264867252,-0.22029142212259,-0.272449203483629,-0.118459443000777,-0.156463457826278,-0.129619003048974,-0.407910353087028,-0.224052093153212,-0.269571939742018,-0.203206832537896,-0.219669100860714,-0.22704143620685,-0.128363907754039,-0.252891662288873,-0.277316332120524,-0.251234445724385,-0.280303695674605,-0.24765089947018,-0.266453180410849,-0.254797502019589,-0.170037258502703,-0.255279840590481,-0.150242394728852,-0.283140913137906,0.0149236745304282,-0.11892878252143,-0.288634958060744,-0.252621628675635,-0.111873518351037,-0.278572184024833,-0.319664400928216,-0.150410786874992,-0.243795718337419,-0.150528398911957,-0.184795353824344,-0.171044782325227,-0.258329961671862,-0.0839853660594117
"PMS-130",-0.425424883719669,-0.673223662813371,-0.646249748042595,-0.614580485170808,-0.601071733731357,-0.54730811981657,-0.621476811634902,-0.47039456458632,-0.62121610360427,-0.560876980794198,0.0280920358925576,-0.688792781514518,-0.344769382330719,-0.539271439546471,-0.418985567707486,-0.755876639875539,-0.53415025358073,-0.614362808362026,-0.505018490027998,-0.547350842726977,-0.438458259781405,-0.563774271955087,-0.379553510643304,-0.536546705960817,-0.631013700784487,-0.576273464169925,-0.536074034420984,-0.43028321226838,-0.631812425094133,-0.626163777114975,-0.53176686931313,-0.562203871979649,-0.300184122801281,-0.375389312499671,-0.499236515787901,-0.481373537767215,-0.607874696494279,-0.530481089907953,-0.566561826050075,-0.309856325700853,-0.581582296734211,-0.372733712055674,-0.551784529017593,-0.573487687174489,-0.480281114735846,-0.356020463288061,-0.40190497452346,-0.335201772199008,-0.479136990987631,-0.529897489379494,-0.39907006476335,-0.182055194152123,-0.352080248236959,-0.557425743007744,-0.513095865649713,-0.524964209737739,-0.471999113331397,-0.418598659854896,-0.595735063565894,-0.389831595096786,-0.574450322007074,-0.595306245792244,-0.425695890802406,-0.669031638182012,-0.637192372637865,-0.0943634399250937,-0.484788763633098,-0.23076475806508,-0.523700188211748,-0.450142410512129,-0.550757523523058,-0.734433112345264,-0.530881841747299,-0.628784246990465,-0.629022435730954,-0.717019895133547,-0.347856570583967,-0.410972324553608,-0.471356909888266,-0.288247234966072,-0.539639761738528,-0.268792771980126,-0.444932091187786,-0.501870354777753,-0.505242035774954,-0.284350138004323,-0.512768760842764,-0.417083197934677,-0.478342651304388,-0.585217286837618,-0.838735085437415,-0.351002077850726,-0.459377968495677,-0.598301669046407,-0.477368268730546,-0.514294219065841,-0.603318872687679,-0.517950820052748,-0.543700126217425,-0.62166271069569
"PMS-131",-0.525481631699696,-0.650594779018882,-0.775002821692413,-0.733855346613586,-0.337318213743595,-0.48650153042403,-0.681999051317247,-0.576224823284606,-0.819278846403026,-0.741239279829928,0.0719574775052818,-0.777234504973166,-0.541990414949788,-0.880905001375263,-0.768091788992234,-0.735646551404676,-0.757259445867272,-0.848022255250668,-0.758120663888992,-0.755300423477317,-0.39952670185262,-0.730701195841053,-0.705766599031811,-0.716904790988567,-0.874465206990586,-0.673516784366225,-0.601265971367339,-0.796668196153902,-0.718315399821332,-0.743841070356474,-0.720739070194822,-0.728695883051923,-1.0479789217494,-0.695968571609098,-0.475595695791077,-0.295516769627131,-0.571261628856641,-0.769417744966673,-0.78871900249313,-0.485587798971734,-0.88781769698821,-0.322711756857327,-0.665782777266415,-0.711892213697724,-0.95024656188772,-0.936836428952648,-0.740185368508815,-0.820866427167764,-0.606962816573567,-0.812096040815774,-0.753559343729426,-0.183667045766403,-0.306418490457285,-0.742512231292085,-0.809202621918339,-0.720454561307546,-0.65268988622021,-0.759929241157283,-0.879690932083198,-0.922747755389699,-0.671517480025734,-0.768429893320851,-0.795538258579456,-0.825810241372836,-0.879268431077739,-0.136088949728687,-0.808631955099738,-0.645969297754677,-0.637830187117343,-0.490170938015806,-0.624442948154117,-0.797800397020696,-0.836819337350936,-0.764868394542884,-0.417877528549347,-0.814652817682802,-0.34284839196782,-0.395936433268966,-0.640259042519278,-0.30572632937693,-0.778668363146155,-0.24143133059211,-0.844970057555163,-0.68044664475002,-0.594596682377392,-0.284296834060264,-0.642571892122947,-0.680137689766702,-0.356832662034215,-0.646969931243386,-0.738986027527401,-0.722300073026389,-0.866703447457721,-0.985377811550636,-0.680382926291453,-0.728759060261357,-0.715482887457938,-0.746953681384093,-0.626324267107347,-0.765746068881182
"PMS-134",-0.49896681298981,-0.335500573865718,-0.432474700622957,-0.471381892950456,-0.473520871258044,-0.490845948444921,-0.500135986810541,-0.536989086111267,-0.330312979400417,-0.398343087996341,-0.420612323185676,-0.375366203575674,-0.121921999155781,-0.406659545304334,-0.0900581678895709,-0.520170901201036,-0.370662875604319,-0.357284391647844,-0.450234827068653,-0.443048668503742,-0.212681335809618,-0.322280862947728,-0.426101396936981,-0.426261304083772,-0.363703039621013,-0.427935851651715,-0.420325438616894,-0.42466652562552,-0.471928411490526,-0.638273133069952,-0.442221318515186,-0.514505654955719,-0.495938529484974,-0.372279815125187,-0.432276567196413,-0.121665088601632,-0.499125163580759,-0.489128887268141,-0.241756261380053,-0.19713891547845,-0.461116635418701,-0.508515827425598,-0.462148380679459,-0.419104106499171,-0.394872267205836,-0.571647474511321,-0.649267060808958,-0.0941088467558765,-0.506666455903028,-0.472885384727138,-0.491458232392393,-0.423190412435845,-0.345745783338178,-0.426848988579462,-0.405588387460153,-0.553822699748281,-0.584811151581977,-0.317322467131848,-0.382157730829856,-0.42118517286297,-0.400904167115239,-0.360425439420237,-0.439176686475893,-0.459247534285804,-0.46702411644163,0.0791259719751084,-0.458509014525163,-0.314847464243868,-0.461466135671076,-0.23704554051849,-0.38994251649254,-0.344737379670097,-0.389473328152828,-0.562791567146021,-0.20561279748713,-0.440407534667752,-0.340064712329912,-0.445128666910705,-0.481652702632702,-0.361415692660964,-0.431436571441306,-0.368466329420458,-0.417987857786795,-0.502916846140589,-0.393034675580874,0.0816034059709791,-0.118275328781472,-0.373983409077718,-0.49344998369308,-0.354471157517018,-0.478142723847465,-0.0617799798333367,-0.446271953977374,-0.418383749207675,-0.38182440473941,-0.531561161355637,-0.557208841766842,-0.490278680361423,-0.384262124868789,-0.334367004158101
"PMS-144",-0.6005538141024,-0.716448198230898,-0.60314515128173,-0.574405089010997,-0.517408799825887,-0.575693360382225,-0.447280020723324,-0.598299593130263,-0.635072752311231,-0.518244181901903,-0.546422482197322,-0.531338603776982,-0.559183422053949,-0.553884023459821,-0.620894663720378,-0.561535331687318,-0.508853984594717,-0.397238101103815,-0.479288163354198,-0.321971897695108,-0.485451533926168,-0.476177883246822,-0.416081886191072,-0.484828133554405,-0.490191432866989,-0.422515258300304,-0.311079327134345,-0.63941210421653,-0.623937828738723,-0.554945219428685,-0.597064092925688,-0.575085589151028,-0.151847075367088,-0.412000569716852,-0.582506222448616,-0.145587697307457,-0.386300413156913,-0.387272515408216,-0.259442755800093,-0.561046872905519,-0.519365123017754,-0.563108757017629,-0.537493455852793,-0.489017379315542,-0.421362357137863,-0.484011996859023,-0.527085736371484,-0.501596214427935,-0.785683243584613,-0.559355807663895,-0.67290064614927,-0.55097921440534,-0.559597292695546,-0.457237241004392,-0.505102092025495,-0.534946631755321,-0.523355303975697,-0.474096213033672,-0.401937662922672,-0.557111585787912,-0.363731984665376,-0.264054036920699,-0.508475851474127,-0.423720443773861,-0.561319031244535,-0.48337876849548,-0.289804658314274,-0.392201242481564,-0.313468536130217,-0.248182451128933,-0.451012494702116,-0.570210563803157,-0.554192530669349,-0.603773188013027,-0.508544386052303,-0.686428784553795,-0.337895079272802,-0.553457534218101,-0.498283900952682,-0.548694460023122,-0.270478561849672,-0.38126216817911,-0.659136646913586,-0.674154262769062,-0.420987722243925,-0.631840803251147,-0.620766647034592,-0.406539025251639,-0.673976834376142,-0.528575972793715,-0.450164009274409,-0.459617650287734,-0.545853284733759,-0.675322640952477,-0.330918853122307,-0.587992444314689,-0.547433426526703,-0.505019426599863,-0.466843025834645,-0.636254421994032
"PMS-159",-0.149134875811629,-0.392636644066108,-0.407676811842003,-0.381709004666127,-0.427110990514773,-0.392209270096585,-0.406617583325731,-0.29958426663646,-0.278928532983342,-0.36115322517876,0.191270990518006,-0.313799701353536,-0.384879199534974,-0.46483374698237,-0.349771856446108,-0.278278584444704,-0.270034818586016,-0.430952124145401,-0.385340927408491,-0.398724751852781,-0.182931278152429,-0.283933179055858,-0.383653112419094,-0.394047623766472,-0.313663888960583,-0.358512856242579,-0.339429330609424,-0.340635989680157,-0.426317997721941,-0.2969708962839,-0.385679504536275,-0.393612129657,-0.09038846017608,-0.399752686344995,-0.13685162985912,-0.455666887779356,-0.353571389588321,-0.293018447499803,-0.173732891887735,-0.158629011609673,-0.383103897078604,-0.396289166609829,-0.413054388938759,-0.475342573232221,-0.345335058012461,-0.445647509513458,-0.360216285833563,-0.34866470658092,-0.422691369250696,-0.249097925668193,-0.128730115643473,-0.317648485463446,-0.0784019871122215,-0.426530391756635,-0.301396561568557,-0.407529734422269,-0.367037051030914,-0.259651732000441,-0.462368966721147,-0.365178849602771,-0.269260663651543,-0.368310278273248,-0.321023328390321,-0.375494115117489,-0.367914869789446,-0.353312270583524,-0.351067652505822,-0.0165241921797664,-0.344323224367767,-0.551591898734015,-0.292849235478004,-0.434469195577335,-0.45744898541549,-0.359929382285495,-0.460364591793221,-0.38929650235503,-0.436348385159093,-0.273232944009329,-0.429635995504039,-0.414593060015058,-0.402699510434655,-0.391339866626506,-0.362017506133867,-0.39665309389852,-0.457223174393198,-0.379064952644125,-0.314700155675341,-0.412609002487617,-0.170416152751539,-0.317568023999258,-0.460522004962544,-0.299839236244123,-0.452762571580832,-0.494470822567299,-0.158425252202154,-0.412243904749825,-0.361234287973749,-0.292810098503006,-0.505945110443578,-0.506778418272313
"PMS-164",-0.346675475421762,-0.385993979103725,-0.440174094309109,-0.276548668834491,-0.369625766420004,-0.36234123857627,-0.411891086733353,-0.374288953855913,-0.232475767024826,-0.286926641070291,-0.47898808187455,-0.392663404658497,-0.445963212053055,-0.34500117114254,-0.248025513581076,-0.212171729830839,-0.383940495976791,-0.280151591211057,-0.342850809809451,-0.329279715308859,-0.47204389642566,-0.433296809173645,-0.443234173153821,-0.394189008831719,-0.292011398178672,-0.393175712654557,-0.317860361280203,-0.314175664575839,-0.419093512772772,-0.163815493986059,-0.379717285621417,-0.46279667143283,-0.260029230973208,-0.110469465191589,-0.461423049025027,-0.381815176437269,-0.435791001376458,-0.359881324613763,-0.274492898876166,-0.527396711093376,-0.297591406367177,-0.354937251738667,-0.345113506619624,-0.437102538146007,-0.233399844805344,-0.0156714847526935,-0.318021426436763,-0.392709054993315,-0.381104949260976,-0.108455806714962,-0.347421773238269,-0.483626354720878,-0.243051332329512,-0.236788481316339,-0.355124029687025,-0.324879478062132,-0.363592591737721,-0.253027169518705,-0.322932683541639,-0.346234274232511,-0.322791679531684,-0.379748967254333,-0.37565265795018,-0.373306285530446,-0.281974514383546,-0.239781234712055,-0.228902915150789,-0.399888787557211,-0.456016239397691,-0.438613070987539,-0.356604517256094,-0.393849575186341,-0.315879607383628,-0.386305451612725,-0.477559426223496,-0.370214856250701,-0.433182404974167,-0.403092197273452,-0.367831075195331,-0.372172018340838,-0.406556519407221,-0.484361120851124,-0.329675134155834,-0.384820161046481,-0.450031970214614,-0.42962034743556,-0.395840978240872,-0.331640399200531,-0.405452150952607,-0.31977188651008,-0.369105209007629,-0.348162699277863,-0.371398904494743,-0.371037740141558,-0.272318716581521,-0.403127482369642,-0.309844008205964,-0.392296619843907,-0.299420762671432,-0.396285803993391
"PMS-178",-0.778427343315623,-0.624064886203158,-0.77700882413352,-0.577821827412772,-0.613161187552163,-0.81031764809422,-0.768694319344652,-0.758861222770976,-0.770803619827814,-0.733946460406308,-0.788057607693077,-0.71029818481126,-0.50006690861771,-0.841091464912804,-0.726011522989983,-0.820057729688654,-0.92979271146242,-0.669916107031285,-0.640338166652917,-0.71888351165377,-0.424672868004013,-0.752006552696201,-0.659587294232147,-0.723371854660379,-0.59049479742686,-0.606558172849132,-0.780699708213194,-0.75922593168664,-0.658191426120262,-0.693519704040076,-0.775182798380885,-0.59671514742132,-0.890445719796248,-1.13701606520267,-0.464669541520724,-0.775930639761329,-0.791298029587583,-0.849059631211423,-0.453308842487329,-0.335122897682908,-0.636157473091563,-0.73533238717169,-0.773603272598888,-0.793418385843805,-0.917445841104646,-0.718077017911938,-0.659996516280331,-0.503176314936383,-0.775635467763706,-0.947301952211237,-0.890338492349575,-0.722689644776281,-0.732027805737421,-0.681172756944737,-0.855686537518702,-0.793801552054553,-0.8989546778548,-0.444823675741576,-0.976326834936991,-0.72539895399181,-0.997030914798127,-0.694954479437791,-0.944879497739823,-0.921605176283281,-0.789315157608693,-0.682347284532791,-0.840119531772037,-0.223728525811515,-0.572139322181209,-0.796060938595526,-0.590046887499769,-0.664806501314773,-0.949905631370382,-0.922253227745797,-0.398540369923687,-0.689036528049234,-0.710726062011821,-0.497140463362325,-0.62594182787822,-0.735859692608529,-0.568282390020851,-0.667143171376597,-0.69853287977581,-0.708902994906688,-0.533252421949224,-0.760323535937279,-0.86160650652281,-0.774100412243699,-0.868635298577729,-0.888656207507154,-0.800467855241435,-0.728663381669341,-0.760639754999637,-0.879768153313685,-0.489246738541341,-0.830287936195683,-0.660810891171841,-0.747219024824288,-0.705612625339523,-0.836217903834415
"PMS-183",-0.0945476315631448,-0.236060461886168,-0.198861509383671,-0.282119466701738,-0.253059375989989,-0.283973341403293,-0.229768733132324,-0.089034516297265,-0.231356798897912,0.024187604930018,-0.0934851647755193,-0.22883989267331,-0.145936034562441,-0.034173673822664,-0.00627197075122931,-0.194170878089092,-0.165028192585612,-0.212619629729042,-0.174367074671612,-0.234714559958693,-0.113858351642475,-0.173754495235997,-0.531060620327551,-0.0738692179904864,-0.162331226333971,-0.152295171564869,-0.243559851830993,-0.178209652624412,-0.0577223969710274,-0.173976362733565,-0.257107357938983,-0.0814035090677998,-0.218135143681726,-0.415490147538889,-0.162706463496428,-0.237557624856292,-0.0172632134857969,-0.142719485982039,-0.143983442147292,-0.336103783873714,-0.0775636144128176,0.0475861831843847,-0.226257791786108,-0.226784673609017,-0.197747189014164,-0.331684757398624,-0.383205553922508,-0.164997069703247,-0.299462496347187,-0.322499653953204,-0.109684922990561,-0.277337356909138,-0.357705249585354,-0.18183749408675,-0.217268473628413,-0.182973251650817,-0.291188258858139,-0.200596077828082,-0.12582021576426,-0.121096869613998,-0.384266727415922,-0.28445586507868,-0.191947633566828,-0.235775298413451,-0.351678687307496,-0.191517766754152,-0.287864466247261,0.0999192865292217,-0.116528124953448,-0.0208487801458054,-0.208298673827406,-0.215615571527072,-0.054729997269532,-0.15118807453067,-0.237655425702164,-0.260078131918746,-0.338925363402417,-0.306980826461371,0.00982142338967044,-0.24527822848271,-0.173001179067875,-0.232448013148639,-0.191995536535936,-0.209326141904317,-0.21583055192952,-0.239061436756176,-0.246853906078072,-0.0128577804188483,-0.313138732250534,-0.156509979174664,-0.263321189218996,-0.118725510948271,-0.222122861580947,-0.198707610864088,-0.236305142483742,-0.281402329122265,-0.157430802168192,-0.221113890841982,-0.121763621914071,-0.207885363597127
"PMS-204",-0.12044138275699,-0.198985481255158,-0.212660505581213,-0.175520985079864,-0.213541228443418,-0.182662192214281,-0.0700069499049254,-0.165051900473391,-0.247532154197612,-0.125822788116717,-0.147249687412626,-0.166346903318442,-0.246074716830158,-0.142199519621613,-0.271743167281886,-0.184493988608242,-0.0711949090366049,-0.219635280311875,-0.181238536181141,-0.188328308761312,-0.18758718603055,-0.184215228404418,-0.15576347929009,-0.092533220279713,-0.2754327287135,-0.255716495211049,-0.101682102021103,-0.0656566773529234,-0.15226324010805,-0.340373887797371,-0.118319968692009,-0.211121952272488,-0.115262795074558,-0.118807963643635,-0.15699748016376,-0.0911500763319803,-0.119942476117336,-0.107747569753279,-0.114928813128667,-0.0538067435523358,-0.203448510061939,-0.126049798883293,-0.150539121217605,-0.0852303005345928,-0.345555634829878,-0.137190362806685,-0.27834017598446,-0.343209191061854,-0.21849629627891,-0.155389522501868,-0.154420714401989,-0.249086628475897,0.0375041401888525,-0.133645169015639,-0.18860392210782,-0.138508612242409,-0.288221893441595,-0.154419717260171,-0.257687839436328,-0.224283135956802,-0.302273410355232,-0.173367913174125,-0.163601922054141,-0.144009190454819,-0.171461318296602,-0.0860809365328699,-0.234239471900579,-0.159546899906192,-0.217233031404918,-0.151395440282315,-0.220372563664707,-0.0855770026879216,-0.139871284161304,-0.144570242492319,-0.246206901149949,-0.170233982758298,-0.230240877620721,-0.214302513228488,-0.212742346128373,-0.159372719075042,-0.151717523231918,-0.201971540399531,-0.172240722728777,-0.135662143246105,-0.195129220800721,-0.157968762232302,-0.0453548772325509,-0.109944111132338,-0.163788306549129,-0.141431620402566,-0.182365829933171,-0.242268086044397,0.00731368946932686,-0.236989685886479,-0.175240384976865,-0.207398108157359,-0.299890144763229,-0.159096073539824,-0.169624643739377,-0.255493284211495
"PMS-272",0.293365115104113,0.479796775163109,0.240906587142344,0.361463985115123,0.231022189292781,0.259792175896061,0.174491497272916,0.344266078104922,0.30383946032926,0.279313103612871,0.307509035214322,0.346624358579511,0.222159889399748,0.275563283506317,0.306307995517233,0.209655572230189,0.171322935484638,0.378653017345853,0.225150766794303,0.375945926545105,0.277095087022334,0.309022863181983,0.251788536221807,0.273947835020523,0.337400232582565,0.265518802226902,0.353034233154168,0.362954308805183,0.290949388634729,0.10457361293486,0.238095937409402,0.333283604379838,0.134464593338792,0.332766845614105,0.196223230290838,0.310100433521296,0.299841755986052,0.286425501622411,0.231292973223872,0.249909142959912,0.305177664046321,0.276053672991233,0.147913371291312,0.361699266845829,0.295013382689806,0.494729121451298,0.318437997271459,0.230179597317116,0.272440011941748,0.353043716609994,0.25922247675865,0.401636882665867,0.307775626207976,0.247116916067812,0.239301144660751,0.192302499176771,0.357125818707585,0.188692214335329,0.395147378139864,0.246149239194755,0.257826884486235,0.349453756014725,0.165997272321251,0.238307896937944,0.315207387742791,0.314118592952526,0.240605414393099,0.270130804567288,0.35498815815319,0.387328084148073,0.410105146000434,0.366781580340749,0.254475526507259,0.309177996952762,0.265720561357423,0.280031773049838,0.159219035201109,0.302187523880364,0.376094816839811,0.400717344239096,0.259567655904693,0.334258326465823,0.361153774742768,0.285268884259765,0.409861919796942,0.0905202126502564,0.322201243677628,0.304931737222355,0.18288586548656,0.249244132527523,0.280545780159984,0.210801662542155,0.359057792021383,0.176843683242619,0.28250044953807,0.356625846062292,0.361718055800574,0.36786445474641,0.301648426978158,0.227473617683425
"PMS-285",0.589600810119248,0.556711256531221,0.43996515078421,0.500314216236683,0.462388228918662,0.417275421678183,0.532015816908407,0.52103761720238,0.555454428635595,0.508887490686184,0.228055802783655,0.672182379063644,0.482820834839234,0.534784987190052,0.447179212225829,0.44097044031897,0.3000613589216,0.665073110312193,0.526694495111825,0.559420337930791,0.492763081739069,0.608219318028344,0.362142269335143,0.739677338725151,0.343838604070745,0.585762665032948,0.576686436107748,0.49051890918444,0.717485858978532,0.535253164071261,0.432519395276676,0.448281042673062,0.502707471117586,0.559298374112172,0.659008025659184,0.755018833357393,0.572743144329499,0.353235667993402,0.660391027871516,0.53512716666087,0.620614113802156,0.439051320644353,0.616830920416217,0.472022270609238,0.450681876567802,0.470254156166931,0.701723619320927,0.367265692196435,0.55888477069821,0.609422976786764,0.470263310468654,0.486508471100679,0.784490916904066,0.500715573715387,0.687547335131729,0.468358839102271,0.531634033287934,0.597408170571673,0.461650815830691,0.440344412729555,0.355718698767341,0.738348576169761,0.413745998758275,0.555252651441373,0.513534385280313,0.540967947821732,0.370045531368296,0.531851065722677,0.563623620827349,0.470199660276742,0.820016695818837,0.457457136892561,0.583708515296035,0.558323037814879,0.479318590083862,0.383901899216259,0.549889140295033,0.606012911185848,0.387682113630278,0.533853324017503,0.385613703140794,0.413590285412514,0.841333563591414,0.477549084349124,0.770146072502733,0.515225681176551,0.50117265241401,0.553720497535731,0.564122009314396,0.531517169998199,0.477272990924189,0.264359518859942,0.649284770717476,0.5296424357457,0.517555951421997,0.686513505804118,0.535430461228351,0.573007404654365,0.354603712867269,0.701158866764701
"PMS-293",0.565684644605692,0.389546211007384,0.410518033511525,0.607235163119372,0.447890603936936,0.485216760170801,0.432335506160314,0.641336492805611,0.417794313551781,0.37432047991179,0.570777191271644,0.532958041299021,0.424697387659664,0.510235200123799,0.497388351448871,0.50588676953473,0.540355956713602,0.482766845025707,0.440903925728465,0.603634972382501,0.442302196538591,0.413113893861658,0.483718217707564,0.513862267988186,0.4905863550731,0.327034505897094,0.515848332627103,0.360913124596571,0.334381383196279,0.416058329297311,0.516267164767815,0.509159883252973,0.490847616722862,0.511291671042385,0.45747233883883,0.422977330573862,0.570669181832967,0.470375927210008,0.674298608412277,0.500987395188525,0.435252638318105,0.492903788412198,0.514790318142065,0.362775402788034,0.462975658868924,0.304479781113701,0.500594306289379,0.372666342580064,0.565246502378116,0.519520812311356,0.564768746250058,0.434513285420733,0.538313016769756,0.464877940775941,0.314259872360989,0.552579398544505,0.424423313605096,0.442361879739304,0.563231785167644,0.31179824655576,0.166970545222409,0.249909960193856,0.339874166455235,0.57342819590451,0.377388656181009,0.335162513264912,0.509064515502144,0.551730501019118,0.450295371739161,0.326520119517224,0.330319228141323,0.527250773019784,0.583671933733542,0.423577412823472,0.492638549084512,0.318359695479717,0.476524201071987,0.445386841354681,0.357629350707671,0.34866615059859,0.390129138215977,0.53669455781338,0.5398595877985,0.532646922752155,0.513953531739259,0.408061888423985,0.526346497679362,0.386601755362246,0.47225290701419,0.588281819826024,0.426384145596474,0.356845763704428,0.531383193395347,0.261529286290229,0.497688402413216,0.364067471744786,0.545819665923284,0.376820761728781,0.432121382374005,0.287237522923004
"PMS-300",-0.105964578561973,-0.224111263688008,-0.162409531917268,-0.208813509816145,-0.337490496125367,-0.128960438408369,-0.162555244790288,-0.106952938775545,-0.191195375890719,-0.181310857861661,-0.164073562256327,-0.310184734653705,-0.199004920756963,-0.14354523525071,-0.298761354779424,-0.0702986380922947,-0.229961158814581,-0.273572628089632,-0.215129603349763,-0.145153094136694,0.100294357826218,-0.191094194629903,-0.456233113506503,-0.173869245904083,-0.216644514556112,-0.0636517255725651,-0.421206846221096,-0.154452089014936,-0.220134348248175,-0.125934188709308,-0.131476179096737,-0.314317666954743,-0.148637649969652,-0.244283296827081,-0.10448689187353,0.0438230684956589,-0.175130643875186,-0.0726719923891056,-0.252825731385842,-0.14962932320667,-0.124104384427783,-0.226890138156867,-0.122439327443732,-0.101645552706583,-0.144263449961824,-0.223253323967599,-0.353537809632877,-0.149343164530778,-0.149279562202718,0.0981268818214104,-0.178409613544214,-0.440038692607273,-0.200066887564731,-0.133810783862671,-0.187696185300302,-0.105561038572891,-0.191812981360694,-0.00747161459165387,-0.135485031108812,-0.195754740437419,-0.118909453632056,-0.0855861319120604,-0.131128720988064,-0.132951073366748,-0.247694785524859,-0.321174793887021,-0.288256520425998,-0.0333282925764277,-0.303479819638211,-0.169217786053235,-0.105652611734361,-0.153552687605394,0.0175246955957781,-0.199803971781304,-0.0956599104147474,-0.218678417336657,-0.202376572387123,-0.161343296273719,-0.23931225770736,-0.0296555698052224,-0.136385104551712,-0.196487803205813,-0.172638272507455,-0.149727736763071,-0.182560256869803,-0.148698468403742,-0.150334717210633,-0.143454768174199,-0.164344839055255,-0.124033471337592,-0.178836449858416,-0.158092304085326,-0.244280094568555,-0.239369317773894,-0.145074024551322,-0.123915564184176,-0.230112823661199,-0.297370672341711,-0.0592922929038372,-0.271750483227012
"PMS-303",0.377437967388621,0.623155008166801,0.302710776068767,0.348695513096628,0.338772412482306,0.171286608286494,0.299951224497916,0.369242413468963,0.414549000900733,0.346351250852486,0.330012893370169,0.412497079100816,0.407649503613524,0.373114363446506,0.310642642817431,0.260347115359028,0.276500765462804,0.380024970815029,0.28125967136393,0.532861889631727,0.275851210848112,0.323537539181412,0.431080170765039,0.327008171809265,0.419220049313753,0.31537237267391,0.425583685424051,0.241821283982952,0.142486014098914,0.307359447270552,0.387411067959146,0.314223402006803,0.452202049980712,0.430837634803552,0.516192269477495,0.332123650866856,0.326378501665636,0.126974084298769,0.145807235969736,0.171658571650347,0.480005486948241,0.189634847904797,0.323207904768401,0.264486544174871,0.0539331541424885,0.293699587105372,0.404559717753209,0.101029148388963,0.361002073777728,0.240325973796943,0.423443193253795,0.18593534060187,0.280908613369655,0.241310997580426,0.22199779370086,0.235286703163862,0.284704826007649,0.38437755199215,0.328727107952231,0.347392416920284,0.248746826967488,0.0731794564930428,0.209057974057011,0.297900688405549,0.480649343595084,0.150732742242609,0.399271731361019,0.311205976735355,0.331324095573466,0.413890294605168,0.192224177186819,0.264651913579091,0.616813524301536,0.356236771622111,0.337856986880923,0.417970397522532,0.264685063066216,0.257770525516503,0.450977094568688,0.197329945761935,0.35073528428268,0.289091264297808,0.403906652098133,0.581903462878433,0.195802350260712,0.116929244079396,0.273316074055297,0.20392061377661,0.161740871452124,0.346450245287738,0.330208439944457,0.395348411090726,0.305886269423525,0.397553634008577,0.240461324211138,0.17363341745045,0.355708196690757,0.249863080445235,0.329306930593954,0.269894903361448
"PMS-306",-0.138473375078309,0.0979593093937798,0.182668326801547,0.141966283487342,0.127459758936063,-0.0608747837513503,0.000286650156146033,0.041426633407474,0.0775847884607894,-0.0207472625776951,-0.110172847329617,0.0331067063127699,0.116438095178317,0.0324603019681687,0.175464561512791,0.0432734671194065,0.115655894334332,0.119270209086627,0.0925870885328424,0.320985699877573,0.0558339450062164,0.0328491395129521,-0.127617990961533,0.046164438516426,0.0384162261369041,-0.0439877728516228,0.0557219449391559,0.0521164351822534,-0.00329541104613314,0.0126807067845591,-0.0125273354333369,0.0131163412647736,0.0305226045904127,0.00858611302255954,0.107190259685422,-0.0776380687474279,0.0499287011961156,-0.135176378477668,0.160435460688134,0.153440446764657,0.115173587527388,0.149084869313815,-0.00552532158601882,0.0221184299829583,-0.124081043624727,-0.0622318010479928,0.09350386991709,-0.113085623691483,0.113904361642284,0.0613243738226122,0.0630632722479989,-0.173637560102527,-0.0975108670685108,0.0163606418068461,0.15025973399964,0.00873732760564854,0.129403080993305,0.0654356832197091,-0.051125307397017,0.0964534885699796,0.069483492833349,0.0970675150179653,0.115158067201128,0.0825917337670958,-0.173221696321491,0.124149286892381,0.0225367916739362,0.0249651859478629,0.120445895851686,-0.00160477639433297,0.144385199809294,0.0927186503231546,0.140997905398446,-0.00979830791581135,-0.0628699184692838,0.0271383494011426,-0.00453851696902505,-0.0138323376120207,-0.00600515403349752,-0.0112330546458496,0.150386036215381,-0.000351312985311547,-0.0433450798150991,-0.0676754158385808,0.0317643477536236,-0.0349458886904789,-0.0809008646835654,-0.0543042822595198,-0.112733524658638,0.154707843607972,0.0851625242193699,0.0410574322703398,-0.0483829786071445,-0.0232263946093842,0.0792622763232021,-0.0744296317092214,0.129435609148273,0.0460401270533052,0.0160126097536958,0.124805358452385
"PMS-314",-0.137566079749179,-0.0234180310013492,0.124200202222788,-0.0345289862704652,0.0933339102049724,0.0512802490035518,-0.00307769662338967,0.0199560770671924,0.0681734259238574,-0.0359075766928721,-0.0590016933285048,0.094559170284641,0.026163358066232,0.0203829115933772,0.0726572170927297,0.0423851188869948,-0.0150061580993356,0.0460598838951716,0.0907871218399119,0.0130411540946134,-0.033272491236073,0.069875388163206,0.00332688328047436,0.0666563955636409,-0.0859597458859367,0.10227519452647,0.0566835900334766,0.102281424980035,-0.172114433270712,-0.170273338826956,-0.0169915567620973,-0.0126046863969651,0.0941085932672786,0.0537393569164653,0.14817037872273,0.0841194351596873,-0.0563670845845664,-0.0297309795882153,-0.145074140160912,-0.116557251283956,-0.0117481621840176,-0.087746067921611,0.0146335538469967,-0.0140398912807859,0.00923630735705939,0.110041181946961,-0.00168079682748493,0.151638053088156,0.0112382504839997,0.0152702288435187,0.0782276519408313,0.0173662293798706,-0.0028760861202944,-0.03681696139776,0.111634188527812,0.0506181906430423,-0.09235552643697,-0.0231118836761237,-0.0346384412613764,0.0704787797059449,-0.0829303995607896,-0.115584854915117,-0.0393491803565986,0.106316784278547,-0.178662297644138,-0.158505682148682,-0.0765828988565745,0.0296341912526899,0.0903499070923165,0.0122066254553743,-0.00172185506845732,-0.0649678635938965,-0.00488508010859031,0.0603012866768494,-0.0100677404637763,0.0523787566671163,-0.049646482054112,-0.0578006399702554,-0.0101450671617555,-0.00858395700289183,-0.00703062598624456,0.00447967633657962,0.149616643249895,0.12415018272523,0.0406713836736929,-0.0284438134147314,0.0415696502839593,0.127206810479069,-0.0107542157586537,-0.0215012372964548,0.0529632315835855,0.0354126965463619,0.08823802440634,0.0303437595949358,-0.102856918499277,0.022718493549244,0.0471728506018986,0.000891351704269801,-0.00242894942712438,0.0732076232312225
"PMS-347",0.634084161534126,0.699958071840482,0.5909870838631,0.467306690956376,0.643062128019454,0.658787502631592,0.647205034632606,0.653206855278848,0.583382631070655,0.562329609623444,0.807499477693635,0.469012101908699,0.512871061620708,0.674028267486477,0.483452599019732,0.464528667006497,0.871279006256971,0.686848808171049,0.584629664822275,0.517366224260099,0.512814239001848,0.581202143224388,0.686176894374248,0.818016940461079,0.681451936370737,0.61294296592902,0.726360579518138,0.545942026137151,0.629358455850489,0.760128317475947,0.615970391748533,0.668700987240332,0.517132082676049,0.595202361650775,0.626356138061156,0.581872362104581,0.583483021060095,0.460543049837296,0.614937143532178,0.6374411156893,0.38707246593706,0.603001863751729,0.420456571437711,0.468895388771009,0.696890465259454,0.352947146980326,0.393934029721334,0.678868982606661,0.861353500136774,0.662524342488612,0.682675824052929,0.723450859340467,0.626740723145615,0.733144398756633,0.695871225424459,0.804141925437228,0.454725654873651,0.556269318119334,0.438795202420165,0.580924307793585,0.214516624298741,0.805434497751736,0.447745804397989,0.73027162661661,0.64961024802668,0.637699425834155,0.836051831510059,0.781152498749722,0.773482698429674,0.68769774643861,0.482140777219407,0.535077991631875,0.751263005815574,0.637206275778628,0.878086196007401,0.77401164053742,0.594870500409664,0.649976468566412,0.592246888609686,0.655469314613897,1.06679367392601,0.880472111695437,0.64825529126149,0.542931752297504,0.445494648643488,0.820914925628113,0.740087395568012,0.632416759451527,0.782272715712572,0.692078991671133,0.60898421107362,0.693362560380138,0.640527890668198,0.431869916762474,0.645234439184747,0.395065320425745,0.931069881736413,0.85500526557626,0.94920720688704,0.392735266388642
"PMS-359",0.930735162086126,0.823994518957498,0.697576215453568,0.819963834633739,0.48600956423443,0.864460532869499,0.818372881275616,0.765793830639382,0.733177320699988,1.04157617073293,0.890817833989661,0.982331463303494,1.00920518929481,0.952081919865252,0.796561334479079,0.668113105501702,0.737544083909266,0.846109996093934,0.744011056072571,0.952322745879188,1.01046399875023,0.924700865209107,0.935446343010427,0.951721742224462,0.750250547106943,0.715519096275098,0.808340097405514,0.767747150587602,0.889827625302352,0.995096331271162,0.814391131286051,0.68443888934819,1.08779920231826,0.853567029502648,0.983319627196385,0.934298151717271,0.570778723703918,0.934846966064031,0.705693620179358,0.794113787401719,0.901157166681864,0.819057186703531,0.838718332776415,0.918411595728951,0.829945972437094,1.02419164719132,0.718701696675322,1.00632891774908,0.818557630108924,0.862443331135962,0.77246492315457,0.67372852356507,0.750982028523735,0.780577098157361,1.01106500407553,0.883794743762915,0.748836628244611,0.991844669741315,0.69295417913354,0.976793077471158,0.819566035799236,0.73245336647007,0.906066178114387,0.857599585692084,0.808332947354045,1.05465097880264,0.724926619644307,0.845600657567376,0.790193900364982,0.86229004510457,0.949212788199067,0.945624806054253,0.731761655225181,0.809909335576193,0.985630770507185,0.923653815175883,0.93052869944513,0.971818891943763,1.10685792153883,1.09065054124604,1.03591458364814,0.847722239323957,0.775635394102824,0.963389811105517,0.683846555429081,0.925509393831502,0.76949775696382,0.912772909391586,0.617885541231899,1.05832728031019,0.98155909675345,0.798549362186849,0.612634724999949,1.08489444242012,0.755682397323352,0.955989197040375,0.730485378977409,0.75716643509059,1.01110812106204,0.913335616370092
"PMS-397",0.725147256968147,0.687756298246269,0.631542473036731,0.531457299117057,0.754707364121,0.799009328359376,0.751184385609051,0.62883995389183,0.898696363965982,0.620777710553419,0.699130687759261,0.577749759242707,0.791613690694641,0.498738182826371,0.914337349286542,0.573539705752301,0.768372056946699,0.716383390700154,0.704693249653118,0.821330251017642,0.609276724083511,0.629571612374957,0.518815375824668,0.52766227847407,0.64017038510552,0.786661880215316,0.765652616730783,0.822616204082296,0.737687427041553,0.656329286640035,0.604144660721622,0.727979270592245,0.592870102687239,0.794930582028687,0.415313230716754,0.639937340670624,0.855210357101544,0.615139243466594,0.663851948164071,0.359015874115114,0.375666580713679,0.799166893845653,0.394353235589792,0.699335579653346,0.813440927067062,0.665949151220009,0.790347484884064,0.690521539836083,0.575297807556822,0.743474360579775,0.592579984227792,0.693164916144516,0.674041162301396,0.599276597476314,0.869518822344187,0.720418953878642,0.551892731541553,0.493706208651643,0.460215264925367,0.767986918662149,0.279482752185002,0.393887056771995,0.704886492198755,0.604462207474722,0.80419706445424,0.447383449747777,0.681109080526178,0.754614968604458,0.645109404470729,0.496006847667613,0.532124104859346,0.799087074410945,0.753451056864356,0.63642523357941,0.663867134480331,0.530760911976744,0.565632567482407,0.880762643694346,0.315980505874785,0.491764829283267,0.383994791468724,0.715317759450008,0.589480875847671,1.03396601516441,0.518368576217245,0.730607694329195,0.875864414970329,0.608182036547795,0.709200096506771,0.657956731665254,0.467679068513071,0.735078272215495,0.643038920058844,0.648509806755765,0.743489131332825,0.78783344736696,0.691072502819871,0.820683080348328,0.629372257508541,0.55836492242441
"PMS-425",0.228025336022463,0.183720604364529,0.123653309823053,0.052372339810514,0.265786145195548,0.359574271933413,0.299113022450307,0.18545273646368,0.216525861030685,0.286899390498543,0.0497847706723257,0.209335393725748,0.141062159331677,0.205974807031801,0.0690000207269332,0.25843474047905,0.237527073935961,0.199525935625354,0.269207621291797,0.130199134355494,0.157845207105483,0.238342667382037,0.146460434653369,0.176979577693919,0.151463147338759,0.107990350603933,0.100414283559394,0.301113069217063,0.298832063712772,0.349723308823344,0.201802741684641,0.240111576916933,0.312229025796675,0.109282935371347,0.352056968020401,0.205890188325862,0.257213677582997,0.144206653117136,0.12007751475824,0.207901610200463,0.315541654673574,0.265713074025115,0.317604165750029,0.200899240311043,0.236008224944091,0.241561580027767,-0.0448417197316389,0.377470517892749,0.306171549790576,0.098589094563727,0.239822631841432,0.0567327138540483,0.197372674291933,0.342679028161396,0.173150503172439,0.294107154927231,0.223815496803506,0.252542316432485,0.272357953293838,0.122887945962538,0.14501621190762,0.2921976818784,0.232997574801407,0.226521798088446,0.24096279279518,0.18510098912423,0.310032549015918,0.279136313988643,0.288369643771846,0.259843624703394,0.0301205937365446,0.248302001221502,0.234699862350462,0.161738496315047,0.10396255041181,0.105345369590355,0.251103825203875,0.205220661335136,0.156535777506682,0.634320746915953,0.199283375082404,0.254230880384347,0.179777895007205,0.116050339604293,0.251966956284229,0.081454256676749,0.207710219925814,0.213973790731422,0.283452012518239,0.387321778054612,0.396025582741012,0.193574932031941,0.25005425187998,0.0587539477399548,0.231649858177992,0.271844203516956,0.230988892279154,0.134512902567725,0.255645455847044,0.200739606555245
"PMS-436",-0.725074783157803,-0.761863301016537,-0.685646357196942,-0.933072640389058,0.193424043655353,-0.692301236089456,-0.856087852309311,-0.858619683653744,-0.849331066335971,-0.936648367522992,0.408194711004153,-0.812964349441972,-0.711570753679856,-0.934928062413953,-1.10982630558462,-0.961558283296677,-0.782597088216994,-0.953657521480347,-0.809674535090796,-0.934511406299147,-0.759371150251252,-0.943452641231071,-0.990527795712051,-0.944137758521971,-1.2387634467107,-0.599626094741445,-1.14805517804302,-0.70128348469054,-0.984851030252928,-1.05382992365596,-0.871844468276561,-0.840946293710632,-0.848847799844753,-0.978380378950041,-0.894901479610854,-0.619881643681277,-0.896164760709531,-0.749397596011664,-1.26298185074222,-1.30643152356615,-1.01178827784875,-0.864943469889734,-1.03015311606346,-0.986746000857283,-0.826245218219633,0.289985680771823,-0.795810227158502,-0.899029711823275,0.324611820833102,-1.30012905772883,-1.20060724505829,-0.922510060642802,-0.821430523717336,-0.799639001107517,0.266284070235317,-1.10599092430148,-1.36677042767439,-0.817948663443144,-0.938404123476034,-0.691582065122823,-0.979991534546117,-0.922683921978664,-0.852345816403696,-1.00418577278999,-0.944129165877868,-0.737875958411674,-0.849180124558073,-0.619449113638194,-1.02166350303721,-0.860133993731769,-0.808217675619561,-0.685927932561543,-0.916539060992235,-0.895003569195327,-0.728506477635183,-1.21816353410763,0.250517328701322,-0.780044923986281,-0.921980632354471,-0.981327575390286,-0.825399548139055,-0.568670719216725,-0.884639332887214,0.262060678567316,-1.22146811201099,-0.918622372083,0.316638263977787,-0.75033150052373,-0.479836541177159,-0.940148287274951,-0.588022192539947,0.21824377813625,-0.759538577798153,0.299779150281484,0.340353587560848,-0.821584641117578,0.194075357294384,-0.93076169006523,-0.837134731384812,-0.763337306739942
"PMS-438",-1.03500733819128,-0.960922328622301,-0.957126772816254,-0.810512599606793,0.211897994057697,-0.825334670540101,-1.23910658942746,-1.01666767147373,-0.877065517040199,-1.16483006992999,0.413256507415969,-1.22935236974183,-0.760577422748664,-0.830536626081225,-1.10246642865804,-1.15434397570429,-0.779392872359467,-0.875785932949767,-1.26909802848092,-0.796090716076423,-1.43631233894728,-0.794475342242192,-0.651680931895929,-0.871262499068399,-1.06349471339686,-1.04010272348842,-1.15995839337673,-0.715711182899871,-0.980937252055992,-0.809108415986109,-1.0688902735099,-1.27973330599856,-0.912753893170824,-0.693491283123151,-0.880869900172679,-1.01983879976253,-0.771595709960917,-0.843079100038354,-1.10511583533773,-0.613576916214,-0.690582777889178,-1.0123232505315,-1.01023109133387,-0.961537666581506,-0.953731965962645,0.29090421167464,-0.724198790676901,-0.650855390051235,0.326080096312775,-0.741328869567301,-0.925989988556426,-0.602818760464711,-1.27502395598354,-1.04642135405616,0.285015902883174,-1.26922809802269,-0.878026450611605,-0.768228984820623,-0.72977860972327,-0.779256367236686,-0.954673436332043,-0.849688060190791,-0.830607928914978,-0.64302237720859,-1.17008495514833,-0.870544607037227,-0.864229024306388,-0.998086009159249,-0.818768216997493,-0.942576801729392,-1.01857192588496,-0.918176928595603,-0.914942966009308,-0.953791276775656,-0.888131638168332,-1.08110735183113,0.263258589510986,-1.29248712458676,-1.04866945615736,-0.789629701684713,-0.685178892475797,-1.02991099413161,-0.764426353431292,0.256871124515734,-1.00049524001895,-0.913046827129606,0.3301417849836,-0.680840224500502,-1.05474890024835,-0.872999820425008,-0.74707425566024,0.225610551616861,-0.917846163653022,0.315815217558087,0.349834589509132,-1.08692516349527,0.208988808448404,-1.0157775348259,-1.01802810172074,-0.940979094526485
"UI10-00012-Cabaret",0.61081006984586,0.794938536204896,0.697099268003009,0.725217055027244,0.659240453315349,0.780700179838583,0.813745627594902,0.80087299323852,0.762939934434649,0.917542735650361,0.794131785084132,0.812690776962926,0.626150016615312,0.743044507673893,0.421016999275009,0.758814969323338,0.758250579420115,0.732627989306728,0.774761744914525,0.715460436466773,0.719629732929415,0.5177816958497,0.588519382883437,0.763552474578214,0.713601723957622,0.730340893025749,0.728930638845357,0.963102336142875,0.784131251474388,0.829299245499929,0.65912271345046,0.745264453806222,0.694396478620337,0.745487363098188,0.515065668539056,0.792314398779261,0.621110673664782,0.741340698766417,0.792149767821545,0.791840179400165,0.56905718239036,0.676276709513688,0.71708872061392,0.705834530608731,0.709031683592312,0.776429905142824,0.655087202592917,0.776011486173214,0.658648650105929,0.422834910685141,0.807878511616756,0.729474531007316,0.774804878982938,0.779935155704219,0.750664970050824,0.791539269058691,0.910806489857719,0.62325218970777,0.526233552314036,0.836311287038285,0.748317841099267,0.753891669043415,0.797116503415601,0.460585372445647,0.808281289321066,0.766828942028785,0.68943671942841,0.735318962118572,0.766081535512703,0.765373585378156,0.703808315420862,0.482760408809469,0.792076455906271,0.707477377677857,0.785967870778287,0.766835309932105,0.697279396022481,0.949181667816423,0.944092796765415,0.681644052198512,0.686565884559262,0.716607798932615,0.849918645186867,0.812960151380439,0.88745911714742,0.733056103655568,0.7362508955999,0.765041497988455,0.707324285530344,0.966558705566702,0.690822860574968,0.681377016874542,0.700666647415974,0.686922950841834,0.799117312372699,0.605514113282293,0.695622130145767,0.987131610195595,0.688748878777932,0.550843292441448
"UI10-00015-Cosmopolitan",0.590874824272371,0.698027450928727,0.618023434391008,0.655907696415592,0.3894049528857,0.507548213873481,0.880479617810777,0.851122640385608,0.674001844638139,0.830221965766676,0.645821830066766,0.697672219340601,0.608551808394023,0.647001620058632,0.664028959662843,0.628071019063686,0.346255340390813,0.333854019084784,0.684225585892394,0.654250647540809,0.732170589700066,0.530470853261548,0.62809948476682,0.890385500072805,0.372872134113636,0.644906324408919,0.581071322531426,0.652875676688618,0.656313763253488,0.705125754602929,0.509709396407548,0.67716173916916,0.34466228702393,0.932707776104044,0.525175265884512,0.685377442693984,0.640408953347208,0.739851758760251,0.598750264301748,0.494366585602183,0.672607657313476,0.641092132034382,0.606924874122513,0.555362720434651,0.673948547424153,0.972950733562476,0.401537431142683,0.642380962694775,0.696017310946235,0.57031562248908,0.583826036937889,0.608938112251388,0.652967939799645,0.615609216786383,0.388963218408338,0.685536076589763,0.62089790508703,0.732870257202235,0.32502536777696,0.618128164580583,0.685389569890642,0.551039431082776,0.628890991641742,0.604811459757638,0.595734722301752,0.628883748590421,0.643899320937083,0.652693352043451,0.627725579518129,0.672626145350489,0.676775369175034,0.876337687533204,0.597168387292077,0.614497865470383,0.388496679773122,0.660031302591996,0.628122973901463,0.850408095740273,0.605238669462216,0.586532994383936,0.631791359453657,0.757969027403183,0.58227748096067,0.660151067632495,0.671561356896852,0.776335915289894,0.621360719645454,0.686201234510323,0.854129009708688,0.380457282882094,0.575631769092724,0.608835830168664,0.59968943447514,0.58431375499868,0.720737976736936,0.505977537886606,0.578353108173389,0.62986154977344,0.593100483268857,0.388631105718651
"UI10-00017-condensatus",-0.0576139248210277,-0.188682374992311,-0.202546033380753,-0.0177254899777369,0.0768838987346542,-0.0595621123349312,-0.0782381889158009,0.0858072397684353,0.051424622785975,-0.140148081706227,-0.121076437014054,-0.208255731732292,-0.0673381323533716,-0.154182102584086,-0.129014107463629,-0.114018792497345,-0.0238989283308236,-0.0726654489194666,-0.126147589029285,-0.0858121819906466,-0.183041169262843,-0.0924563451995599,-0.109250000152276,-0.141236567801333,-0.0167631087905716,-0.0840584621744155,-0.154718432423129,-0.162024960119844,-0.0461788448504134,-0.0628628548249894,-0.0340929896027219,-0.0774793835238307,-0.113516673879036,-0.00666571524178747,-0.306547550710859,-0.0894248842433593,-0.0515893181378998,-0.0632015968043053,-0.0386252476667145,-0.0414712677684983,-0.141615413907134,0.0367459303166837,-0.0707876841026245,-0.189093472152135,-0.0555993684296208,0.0308216004183298,0.0654563414456763,-0.063324341466205,-0.096571318220989,0.105484426070122,-0.116116547752624,-0.0736197888448847,-0.0556404890445848,-0.184193608967494,-0.104621131003451,-0.0492301183758859,0.107220811185291,-0.0675056287146882,-0.100706993181351,-0.0315851818887903,-0.0608989608612023,-0.141515452653605,-0.0644862640293627,-0.0991592929590962,-0.108578083608601,-0.0456709297897525,-0.126379475496355,-0.0408843759418498,-0.0309462905414728,-0.108890033294182,-0.0960418712804427,-0.0896881837728746,-0.0661815335487639,-0.0594776353931516,0.0687493743613319,-0.0831859106303942,-0.10071708909449,0.0219507922469267,-0.130357842077759,-0.128616980319452,0.0809507703350186,-0.100520285476301,-0.106741047917819,-0.183731659546267,-0.154992732767171,-0.0190531107746547,-0.241908148465526,-0.0538319078180585,-0.147781758446191,-0.164366001981855,-0.0896339212624795,-0.135795388384244,-0.093888762649223,-0.154911084788624,-0.205860804838136,-0.104552467779622,-0.144053943214544,-0.0948424968379362,0.0025476253632227,-0.295582857726907
"UI10-00020-Adagio",-0.0365281205203222,-0.143459482461482,0.183481777388227,-0.106359020080911,-0.0395521097552603,-0.158106218957752,-0.128254171825965,-0.0772284193436462,0.203576262808616,0.18088706233204,-0.128950170372534,-0.110526985327413,-0.154258128553987,-0.082994459161058,-0.0953183209401249,-0.0226397624311914,-0.100117883870768,-0.0968455771148509,-0.139595439542961,-0.166137849550085,-0.0682095000253563,-0.11940129144064,-0.169569568593283,-0.156682987853965,-0.136159636770456,-0.156860110201016,-0.0846673143800446,0.200809270365789,-0.0754463056505251,-0.107360660530016,-0.258355940329331,-0.134102330212308,-0.193664186241772,-0.0647425399431114,-0.203302708204249,0.290198048317462,-0.133790257602602,-0.00233817538752467,0.196388474053273,-0.310424169722451,-0.0995852867719377,-0.0815397396236335,0.173784789782557,-0.0104110397236559,-0.185286188696875,-0.0759627729150146,-0.169842153247851,-0.0932359654737733,0.000836937327895103,-0.163942665282568,-0.0204778679402024,-0.114753591642761,-0.132658739243586,-0.162212389541583,0.247067659096368,0.287847443088485,-0.0433273289812049,-0.0912752427305557,-0.155302823950408,-0.09105756225334,-0.168768830557626,0.0117963046282461,-0.0487126352491323,-0.0890430213561578,-0.127196791037939,-0.225299776510622,-0.0777908878514324,0.207814421427244,0.278212725526991,-0.404187350481886,-0.0611478227303685,-0.0879187602446455,0.158920747824821,0.185352645357553,-0.0853155884711655,-0.0803772977977682,-0.102556415936914,-0.0976861320786238,-0.105314848704809,-0.166477589398177,-0.273049549493464,-0.141653327749567,-0.0271164591100394,-0.115253053070455,-0.0495061945145422,-0.114163063172178,-0.0866665395022785,-0.489007656909016,-0.122510323150672,-0.0427718962835509,-0.0809185065012526,-0.11430157306216,-0.122432394173546,-0.0754061755135198,-0.134041375407992,-0.497103139713625,0.164184070474204,-0.0454673860784979,-0.110230120087434,-0.0931656003491259
"UI10-00021-Allegro",-0.93671266930891,-0.966189931588177,-1.04247663174068,-0.806524177159117,-1.10646231085697,-0.929979699276082,-1.01064609398293,-0.558704656764722,-0.752984401388634,-0.97680163438447,-0.935544889197142,-1.00565235524732,-1.00232950778463,-0.952458632028261,-1.03735855817518,-0.93854344061852,-1.05437571241185,-1.05747456046842,-0.949451109934294,-0.925364477241903,-0.802866342377711,-0.958072311270372,-0.917593739555959,-0.915052496332636,-0.995322613457986,-0.951132238512167,-0.894640932204339,-0.924938361943475,-0.952166576031842,-0.800077306283147,-0.946216058308714,-0.939500164120318,-0.964723924233609,-0.9362114502928,-0.99627212540272,-1.05853008618211,-0.877506388802918,-0.910158249647069,-0.691948614607517,-1.06411129317201,-0.928415640936719,-1.09682083040825,-1.07318123719422,-0.93126179819282,-0.891158553298666,-0.984702000661949,-0.904362663886322,-1.01118929874788,-0.934439343491281,-0.955725414340836,-0.988405501780693,-0.89991909193019,-0.984883184329834,-1.02178561444267,-0.716813805082828,-0.955346037069367,-0.967722179473106,-0.955511706874456,-0.946338282803152,-0.743390447141097,-1.02144362511755,-0.887221570222233,-0.919720125929199,-0.910109553771307,-0.917245371019625,-0.983351087599026,-0.961681332621964,-0.970157870780162,-0.926228109119489,-1.01809218609142,-0.570347341691049,-0.823487516937481,-0.55488861374201,-0.89533143096173,-0.932325501450229,-0.962595305736837,-1.00657103791294,-0.949702385330659,-0.908070199892827,-1.09104138067988,-0.926630142844009,-1.0238560701845,-1.06702522985135,-0.955289758400996,-0.975501235155759,-0.847652229280441,-1.08916682151627,-0.731973393834469,-1.05355174723457,-0.916201475200469,-0.924991696182154,-0.607962149625788,-0.994719218246557,-1.10734048360645,-0.936902436300975,-0.827335882125586,-0.919485055210807,-0.585657511466598,-0.797892297964192,-0.994572614686759
"UI10-00022-Altweibersommer",0.206478889625391,0.15193535366228,0.164505348655623,0.248742296916713,0.218228486849241,0.170779455977795,0.15120229381941,0.194011571555396,0.185347263728814,0.231993432232848,0.198552803655451,0.11941556869564,0.0681012738482904,0.177869582746886,0.092434945210397,0.241634340509263,0.24360359684994,0.208477224838572,0.11286224170142,0.32954730120563,0.190761690236866,0.143181288676321,0.255481219418261,0.0803628302491022,0.129773352270475,0.217421095281476,0.249337627601385,0.284901495496307,0.188389624761412,0.225781601006137,0.203719432425252,0.209097440581631,0.209458473099671,0.209210013036911,0.219261660578155,0.181928716282421,0.190148452142534,0.195706459892689,0.152346139051541,0.164493579455927,0.166327193888296,0.324881803769505,0.155465307022618,0.130155728467441,0.24667033001725,0.154616055817067,0.0359571274132839,0.15685470709016,0.208858272426461,0.248218216156174,0.224995142575506,0.261218379430292,0.167653880140489,0.197510192508442,0.196817720663351,0.233565808849229,0.236559355220949,0.151057364564833,0.217385471951896,0.161746511583061,0.197263308728066,0.13364487684461,0.250432970657996,0.200479575669079,0.181797805922519,0.161224746865345,0.210840576517296,0.213284913545467,0.257394842714712,0.184837554184478,0.202376878322091,0.203071353590181,0.195680999804883,0.212546348139121,0.172162325771081,0.160218717712957,0.253137259324349,0.132102022943125,0.124223472904611,0.365825205069637,0.278602243651917,0.220894614123285,0.129655049626978,0.305077001530788,0.176879897419331,0.112866580793147,0.206882524199943,0.148143345817981,0.117681361550673,0.194847837899226,0.196641896102479,0.236326571177324,0.134727578863459,0.0577596028311457,0.117541693680641,0.16912428173128,0.20614442653574,0.0626741253525467,0.237602569046465,0.0818527037314911
"UI10-00023-Andante",0.249487468656965,0.184289386731475,0.328339007689666,0.305949979340411,0.358529820064468,0.383169885797732,0.335396931753163,0.360880047884161,0.269604337491045,0.347568173190688,0.310920818850246,0.342121342000254,0.465399840858808,0.334226255637314,0.319837849706061,0.320570176986833,0.377074111552005,0.195116893759241,0.428535276956966,0.301966715546973,0.412684579131269,0.344826668517352,0.326661163874847,0.297276402457824,0.271628384767313,0.349574611334789,0.210304167661429,0.354768104143703,0.34948596031971,0.419138112122343,0.294494275904482,0.285938651895899,0.0498070894166925,0.253131383973748,0.377718217083185,0.362780223967233,0.291175131233908,0.320921777334933,0.286677048484465,0.364982503891983,0.281447244041606,0.311176887760926,0.34032060817755,0.313411678155824,0.3508662368876,0.229779169531644,0.260655654835669,0.288285605143832,0.321215200398555,0.334076845928981,0.25902104798233,0.215911773312689,0.337932737563234,0.41056483412229,0.440378220600575,0.360108250301456,0.328755847211149,0.548928483110196,0.266545203527313,0.279262095215949,0.315749356322353,0.228905970414137,0.297675902790136,0.331755580794378,0.436092645112037,0.354074958184923,0.379145050996033,0.441248780622879,0.394442405439244,0.337511840480595,0.322542179900888,0.294075628848896,0.251235995205846,0.346361428182089,0.412115798744881,0.265469682091672,0.451063702203137,0.386403472628466,0.35338037092148,0.260057436824097,0.288022948434409,0.400799435452919,0.422468566880942,0.197087860077913,0.351550192208859,0.363262616283673,0.223544866097482,0.371402444054597,0.365104757857652,0.292613790789692,0.345672689851439,0.215470432456956,0.325055192306535,0.328735013863264,0.413359622627115,0.33198215783081,0.335633558714442,0.383475248290095,0.374343880181631,0.290657884612453
"UI10-00024-Arabesque",0.127427572573304,0.205735816868407,0.130701481994439,0.158325256541311,0.207509489586828,0.112613510335281,0.220213030926085,0.12615939417304,0.0337751103594096,0.0956039921651378,0.109013458219072,0.208060930956401,0.129602461871568,0.0288475084462185,0.0490219880129331,0.102954292530538,0.0593946458598035,0.0956148050035629,0.122533006620348,0.166837984469153,0.198713425009513,0.0767026525279569,0.191983537760793,0.193560810638661,0.141628019945577,0.0872251853862731,0.11027239687307,0.15329233555041,0.109692998804899,0.221320014264073,0.165808307668314,-0.268577257833962,0.0793999498834593,0.019680526171573,0.0941258562764036,0.165057341049578,0.0778287438774743,0.0845505805257391,0.126284368036646,0.124074676078202,0.127399168405815,0.210619973495569,0.24409422182079,0.280174509137482,0.122630475127409,0.242191561088169,0.0858070967485754,0.0748927397007424,0.176517688695751,0.0879416114663676,-0.23118611883071,0.0865706495456663,0.0633042820493787,-0.266495566620463,0.110218246419337,0.0434908411020409,0.0610425113431225,0.0650512582345394,0.113340928858988,0.298661320771795,0.262409103682864,0.0962661526413351,0.209402723445674,0.112487527682913,0.0627822178201494,0.245354831310243,0.101601014171085,0.173119898718475,0.257623515073203,0.162027916575892,0.0824211684841575,0.11628304595285,0.0481358124032855,0.115617753592017,0.132859869566347,0.166381518308768,0.153531999340757,0.181997584424919,0.134056774087708,0.15997534557436,0.129213870331429,0.165928842121034,0.213583127269769,0.13224147502849,0.113521852047058,0.114293735613367,0.115493698931926,0.148524057504422,0.148076619490896,0.129061447870175,0.162054964838417,0.0225335555228883,0.17535898772124,0.276564941719437,0.189107038256757,0.158962565476572,0.0789556990068596,-0.0309411768676319,0.170710181753374,0.107690669165211
"UI10-00025-Autumn-Light",0.442405476493324,0.432775325548237,0.309797936234461,-0.310520150098185,0.0710144660424004,0.162424332913556,0.283345437853961,0.380812049349102,0.313702348607357,0.246965982194278,0.307080281393296,0.366009720348198,0.216041359487345,0.242054125872577,0.242065359694015,0.166774424244525,0.139731975480368,0.256470901776632,0.317589233157115,0.238142907951225,-0.0928251299641816,-0.218315542312083,0.392476271825297,0.380898389643394,-0.0489740385631251,0.250399447531142,0.407210852077003,0.171358126007886,0.287475652542167,0.218685914851925,0.193856351526373,-0.299161103857862,0.171564884876823,0.243278765383421,0.175789284485529,0.278006422819645,0.211899010059346,0.466590906878906,0.276672012228611,0.142384567784492,-0.199978929437692,0.382059430129542,0.248872261100597,-0.219377052334408,0.2739109958648,0.748671432396611,-0.173222583496307,-0.135849667169659,0.248775958959627,0.266684498024936,0.37309282694644,0.273751194636756,0.509103056924378,0.22659961995066,0.322030460407614,0.448916891422812,0.46406442004431,0.455733675322265,0.190682816255585,0.418752033446755,0.299693835182121,0.344238468315135,0.327256207002155,-0.0815709940211087,0.235558818088676,0.126063702251174,0.389947107174778,0.184815057022951,0.251366017104209,0.266784468651591,0.159166064932827,0.453674685004715,0.378763176000546,0.456810674266518,0.418412629620706,0.205453081402031,0.335664868871546,0.198345454704512,0.261056898549996,0.343099107899705,0.293200507430509,0.390894652248102,0.24838116048116,0.133540939743202,0.225166740372444,0.245595379809721,0.341558196495616,0.362405850458228,0.401422413322686,0.319529512567229,0.305003397589252,0.606136353534383,0.422401568473303,0.306626828787677,0.448144612673717,0.503597244010783,0.413835643101338,0.202581238541124,0.359816680236952,0.262774748194146
"UI10-00026-Ben-Graz",0.266156185020754,0.220528422139608,0.189594193759389,0.20659184353081,0.429741657204843,-0.165780004457135,0.298482195682585,0.248698640142077,0.35222388398715,0.403599023094021,-0.0804376335994669,0.247613172077588,0.303101945278798,0.278967248803646,0.224653797379263,0.527550474708912,0.356575187615482,0.240366363548561,0.322801976550082,0.386037333440109,0.109456968133798,0.104823636800546,0.235863794230229,0.270968320076667,0.271084396237511,0.126798231389591,0.178764324249471,0.212742642822116,0.23340251050952,0.254444705001584,0.281995157930763,0.277844151509427,0.225553572832533,0.329432248503406,0.272446031923435,0.226695638681263,0.205004756671067,0.119983012186277,0.221850414867005,0.283650498684766,0.1837556457542,0.17495320331645,0.0399333367434085,0.049551914057632,0.319879893416482,0.271642532737909,-0.00400122679755828,0.0645732831284945,0.213561508181804,0.24894080928903,0.257336337465187,0.0263687918517374,0.313507135813693,0.383296188351192,0.318014276123224,0.323758199028196,0.231922389207411,0.140425649002772,0.357727980943453,0.236191521146058,0.265312391283976,0.239830005256288,0.186151756269208,0.222877054135844,0.183594669355605,0.648076727743781,0.192905739788999,0.220950890252535,0.248957312277644,0.256917596200784,-0.228182005099531,0.216021354913863,0.0156505916055218,0.272616447267713,0.248500116668777,0.251585306556165,0.348272127441257,0.196221137217596,0.496754621072764,0.277114033865157,0.143868826132205,0.283706009755491,0.554997083125154,0.289153076313426,0.228564182219615,0.135773942934797,-0.0782775235410923,0.375763113104611,0.16569215239386,0.409586900437037,0.318073122190657,0.033583796495498,0.305137994199466,0.438321968924299,0.355448477014815,-0.00506717156122159,0.280356652277467,0.4010957840869,0.214927898656835,0.318918506486225
"UI10-00027-Ben-Rotkopf",-1.15388709488502,-1.81310272793819,-2.05596734542384,-1.79241583158175,-1.79517117897374,-1.87896705225528,-1.86790333539772,-1.79850207292421,-2.05507733579183,-1.54870194218863,-1.82590609863271,-1.61425079561494,-1.81994893000892,-1.10299587638187,-1.9293884806895,-1.9606304882436,-1.83467215560916,-1.97976113197329,-1.74055699503412,-1.85789532505698,-1.72821694407762,-1.67322466270133,-1.73618195860682,-1.86572753106561,-1.76760907315345,-1.19406657747633,-1.96917462111819,-1.81500735118368,-1.69347460698305,-1.58202953857393,-2.01126992527475,-1.80533932738535,-1.92845608987263,-2.06589868834593,-2.07916130074094,-1.16185814487349,-1.80244657288268,-0.87544127464851,-1.65944471849162,-1.80312853889209,-1.8289285392624,-1.88733973908457,-2.12270095639365,-1.79052550519112,-0.93897975638939,-2.09800564937055,-1.99904046592505,-1.74127071034223,-1.8772022611449,-1.727581105069,-1.66963724784136,-1.73873032036027,-1.9751999311862,-2.00406180154726,-1.67883870314887,-1.7507116386796,-1.64798421669497,-1.11467701470739,-1.09317683583373,-1.85840829721257,-1.57616109850917,-1.9825306461794,-1.60607301404795,-1.76066016348507,-1.04096998234319,-1.91618153694365,-1.84480887881846,-1.77434260666381,-1.7837496119272,-1.71999552695638,-1.73729811461715,-1.84462105600772,-2.10285860440605,-1.77674574102174,-1.68251207827776,-1.75799295105737,-1.95872987122958,-1.78967663785881,-1.90070164403585,-1.91532225007453,-1.80916158367841,-1.85656447565034,-1.86471834884201,-1.97544284277733,-1.76777030330811,-1.69449953429853,-1.79796650188899,-1.63342478526951,-1.96884278790197,-1.78757285118314,-2.0042929797989,-1.11773707785472,-1.67779472997555,-1.86215564090362,-1.91044703541223,-1.91407688180454,-1.93116605829421,-2.02090807309602,-1.92431273037005,-1.71413841487306
"UI10-00029-Bitsy-Ben",-0.714582147017619,-0.639485336395448,-0.722387924354449,-0.916832963251841,-0.524957578270682,-0.639273642731609,-0.551206543946449,-0.551506800787858,-0.65271292575465,-0.5556878806258,-0.627483264470399,-0.703737121582613,-0.628906761626041,-0.689793200171572,-0.731830563962618,-0.620854584766124,-0.614715606464519,-0.659870065271367,-0.597007377677864,-0.559029145916108,-0.635431959963856,-0.601334528141963,-0.661352203751616,-0.581311473805681,-0.673435688550557,-0.709320696299599,-0.768191030189114,-0.697268710696241,-0.894596348533508,-0.593221785763333,-0.534319080275768,-0.634173500570254,-0.870264889137378,-0.517252434290485,-0.607013365743014,-0.657269170211106,-0.9031925705411,-0.645958621285693,-0.541981370232443,-0.749355128641881,-0.68563455717125,-0.709649293368839,-0.449273731220513,-0.691701223544275,-0.888782204921466,-0.681046661199696,-0.872994633763771,-0.51035700448196,-0.74635396465709,-0.566402318549604,-0.675235312315451,-0.774020077142597,-0.522206505040171,-0.615043512358162,-0.658497416567147,-0.65896279068015,-0.766018206062226,-0.583218097200066,-0.579316691885043,-0.789135883952356,-0.813516134583178,-0.645979598157354,-0.745849347012128,-0.643705573812147,-0.881252196523646,-0.576232327645102,-0.624608786705114,-0.585297669521885,-0.591372003523386,-0.672102744551355,-0.821659053117257,-0.68612844053451,-0.569203238982703,-0.763704892172966,-0.607377811354029,-0.544529895023085,-0.642217754708767,-0.705940704676622,-0.547808492639984,-0.722329700592826,-0.697827395629854,-0.81410869247582,-0.650429034597775,-0.710095404951568,-0.700676937935814,-0.670828297913077,-0.690245178960863,-0.664971920357548,-0.608608129311508,-0.747992264431992,-0.530928993831157,-0.711839562569415,-0.858276201412134,-0.684564629702881,-0.912375327082022,-0.536260212637504,-0.667696024280687,-0.591011903124583,-0.572837389275106,-0.737090436553193
"UI10-00030-Blondo",0.170359091214089,0.215072413512625,0.158379302264884,0.0817153471134539,0.222813595078258,0.109359432127775,0.207091256488159,0.277883088442791,0.155842415089411,0.239116147214979,0.231726106134897,0.0526241358659061,0.123181179375532,0.177866876166777,0.209264616417088,0.11843475637454,0.1347175688551,0.117544297468726,0.258625799738796,0.196511639242431,0.250046763558763,0.143729325753208,0.313242975752536,0.285100137697166,0.0494639011786945,0.156710044062535,0.139471977269423,0.224742139161785,0.0532276328676306,0.136515748241975,0.215940521902273,0.245817538226706,0.232334682019763,0.318116168644713,0.206393558674029,0.170238790596332,0.151237246274816,0.239577986727981,0.230763328052943,0.235121608184845,0.120316017424277,0.0375568263348166,0.143914634529938,0.162805637527954,0.173128118143924,0.139286213195483,0.176697982321904,0.206228591996168,0.156708388840068,0.152441334502868,0.195231590179517,0.215547124205383,0.0235829689279809,0.233502642278465,0.181658945366384,0.192009944622733,0.209344089780345,0.130477256420296,0.256640119817271,0.238279598360453,0.206318746801208,0.175107718567638,0.204185542526373,0.177327303730268,0.252812002274295,0.177457165393332,0.249731887110444,0.0626778558312122,0.137811270180101,0.272665421007932,0.186458413207957,0.272474793563348,0.212978468310424,0.207314149529921,0.168756765224876,0.14760302861839,0.215550165230296,0.199985970512782,0.216232266014563,0.0928844350479343,0.267897871777731,0.18764030093676,0.147839726997775,0.179902423979056,0.189429288843897,0.180093949533357,0.212078391004403,0.200842785816632,0.303545915967877,0.189076386090284,0.194718700159893,0.179657541936444,0.136069541932058,0.242444469130946,0.273224690068239,0.225333276423862,0.21223611923249,0.254521446067666,0.196490153623186,0.174793172555313
"UI10-00031-Bluetenwunder",-0.129747301256268,-0.266469769348427,-0.253390516565492,-0.181364287764195,-0.408304741950691,-0.183165586542989,-0.145404504075852,-0.251034605014492,-0.212079870431839,-0.219524015599973,-0.0945612873414365,-0.270410087005992,-0.261592728116982,-0.346331353647562,-0.144198875980391,-0.176238112189282,-0.252242787123295,-0.344717388283074,-0.238407488914613,-0.278643254476549,-0.280445253302134,-0.240464906632596,-0.26557779800902,-0.244169540497694,-0.133679199675999,-0.182075229753812,-0.211466929141971,-0.249162182830563,-0.284205179699404,-0.29742389484632,-0.218465768779406,-0.369828804318933,-0.161182298719459,-0.266974445017788,-0.151109233251661,-0.313511693955559,-0.228570329839358,-0.245676669924493,-0.233705221255787,-0.178268520008309,-0.152253538542747,-0.407325305949362,-0.21686160727356,-0.309014411505215,-0.450307567092571,-0.235481102451315,-0.279203241198954,-0.294963059448307,-0.173174092074176,-0.198592554513264,-0.212659879812267,-0.193580058796504,-0.224130880580944,-0.186752231994972,-0.260766104381379,-0.168117318126158,-0.15330470941083,-0.162078748272986,-0.437162996776325,-0.163283418386625,-0.331323309935108,-0.292456245002803,-0.198929623066329,-0.174986747369365,-0.121819213616661,-0.24149974694205,-0.210790311925794,-0.19845202101543,-0.323268664907403,-0.222243027731933,-0.0952622937441835,-0.320359716800592,-0.0787016259041732,-0.202345865644402,-0.149363907309981,-0.550954630794476,-0.28980440546154,-0.27168080443312,-0.1782248598665,-0.202521391580524,-0.282076810130436,-0.296793233058447,-0.192296239906965,-0.142697068808153,-0.136424841241799,-0.348938447956413,-0.239871345221532,-0.281672151863161,-0.231149526055687,-0.144538635213213,-0.133049264213673,-0.308179305121872,-0.262896089930536,-0.158923591049894,-0.493630873461089,-0.338523225252429,-0.194033007595867,-0.483381212290779,0.0242312269214235,-0.175848553607413
"UI10-00032-Bodacious-Ben",0.0621578122309131,0.259222185310989,0.186166921717708,0.0944228211828045,0.194853015601979,0.0744702509984432,0.221537191461079,0.239921673111286,0.153648979124286,0.16384906642542,0.0736336988200246,0.0195528481335458,0.121821292390212,0.239426400563924,0.213962739780034,0.295450441346892,0.0918630013814025,0.104606253331041,0.0681822389913903,0.115811410325546,0.308462531176693,0.157123198077798,0.136545372713893,0.00580151238570854,0.140838622248089,0.330394563516787,0.126115887174681,0.326807229968586,0.164212907367523,0.117428276646339,0.249307607986858,0.0923963898088228,-0.0994794557409264,0.175883674203135,0.130772367714326,0.0751855710055629,0.11962376284469,0.0903658761442155,0.278792359149778,0.044886310111296,-0.0333780599214626,0.200982474558906,0.21447968757327,0.278820052932104,0.192085059170572,0.0300462397498238,0.247020879172792,0.245588710762755,0.203241256952284,0.0313098877784458,0.209824664838266,0.0483259395037709,0.0702294533805248,0.349575462646032,0.169617218762822,0.0820690140840216,0.346828574075515,0.166397729435701,0.0696647625124253,0.179371120013552,0.246426473556911,0.136069411056897,0.152698957724704,0.21925194510107,0.246672327380893,0.204813038800854,-0.0113325858425029,0.204145005927166,0.0495477453126723,0.0722410742767542,0.463207267735576,0.0453713943772319,0.258584955962288,0.176088326392631,0.0786666043932589,0.234634733401076,0.189428180259535,0.1105061361432,0.112788978444092,0.246390749868287,0.21991594578853,-0.0144081923248525,0.164130833056778,0.117836373177967,0.083737793570162,0.209001725449233,0.154461551967953,0.220725180768396,0.199302277129945,0.113210906916693,0.134027925562702,0.298937651130309,0.152881934479209,0.286664218797409,0.351026492193791,0.237383489934282,0.187960598344306,0.108035946401525,0.204344520429402,0.295260735690385
"UI10-00033-Border-Bandit",0.047475799515345,-0.156605542422989,0.0249508343621453,0.160075771003621,0.100905863537348,-0.0181264458182833,0.152877862928507,-0.067670688735182,-0.0600056063787767,-0.182948666204078,0.0503572152561119,0.0836425686190606,-0.0559912196421249,-0.0377410521533112,0.0414187675386439,0.0387834808839208,-0.0987779014830863,0.179712259678139,0.0714105934774977,0.00250856181586558,0.0746336663173765,0.0179065358720771,-0.00173908917756931,0.128968727942214,-0.0491091832133755,-0.218141669802534,0.14658365412074,-0.135464662390236,-0.142030893057502,-0.101920689411508,0.0523589048480296,0.0169841725645037,-0.05184251772431,0.0239429329248634,0.0344859684537181,0.122191863651308,0.155134250783876,-0.0376815822083916,0.0116738281589705,-0.00876014550048382,-0.217235724864219,0.0870288418239513,0.117664699598542,0.011523987343791,-0.046644370462293,0.0881198595548038,0.303305608621812,-0.10456450380299,0.0420627965089704,-0.122521934143196,0.0264414486457474,0.134800990594901,-0.0408905673710987,0.306713415889072,0.0849557749132944,0.0726996836272289,0.055567291001946,0.0061113657147345,0.0862194290307581,-0.00475162373765615,0.0680482652702842,0.254922023313648,-0.0125936048070596,0.0756401377499023,-0.020575055101637,0.0872468314246777,0.132445901639184,0.00657922284373065,0.0600751403487357,-0.140071823016609,-0.00962213337161524,0.143606588681666,0.0273811687343214,0.0380032860331606,0.042522300926175,-0.091009737634046,0.095813816353968,-0.0275385576783504,0.0815982005034951,0.109279626591223,0.0666323891809672,0.0365301622436721,0.0726383813183609,-0.0501436352782603,0.0364864075607544,0.232312227484324,-0.0845784811523358,0.0688439742217589,0.0603672375171644,0.0456131548280697,0.0123339730043124,-0.155307863344363,0.137340881687142,-0.0485169683279754,0.0387764897934871,-0.0775062843847102,-0.0407504738441051,0.141398288892157,0.066083717914911,0.091597574296287
"UI10-00036-Dixieland",0.283051161973054,0.0834651567446675,0.158416648253186,0.0978501832527801,0.0593621141910481,0.131155196829558,0.0518494263206046,0.289974081862032,0.07356181358636,0.104461001445561,0.0709670785690209,-0.283500195006284,0.0745494662524396,0.313479780630791,0.0852475337029098,0.0923574695389382,0.209194153152009,0.156640864232933,0.233420640828203,-0.179921610002147,0.0220009470229597,0.0854265455378714,0.186614896100662,0.131738802792643,0.00656828131697528,0.0739941951183462,0.348141896150426,0.0655478487859924,0.0202955957064243,0.116013242235002,-0.427997997834172,0.0912460682555138,0.164811507233688,0.0444669538455165,0.215050275465926,-0.26228914321049,0.0569100831579335,0.0797088660569882,-0.404025722013792,0.356899622050212,0.0953575134071244,0.348441771477981,0.01632908150736,0.0883945927069622,0.248911127781862,0.0153127480023315,0.0088764433936689,0.103261595097197,0.137083339176408,0.381345338574215,0.126012832662228,0.14699500649578,0.0390764853631153,-0.00225730243068228,0.1212740036994,0.0615863727077942,-0.0127992647733137,0.159177668156339,-0.331259721847608,0.208997497820013,0.158071609067245,0.138879595982621,0.213078944586907,0.104507074037769,0.181131347447012,0.166907690974523,0.110355864294064,0.0714914365478289,0.0601047691271144,0.149974497618079,0.0963354754650955,0.125088581459638,0.0818499031459251,0.488024595376522,0.0569880641337552,0.134177165072002,0.251129928465331,0.101785546680516,0.0534955119317777,0.225131746328375,0.032479511650862,0.0901980373080057,0.210374805855721,0.135540120988578,0.11151265961135,0.363360025746421,0.0891692690362599,0.128993805751833,0.119221709566757,0.0600159627424229,0.049826487522919,0.0484780646339807,0.213658685347576,0.129429717392496,0.102615856300515,0.100463945491485,0.0603939385487295,0.137143529965451,0.084039213332991,-0.256918103081968
"UI10-00038-Emerald-Shadow",0.463116365016721,0.535302879201695,0.544444668501797,0.536581021686307,0.630258270754682,0.53326540312792,0.533691906113596,0.547154371070011,0.533819505255671,0.608117968019469,0.618451659353904,0.507869197785357,0.474674031926642,0.563799005670321,0.455880541129515,0.506385145507584,0.661097183653589,0.48493616376857,0.495071463052422,0.476680541669005,0.508523157386584,0.538496230208511,0.600739198265449,0.440752936435713,0.592741159419439,0.517722128310865,0.453351211362516,0.383843097860862,0.594352649409668,0.428823611739924,0.459430295836604,0.508673726052162,0.637448884936849,0.505923449996166,0.528968903515935,0.524548630139699,0.552326638336893,0.461069676081672,0.49658005787726,0.49809525820708,0.536722239736184,0.474175525583306,0.473343346254981,0.440815602518356,0.528097802041592,0.412080920195919,0.479119605180963,0.400057951569776,0.48774924770579,0.441441886609755,0.507126204560652,0.543489455874692,0.639066652599386,0.492849390280394,0.514565039040147,0.551915665251126,0.548460885803636,0.532962918473662,0.530099415425462,0.591852540338463,0.581577114466197,0.549071304449942,0.508986026246959,0.468426072839458,0.466428180190389,0.575513545289591,0.462080523578898,0.539938346050544,0.463938602359878,0.608335559995609,0.421899608744818,0.506913573078104,0.491260195901894,0.470872674577398,0.642177569065316,0.489988099581039,0.54461291294524,0.411507310599309,0.448552002085764,0.510825885641528,0.507183378538847,0.570676802822446,0.515777574354273,0.468919313338436,0.541071193879131,0.49025482754902,0.488273819895761,0.508730817524435,0.548301686381434,0.498804762726442,0.399320559058629,0.502004375986356,0.483772815101309,0.454944808572539,0.52706368391321,0.523471004825314,0.484782019171025,0.52666677473655,0.478642823832994,0.474790769847411
"UI10-00039-Emmanuel-LePage",-0.248229648588667,-0.289015936990661,-0.516725559525347,-0.476338213587714,-0.276716585185851,-0.412644945313518,-0.377737388757137,-0.248298150565002,-0.465293362324638,-0.462905325237878,-0.617946476666404,-0.415050710016223,-0.372289594730539,-0.464352285402746,-0.419548630917277,-0.460078854189126,-0.39716264861973,-0.319381710131957,-0.303532543115907,-0.361422033882262,-0.671196637058797,-0.49375644375621,-0.304655337069282,-0.2589136646071,-0.087191164189724,-0.466029606959123,-0.50632194067992,-0.417096748018447,-0.367175790590224,-0.501183806608793,-0.376273558233213,-0.264783177889066,-0.363453705347353,-0.47235673162362,-0.560398575552317,-0.538766163207015,-0.392690807907149,-0.245270560529003,-0.481309198978351,-0.446965161443747,-0.462736298463721,-0.611547277320428,-0.729275068982285,-0.410595982804943,-0.376976144051739,-0.400357764079174,-0.544983730793325,-0.336440035620995,-0.449695092290852,-0.33713756083074,-0.400086132202608,-0.375950355666937,-0.389063858805566,-0.365782060307512,-0.429929849833542,-0.422431970073634,-0.472055321031494,-0.462371270133639,-0.170697998873795,-0.435968396029176,-0.436710224811068,-0.403193297444237,-0.482805517857186,-0.55629473081104,-0.395587100920771,-0.594676302639037,-0.475309557159652,-0.561614571242251,-0.28330079821979,-0.43190364772971,-0.415341816881575,-0.400664269960393,-0.256389382523403,-0.43952535622115,-0.424114183516971,-0.376138802373122,-0.318325182532653,-0.211616741019103,-0.209646040409987,-0.30045897347152,-0.372637389876385,-0.475084180883644,-0.315262344411636,-0.706398581155931,-0.545975378551647,-0.330088388507904,-0.73128805819667,-0.534950173459944,-0.406263835877379,-0.563838374284062,-0.30741123488654,-0.32156298741523,-0.552640796243791,-0.445761859845219,-0.305438374002658,-0.651136906455352,-0.357667987304133,-0.436119867552332,-0.561038219573136,-0.307836169585908
"UI10-00042-Giraffe",-0.53348828148232,-0.604050011577728,-1.03679049980433,-0.786787342998034,-1.09892664753575,-0.451362289895044,-0.361369126414582,-0.516118075101914,-0.514232572580177,-0.977925371410929,-0.197606398911397,-0.52426747435232,-0.445532435647601,-0.498287331859836,-0.349957065046222,-0.1677147880154,-0.554843668023771,-0.561522119310887,-0.527392750501491,-0.529316862797673,-0.220745048584806,-0.500288432997078,-0.5582938007441,-0.525596084189425,-0.556208642803589,-0.246964433670433,-0.47630632729989,-0.554626269086854,-0.940516265440929,-0.520805699387737,-0.554848184552133,-0.590537438029902,-0.530728214168075,-0.498891774392784,-0.522706096928483,-1.07165532043454,-0.534598865028635,-0.402347000793398,-0.531020671043651,-1.04737958922753,-0.231123636398173,-0.554938367188423,-0.50940688102469,-0.299228457346776,-0.877414808838805,-0.242765060346053,-0.444569860493458,-0.527009283526798,-0.54597997656179,-0.433237320615474,-0.56258322318901,-0.881501772108388,-0.48285571131797,-0.522428677246556,-0.585624062074174,-0.941234571036952,-0.514201764478106,-0.535875614847661,-0.528832613232765,-0.493752737415643,-1.01479481719638,-0.45322586950476,-0.479388309281752,-0.354923536977193,-0.224969781213081,-0.49144881067199,-0.529675607521616,-0.0711605585252895,-0.585470452657868,-0.545100870720142,-0.539575667169348,-0.472631162634512,-0.566477773722273,-0.553577827411048,-0.551474095363664,-0.576531977954011,-0.602273071956206,-0.487303521162932,-0.55273460191063,-0.557127609899506,-0.599770233690843,-0.562866878664522,-0.160665209859579,-0.966225479997529,-0.968829472094324,-0.428718977740703,-0.673555711688218,-0.492834393316926,-0.63080031591644,-0.527622607848025,-0.467140774522386,-0.605490450065365,-0.51723488154331,-0.507176074750863,-0.497126280645608,-0.83017191757861,-0.591102701351753,-0.551501781812238,-0.420744380045018,-0.472737898312071
"UI10-00043-Gold-and-Silver",-0.388134237566872,-0.216648247057692,0.0490475750510122,-0.245056812202678,-0.431769932100216,-0.267524345316841,-0.256842378532074,-0.205184296854616,-0.296496078501728,-0.615195472614197,-0.468999243292975,-0.295420544099123,-0.258004600831936,-0.246735557222375,-0.266166234401946,-0.197271002030411,-0.383134981203753,-0.371425717125032,-0.648178583259507,-0.345401977130397,-0.430951577344909,-0.402171726979361,-0.307452914881362,0.0996652768879298,-0.235026857955544,-0.464595559894733,-0.222550501745351,-0.337936995435802,-0.38684054058996,-0.249095675147537,-0.323602335097117,-0.173584251432649,-0.335548001078021,-0.291394093219874,-0.281369364740819,-0.264472030033505,-0.436601709167086,-0.0403444706854299,0.0737549827111365,-0.383277493153988,-0.353309567712328,-0.324236103983645,-0.332382656820259,-0.321690494561235,-0.379494627128645,-0.20930860223483,-0.262448916518798,-0.417581226927266,-0.469101189655069,-0.294401369962394,-0.314978794311236,-0.31911099648398,-0.327482154567568,-0.321064196706191,-0.278526952876171,-0.378563889294878,-0.245524355319135,-0.442831427223042,0.0504501864911906,-0.360767217553621,-0.404029903304333,-0.231068647659827,-0.402112956719401,-0.247784046917551,-0.30311453269646,-0.417543647455277,-0.288500235248234,-0.315966597718614,0.333753046160575,-0.345280719224883,-0.800832192136416,-0.225021557010179,-0.296510067142842,-0.234260754420562,-0.249706187691272,-0.348989369518424,-0.349714397296637,-0.254459356745644,-0.268655606544932,-0.33880648798159,-0.260897351927717,-0.357239990540948,-0.341970065940271,-0.42976968023123,-0.32137412030502,-0.578835322810865,0.1429492077296,-0.264032436045535,-0.2253266982239,-0.477609313824784,-0.458208065070102,-0.431235927912102,-0.15644964720927,-0.322714060457043,0.0388092861473869,-0.40797829656314,-0.39322003021812,-0.425536924111307,-0.267478760325975,-0.225234762852162
"UI10-00047-Goliath",-0.751086628998388,-0.758079140018502,-0.884073805940259,-0.91174675749632,-0.842991553257263,-0.699866562859653,-0.910506872793635,-0.726993337229905,-0.855208411715926,-0.755426136673314,-0.774043554123631,-0.86096904542186,-0.764740606697743,-0.743159798378848,-0.752077566046188,-0.813035808999067,-0.867462806552972,-0.777670200707415,-0.64190504643393,-0.831115407673269,-0.81314675181994,-0.81636038926292,-0.655628301334978,-0.719834924362057,-0.798359746226768,-0.904011180593365,-0.854095325681823,-0.800331297592878,-0.77654275439314,-0.818279192205109,-0.851170314923239,-0.848224131493498,-0.679764814172355,-0.684501290911733,-1.03811977543957,-0.843832134916984,-0.879559142045828,-0.799519559011485,-0.811073045971204,-0.755234732114513,-0.822860688351676,-0.765360766368449,-0.752846317264009,-0.700969315732484,-0.765679147730539,-0.689373927583351,-0.763485496284318,-0.590523306212437,-0.877776711934423,-0.895200439226161,-0.635628458102527,-0.55362355963175,-0.824844507600616,-0.882104515163564,-0.816628248356275,-0.78792575030512,-0.695263644202972,-0.701869658248616,-0.70412702664163,-0.740350456823187,-0.681230164273786,-0.803775575548232,-0.710179800787453,-0.883126423492955,-0.806134945669144,-0.760505801375544,-0.856575943997181,-0.776269529781671,-0.758651105098804,-0.812388034734772,-0.664361468117917,-0.640690011279708,-0.738622570501573,-0.697747842345754,-0.71954947908215,-0.877092634147895,-0.829321315337539,-0.717384167612754,-0.896451840906036,-0.978387488066048,-0.948950809910018,-0.836821976388116,-0.955451154699344,-0.69518511682551,-0.833636685735138,-0.666260212708232,-0.862405924319537,-0.809515600579154,-0.797054606146114,-0.773732082876622,-0.842041972552501,-0.814995255369252,-0.802668272198535,-0.936207636753165,-0.784377894361512,-0.777521323525571,-0.808272187059136,-0.745150028643821,-0.921483086528237,-0.717243858587658
"UI10-00048-Gracillimus",0.134865573882159,0.0451026571361836,0.204080761463515,0.119024664403776,0.140279263014381,0.107657313323031,0.2605951661743,0.0953627790131131,0.222015549201884,0.119838049295978,0.266112157451551,0.0531950631326388,0.360048372216617,0.0112126852477896,-0.0391856871245539,0.0768965452807208,0.2971794447913,0.13080863799086,0.166056881939346,0.124277581095009,0.0649885080325817,0.223657525626184,-0.0574850583709,0.121250585647293,0.256562812028641,0.16113733230656,0.0601769958969623,-0.217655558192327,0.336245852389873,0.137084617858283,-0.430365361483259,0.182696420979942,0.25508693261552,0.101616786639347,0.132151055573289,0.169989926907116,0.119382983887768,0.412188170635897,0.269139065129899,0.15368456336438,0.164579559414176,0.021668845350403,0.0284616212091028,0.0473060305073467,0.198176551619737,0.263991962826279,0.0461060036337761,0.249744325864646,0.326372007489531,0.223991674395656,0.17746626899301,0.121913888831687,0.458431553870299,0.152447908716891,0.207252321191424,0.125744502325822,0.203071957673567,0.145205080717788,0.0980110911839665,0.0868493187252598,0.163456774650866,-0.302635655374721,0.0851478133669976,-0.0952366614375733,-0.248486369006157,0.030363156600957,-0.0299837289676384,0.404304505988523,0.251099249568731,0.186942157390075,0.117726221526398,0.115993587278451,0.0414462544438428,0.144873261879315,0.0745081387364067,-0.0605573140786286,-0.01369017986796,0.323925115014465,-0.36726482026088,0.0819466329573322,0.0880944893420177,0.0243253933618013,0.0546518556657379,0.13263711257096,0.232543626402114,-0.377247392038072,0.142909139175549,0.0396294659032653,0.0384753445052164,-0.482133243255047,0.0129640174394606,0.115533668156838,0.0697142806967633,0.0700606192120553,0.206314594652132,0.0380223793793002,0.203138215896553,0.136995283541477,0.193920750871781,0.121859163725983
"UI10-00051-Gracillimus-Nana",0.179644759443827,-0.125768848514404,0.0172938583591264,0.094595945464336,-0.140941622372192,0.0757484493065769,0.159741701295212,0.176648658417074,0.115183038586327,0.0420150647546108,-0.07761473559547,0.0400029536935509,0.183208628429175,0.243089387804379,0.114883183315364,0.0515845837118926,-0.0801639945907247,0.0991614562646871,0.0518538535599237,0.134654109683357,0.25719485908952,0.2036650560523,0.175040205687458,0.0332160174293814,-0.0340320592774231,0.0242521839000128,0.0641309461105744,0.124082645635783,0.10791749238723,0.153796854864891,0.0394231165190173,0.292302238444277,0.176405445825346,0.0734916562671008,0.519625858540414,0.175257581814212,0.0632450720124714,0.188580888330086,0.089765432416554,0.121875704696295,0.175736175619177,0.132294868234433,-0.489234349707982,0.166270531470802,0.196451132216692,0.0950999082175581,0.158363814091703,0.137417894695623,0.311439491817062,0.114065767145601,0.0945972263062033,-0.154730208110776,0.00244244156573901,0.0131320120064086,0.124158552232009,0.0756841226668537,0.128515638474829,0.164686552617889,0.117113343109283,0.136771992186801,0.188107414347956,0.290082239156035,0.089035222010189,0.128157740733367,-0.0130215484625556,0.0875277040115003,0.116447202285768,0.31901246468555,0.397446993638682,0.00343774805268099,0.0889505568866258,0.00851216155307465,0.202517186271303,0.177322007383641,0.127880742393803,0.0978991326353319,0.232328006942383,-0.146416100667626,0.0745061711098939,0.129572248729959,-0.0824341980385243,0.0896956420387796,0.120264240072987,0.348914359484076,0.0811234589980835,-0.0190301207802474,0.136372208533676,0.135232901935857,0.318327652381993,0.12530458481727,0.0412372820429789,0.185522630427945,0.165963067946534,0.0974767178840683,0.0469420930956854,0.176767019412611,0.0971422241211084,0.168207295003609,0.139303518067306,0.105483338649469
"UI10-00053-Grosse-Fontaine",0.0699789380990937,0.0944073078021459,0.200147570276033,0.187481305182456,0.20257462699161,0.111684040628803,0.263014497895182,0.235994296231864,0.245412297356609,0.257055264615207,0.180578645448082,0.0635593098829217,0.374243394364605,0.215535784557782,0.192052103015346,0.261727477228773,0.239328704447816,0.187531806646399,0.164393947725692,0.228540402123834,0.171368791081366,0.162005569114892,0.275204708603044,0.260424594234134,0.205085281481781,0.0114925681563706,0.190180685952119,0.104722928055538,0.361604443076785,0.311143223251106,0.59459213872743,0.147221493403986,-0.319934328293965,0.206870789411116,0.0354752703201791,0.141531964069627,0.179057071793965,0.229488977817218,0.327044722826171,0.156605418509903,0.172142686050427,0.220992712805035,0.254149443292029,0.255115890353111,0.322882380113634,0.142973977940455,0.196175036136865,0.192827361675813,0.0154478684293923,0.240607521752783,0.378117412306038,0.102097120457389,0.413995698976457,0.202372801056461,0.14222260645582,0.302988163944645,-0.0110185168259417,0.169697447952656,0.321907314892326,0.269842506445317,0.368392825814618,0.046734095871025,0.0434960504750277,0.184040692678521,0.351376572472962,0.165207569650716,0.0150703680570119,0.106878969052927,0.138125690798406,0.161192162216436,0.179642690902007,0.123172607145561,0.194833642759477,0.203157768068973,0.470155887558998,0.407497526361667,0.478111647765803,0.39032501995958,0.165601893101814,0.367938790316046,0.200716152829159,0.214576070035133,-0.013111633234661,0.353282519906651,0.251714867267264,0.299739698937496,0.140649296361352,0.166863262146861,0.276825677932915,0.259957850181896,0.256538214087837,0.391448363392268,0.0781526656461018,0.300543979367952,0.265105565159016,0.208522234688922,0.264897618966237,0.193868820258459,0.128212683732182,0.342745700976733
"UI10-00056-Huron-Blush",0.0985493786060466,0.0723228064419417,0.284320035526536,0.0943462536705579,0.0159530083205067,0.147621536120373,0.068799738838907,0.0163897403575992,0.0383058763498168,0.216205447821577,0.0902924733510931,0.148840002232075,0.0299866083539349,0.056676293756281,0.0547312407602213,0.137507873321204,0.0283025452993143,-0.00178324365350121,0.129659975134385,0.260362478836263,0.19749436964178,0.161106588004056,0.0855490621537541,0.0897728749113378,-0.0523565301815911,0.210919556696929,0.0269867347306478,0.129260821899824,0.132000296537043,0.1895055356022,0.118173932029422,0.282237771111786,0.107475271224662,0.453547355127413,0.17568670802085,0.169435706237583,0.111981159682769,0.0542145664537491,0.062679752397793,0.0509796942162845,0.055167844936634,0.395932181465403,0.375898850855793,0.0367688172606595,0.1200635523826,0.0583885828995906,0.319768217063176,0.0758369397407147,0.190930765483937,0.159751938522458,0.0501098175381468,-0.00692879414340984,0.219012627805063,0.11287942240116,0.0725552777608285,0.157073838521356,0.194145603942715,0.173216756300315,0.178508745880791,0.198237348458357,0.230125464568465,0.123419668681208,0.0103431682363467,0.0774312280272401,0.136986795912922,0.275304163581696,0.177539112461983,0.128395455302943,0.124883165541189,0.160471187551102,0.07988151166552,0.151573382810552,0.226422948502686,0.185346146683481,0.00594016800077494,0.0886692170072373,0.0883152864069014,0.135167898503879,0.141800759920747,0.0569100263223749,0.165113526616452,0.190320748845583,0.16363860478464,0.280419357607123,0.0733301258434207,0.135788180062411,0.164782914631398,0.0873556209992931,0.237791481849139,0.1675640158396,0.374094163176141,-0.00695548869003701,0.144865292684025,0.0877635611099799,0.155067964571264,0.0937593350285706,0.236723884340374,0.107565163227097,0.165372734416265,0.168142104869513
"UI10-00057-Huron-Sentinel",-1.08941872987417,-1.0243908135574,-0.925554864616845,-1.03750941092138,-0.896345275776808,-1.02952713408737,-0.971173250104589,-0.783640924992187,-1.01917590142588,-1.10749567581914,-1.01608640791199,-0.993534193057995,-0.944550888913219,-1.00030757558911,-1.18765833859692,-0.996288328809302,-1.04707109371559,-1.08128941059215,-1.11936975783381,-0.943748990511846,-1.04443458790475,-0.915396254313626,-1.10181003383737,-1.16137332612779,-0.926220555575674,-1.16481236305713,-1.09668324248417,-1.09779853626534,-1.13597000407546,-1.21088580907519,-1.19702323104273,-0.825168628048928,-1.17147682497495,-1.05209507954349,-1.15485690493818,-1.16081626087355,-0.991998305803713,-1.09854255551627,-0.962168131828215,-1.13742568359826,-0.859577315056231,-1.12868587407261,-0.865280914080721,-1.09898924933002,-1.12900931922919,-1.37726797681094,-1.03323033379212,-0.838575722729562,-1.05157209632989,-1.28026043439135,-1.1732120533126,-0.78175954810169,-1.06746942175217,-1.07171158417992,-1.08533599603612,-1.29118246483301,-1.03165552255859,-1.16273305511311,-1.02263017357983,-1.02218005499656,-0.847067372693454,-1.19391820738371,-0.921099868056457,-1.11721070608535,-0.990119881101794,-0.797527887935316,-1.24392875568249,-1.1633937487135,-1.07190589435177,-0.955091890613946,-1.08750676217991,-0.923715262391219,-1.03313090069424,-1.09230040771162,-1.16009274723945,-0.88723585918258,-0.8850390392899,-1.04895128633326,-1.01051359519229,-1.39608044643101,-1.04067951599851,-1.2584300771948,-0.997284506967478,-0.953695231052236,-0.928292548322141,-1.07461891852572,-0.927385920964288,-1.07511968300195,-1.19738777510387,-1.00074549880847,-1.18222634190925,-0.860680667351988,-1.00132393297541,-1.01701899987305,-1.0315698501974,-0.97112245321273,-0.975368788512789,-1.16608316936484,-0.924504168443956,-1.02131586132142
"UI10-00060-July",0.452744146666308,0.327607512211085,0.501133104796031,0.472550281039181,0.457244159730324,0.279176305719587,0.470821880903758,0.626645092741464,0.295035092631129,0.373257842875178,0.388092499703472,0.214083300074163,0.393044035696923,0.498141156362305,0.344409881486069,0.426577810249178,0.382575542063078,0.432157069670383,0.226283828368023,0.343166346571273,0.414943997947354,0.283263860693436,0.472078218833417,0.394229482740401,0.342695873674729,0.494460815632547,0.777965633976011,0.355568576270091,0.40236934200811,0.530921302927918,0.430139355487217,0.40906851504127,0.672792001140316,0.318486345294463,0.59527960654564,0.235000878869754,0.29898157644013,0.428236147840426,0.358024188379875,0.310902880613526,0.733111343050034,0.351392540052742,0.355893744544893,0.417927324531854,0.457458656809344,0.856260757207475,0.473179538889939,0.611233801563479,0.412689674255697,0.488828564982751,0.365284765990874,0.473669530953369,0.427701876883414,0.441794628190091,0.378624146542033,0.504127231598326,0.230917087498692,0.325867582708735,0.529277516997694,0.478664220881331,0.382950991898016,0.385269539910511,0.240425859997941,0.611503389082818,0.445378235652445,0.703934209497885,0.356511997533873,0.31031824368373,0.613093777763203,0.622037691032445,0.364537439709786,0.335824325390392,0.374138338576184,0.611242536359975,0.469199603290075,0.315487282454459,0.605631997142796,0.295005313643633,0.391024929140378,0.242965069876778,0.402816773656732,0.267203020980639,0.6699404816097,0.404345831971654,0.471956566775814,0.418972705306825,0.445704908839685,0.539207289106822,0.230941085875013,0.640340097978726,0.536733127648743,0.34171027618868,0.434614274192389,0.347397887209056,0.349973634630017,0.342481241836351,0.567916250852314,0.195412174595974,0.56900856905149,0.426256976462607
"UI10-00061-Kaskade",0.391211509994949,0.157603848888588,0.162780911911276,0.250870088865716,-0.0319728940240472,0.107095101962351,0.22379714155893,0.177501876759979,0.427479461470929,0.392812043844877,0.247461260593864,0.069208536050947,0.34636730665216,0.0892084256405411,0.184649747457945,0.192044562467072,0.135864406440266,0.129777898883542,0.109811841656623,0.281374524734535,0.312156108762018,0.259530743805734,0.184986825667133,0.0361441414737842,0.258367791276244,-0.00828658135544955,0.269823570461304,0.302267788263972,0.239672040512679,0.239381615975403,0.198388073142596,0.0902173758558802,-0.314078672788046,0.323559129631665,0.145236411047569,0.223145440495456,0.523120532336708,0.218498433506937,0.153553801536763,0.235149281265472,-0.00574452039238216,0.635246609805548,0.423151433742577,0.155699501480598,0.19013694459487,0.135491069099519,0.273643767934251,0.259096494867484,0.025088238869159,-0.0342159647134805,0.288101459633978,0.145128984803595,0.119698576295859,0.326311302684433,0.204978057423502,0.217055337734574,-0.014834169371358,0.175375069361153,0.215675857461208,0.0280676151833019,0.271185785477729,0.334417427519505,0.0682822120222168,-0.055720301489755,0.178751113689483,0.0958061735601895,0.0096502181599443,0.0848952580696476,0.188642873283864,0.205802287636807,0.294665304789775,0.437881994738517,0.22508509179344,0.328072874898338,0.134518410846834,0.21963149757417,0.197838822463092,0.193453772096916,0.260591936911549,0.197791443279458,0.261649855187552,0.327752668193091,-0.00852159914158597,0.281520240303007,0.226548494791571,0.306858689871296,0.216523236911874,0.203557717864277,0.15810683976724,0.12954026272077,0.182139361586847,0.170932339628867,0.241390276606954,0.227139320642546,0.173371418821333,0.201459737718968,0.301579001965706,0.214458668040757,0.286524086633954,0.191788019764474
"UI10-00062-Kirk-Alexander",0.513117556082726,0.493953503154866,0.508511259802961,0.58023244050957,0.431112322026387,0.521528621525172,0.441059165350693,0.543631967572855,0.401050619841076,0.441478855742033,0.55599682575451,0.443762405303337,0.560631037739132,0.201602488414877,0.584507315245018,0.488706573869577,0.46515336617942,0.581161551209054,0.461947043262267,0.600492165437175,0.365190550439008,0.358508215063816,0.690008332344465,0.451775243992718,0.41365855634074,0.491604267280629,0.326487076398566,0.68764511144606,0.447196120217926,0.496126591818049,0.52221118695819,0.587149880154186,0.493021562510509,0.576171482489463,0.436968857907659,0.473916377976063,0.397412584945968,0.538363432403203,0.490882950262493,0.547080979114134,0.45210918567207,0.564401661426156,0.298689087388337,0.432131780799851,0.441747757257868,0.538946668899354,0.645439695749378,0.433637943721878,0.48173280777731,0.622781471711179,0.635484681863825,0.571735037011334,0.660199516713328,0.393430480819092,0.5066236618776,0.369657109468951,0.494013099793567,0.480458575903636,0.574621825209774,0.48103741399772,0.539079884528637,0.270592316387106,0.553731937470787,0.48009127565594,0.327463468518184,0.352685523882856,0.202269482650485,0.546604645122575,0.445364621695674,0.598826494304867,0.421358486317868,0.466224175544639,0.329718495773663,0.460064062699351,0.380134699751032,0.51902259982644,0.46152344769402,0.568941123930266,0.455874571483659,0.658580554557316,0.42239341101647,0.428040960332013,0.591815641623869,0.5569065822845,0.376742446956393,0.527254514735014,0.432486608905197,0.596002343537683,0.63330019460764,0.518984723814472,0.365723234783128,0.413256396339506,0.298593480057796,0.396157843131209,0.441191284923126,0.572496260973332,0.48539327574646,0.443485751318424,0.437887963971733,0.249091787823829
"UI10-00063-Kleine-Fontaine",0.0768190035272748,0.0587910641293092,0.129575055979816,0.118209105081886,0.00084434787831434,-0.119094622517254,0.0474611403264099,0.0830407839441298,0.265408398687483,0.0142474833539604,0.106342406506878,0.0668155572347382,0.191518540130517,-0.00840882051250001,0.080520783662144,0.0703138166013812,0.0872079093450336,0.0643536664073569,0.227285343144297,0.174404292604174,0.0116447273349905,0.0131518319095539,0.152371065824862,0.0818213856918327,0.119255188399309,0.0543590315465408,0.319493655338243,0.110894560079495,0.0255792872815541,0.0539217067802279,0.0242176384512561,0.0922175509739831,0.180616015827327,0.0550127369558976,0.0206637089851425,0.129513116954857,0.0764743668223529,0.0254084803746656,0.0641310068881851,0.135937770410551,0.150205010381506,0.0316295599453571,-0.0477174925366591,0.0768479396034127,-0.010848484478498,0.101321460656079,0.080751269703056,0.223944694599318,0.120698801710948,0.125767179997481,0.200077013826532,0.0596475826043388,0.092597058044978,0.0777255961228491,-0.0419622385825606,0.0607033564438423,0.0780864196508482,0.0264382825668755,0.154806456289806,0.171834685834571,0.0400926079073081,0.199851093520258,0.192646113594901,0.195370162132856,0.150845401306072,0.220414553980409,0.0613163900083109,0.0473348424953921,0.144470876222145,0.0953969416825182,0.0452035426875784,0.121425855191614,0.0410672984689817,0.0854168908084061,-0.0306299868783848,0.0634888309389965,0.171604045983518,0.11064614815012,0.14804554912224,0.175253706040264,0.247535731082214,0.113592505284237,0.118351921021639,0.0347001766613384,0.161997316738909,0.11167734882684,0.146945356089775,0.167102934027184,0.135095868677012,0.110628749889492,-0.169291587892305,0.253258874832285,0.0492365162084663,0.105741848502664,0.16188519944373,0.073271118411047,0.0110409955071937,0.127483708701277,0.0341337522714904,0.122230579124071
"UI10-00064-Kleine-Silberspinne",-0.789871943390936,-0.654327057204326,-0.364270626465631,-0.674928200399647,-0.663703544389166,-0.794874354933603,-0.617903009359123,-0.72900494667495,-0.239541444727531,-0.387947453708816,-0.95656699983554,-0.808515886739532,-0.721726506669515,-0.876326768172567,-0.679239593202828,-0.868380501165098,-0.654690142698535,-0.512914921598851,-0.583701486368189,-0.516422937521678,-0.690222658075442,-0.683243193149872,-0.944162453148384,-0.78340628691487,-0.724650232224968,-0.859592627331279,-0.642493004836876,-0.239089828501076,-0.714642252559701,-0.641848710306397,-1.06759325778106,-0.675268730104871,-0.708746396866097,-0.612075915974092,-0.522158721527357,-0.324812298299365,-0.847766930807599,-0.757190038967197,-0.278941671576883,-0.747533422702077,-0.72710211394616,-0.74472110833018,-0.324255283811627,-0.685892432730623,-0.649711600807947,-0.685206773238071,-0.535889646608264,-0.542674270707849,-0.67901386392965,-0.714748057543308,-0.898738701506412,-0.632925991096253,-0.617941097512687,-0.552811624887672,-0.268805665059087,-0.188431867615276,-0.721274599071076,-0.554899461823245,-0.648961087302993,-0.640114761428236,-0.752206482903962,-0.829675941579509,-0.67061553651545,-0.837326101154741,-0.652977778789596,-0.598776780497042,-0.613507493458148,-0.314452319503026,-0.144896330379269,-0.60093578437247,-0.780595144235215,-0.850795331164974,-0.320454322875502,-0.255806920510234,-0.602192414783469,-0.698930341080272,-0.791559621792211,-0.71244819961109,-0.58110950844953,-0.599246051840521,-0.610715756494653,-0.634203003988281,-0.905866841430125,-0.598107795627185,-0.662444267279353,-0.732139560222401,-0.738559972181362,-0.604521310880363,-0.787850325093211,-0.596795041086517,-0.516481349244346,-0.831375728334692,-0.662312092677125,-0.660844032123324,-0.605250922345333,-0.588937146969015,-0.328870827946311,-0.645384354289278,-0.628952391359494,-0.630220318196507
"UI10-00066-Little-Nickey",0.346841388906853,0.38801394036743,0.332522986592422,0.525331961901105,0.234530938992577,0.409871199283518,0.374624672738321,0.132333131699765,0.313715172674045,0.31770650662999,0.433469729398733,0.282549468087355,0.521796741327462,0.247815639605446,0.37494858461688,0.355360589861248,0.196431573022666,0.506116077874197,0.361528370687911,0.415734091216462,0.217291345485178,0.440425960551053,0.31576456797651,0.421134414352007,0.274611082564998,0.297318959135882,0.300700991952012,0.390180116219652,0.408392496353007,0.332175347899934,0.304615473444267,0.357110990308817,0.395056918628173,0.300774876036768,0.321380582973415,0.387605222313775,0.26127565292565,0.342553483031097,0.314674353217146,0.418024735622707,0.297072780974785,0.359391607047493,0.33178193640395,0.269425872039701,0.345453649311604,0.441772520698095,0.311355262161957,0.499778282578827,0.284948260961897,0.235096270469535,0.365730502518695,0.177990963643201,0.289862075714054,0.273177886821328,0.226092983387734,0.374996258784904,0.361632848067368,0.319668364372485,0.33586657402202,0.362253269665506,0.414632477737116,0.490460462794414,0.199262719832515,0.345093712009368,0.351744171957169,0.312519043178116,0.337057165360832,0.426463031143715,0.413553202929631,0.540892194149982,0.311131534817242,0.375527764228171,0.361478569825955,0.29906014691387,0.406682301461841,0.368424473295735,0.151313730236736,0.370573895351396,0.193703525997113,0.407526805328237,0.27233414672475,0.489122850797197,0.435016338984266,0.271625289757257,0.299953715779877,0.310574517799327,0.362611339196786,0.30269612491668,0.216937269731778,0.357818671387769,0.324658267126836,0.24805724246047,0.361099796666032,0.200688179049124,0.222961410298367,0.320379778590929,0.342285016134738,0.329367941755566,0.264712837023711,0.202341819299645
"UI10-00071-Morning-Light",-0.100628029809663,-0.196434114732032,-0.133451829147558,-0.334527744741485,-0.0753669635817215,-0.19052265593577,-0.187013860018976,0.0792703464982528,-0.0653550473357465,-0.137360611110677,-0.122376929003564,0.0180814825159029,-0.0519309273088232,0.0111738930046091,-0.164832706427007,-0.145601806304322,-0.151283218457537,-0.138924043397479,-0.1572167464214,-0.177797218233603,-0.131529941406092,-0.244399934863105,-0.130256716007115,-0.134872021848888,-0.0751280451464824,-0.075142191306162,-0.129091729311315,-0.249317488772734,-0.269116558579912,-0.228777629047361,-0.416454612330662,-0.324555785144611,-0.182377019133339,-0.0306257212944501,-0.255979095933512,-0.23704806648304,-0.0682661980431149,-0.322768996250503,-0.191105147026068,-0.133779330581019,-0.210401370046856,-0.168804064394023,-0.110075974090066,-0.246176551217392,-0.263337086325366,-0.139828148610349,-0.205918294608378,-0.179786050590898,-0.202167049830988,-0.237912676463594,-0.140777489052848,-0.101828533781022,-0.146628797020213,0.0682718661290671,-0.0830295444778031,-0.168015331803391,-0.197273031343408,-0.157966752930235,-0.132849823708716,-0.0760528254851142,-0.114880428409431,-0.294107494878812,-0.217756373462274,-0.0997898068148931,-0.226094523132719,-0.0742095759797691,-0.126360776808869,-0.215873651419667,-0.125193798506932,-0.12835595162664,-0.113940485492947,-0.0697410723872589,0.0941510793241396,-0.130487886998409,-0.124271695871688,-0.0418196913410736,-0.154159721104368,-0.226406926354015,-0.381908476781219,-0.121868902860538,-0.14867441296759,-0.120614426214486,-0.298576562528771,-0.0363789568896908,-0.143518322024985,-0.373561780126483,-0.195426203570418,-0.148691580540876,-0.186074810184843,-0.479276193676986,-0.105668342972854,-0.0526981258901266,-0.0916249948036308,-0.293261152860663,-0.282037399485433,-0.0892409444956637,-0.244860861813288,-0.2742597206849,-0.238420911229425,-0.0684908999072656
"UI10-00072-Mt-Washington",-0.70306936187226,-0.1345314408142,-0.319816853593234,-0.272446337477838,-0.186737437299648,-0.630842198418273,-0.152294224830879,-0.210499099993447,-0.344852300323002,-0.379472075267908,-0.321419865391669,-0.265224961859183,-0.226529009212424,-0.316825686584909,-0.214539143278232,-0.285917120921705,-0.372371000705874,-0.30111245041798,-0.209540074721727,-0.323898504451829,-0.425718016401957,-0.176499460334828,-0.52286120318266,-0.199444512743371,-0.102736827967593,-0.298377402550457,-0.30494020103965,-0.46248171776556,-0.308745264506007,-0.267672241659192,-0.250082529416419,-0.450228478527359,-0.138022742392722,-0.345501899490994,-0.274478681781927,-0.465487502676904,-0.356657455152643,-0.213312978693378,-0.0489391415785047,-0.330524116687528,-0.221924973433081,-0.31382572814608,-0.247181073407753,-0.454691373154026,-0.478556614991469,-0.125767508273972,-0.442300463176897,-0.512104430455941,-0.14705714983357,-0.284089039851986,-0.282466342257798,-0.365412944902617,-0.290844115307986,-0.396391360566972,-0.503962211775811,-0.187249511503493,-0.246575006492665,-0.485408635224094,-0.272778982621733,-0.152949900548735,-0.134525964830708,-0.208296771435181,-0.2821142781208,-0.271826616540183,-0.591046763834176,-0.34491920615696,-0.213648680609376,-0.404844333238642,-0.139444168439418,-0.387120953283709,-0.359790251204174,-0.277020386177024,-0.30604830080226,-0.372778536267718,-0.316185110261112,-0.350458039500982,-0.150415122960528,-0.270620072914246,-0.371454923221188,-0.304302051386412,-0.281297520789397,-0.299656142929629,-0.20720594696573,-0.30742448956257,-0.213875319861345,-0.499416427520298,-0.150643569237858,-0.460628237754684,-0.159562246149745,-0.210300787249291,-0.337184620397246,-0.400897153223999,-0.567011153931929,-0.224027481070145,-0.681712316302334,-0.278226977921228,-0.136339580922267,-0.648681542131802,-0.296378281635024,-0.189438715871122
"UI10-00073-Mysterious-Maiden",0.164417720105789,0.245626435021104,0.116287469885167,0.155286942978736,0.134092954759231,0.175758506374922,0.139263938419174,-0.0818957168108592,0.27761446544102,-0.170445535047491,0.163370291564652,0.0604777237289134,0.109229360491962,0.0139557571900931,0.272805675815579,0.129873721726218,0.023327128830418,0.0997941411257831,0.0848387363127832,-0.0699735340129505,0.186280949952762,0.180446060717076,0.604810060529168,0.00996187019217641,0.221178455633498,0.0814620677108826,0.139211179501627,-0.181567496274623,0.495812909643359,0.135827634780104,0.210104985528672,-0.0375434012564742,0.122547516354239,0.259095498651592,0.578918954898916,0.0396740065503828,0.111178280446926,0.222626128245077,0.217242268490231,0.040087885785383,0.02307631964687,-0.121287031118602,0.165653509573704,-0.0680620185180231,0.0659692010451681,0.150841282337543,0.159449030938558,0.169359651258613,0.123256850061027,0.149806252652176,0.0420709361628714,0.0874982823636152,0.358206370279114,0.0738332838877506,0.257102998007942,0.0830077136592831,-0.274823862414315,0.136169674281807,0.214815143081891,0.0711370516584644,0.200907838925295,0.182178244553583,0.0437561025800259,0.0974043863841348,0.176937785451448,0.661793722053915,0.0496181001428279,0.179746459858951,-0.169443577215278,0.0383890670601916,0.143774271473077,0.227889422054291,0.0584112922710084,0.204069472125908,0.173479244672733,0.170268287249788,0.112799378491531,0.0602134885182618,0.323641988767809,-0.13384621814543,0.132800640994154,0.0490199469667134,0.161104917420028,0.00323369534315705,0.164084710537939,-0.266796461157818,0.169127659012215,-0.238083278100537,0.72770870294847,-0.231717919504985,-0.379736792620742,0.0950552571946242,0.0587415976508333,0.284610781346554,-0.148301340240915,0.597741616816781,0.22391195323014,0.0818337403431205,0.196534303803773,0.12855076814082
"UI10-00075-November-Sunset",0.0927131424460243,0.031644716196585,0.0699666207072404,-0.0349977921879761,0.00698102182205771,0.0345280606619632,-0.0252106772173879,-0.103232753987665,0.135585683134421,0.0552221280823494,0.0706825782260002,0.0834643603627287,0.0934066132796553,0.0553649313664476,0.240415590886809,-0.103189168325878,0.0728372479841366,0.079904735927859,0.0630412372722427,-0.0269024052591824,0.000558796264369547,-0.160589249105928,0.0298659941547637,0.0305013428595273,0.0109833406484212,0.0155852124282252,-0.00170362247127446,0.0579611467187206,-0.0289153804632593,-0.0773269775477184,0.00549346140064482,-0.00800879084329358,0.530107233708827,0.0025705657924349,0.102908404735687,0.38500759561491,0.10865022975139,0.0402157201266947,0.0806916129210591,0.0675558881495378,-0.0171005071785391,0.0801466180407445,0.0616391035827078,0.198665307872759,0.0033860282613971,0.0675473897839505,0.380194494856112,-0.0268933886215256,0.0607208622346232,0.0926292691043932,0.075824544680102,0.276706248199343,0.0302789487140656,0.097536912965945,-0.151438597840055,0.0168635132369923,0.106538231615252,0.00561037084839051,-0.0141770370574099,0.0482440456027703,0.0671854150320559,0.340617221476251,0.0859844300765028,0.0158225613931949,0.0846027708164284,0.00635652322279817,-0.179612782739285,0.081112633419882,0.00966809565775098,0.0174851148158332,0.194658215949121,0.0612204856014638,0.0463057165958642,0.132004354059145,-0.0363971842107407,0.0794945110146862,-0.0698197639410967,0.055173901441503,0.0935290985370475,0.138594164871058,0.174169519856685,-0.0234060956949074,-0.00475395762101972,0.0780630969665729,0.0416600480058605,0.0363884894435323,0.102366569858906,0.0499170195109687,0.0139078718574376,0.015826323506953,0.0582188481736843,0.0534290594359448,0.0465456862243084,0.0982686495981056,0.0456354347082141,0.0622704956147873,0.119765792292271,0.0284559322481066,0.0605549272670868,0.0333478011412425
"UI10-00078-Puenktchen",-1.165007428976,-0.0435796017766758,-0.0593953555510247,-0.232887961280348,-0.105675964319758,-0.0848069661545205,0.00000700285244296939,-0.032029684395917,-0.0667442557745069,-0.150589409895116,-0.161960357745327,-0.153453089635444,-0.0698056920351166,-1.11031185216994,-0.208244451010873,0.0528224313588591,0.0727181270591403,-0.203830412407439,-0.128929032617079,-0.231553668043352,-0.0187079653326877,-0.104445284315814,-0.0133831163984059,0.0199574943822778,-0.136659124888683,-1.23059925697916,-0.241015127596119,-0.0842532650802724,0.0160373316948732,-0.0465887806179957,-0.0565060637447372,-0.10691324940039,-0.11388507844227,-0.120714674174375,-0.032760150338259,-1.19270736566464,-0.194385278951196,-0.875197034983228,0.127763781862129,-0.0941855803603436,-0.145047866827986,-0.210350629058524,-0.156877634716368,-0.174082492955,-0.928162827701165,0.0744957575879782,-0.256865127974521,-0.137042282513233,0.0579698084585078,-0.138652937996423,-0.0626511117277867,-0.0411960078380883,-0.0647095169850799,-0.0651217928797514,-0.0695049075635712,-0.143246589377172,-0.123490663253314,-1.13256269547842,-1.10067237796406,-0.113961668843516,-0.140657068533716,-0.100618754015739,-0.102107065821179,-0.195211973085746,-1.07193346220764,0.1623774228362,-0.0664338763965239,-0.122148247140434,-0.0585823669991461,-0.130476438242168,-0.242777304902036,-0.0767870987341578,-0.193747797602774,-0.184308569556565,-0.225058283229921,-0.243817082088528,-0.158649392929691,-0.0163326184686973,-0.255798637472052,-0.185198044926728,-0.165298666700243,0.0328873378205773,0.0529003472691001,-0.12924236721562,-0.143855616799393,-0.119214128680583,-0.119028910725664,-0.137678136424655,0.213436830869041,-0.154882538953308,-0.126542189854707,-1.13414372328878,-0.143300499078876,-0.15138502881976,-0.149235332013129,0.107563354758546,-0.0972794092543024,-0.0408384726851417,-0.0927897392128388,-0.126284305589473
"UI10-00079-Rigoletto",-0.13419936029575,0.176660973057487,0.0927118908630604,0.21088916872213,-0.246195976742267,0.277555138498531,0.456964586048522,0.285898739382798,0.142493641852254,0.182594525089293,0.191532582872807,0.192765885728846,0.165654864949851,0.269283132567909,0.181701507648035,0.0922823324398763,0.323883513530612,0.249632262778849,0.12788043960581,0.223106969607045,0.207585975011351,0.101119496050576,-0.168513433712725,0.162302943352972,0.22192096540159,0.539309340288537,0.326223714244035,0.143363805003611,0.285256057303362,0.203995396045845,0.224349783645364,0.186380581821683,0.145611299675328,0.251299979602887,0.208723468536192,0.456111158638562,0.236804677803014,0.188382684837916,0.20982502205681,0.321077677946346,0.196694644210083,0.320377431151765,0.325088076698348,0.22958718913637,0.0992664921121468,0.121453872271982,0.396970270532819,0.202501144935901,-0.136781298552533,0.34842574896713,0.243587142619876,0.159417488117658,0.21454457044559,-0.174714724547138,0.358381594530117,0.142180319479613,0.247228228427648,-0.0940333869788116,0.208006723349335,0.16190322754021,0.185891535540586,0.354021145902976,0.250260293781943,0.207455318051682,-0.183096286920407,0.209038766839099,0.231689631050058,-0.123511414467812,0.18895575442883,0.300939837845447,0.251814428564413,0.173186963968899,0.26945958125607,0.475186580650505,0.257683986185605,0.131755383498735,0.223925576469373,0.227202187870311,0.219203794550856,0.200394051314992,0.17775165724134,0.224717886352823,0.170001840868658,0.116967858886509,0.219964963837,0.358062427005712,0.147498975607126,-0.048012233578683,0.204645268874936,0.232486673989708,-0.216464714272825,0.242971027817267,0.164514229567366,0.245981557203798,0.148229340686549,0.229233529900131,0.196626152153458,0.113726721182439,0.162233450436401,0.203067868257026
"UI10-00080-Roland",0.777547862492415,0.870253740704731,0.862694098951276,0.994170958354865,0.791364008109609,0.836866352026446,0.786036975999683,0.511121557043736,0.601417438400241,0.766546674935959,0.839640755565451,0.828545159976566,1.04999849443076,0.813717829375713,0.803882048147852,0.846148886984661,0.598144374255575,0.80236312905064,0.542360804084493,0.755352150572094,1.05500808754171,0.94474302706904,0.79251793727982,0.608180968084052,0.611848655231337,0.97611394291268,0.825429964109131,1.00636432837405,0.886958129631298,0.795692440665597,0.725141230847427,1.01685571913566,0.531221341413597,0.752718551992672,0.763654195295685,0.725383967252124,0.671431338895327,0.822685093576937,0.710791222104008,0.607528351130919,0.792409321769521,0.635855221264782,0.667128823311452,0.59279467311651,0.934246105963762,0.857926460455211,0.495680301288085,0.638752485739704,0.752920903838699,0.75364741891701,0.643295890049269,0.528580393717186,1.13427893267667,0.754907291627654,0.904424384487565,0.76736878511754,0.783533289030568,0.648987393800149,1.09850091222807,0.474410700463758,0.740029603448829,0.793351393153367,0.895036436324404,0.807514253909739,0.694867464878049,0.726224248948077,0.850367426033433,0.908831507086298,0.778277645987182,0.840339239561293,0.77233763912153,0.551838821057217,0.786368073516892,0.397747671825775,0.728685301235418,0.796691583845336,0.653237093965584,0.36040144873954,0.873032751439817,0.646061808744355,0.966620743307864,0.769624540005671,0.932259131781083,0.901037661808907,0.878259080523708,0.760800848073275,0.770487356794756,0.56301602827818,0.505603310971163,0.692702115890122,0.972502231880471,0.744685419909667,0.827089918544308,0.645603142941146,0.735640283336994,0.653192983513667,0.730846815680638,0.636211804375243,0.614839916447657,0.787214512592754
"UI10-00081-Roter-Pfeil",-0.546624662398035,-0.54614743691101,-0.569274137963518,-0.933331046996753,-0.566081494462632,-0.778268073063016,-0.54023593443774,-0.494171624537826,-0.791393422378652,-0.629919593602806,-0.592770049861168,-0.739955515903463,-0.570130662993855,-0.663152858905916,-0.67063131751337,-0.681804086273742,-0.733609802311179,-0.477372752951639,-0.631813650046504,-0.674529739953101,-0.591993140179948,-0.81371463438072,-0.660291441786639,-0.619847359812858,-0.555796934836504,-0.531483731001367,-0.608571462382228,-0.522755588051103,-0.664990084901364,-0.676186216378038,-0.657082235559902,-0.508869279392983,-0.548082106645438,-0.784787312210218,-0.621529565871265,-0.63786521284691,-0.631750347738469,-0.567603589184951,-0.791017696752659,-0.583508630872267,-0.699195435724758,-0.531357982988239,-0.784825196236143,-0.663860818240782,-0.620775028416456,-0.688250896703223,-0.569174655858334,-0.548148799640612,-0.659512872064567,-0.588269023955822,-0.596796430059977,-0.614593561930384,-0.553737466862163,-0.733550346251111,-0.660208558966282,-0.577088854540465,-0.603882861957679,-0.683702526498951,-0.598770429450301,-0.613285186501544,-0.566611360552012,-0.820176057476666,-0.646655945535142,-0.637145341886732,-0.744035742964842,-0.470983738689725,-0.719393472301309,-0.608627341261042,-0.582686377455139,-0.556556981808384,-0.745098653827234,-0.620170846469803,-0.643447252010422,-0.662782691034918,-0.631457661890354,-0.789601354004927,-0.558880150983547,-0.655776470394654,-0.570521732061319,-0.669438756049281,-0.527991608991233,-0.726536204818119,-0.625003950899714,-0.580295800376394,-0.560466500495994,-0.75765590477434,-0.654704930814218,-0.920478527166098,-0.50426941784887,-0.517302926013364,-0.56040147674155,-0.660006725187979,-0.629739045643266,-0.637010086449363,-0.7001461128478,-0.815375430040611,-0.521020337961827,-0.688618824430517,-0.618912941637786,-0.866691634936243
"UI10-00082-Rotsilber",-0.213488401116105,-0.310995801354775,-0.251921167934084,-0.290514735456018,-0.209761336294277,-0.16617352045481,-0.165426521403811,-0.324734500966475,-0.234256004847412,-0.253693784688015,-0.249561506474913,-0.22021695935909,-0.238976178597909,-0.21803161219312,-0.208452584853397,-0.269286752033451,-0.256467183527202,-0.255953665380346,-0.261949164340605,-0.296764420364738,-0.273152730451876,-0.228016609298118,-0.152392403442587,-0.320862458788043,-0.213084749484005,-0.135783990435554,-0.244634350222849,-0.229297132754516,-0.0129210468722234,-0.257390989814635,-0.189046291991598,-0.207208716932948,-0.203336444893876,-0.204164930182503,-0.238990202920598,-0.154332347752103,-0.20758925674634,-0.196933664959206,-0.233347856648518,-0.225900878920182,-0.268127142897355,-0.261423754989979,-0.0887693999639279,-0.273560570619781,-0.23209719232074,-0.206818833112226,-0.250391669344442,-0.261866777932971,-0.24699330589271,-0.252596460974767,-0.250364328307904,-0.191096423874358,-0.306805529850679,-0.264876874221303,-0.0926792060811817,-0.244904959100106,-0.280561480387383,-0.250066095513528,-0.290942132471765,-0.200873646088167,-0.232002998874335,-0.234967942974872,-0.172307218937383,-0.21358086458706,-0.170276068156273,-0.209224875812554,-0.210971652229945,-0.255830922321183,-0.256126349494875,-0.243654402306333,-0.282039929620649,-0.401944164274798,-0.267789721464888,-0.230242936658829,-0.0684943247809318,-0.202251036865298,-0.274088826437163,-0.246992668296394,-0.218353938156851,-0.206462097344252,-0.293832067938833,-0.197671967924269,-0.150442270866629,-0.22404357591891,-0.205068124377219,-0.197561986012285,-0.226189782564754,-0.212171274587707,-0.297295309004193,-0.247840954453661,-0.199652534548228,-0.285300203423184,-0.241975573199113,-0.26513043388879,-0.159363341661147,-0.2326561159849,-0.287548057841551,-0.262581125850931,-0.200137375377768,-0.310764586399056
"UI10-00083-Sarabande",-0.208832579695488,-0.206440018118604,0.118473243561991,-0.264926662175091,-0.235093453441265,-0.19209298744177,-0.216873832776876,-0.17930907336976,-0.414840937659291,-0.266489741519776,-0.219595002925802,-0.149197579921051,-0.168097416191493,-0.258035618819832,-0.171016099239064,-0.356725250039392,-0.162393782201699,-0.224642746846174,-0.258240890317391,-0.0978740012449348,-0.434539087144832,-0.228896173163707,-0.218942413439021,0.156811634929966,-0.218015783348622,-0.130300451034349,-0.220617697964424,-0.305763011416875,-0.219140995469925,-0.270700590831598,-0.215338686026472,-0.197644434981426,-0.209895792789555,-0.212995678056478,-0.489368714507127,-0.22440112762481,-0.238760150316526,0.0123568569556525,0.163199516216905,-0.169632481817842,-0.234581565491883,-0.282014514827045,-0.393637720839506,-0.153753918311012,-0.0985463488011142,-0.266865027225673,-0.252703381271558,-0.31186014025608,-0.228507608802364,-0.459262426831945,-0.218442603078519,-0.228522120772881,-0.449655964656022,-0.139831856157686,-0.349212813980981,-0.283121281961227,-0.234857028666953,-0.223160591397621,0.137870631116438,-0.368955593853327,-0.0578506881821503,-0.261206903943587,-0.590600043565099,-0.30401097108263,-0.273313032101344,-0.220993313348569,-0.142311932764319,-0.220424493080138,0.410099928274609,-0.181102476377607,-0.256216959443043,-0.191235534819118,-0.216139798886014,-0.26382666954279,-0.213499841693421,-0.475962758382345,-0.47464726775564,-0.277857448015986,-0.568856371723739,-0.0984475369047126,-0.435012647710963,-0.458795207334917,-0.271752773380474,-0.239056606460389,-0.413036668948986,-0.208648864177687,0.241840366018853,-0.221604181366617,-0.191602117281496,-0.186453966388064,-0.209423999646747,-0.193634567438536,-0.233986183175345,-0.22051489411181,0.114783691943564,-0.0887950648742865,-0.221063776963372,-0.154437890276794,-0.291047482640377,-0.24012109154653
"UI10-00084-Silberfeder",-0.126489841991922,-0.278501397876909,-0.298500843613786,-0.311581355187676,-0.211489347124388,-0.227345590218974,-0.209930306910903,-0.290770023207835,-0.245967295118793,-0.304887735855684,-0.292288110001979,-0.279875007268372,-0.259617562869986,-0.175841125234969,-0.306956794889578,-0.477454792673115,-0.304872312030663,-0.227349520072519,-0.242800354973398,-0.183310257506569,-0.339406064928283,-0.275146406859886,-0.157373069025591,-0.239830510580789,-0.253374454459361,-0.239764871887939,-0.323965381099496,-0.1922829615141,-0.280836795443749,-0.185481345812525,-0.392305064975613,-0.278252637000727,-0.218163477117276,-0.287733270783285,-0.332529088502787,-0.252523880266246,-0.239468144662228,-0.355191757531684,-0.382993695355436,-0.217379149828261,-0.156986841980177,-0.271937508061838,-0.487059887955491,-0.277671143052379,-0.223436355006132,-0.230785862561395,-0.246697157898869,-0.292896970872819,-0.11906373712725,-0.319921580065114,-0.285042263995519,-0.346254347641216,-0.348536326131327,-0.157568263106142,-0.245318664500397,-0.234204799611803,-0.24619549032021,-0.0906478221371058,-0.300340316282876,-0.331120646319257,-0.321612123138806,-0.276517567751916,-0.285832089476592,-0.214327423528413,-0.133731863101932,-0.250392264470752,-0.203575825439482,-0.114558939863315,-0.178577424909635,-0.300414072356798,-0.317741642240183,-0.229365783973093,-0.213109170849061,-0.349515796139589,-0.298388372616989,-0.243944532345399,-0.344682252936795,-0.345308559327021,-0.354402797224697,-0.372032679764512,-0.247210758781014,-0.304230797337034,-0.262960035817611,-0.295259555224002,-0.243481556050349,-0.332701402415531,-0.238427137843205,-0.0235900053491158,-0.369782972352218,-0.244564669986407,-0.185564867172498,-0.239594429494346,-0.277129922147348,-0.339054232246209,-0.342331699320109,-0.392748924003385,-0.242819822792176,-0.297455520346309,-0.295044729260209,-0.2335913447934
"UI10-00085-Silberfeder",0.574930193665094,0.556826794642064,0.201858119233205,0.64441762664712,0.563011896368643,0.211942054121023,0.598334910849821,0.451992809321891,0.655300997436172,0.492318972980159,0.511361555330586,0.513977330082756,0.46417230689155,0.569230368356346,0.641382245671483,0.55649409902464,0.104077800689343,0.556055331327479,0.135499362720801,0.481950830976018,0.422853545510821,0.485568221024,0.288611709140835,0.53012679444383,0.552756528913909,0.473075421500117,0.591104169915119,0.568496053484928,0.510773683024247,0.587080510735452,0.541543436204756,0.615667751299439,0.555978238459133,0.938325710794758,0.486219781469641,0.770402128587539,0.152735749153438,0.455539288916344,0.549336093363856,0.612139018232178,0.661707314680024,0.54467580347907,0.550829406709147,0.688765812327182,0.579750997712185,0.610336927561475,0.972231622444828,0.467416623674974,0.304748103948794,0.739054994907079,0.584759702849632,0.663660007011936,0.478157565416209,0.645953830024663,0.424832938539539,0.562855473646083,0.522276257225282,0.557362435440495,0.62980296224603,0.581887880538184,0.582389986271899,0.68836629775739,0.484151805436702,0.553317949237974,0.457132821739621,0.553108977510772,0.547759898815091,0.431986148395305,0.502311287829343,0.45883998925243,0.626365875559569,0.354396942210876,0.500277041716373,0.288844642548278,0.49128770442965,0.578954497599755,0.698464421036888,0.41486840312848,0.586476362939048,0.630030173158804,0.395649407484032,0.694873478140146,0.572928141169535,0.395820622389578,0.487270648200392,0.768471660216353,0.562179292408084,0.323421418021308,0.545854252672327,0.724497747963778,0.608603216174922,0.494872115173092,0.544093693743183,0.499789213728573,0.55907523609449,0.368979207188674,0.727457708537311,0.670703144295628,0.520705678012383,0.545698496800794
"UI10-00088-Silberturm",0.639642532689851,0.597734226605665,0.52226517235684,0.575318361816896,0.661543663268981,0.653292577486013,0.578360208818993,0.499246248755562,0.587822804882925,0.648370928828989,0.372381956457318,0.41052916244967,0.653753240819374,0.52033323068362,0.493934497429104,0.486869630785848,0.532942011427814,0.547146319197278,0.602992435118966,0.565064209088691,0.594620387946644,0.47382387408894,0.55461120588635,0.552628298547962,0.548619052392462,0.610218887691847,0.512015938610899,0.75611747015761,0.626350450577073,0.502664157090585,0.489022592405422,0.468200216639945,0.531447289362376,0.562316258067328,0.522079489220463,0.407664146128306,0.623991956784706,0.609686414428722,0.584335458307853,0.540532979047303,0.578498857721961,0.540754988706893,0.511598104133095,0.531892842453405,0.646590770595197,0.497877331020336,0.62770547681957,0.471883559324157,0.716864181035938,0.489109494662932,0.513905630769983,0.423824935318646,0.554856805778504,0.673521450017658,0.608319916882123,0.695032756049169,0.574471426347602,0.540631745872202,0.538226088429817,0.504213642810353,0.612546867693872,0.559234514963056,0.508758625882325,0.596213615044979,0.520076014814658,0.438816539880284,0.700070341439609,0.477089326517151,0.614897756110157,0.423527086904563,0.479009855036835,0.57231937667365,0.491474220882467,0.654100491882901,0.627523839677815,0.611805201144628,0.589955214022761,0.432612178881815,0.537714675380722,0.37826855726144,0.735955110869235,0.582159182887546,0.587488636441881,0.49253605501111,0.712449412934091,0.532747316919249,0.542915044945002,0.521228578363619,0.428692307324151,0.64510921830813,0.466745092600638,0.521086333530413,0.554684050541299,0.58898387496889,0.497379756571512,0.546358863324564,0.545569330269218,0.665763178691312,0.627798114333737,0.571540060345769
"UI10-00089-Sirene",-1.038432781374,-1.15041942321796,-1.15591810474945,-0.950346136567205,-1.00266996490656,-0.787441351227767,-1.20370774550824,-1.05247442606647,-0.839051429489805,-0.900164723726453,-1.01076020166073,-0.909137750238892,-0.850879876148477,-1.07322705145939,-0.932279381896527,-0.695569744635929,-0.837053920168358,-0.972253329462921,-1.03598525207199,-1.00421387355482,-1.10107786211793,-1.2134036343342,-1.03383136806496,-1.08265610714053,-1.02938101071917,-0.992311359149856,-0.934564780565152,-1.04604562773434,-1.04626804993428,-0.989979423907518,-0.934626933080558,-1.10676096421645,-1.03882038712254,-0.803071465849707,-1.03649479116693,-0.904785958402597,-0.841686410446156,-1.0803637895241,-0.98572420069519,-0.944500916698237,-0.966778513543801,-1.03556655165802,-0.804030224097268,-0.946995246939819,-0.953613084695198,-0.707041961970303,-1.07323809222101,-1.07375575638201,-1.07798576779265,-1.08260161815135,-1.19473103793119,-0.944191377584314,-1.0778649584422,-0.945253513052096,-1.01821587349889,-1.1090188720662,-1.0291546957396,-1.04202200809845,-0.981247376825619,-1.1092432401859,-1.19265856187814,-0.81051965024217,-1.12812972941045,-1.05788923032621,-0.745889471959234,-1.08991182422224,-0.961440179256936,-1.04577052908111,-1.00541080933884,-1.06125328776679,-0.959810640789152,-1.13581535178347,-1.02146780273173,-1.05094067322749,-0.865736695456486,-1.10391509414817,-1.08402977589099,-0.919266366378873,-0.943281744667757,-0.934807284244985,-1.00232087145049,-1.12534851365043,-0.931050417201311,-0.995106002851412,-1.07059487906974,-0.770768264555648,-0.970373393668411,-0.933158911434048,-1.08359650966494,-0.998995060442029,-1.06331771632048,-1.0410144351678,-1.11715416960189,-1.08454351301232,-1.17297418589334,-0.811896534926922,-1.04842789828792,-0.708753953779484,-1.24949398258477,-0.870522074430404
"UI10-00092-Strictus",0.180199326903031,0.126285955910932,-0.0125107675974263,0.41923617260056,0.135585482659486,0.203062732038513,0.521350432407361,0.352825742683968,0.45825864210629,0.166684758572807,0.221939147718187,0.228365471713656,0.186368002474037,0.16155506672555,0.305255816046626,0.405495802396855,0.517873035600704,0.423053316116826,0.226554046664425,0.135458954733751,0.289104367957972,0.322435178203634,0.229750024897977,0.4051062049987,0.240621723038063,0.0785583671189776,0.383690414012827,0.621574647634319,0.237417542157257,0.339134296108064,-0.658601885972041,-0.0766836325123303,0.413938313238334,0.301466376812438,0.187871033318159,0.228713616210336,0.400404427907955,0.284265449084518,0.310553485267311,0.134881590373191,0.222033838261591,0.119384653255,0.266260102534635,0.316516824027776,0.207709921977844,0.026213151003521,0.453420957720338,0.0911048951548104,0.217909448537808,0.0322630614602804,-0.0328983950024188,0.512096969754127,0.0829667134199069,0.630430923882162,0.469580560342545,0.299819634766879,0.205498543924911,0.163581739440451,0.2558552116149,0.335118713561021,0.0382085501632174,0.237836566853743,0.29519531175228,0.170879494059143,0.244176951835125,0.152830529919905,0.383970953700601,0.201777996699712,0.422845043591359,0.282509495472771,0.01722477724181,0.392931482446448,0.345088454441304,0.0773386380699951,0.208405116899223,0.321155901065883,0.163450003901462,0.224625407188186,0.332078916941216,0.144834609153254,0.228558571753492,0.422379648957096,0.214892310265545,0.0783661567408973,0.149754458202999,0.583311490614171,-0.0419006172772394,0.325589846328146,0.151587828094994,0.152538015285657,0.188776182591689,0.215162086920269,0.167008997423135,0.258800015920756,0.290908452763737,0.219386324824238,0.155646212784936,0.323730553230446,0.344979627359569,0.28552938368951
"UI10-00094-Super-Stripe",0.266580576215258,0.0133207797084464,0.217945621951951,0.251643017232154,0.151174699790575,0.0620197185399021,0.284500845945358,0.316492365989729,0.249045456492807,0.144905564087724,0.184876258593189,0.142603089623387,0.275814450123618,0.238125662499292,0.348318447289266,0.211113023742851,0.0533123684147272,0.335972509203977,0.244974008012116,0.0570137226760302,0.274918532897058,0.166637954252264,0.172802318893249,0.290823116491423,0.286667465396318,0.23463777314459,0.117865263383507,0.218649392414534,0.368511479647506,0.325400004800835,0.348451554195018,0.242297321460077,0.194602610244638,0.431579165342274,0.379187986940755,0.34530103198429,0.294796967308175,0.214590905601475,0.216053442551587,0.21058521345202,0.275470147694338,0.19837670651193,0.420561893867289,0.310706314881791,0.140758255010151,0.181115692099006,0.132655958467322,0.251872512414781,0.349744250884075,0.145889457618337,0.25586434033984,0.278298910150537,0.267580505667324,0.254169709964118,0.0797081590198187,0.329334452486135,0.136767494575058,0.285166361424094,0.170333297047745,0.114150853821242,0.245101930868771,0.225701508739791,0.377925445891348,0.308719997659473,0.280870081501171,-0.0962677242752158,0.174463616641984,0.248430296580693,0.248847058065288,0.378648412551061,0.1679681503904,0.412546170019793,0.203316303237961,0.136367166189118,0.12833892392026,0.320983050858772,0.27692479877088,0.324675915522319,0.227300423071008,0.284463113878013,0.297748903681241,0.321072779995655,0.220844310403963,0.206444632791769,0.235947388865582,0.385108862672563,0.226034297511018,0.153832294298048,0.301483556401135,0.223740095509665,0.269074195343138,0.0482627271530896,0.236107943646846,0.00245749453575944,0.450670724672437,0.00547011548663901,0.253331666372101,0.107365909475059,0.194542469533103,0.27047601101862
"UI10-00096-Undine",-0.408037727626239,-0.534105758968911,-0.273024960059344,-0.393012344309114,-0.593554055581692,-0.351284298555263,-0.453091366988553,-0.477432409554809,-0.34864417285724,-0.4828425695829,-0.523790784687143,-0.448739368828957,-0.562259020309486,-0.402881303969092,-0.482189795319223,-0.426448634569778,-0.471960708119766,-0.543844279756136,-0.510973088443443,-0.431927792523278,-0.403231454467054,-0.430663831618138,-0.523584205694203,-0.396465527080889,-0.594145470687926,-0.610217943195026,-0.42393190980622,-0.51099841227337,-0.472479119427248,-0.462611617299279,-0.467165119593749,-0.534058404771561,-0.3578932428877,-0.542047372610554,-0.40406893057921,-0.578554531782956,-0.458637222912812,-0.583145942641495,-0.366482267777286,-0.507523564620236,-0.432936334978578,-0.423521563550691,-0.397046405469893,-0.49767971346826,-0.49458342933234,-0.524599813443295,-0.60616844232678,-0.424104838015355,-0.446417532734982,-0.416138472024911,-0.487625012539909,-0.529394454766393,-0.458714236739062,-0.481590970924676,-0.519170986668938,-0.469424744180564,-0.292853341520502,-0.48875766893034,-0.486553435225024,-0.446328560328663,-0.535762277408538,-0.502956683928877,-0.592545700670277,-0.448049778392392,-0.420435241177386,-0.663216312137054,-0.491008312640774,-0.454340960459918,-0.524370926666297,-0.541783782104426,-0.58107987470108,-0.401398800798851,-0.542628422625727,-0.421081109275589,-0.480865893325514,-0.532164381433624,-0.496261870458079,-0.525696845126499,-0.476361033319767,-0.454602483363112,-0.493144293091968,-0.487005538987741,-0.398366556487959,-0.513384433386483,-0.446953657769894,-0.495261656319947,-0.595814879675842,-0.453044799511488,-0.438648125846946,-0.455415087107766,-0.442107150096038,-0.33894609819077,-0.438344681407706,-0.433928444335323,-0.397096790084575,-0.4282531365127,-0.572963997673659,-0.594861503524926,-0.692745134544447,-0.555624504451099
"UI10-00097-Variegatus",0.282968037404379,0.0776105812682096,-0.0162554053900722,0.0579946019273256,-0.267001771583442,-0.0414935477388645,0.450029700874058,0.0529172295298906,-0.0218565174620305,-0.019171808390956,0.0974528673533752,0.00491959422573632,0.0590877796338832,0.0413700722995576,-0.345244116024387,-0.508216953440677,0.0277858638942346,0.225862785742648,-0.0129345300183514,0.066712014425307,0.0400214447059538,0.196717847349047,0.0730066410219184,-0.0476133820485155,0.00655331929229112,0.533891559232551,-0.012870652822768,0.0419092230501928,0.0551508936179905,-0.0282690766775585,0.0568806015229163,0.0388393701433047,0.0443351772767047,-0.0464777765234336,0.106313459495163,0.468653022607404,0.0206195686924366,0.0412995287787516,-0.429515135985005,0.0740856223427663,0.180232189167065,-0.0158511607711858,-0.561349404700179,0.0135161368395064,-0.00278884015906803,-0.0960112541437202,-0.0132176675144737,0.152464889617384,-0.0366941133798541,0.060128498477118,0.238879407422369,-0.374995015602594,-0.0241757070946395,0.0497653908890367,-0.0140762444987275,0.151161120264637,0.261473125561534,-0.117801867254742,-0.0501381531948451,-0.00310566924308766,0.128629534939905,0.0975099540818875,0.0722356786859491,-0.0339884236882526,0.184050341573181,-0.0455979976633442,0.0998648925917936,0.0362195535874749,-0.244367411716328,0.0677540454716889,0.0848896471963313,0.0276506581769811,0.0175626850147235,0.0226014015602293,0.116835570180019,0.00720067043784451,-0.370734850654006,0.130083675333547,0.0418853647078592,0.0245057961080286,-0.00839326035423479,-0.0336688544135026,0.183390890215651,0.115811731104525,0.0584348642442257,0.0646395179428128,0.151856884464961,-0.0297166977842819,0.179368633361093,0.133737314101904,-0.00760567381687072,0.16599609031629,0.192547893775655,0.0488578468537914,0.108372331257486,0.135984130983019,-0.00549410694890136,0.0312370055276128,0.0104870317706265,0.152660383014428
"UI10-00099-Wetterfahne",0.0535287660099468,0.0283883084940411,-0.0610540299063884,0.0216518835000342,0.101017419957949,-0.102172547148315,0.0826919076232696,0.0302223698419893,-0.0057074906569112,-0.00124794943640686,-0.152551513570167,0.0465556417189025,-0.0235051054170878,-0.00545338313509191,-0.0219721472812026,0.210409000358632,-0.0074726247515385,0.209175301020269,0.0843609493751127,0.0472564470420796,-0.00133551184110425,0.0471250908125207,-0.100328502910232,-0.0546203088883895,0.0743262941315844,0.046971416072376,0.0735399155504376,0.0797830449773101,0.132626425617881,0.123948027474767,0.0385342980222681,0.00915020132363972,-0.0200482080514441,0.0996938168822294,0.0192701606718045,0.116750651908295,0.0540985338020915,-0.0440602944977089,-0.0812307932102669,-0.0871449249369662,0.17191080455829,0.0380658650826365,0.0359395068801187,0.0872325297330534,-0.0122162762669399,-0.0790917910395043,0.051327304684167,0.0671382802132568,0.0131024793193238,0.0839722532015586,-0.0101189782030281,-0.0960282365847551,-0.0555286026976949,-0.010059032407374,0.133233142802557,-0.0410655976875166,0.161508764399823,0.172249035076613,0.104347378434472,0.12848055640353,0.0286105766282344,-0.0606839520489204,0.226232222684861,0.0812527291815014,-0.0625483934408706,-0.0327314990581496,-0.0409183568033874,0.00416532149665616,0.0616526531119269,0.0372017138244209,0.00331001006274029,-0.0376939881397561,0.215925969584078,-0.0216262621838929,0.124518294617486,-0.0702251282363899,0.110123138605252,0.0899031343876338,-0.0694545475471423,0.0419835952954449,-0.0292105032972937,0.000287817351100016,-0.0327085192405201,0.0465967182586301,0.0161412187948828,0.00994755439229422,-0.048184546600178,0.0451202630280628,0.147240522729676,0.0521189937531567,-0.0344247397939263,0.00965870432034061,0.0979165587147013,-0.00479354222802505,0.0997234885556076,-0.0933059509159427,-0.110470311383397,0.00314695683317812,0.0422174837510925,0.0648411205735822
"UI10-00101-Yaku-Jima-Dwarf",-0.71785328373663,-0.938806718962459,-1.09607034606014,-1.28563752078469,-0.881320688881891,-0.724093582023745,-1.0586703366796,-1.34408446962437,-0.894563826612487,-1.01241771964502,-0.725162246945201,-1.09745019596255,-1.11404830235722,-1.1213547161374,-1.12416347328352,-1.07880247435355,-1.34894320063271,-1.1171248606129,-1.09127001491379,-1.33130980163213,-0.951657256856419,-1.03919198995207,-0.485494267890749,-1.21586815056166,-1.05226380681928,-1.05323351533259,-1.13508387269705,-0.673460493647976,-1.19470234515983,-1.50055486700356,-0.856002423919689,-1.27254505380712,-0.983141553235861,-1.52761538481733,-1.02683871556424,-1.13853730606574,-1.1050696866494,-1.13803880557383,-1.05894253616876,-0.938685538706761,-1.11466238405141,-0.955488664786748,-0.94884589615936,-1.06748876336966,-0.536711015312139,-1.5511998902902,-1.29207310647551,-0.600427098557204,-1.41325915529553,-1.01648563345237,-1.2869713235906,-0.785097426131143,-0.989338551849889,-1.47730330152573,-1.28605155239641,-1.0905776463458,-1.24799099632875,-1.17182055304524,-1.09928221410896,-1.04435929412096,-1.03977975577817,-1.02141759219774,-1.2851244966779,-1.23386632479979,-0.660772533463851,-0.773419928808566,-1.13249657269757,-1.1540406211257,-1.00926621745247,-1.05101521284661,-1.0249583947163,-1.14589629585692,-1.12990375122233,-1.11010314046944,-1.1607585153446,-0.941990784900181,-0.999397857936673,-1.36435356698792,-1.23408473053213,-1.07735632265145,-0.884896572650453,-0.974289864843121,-1.1710158573904,-1.11932022125095,-1.012909071017,-0.964845735977234,-1.08240640424259,-1.17816706364524,-1.16973562544092,-0.992533225121148,-1.37976742706104,-1.42442768098692,-0.877920333604283,-1.34065077947484,-0.776212394914211,-1.3811526095297,-1.05434345223285,-0.696372760256499,-0.920969655720905,-0.910108897011126
"UI10-00102-Zebrinus",0.107439498397515,0.103249065540301,0.268286027869146,0.163810205255849,0.218111555294493,0.18577361000128,0.346932798641068,0.0512574238477212,0.265100199345033,0.0841599692827434,0.0975713906627922,0.176127178415489,0.239552650639283,0.204360473334024,0.370865925052123,0.319398241585156,0.0684999307854326,0.155145462067529,0.271225439591342,0.175765550640104,0.0738055135888276,0.139015496555083,0.192373469460715,0.33482856069203,0.128199291135423,0.197413145278152,0.174061378785898,0.204296793902575,0.230238316999864,0.424834164852224,0.246199188694096,0.214247276838602,0.244702950163217,0.201395759642407,0.152926589062029,0.113224851711732,0.269108979711379,0.18410401139956,0.229983025942433,0.224061538017319,0.431354178095818,0.182270018814292,0.259625647259278,0.137368541661992,0.262273097778685,0.131026776703264,0.00324260801642832,0.247454859267523,0.261782258082947,0.20830516080644,0.11376936076263,0.244515047484438,0.227890164291345,0.214188891269294,0.147458888316873,0.296818393552428,0.235651120247183,0.191373148331938,0.371952418565345,0.215822975819876,0.36235442896195,0.194995686933502,0.166994835600507,0.178151360520254,0.30412192608631,0.305818004022307,0.230609069858185,0.227566433525249,0.517721660325277,0.153632516476734,0.305619153253598,0.238109586951341,0.134523816109823,0.199343403672987,0.202897781610812,0.252800055688253,0.229160884441888,0.0869023621247383,0.0272013210818211,0.0504742435833169,0.232158637658545,0.169818393295848,0.254178302920486,0.193091183514249,0.419014591160165,0.257257083568109,0.194040236681559,0.281291846874516,0.228273900529195,0.231831160789906,0.242180961132119,0.045170752173765,0.223918355872824,0.173894498384868,0.122171801979828,0.298242420609208,0.215377604040216,0.25612075479848,0.314402546069406,0.0723270022140934
"UI10-00104-Zwergzebra",-0.528258010057376,-0.605376287795237,-0.603090719620545,-0.529881632459955,-0.460701119512329,-0.525712887766426,-0.458862103764349,-0.640185072413184,-0.806711607756083,-0.626461039647059,-0.494421052792685,-0.532195259688456,-0.522436118093669,-0.582367113155233,-0.435406851477577,-0.542952312703454,-0.510292058983237,-1.16780574071639,-0.528349138446996,-0.577283533309353,-0.844531551482492,-0.602266580074954,-0.527137229048248,-0.563420465431318,-0.453016159731894,-0.553969387844185,-0.528172281222887,-0.487651733689109,-0.61993242304781,-0.5606919896001,-0.59363059889657,-0.529863783769858,-0.519306181500483,-0.517474492403168,-0.695201419838854,-0.545680524377356,-0.469279083523663,-0.461825979164827,-0.494750631511282,-0.576496116283064,-0.569518445206495,-0.186031046783926,-0.552678479434497,-0.370373310649981,-0.572415796624669,-0.492671049847961,-0.528134202904546,-0.593141343272342,-1.04617833465499,-0.488929573104231,-0.519134742598032,-0.541688667730568,-0.658070939923575,-0.559580212625866,-0.589900081861088,-0.510495390468408,-0.565770749471492,-0.55473730956281,-0.28624999187119,-0.773486265574278,-0.588775723824445,-0.570792738444133,-0.546150227635095,-0.395671468961725,-0.546075720558403,-0.562602414836428,-0.538236654973716,-0.547959048270331,-0.601698650824275,-0.22113824041237,-0.583288262445973,-0.883535714633602,-0.538789063107564,-0.641912048175748,-0.594870099258612,-0.195282185497221,-0.587192284431985,-1.01146428238916,-0.54741103373078,-0.534101768807927,-0.519727434401009,-0.232153532371721,-0.55242027552434,-0.625803272950939,-0.57456622367196,-0.495779269132797,-1.2064863973062,-0.565434484001916,-0.185321593243501,-0.604595087383242,-0.582238471771152,-0.569189164640256,-0.618668235294168,-0.626207613690384,-0.590708562373882,-0.472037846955639,-0.538801307445091,-0.631068389504159,-0.544374358363103,-0.543417636181303
"UI10-00106-transmorrisonensis",0.581393606240109,0.400765695412185,0.491400406985562,0.459896793791683,0.44398257618326,0.538670287191111,0.408854018866484,0.463903255153099,0.507123731856193,0.582199743493188,0.506984006461,0.432903250342482,0.432359016697283,0.408071389498492,0.435411143462741,0.399371628243407,0.462259623388199,0.530557331614537,0.44930783060496,0.441842734708698,0.575990367295366,0.471027456072062,0.371945371284096,0.426241100804215,0.482952197919541,0.493941207362396,0.445248868507491,0.441388096355671,0.491053432872686,0.525059711260552,0.389763543504183,0.590044011552559,0.616212423210058,0.364268138465258,0.505592622650509,0.520354026667992,0.47078116119832,0.539592723596753,0.491338146212494,0.459185226505298,0.514765730056816,0.429750286209745,0.480951436069379,0.414963791512031,0.509960201616721,0.388097906207054,0.507379322087723,0.559413532250322,0.577983793819086,0.481159867351467,0.430885074013811,0.56787003245053,0.605609250858049,0.459411808908516,0.489903365649512,0.386131622510615,0.518883696056784,0.526954620774753,0.470136354796657,0.522970253856258,0.54831905678217,0.483610269443105,0.563517132490089,0.309250389998441,0.455541967185535,0.520031499198564,0.255087537665672,0.34765173248797,0.520220190554988,0.438043794936401,0.415366837648048,0.421627483072148,0.570883966658054,0.525619053580797,0.503474629867828,0.442689237249756,0.422838277151412,0.554544369245831,0.476189923584739,0.514364989905349,0.377661886670665,0.533782992899979,0.509939657045326,0.446002755061401,0.460615280272489,0.624075526804167,0.451650817541962,0.452343707471584,0.52914160385693,0.453142462662062,0.464439362078958,0.485772491219607,0.559153179561234,0.397957971461008,0.501317218265271,0.462109549538627,0.402335455085189,0.438582700543441,0.555435985363497,0.496480584053543
"UI11-00009-Positano",-0.446016822450131,-0.454927510738773,-0.227735623654441,-0.386243407817988,-0.366110441106284,-0.502863051339872,-0.549055206273263,-0.35332052330628,-0.402605622873541,-0.329520799924027,-0.306638126051384,-0.500937529886822,-0.469599301839996,-0.367697669193249,-0.590007421462715,-0.593551563878265,-0.500732906865329,-0.741801413454383,-0.63660487675533,-0.48714587307931,-0.235078205569844,-0.675233218782403,-0.658834425618157,-0.435383826612826,-0.484038947940797,-0.369074406246216,-0.446504695401124,-0.461492857676148,-0.338506383498171,-0.393357037072852,-0.420090949541545,-0.473663241197607,-0.382376511714244,-0.408611734642133,-0.398332894190678,-0.676352005692572,-0.469942900896675,-0.485045746044661,-0.196169967123489,-0.436897365270142,-0.423472148389918,-0.523813897120923,-0.718128560673226,-0.418000775938815,-0.498863936201344,-0.184930754879992,-0.35578082397085,-0.45832128486146,-0.396170786155233,-0.349146858169386,-0.387085742633656,-0.406544720867673,-0.443909715797652,-0.751711966645815,-0.48519427258076,-0.388423683832391,-0.501231922697561,-0.395693570307254,-0.679808196298803,-0.496429406573905,-0.468201556184148,-0.339705801723158,-0.729403041282225,-0.490550851318958,-0.49270542670647,-0.279985080852604,-0.408873052264481,-0.580307551376316,-0.380463489094165,-0.861223604815915,-0.457858180380595,-0.49288367713108,-0.70797791931285,-0.422288388122025,-0.473676597185388,-0.443591896356977,-0.313902141890898,-0.360924702537206,-0.785546720408938,-0.42930094192042,-0.401004954756048,-0.392346854414881,-0.459650029805936,-0.367231190962618,-0.708133655687791,-0.432341789657853,-0.56063696695177,-0.562853884043905,-0.391037754487601,-0.672146650274243,-0.461191797760274,-0.369446670978314,-0.43664993335675,-0.524191853156783,-0.361301826346589,-0.252513768424594,-0.465715095029481,-0.397350434352201,-0.591053845289769,-0.458688701594606
"UI11-00024-Flamingo",0.248841317525268,0.367708555173405,0.433193160748945,0.431781997573718,0.35159787085317,0.39474456541477,0.316360493877741,0.384691226076709,0.357030646430871,0.300780556315106,0.425783505361049,0.37636670145205,0.342468349631634,0.443396791331923,0.429726556619742,0.327898983954892,0.280216634950876,0.407704250109554,0.414014209910291,0.417130333962157,0.594904193210689,0.350397272474567,0.422090769115969,0.372168007230622,0.38442576221457,0.396542498134692,0.419073361841538,0.360311580461071,0.366360134163998,0.444137731986006,0.449993376634518,0.338506187616166,0.407274744731325,0.402085433439592,0.342269150742133,0.385963221179338,0.339821338136775,0.376466174302931,0.340061919822985,0.353024833896456,0.375857391595522,0.293529326584416,0.396518995195128,0.437046164547473,0.389878391215833,0.337889003000485,0.28789612240894,0.402236668272019,0.388765727382318,0.400268030063841,0.322974487941139,0.41332377205654,0.361254956907409,0.415973557783446,0.38326989906705,0.339203018700237,0.314790601325534,0.351338066167522,0.26637592442927,0.393679722719917,0.362388004003375,0.408859689711557,0.395376923003884,0.392391826150321,0.388889080230293,0.275649163955069,0.453942431840024,0.48938859293381,0.396027113084223,0.27632372289219,0.417570228686062,0.389374599521378,0.351794567400093,0.220533136328075,0.405391217431467,0.410554392678694,0.460904989085313,0.373143883935102,0.307367867135355,0.463646886692079,0.468873665447723,0.348756454925452,0.355370466071773,0.302219737458279,0.519976109116138,0.348600957102112,0.297037050389197,0.403231972599085,0.452485246792187,0.301040239965401,0.35132729971401,0.306782532480492,0.433828155793852,0.356271093095107,0.369631581122938,0.415669986757162,0.329425109641858,0.313930699609021,0.329564376168565,0.466483751396096
"UI12-00001-Zwergelefant",-0.293035736348293,-0.363779826783227,-0.277503228156332,-0.704475601773506,-0.340938088142394,-0.35216147931883,-0.305159207038943,-0.507647927378606,-0.346029554592894,-0.327667082813271,-0.171472296168015,-0.308226908738552,-0.314116310531376,-0.385468264422897,-0.281576241754837,-0.143473585217839,-0.305475094090602,-0.291579799024213,-0.269290136464821,-0.29642138519578,-0.190975639230035,-0.294560433319577,-0.206203447364903,-0.344418180730357,-0.307746233514298,-0.213399708053987,-0.216328688942283,-0.333836166884444,-0.30985190393474,-0.331284810078848,-0.309695646779955,-0.241249444837053,-0.343028189203799,-0.292339992386352,-0.362652409209877,-0.33145167388111,-0.272137706578551,-0.318789808693088,-0.623821532595237,-0.345352664726235,-0.21052671532482,-0.0553870749319845,-0.356051528411319,-0.341537366364563,-0.332952333094048,-0.18489048580229,-0.23966686932369,-0.312267669767122,-0.320339466702623,-0.291687337675611,-0.338302477765957,-0.275194071295417,-0.451877590531382,-0.305852444193373,-0.632772304116395,-0.3719793265192,-0.386131651898466,-0.311557975314371,-0.173856557710328,-0.320162287336141,-0.411036531589597,-0.282768553319924,-0.321549042907392,-0.249459965448243,-0.185148334315548,-0.221130258769291,-0.347416631471358,-0.057066186243031,-0.360433309741735,-0.0918999950462731,-0.49391096211288,-0.353538663807994,-0.516129434857857,-0.284728557888558,-0.350459268109967,-0.0576553560362145,-0.287548804804582,-0.331750753420844,-0.233971227660952,-0.309454515201979,-0.33897312441419,-0.103443794092654,-0.100001288877015,-0.247605665993315,-0.315573100596885,-0.264494055715575,-0.310144801462868,-0.65939956015417,-0.0302155060653385,-0.348979178073449,-0.320115260396485,-0.535953398206318,-0.357962902114815,-0.368112103761125,-0.318035210005793,-0.355950461372253,-0.283160929328812,-0.536094293009338,-0.30393767687819,-0.26688001586845
"UI12-00002-Malepartus",0.128822543777129,0.339372672959512,0.131624637516859,0.110010711696933,0.228485401739631,0.0562139998530773,0.128276286224048,0.175082431341312,0.210318674841085,0.185057519124165,0.117585416530162,0.0668674173244956,0.236673343608829,0.0879060467674229,0.273872897208636,0.182155423291788,0.193865226468744,0.164088382294867,0.0632167320466437,0.148067478439499,0.162064414583694,0.25819008978434,0.151408624499588,0.276622434553167,0.110911929259625,0.166938179839484,0.126979705519033,0.141921313378699,0.146539647187223,0.204530703507967,-0.0160812987377981,0.107830816310496,0.0234635261359456,0.14324142183363,0.205577470807379,0.308689153111672,0.0425813124671629,0.388242626718839,0.0835041670436378,0.119732560360131,0.276093451582862,0.239442470496458,0.139916947001296,0.267064328929706,0.212793327324471,0.225631061996876,0.165013051595465,0.144843929789333,0.125802862319117,0.277011238888473,0.170778135566909,0.243999359582402,0.0675058900456161,0.159566515970574,0.264693992123328,0.145517130807068,0.194420849760501,0.213673604022933,0.0722569396870997,0.2698892700928,0.234319816028623,0.193556764925993,0.242754429555395,0.282214941651084,0.215859237761181,0.248004597803207,0.32333787352046,0.0794533185494036,0.119733771674515,0.136913926803198,0.267994817438208,0.310268993062892,0.168565257550279,0.171548787506127,0.142697615946613,0.291444713498893,0.123866144921267,0.197274820026332,0.325760057644473,0.203389005385035,0.41562061604935,0.243841008108757,0.330730753558906,0.265807518401822,0.389129290721308,0.196428490799252,0.23476540179164,0.213526821954642,0.202722247811194,0.1573811814756,0.244318668298186,0.133108129062371,0.167910967200133,0.379455421067158,0.299991713209505,0.257025561508964,0.248971515933125,0.236426395770598,0.0368640360092143,0.171129643031347
